time,seconds_elapsed,z,y,x
1790267270767745000,0.0787451171875,9.052047729492188,2.3712873458862305,-2.744567632675171
1790267270784998000,0.095997802734375,7.76470947265625,2.589034080505371,-3.0723843574523926
1790267270802250500,0.11325048828125,7.977670669555664,3.012563705444336,-3.012563705444336
1790267270819503400,0.13050341796875,6.226124286651611,2.6847469806671143,-3.081955671310425
1790267270836756200,0.147756103515625,4.603790760040283,1.648654818534851,-3.689732551574707
1790267270854009000,0.165009033203125,6.733402729034424,2.4358935356140137,-8.195417404174805
1790267270871262000,0.182261962890625,7.0755767822265625,2.6057839393615723,-6.664011001586914
1790267270888514600,0.1995146484375,4.823930263519287,1.2945170402526855,-4.687539577484131
1790267270905767400,0.216767333984375,4.4961137771606445,1.0169496536254883,-4.359723091125488
1790267270923020300,0.234020263671875,7.1234331130981445,1.9645073413848877,-5.096712112426758
1790267270940273200,0.251273193359375,12.308679580688477,1.5146567821502686,-0.5168496966362
1790267270957526000,0.268526123046875,14.237295150756836,4.517649173736572,-2.258824586868286
1790267270974778600,0.285778564453125,9.32722282409668,3.7256247997283936,-3.4959139823913574
1790267270992031500,0.303031494140625,5.077569484710693,2.359323024749756,-3.2590243816375732
1790267271009284400,0.320284423828125,3.0652058124542236,2.6321048736572266,-5.886343479156494
1790267271026537200,0.337537109375,4.677968502044678,2.493321180343628,-7.558926582336426
1790267271043790000,0.3547900390625,5.867201328277588,1.196411371231079,-6.345765590667725
1790267271061043000,0.37204296875,6.556334018707275,0.9236295223236084,-5.419743061065674
1790267271078295600,0.389295654296875,6.604190349578857,0.7752745151519775,-4.357329845428467
1790267271095548400,0.40654833984375,7.877171993255615,0.9810572862625122,-1.6965112686157227
1790267271112801300,0.42380126953125,9.34157943725586,1.9908283948898315,-1.8855443000793457
1790267271130054100,0.44105419921875,9.329615592956543,1.8113667964935303,-2.5076780319213867
1790267271147307000,0.45830712890625,10.588240623474121,4.603790760040283,-2.163111686706543
1790267271164559600,0.4755595703125,10.482955932617188,5.264209747314453,-0.1459621787071228
1790267271181812500,0.4928125,11.748759269714355,5.4795637130737305,-0.8662018179893494
1790267271199065300,0.5100654296875,12.256037712097168,5.98444938659668,-0.8422735929489136
1790267271216318200,0.527318115234375,12.153145790100098,6.58265495300293,0.16510476171970367
1790267271233571000,0.544571044921875,12.282358169555664,6.819544315338135,0.7393822073936462
1790267271250824000,0.561823974609375,12.961919784545898,5.874379634857178,0.4498506486415863
1790267271268076500,0.57907666015625,12.533604621887207,4.790431022644043,0.8590233325958252
1790267271285329400,0.596329345703125,11.992827415466309,4.2209391593933105,1.825723648071289
1790267271302582300,0.613582275390625,10.626524925231934,3.218346357345581,1.7874385118484497
1790267271319835100,0.630835205078125,10.482955932617188,1.97407865524292,1.100698471069336
1790267271337088000,0.648087890625,9.956535339355469,1.435693621635437,0.8997012972831726
1790267271354340600,0.665340576171875,8.72183895111084,1.7491533756256104,1.9645073413848877
1790267271371593500,0.682593505859375,7.221538543701172,1.7611174583435059,2.651247501373291
1790267271388846300,0.699846435546875,7.915457248687744,1.8113667964935303,2.60339093208313
1790267271406099200,0.71709912109375,9.384650230407715,1.2299108505249023,2.4765713214874268
1790267271423352000,0.73435205078125,9.69093132019043,1.2849457263946533,2.311466693878174
1790267271440605000,0.75160498046875,8.793622970581055,1.2729816436767578,1.9812572002410889
1790267271457857500,0.768857421875,7.3675007820129395,2.0099709033966064,1.2586246728897095
1790267271475110400,0.7861103515625,6.845865726470947,2.447857618331909,1.9381862878799438
1790267271492363300,0.80336328125,8.023134231567383,2.280359983444214,2.6608188152313232
1790267271509616000,0.8206162109375,8.865407943725586,2.03629207611084,2.581855535507202
1790267271526869000,0.837868896484375,9.726823806762695,1.4859428405761719,2.2061824798583984
1790267271544121600,0.85512158203125,11.164910316467285,1.9262222051620483,2.9934210777282715
1790267271561374500,0.87237451171875,10.28195858001709,2.68953275680542,3.5605201721191406
1790267271578627300,0.88962744140625,8.86062240600586,3.084348440170288,2.809173822402954
1790267271595880200,0.906880126953125,8.951549530029297,2.6560330390930176,1.2203395366668701
1790267271613133000,0.924133056640625,9.578469276428223,2.2851455211639404,0.9403793215751648
1790267271630385700,0.9413857421875,9.966106414794922,1.9884356260299683,1.246660590171814
1790267271647638500,0.958638427734375,8.812766075134277,1.8759729862213135,1.093519926071167
1790267271664891400,0.975891357421875,7.791030406951904,1.672582983970642,1.373480200767517
1790267271682144300,0.993144287109375,8.204988479614258,2.1104695796966553,0.7202396392822266
1790267271699397000,1.010397216796875,8.863015174865723,1.557727575302124,1.25144624710083
1790267271716650000,1.02764990234375,9.370293617248535,0.9690931439399719,1.0145567655563354
1790267271733902600,1.044902587890625,9.734002113342285,0.8638089895248413,1.28255295753479
1790267271751155500,1.062155517578125,9.841679573059082,0.8015955686569214,2.280359983444214
1790267271768408300,1.079408203125,10.138389587402344,0.8303094506263733,2.1894326210021973
1790267271785661200,1.0966611328125,10.961520195007324,0.7034898400306702,1.94297194480896
1790267271802914000,1.1139140625,10.224531173706055,-0.20338992774486542,2.3784656524658203
1790267271820166700,1.131166748046875,9.578469276428223,-0.4378865361213684,2.1296122074127197
1790267271837419500,1.14841943359375,7.582854747772217,0.07657032459974289,0.9810572862625122
1790267271854672400,1.16567236328125,5.000999450683594,-1.4213366508483887,2.172683000564575
1790267271871925200,1.18292529296875,4.249652862548828,-2.5603201389312744,2.6727828979492188
1790267271889178000,1.20017822265625,4.237689018249512,-3.218346357345581,2.7565317153930664
1790267271906431000,1.217430908203125,2.744567632675171,-3.445664644241333,2.5387847423553467
1790267271923683600,1.23468359375,1.4452649354934692,-2.6967110633850098,2.038684844970703
1790267271940936400,1.2519365234375,0.6269195079803467,-4.878965377807617,6.561119556427002
1790267271958189300,1.269189208984375,2.9072794914245605,-3.5126636028289795,7.542177200317383
1790267271975442200,1.286442138671875,2.9288148880004883,-2.1200408935546875,9.915857315063477
1790267271992695000,1.303695068359375,1.6199408769607544,-1.3782658576965332,12.591032981872559
1790267272009947600,1.32094775390625,2.1415762901306152,2.045863389968872,12.772887229919434
1790267272027200500,1.338200439453125,2.132004976272583,1.3208380937576294,17.302499771118164
1790267272044453400,1.355453369140625,3.046063184738159,1.3902299404144287,19.444076538085938
1790267272061706200,1.372706298828125,5.424529075622559,0.17706887423992157,18.611373901367188
1790267272078959000,1.389958984375,8.927620887756348,0.4450650215148926,14.210973739624023
1790267272096212000,1.4072119140625,8.413164138793945,0.638883650302887,10.045069694519043
1790267272113464600,1.424464599609375,5.173282623291016,-0.8709874153137207,6.364908218383789
1790267272130717400,1.441717529296875,5.091926574707031,-2.2923240661621094,5.663811206817627
1790267272147970300,1.45897021484375,3.7232320308685303,-2.1439690589904785,6.192625045776367
1790267272165223200,1.47622314453125,2.806781053543091,-2.809173822402954,4.955535888671875
1790267272182476000,1.49347607421875,3.656233072280884,-4.9435715675354,4.12761926651001
1790267272199729000,1.51072900390625,4.402793884277344,-5.682953834533691,4.204189300537109
1790267272216981500,1.5279814453125,3.665804386138916,-6.680760860443115,4.575077056884766
1790267272234234400,1.545234375,2.967100143432617,-7.537391185760498,4.321437835693359
1790267272251487200,1.5624873046875,1.6295121908187866,-8.439485549926758,5.826523303985596
1790267272268740000,1.579739990234375,2.6608188152313232,-10.241280555725098,10.88016414642334
1790267272285993000,1.596992919921875,2.2612173557281494,-11.392229080200195,16.46022605895996
1790267272303245800,1.614245849609375,1.057627558708191,-6.302694797515869,17.63031768798828
1790267272320498700,1.631498779296875,-1.7826528549194336,-5.099104881286621,22.79881477355957
1790267272337751300,1.648751220703125,-2.9862427711486816,-3.483949661254883,22.327428817749023
1790267272355004200,1.666004150390625,-2.4526431560516357,-2.5674986839294434,19.06122589111328
1790267272372257000,1.683257080078125,-4.807180881500244,-1.1485549211502075,20.757736206054688
1790267272389510000,1.700510009765625,-8.367700576782227,0.20338992774486542,20.906091690063477
1790267272406762800,1.7177626953125,-10.470992088317871,0.42831525206565857,16.369298934936523
1790267272424015600,1.735015625,-7.5637125968933105,-0.6532405614852905,10.06421184539795
1790267272441268500,1.7522685546875,-3.38105845451355,-0.2991028428077698,6.553941249847412
1790267272458521000,1.76952099609375,-3.8356947898864746,0.20099709928035736,8.72901725769043
1790267272475774000,1.78677392578125,-4.4482574462890625,0.2727817893028259,7.073183536529541
1790267272493026800,1.80402685546875,-3.9912281036376953,-1.8783657550811768,0.25363919138908386
1790267272510279700,1.82127978515625,-4.761716842651367,-3.728017568588257,-2.5076780319213867
1790267272527532500,1.838532470703125,-3.1178479194641113,-4.151547431945801,3.105883836746216
1790267272544785400,1.855785400390625,-1.2969099283218384,-2.029113531112671,8.94676399230957
1790267272562038300,1.873038330078125,-2.5746772289276123,-4.185046672821045,5.115854740142822
1790267272579291100,1.890291015625,-10.171889305114746,1.454836130142212,1.459621787071228
1790267272596543700,1.907543701171875,1.4476577043533325,-5.1876397132873535,6.711867332458496
1790267272613796600,1.924796630859375,-0.4905286431312561,-1.4452649354934692,12.835101127624512
1790267272631049500,1.942049560546875,-9.023334503173828,1.9405791759490967,13.031311988830566
1790267272648302300,1.95930224609375,-8.757730484008789,1.368694543838501,8.609375953674316
1790267272665555200,1.97655517578125,-4.180261135101318,-2.6153552532196045,5.565705299377441
1790267272682808000,1.99380810546875,-6.137589931488037,-3.050848960876465,6.317051887512207
1790267272700061000,2.01106103515625,-6.455835342407227,-4.534399032592773,6.991827964782715
1790267272717313500,2.0283134765625,-4.316651821136475,-7.714460372924805,8.535198211669922
1790267272734566400,2.04556640625,-0.2871387302875519,-8.791230201721191,11.37069320678711
1790267272751819300,2.0628193359375,-0.09571290761232376,-12.799208641052246,10.329814910888672
1790267272769072000,2.080072021484375,-3.297309637069702,-11.389835357666016,10.437492370605469
1790267272786325000,2.097324951171875,-6.616154670715332,-10.116853713989258,4.972285270690918
1790267272803577900,2.114577880859375,-9.501898765563965,-5.828916072845459,3.232703447341919
1790267272820830700,2.131830810546875,-11.167303085327148,-2.837887763977051,6.221338748931885
1790267272838083600,2.14908349609375,-5.726024627685547,-3.871587038040161,6.226124286651611
1790267272855336200,2.166336181640625,-1.8616160154342651,-5.606383323669434,5.168497085571289
1790267272872589000,2.183589111328125,-0.763310432434082,-6.7621169090271,6.7310099601745605
1790267272889842000,2.200842041015625,-4.993820667266846,-4.232903480529785,9.987641334533691
1790267272907094800,2.2180947265625,-5.800201892852783,-1.3639088869094849,12.229716300964355
1790267272924347600,2.23534765625,-4.077369689941406,-0.7202396392822266,9.399007797241211
1790267272941600500,2.2526005859375,-4.146761417388916,-2.108076810836792,5.254638671875
1790267272958853400,2.269853271484375,-3.5270206928253174,-2.572284460067749,3.730410575866699
1790267272976106200,2.287106201171875,-5.917450428009033,-5.85284423828125,7.635497093200684
1790267272993358800,2.30435888671875,-9.516255378723145,-7.417750358581543,7.850851058959961
1790267273010611700,2.32161181640625,-6.417550563812256,-6.585047721862793,6.38165807723999
1790267273027864600,2.338864501953125,-3.9529430866241455,-4.761716842651367,4.864608287811279
1790267273045117400,2.356117431640625,-3.445664644241333,-4.122833251953125,5.036891460418701
1790267273062370300,2.373370361328125,-1.3160524368286133,-4.264009952545166,4.711467742919922
1790267273079623200,2.390623046875,-0.08135596662759781,-6.082555294036865,1.7587246894836426
1790267273096875800,2.407875732421875,-3.0580272674560547,-7.216753005981445,1.8065811395645142
1790267273114128600,2.425128662109375,-5.257031440734863,-8.214560508728027,3.0939197540283203
1790267273131381500,2.442381591796875,-5.13739013671875,-8.918049812316895,4.146761417388916
1790267273148634400,2.45963427734375,-3.2709884643554688,-9.279366493225098,4.577469825744629
1790267273165887200,2.47688720703125,-1.8137595653533936,-8.769695281982422,3.4121651649475098
1790267273183140000,2.49414013671875,-1.0456634759902954,-4.945964336395264,1.954936146736145
1790267273200393000,2.51139306640625,-0.8901300430297852,3.4169507026672363,1.9932212829589844
1790267273217645600,2.5286455078125,2.9862427711486816,-6.9104719161987305,4.0319061279296875
1790267273234898700,2.545898681640625,-0.8805587291717529,-9.20279598236084,3.1178479194641113
1790267273252151600,2.563151611328125,-7.3914289474487305,-10.64088249206543,1.0456634759902954
1790267273269404200,2.580404052734375,-5.431707382202148,-12.112467765808105,1.2370892763137817
1790267273286657000,2.597656982421875,3.321237802505493,-14.017154693603516,3.160918712615967
1790267273303910000,2.614909912109375,3.0005996227264404,-12.933206558227539,5.319244861602783
1790267273321162800,2.632162841796875,-2.328216314315796,-13.476377487182617,7.293323516845703
1790267273338415600,2.64941552734375,-0.9786644577980042,-14.490934371948242,7.190432071685791
1790267273355668500,2.66666845703125,-3.462414264678955,-14.031512260437012,3.8261234760284424
1790267273372921300,2.68392138671875,-3.6849467754364014,-13.383056640625,1.9022940397262573
1790267273390174000,2.701174072265625,-2.0793628692626953,-12.739387512207031,0.10767702013254166
1790267273407426800,2.7184267578125,-1.4644074440002441,-11.23908805847168,-1.3232308626174927
1790267273424679700,2.7356796875,-1.8089739084243774,-11.717652320861816,0.7752745151519775
1790267273441932500,2.7529326171875,-1.0456634759902954,-10.96869945526123,2.251646041870117
1790267273459185400,2.770185302734375,-1.1748759746551514,-8.989834785461426,2.3784656524658203
1790267273476438300,2.787438232421875,-2.3952155113220215,-7.728816986083984,4.7401814460754395
1790267273493691100,2.804691162109375,-1.0193424224853516,-8.449056625366211,5.376672267913818
1790267273510944000,2.821944091796875,0.007178467698395252,-8.520841598510742,2.641676187515259
1790267273528196900,2.83919677734375,-1.552941918373108,-9.846465110778809,2.115255117416382
1790267273545449700,2.85644970703125,-2.6009981632232666,-10.176674842834473,2.0482561588287354
1790267273562702600,2.87370263671875,-2.7565317153930664,-9.657432556152344,1.7515461444854736
1790267273579955200,2.890955078125,-2.6057839393615723,-8.685946464538574,1.887937068939209
1790267273597208000,2.9082080078125,-2.416750907897949,-8.188239097595215,2.2923240661621094
1790267273614461000,2.9254609375,-0.11724831163883209,-7.250252723693848,3.1728827953338623
1790267273631713800,2.9427138671875,0.28953152894973755,-5.580062389373779,4.18983268737793
1790267273648966700,2.959966552734375,-0.38763725757598877,-10.29153060913086,4.706682205200195
1790267273666219500,2.977219482421875,-2.455035924911499,-9.123832702636719,3.9314076900482178
1790267273683472400,2.994472412109375,-1.2897313833236694,-7.898707389831543,4.498506546020508
1790267273700725200,3.011725341796875,-1.153340458869934,-7.989634990692139,3.5509488582611084
1790267273717978000,3.02897802734375,-0.33020952343940735,-7.9250288009643555,2.9838497638702393
1790267273735231000,3.04623095703125,-2.9144580364227295,-9.585647583007812,2.3808584213256836
1790267273752483800,3.06348388671875,-0.28953152894973755,-9.791430473327637,4.089334011077881
1790267273769736700,3.08073681640625,-0.6484549641609192,-10.169496536254883,2.6368906497955322
1790267273786989300,3.0979892578125,-0.2153540402650833,-9.174081802368164,1.6965112686157227
1790267273804242400,3.115242431640625,-0.062213387340307236,-9.45164966583252,1.2035897970199585
1790267273821495300,3.132495361328125,1.0648061037063599,-10.820343971252441,1.1772687435150146
1790267273838748000,3.149747802734375,-2.321038007736206,-12.181859970092773,1.911865234375
1790267273856000800,3.167000732421875,-4.95074987411499,-13.179667472839355,-0.9212366938591003
1790267273873253600,3.184253662109375,-4.07258415222168,-12.626925468444824,-0.32303106784820557
1790267273890506500,3.201506591796875,-2.6703901290893555,-11.49512004852295,0.23449662327766418
1790267273907759400,3.21875927734375,-0.48095735907554626,-10.17428207397461,0.29431718587875366
1790267273925012200,3.23601220703125,1.0193424224853516,-8.707481384277344,2.1511476039886475
1790267273942265000,3.25326513671875,1.6414763927459717,-8.09970474243164,3.2709884643554688
1790267273959518000,3.27051806640625,-0.05024927482008934,-8.291130065917969,3.1896326541900635
1790267273976770800,3.287770751953125,0.2919243574142456,-9.533005714416504,2.2205393314361572
1790267273994023700,3.305023681640625,1.3208380937576294,-9.257830619812012,2.014756679534912
1790267274011276500,3.322276611328125,0.727418065071106,-7.386643409729004,3.94097900390625
1790267274028529400,3.339529296875,-0.8781659007072449,-7.599604606628418,3.8189449310302734
1790267274045782000,3.356781982421875,-0.4378865361213684,-8.865407943725586,3.4002010822296143
1790267274063035100,3.37403515625,0.4737788736820221,-8.693124771118164,3.538984775543213
1790267274080288000,3.3912880859375,-0.2919243574142456,-9.080761909484863,2.4335005283355713
1790267274097540900,3.408540771484375,-0.33499518036842346,-8.647661209106445,2.6177480220794678
1790267274114793500,3.42579345703125,-0.1986042857170105,-8.870193481445312,2.2851455211639404
1790267274132046600,3.443046630859375,0.363709032535553,-11.2247314453125,0.9284151792526245
1790267274149299500,3.460299560546875,-3.9840497970581055,-10.832307815551758,0.9954141974449158
1790267274166552000,3.477552001953125,-1.6007983684539795,-11.351551055908203,2.344966173171997
1790267274183805000,3.494804931640625,-0.7154539823532104,-7.606783390045166,3.1752755641937256
1790267274201057800,3.512057861328125,-0.40677985548973083,-5.718846321105957,4.895715236663818
1790267274218310700,3.529310546875,-0.7800601720809937,-6.6113691329956055,5.615954875946045
1790267274235563500,3.5465634765625,0.16271193325519562,-11.997612953186035,4.517649173736572
1790267274252816400,3.56381640625,-3.8668015003204346,-12.720245361328125,2.6608188152313232
1790267274270069200,3.5810693359375,-2.4574289321899414,-12.66042423248291,-1.6247265338897705
1790267274287322000,3.598322021484375,0.3924229145050049,-11.23190975189209,-3.0580272674560547
1790267274304575000,3.615574951171875,-0.22971096634864807,-9.32722282409668,-0.9188438653945923
1790267274321827800,3.632827880859375,-0.6556333899497986,-9.037691116333008,1.4189438819885254
1790267274339080700,3.650080810546875,-0.39481574296951294,-9.219545364379883,2.3401806354522705
1790267274356333600,3.66733349609375,-0.3445664644241333,-8.740981101989746,2.7517459392547607
1790267274373586400,3.68458642578125,-1.5481562614440918,-7.255038261413574,4.046263217926025
1790267274390839300,3.70183935546875,-2.225325107574463,-7.788637638092041,4.177868366241455
1790267274408092200,3.719092041015625,-2.7110681533813477,-9.686145782470703,3.460021495819092
1790267274425345000,3.736344970703125,-2.7565317153930664,-10.461421012878418,3.5270206928253174
1790267274442598000,3.753597900390625,-1.1318050622940063,-9.91825008392334,3.2303106784820557
1790267274459850800,3.770850830078125,-1.892722725868225,-9.253045082092285,2.9862427711486816
1790267274477103600,3.788103515625,-2.4119651317596436,-8.396414756774902,0.9308080077171326
1790267274494356500,3.8053564453125,0,-8.774480819702148,2.7589244842529297
1790267274511609300,3.822609375,0.97148597240448,-9.748359680175781,2.715853691101074
1790267274528862200,3.8398623046875,-1.3806586265563965,-9.269794464111328,2.761317253112793
1790267274546115000,3.857114990234375,-1.7467604875564575,-8.437092781066895,3.0484559535980225
1790267274563368000,3.874367919921875,-1.3639088869094849,-8.609375953674316,2.754138946533203
1790267274580620800,3.891620849609375,-1.5385849475860596,-8.874979019165039,2.730210542678833
1790267274597873700,3.908873779296875,-2.4717857837677,-8.654839515686035,2.9527430534362793
1790267274615126500,3.92612646484375,1.1581261157989502,-8.422736167907715,3.25663161277771
1790267274632379400,3.94337939453125,1.2299108505249023,-7.288537979125977,5.249852657318115
1790267274649632300,3.96063232421875,0.30628129839897156,-9.274580955505371,5.907878875732422
1790267274666885000,3.977885009765625,-4.522434711456299,-13.339985847473145,2.1367905139923096
1790267274684138000,3.995137939453125,-4.902893543243408,-9.870393753051758,1.0528420209884644
1790267274701390800,4.012390869140625,-0.7992027401924133,-6.439085960388184,2.837887763977051
1790267274718643700,4.029643798828125,2.4047868251800537,-9.030512809753418,2.438286304473877
1790267274735896600,4.046896484375,-2.2157537937164307,-11.466405868530273,2.557927370071411
1790267274753149400,4.0641494140625,-2.9790642261505127,-13.36870002746582,2.7732813358306885
1790267274770402300,4.08140234375,-1.887937068939209,-12.425928115844727,2.0482561588287354
1790267274787655200,4.0986552734375,-1.1413763761520386,-12.351750373840332,1.6342978477478027
1790267274804908000,4.115907958984375,-0.5694918036460876,-10.047462463378906,0.23210379481315613
1790267274822161000,4.133160888671875,-0.04546362906694412,-8.841479301452637,3.352344512939453
1790267274839413800,4.150413818359375,-0.8111668825149536,-9.229117393493652,3.1034910678863525
1790267274856666600,4.16766650390625,-0.7920243144035339,-8.831908226013184,2.6153552532196045
1790267274873919500,4.18491943359375,0.26560330390930176,-9.580862045288086,2.9958138465881348
1790267274891172400,4.20217236328125,-1.2897313833236694,-8.252845764160156,3.665804386138916
1790267274908425200,4.21942529296875,0.2512463629245758,-9.774680137634277,2.321038007736206
1790267274925678000,4.236677978515625,2.9072794914245605,-6.434299945831299,-0.3278166949748993
1790267274942931000,4.253930908203125,1.5290136337280273,-8.413164138793945,0.7369893789291382
1790267274960183800,4.271183837890625,0.10767702013254166,-7.6498541831970215,1.6558332443237305
1790267274977436700,4.288436767578125,-0.9810572862625122,-8.769695281982422,2.3306093215942383
1790267274994689500,4.305689453125,0.1339980661869049,-9.241081237792969,3.328416347503662
1790267275011942400,4.3229423828125,1.8544375896453857,-9.944570541381836,3.414557933807373
1790267275029195300,4.3401953125,0.02392822690308094,-9.497113227844238,4.249652862548828
1790267275046448000,4.3574482421875,-1.8089739084243774,-9.722038269042969,3.2446675300598145
1790267275063701000,4.374700927734375,-3.1585259437561035,-9.652647018432617,2.03629207611084
1790267275080953900,4.391953857421875,-2.7421748638153076,-10.088140487670898,3.5988051891326904
1790267275098206700,4.409206787109375,-1.6342978477478027,-8.772088050842285,4.1970109939575195
1790267275115459600,4.42645947265625,-0.9284151792526245,-7.6043901443481445,5.441278457641602
1790267275132712400,4.44371240234375,-0.7896314859390259,-8.717052459716797,4.541577339172363
1790267275149965300,4.46096533203125,-1.4452649354934692,-8.93240737915039,4.481756687164307
1790267275167218200,4.47821826171875,-2.122433662414551,-8.731410026550293,5.570491313934326
1790267275184471000,4.495470947265625,-2.806781053543091,-8.554341316223145,5.661418437957764
1790267275201724000,4.512723876953125,-3.2542388439178467,-8.606983184814453,5.548955917358398
1790267275218976800,4.529976806640625,-4.584648132324219,-9.899106979370117,6.003592014312744
1790267275236229600,4.547229736328125,-4.618147850036621,-13.852049827575684,2.7876384258270264
1790267275253482500,4.564482421875,-1.2538390159606934,-13.947763442993164,-2.4717857837677
1790267275270735400,4.5817353515625,1.5170495510101318,-10.224531173706055,-3.1968109607696533
1790267275287988200,4.59898828125,0.8973084688186646,-8.070990562438965,-1.581655740737915
1790267275305241000,4.616240966796875,-3.8213376998901367,-8.81515884399414,0.8350951075553894
1790267275322494000,4.633493896484375,-5.850451469421387,-9.927821159362793,3.4887354373931885
1790267275339746800,4.650746826171875,-4.524827480316162,-10.308279991149902,5.98444938659668
1790267275356999700,4.667999755859375,-3.4337005615234375,-10.191031455993652,7.255038261413574
1790267275374252500,4.68525244140625,-4.874179840087891,-10.152746200561523,5.711667537689209
1790267275391505400,4.70250537109375,-7.554141044616699,-9.635896682739258,4.429114818572998
1790267275408758300,4.71975830078125,-8.102097511291504,-10.198209762573242,5.570491313934326
1790267275426011100,4.73701123046875,-7.326822757720947,-9.667003631591797,7.463213920593262
1790267275443264000,4.754263916015625,-6.98704195022583,-8.401200294494629,8.24566650390625
1790267275460516900,4.771516845703125,-9.32004451751709,-8.087740898132324,7.331608772277832
1790267275477769700,4.788769775390625,-9.791430473327637,-8.212167739868164,7.3914289474487305
1790267275495022600,4.806022705078125,-8.571090698242188,-8.858229637145996,8.733802795410156
1790267275512275500,4.823275390625,-7.539783954620361,-8.884550094604492,9.382257461547852
1790267275529528000,4.840528076171875,-5.802595138549805,-7.88913631439209,8.250452041625977
1790267275546781200,4.85778125,-3.407379388809204,-6.735795974731445,4.809573650360107
1790267275564034000,4.875033935546875,-3.799802303314209,-6.654439926147461,1.581655740737915
1790267275581287000,4.892286865234375,-5.376672267913818,-4.53200626373291,1.9884356260299683
1790267275598539500,4.90953955078125,-5.72123908996582,-2.00518536567688,2.7182464599609375
1790267275615792600,4.926792724609375,-4.039084434509277,-1.124626636505127,2.179861545562744
1790267275633045500,4.94404541015625,-2.03629207611084,-0.02871387079358101,1.8640087842941284
1790267275650298400,4.96129833984375,-3.136990547180176,0.2225325107574463,2.3736801147460938
1790267275667551000,4.978551025390625,-4.7712883949279785,-0.7250252366065979,1.6199408769607544
1790267275684804000,4.99580419921875,-5.862415313720703,-1.0911271572113037,0.10289137065410614
1790267275702057000,5.013056884765625,-7.109076023101807,-1.337587833404541,-0.14835500717163086
1790267275719309800,5.030309814453125,-6.503692150115967,-0.9284151792526245,1.246660590171814
1790267275736562400,5.0475625,-7.637889862060547,-1.4428720474243164,2.8498518466949463
1790267275753815600,5.064815673828125,-7.506284713745117,-1.4524433612823486,5.288137912750244
1790267275771068400,5.082068359375,-6.652047157287598,-0.8087740540504456,4.855037212371826
1790267275788321000,5.099321044921875,-8.061419486999512,-0.5000999569892883,3.751945972442627
1790267275805574000,5.116573974609375,-6.809973239898682,-0.9092726111412048,3.022135019302368
1790267275822827000,5.133826904296875,-5.867201328277588,-1.404586911201477,1.8352949619293213
1790267275840080000,5.151079833984375,-5.230710506439209,-1.7324036359786987,-0.0526420995593071
1790267275857332500,5.16833251953125,-5.0703911781311035,-1.4093725681304932,0.0933200865983963
1790267275874585300,5.18558544921875,-4.804787635803223,-0.27038896083831787,0.18903298676013947
1790267275891838500,5.20283837890625,-5.635097503662109,0.8111668825149536,1.2921242713928223
1790267275909091300,5.22009130859375,-5.173282623291016,0.8949156403541565,2.132004976272583
1790267275926344000,5.237343994140625,-5.536991596221924,-0.4953143000602722,2.280359983444214
1790267275943596800,5.2545966796875,-5.434100151062012,-1.7611174583435059,2.5746772289276123
1790267275960849700,5.271849609375,-5.706881999969482,-2.6799614429473877,3.06999135017395
1790267275978102500,5.2891025390625,-6.094519138336182,-3.438486099243164,3.5748770236968994
1790267275995355400,5.30635546875,-6.092126369476318,-3.9433717727661133,3.9912281036376953
1790267276012608300,5.323608154296875,-6.482156753540039,-4.563112735748291,4.488935470581055
1790267276029861000,5.340861083984375,-6.5180487632751465,-5.307280540466309,5.163711071014404
1790267276047114000,5.358114013671875,-6.147161483764648,-6.178267955780029,5.367101192474365
1790267276064366800,5.375366943359375,-6.314659118652344,-7.137789726257324,5.709274768829346
1790267276081619700,5.39261962890625,-6.546762943267822,-7.4225358963012695,5.505885124206543
1790267276098872600,5.40987255859375,-8.542376518249512,-7.877171993255615,5.651846885681152
1790267276116125400,5.42712548828125,-8.784051895141602,-8.563912391662598,6.57547664642334
1790267276133378300,5.44437841796875,-8.197810173034668,-9.643074989318848,7.245467185974121
1790267276150631200,5.461631103515625,-8.252845764160156,-10.317851066589355,7.781459331512451
1790267276167884000,5.478884033203125,-7.860422611236572,-10.030712127685547,7.240681171417236
1790267276185137000,5.496136962890625,-7.259823799133301,-8.685946464538574,6.015556335449219
1790267276202389800,5.5133896484375,-6.309873104095459,-7.128218650817871,4.948357105255127
1790267276219642600,5.530642578125,-5.711667537689209,-5.9437713623046875,4.156332969665527
1790267276236895500,5.5478955078125,-6.32662296295166,-5.649454116821289,3.864408493041992
1790267276254148400,5.5651484375,-6.984649181365967,-6.3601226806640625,3.9529430866241455
1790267276271401200,5.582401123046875,-6.0370917320251465,-7.733603000640869,4.742574691772461
1790267276288654000,5.599654052734375,-5.587240695953369,-8.865407943725586,5.388636589050293
1790267276305907000,5.616906982421875,-5.912664890289307,-9.789037704467773,5.359922885894775
1790267276323159800,5.634159912109375,-6.075376510620117,-10.301101684570312,5.13739013671875
1790267276340412700,5.65141259765625,-6.628118515014648,-9.968499183654785,4.709074974060059
1790267276357665500,5.66866552734375,-6.893722057342529,-9.272188186645508,4.589433670043945
1790267276374918400,5.68591845703125,-6.321837425231934,-8.60459041595459,4.651647090911865
1790267276392171300,5.703171142578125,-5.886343479156494,-8.104490280151367,4.867001056671143
1790267276409510400,5.720510498046875,-5.898307800292969,-7.554141044616699,5.271388053894043
1790267276427107800,5.73810791015625,-5.8097734451293945,-6.838686943054199,5.290530681610107
1790267276444705500,5.75570556640625,-5.548955917358398,-6.551548480987549,4.984249591827393
1790267276462303000,5.773302978515625,-5.405386447906494,-6.900900363922119,4.941178798675537
1790267276479900700,5.790900634765625,-5.747560024261475,-7.530212879180908,5.197210788726807
1790267276497498400,5.808498291015625,-5.663811206817627,-8.02791976928711,5.154139995574951
1790267276515096000,5.826095947265625,-6.065805435180664,-8.09970474243164,4.749752998352051
1790267276532693800,5.84369384765625,-6.364908218383789,-8.288737297058105,4.938786029815674
1790267276550291500,5.86129150390625,-6.199803352355957,-8.382058143615723,5.024927616119385
1790267276567889200,5.87888916015625,-6.348158359527588,-8.087740898132324,4.273581027984619
1790267276585461000,5.8964609375,-7.001399040222168,-7.750352382659912,4.041477680206299
1790267276603006500,5.91400634765625,-7.704888820648193,-7.719245910644531,4.838287353515625
1790267276620552200,5.93155224609375,-7.781459331512451,-7.886743545532227,5.565705299377441
1790267276638024400,5.9490244140625,-7.494320392608643,-7.618747234344482,5.737988471984863
1790267276655277300,5.96627734375,-7.613961696624756,-7.008577346801758,5.79780912399292
1790267276672530000,5.983530029296875,-7.204789161682129,-6.498906135559082,5.623133182525635
1790267276689782500,6.000782470703125,-7.238288402557373,-6.128018856048584,5.3216376304626465
1790267276707035600,6.01803564453125,-7.781459331512451,-5.821737289428711,5.223531723022461
1790267276724288500,6.03528857421875,-11.782258987426758,-5.757131099700928,5.946164131164551
1790267276741541400,6.052541259765625,-9.190832138061523,-6.405586242675781,6.984649181365967
1790267276758794200,6.069794189453125,-7.020541667938232,-6.618547439575195,5.893522262573242
1790267276776047400,6.08704736328125,-9.229117393493652,-6.2189459800720215,5.529813289642334
1790267276793300200,6.10430029296875,-8.831908226013184,-5.97727108001709,5.034498691558838
1790267276810553000,6.121552978515625,-6.783652305603027,-5.9509501457214355,4.280759811401367
1790267276827805700,6.1388056640625,-5.838487148284912,-5.424529075622559,2.4909284114837646
1790267276845058300,6.156058349609375,-4.742574691772461,-3.460021495819092,1.1341979503631592
1790267276862311200,6.173311279296875,-3.2231321334838867,-0.8303094506263733,0.17706887423992157
1790267276879564000,6.19056396484375,-2.1774685382843018,1.0121639966964722,0.03349951654672623
1790267276896817000,6.20781689453125,-2.730210542678833,1.2346965074539185,-0.34217363595962524
1790267276914070000,6.225070068359375,-2.8977081775665283,0.6628118753433228,-0.6125625967979431
1790267276931323000,6.242322998046875,-4.01037073135376,0.3852444589138031,-0.6149554252624512
1790267276948575700,6.25957568359375,-4.364508628845215,0.6915257573127747,0.30149564146995544
1790267276965828600,6.27682861328125,-4.3788652420043945,1.0839486122131348,0.7872386574745178
1790267276983081500,6.29408154296875,-4.890929698944092,1.2945170402526855,1.1126625537872314
1790267277000334600,6.31133447265625,-5.426921844482422,0.9690931439399719,1.7132610082626343
1790267277017587500,6.32858740234375,-6.075376510620117,0.4331009089946747,1.8376877307891846
1790267277034840300,6.34584033203125,-6.183053493499756,-0.0933200865983963,2.4023938179016113
1790267277052093000,6.363093017578125,-6.56829833984375,-0.8207381963729858,2.933600664138794
1790267277069345500,6.380345458984375,-7.5565338134765625,-1.5625132322311401,3.586841106414795
1790267277086598400,6.397598388671875,-8.72901725769043,-2.0338993072509766,4.302295207977295
1790267277103851000,6.41485107421875,-9.025727272033691,-2.5292134284973145,5.223531723022461
1790267277121104000,6.432103759765625,-8.86780071258545,-3.2997024059295654,5.938985824584961
1790267277138356700,6.449356689453125,-8.874979019165039,-4.204189300537109,6.0777692794799805
1790267277155609900,6.46660986328125,-8.796015739440918,-4.859822750091553,5.292923450469971
1790267277172862700,6.48386279296875,-9.269794464111328,-5.039284706115723,4.342973232269287
1790267277190115600,6.501115478515625,-8.884550094604492,-4.756931304931641,4.194618225097656
1790267277207368400,6.518368408203125,-7.88913631439209,-4.302295207977295,4.0079779624938965
1790267277224621300,6.535621337890625,-7.015756130218506,-4.216153621673584,3.5150563716888428
1790267277241874400,6.55287451171875,-6.616154670715332,-4.3549370765686035,3.2207393646240234
1790267277259127300,6.570127197265625,-6.903293132781982,-4.587040901184082,3.263810157775879
1790267277276380200,6.587380126953125,-6.52044153213501,-4.821537494659424,3.6059837341308594
1790267277293633000,6.604633056640625,-6.565905570983887,-5.213960647583008,4.024727821350098
1790267277310886000,6.621885986328125,-6.69990348815918,-5.79780912399292,4.249652862548828
1790267277328138800,6.639138671875,-6.4319071769714355,-6.5252275466918945,4.864608287811279
1790267277345391600,6.6563916015625,-5.888736724853516,-7.133004188537598,5.38624382019043
1790267277362644200,6.673644287109375,-6.168696880340576,-7.518248558044434,5.400600910186768
1790267277379897000,6.69089697265625,-6.453442573547363,-7.197610378265381,4.893322467803955
1790267277397150000,6.70814990234375,-5.905486106872559,-6.39601469039917,4.553541660308838
1790267277414402800,6.72540283203125,-5.699703693389893,-6.041877269744873,4.481756687164307
1790267277431655700,6.74265576171875,-6.183053493499756,-6.412764549255371,4.627718925476074
1790267277448908500,6.759908447265625,-6.3840508460998535,-7.054041385650635,4.510470867156982
1790267277466161700,6.77716162109375,-6.1399827003479,-7.621140003204346,4.40757942199707
1790267277483414500,6.79441455078125,-5.7164530754089355,-8.051848411560059,4.627718925476074
1790267277500667400,6.81166748046875,-6.008377552032471,-8.420342445373535,4.898108005523682
1790267277517920300,6.828920166015625,-6.764509677886963,-8.724231719970703,5.170889854431152
1790267277535173000,6.846173095703125,-7.597211837768555,-9.150154113769531,5.407779216766357
1790267277552426000,6.863426025390625,-7.898707389831543,-9.504291534423828,5.8719868659973145
1790267277569678800,6.880678955078125,-7.946564197540283,-9.480362892150879,6.211767673492432
1790267277586931500,6.897931396484375,-7.824530124664307,-9.17886734008789,5.994020938873291
1790267277604184300,6.915184326171875,-8.47298526763916,-8.810373306274414,5.78345251083374
1790267277621437200,6.932437255859375,-8.482556343078613,-8.597412109375,6.082555294036865
1790267277638690000,6.94968994140625,-8.257631301879883,-8.638090133666992,5.936593055725098
1790267277655943000,6.96694287109375,-6.723831653594971,-8.427521705627441,5.781059741973877
1790267277673195800,6.98419580078125,-5.266602516174316,-7.427321434020996,5.01296329498291
1790267277690449000,7.001448974609375,-4.340580463409424,-6.417550563812256,4.199403762817383
1790267277707701800,7.01870166015625,-3.376272678375244,-5.515456199645996,3.177668571472168
1790267277724954400,7.035954345703125,-3.90987229347229,-5.414957523345947,3.0340991020202637
1790267277742207200,7.053207275390625,-3.160918712615967,-6.5180487632751465,3.8835511207580566
1790267277759459800,7.0704599609375,-3.9122650623321533,-7.738388538360596,4.47697114944458
1790267277776712700,7.087712646484375,-5.994020938873291,-8.851051330566406,5.635097503662109
1790267277793965600,7.104965576171875,-6.908079147338867,-10.01874828338623,6.845865726470947
1790267277811218400,7.122218505859375,-6.740581512451172,-10.451848983764648,7.152146816253662
1790267277828471600,7.139471435546875,-4.680361270904541,-9.190832138061523,6.786045074462891
1790267277845724400,7.156724365234375,-3.6442689895629883,-7.17368221282959,4.809573650360107
1790267277862977300,7.173977294921875,-2.988635540008545,-5.517848968505859,3.2590243816375732
1790267277880230100,7.191230224609375,-4.015156269073486,-4.548755645751953,2.3569302558898926
1790267277897483000,7.20848291015625,-5.056034088134766,-4.194618225097656,1.9262222051620483
1790267277914736000,7.225736083984375,-6.460621356964111,-4.804787635803223,2.2612173557281494
1790267277931989000,7.242989013671875,-6.400800704956055,-5.910272121429443,3.2279176712036133
1790267277949241600,7.26024169921875,-7.025327205657959,-7.066005229949951,4.689932346343994
1790267277966494500,7.277494384765625,-6.867401123046875,-7.9489569664001465,6.903293132781982
1790267277983747000,7.2947470703125,-6.144768714904785,-7.910671710968018,6.015556335449219
1790267278001000000,7.312,-5.86002254486084,-6.888936519622803,4.319045066833496
1790267278018252800,7.329252685546875,-5.836094379425049,-5.831308841705322,3.3882367610931396
1790267278035505700,7.346505615234375,-6.123233318328857,-4.955535888671875,2.8115665912628174
1790267278052758800,7.3637587890625,-6.6113691329956055,-4.553541660308838,2.888136863708496
1790267278070011600,7.38101171875,-7.618747234344482,-4.898108005523682,3.845266103744507
1790267278087264500,7.398264404296875,-8.865407943725586,-5.592026710510254,5.044070243835449
1790267278104517400,7.415517333984375,-8.575876235961914,-6.094519138336182,5.3312087059021
1790267278121770200,7.432770263671875,-8.228917121887207,-6.111268997192383,5.2737812995910645
1790267278139023400,7.4500234375,-8.243273735046387,-5.843272686004639,4.969892501831055
1790267278156276200,7.467276123046875,-8.58066177368164,-5.630311489105225,4.6995038986206055
1790267278173528800,7.48452880859375,-9.238688468933105,-5.271388053894043,4.488935470581055
1790267278190781700,7.50178173828125,-9.403793334960938,-4.878965377807617,4.67078971862793
1790267278208034300,7.519034423828125,-8.980263710021973,-4.649254322052002,5.221138954162598
1790267278225287200,7.536287109375,-8.762516975402832,-4.900500774383545,4.924428939819336
1790267278242540000,7.5535400390625,-7.95134973526001,-4.989035129547119,3.8045880794525146
1790267278259793000,7.57079296875,-7.252645492553711,-4.144368648529053,2.799602508544922
1790267278277046000,7.5880458984375,-7.10429048538208,-2.823530673980713,2.03629207611084
1790267278294299000,7.605298828125,-7.310073375701904,-1.6103696823120117,1.9166508913040161
1790267278311551700,7.6225517578125,-7.310073375701904,-1.2179467678070068,2.3952155113220215
1790267278328804600,7.6398046875,-6.97986364364624,-1.6295121908187866,2.3712873458862305
1790267278346057500,7.657057373046875,-6.69990348815918,-2.2755744457244873,2.1894326210021973
1790267278363310600,7.674310546875,-6.419943332672119,-2.581855535507202,1.7778671979904175
1790267278380563500,7.6915634765625,-6.489335060119629,-2.1846470832824707,1.2729816436767578
1790267278397816300,7.70881640625,-7.518248558044434,-1.5792629718780518,1.0600204467773438
1790267278415069000,7.72606884765625,-8.35573673248291,-1.428515076637268,1.5026925802230835
1790267278432321500,7.743321533203125,-7.905886173248291,-1.6534404754638672,2.1774685382843018
1790267278449574400,7.760574462890625,-6.891329288482666,-1.6151553392410278,2.3018953800201416
1790267278466827300,7.7778271484375,-6.532405853271484,-1.3112667798995972,1.8448662757873535
1790267278484080400,7.795080322265625,-6.285944938659668,0.038285162299871445,1.5337992906570435
1790267278501333200,7.812333251953125,-7.219145774841309,1.7539390325546265,1.5625132322311401
1790267278518586000,7.829586181640625,-7.81974458694458,0.7465606927871704,2.0554347038269043
1790267278535839000,7.8468388671875,-8.226524353027344,-1.2610175609588623,2.500499725341797
1790267278553091800,7.864091796875,-8.695517539978027,-2.2085752487182617,3.4672000408172607
1790267278570344700,7.8813447265625,-7.929814338684082,-2.1990039348602295,4.235296249389648
1790267278587597300,7.898597412109375,-7.211967468261719,-1.789831280708313,3.548556089401245
1790267278604850000,7.915849853515625,-7.334001541137695,-1.3471591472625732,2.4646072387695312
1790267278622103000,7.93310302734375,-7.621140003204346,-0.5814558863639832,1.7539390325546265
1790267278639356000,7.95035595703125,-6.515655994415283,0.09571290761232376,1.9214365482330322
1790267278656608800,7.96760888671875,-6.589833736419678,-0.2679961323738098,2.0506489276885986
1790267278673861600,7.984861572265625,-6.355337142944336,-1.399801254272461,2.837887763977051
1790267278691114500,8.002114501953125,-6.807580471038818,-2.4909284114837646,3.2757742404937744
1790267278708367600,8.01936767578125,-6.915257453918457,-3.201596736907959,3.964907169342041
1790267278725620500,8.036620361328126,-5.730810165405273,-3.649054527282715,4.735395908355713
1790267278742873300,8.053873291015625,-6.400800704956055,-4.261617183685303,5.350351333618164
1790267278760126200,8.071126220703125,-7.142575740814209,-5.06082010269165,5.92223596572876
1790267278777379000,8.088379150390624,-7.322037220001221,-5.79063081741333,5.737988471984863
1790267278794632000,8.1056318359375,-6.278766632080078,-6.1328043937683105,5.307280540466309
1790267278811884500,8.122884521484375,-6.0538411140441895,-6.297909259796143,4.922036170959473
1790267278829137400,8.140137451171874,-7.183253765106201,-6.434299945831299,4.977071285247803
1790267278846390300,8.157390380859376,-7.597211837768555,-6.369693756103516,4.8502516746521
1790267278863643100,8.17464306640625,-6.376872539520264,-6.226124286651611,4.572684288024902
1790267278880896000,8.19189599609375,-6.192625045776367,-6.343372821807861,4.505684852600098
1790267278898148900,8.20914892578125,-6.577869415283203,-6.728617191314697,4.7401814460754395
1790267278915401700,8.226401611328125,-7.262216567993164,-7.379465103149414,4.955535888671875
1790267278932654800,8.24365478515625,-7.168896675109863,-7.869993686676025,5.051248550415039
1790267278949907700,8.26090771484375,-7.073183536529541,-8.228917121887207,4.967499732971191
1790267278967160600,8.27816064453125,-6.948757171630859,-8.312665939331055,4.984249591827393
1790267278984413400,8.295413330078125,-6.809973239898682,-8.293522834777832,4.625326156616211
1790267279001666300,8.312666259765624,-6.25723123550415,-8.288737297058105,4.522434711456299
1790267279018919200,8.329919189453125,-5.54177713394165,-7.960920810699463,4.170690059661865
1790267279036171800,8.347171875,-5.800201892852783,-7.389036178588867,3.5461630821228027
1790267279053424600,8.364424560546874,-6.6831536293029785,-7.2813591957092285,3.4025938510894775
1790267279070677500,8.381677490234376,-6.376872539520264,-8.298309326171875,4.199403762817383
1790267279087930400,8.398930419921875,-5.544169902801514,-9.643074989318848,5.1876397132873535
1790267279105183200,8.416183349609375,-5.67338228225708,-10.06421184539795,5.630311489105225
1790267279122436000,8.43343603515625,-5.551348686218262,-9.45882797241211,5.589633464813232
1790267279139689000,8.45068896484375,-5.474778175354004,-8.82233715057373,4.807180881500244
1790267279156942000,8.467942138671875,-5.1182475090026855,-8.24566650390625,4.1970109939575195
1790267279174195000,8.48519482421875,-5.32403039932251,-7.82692289352417,3.5533416271209717
1790267279191447800,8.50244775390625,-5.898307800292969,-7.537391185760498,3.304488182067871
1790267279208700700,8.51970068359375,-6.355337142944336,-7.728816986083984,4.108476638793945
1790267279225953500,8.53695361328125,-6.422336101531982,-8.286344528198242,4.7234320640563965
1790267279243206400,8.554206298828126,-5.910272121429443,-8.360522270202637,4.0558342933654785
1790267279260459000,8.571458984375,-5.61116886138916,-7.905886173248291,3.311666488647461
1790267279277712000,8.5887119140625,-5.388636589050293,-7.714460372924805,3.19441819190979
1790267279294964700,8.60596484375,-5.0943193435668945,-8.0350980758667,3.6442689895629883
1790267279312217600,8.623217529296875,-4.761716842651367,-8.336593627929688,4.060619831085205
1790267279329470500,8.640470458984375,-4.790431022644043,-8.391629219055176,4.182653903961182
1790267279346723300,8.657723388671876,-5.529813289642334,-8.410771369934082,4.168296813964844
1790267279363976200,8.67497607421875,-6.178267955780029,-8.518448829650879,4.551148891448975
1790267279381229300,8.692229248046875,-6.297909259796143,-8.554341316223145,5.410171985626221
1790267279398482200,8.709482177734374,-6.300302028656006,-8.226524353027344,6.175875186920166
1790267279415735000,8.726735107421876,-6.034698486328125,-7.613961696624756,5.893522262573242
1790267279432988000,8.74398779296875,-5.850451469421387,-6.8554368019104,5.422136306762695
1790267279450240800,8.76124072265625,-6.113661766052246,-6.379265308380127,4.941178798675537
1790267279467493600,8.77849365234375,-6.8865437507629395,-6.3840508460998535,4.429114818572998
1790267279484746200,8.795746337890625,-7.058826923370361,-7.29093074798584,4.591826438903809
1790267279501999000,8.8129990234375,-5.974878311157227,-7.77188777923584,5.429314613342285
1790267279519252000,8.830251953125,-6.697510719299316,-7.70249605178833,5.6685967445373535
1790267279536504800,8.8475048828125,-6.577869415283203,-7.671389579772949,5.467599868774414
1790267279553757700,8.8647578125,-5.556134223937988,-7.015756130218506,4.7712883949279785
1790267279571010600,8.882010498046874,-5.319244861602783,-5.697310924530029,4.120440483093262
1790267279588263400,8.899263427734375,-5.491528034210205,-4.656432628631592,3.8811583518981934
1790267279605516500,8.9165166015625,-6.010770320892334,-4.4721856117248535,3.7232320308685303
1790267279622769400,8.933769287109374,-6.16391134262085,-4.754538536071777,3.728017568588257
1790267279640022300,8.951022216796876,-6.300302028656006,-4.948357105255127,3.562912940979004
1790267279657275100,8.968275146484375,-6.757331371307373,-4.651647090911865,3.153740167617798
1790267279674528000,8.985528076171875,-7.63310432434082,-4.000799655914307,3.3164522647857666
1790267279691780600,9.002780517578126,-8.097311973571777,-3.5437703132629395,4.024727821350098
1790267279709033500,9.020033447265625,-8.516056060791016,-3.864408493041992,4.677968502044678
1790267279726286300,9.037286376953125,-8.169096946716309,-4.555934429168701,5.5106706619262695
1790267279743539200,9.054539306640624,-7.922635555267334,-4.864608287811279,5.78345251083374
1790267279760792000,9.0717919921875,-7.546962738037109,-4.718646049499512,5.328815937042236
1790267279778045200,9.089045166015625,-6.57547664642334,-4.240081787109375,3.9792640209198
1790267279795298000,9.106298095703124,-6.515655994415283,-3.3858439922332764,3.0269205570220947
1790267279812551000,9.123551025390626,-7.331608772277832,-2.7014968395233154,2.825923442840576
1790267279829803800,9.1408037109375,-7.566105365753174,-2.038684844970703,2.63449764251709
1790267279847056600,9.158056640625,-6.340980052947998,-1.526620864868164,1.3806586265563965
1790267279864309800,9.175309814453126,-5.8719868659973145,-0.9355936646461487,0.5000999569892883
1790267279881562400,9.192562255859375,-7.3292155265808105,-0.2153540402650833,0.16271193325519562
1790267279898815000,9.20981494140625,-6.534798622131348,-0.2105683982372284,0.6580262184143066
1790267279916067800,9.22706787109375,-7.135396957397461,-0.6149554252624512,1.8041882514953613
1790267279933320700,9.24432080078125,-6.996613502502441,-1.28255295753479,2.6297121047973633
1790267279950573600,9.261573486328125,-8.178668022155762,-1.7012969255447388,2.6608188152313232
1790267279967826400,9.278826416015624,-7.759923934936523,-1.9525432586669922,3.263810157775879
1790267279985079300,9.296079345703125,-7.8317084312438965,-2.124826431274414,4.237689018249512
1790267280002332400,9.31333251953125,-7.467999458312988,-1.7467604875564575,3.957728624343872
1790267280019585300,9.330585205078124,-7.592426300048828,-1.098305583000183,3.5509488582611084
1790267280036838100,9.347838134765626,-6.908079147338867,-0.914058268070221,2.9623143672943115
1790267280054091000,9.365091064453125,-5.955735683441162,-1.0408778190612793,2.4741785526275635
1790267280071344000,9.38234423828125,-6.075376510620117,-1.0265209674835205,1.734796404838562
1790267280088597000,9.399596923828126,-6.97268533706665,-0.9475577473640442,1.6941183805465698
1790267280105849600,9.416849609375,-6.376872539520264,-1.1509476900100708,2.0171494483947754
1790267280123102500,9.4341025390625,-6.321837425231934,-1.576870083808899,2.5674986839294434
1790267280140355000,9.45135498046875,-6.8554368019104,-2.1655044555664062,3.342773199081421
1790267280157608000,9.46860791015625,-7.058826923370361,-2.63449764251709,3.838087558746338
1790267280174860800,9.48586083984375,-6.943971157073975,-2.888136863708496,4.2831525802612305
1790267280192113700,9.50311376953125,-6.745367050170898,-3.115455150604248,4.776073932647705
1790267280209366800,9.52036669921875,-7.377072334289551,-3.562912940979004,5.048855781555176
1790267280226619600,9.53761962890625,-7.226324558258057,-4.369294166564941,5.19960355758667
1790267280243872500,9.55487255859375,-7.283751964569092,-5.402993679046631,5.257031440734863
1790267280261125400,9.57212548828125,-7.917850017547607,-6.419943332672119,5.3694939613342285
1790267280278378200,9.589378173828125,-7.417750358581543,-7.118647575378418,5.508277893066406
1790267280295631400,9.60663134765625,-6.56829833984375,-7.223931789398193,5.01296329498291
1790267280312884200,9.62388427734375,-6.788437843322754,-7.032505512237549,4.759324073791504
1790267280330136800,9.64113671875,-6.570691108703613,-6.546762943267822,4.864608287811279
1790267280347389700,9.6583896484375,-6.39601469039917,-5.84566593170166,4.811966419219971
1790267280364642300,9.675642333984374,-5.759523868560791,-5.429314613342285,4.563112735748291
1790267280381895200,9.692895263671875,-5.867201328277588,-5.927021503448486,4.761716842651367
1790267280399148000,9.71014794921875,-5.733202934265137,-7.09711217880249,5.843272686004639
1790267280416401000,9.72740087890625,-5.663811206817627,-8.257631301879883,5.828916072845459
1790267280433654000,9.744654052734376,-6.302694797515869,-9.477970123291016,6.032305717468262
1790267280450907000,9.761906982421875,-5.9437713623046875,-9.614361763000488,4.393222332000732
1790267280468159700,9.77915966796875,-5.986842155456543,-10.85862922668457,5.709274768829346
1790267280485412600,9.79641259765625,-6.671189308166504,-11.251051902770996,5.98444938659668
1790267280502665500,9.81366552734375,-6.245266914367676,-10.650453567504883,5.4867424964904785
1790267280519918600,9.830918701171875,-5.769095420837402,-9.58325481414795,5.434100151062012
1790267280537171500,9.84817138671875,-5.5034918785095215,-8.528019905090332,5.19242525100708
1790267280554424000,9.865424072265625,-5.144568920135498,-7.728816986083984,4.730610370635986
1790267280571677000,9.882677001953125,-5.757131099700928,-8.157132148742676,4.890929698944092
1790267280588929500,9.899929443359374,-5.5728840827941895,-9.518648147583008,5.489135265350342
1790267280606182400,9.917182373046876,-5.103890895843506,-10.238887786865234,5.489135265350342
1790267280623435300,9.934435302734375,-5.087141036987305,-9.619147300720215,4.855037212371826
1790267280640688000,9.951688232421875,-6.302694797515869,-8.726624488830566,4.070191383361816
1790267280657941200,9.968941162109376,-5.637490272521973,-8.523234367370605,4.646861553192139
1790267280675194000,9.986194091796875,-5.182853698730469,-8.719446182250977,4.455435752868652
1790267280692447000,10.003447021484375,-4.716253280639648,-8.882157325744629,4.381258487701416
1790267280709699800,10.020699951171874,-4.417150497436523,-8.554341316223145,4.73300313949585
1790267280726952700,10.03795263671875,-3.957728624343872,-8.054241180419922,4.632504463195801
1790267280744205800,10.055205810546875,-4.077369689941406,-8.090133666992188,4.54636287689209
1790267280761458700,10.072458740234374,-5.015356063842773,-9.001798629760742,4.610969066619873
1790267280778711300,10.089711181640626,-5.520241737365723,-10.217352867126465,4.917250633239746
1790267280795964200,10.106964111328125,-4.922036170959473,-10.310672760009766,4.486542224884033
1790267280813216800,10.124216796875,-5.599205017089844,-9.193224906921387,3.651447296142578
1790267280830469600,10.1414697265625,-8.015955924987793,-8.549555778503418,4.07258415222168
1790267280847722500,10.158722412109375,-8.930013656616211,-8.922835350036621,5.613562107086182
1790267280864975400,10.175975341796875,-6.049055576324463,-8.951549530029297,5.936593055725098
1790267280882228500,10.193228515625,-4.342973232269287,-7.944170951843262,4.144368648529053
1790267280899481300,10.2104814453125,-4.981856822967529,-6.951149940490723,3.7184464931488037
1790267280916734200,10.227734130859375,-5.795416355133057,-6.075376510620117,4.187439441680908
1790267280933987000,10.244987060546874,-5.355136871337891,-5.103890895843506,4.713860511779785
1790267280951240000,10.262239990234375,-5.352744102478027,-4.505684852600098,4.66361141204834
1790267280968493000,10.2794931640625,-7.051648139953613,-4.610969066619873,5.312066078186035
1790267280985746000,10.296745849609374,-7.968099594116211,-5.737988471984863,6.9104719161987305
1790267281002998500,10.31399853515625,-6.91765022277832,-7.082755088806152,7.542177200317383
1790267281020251400,10.33125146484375,-7.731209754943848,-7.762316703796387,7.642675399780273
1790267281037504000,10.34850390625,-8.051848411560059,-8.307880401611328,7.635497093200684
1790267281054756900,10.3657568359375,-6.726224422454834,-7.781459331512451,7.044469833374023
1790267281072009700,10.383009765625,-5.302495002746582,-5.893522262573242,5.630311489105225
1790267281089262600,10.4002626953125,-4.388436794281006,-4.292723655700684,3.8739798069000244
1790267281106515700,10.417515625,-5.814558982849121,-3.105883836746216,2.4023938179016113
1790267281123768600,10.4347685546875,-5.398207664489746,-2.4430718421936035,1.6917256116867065
1790267281141021400,10.452021484375,-5.017749309539795,-1.832902193069458,1.9573289155960083
1790267281158274300,10.4692744140625,-5.910272121429443,-1.8687944412231445,1.7922241687774658
1790267281175527200,10.486527099609376,-7.762316703796387,-2.4526431560516357,2.1296122074127197
1790267281192780300,10.5037802734375,-7.302894592285156,-2.9048867225646973,2.644068956375122
1790267281210033200,10.521033203125,-7.197610378265381,-2.4023938179016113,3.2590243816375732
1790267281227285800,10.53828564453125,-8.116454124450684,-2.2683959007263184,3.900300979614258
1790267281244538600,10.55553857421875,-8.475378036499023,-2.4837498664855957,3.4672000408172607
1790267281261791200,10.572791259765625,-7.994420528411865,-2.888136863708496,2.8043880462646484
1790267281279044000,10.590044189453126,-7.8317084312438965,-3.0867412090301514,2.8594231605529785
1790267281296297000,10.607296875,-7.436892986297607,-2.287538528442383,2.8139593601226807
1790267281313549800,10.6245498046875,-7.379465103149414,-1.734796404838562,2.0482561588287354
1790267281330803000,10.641802978515624,-6.4510498046875,-1.4739787578582764,1.3184453248977661
1790267281348055800,10.659055908203126,-5.647061347961426,-0.8949156403541565,1.2921242713928223
1790267281365308700,10.67630859375,-5.008177757263184,0.4307080805301666,1.4691931009292603
1790267281382561500,10.6935615234375,-4.668396949768066,0.5694918036460876,1.2323036193847656
1790267281399814400,10.710814453125,-5.2283172607421875,-0.1698904037475586,1.373480200767517
1790267281417067500,10.728067626953125,-6.580262184143066,-0.4043870270252228,1.4883357286453247
1790267281434320400,10.7453203125,-7.161718368530273,-0.4618147611618042,2.5435705184936523
1790267281451573000,10.762572998046876,-6.738188743591309,-1.1437692642211914,3.2757742404937744
1790267281468826000,10.779826171875,-8.049455642700195,-1.552941918373108,3.452843189239502
1790267281486079000,10.797078857421875,-8.767302513122559,-1.8352949619293213,3.759124279022217
1790267281503331800,10.814331787109374,-8.149953842163086,-2.50289249420166,3.9864425659179688
1790267281520584400,10.83158447265625,-6.565905570983887,-3.201596736907959,3.924229145050049
1790267281537837600,10.848837646484375,-6.527620315551758,-3.730410575866699,4.359723091125488
1790267281555090400,10.86609033203125,-6.640082836151123,-3.981656789779663,4.311866283416748
1790267281572343300,10.88334326171875,-5.821737289428711,-4.0797624588012695,3.6634113788604736
1790267281589596000,10.900595947265625,-5.173282623291016,-3.689732551574707,2.9048867225646973
1790267281606849000,10.91784912109375,-7.245467185974121,-3.1345977783203125,3.510270833969116
1790267281624102000,10.935101806640626,-8.003992080688477,-3.050848960876465,4.783252239227295
1790267281641354800,10.952354736328125,-6.774080753326416,-3.88594388961792,5.190032482147217
1790267281658607400,10.969607421875,-6.7621169090271,-5.5968122482299805,6.130411624908447
1790267281675860500,10.986860595703124,-8.597412109375,-8.118846893310547,6.829115867614746
1790267281693113300,11.00411328125,-8.331808090209961,-10.712666511535645,7.09711217880249
1790267281710366200,11.0213662109375,-7.1473612785339355,-11.767901420593262,5.936593055725098
1790267281727618800,11.038618896484374,-6.766902446746826,-10.937592506408691,5.556134223937988
1790267281744872000,11.055871826171876,-6.649653911590576,-8.824729919433594,4.922036170959473
1790267281762124800,11.073124755859375,-5.501099109649658,-6.857829570770264,4.053441524505615
1790267281779377700,11.090377685546875,-4.721039295196533,-5.38624382019043,3.3020951747894287
1790267281796630300,11.10763037109375,-5.2737812995910645,-4.575077056884766,3.2925238609313965
1790267281813883400,11.12488330078125,-5.4867424964904785,-4.780859470367432,4.599005222320557
1790267281831136300,11.14213623046875,-6.4510498046875,-6.833901405334473,5.886343479156494
1790267281848389000,11.15938916015625,-6.307480335235596,-9.951749801635742,7.003791809082031
1790267281865641700,11.176641845703125,-5.793023586273193,-12.602996826171875,7.499105930328369
1790267281882894800,11.193894775390625,-5.78345251083374,-13.01934814453125,7.144968509674072
1790267281900147700,11.211147705078124,-6.269195556640625,-11.298908233642578,6.300302028656006
1790267281917400600,11.228400634765626,-6.853044033050537,-9.762716293334961,5.029713153839111
1790267281934653200,11.245653076171875,-5.706881999969482,-9.09990406036377,4.390829563140869
1790267281951906300,11.26290625,-4.9292144775390625,-8.999405860900879,4.180261135101318
1790267281969159200,11.2801591796875,-4.816751956939697,-8.432307243347168,3.4432718753814697
1790267281986412000,11.297412109375,-4.661218643188477,-7.341179847717285,2.4837498664855957
1790267282003664600,11.31466455078125,-4.680361270904541,-6.173482418060303,2.3162522315979004
1790267282020917800,11.331917724609376,-4.783252239227295,-5.936593055725098,2.871387243270874
1790267282038170600,11.349170654296875,-5.697310924530029,-7.403393268585205,3.9074792861938477
1790267282055423200,11.36642333984375,-6.092126369476318,-9.286544799804688,4.5200419425964355
1790267282072676000,11.383676025390624,-5.465207099914551,-10.061819076538086,3.8835511207580566
1790267282089929200,11.40092919921875,-6.369693756103516,-9.839286804199219,2.943171739578247
1790267282107182000,11.41818212890625,-7.183253765106201,-9.8871431350708,3.2997024059295654
1790267282124434700,11.4354345703125,-5.8719868659973145,-9.999606132507324,4.811966419219971
1790267282141687600,11.4526875,-5.115854740142822,-9.554540634155273,4.981856822967529
1790267282158940700,11.469940673828125,-6.008377552032471,-8.901300430297852,4.692325115203857
1790267282176193500,11.487193603515625,-5.477170944213867,-8.408378601074219,4.917250633239746
1790267282193446100,11.504446044921876,-4.859822750091553,-7.6474609375,4.7401814460754395
1790267282210699000,11.521698974609375,-6.441478729248047,-7.039684295654297,5.051248550415039
1790267282227952000,11.5389521484375,-7.671389579772949,-7.494320392608643,6.503692150115967
1790267282245205000,11.556205078125,-5.623133182525635,-7.95134973526001,7.2335028648376465
1790267282262457600,11.57345751953125,-5.546562671661377,-7.094718933105469,6.563512325286865
1790267282279710500,11.59071044921875,-7.252645492553711,-6.455835342407227,6.5491557121276855
1790267282296963600,11.607963623046874,-7.616354465484619,-7.039684295654297,7.054041385650635
1790267282314216400,11.625216552734376,-6.214160442352295,-7.568498134613037,6.281159400939941
1790267282331469000,11.642468994140625,-6.1950178146362305,-6.891329288482666,4.934000492095947
1790267282348722000,11.659721923828124,-7.176074981689453,-6.099305152893066,4.244867324829102
1790267282365975000,11.67697509765625,-7.714460372924805,-6.211767673492432,4.761716842651367
1790267282383228000,11.694227783203125,-7.372286796569824,-6.190232276916504,5.0464630126953125
1790267282400480500,11.71148046875,-7.953742504119873,-5.472385406494141,5.06082010269165
1790267282417733400,11.7287333984375,-7.3746795654296875,-4.694717884063721,4.886143684387207
1790267282434986500,11.745986572265625,-6.960721015930176,-4.086941242218018,4.376472473144531
1790267282452239000,11.763239013671875,-7.156932353973389,-3.8739798069000244,3.7016966342926025
1790267282469492000,11.780491943359374,-5.960521221160889,-3.8883368968963623,3.4265220165252686
1790267282486744800,11.797744873046875,-5.881557941436768,-3.510270833969116,2.878565549850464
1790267282503998000,11.814998046875,-6.807580471038818,-2.912065267562866,2.5076780319213867
1790267282521250600,11.83225048828125,-6.496513366699219,-3.1824541091918945,2.3808584213256836
1790267282538503400,11.84950341796875,-5.747560024261475,-2.5914268493652344,3.10109806060791
1790267282555756300,11.86675634765625,-6.872186660766602,-2.794816732406616,2.792423963546753
1790267282573009400,11.884009521484375,-8.0350980758667,-1.8711873292922974,2.108076810836792
1790267282590262000,11.901261962890626,-7.070790767669678,-1.0791629552841187,2.5052852630615234
1790267282607515000,11.918514892578125,-7.489534854888916,-1.2370892763137817,2.6847469806671143
1790267282624767700,11.935767822265625,-7.846065521240234,-1.6342978477478027,2.6727828979492188
1790267282642020900,11.953020751953124,-6.599404811859131,-0.9475577473640442,1.9884356260299683
1790267282659273500,11.9702734375,-6.467799663543701,-0.3517449200153351,1.2251251935958862
1790267282676526300,11.9875263671875,-5.72123908996582,-0.05024927482008934,0.9116654396057129
1790267282693779200,12.004779296875,-4.694717884063721,0.5862415432929993,0.7489534616470337
1790267282711032000,12.022031982421876,-5.651846885681152,1.1341979503631592,1.1078768968582153
1790267282728285000,12.039284912109375,-5.627918720245361,0.9068797826766968,1.8305093050003052
1790267282745537800,12.056537841796874,-5.675775527954102,0.22013968229293823,2.9838497638702393
1790267282762790700,12.073790771484376,-5.639883041381836,-0.6628118753433228,3.0029923915863037
1790267282780043500,12.09104345703125,-6.764509677886963,-1.2299108505249023,3.404986619949341
1790267282797296400,12.10829638671875,-6.156732559204102,-1.6151553392410278,3.704089403152466
1790267282814549200,12.12554931640625,-7.2813591957092285,-1.9621145725250244,4.252045631408691
1790267282831802000,12.142802001953125,-6.553941249847412,-2.4191436767578125,4.934000492095947
1790267282849055000,12.160054931640625,-6.333801746368408,-2.9048867225646973,4.728217601776123
1790267282866307800,12.177307861328124,-6.695117950439453,-3.19441819190979,5.029713153839111
1790267282883560700,12.194560791015626,-6.240481376647949,-3.31884503364563,5.084748268127441
1790267282900813600,12.2118134765625,-5.819344520568848,-3.3475589752197266,4.811966419219971
1790267282918066400,12.22906640625,-6.558726787567139,-3.806980848312378,4.4961137771606445
1790267282935319300,12.2463193359375,-6.3361945152282715,-4.393222332000732,4.522434711456299
1790267282952572200,12.263572265625,-6.3529438972473145,-4.8502516746521,4.642076015472412
1790267282969825000,12.280824951171875,-6.348158359527588,-5.498706340789795,4.838287353515625
1790267282987078000,12.298077880859376,-7.338787078857422,-6.333801746368408,4.680361270904541
1790267283004330800,12.315330810546875,-7.018148899078369,-7.09711217880249,4.797609329223633
1790267283021583600,12.33258349609375,-8.176275253295898,-7.786244869232178,4.680361270904541
1790267283038836500,12.34983642578125,-8.233702659606934,-7.984848976135254,4.704289436340332
1790267283056089300,12.36708935546875,-7.11146879196167,-8.21695327758789,4.223331928253174
1790267283073342200,12.38434228515625,-6.752545356750488,-8.394021987915039,4.2592244148254395
1790267283090595000,12.401594970703124,-7.1162543296813965,-8.695517539978027,4.120440483093262
1790267283107848000,12.418847900390626,-7.087540626525879,-8.870193481445312,3.775874137878418
1790267283125100800,12.436100830078125,-6.463014125823975,-9.162117958068848,4.285545349121094
1790267283142353700,12.453353759765625,-6.175875186920166,-9.628718376159668,5.0464630126953125
1790267283159606500,12.4706064453125,-5.936593055725098,-10.090533256530762,5.649454116821289
1790267283176859400,12.487859375,-5.1804609298706055,-10.112068176269531,5.900700569152832
1790267283194112300,12.5051123046875,-4.7234320640563965,-9.42054271697998,5.781059741973877
1790267283211365000,12.522365234375,-5.161318302154541,-8.47298526763916,5.410171985626221
1790267283228618000,12.539617919921875,-5.407779216766357,-7.5637125968933105,4.957928657531738
1790267283245870800,12.556870849609375,-5.546562671661377,-7.3292155265808105,4.768895626068115
1790267283263123700,12.574123779296874,-5.493920803070068,-7.88913631439209,4.692325115203857
1790267283280376300,12.591376220703125,-5.405386447906494,-8.523234367370605,4.256831645965576
1790267283297629400,12.60862939453125,-5.891129493713379,-8.791230201721191,3.840480327606201
1790267283314882300,12.62588232421875,-6.293123722076416,-9.06401252746582,4.512863636016846
1790267283332135200,12.64313525390625,-5.98444938659668,-9.729216575622559,4.972285270690918
1790267283349387800,12.6603876953125,-5.441278457641602,-10.494919776916504,4.125226020812988
1790267283366641000,12.677640869140625,-4.977071285247803,-10.325029373168945,3.570091485977173
1790267283383893800,12.694893798828126,-5.5106706619262695,-9.166903495788574,3.78544545173645
1790267283401146600,12.712146728515625,-5.989234924316406,-8.204988479614258,4.567898273468018
1790267283418399200,12.729399169921875,-5.163711071014404,-7.908278942108154,5.254638671875
1790267283435652400,12.74665234375,-4.230510234832764,-7.8795647621154785,5.429314613342285
1790267283452905200,12.7639052734375,-5.20678186416626,-7.786244869232178,5.314459323883057
1790267283470157800,12.78115771484375,-5.381458282470703,-7.448856830596924,5.398207664489746
1790267283487410700,12.79841064453125,-5.529813289642334,-6.941578388214111,5.876772403717041
1790267283504663800,12.815663818359376,-6.632904529571533,-6.860222339630127,6.685546398162842
1790267283521916700,12.832916748046875,-6.386443614959717,-7.920242786407471,7.381857872009277
1790267283539169300,12.850169189453124,-4.541577339172363,-8.831908226013184,6.774080753326416
1790267283556422100,12.867422119140626,-5.091926574707031,-8.075776100158691,5.484349727630615
1790267283573675300,12.88467529296875,-6.69990348815918,-6.991827964782715,5.5034918785095215
1790267283590928000,12.901927978515625,-6.884150981903076,-6.9583282470703125,6.206982135772705
1790267283608180700,12.9191806640625,-7.487142086029053,-7.223931789398193,6.546762943267822
1790267283625433600,12.93643359375,-6.482156753540039,-7.051648139953613,6.142375946044922
1790267283642686700,12.953686767578125,-4.6372904777526855,-6.0610198974609375,4.926821708679199
1790267283659939300,12.970939208984374,-5.338387489318848,-4.895715236663818,4.5583271980285645
1790267283677192200,12.988192138671875,-7.810173034667969,-4.584648132324219,4.474578380584717
1790267283694445000,13.005445068359375,-7.798209190368652,-5.000999450683594,4.60857629776001
1790267283711698000,13.022697998046874,-5.831308841705322,-4.981856822967529,4.807180881500244
1790267283728950800,13.03995068359375,-7.077969551086426,-4.163511276245117,4.7952165603637695
1790267283746203600,13.05720361328125,-8.353343963623047,-4.175475597381592,4.831109046936035
1790267283763456500,13.07445654296875,-7.36032247543335,-4.563112735748291,4.6540398597717285
1790267283780709400,13.09170947265625,-6.781259536743164,-4.570291042327881,4.000799655914307
1790267283797962200,13.108962158203125,-6.965506553649902,-4.242474555969238,3.675375461578369
1790267283815215000,13.126215087890625,-6.405586242675781,-3.7974095344543457,3.1513473987579346
1790267283832468000,13.143468017578124,-5.924628734588623,-3.146561861038208,2.6967110633850098
1790267283849720800,13.160720947265625,-6.850651264190674,-2.9144580364227295,2.201396942138672
1790267283866973700,13.1779736328125,-6.6831536293029785,-2.4023938179016113,2.091326951980591
1790267283884226600,13.1952265625,-6.154339790344238,-1.6366907358169556,2.053041934967041
1790267283901479400,13.2124794921875,-6.975078105926514,-1.2442678213119507,2.1511476039886475
1790267283918732300,13.229732177734375,-5.735595703125,-1.2275179624557495,2.0243279933929443
1790267283935985200,13.246985107421875,-5.874379634857178,-1.0671988725662231,1.9692929983139038
1790267283953237800,13.26423779296875,-6.534798622131348,-0.42352959513664246,1.1653046607971191
1790267283970491000,13.281490966796875,-7.295716285705566,0.22013968229293823,1.306481122970581
1790267283987743700,13.29874365234375,-7.4225358963012695,0.22971096634864807,1.954936146736145
1790267284004996600,13.31599658203125,-5.625525951385498,-0.1579262912273407,1.7994025945663452
1790267284022249200,13.333249267578125,-6.666403770446777,-0.004785645287483931,1.3351950645446777
1790267284039502300,13.35050244140625,-6.151947021484375,-0.3086741268634796,2.1918256282806396
1790267284056755200,13.367755126953124,-6.853044033050537,-1.31365966796875,3.2614171504974365
1790267284074008000,13.385008056640626,-6.305087566375732,-2.0171494483947754,3.421736478805542
1790267284091433200,13.40243310546875,-6.3122663497924805,-1.856830358505249,2.8498518466949463
1790267284109030700,13.42003076171875,-6.673582553863525,-1.5098711252212524,2.785245656967163
1790267284126628600,13.437628662109375,-6.546762943267822,-1.3040883541107178,3.187239646911621
1790267284144226300,13.455226318359376,-6.563512325286865,-1.545763373374939,3.3643085956573486
1790267284161824000,13.472823974609375,-6.534798622131348,-2.297109842300415,3.9194436073303223
1790267284179421700,13.490421630859375,-5.173282623291016,-3.0628130435943604,3.8572301864624023
1790267284197019400,13.508019287109375,-5.864808082580566,-3.5916268825531006,3.996013879776001
1790267284214617300,13.525617431640624,-7.082755088806152,-3.761517286300659,4.591826438903809
1790267284232215000,13.543215087890625,-7.968099594116211,-3.9672999382019043,5.1182475090026855
1790267284249812700,13.560812744140625,-6.963113784790039,-4.4243292808532715,5.371886730194092
1790267284267410400,13.578410400390625,-6.589833736419678,-5.1182475090026855,5.536991596221924
1790267284285008100,13.596008056640626,-6.829115867614746,-5.876772403717041,5.85284423828125
1790267284302520800,13.613520751953125,-7.278966426849365,-6.704689025878906,5.79063081741333
1790267284319861000,13.630861083984374,-7.530212879180908,-7.192824840545654,5.292923450469971
1790267284337114000,13.648114013671876,-7.884350776672363,-7.176074981689453,5.438885688781738
1790267284354367000,13.665366943359375,-6.070590972900391,-7.231110095977783,5.441278457641602
1790267284371619800,13.682619873046875,-5.769095420837402,-7.523034572601318,5.230710506439209
1790267284388872400,13.69987255859375,-5.67338228225708,-7.759923934936523,4.907679080963135
1790267284406125600,13.71712548828125,-6.151947021484375,-7.922635555267334,4.871787071228027
1790267284423378200,13.734378173828125,-6.558726787567139,-8.140382766723633,5.352744102478027
1790267284440631000,13.751631103515624,-6.752545356750488,-8.571090698242188,5.4867424964904785
1790267284457884000,13.7688837890625,-5.529813289642334,-9.052047729492188,5.764309883117676
1790267284475137000,13.786136962890625,-5.154139995574951,-9.432506561279297,5.953342914581299
1790267284492389600,13.8033896484375,-5.484349727630615,-9.260223388671875,6.149554252624512
1790267284509642500,13.820642578125,-5.72123908996582,-8.657232284545898,6.0849480628967285
1790267284526895400,13.837895263671875,-5.91505765914917,-8.425128936767578,5.781059741973877
1790267284544148200,13.855148193359375,-5.039284706115723,-8.566305160522461,5.458028316497803
1790267284561401000,13.872401123046876,-4.802394866943359,-8.537590980529785,4.778466701507568
1790267284578654000,13.889654052734375,-5.362315654754639,-8.468199729919434,4.275974273681641
1790267284595906800,13.90690673828125,-6.2428741455078125,-8.669196128845215,4.125226020812988
1790267284613159700,13.92415966796875,-6.434299945831299,-9.06401252746582,4.144368648529053
1790267284630412500,13.94141259765625,-5.927021503448486,-9.152546882629395,4.8191447257995605
1790267284647665400,13.95866552734375,-5.795416355133057,-8.776873588562012,4.9124650955200195
1790267284664918300,13.975918212890624,-5.161318302154541,-8.422736167907715,4.201796531677246
1790267284682171100,13.993171142578126,-4.151547431945801,-7.865208148956299,3.658625841140747
1790267284699424000,14.010424072265625,-4.60139799118042,-7.630711555480957,3.431307554244995
1790267284716676900,14.0276767578125,-5.237888813018799,-8.236095428466797,4.036691665649414
1790267284733929700,14.0449296875,-4.60857629776001,-8.671588897705078,4.244867324829102
1790267284751182600,14.0621826171875,-4.213760852813721,-8.4562349319458,3.5270206928253174
1790267284768435500,14.079435546875,-5.680561065673828,-8.233702659606934,3.728017568588257
1790267284785688000,14.09668798828125,-6.994220733642578,-8.523234367370605,5.398207664489746
1790267284802940700,14.113940673828125,-6.393621921539307,-8.786444664001465,6.419943332672119
1790267284820193500,14.131193603515625,-5.575276851654053,-8.343772888183594,6.4510498046875
1790267284837446400,14.1484462890625,-6.716653347015381,-7.726424217224121,6.735795974731445
1790267284854699300,14.16569921875,-7.247859954833984,-7.685746192932129,6.953542709350586
1790267284871952400,14.182952392578125,-5.697310924530029,-7.6498541831970215,6.03948450088501
1790267284889205200,14.200205322265624,-5.888736724853516,-7.286144733428955,5.376672267913818
1790267284906458000,14.2174580078125,-6.7932233810424805,-6.953542709350586,5.285745143890381
1790267284923711000,14.2347109375,-6.3840508460998535,-7.010970115661621,5.230710506439209
1790267284940963600,14.251963623046874,-6.376872539520264,-6.812366008758545,5.010570526123047
1790267284958216400,14.269216552734376,-7.207181930541992,-6.477370738983154,5.201996326446533
1790267284975469300,14.28646923828125,-6.623332977294922,-6.364908218383789,5.556134223937988
1790267284992722200,14.30372216796875,-6.920042991638184,-6.345765590667725,5.134997367858887
1790267285009975000,14.32097509765625,-6.814758777618408,-6.149554252624512,4.46979284286499
1790267285027228000,14.338227783203125,-7.087540626525879,-5.7164530754089355,4.680361270904541
1790267285044481000,14.35548095703125,-8.504091262817383,-5.0225348472595215,5.175675392150879
1790267285061734000,14.37273388671875,-9.018548965454102,-4.768895626068115,5.2354960441589355
1790267285078986500,14.389986572265625,-6.805187702178955,-4.666004180908203,5.194818019866943
1790267285096239400,14.4072392578125,-6.345765590667725,-4.381258487701416,4.766502857208252
1790267285113492000,14.424491943359374,-6.960721015930176,-3.517449378967285,3.94097900390625
1790267285130744800,14.441744873046876,-7.046862602233887,-2.7110681533813477,3.211168050765991
1790267285147997700,14.458997802734375,-6.415157318115234,-2.335394859313965,3.029313564300537
1790267285165250600,14.47625048828125,-5.469992637634277,-2.0673987865448,3.160918712615967
1790267285182503700,14.493503662109376,-5.333601474761963,-1.2634103298187256,2.967100143432617
1790267285199756500,14.510756591796875,-6.25723123550415,-0.763310432434082,1.8903298377990723
1790267285217009400,14.528009521484375,-5.84566593170166,-0.40677985548973083,1.6701902151107788
1790267285234262300,14.54526220703125,-6.8004021644592285,0.4618147611618042,1.160519003868103
1790267285251515000,14.562514892578125,-5.917450428009033,0.6939185857772827,1.0528420209884644
1790267285268767700,14.579767822265625,-5.259424209594727,0.22492532432079315,1.3782658576965332
1790267285286020400,14.597020263671874,-5.3455657958984375,-0.7441678643226624,2.2325034141540527
1790267285303273200,14.614273193359375,-6.594619274139404,-1.4021940231323242,1.7156537771224976
1790267285320526300,14.6315263671875,-6.716653347015381,-0.46420758962631226,1.6199408769607544
1790267285337779200,14.648779296875,-5.881557941436768,0.973878800868988,2.5698914527893066
1790267285355032000,14.666031982421876,-6.247660160064697,0.7896314859390259,3.404986619949341
1790267285372285000,14.683284912109375,-5.7619171142578125,-0.02153540402650833,2.462214469909668
1790267285389537800,14.700537841796875,-5.654240131378174,-0.8709874153137207,2.1846470832824707
1790267285406791000,14.717791015625,-6.254838466644287,-1.246660590171814,2.4358935356140137
1790267285424043800,14.735043701171875,-6.491727828979492,-1.5792629718780518,2.854637384414673
1790267285441296600,14.752296630859375,-5.5034918785095215,-1.4691931009292603,2.6560330390930176
1790267285458549500,14.769549560546874,-6.4701924324035645,-1.8233308792114258,3.445664644241333
1790267285475802000,14.786802001953125,-6.5180487632751465,-2.4358935356140137,4.122833251953125
1790267285493055000,14.804054931640625,-6.156732559204102,-2.878565549850464,4.34536600112915
1790267285510307600,14.8213076171875,-5.891129493713379,-3.2709884643554688,4.311866283416748
1790267285527560400,14.838560546875,-5.625525951385498,-4.070191383361816,4.412364959716797
1790267285544813600,14.8558134765625,-6.496513366699219,-4.890929698944092,4.5200419425964355
1790267285562066400,14.87306640625,-6.2189459800720215,-5.651846885681152,5.127819061279297
1790267285579319300,14.8903193359375,-6.331408500671387,-6.185446739196777,5.178068161010742
1790267285596572200,14.907572265625,-6.498906135559082,-6.620940208435059,5.458028316497803
1790267285613825000,14.924824951171875,-6.096911907196045,-7.197610378265381,5.280959606170654
1790267285631078000,14.942077880859374,-5.3455657958984375,-7.759923934936523,4.922036170959473
1790267285648330800,14.959330810546875,-4.991427898406982,-7.848458290100098,4.536791801452637
1790267285665583400,14.976583251953125,-4.792823791503906,-7.441678524017334,4.761716842651367
1790267285682836200,14.993836181640624,-5.994020938873291,-7.537391185760498,4.945964336395264
1790267285700089000,15.011089111328126,-5.946164131164551,-8.135597229003906,5.034498691558838
1790267285717342000,15.028342041015625,-5.6446685791015625,-9.372686386108398,5.575276851654053
1790267285734594800,15.0455947265625,-5.592026710510254,-10.679167747497559,6.099305152893066
1790267285751848000,15.062847900390626,-5.649454116821289,-11.052447319030762,5.996413707733154
1790267285769100800,15.080100830078125,-5.766702651977539,-10.504491806030273,5.529813289642334
1790267285786353700,15.097353759765625,-6.0610198974609375,-9.872786521911621,4.8574299812316895
1790267285803606500,15.1146064453125,-5.903093338012695,-9.521040916442871,5.144568920135498
1790267285820859100,15.131859130859375,-5.134997367858887,-9.394221305847168,5.982056617736816
1790267285838111700,15.14911181640625,-5.084748268127441,-9.578469276428223,6.0466628074646
1790267285855364600,15.166364501953124,-4.450650215148926,-9.56889820098877,5.350351333618164
1790267285872617500,15.183617431640625,-4.01754903793335,-9.233902931213379,4.960321426391602
1790267285889870600,15.20087060546875,-3.8668015003204346,-8.894122123718262,4.694717884063721
1790267285907123500,15.21812353515625,-4.187439441680908,-9.066405296325684,4.398007869720459
1790267285924376300,15.235376220703126,-4.986642360687256,-9.482755661010742,4.1347975730896
1790267285941629200,15.252629150390625,-5.726024627685547,-9.755537986755371,4.488935470581055
1790267285958882000,15.269882080078125,-6.238088607788086,-9.614361763000488,4.922036170959473
1790267285976135000,15.287135009765626,-6.599404811859131,-9.22433090209961,5.142175674438477
1790267285993387500,15.304387451171875,-6.400800704956055,-9.214759826660156,5.359922885894775
1790267286010640400,15.321640380859375,-5.946164131164551,-9.748359680175781,5.32403039932251
1790267286027893200,15.338893310546876,-5.505885124206543,-10.145567893981934,4.969892501831055
1790267286045146000,15.35614599609375,-4.677968502044678,-10.021141052246094,4.40757942199707
1790267286062399000,15.37339892578125,-3.641875982284546,-9.779465675354004,3.682554006576538
1790267286079651800,15.39065185546875,-3.3092737197875977,-9.7938232421875,2.9216363430023193
1790267286096904700,15.40790478515625,-3.397808074951172,-9.798608779907227,2.3880369663238525
1790267286114157800,15.42515771484375,-3.7950167655944824,-9.757930755615234,2.9001009464263916
1790267286131410700,15.44241064453125,-4.206582069396973,-9.650253295898438,4.089334011077881
1790267286148663300,15.459663330078126,-4.376472473144531,-9.07119083404541,4.814359188079834
1790267286165916000,15.476916015625,-4.689932346343994,-8.173882484436035,4.713860511779785
1790267286183168800,15.494168701171875,-5.362315654754639,-7.511070251464844,4.7473602294921875
1790267286200421600,15.511421630859376,-4.934000492095947,-7.310073375701904,5.544169902801514
1790267286217674500,15.528674560546875,-4.780859470367432,-7.259823799133301,5.989234924316406
1790267286234927400,15.54592724609375,-5.718846321105957,-7.211967468261719,5.66620397567749
1790267286252180500,15.563180419921874,-6.628118515014648,-7.226324558258057,5.539384365081787
1790267286269433300,15.580433349609375,-6.771687984466553,-7.252645492553711,5.740381717681885
1790267286286686200,15.597686279296875,-6.558726787567139,-7.058826923370361,5.747560024261475
1790267286303939000,15.61493896484375,-6.455835342407227,-6.628118515014648,5.546562671661377
1790267286321191700,15.632191650390626,-6.8171515464782715,-6.211767673492432,5.340780258178711
1790267286338444500,15.649444580078125,-7.051648139953613,-5.927021503448486,5.26181697845459
1790267286355697200,15.666697265625,-6.881757736206055,-5.776273727416992,5.103890895843506
1790267286372950000,15.683949951171876,-6.64486837387085,-5.563312530517578,4.668396949768066
1790267286390203100,15.701203125,-7.204789161682129,-5.254638671875,4.752145767211914
1790267286407456000,15.7184560546875,-7.491927623748779,-5.082355499267578,4.876572608947754
1790267286424708900,15.735708984375,-7.499105930328369,-4.809573650360107,4.493721008300781
1790267286441961700,15.752961669921875,-7.657032489776611,-4.474578380584717,4.1036906242370605
1790267286459214600,15.770214599609375,-7.609176158905029,-4.122833251953125,3.9936211109161377
1790267286476467500,15.787467529296874,-6.6831536293029785,-3.649054527282715,3.933800458908081
1790267286493720000,15.804719970703125,-5.965306758880615,-3.239881753921509,3.5844483375549316
1790267286510973000,15.821972900390625,-5.84566593170166,-2.8211379051208496,2.6297121047973633
1790267286528225800,15.839225830078124,-6.065805435180664,-1.9381862878799438,1.6366907358169556
1790267286545478700,15.856478759765626,-6.183053493499756,-0.6843472719192505,1.4069796800613403
1790267286562731500,15.8737314453125,-6.240481376647949,0.040677983313798904,1.919043779373169
1790267286579984400,15.890984375,-6.4319071769714355,-0.24167509377002716,2.218146562576294
1790267286597237200,15.9082373046875,-6.5874409675598145,-0.38285163044929504,1.9166508913040161
1790267286614490400,15.925490478515625,-6.702296257019043,-0.16510476171970367,1.7012969255447388
1790267286631743200,15.9427431640625,-6.754938125610352,-0.07657032459974289,1.7611174583435059
1790267286648995800,15.959995849609374,-6.723831653594971,-0.062213387340307236,1.9932212829589844
1790267286666248700,15.977248779296875,-6.675975322723389,-0.13160525262355804,1.8975083827972412
1790267286683501300,15.994501220703125,-6.362515449523926,-0.1818545162677765,1.8065811395645142
1790267286700754200,16.011754150390626,-5.625525951385498,-0.10767702013254166,1.794616937637329
1790267286718007000,16.029007080078124,-5.347958564758301,-0.04546362906694412,2.0482561588287354
1790267286735260000,16.046260009765625,-5.804987907409668,-0.12203395366668701,2.5076780319213867
1790267286752513000,16.063512939453126,-5.891129493713379,-0.33020952343940735,3.0317063331604004
1790267286769766000,16.080765869140624,-5.254638671875,-0.5742774605751038,3.2039895057678223
1790267286787018800,16.098018798828125,-5.529813289642334,-0.760917603969574,3.160918712615967
1790267286804271600,16.115271728515626,-6.690331935882568,-1.2993026971817017,3.208775281906128
1790267286821524200,16.132524169921876,-6.546762943267822,-2.1272194385528564,3.5916268825531006
1790267286838777000,16.149777099609373,-6.608976364135742,-2.857030153274536,4.47697114944458
1790267286856029700,16.16702978515625,-7.176074981689453,-3.7112679481506348,4.962714195251465
1790267286873282600,16.184282470703124,-6.331408500671387,-4.823930263519287,4.388436794281006
1790267286890535700,16.20153564453125,-6.147161483764648,-5.893522262573242,3.900300979614258
1790267286907788500,16.21878857421875,-7.204789161682129,-6.364908218383789,3.5150563716888428
1790267286925041400,16.23604150390625,-7.022934436798096,-6.087340831756592,4.113262176513672
1790267286942294300,16.253294189453126,-5.422136306762695,-5.675775527954102,4.383651256561279
1790267286959547100,16.270547119140623,-5.601597785949707,-5.917450428009033,4.376472473144531
1790267286976800000,16.287800048828124,-6.080162525177002,-6.6113691329956055,4.60139799118042
1790267286994052900,16.305052978515626,-5.242674350738525,-7.357929706573486,4.7952165603637695
1790267287011305500,16.322305419921875,-4.721039295196533,-7.860422611236572,4.668396949768066
1790267287028558300,16.339558349609376,-5.2737812995910645,-8.578269004821777,4.843072891235352
1790267287045811200,16.356811279296874,-4.735395908355713,-8.997013092041016,4.6301116943359375
1790267287063064000,16.37406396484375,-5.213960647583008,-9.57607650756836,4.4410786628723145
1790267287080317000,16.39131689453125,-5.319244861602783,-10.16710376739502,4.388436794281006
1790267287097569800,16.40856982421875,-5.37906551361084,-10.138389587402344,3.7974095344543457
1790267287114823000,16.425822998046876,-5.477170944213867,-9.710074424743652,3.5748770236968994
1790267287132075800,16.44307568359375,-5.048855781555176,-9.540184020996094,4.242474555969238
1790267287149328400,16.460328369140626,-5.383851051330566,-9.619147300720215,4.575077056884766
1790267287166581200,16.477581298828124,-5.4556355476379395,-10.162318229675293,5.170889854431152
1790267287183833900,16.494833740234377,-4.989035129547119,-10.944770812988281,5.998806476593018
1790267287201086700,16.512086669921874,-5.821737289428711,-11.349157333374023,7.389036178588867
1790267287218339600,16.529339599609376,-7.214360237121582,-10.839486122131348,8.087740898132324
1790267287235592400,16.546592529296873,-6.422336101531982,-10.332208633422852,6.8171515464782715
1790267287252845300,16.56384521484375,-4.6061835289001465,-10.226923942565918,5.032105922698975
1790267287270098200,16.58109814453125,-5.216353416442871,-10.023533821105957,3.153740167617798
1790267287287350800,16.598350830078125,-6.26440954208374,-10.01874828338623,3.6394832134246826
1790267287304603600,16.615603759765627,-6.843472957611084,-10.112068176269531,4.823930263519287
1790267287321856500,16.6328564453125,-6.7070817947387695,-10.284351348876953,5.051248550415039
1790267287339109400,16.650109375,-5.213960647583008,-10.435099601745605,4.668396949768066
1790267287356362200,16.6673623046875,-3.5820555686950684,-10.124032974243164,3.436093330383301
1790267287373615000,16.684614990234376,-2.342573404312134,-9.674181938171387,2.4526431560516357
1790267287390868200,16.7018681640625,-1.5314065217971802,-9.068798065185547,1.672582983970642
1790267287408121000,16.71912109375,-1.0408778190612793,-8.48016357421875,1.1748759746551514
1790267287425374000,16.7363740234375,-1.0408778190612793,-7.908278942108154,1.6007983684539795
1790267287442626600,16.75362646484375,-2.5292134284973145,-7.525427341461182,3.0005996227264404
1790267287459879200,16.770879150390623,-4.651647090911865,-7.582854747772217,4.668396949768066
1790267287477132000,16.788132080078125,-5.759523868560791,-8.183453559875488,6.008377552032471
1790267287494385000,16.805385009765626,-6.410371780395508,-8.879764556884766,6.8410797119140625
1790267287511637800,16.8226376953125,-6.4701924324035645,-9.33440113067627,7.061219692230225
1790267287528891000,16.839890869140625,-6.515655994415283,-9.408578872680664,6.453442573547363
1790267287546143700,16.857143798828126,-6.486942291259766,-8.685946464538574,5.970092296600342
1790267287563396600,16.874396728515624,-6.908079147338867,-8.331808090209961,5.938985824584961
1790267287580649500,16.8916494140625,-6.52044153213501,-8.444271087646484,5.1876397132873535
1790267287597902300,16.90890234375,-6.393621921539307,-7.877171993255615,3.926621913909912
1790267287615155000,16.926155029296876,-6.86261510848999,-7.066005229949951,3.696911096572876
1790267287632407800,16.94340771484375,-6.996613502502441,-6.6592254638671875,4.47697114944458
1790267287649660400,16.960660400390626,-6.6592254638671875,-6.412764549255371,5.108676433563232
1790267287666913500,16.97791357421875,-7.539783954620361,-5.84566593170166,5.515456199645996
1790267287684166400,16.99516650390625,-6.8243303298950195,-5.520241737365723,5.812166213989258
1790267287701419300,17.012419189453126,-6.393621921539307,-5.26181697845459,6.151947021484375
1790267287718672100,17.029672119140624,-7.269395351409912,-5.194818019866943,6.230910301208496
1790267287735925000,17.046925048828125,-7.393822193145752,-5.20678186416626,6.709474563598633
1790267287753178000,17.06417822265625,-6.7310099601745605,-5.247459888458252,6.833901405334473
1790267287770430700,17.0814306640625,-6.551548480987549,-5.338387489318848,6.20219612121582
1790267287787683300,17.098683349609374,-6.197410583496094,-4.8502516746521,4.831109046936035
1790267287804936200,17.115936279296875,-7.262216567993164,-3.751945972442627,3.586841106414795
1790267287822189000,17.13318896484375,-6.252445697784424,-2.806781053543091,2.9216363430023193
1790267287839442000,17.15044189453125,-5.656632900238037,-1.9525432586669922,2.3234307765960693
1790267287856694800,17.16769482421875,-5.625525951385498,-1.4835500717163086,1.8735800981521606
1790267287873947600,17.18494775390625,-5.127819061279297,-1.612762451171875,1.2705888748168945
1790267287891200300,17.2022001953125,-5.685346603393555,-1.552941918373108,1.2610175609588623
1790267287908453000,17.219453125,-7.106683254241943,-0.9188438653945923,1.3591232299804688
1790267287925705700,17.236705810546876,-6.50608491897583,0.17228323221206665,1.2945170402526855
1790267287942958800,17.253958740234374,-5.879165172576904,0.9978070259094238,2.3545374870300293
1790267287960211700,17.271211669921875,-6.144768714904785,1.007378339767456,2.0027925968170166
1790267287977464600,17.288464599609377,-6.206982135772705,0.31106695532798767,1.2849457263946533
1790267287994717400,17.305717529296874,-5.675775527954102,0.08853443711996078,1.1868400573730469
1790267288011970300,17.32297021484375,-5.6685967445373535,0.4331009089946747,0.2991028428077698
1790267288029223400,17.340223388671873,-6.865008354187012,0.8159525394439697,0.26560330390930176
1790267288046476000,17.35747607421875,-6.290730953216553,0.41874396800994873,1.765903115272522
1790267288063729000,17.37472900390625,-5.8337016105651855,-0.31106695532798767,2.014756679534912
1790267288080981500,17.3919814453125,-6.446264266967773,-0.7824530005455017,2.359323024749756
1790267288098234400,17.409234375,-6.948757171630859,-0.9786644577980042,2.950350284576416
1790267288115487200,17.4264873046875,-5.888736724853516,-1.1653046607971191,3.5365917682647705
1790267288132740000,17.443739990234373,-5.563312530517578,-1.28255295753479,3.1968109607696533
1790267288149993000,17.460992919921875,-6.307480335235596,-1.710868239402771,2.861815929412842
1790267288167246000,17.47824609375,-7.403393268585205,-2.3186452388763428,2.8283164501190186
1790267288184499000,17.4954990234375,-7.247859954833984,-2.926422119140625,3.4576287269592285
1790267288201751800,17.512751708984375,-6.666403770446777,-3.541377544403076,4.3788652420043945
1790267288219004400,17.53000439453125,-6.355337142944336,-4.232903480529785,4.955535888671875
1790267288236257300,17.54725732421875,-6.130411624908447,-5.1876397132873535,4.534399032592773
1790267288253510000,17.564510009765623,-5.37906551361084,-5.970092296600342,4.063013076782227
1790267288270762800,17.5817626953125,-5.257031440734863,-6.183053493499756,3.5844483375549316
1790267288288015600,17.599015625,-5.917450428009033,-5.824130535125732,4.237689018249512
1790267288305268700,17.616268798828123,-5.558526992797852,-5.290530681610107,4.993820667266846
1790267288322521600,17.633521484375,-5.359922885894775,-5.343173027038574,5.422136306762695
1790267288339774500,17.6507744140625,-5.029713153839111,-5.974878311157227,5.558526992797852
1790267288357027300,17.66802734375,-5.469992637634277,-7.020541667938232,5.3216376304626465
1790267288374280200,17.6852802734375,-5.496313571929932,-8.159524917602539,5.032105922698975
1790267288391533000,17.702532958984374,-4.493721008300781,-8.872586250305176,4.527220249176025
1790267288408785700,17.71978564453125,-4.106083869934082,-9.456435203552246,4.493721008300781
1790267288426038300,17.737038330078125,-4.898108005523682,-10.303494453430176,4.831109046936035
1790267288443291400,17.75429150390625,-5.886343479156494,-11.078768730163574,5.264209747314453
1790267288460544300,17.771544189453124,-7.527820110321045,-11.60279655456543,4.761716842651367
1790267288477797000,17.788797119140625,-8.34138011932373,-11.523834228515625,4.086941242218018
1790267288495050000,17.806050048828126,-6.45822811126709,-11.109875679016113,3.5054850578308105
1790267288512302600,17.823302490234376,-4.5822553634643555,-10.918449401855469,3.2470602989196777
1790267288529555200,17.84055517578125,-5.536991596221924,-11.085947036743164,4.041477680206299
1790267288546808000,17.85780810546875,-6.113661766052246,-11.155339241027832,6.051448345184326
1790267288564061000,17.87506103515625,-7.707281589508057,-10.317851066589355,7.04207706451416
1790267288581314000,17.89231396484375,-7.661818027496338,-8.908478736877441,7.429714202880859
1790267288598567000,17.90956689453125,-5.881557941436768,-8.094919204711914,7.0995049476623535
1790267288615819800,17.92681982421875,-4.730610370635986,-8.575876235961914,5.807380676269531
1790267288633072600,17.94407275390625,-5.07517671585083,-9.305686950683594,2.8977081775665283
1790267288650325500,17.961325439453127,-4.704289436340332,-9.097511291503906,2.0673987865448
1790267288667578400,17.978578369140624,-4.488935470581055,-8.662017822265625,3.0556344985961914
1790267288684831000,17.9958310546875,-3.658625841140747,-8.81515884399414,4.1491546630859375
1790267288702083800,18.013083740234375,-3.9361932277679443,-9.872786521911621,5.051248550415039
1790267288719336700,18.030336669921876,-3.840480327606201,-11.097911834716797,5.163711071014404
1790267288736589600,18.047589599609374,-4.299902439117432,-11.827722549438477,4.2281174659729
1790267288753842400,18.064842529296875,-4.342973232269287,-11.24626636505127,2.768495798110962
1790267288771095300,18.08209521484375,-4.512863636016846,-9.497113227844238,2.1272194385528564
1790267288788348000,18.099347900390626,-4.807180881500244,-7.960920810699463,2.445464849472046
1790267288805600800,18.116600830078124,-4.673182487487793,-7.137789726257324,4.417150497436523
1790267288822853400,18.133853271484377,-4.587040901184082,-6.561119556427002,5.522634506225586
1790267288840106200,18.151106201171874,-4.666004180908203,-6.400800704956055,5.225924491882324
1790267288857359400,18.168359375,-4.749752998352051,-6.687939167022705,4.572684288024902
1790267288874612200,18.1856123046875,-5.201996326446533,-7.133004188537598,4.72582483291626
1790267288891865000,18.202864990234374,-6.9583282470703125,-7.6498541831970215,5.450850009918213
1790267288909118000,18.220117919921876,-7.054041385650635,-8.511270523071289,6.0777692794799805
1790267288926370800,18.237370849609373,-6.027520179748535,-8.872586250305176,6.601797580718994
1790267288943623700,18.254623779296875,-6.963113784790039,-8.087740898132324,6.1710896492004395
1790267288960876300,18.271876220703124,-7.903493404388428,-7.843672752380371,6.795616149902344
1790267288978129200,18.289129150390625,-6.130411624908447,-8.080561637878418,6.32662296295166
1790267288995382000,18.306382080078127,-6.120840549468994,-7.1856465339660645,5.017749309539795
1790267289012635000,18.323634765625,-7.4847493171691895,-6.5491557121276855,4.161118507385254
1790267289029887700,18.3408876953125,-6.745367050170898,-6.515655994415283,4.180261135101318
1790267289047140600,18.358140625,-5.98444938659668,-5.891129493713379,3.862015724182129
1790267289064393200,18.375393310546876,-7.767102241516113,-4.785645484924316,3.78544545173645
1790267289081646000,18.39264599609375,-7.613961696624756,-4.922036170959473,3.9122650623321533
1790267289098898700,18.409898681640627,-6.695117950439453,-5.37906551361084,4.175475597381592
1790267289116151600,18.427151611328124,-6.845865726470947,-5.041677474975586,3.7950167655944824
1790267289133404700,18.44440478515625,-7.3986077308654785,-4.914857864379883,3.3858439922332764
1790267289150657500,18.461657470703123,-7.36032247543335,-4.9531426429748535,3.1680972576141357
1790267289167910400,18.478910400390625,-8.21695327758789,-4.517649173736572,3.1202406883239746
1790267289185163300,18.496163330078126,-7.9728851318359375,-3.510270833969116,3.6777684688568115
1790267289202416000,18.513416015625,-6.786045074462891,-2.8139593601226807,3.7471601963043213
1790267289219669000,18.5306689453125,-6.221338748931885,-2.9001009464263916,2.770888566970825
1790267289236921900,18.547921875,-6.137589931488037,-2.4813570976257324,1.9573289155960083
1790267289254174500,18.565174560546875,-5.821737289428711,-1.7060825824737549,1.2705888748168945
1790267289271427300,18.58242724609375,-6.034698486328125,-0.20578274130821228,1.4739787578582764
1790267289288680200,18.59968017578125,-5.948556900024414,1.1820544004440308,1.9764715433120728
1790267289305933000,18.61693310546875,-5.7547383308410645,1.5553346872329712,2.084148406982422
1790267289323186000,18.63418603515625,-5.718846321105957,0.9116654396057129,2.0554347038269043
1790267289340438800,18.651438720703126,-5.938985824584961,0.5096712112426758,2.4358935356140137
1790267289357692000,18.66869189453125,-5.994020938873291,0.7728816866874695,2.280359983444214
1790267289374944800,18.68594482421875,-6.903293132781982,0.01196411345154047,2.179861545562744
1790267289392197400,18.703197265625,-7.336394309997559,-0.7178468108177185,1.5649060010910034
1790267289409450200,18.7204501953125,-5.711667537689209,-0.10289137065410614,1.7132610082626343
1790267289426702800,18.737702880859374,-5.678168296813965,0.851844847202301,1.4141582250595093
1790267289443955700,18.754955810546875,-7.350750923156738,1.2610175609588623,2.359323024749756
1790267289461208600,18.77220849609375,-6.376872539520264,0.6508477330207825,3.88594388961792
1790267289478461400,18.78946142578125,-4.974678039550781,-0.41156548261642456,4.1659040451049805
1790267289495714300,18.80671435546875,-5.759523868560791,-1.373480200767517,3.067598581314087
1790267289512967200,18.82396728515625,-6.465406894683838,-2.328216314315796,2.895315408706665
1790267289530219800,18.8412197265625,-5.678168296813965,-2.7397818565368652,2.7972097396850586
1790267289547472600,18.85847265625,-6.276373863220215,-2.6560330390930176,2.9790642261505127
1790267289564725500,18.8757255859375,-6.608976364135742,-2.3473589420318604,3.924229145050049
1790267289581978400,18.892978271484374,-5.998806476593018,-2.3090739250183105,4.302295207977295
1790267289599231200,18.910231201171875,-5.912664890289307,-2.66560435295105,3.6131622791290283
1790267289616484000,18.927484130859376,-6.580262184143066,-3.3858439922332764,2.799602508544922
1790267289633736700,18.94473681640625,-8.207381248474121,-4.639683246612549,3.517449378967285
1790267289650989600,18.961989501953123,-8.147561073303223,-6.240481376647949,4.716253280639648
1790267289668242200,18.9792421875,-7.154539585113525,-7.7455668449401855,5.288137912750244
1790267289685495300,18.996495361328126,-7.348358154296875,-9.1716890335083,4.709074974060059
1790267289702748200,19.013748046875,-7.113861560821533,-9.884750366210938,4.886143684387207
1790267289720001000,19.0310009765625,-5.793023586273193,-9.410971641540527,5.029713153839111
1790267289737254000,19.04825390625,-5.347958564758301,-8.149953842163086,4.993820667266846
1790267289754506800,19.0655068359375,-4.761716842651367,-6.714260101318359,4.785645484924316
1790267289771759900,19.082759765625,-4.108476638793945,-5.831308841705322,4.338187217712402
1790267289789012500,19.100012451171875,-4.06540584564209,-5.883950710296631,3.900300979614258
1790267289806265000,19.11726513671875,-4.481756687164307,-6.771687984466553,4.254438877105713
1790267289823518000,19.13451806640625,-3.933800458908081,-8.11406135559082,5.173282623291016
1790267289840770800,19.151770751953126,-4.053441524505615,-9.884750366210938,6.123233318328857
1790267289858023700,19.169023681640624,-4.941178798675537,-12.335000991821289,7.101897716522217
1790267289875276500,19.186276611328125,-4.843072891235352,-14.58903980255127,7.712067604064941
1790267289892529400,19.203529296875,-4.548755645751953,-14.864213943481445,6.577869415283203
1790267289909782000,19.220781982421876,-6.211767673492432,-12.43549919128418,5.084748268127441
1790267289927035000,19.238034912109374,-7.9657063484191895,-9.377471923828125,3.3332018852233887
1790267289944287500,19.25528759765625,-7.8628153800964355,-8.116454124450684,2.864208698272705
1790267289961540600,19.27254052734375,-5.831308841705322,-8.652446746826172,3.053241729736328
1790267289978793500,19.28979345703125,-6.281159400939941,-8.908478736877441,3.053241729736328
1790267289996046300,19.30704638671875,-6.453442573547363,-8.831908226013184,4.644468784332275
1790267290013299200,19.32429931640625,-4.8191447257995605,-8.609375953674316,6.927221775054932
1790267290030552000,19.341552001953126,-3.3930225372314453,-7.884350776672363,7.451249599456787
1790267290047805200,19.35880517578125,-3.436093330383301,-7.944170951843262,7.066005229949951
1790267290065057800,19.376057861328125,-3.9194436073303223,-8.599804878234863,6.0466628074646
1790267290082310700,19.393310546875,-3.16331148147583,-9.430113792419434,3.9864425659179688
1790267290099563300,19.410563232421875,-2.5052852630615234,-9.664610862731934,1.7682958841323853
1790267290116816100,19.427816162109377,-2.6321048736572266,-9.233902931213379,1.222732424736023
1790267290134069000,19.445069091796874,-3.407379388809204,-8.673981666564941,1.710868239402771
1790267290151321900,19.46232177734375,-4.3310089111328125,-9.008976936340332,1.9094724655151367
1790267290168574700,19.47957470703125,-5.19242525100708,-10.076175689697266,1.5170495510101318
1790267290185827600,19.49682763671875,-5.357530117034912,-10.853843688964844,1.5290136337280273
1790267290203080200,19.514080078125,-4.721039295196533,-10.77966594696045,3.2709884643554688
1790267290220332800,19.531332763671877,-4.60857629776001,-10.348958015441895,5.3934221267700195
1790267290237586000,19.5485859375,-5.036891460418701,-10.162318229675293,6.604190349578857
1790267290254838800,19.5658388671875,-4.4243292808532715,-9.748359680175781,6.778866767883301
1790267290272091600,19.583091552734373,-5.132604598999023,-9.109476089477539,6.661618232727051
1790267290289344500,19.600344482421875,-6.276373863220215,-8.391629219055176,5.443671703338623
1790267290306597400,19.617597412109376,-5.00578498840332,-7.573283672332764,4.697110652923584
1790267290323850500,19.6348505859375,-4.694717884063721,-6.608976364135742,4.42193603515625
1790267290341103000,19.65210302734375,-6.329015731811523,-5.867201328277588,4.555934429168701
1790267290358356000,19.66935595703125,-7.293323516845703,-5.793023586273193,5.3934221267700195
1790267290375608600,19.686608642578125,-6.970292568206787,-6.005984783172607,5.764309883117676
1790267290392861400,19.703861328125,-6.8004021644592285,-5.706881999969482,5.161318302154541
1790267290410114300,19.7211142578125,-8.13081169128418,-5.431707382202148,5.934200286865234
1790267290427367200,19.7383671875,-7.8628153800964355,-5.821737289428711,7.211967468261719
1790267290444620000,19.7556201171875,-6.7070817947387695,-5.85284423828125,7.121040344238281
1790267290461873000,19.772872802734376,-6.929614543914795,-5.804987907409668,6.606583118438721
1790267290479125500,19.79012548828125,-7.7838521003723145,-6.0610198974609375,6.309873104095459
1790267290496378400,19.80737841796875,-7.204789161682129,-6.10169792175293,6.324230194091797
1790267290513631200,19.82463134765625,-5.934200286865234,-5.501099109649658,5.78345251083374
1790267290530884000,19.841884033203126,-6.410371780395508,-4.658825874328613,4.9052863121032715
1790267290548137000,19.859136962890624,-5.527420520782471,-3.87876558303833,3.9146578311920166
1790267290565389800,19.876389892578125,-5.304887771606445,-2.9479575157165527,3.1896326541900635
1790267290582642400,19.893642333984374,-4.996213912963867,-2.3976082801818848,1.9357935190200806
1790267290599895300,19.910895263671875,-5.793023586273193,-1.9764715433120728,1.423729419708252
1790267290617148000,19.92814794921875,-6.752545356750488,-1.552941918373108,1.8424733877182007
1790267290634400800,19.94540087890625,-6.546762943267822,-1.1700903177261353,1.9381862878799438
1790267290651654000,19.96265380859375,-7.03489875793457,-1.031306505203247,2.196611166000366
1790267290668906800,19.97990673828125,-7.087540626525879,-1.4572290182113647,2.3497519493103027
1790267290686159600,19.99715966796875,-7.135396957397461,-1.5337992906570435,1.703689694404602
1790267290703412500,20.01441259765625,-7.542177200317383,-0.9667003750801086,1.5122638940811157
1790267290720665300,20.031665283203125,-7.927421569824219,-0.33499518036842346,1.892722725868225
1790267290737918200,20.048918212890626,-7.087540626525879,-0.09810572862625122,2.0745773315429688
1790267290755170800,20.0661708984375,-6.963113784790039,-0.11964113265275955,2.2444677352905273
1790267290772423700,20.083423583984374,-6.503692150115967,-0.06699903309345245,1.552941918373108
1790267290789676500,20.100676513671875,-5.867201328277588,0.44027936458587646,1.4859428405761719
1790267290806929400,20.117929443359376,-6.766902446746826,0.5551348328590393,1.947757601737976
1790267290824182300,20.135182373046874,-5.9437713623046875,0.23688943684101105,2.170290231704712
1790267290841435100,20.15243505859375,-5.651846885681152,-0.1052841991186142,2.414358139038086
1790267290858687700,20.169687744140624,-6.022734642028809,-0.44027936458587646,2.6057839393615723
1790267290875940600,20.186940673828126,-6.374479293823242,-0.7250252366065979,2.6488547325134277
1790267290893193200,20.204193115234375,-6.295516490936279,-0.8757730722427368,3.5270206928253174
1790267290910446000,20.221446044921876,-5.000999450683594,-0.8733802437782288,3.352344512939453
1790267290927699200,20.23869921875,-5.484349727630615,-1.1653046607971191,2.974278450012207
1790267290944952000,20.2559521484375,-6.221338748931885,-2.1200408935546875,4.541577339172363
1790267290962204700,20.27320458984375,-5.082355499267578,-2.9838497638702393,5.352744102478027
1790267290979457500,20.29045751953125,-5.405386447906494,-3.601198196411133,5.661418437957764
1790267290996710100,20.307710205078124,-6.3361945152282715,-4.371686935424805,5.912664890289307
1790267291013963000,20.324962890625,-6.455835342407227,-5.048855781555176,5.568098068237305
1790267291031215900,20.3422158203125,-6.128018856048584,-5.5345988273620605,5.398207664489746
1790267291048468700,20.35946875,-5.67338228225708,-5.680561065673828,5.082355499267578
1790267291065721900,20.376721923828125,-6.372086524963379,-6.056233882904053,5.309673309326172
1790267291082974700,20.393974609375,-6.111268997192383,-6.128018856048584,5.053641319274902
1790267291100227600,20.4112275390625,-6.620940208435059,-6.2500529289245605,4.302295207977295
1790267291117480400,20.42848046875,-6.417550563812256,-6.606583118438721,4.153940200805664
1790267291134733300,20.4457333984375,-5.996413707733154,-7.142575740814209,4.01037073135376
1790267291151986000,20.46298583984375,-7.2813591957092285,-8.513663291931152,4.4243292808532715
1790267291169238500,20.480238525390625,-6.936792850494385,-9.796216011047363,4.6540398597717285
1790267291186491400,20.497491455078126,-6.0610198974609375,-10.74138069152832,5.0943193435668945
1790267291203744500,20.51474462890625,-5.407779216766357,-10.832307815551758,5.66620397567749
1790267291220997400,20.531997314453125,-5.410171985626221,-9.4660062789917,4.945964336395264
1790267291238250200,20.549250244140627,-5.608776092529297,-8.271987915039062,4.800002098083496
1790267291255502800,20.5665029296875,-5.422136306762695,-7.738388538360596,5.359922885894775
1790267291272755500,20.58375537109375,-4.603790760040283,-7.932207107543945,5.5968122482299805
1790267291290008300,20.60100830078125,-4.7401814460754395,-8.468199729919434,5.637490272521973
1790267291307261200,20.61826123046875,-6.106483459472656,-9.298508644104004,5.546562671661377
1790267291324514000,20.63551416015625,-5.661418437957764,-9.664610862731934,5.170889854431152
1790267291341767200,20.65276708984375,-5.295316696166992,-9.91107177734375,4.491328239440918
1790267291359019800,20.670019775390625,-6.180660724639893,-10.552348136901855,4.570291042327881
1790267291376272400,20.6872724609375,-5.697310924530029,-11.097911834716797,5.443671703338623
1790267291393525200,20.704525146484375,-5.19242525100708,-10.75813102722168,5.06799840927124
1790267291410778000,20.721778076171876,-5.216353416442871,-9.248259544372559,4.132404804229736
1790267291428031000,20.739031005859374,-4.646861553192139,-7.503891944885254,3.761517286300659
1790267291445283800,20.756283935546875,-3.9290146827697754,-6.649653911590576,4.2281174659729
1790267291462536700,20.77353662109375,-4.271188259124756,-7.128218650817871,4.46979284286499
1790267291479789800,20.790789794921874,-5.4556355476379395,-8.312665939331055,3.8668015003204346
1790267291497042700,20.808042724609376,-5.874379634857178,-8.906085968017578,3.5461630821228027
1790267291514295600,20.825295654296873,-5.924628734588623,-9.42054271697998,4.216153621673584
1790267291531548200,20.842548095703126,-5.905486106872559,-10.255638122558594,4.577469825744629
1790267291548801000,20.859801025390624,-5.426921844482422,-10.703095436096191,4.232903480529785
1790267291566053600,20.8770537109375,-4.46979284286499,-9.7005033493042,3.768695592880249
1790267291583306500,20.894306396484374,-3.4408788681030273,-8.00638484954834,3.90987229347229
1790267291600559400,20.911559326171876,-3.4480574131011963,-6.723831653594971,4.039084434509277
1790267291617812500,20.9288125,-4.450650215148926,-6.3840508460998535,3.792623996734619
1790267291635065000,20.946065185546875,-5.4795637130737305,-7.149754047393799,4.132404804229736
1790267291652318000,20.96331787109375,-5.498706340789795,-8.185846328735352,5.436492919921875
1790267291669570600,20.980570556640625,-5.898307800292969,-9.008976936340332,6.1399827003479
1790267291686823400,20.997823486328127,-6.527620315551758,-9.078369140625,6.240481376647949
1790267291704076300,21.015076171875,-6.589833736419678,-8.757730484008789,5.9509501457214355
1790267291721329200,21.0323291015625,-6.539584159851074,-8.214560508728027,5.888736724853516
1790267291738582000,21.04958203125,-6.116054534912109,-7.609176158905029,5.690132141113281
1790267291755835000,21.0668349609375,-5.795416355133057,-7.082755088806152,5.407779216766357
1790267291773087500,21.08408740234375,-5.723631858825684,-6.695117950439453,4.938786029815674
1790267291790340000,21.101340087890627,-6.486942291259766,-6.532405853271484,5.058426856994629
1790267291807593200,21.11859326171875,-7.066005229949951,-6.742974281311035,5.335994720458984
1790267291824846000,21.13584619140625,-7.140182971954346,-6.898507595062256,5.056034088134766
1790267291842099000,21.153098876953123,-6.893722057342529,-6.283552169799805,4.919643402099609
1790267291859351800,21.170351806640625,-6.932007312774658,-5.383851051330566,4.704289436340332
1790267291876604400,21.1876044921875,-7.6666035652160645,-4.922036170959473,4.371686935424805
1790267291893857000,21.20485693359375,-7.934599876403809,-4.709074974060059,4.479363918304443
1790267291911110000,21.22210986328125,-7.592426300048828,-4.572684288024902,4.438685894012451
1790267291928362800,21.23936279296875,-7.970492362976074,-4.680361270904541,4.651647090911865
1790267291945616000,21.256615966796875,-8.793622970581055,-5.371886730194092,4.438685894012451
1790267291962868700,21.27386865234375,-7.448856830596924,-5.335994720458984,4.101297855377197
1790267291980121600,21.29112158203125,-6.503692150115967,-3.7184464931488037,3.9840497970581055
1790267291997374500,21.30837451171875,-6.661618232727051,-2.7828526496887207,4.175475597381592
1790267292014627300,21.32562744140625,-6.776473522186279,-2.3856441974639893,3.809373617172241
1790267292031880200,21.342880126953126,-5.726024627685547,-1.9692929983139038,2.9288148880004883
1790267292049132800,21.3601328125,-5.941378593444824,-1.7324036359786987,2.2444677352905273
1790267292066385700,21.3773857421875,-6.0777692794799805,-1.6845471858978271,1.667797327041626
1790267292083638500,21.394638427734375,-5.690132141113281,-1.4189438819885254,1.6055840253829956
1790267292100891400,21.411891357421876,-5.816951751708984,-0.8279166221618652,1.3519448041915894
1790267292118144300,21.429144287109374,-7.010970115661621,-0.6125625967979431,1.2275179624557495
1790267292135397000,21.446397216796875,-6.601797580718994,-0.1986042857170105,1.825723648071289
1790267292152649700,21.463649658203124,-6.501298904418945,-0.1986042857170105,1.9884356260299683
1790267292169902600,21.480902587890625,-7.238288402557373,-0.8901300430297852,2.014756679534912
1790267292187155200,21.4981552734375,-6.7070817947387695,-1.6606189012527466,2.139183521270752
1790267292204408000,21.515407958984376,-6.530013084411621,-1.5146567821502686,2.1200408935546875
1790267292221661200,21.5326611328125,-6.283552169799805,-0.2273181527853012,2.478964328765869
1790267292238914000,21.5499140625,-6.467799663543701,-0.02153540402650833,2.5220351219177246
1790267292256166700,21.567166748046876,-5.972485542297363,-0.35892340540885925,3.077169895172119
1790267292273419500,21.58441943359375,-5.630311489105225,-0.607776939868927,3.0891339778900146
1790267292290672000,21.601672119140623,-6.850651264190674,-0.7513462901115417,3.548556089401245
1790267292307925000,21.618925048828125,-7.202396392822266,-1.1676974296569824,4.450650215148926
1790267292325177900,21.636177734375,-6.965506553649902,-1.8807586431503296,5.010570526123047
1790267292342430700,21.6534306640625,-6.120840549468994,-2.667997360229492,5.027320384979248
1790267292359683600,21.67068359375,-6.2189459800720215,-3.1824541091918945,5.194818019866943
1790267292376936400,21.6879365234375,-6.393621921539307,-3.5270206928253174,5.252245903015137
1790267292394189000,21.70518896484375,-6.178267955780029,-3.9792640209198,5.170889854431152
1790267292411442000,21.72244189453125,-5.733202934265137,-4.450650215148926,5.223531723022461
1790267292428694800,21.73969482421875,-6.209374904632568,-4.835894584655762,5.5345988273620605
1790267292445947600,21.75694775390625,-6.441478729248047,-5.000999450683594,5.376672267913818
1790267292463200500,21.774200439453125,-5.955735683441162,-5.044070243835449,5.06082010269165
1790267292480453400,21.791453369140626,-5.553741455078125,-5.13021183013916,4.809573650360107
1790267292497706000,21.8087060546875,-5.723631858825684,-5.551348686218262,4.493721008300781
1790267292514958600,21.82595849609375,-7.142575740814209,-6.269195556640625,5.101497650146484
1790267292532211500,21.84321142578125,-7.18086051940918,-6.991827964782715,5.410171985626221
1790267292549464600,21.860464599609376,-7.3292155265808105,-7.609176158905029,4.9435715675354
1790267292566717400,21.877717529296874,-7.386643409729004,-8.188239097595215,4.34536600112915
1790267292583970300,21.89497021484375,-7.401000499725342,-8.685946464538574,4.053441524505615
1790267292601223000,21.912222900390624,-6.953542709350586,-9.387042999267578,4.886143684387207
1790267292618475500,21.9294755859375,-6.096911907196045,-10.155138969421387,4.9124650955200195
1790267292635728400,21.946728271484375,-5.60399055480957,-10.604990005493164,4.555934429168701
1790267292652981200,21.963981201171876,-5.831308841705322,-10.449456214904785,4.1036906242370605
1790267292670234000,21.981234130859374,-5.6590256690979,-9.535398483276367,3.9146578311920166
1790267292687487200,21.9984873046875,-5.656632900238037,-8.72901725769043,4.225724697113037
1790267292704740000,22.015739990234376,-5.264209747314453,-8.461020469665527,5.034498691558838
1790267292721993000,22.032992919921874,-5.6925249099731445,-8.86780071258545,6.465406894683838
1790267292739245800,22.050245849609375,-6.1328043937683105,-9.241081237792969,6.680760860443115
1790267292756498700,22.067498779296876,-5.843272686004639,-9.114261627197266,6.405586242675781
1790267292773751300,22.084751220703126,-5.556134223937988,-8.664410591125488,5.491528034210205
1790267292791004200,22.102004150390623,-5.539384365081787,-8.779266357421875,4.479363918304443
1790267292808256800,22.1192568359375,-5.577669620513916,-8.9850492477417,3.895515203475952
1790267292825510000,22.136510009765626,-5.582455158233643,-8.894122123718262,4.125226020812988
1790267292842762800,22.1537626953125,-5.517848968505859,-8.72901725769043,4.402793884277344
1790267292860015600,22.171015625,-5.529813289642334,-8.621339797973633,4.316651821136475
1790267292877268200,22.188268310546874,-5.326423168182373,-8.726624488830566,4.015156269073486
1790267292894521000,22.20552099609375,-5.115854740142822,-8.920442581176758,4.012763500213623
1790267292911773700,22.222773681640625,-5.120640277862549,-9.123832702636719,3.9457645416259766
1790267292929026600,22.240026611328126,-4.9292144775390625,-8.997013092041016,4.053441524505615
1790267292946279400,22.257279541015624,-4.139583110809326,-8.382058143615723,4.185046672821045
1790267292963532500,22.274532470703125,-3.728017568588257,-7.95134973526001,4.132404804229736
1790267292980785200,22.29178515625,-5.06082010269165,-8.360522270202637,4.264009952545166
1790267292998038000,22.3090380859375,-6.118447303771973,-9.166903495788574,4.764110088348389
1790267293015290600,22.32629052734375,-5.994020938873291,-9.556933403015137,5.376672267913818
1790267293032543500,22.34354345703125,-5.979663848876953,-8.86062240600586,4.709074974060059
1790267293049796400,22.36079638671875,-5.958128452301025,-7.82692289352417,4.118047714233398
1790267293067049200,22.37804931640625,-5.702096462249756,-7.3986077308654785,4.862215518951416
1790267293084302000,22.395302001953127,-6.197410583496094,-7.039684295654297,4.948357105255127
1790267293101555000,22.412554931640624,-5.489135265350342,-6.826723098754883,4.869394302368164
1790267293118807600,22.4298076171875,-4.828716278076172,-7.1473612785339355,5.280959606170654
1790267293136060200,22.44706005859375,-5.44845724105835,-7.566105365753174,6.1710896492004395
1790267293153313300,22.464313232421876,-6.58265495300293,-7.520641803741455,6.295516490936279
1790267293170566100,22.481566162109374,-7.77188777923584,-7.618747234344482,6.16391134262085
1790267293187819000,22.498819091796875,-8.14516830444336,-8.334200859069824,6.498906135559082
1790267293205072000,22.51607177734375,-7.140182971954346,-8.839086532592773,6.333801746368408
1790267293222324500,22.533324462890626,-7.2335028648376465,-8.212167739868164,5.67338228225708
1790267293239577000,22.5505771484375,-8.413164138793945,-7.716853141784668,6.082555294036865
1790267293256830000,22.567829833984376,-7.75753116607666,-7.219145774841309,6.178267955780029
1790267293274082800,22.585082763671874,-7.037291526794434,-6.314659118652344,5.326423168182373
1790267293291336000,22.6023359375,-7.805387496948242,-5.460421085357666,5.053641319274902
1790267293308588800,22.6195888671875,-6.668796539306641,-5.134997367858887,5.058426856994629
1790267293325841400,22.63684130859375,-6.300302028656006,-5.051248550415039,4.804787635803223
1790267293343094000,22.654093994140624,-5.7547383308410645,-4.618147850036621,4.249652862548828
1790267293360347000,22.671346923828125,-6.7070817947387695,-3.9385859966278076,3.830909013748169
1790267293377599700,22.688599853515626,-6.915257453918457,-3.0340991020202637,3.2590243816375732
1790267293394852600,22.7058525390625,-6.491727828979492,-1.911865234375,3.201596736907959
1790267293412105500,22.72310546875,-5.429314613342285,-1.155733346939087,3.1968109607696533
1790267293429358300,22.7403583984375,-5.020142078399658,-1.3782658576965332,3.4432718753814697
1790267293446611000,22.75761083984375,-6.041877269744873,-2.0171494483947754,3.146561861038208
1790267293463863800,22.77486376953125,-7.101897716522217,-2.210968017578125,2.809173822402954
1790267293481116700,22.79211669921875,-6.836294174194336,-1.6941183805465698,3.6777684688568115
1790267293498369500,22.80936962890625,-7.161718368530273,-1.246660590171814,4.426722049713135
1790267293515622400,22.826622314453125,-6.623332977294922,-1.124626636505127,3.8428730964660645
1790267293532875300,22.843875244140627,-6.149554252624512,-0.5886343717575073,3.404986619949341
1790267293550127900,22.8611279296875,-5.812166213989258,-0.5862415432929993,2.2779672145843506
1790267293567380700,22.878380615234374,-5.962913990020752,-0.8279166221618652,1.0049854516983032
1790267293584633300,22.89563330078125,-5.414957523345947,-0.5862415432929993,-0.0023928226437419653
1790267293601886200,22.91288623046875,-5.266602516174316,0.46899324655532837,0.5575276613235474
1790267293619139300,22.930139404296874,-5.8719868659973145,0.519242525100708,1.5696916580200195
1790267293636392200,22.94739208984375,-6.7310099601745605,-0.1459621787071228,1.9142581224441528
1790267293653644800,22.964644775390624,-6.927221775054932,-0.7824530005455017,2.7661030292510986
1790267293670897700,22.981897705078126,-6.898507595062256,-1.184447169303894,3.3786656856536865
1790267293688150300,22.999150390625,-7.953742504119873,-1.3806586265563965,3.933800458908081
1790267293705403100,23.016403076171876,-6.364908218383789,-1.4213366508483887,4.493721008300781
1790267293722656000,23.033656005859374,-6.020341873168945,-1.4787644147872925,4.1970109939575195
1790267293739908900,23.050908935546875,-6.903293132781982,-1.526620864868164,4.292723655700684
1790267293757161700,23.06816162109375,-6.577869415283203,-1.5553346872329712,4.7401814460754395
1790267293774414600,23.08541455078125,-6.290730953216553,-1.6845471858978271,4.917250633239746
1790267293791667200,23.102667236328124,-6.051448345184326,-2.2995026111602783,5.000999450683594
1790267293808920000,23.119920166015625,-5.793023586273193,-3.242274761199951,4.871787071228027
1790267293826173000,23.1371728515625,-6.45822811126709,-3.9936211109161377,4.517649173736572
1790267293843425800,23.15442578125,-5.759523868560791,-4.285545349121094,3.737588882446289
1790267293860678700,23.1716787109375,-6.501298904418945,-4.34536600112915,3.4911282062530518
1790267293877931500,23.188931640625,-6.51326322555542,-3.8811583518981934,3.864408493041992
1790267293895184600,23.2061845703125,-7.1473612785339355,-3.6681971549987793,4.1347975730896
1790267293912437500,23.2234375,-7.6666035652160645,-4.371686935424805,5.194818019866943
1790267293929690400,23.2406904296875,-7.5086774826049805,-5.592026710510254,5.6207404136657715
1790267293946943000,23.25794287109375,-6.714260101318359,-6.656832695007324,5.9916276931762695
1790267293964195600,23.275195556640625,-7.475177764892578,-7.735995769500732,5.3216376304626465
1790267293981448400,23.292448486328126,-7.630711555480957,-9.114261627197266,5.144568920135498
1790267293998701300,23.309701416015624,-6.178267955780029,-9.91825008392334,4.692325115203857
1790267294015954200,23.3269541015625,-5.5968122482299805,-10.01874828338623,3.792623996734619
1790267294033207300,23.344207275390627,-5.314459323883057,-9.757930755615234,4.182653903961182
1790267294050460000,23.3614599609375,-5.955735683441162,-8.846264839172363,4.223331928253174
1790267294067712500,23.37871240234375,-5.410171985626221,-7.733603000640869,3.8428730964660645
1790267294084965400,23.39596533203125,-4.644468784332275,-7.106683254241943,3.4169507026672363
1790267294102218200,23.41321826171875,-4.780859470367432,-6.829115867614746,4.1036906242370605
1790267294119471000,23.43047119140625,-5.54177713394165,-7.149754047393799,5.288137912750244
1790267294136724000,23.447723876953123,-5.996413707733154,-8.420342445373535,6.221338748931885
1790267294153976800,23.464976806640625,-5.9437713623046875,-10.102497100830078,6.632904529571533
1790267294171229400,23.4822294921875,-6.151947021484375,-11.20080280303955,6.994220733642578
1790267294188482300,23.499482421875,-6.166304111480713,-11.191231727600098,6.970292568206787
1790267294205735000,23.51673486328125,-6.233303070068359,-11.217552185058594,6.372086524963379
1790267294222988000,23.533988037109374,-6.080162525177002,-11.504691123962402,5.934200286865234
1790267294240241000,23.551240966796875,-5.233103275299072,-10.566704750061035,4.577469825744629
1790267294257493800,23.56849365234375,-4.759324073791504,-8.927620887756348,3.139383316040039
1790267294274746400,23.585746337890626,-4.945964336395264,-8.240880966186523,2.730210542678833
1790267294291999200,23.602999267578124,-4.60857629776001,-8.327022552490234,3.13220477104187
1790267294309251800,23.620251953125,-4.158725738525391,-8.226524353027344,3.7543387413024902
1790267294326504700,23.637504638671874,-4.73300313949585,-7.77188777923584,4.302295207977295
1790267294343757600,23.654757568359376,-5.151747226715088,-7.365108013153076,4.548755645751953
1790267294361010700,23.6720107421875,-4.34536600112915,-6.843472957611084,4.386044025421143
1790267294378263300,23.68926318359375,-3.9361932277679443,-6.333801746368408,3.8907296657562256
1790267294395516200,23.70651611328125,-4.151547431945801,-6.173482418060303,3.651447296142578
1790267294412768800,23.723768798828125,-5.099104881286621,-6.345765590667725,3.9218363761901855
1790267294430021600,23.741021728515626,-5.766702651977539,-6.874579429626465,5.01296329498291
1790267294447274500,23.7582744140625,-5.577669620513916,-7.83410120010376,6.297909259796143
1790267294464527400,23.77552734375,-5.343173027038574,-8.925228118896484,6.996613502502441
1790267294481780200,23.7927802734375,-5.278566837310791,-9.291330337524414,7.061219692230225
1790267294499033000,23.810033203125,-5.285745143890381,-9.061619758605957,6.86261510848999
1790267294516285700,23.82728564453125,-5.575276851654053,-9.21715259552002,6.427121639251709
1790267294533538600,23.84453857421875,-4.955535888671875,-9.274580955505371,5.886343479156494
1790267294550791400,23.86179150390625,-4.649254322052002,-8.819944381713867,5.3455657958984375
1790267294568044300,23.879044189453126,-5.168497085571289,-8.279166221618652,4.814359188079834
1790267294585297200,23.896297119140623,-5.565705299377441,-7.898707389831543,3.972085475921631
1790267294602550000,23.913550048828125,-5.132604598999023,-6.955935478210449,3.4432718753814697
1790267294619802600,23.930802734375,-5.460421085357666,-5.86002254486084,2.9838497638702393
1790267294637055500,23.948055419921875,-6.065805435180664,-5.4556355476379395,2.6225335597991943
1790267294654308000,23.96530810546875,-6.92482852935791,-5.793023586273193,2.940778970718384
1790267294671561000,23.98256103515625,-7.188039302825928,-6.111268997192383,3.4983067512512207
1790267294688814000,23.99981396484375,-7.058826923370361,-5.92223596572876,4.374079704284668
1790267294706067000,24.01706689453125,-7.403393268585205,-5.994020938873291,4.886143684387207
1790267294723319600,24.034319580078126,-8.396414756774902,-6.362515449523926,5.197210788726807
1790267294740572200,24.051572265625,-7.752745151519775,-6.427121639251709,6.276373863220215
1790267294757825000,24.068824951171877,-8.394021987915039,-5.410171985626221,7.267002582550049
1790267294775078000,24.086077880859374,-8.082955360412598,-4.711467742919922,6.214160442352295
1790267294792330800,24.103330810546876,-7.3675007820129395,-4.78803825378418,5.359922885894775
1790267294809583600,24.12058349609375,-7.759923934936523,-4.5822553634643555,4.867001056671143
1790267294826836500,24.13783642578125,-7.913064479827881,-4.12761926651001,4.859822750091553
1790267294844089000,24.155089111328124,-7.549355506896973,-4.0079779624938965,4.697110652923584
1790267294861342000,24.172342041015625,-6.711867332458496,-3.6681971549987793,4.108476638793945
1790267294878594600,24.189594482421874,-6.235695838928223,-3.0005996227264404,2.861815929412842
1790267294895847700,24.20684765625,-5.697310924530029,-2.4981069564819336,1.5433706045150757
1790267294913100500,24.2241005859375,-5.730810165405273,-1.734796404838562,0.7872386574745178
1790267294930353400,24.241353515625,-5.132604598999023,-0.882951557636261,0.4905286431312561
1790267294947606000,24.25860595703125,-5.958128452301025,-0.3852444589138031,0.038285162299871445
1790267294964859000,24.27585888671875,-5.79780912399292,-0.11006984114646912,-0.29431718587875366
1790267294982111500,24.293111572265627,-7.022934436798096,0.23449662327766418,0.6436693072319031
1790267294999364400,24.3103642578125,-6.8243303298950195,-0.07657032459974289,2.368894338607788
1790267295016617200,24.3276171875,-7.628318786621094,-0.727418065071106,3.3379876613616943
1790267295033870300,24.344870361328127,-7.846065521240234,-1.1437692642211914,3.5341989994049072
1790267295051123000,24.362123046875,-7.247859954833984,0.13639089465141296,3.211168050765991
1790267295068375800,24.379375732421874,-7.322037220001221,0.4259224236011505,4.101297855377197
1790267295085628400,24.39662841796875,-7.101897716522217,-0.9906286001205444,4.029513359069824
1790267295102881300,24.41388134765625,-6.52044153213501,-1.0552347898483276,2.651247501373291
1790267295120134100,24.431134033203126,-6.106483459472656,-0.6532405614852905,2.4646072387695312
1790267295137387000,24.448386962890623,-5.312066078186035,-0.32303106784820557,3.0556344985961914
1790267295154640000,24.465639892578125,-5.745167255401611,-0.25363919138908386,3.6083765029907227
1790267295171892700,24.482892822265626,-5.989234924316406,-0.4953143000602722,3.7639100551605225
1790267295189145300,24.500145263671875,-5.804987907409668,-1.2681959867477417,3.737588882446289
1790267295206398200,24.517398193359377,-5.759523868560791,-1.954936146736145,3.7878382205963135
1790267295223651000,24.534651123046874,-6.819544315338135,-2.5387847423553467,4.350151538848877
1790267295240904000,24.551904052734375,-7.386643409729004,-3.146561861038208,5.1182475090026855
1790267295258156800,24.56915673828125,-6.553941249847412,-3.5054850578308105,5.190032482147217
1790267295275409700,24.58640966796875,-6.252445697784424,-3.641875982284546,4.862215518951416
1790267295292662300,24.603662353515624,-7.106683254241943,-4.048655986785889,4.835894584655762
1790267295309915100,24.6209150390625,-6.819544315338135,-4.711467742919922,4.900500774383545
1790267295327167700,24.638167724609374,-6.441478729248047,-5.5034918785095215,4.692325115203857
1790267295344420400,24.65542041015625,-7.29810905456543,-6.185446739196777,4.9292144775390625
1790267295361673200,24.672673095703125,-7.101897716522217,-6.790830612182617,5.213960647583008
1790267295378925800,24.68992578125,-7.334001541137695,-7.168896675109863,5.31685209274292
1790267295396178700,24.7071787109375,-6.2428741455078125,-7.427321434020996,5.536991596221924
1790267295413431800,24.724431884765625,-6.592226505279541,-7.637889862060547,5.67338228225708
1790267295430684700,24.7416845703125,-7.331608772277832,-7.9250288009643555,5.745167255401611
1790267295447937300,24.758937255859376,-7.013363361358643,-8.111668586730957,4.922036170959473
1790267295465190100,24.776190185546874,-7.178467750549316,-8.37009334564209,4.419543266296387
1790267295482442800,24.79344287109375,-6.3601226806640625,-8.630910873413086,3.9314076900482178
1790267295499695600,24.810695556640624,-6.2189459800720215,-8.834300994873047,3.7016966342926025
1790267295516948500,24.827948486328125,-6.216553211212158,-8.621339797973633,4.235296249389648
1790267295534201300,24.845201416015627,-5.61116886138916,-7.860422611236572,4.7473602294921875
1790267295551454200,24.8624541015625,-5.594419479370117,-7.137789726257324,5.3455657958984375
1790267295568707000,24.87970703125,-4.957928657531738,-7.190432071685791,5.781059741973877
1790267295585959700,24.896959716796875,-4.9292144775390625,-8.054241180419922,6.2428741455078125
1790267295603212500,24.914212646484376,-5.032105922698975,-8.482556343078613,6.333801746368408
1790267295620465400,24.93146533203125,-5.072783946990967,-8.250452041625977,6.123233318328857
1790267295637718300,24.94871826171875,-5.630311489105225,-8.329415321350098,5.996413707733154
1790267295654971100,24.96597119140625,-5.931807518005371,-9.667003631591797,6.233303070068359
1790267295672224000,24.98322412109375,-5.79063081741333,-11.002198219299316,6.393621921539307
1790267295689476600,25.0004765625,-5.307280540466309,-11.181660652160645,5.718846321105957
1790267295706729500,25.0177294921875,-5.111069202423096,-9.65503978729248,4.8574299812316895
1790267295723982000,25.034982177734374,-4.357329845428467,-7.389036178588867,4.108476638793945
1790267295741235200,25.052235107421875,-3.7902309894561768,-5.857629776000977,3.87876558303833
1790267295758488000,25.069488037109377,-4.218546390533447,-5.737988471984863,3.737588882446289
1790267295775741000,25.086740966796874,-4.4482574462890625,-6.896114826202393,4.130012035369873
1790267295792993500,25.10399365234375,-4.06540584564209,-7.539783954620361,4.304687976837158
1790267295810246400,25.121246337890625,-4.462614059448242,-7.458428382873535,3.9768712520599365
1790267295827499000,25.1384990234375,-5.32403039932251,-7.412964344024658,3.696911096572876
1790267295844752000,25.155751953125,-5.972485542297363,-8.21695327758789,3.720839262008667
1790267295862004700,25.173004638671873,-6.2189459800720215,-9.67657470703125,4.759324073791504
1790267295879257900,25.1902578125,-5.532206058502197,-10.985448837280273,5.726024627685547
1790267295896510500,25.207510498046876,-5.280959606170654,-10.26760196685791,5.190032482147217
1790267295913763300,25.224763427734374,-6.106483459472656,-8.212167739868164,4.000799655914307
1790267295931016000,25.242015869140626,-6.111268997192383,-7.386643409729004,3.675375461578369
1790267295948268800,25.259268798828124,-6.128018856048584,-7.575676441192627,4.268795490264893
1790267295965521700,25.276521728515625,-5.905486106872559,-8.401200294494629,5.132604598999023
1790267295982774500,25.2937744140625,-4.673182487487793,-8.903693199157715,5.194818019866943
1790267296000027400,25.31102734375,-4.067798614501953,-7.707281589508057,4.041477680206299
1790267296017280300,25.3282802734375,-5.31685209274292,-6.147161483764648,3.8213376998901367
1790267296034532900,25.345532958984375,-8.910871505737305,-5.998806476593018,5.225924491882324
1790267296051785500,25.362785400390624,-9.142974853515625,-7.534998416900635,7.575676441192627
1790267296069038600,25.38003857421875,-4.60857629776001,-8.018348693847656,7.22871732711792
1790267296086291500,25.39729150390625,-5.266602516174316,-6.640082836151123,5.632704734802246
1790267296103544300,25.41454443359375,-6.8482584953308105,-6.510870456695557,6.025127410888672
1790267296120797200,25.431797119140626,-6.726224422454834,-6.922435760498047,5.31685209274292
1790267296138049800,25.4490498046875,-6.226124286651611,-6.309873104095459,4.122833251953125
1790267296155302400,25.466302490234376,-7.5086774826049805,-5.213960647583008,4.106083869934082
1790267296172555300,25.48355517578125,-8.367700576782227,-4.974678039550781,4.713860511779785
1790267296189808000,25.50080810546875,-6.56829833984375,-5.398207664489746,4.9292144775390625
1790267296207061200,25.518061279296877,-6.515655994415283,-5.1876397132873535,5.106283664703369
1790267296224314000,25.535314208984374,-7.190432071685791,-5.015356063842773,4.393222332000732
1790267296241566700,25.552566650390624,-8.219346046447754,-5.19242525100708,3.4648072719573975
1790267296258819300,25.5698193359375,-7.9968132972717285,-5.101497650146484,3.462414264678955
1790267296276072200,25.587072265625,-6.558726787567139,-4.120440483093262,4.005585193634033
1790267296293324500,25.604324462890624,-7.161718368530273,-3.594019651412964,4.244867324829102
1790267296310577200,25.6215771484375,-7.491927623748779,-3.9457645416259766,3.2350962162017822
1790267296327829500,25.63882958984375,-7.121040344238281,-3.184846878051758,2.0027925968170166
1790267296345082400,25.656082275390624,-5.850451469421387,-1.6007983684539795,2.311466693878174
1790267296362335500,25.67333544921875,-7.5708909034729,-1.2394821643829346,2.6225335597991943
1790267296379588600,25.690588623046875,-8.267202377319336,-2.03629207611084,2.2444677352905273
1790267296396841700,25.707841796875,-6.173482418060303,-1.9884356260299683,2.998206853866577
1790267296414094600,25.725094482421873,-4.730610370635986,-0.48095735907554626,2.744567632675171
1790267296431347500,25.742347412109375,-6.546762943267822,-0.3397808074951172,1.2131611108779907
1790267296448600300,25.759600341796876,-7.805387496948242,-0.5383850932121277,0.4953143000602722
1790267296465853200,25.776853271484374,-6.070590972900391,0.9930213689804077,2.517249345779419
1790267296483105800,25.794105712890627,-5.742774486541748,1.7515461444854736,2.761317253112793
1790267296500358700,25.811358642578124,-6.685546398162842,0.5934200286865234,2.383251428604126
1790267296517611500,25.828611572265626,-7.530212879180908,-0.05024927482008934,2.045863389968872
1790267296534864400,25.845864501953123,-6.357729911804199,0.27038896083831787,2.7565317153930664
1790267296552117200,25.8631171875,-6.0849480628967285,-0.15074782073497772,3.201596736907959
1790267296569370000,25.8803701171875,-8.09970474243164,-0.4953143000602722,2.9718856811523438
1790267296586622700,25.897622802734375,-8.226524353027344,-0.3278166949748993,3.4552359580993652
1790267296603875600,25.91487548828125,-6.058627128601074,-0.7058826684951782,5.003392219543457
1790267296621128200,25.932128173828126,-6.094519138336182,-1.703689694404602,4.735395908355713
1790267296638381000,25.949381103515623,-6.50608491897583,-2.7493531703948975,2.974278450012207
1790267296655634200,25.96663427734375,-7.523034572601318,-3.397808074951172,2.478964328765869
1790267296672887000,25.983886962890626,-7.073183536529541,-3.22552490234375,3.586841106414795
1790267296690139600,26.0011396484375,-7.1162543296813965,-2.6775684356689453,4.644468784332275
1790267296707392500,26.018392578125,-6.57547664642334,-2.526820659637451,4.768895626068115
1790267296724645000,26.03564501953125,-6.628118515014648,-2.7278177738189697,4.034298896789551
1790267296741898000,26.05289794921875,-7.231110095977783,-3.2997024059295654,3.9984066486358643
1790267296759150800,26.07015087890625,-6.764509677886963,-4.0079779624938965,3.6873397827148438
1790267296776403700,26.08740380859375,-6.288337707519531,-4.666004180908203,3.1274192333221436
1790267296793656600,26.104656494140624,-6.869793891906738,-5.347958564758301,3.012563705444336
1790267296810909400,26.121909423828125,-7.8317084312438965,-5.907878875732422,3.28773832321167
1790267296828162000,26.139162109375,-7.575676441192627,-6.175875186920166,3.6083765029907227
1790267296845415000,26.156414794921876,-7.841279983520508,-6.120840549468994,3.94097900390625
1790267296862667800,26.173667724609373,-7.989634990692139,-6.26440954208374,4.948357105255127
1790267296879920600,26.190920654296875,-7.8795647621154785,-6.869793891906738,5.158925533294678
1790267296897173500,26.208173583984376,-7.389036178588867,-7.671389579772949,4.8813581466674805
1790267296914426400,26.22542626953125,-6.695117950439453,-8.34138011932373,5.00578498840332
1790267296931679000,26.242678955078127,-6.527620315551758,-8.717052459716797,5.146961688995361
1790267296948931800,26.259931884765624,-5.795416355133057,-8.38684368133545,5.240281581878662
1790267296966184400,26.277184326171874,-5.5968122482299805,-7.594819068908691,5.723631858825684
1790267296983437000,26.29443701171875,-5.6207404136657715,-6.86261510848999,6.31944465637207
1790267297000690000,26.31168994140625,-5.434100151062012,-6.544369697570801,6.625725746154785
1790267297017942500,26.328942626953125,-5.077569484710693,-6.429514408111572,6.522834300994873
1790267297035195400,26.3461953125,-4.402793884277344,-6.441478729248047,6.640082836151123
1790267297052448500,26.363448486328124,-4.278367042541504,-6.690331935882568,6.592226505279541
1790267297069701400,26.380701416015626,-4.48414945602417,-7.29810905456543,6.104090690612793
1790267297086954000,26.3979541015625,-4.639683246612549,-8.154739379882812,5.699703693389893
1790267297104206800,26.415206787109376,-5.115854740142822,-9.09990406036377,5.441278457641602
1790267297121459500,26.43245947265625,-5.489135265350342,-9.966106414794922,5.149354457855225
1790267297138712300,26.44971240234375,-5.733202934265137,-10.37767219543457,5.063212871551514
1790267297155965200,26.466965087890625,-5.879165172576904,-10.061819076538086,4.886143684387207
1790267297173218000,26.484218017578126,-5.78345251083374,-9.023334503173828,4.744967460632324
1790267297190471000,26.501470947265624,-5.1804609298706055,-7.798209190368652,4.680361270904541
1790267297207723800,26.518723876953125,-4.642076015472412,-7.197610378265381,3.926621913909912
1790267297224976400,26.535976318359374,-4.47697114944458,-7.295716285705566,3.445664644241333
1790267297242229200,26.553229248046875,-4.280759811401367,-7.814958572387695,3.5437703132629395
1790267297259482000,26.570482177734377,-4.108476638793945,-8.097311973571777,3.7184464931488037
1790267297276735000,26.58773486328125,-4.240081787109375,-8.506484031677246,3.328416347503662
1790267297293987800,26.60498779296875,-4.754538536071777,-8.980263710021973,2.823530673980713
1790267297311240700,26.62224072265625,-4.934000492095947,-9.4660062789917,2.612962245941162
1790267297328493300,26.639493408203126,-4.8191447257995605,-9.600004196166992,2.431107759475708
1790267297345746000,26.656745849609376,-5.123033046722412,-9.324830055236816,2.043470621109009
1790267297362998800,26.673998779296873,-5.680561065673828,-8.963513374328613,2.4574289321899414
1790267297380252000,26.691251953125,-6.142375946044922,-8.638090133666992,3.2231321334838867
1790267297397504800,26.7085048828125,-6.424728870391846,-8.58784008026123,3.806980848312378
1790267297414757600,26.725757568359374,-5.891129493713379,-8.992227554321289,4.639683246612549
1790267297432010200,26.74301025390625,-5.402993679046631,-9.449256896972656,5.216353416442871
1790267297449262800,26.760262939453124,-5.690132141113281,-9.332008361816406,5.469992637634277
1790267297466515700,26.777515625,-6.020341873168945,-8.63330364227295,5.056034088134766
1790267297483768600,26.7947685546875,-6.223731517791748,-8.080561637878418,4.445864677429199
1790267297501021400,26.812021484375,-6.190232276916504,-7.661818027496338,4.409972190856934
1790267297518274600,26.829274658203126,-6.628118515014648,-7.379465103149414,4.524827480316162
1790267297535527200,26.846527099609375,-6.223731517791748,-7.125825881958008,4.72582483291626
1790267297552779800,26.86377978515625,-6.25723123550415,-6.671189308166504,4.675575256347656
1790267297570032600,26.88103271484375,-6.948757171630859,-6.3601226806640625,4.922036170959473
1790267297587285200,26.89828515625,-7.566105365753174,-6.4319071769714355,5.422136306762695
1790267297604538000,26.9155380859375,-7.259823799133301,-6.5419769287109375,5.565705299377441
1790267297621790700,26.932790771484374,-7.654639720916748,-6.491727828979492,5.3694939613342285
1790267297639043600,26.950043701171875,-7.922635555267334,-6.661618232727051,5.513063430786133
1790267297656296400,26.96729638671875,-7.829315662384033,-6.711867332458496,5.771488189697266
1790267297673549300,26.98454931640625,-7.9250288009643555,-6.647261142730713,6.214160442352295
1790267297690802200,27.00180224609375,-7.8388872146606445,-6.364908218383789,6.034698486328125
1790267297708055000,27.019054931640625,-7.1473612785339355,-5.998806476593018,5.335994720458984
1790267297725307600,27.0363076171875,-6.324230194091797,-5.170889854431152,4.716253280639648
1790267297742560300,27.053560302734375,-6.534798622131348,-4.206582069396973,4.139583110809326
1790267297759813400,27.0708134765625,-6.436692714691162,-3.8213376998901367,3.809373617172241
1790267297777066200,27.088066162109374,-5.9509501457214355,-3.5030922889709473,3.5676984786987305
1790267297794319000,27.105319091796876,-5.905486106872559,-2.8666014671325684,3.1513473987579346
1790267297811572000,27.122572021484373,-6.8410797119140625,-1.9692929983139038,2.5603201389312744
1790267297828824600,27.139824462890626,-6.372086524963379,-1.3351950645446777,2.572284460067749
1790267297846077200,27.1570771484375,-6.405586242675781,-0.8446664214134216,3.1896326541900635
1790267297863330000,27.174330078125,-6.38883638381958,-0.8733802437782288,2.321038007736206
1790267297880583000,27.1915830078125,-6.532405853271484,-0.9954141974449158,1.7084753513336182
1790267297897836000,27.2088359375,-6.869793891906738,-0.638883650302887,1.7826528549194336
1790267297915089000,27.2260888671875,-7.161718368530273,-0.4331009089946747,2.486142635345459
1790267297932341500,27.243341552734375,-7.156932353973389,-0.8111668825149536,3.3403804302215576
1790267297949594000,27.260593994140624,-7.558926582336426,-1.526620864868164,3.6610186100006104
1790267297966847000,27.277846923828125,-7.0061845779418945,-1.4404792785644531,3.3643085956573486
1790267297984099800,27.295099853515627,-6.467799663543701,-0.059820566326379776,3.2470602989196777
1790267298001352700,27.312352783203124,-6.175875186920166,0.7250252366065979,3.2279176712036133
1790267298018605600,27.32960546875,-6.991827964782715,0.38285163044929504,3.3164522647857666
1790267298035858400,27.3468583984375,-6.714260101318359,-0.4139583110809326,3.326023578643799
1790267298053111000,27.364111083984376,-6.5252275466918945,-1.1509476900100708,3.3786656856536865
1790267298070364000,27.381364013671874,-6.2428741455078125,-1.667797327041626,3.436093330383301
1790267298087616800,27.39861669921875,-6.295516490936279,-1.7539390325546265,3.594019651412964
1790267298104869600,27.41586962890625,-6.723831653594971,-1.6510475873947144,4.125226020812988
1790267298122122500,27.43312255859375,-5.938985824584961,-1.5074782371520996,4.273581027984619
1790267298139375400,27.450375244140623,-5.953342914581299,-1.306481122970581,4.077369689941406
1790267298156628000,27.4676279296875,-6.984649181365967,-1.3423734903335571,4.235296249389648
1790267298173880800,27.484880859375,-6.8171515464782715,-1.6965112686157227,4.4961137771606445
1790267298191133400,27.502133544921875,-6.4941205978393555,-2.187039852142334,4.560719966888428
1790267298208386300,27.51938623046875,-7.307680130004883,-2.888136863708496,4.517649173736572
1790267298225639000,27.536638916015626,-8.178668022155762,-3.7806596755981445,5.19960355758667
1790267298242891500,27.5538916015625,-7.008577346801758,-4.6301116943359375,5.264209747314453
1790267298260144400,27.571144287109377,-6.589833736419678,-5.319244861602783,4.831109046936035
1790267298277397500,27.5883974609375,-6.309873104095459,-5.840879917144775,4.986642360687256
1790267298294650400,27.605650390625,-6.594619274139404,-6.3601226806640625,4.840680122375488
1790267298311903200,27.6229033203125,-6.192625045776367,-6.39601469039917,4.948357105255127
1790267298329155800,27.64015576171875,-6.333801746368408,-6.003592014312744,4.730610370635986
1790267298346408400,27.657408447265624,-5.938985824584961,-5.185246467590332,4.974678039550781
1790267298363661300,27.674661376953125,-5.776273727416992,-4.694717884063721,4.986642360687256
1790267298380914200,27.6919140625,-6.675975322723389,-5.008177757263184,5.0943193435668945
1790267298398167000,27.7091669921875,-6.410371780395508,-6.029912948608398,5.333601474761963
1790267298415420200,27.726420166015625,-5.972485542297363,-7.319644451141357,5.300102233886719
1790267298432672800,27.7436728515625,-5.970092296600342,-8.496912956237793,5.144568920135498
1790267298449925400,27.76092529296875,-6.168696880340576,-9.707681655883789,4.615755081176758
1790267298467178200,27.77817822265625,-5.986842155456543,-10.435099601745605,4.634897232055664
1790267298484431000,27.79543115234375,-5.606383323669434,-10.301101684570312,4.845465660095215
1790267298501684000,27.81268408203125,-5.733202934265137,-9.54496955871582,5.020142078399658
1790267298518936800,27.829936767578126,-5.737988471984863,-8.874979019165039,5.678168296813965
1790267298536189700,27.847189697265627,-5.599205017089844,-8.484949111938477,5.864808082580566
1790267298553442300,27.8644423828125,-4.898108005523682,-8.190631866455078,5.711667537689209
1790267298570695200,27.881695068359374,-4.4243292808532715,-7.984848976135254,5.682953834533691
1790267298587947800,27.89894775390625,-4.412364959716797,-8.09970474243164,5.72841739654541
1790267298605200600,27.91620068359375,-5.398207664489746,-8.58066177368164,5.764309883117676
1790267298622453200,27.933453369140626,-5.8959150314331055,-9.016156196594238,5.522634506225586
1790267298639705900,27.950705810546875,-5.9198431968688965,-9.375079154968262,5.079962253570557
1790267298656959000,27.967958984375,-5.843272686004639,-9.789037704467773,4.661218643188477
1790267298674211800,27.9852119140625,-5.618347644805908,-10.03549861907959,4.4961137771606445
1790267298691464700,28.002464599609375,-5.5728840827941895,-9.489934921264648,3.806980848312378
1790267298708717600,28.019717529296877,-5.647061347961426,-8.669196128845215,3.5150563716888428
1790267298725970200,28.03697021484375,-4.828716278076172,-8.030312538146973,3.352344512939453
1790267298743222800,28.054222900390624,-4.0558342933654785,-7.642675399780273,3.5533416271209717
1790267298760475600,28.0714755859375,-4.053441524505615,-7.759923934936523,4.235296249389648
1790267298777728500,28.088728515625,-4.721039295196533,-8.188239097595215,4.88853645324707
1790267298794981600,28.105981689453124,-5.06082010269165,-8.46341323852539,4.9124650955200195
1790267298812234500,28.123234375,-4.945964336395264,-8.597412109375,4.756931304931641
1790267298829487000,28.140487060546874,-4.907679080963135,-8.62612533569336,4.917250633239746
1790267298846739700,28.15773974609375,-5.077569484710693,-8.511270523071289,5.034498691558838
1790267298863992600,28.17499267578125,-5.568098068237305,-8.161917686462402,4.438685894012451
1790267298881245400,28.192245361328126,-5.642275810241699,-7.738388538360596,4.3070807456970215
1790267298898498300,28.209498291015624,-5.458028316497803,-7.417750358581543,4.512863636016846
1790267298915751200,28.226751220703125,-5.599205017089844,-7.341179847717285,4.67078971862793
1790267298933004000,28.244004150390627,-5.986842155456543,-7.467999458312988,4.88853645324707
1790267298950256600,28.261256591796876,-5.699703693389893,-7.518248558044434,5.266602516174316
1790267298967509500,28.278509521484374,-5.362315654754639,-7.417750358581543,5.13739013671875
1790267298984762000,28.29576220703125,-6.089733600616455,-7.35314416885376,5.13739013671875
1790267299002014700,28.3130146484375,-7.063612461090088,-7.599604606628418,5.6925249099731445
1790267299019267600,28.330267578125,-6.340980052947998,-7.812565803527832,6.233303070068359
1790267299036520200,28.347520263671875,-6.005984783172607,-7.530212879180908,6.25723123550415
1790267299053773300,28.364773193359376,-5.831308841705322,-7.0683979988098145,6.204588890075684
1790267299071026200,28.382026123046874,-5.998806476593018,-6.563512325286865,5.979663848876953
1790267299088279000,28.399279052734375,-6.309873104095459,-6.151947021484375,5.458028316497803
1790267299105531600,28.41653173828125,-6.10169792175293,-5.879165172576904,4.95074987411499
1790267299122784500,28.433784423828126,-5.9676995277404785,-5.733202934265137,4.314259052276611
1790267299140037000,28.451037109375,-6.142375946044922,-5.60399055480957,3.8979079723358154
1790267299157290000,28.4682900390625,-6.9583282470703125,-5.381458282470703,4.41475772857666
1790267299174542800,28.48554296875,-7.613961696624756,-5.32403039932251,5.039284706115723
1790267299191796000,28.5027958984375,-7.200003147125244,-5.089533805847168,4.955535888671875
1790267299209048600,28.520048583984376,-7.044469833374023,-4.768895626068115,4.589433670043945
1790267299226301400,28.537301513671874,-7.69531774520874,-4.412364959716797,4.266402721405029
1790267299243554000,28.554553955078124,-7.814958572387695,-4.012763500213623,4.074976921081543
1790267299260807000,28.571806884765625,-6.671189308166504,-3.469592809677124,4.29033088684082
1790267299278059800,28.589059814453126,-6.8243303298950195,-3.507878065109253,3.9074792861938477
1790267299295312600,28.606312744140624,-6.6113691329956055,-3.7088751792907715,2.9551360607147217
1790267299312565500,28.6235654296875,-7.75753116607666,-3.2853455543518066,2.3808584213256836
1790267299329818400,28.640818359375,-7.118647575378418,-2.56510591506958,2.589034080505371
1790267299347071000,28.658071044921876,-7.7838521003723145,-2.122433662414551,2.847458839416504
1790267299364323800,28.67532373046875,-7.216753005981445,-1.9621145725250244,2.926422119140625
1790267299381576400,28.692576416015626,-6.975078105926514,-1.3543375730514526,3.1896326541900635
1790267299398829000,28.7098291015625,-7.106683254241943,-0.6675975322723389,2.9479575157165527
1790267299416082000,28.72708203125,-6.362515449523926,-0.3756731450557709,2.438286304473877
1790267299433334800,28.744334716796875,-6.8243303298950195,-0.2871387302875519,2.2325034141540527
1790267299450587600,28.761587646484376,-6.5252275466918945,-0.064606212079525,2.139183521270752
1790267299467840500,28.778840576171874,-7.214360237121582,0.11246266216039658,2.4574289321899414
1790267299485093400,28.79609326171875,-7.357929706573486,0.07178468257188797,2.6799614429473877
1790267299502346000,28.813345947265624,-6.6831536293029785,-0.05742774158716202,3.043670415878296
1790267299519598800,28.830598876953125,-6.070590972900391,-0.3038884699344635,3.1417760848999023
1790267299536851500,28.8478515625,-6.6831536293029785,-0.6556333899497986,3.538984775543213
1790267299554104300,28.865104248046876,-6.340980052947998,-0.5575276613235474,2.902493953704834
1790267299571357400,28.882357421875,-6.233303070068359,-0.31824541091918945,3.610769271850586
1790267299588610300,28.8996103515625,-5.601597785949707,-0.4019941985607147,4.603790760040283
1790267299605863000,28.91686279296875,-6.2428741455078125,-0.9427721500396729,4.893322467803955
1790267299623115800,28.93411572265625,-6.369693756103516,-1.6151553392410278,4.807180881500244
1790267299640368400,28.951368408203123,-6.333801746368408,-1.852044701576233,4.460221290588379
1790267299657621200,28.968621337890625,-5.788238048553467,-1.6414763927459717,4.620540618896484
1790267299674873900,28.985873779296874,-5.9509501457214355,-1.5553346872329712,4.675575256347656
1790267299692126500,29.00312646484375,-6.230910301208496,-1.9956140518188477,4.66361141204834
1790267299709379300,29.02037939453125,-5.929414749145508,-2.6368906497955322,4.302295207977295
1790267299726632200,29.037632080078126,-6.467799663543701,-3.4193434715270996,4.139583110809326
1790267299743885000,29.054885009765623,-6.826723098754883,-4.342973232269287,3.8117663860321045
1790267299761138200,29.07213818359375,-7.355536937713623,-5.347958564758301,3.902693748474121
1790267299778390800,29.089390869140626,-7.063612461090088,-6.446264266967773,4.204189300537109
1790267299795643400,29.106643310546875,-6.977470874786377,-7.35314416885376,4.18983268737793
1790267299812896300,29.123896240234377,-7.10429048538208,-7.731209754943848,4.388436794281006
1790267299830149000,29.141149169921874,-6.843472957611084,-7.499105930328369,4.685146808624268
1790267299847402000,29.158402099609376,-6.333801746368408,-6.759724140167236,4.835894584655762
1790267299864654800,29.17565478515625,-5.735595703125,-5.974878311157227,4.503292083740234
1790267299881907700,29.19290771484375,-6.300302028656006,-5.67338228225708,4.6372904777526855
1790267299899160300,29.210160400390624,-6.869793891906738,-5.9676995277404785,5.048855781555176
1790267299916413200,29.2274130859375,-6.678368091583252,-6.867401123046875,5.084748268127441
1790267299933665800,29.244665771484375,-5.903093338012695,-8.109275817871094,5.280959606170654
1790267299950919000,29.2619189453125,-6.197410583496094,-9.238688468933105,5.4173502922058105
1790267299968171800,29.279171875,-6.161518096923828,-9.695717811584473,5.436492919921875
1790267299985424600,29.296424560546875,-5.764309883117676,-9.305686950683594,5.2354960441589355
1790267300002677200,29.31367724609375,-5.632704734802246,-8.884550094604492,5.288137912750244
1790267300019930000,29.33093017578125,-4.9986066818237305,-8.745766639709473,5.515456199645996
1790267300037182700,29.3481826171875,-5.347958564758301,-9.001798629760742,5.6446685791015625
1790267300054435600,29.365435546875,-5.0943193435668945,-9.255437850952148,5.867201328277588
1790267300071688200,29.382688232421874,-4.510470867156982,-8.874979019165039,5.857629776000977
1790267300088940800,29.39994091796875,-4.6061835289001465,-8.147561073303223,5.302495002746582
1790267300106193700,29.417193603515624,-4.895715236663818,-7.728816986083984,4.201796531677246
1790267300123446500,29.434446533203126,-5.7619171142578125,-7.678567886352539,3.603590965270996
1790267300140699600,29.45169970703125,-6.738188743591309,-7.891529083251953,3.9601213932037354
1790267300157952500,29.468952392578124,-6.9344000816345215,-8.50169849395752,4.589433670043945
1790267300175205000,29.486205078125,-6.314659118652344,-8.767302513122559,4.680361270904541
1790267300192457700,29.503457763671875,-6.125626087188721,-8.963513374328613,4.199403762817383
1790267300209710600,29.520710693359376,-5.553741455078125,-9.300901412963867,3.510270833969116
1790267300226963500,29.53796337890625,-5.2043890953063965,-9.470791816711426,3.469592809677124
1790267300244216300,29.55521630859375,-4.814359188079834,-9.343972206115723,3.8835511207580566
1790267300261469200,29.57246923828125,-4.560719966888428,-8.870193481445312,4.0319061279296875
1790267300278722000,29.58972216796875,-4.1659040451049805,-8.135597229003906,3.8500516414642334
1790267300295974700,29.606974609375,-4.6995038986206055,-7.520641803741455,3.665804386138916
1790267300313227500,29.6242275390625,-5.383851051330566,-7.45364236831665,4.565505504608154
1790267300330480000,29.641480224609374,-5.398207664489746,-7.886743545532227,5.812166213989258
1790267300347732700,29.658732666015624,-4.893322467803955,-8.319844245910645,6.245266914367676
1790267300364985600,29.675985595703125,-4.357329845428467,-8.207381248474121,5.5968122482299805
1790267300382238200,29.69323828125,-4.41475772857666,-7.714460372924805,4.800002098083496
1790267300399491300,29.7104912109375,-5.079962253570557,-7.312466144561768,4.67078971862793
1790267300416744200,29.727744140625,-5.917450428009033,-7.314858913421631,5.5106706619262695
1790267300433997000,29.7449970703125,-6.020341873168945,-7.5086774826049805,5.986842155456543
1790267300451249700,29.762249755859376,-5.726024627685547,-7.479963779449463,5.773880958557129
1790267300468502500,29.77950244140625,-6.558726787567139,-7.597211837768555,6.0777692794799805
1790267300485755100,29.796755126953126,-7.29093074798584,-7.910671710968018,7.046862602233887
1790267300503008000,29.814008056640624,-6.197410583496094,-7.8077802658081055,6.424728870391846
1790267300520260900,29.8312607421875,-5.230710506439209,-7.125825881958008,5.218746185302734
1790267300537514000,29.848513916015627,-5.704489231109619,-6.290730953216553,5.020142078399658
1790267300554766600,29.8657666015625,-6.1399827003479,-5.965306758880615,5.682953834533691
1790267300572019500,29.88301953125,-6.656832695007324,-6.2500529289245605,6.453442573547363
1790267300589272000,29.90027197265625,-6.565905570983887,-6.577869415283203,6.206982135772705
1790267300606525000,29.91752490234375,-6.853044033050537,-6.642475605010986,5.893522262573242
1790267300623777500,29.934777587890625,-6.120840549468994,-6.39601469039917,5.307280540466309
1790267300641030100,29.952030029296875,-5.979663848876953,-5.5728840827941895,5.271388053894043
1790267300658283000,29.969282958984376,-7.286144733428955,-5.101497650146484,5.431707382202148
1790267300675535400,29.986535400390625,-7.441678524017334,-4.902893543243408,5.223531723022461
1790267300693046800,30.004046875,-6.826723098754883,-4.292723655700684,4.350151538848877
1790267300710644200,30.021644287109375,-6.994220733642578,-3.713660717010498,4.555934429168701
1790267300728242000,30.039241943359375,-6.754938125610352,-3.950550079345703,4.541577339172363
1790267300745839400,30.05683935546875,-6.144768714904785,-4.024727821350098,3.768695592880249
1790267300763437000,30.07443701171875,-6.5419769287109375,-3.4576287269592285,3.2159535884857178
1790267300781034800,30.09203466796875,-6.898507595062256,-2.988635540008545,2.933600664138794
1790267300798632400,30.109632568359373,-7.056434154510498,-2.225325107574463,2.806781053543091
1790267300816230100,30.127230224609374,-6.606583118438721,-1.155733346939087,3.232703447341919
1790267300833827800,30.144827880859374,-8.032705307006836,-0.9236295223236084,3.9433717727661133
1790267300851425800,30.16242578125,-7.597211837768555,-1.9453648328781128,3.297309637069702
1790267300868971300,30.17997119140625,-7.089933395385742,-2.3258235454559326,2.816352367401123
1790267300886517000,30.19751708984375,-7.0061845779418945,-1.2394821643829346,3.16331148147583
1790267300904062500,30.2150625,-6.8004021644592285,-1.124626636505127,2.9766714572906494
1790267300921388500,30.232388427734374,-6.719046115875244,-1.0552347898483276,2.6608188152313232
1790267300938641200,30.24964111328125,-6.367300987243652,-0.4043870270252228,2.9383862018585205
1790267300955894000,30.26689404296875,-5.697310924530029,0.27038896083831787,2.9934210777282715
1790267300973146600,30.284146728515626,-5.1182475090026855,0.3086741268634796,2.4335005283355713
1790267300990399200,30.301399169921876,-5.98444938659668,0.08374879509210587,2.4335005283355713
1790267301007652000,30.318652099609373,-5.800201892852783,-0.12921242415905,3.218346357345581
1790267301024904700,30.33590478515625,-5.735595703125,-0.28953152894973755,3.4169507026672363
1790267301042157800,30.35315771484375,-6.50608491897583,-0.47617170214653015,3.2446675300598145
1790267301059410700,30.37041064453125,-6.355337142944336,-0.5383850932121277,3.7495529651641846
1790267301076663600,30.38766357421875,-6.008377552032471,-0.9236295223236084,3.7639100551605225
1790267301093916200,30.404916259765624,-6.175875186920166,-1.4931213855743408,4.240081787109375
1790267301111169000,30.4221689453125,-6.355337142944336,-2.0410776138305664,4.735395908355713
1790267301128421600,30.439421630859375,-6.5419769287109375,-2.5435705184936523,4.780859470367432
1790267301145674500,30.456674560546876,-6.281159400939941,-3.2303106784820557,4.12761926651001
1790267301162927000,30.473927001953125,-6.120840549468994,-4.086941242218018,3.9050865173339844
1790267301180179700,30.4911796875,-5.7619171142578125,-4.646861553192139,3.7471601963043213
1790267301197432600,30.5084326171875,-5.613562107086182,-4.625326156616211,3.2470602989196777
1790267301214685400,30.525685546875,-6.204588890075684,-4.400400638580322,3.5820555686950684
1790267301231938600,30.5429384765625,-5.7164530754089355,-4.01037073135376,3.6705899238586426
1790267301249191400,30.56019140625,-5.2977094650268555,-3.783052682876587,3.730410575866699
1790267301266444000,30.577444091796874,-6.738188743591309,-3.9864425659179688,3.9314076900482178
1790267301283696600,30.594696533203123,-8.075776100158691,-4.505684852600098,4.768895626068115
1790267301300949500,30.611949462890625,-7.164111137390137,-5.560919761657715,5.395814895629883
1790267301318202400,30.629202392578126,-6.226124286651611,-7.159325122833252,5.498706340789795
1790267301335455200,30.646455322265624,-6.173482418060303,-8.678768157958984,5.407779216766357
1790267301352708000,30.6637080078125,-6.324230194091797,-9.695717811584473,5.218746185302734
1790267301369961000,30.6809609375,-6.565905570983887,-9.667003631591797,5.1804609298706055
1790267301387213600,30.698213623046875,-7.288537979125977,-8.965906143188477,5.213960647583008
1790267301404466400,30.715466552734377,-7.04925537109375,-8.34138011932373,5.661418437957764
1790267301421719000,30.732718994140626,-6.015556335449219,-8.078168869018555,6.087340831756592
1790267301438971600,30.7499716796875,-5.26899528503418,-8.154739379882812,6.357729911804199
1790267301456224500,30.767224609375,-4.862215518951416,-8.243273735046387,6.151947021484375
1790267301473477000,30.78447705078125,-5.347958564758301,-7.970492362976074,5.4628143310546875
1790267301490730200,30.801730224609376,-5.146961688995361,-7.599604606628418,5.063212871551514
1790267301507983000,30.818983154296873,-5.527420520782471,-7.625925540924072,5.242674350738525
1790267301525236000,30.836236083984375,-5.891129493713379,-8.719446182250977,5.759523868560791
1790267301542488600,30.853488525390624,-5.362315654754639,-10.01874828338623,5.450850009918213
1790267301559741400,30.870741455078125,-4.565505504608154,-10.01874828338623,4.6061835289001465
1790267301576994000,30.887994140625,-4.481756687164307,-8.865407943725586,3.9601213932037354
1790267301594247000,30.905246826171876,-5.051248550415039,-7.597211837768555,3.7423746585845947
1790267301611499800,30.922499755859373,-5.170889854431152,-7.314858913421631,4.673182487487793
1790267301628753000,30.9397529296875,-5.773880958557129,-8.070990562438965,4.744967460632324
1790267301646005500,30.957005615234376,-5.737988471984863,-9.164510726928711,4.505684852600098
1790267301663258400,30.97425830078125,-5.998806476593018,-9.647860527038574,4.661218643188477
1790267301680511000,30.991510986328127,-6.364908218383789,-9.422935485839844,4.618147850036621
1790267301697763800,31.008763916015624,-5.927021503448486,-9.190832138061523,4.627718925476074
1790267301715016400,31.026016357421874,-4.7401814460754395,-9.049654960632324,4.802394866943359
1790267301732269000,31.04326904296875,-4.218546390533447,-8.824729919433594,4.60857629776001
1790267301749522000,31.06052197265625,-3.9912281036376953,-8.590232849121094,4.110869407653809
1790267301766774800,31.07777490234375,-4.077369689941406,-8.11406135559082,3.6993038654327393
1790267301784027600,31.095027587890623,-3.981656789779663,-7.645068168640137,4.019941806793213
1790267301801280500,31.112280517578125,-4.388436794281006,-7.334001541137695,4.4243292808532715
1790267301818533400,31.129533447265626,-5.0703911781311035,-7.628318786621094,4.768895626068115
1790267301835786000,31.146785888671875,-5.481956481933594,-8.147561073303223,4.603790760040283
1790267301853038800,31.164038818359376,-5.575276851654053,-8.58784008026123,4.785645484924316
1790267301870291500,31.18129150390625,-6.307480335235596,-8.894122123718262,4.969892501831055
1790267301887544300,31.19854443359375,-6.5252275466918945,-8.748159408569336,5.065605640411377
1790267301904797000,31.215796875,-5.824130535125732,-8.23130989074707,4.768895626068115
1790267301922049800,31.2330498046875,-5.60399055480957,-7.6474609375,4.338187217712402
1790267301939302700,31.250302734375,-6.017949104309082,-7.64028263092041,4.3310089111328125
1790267301956555500,31.267555419921877,-5.814558982849121,-7.616354465484619,4.577469825744629
1790267301973808400,31.284808349609374,-5.575276851654053,-7.345965385437012,5.1804609298706055
1790267301991061200,31.302061279296876,-5.910272121429443,-7.403393268585205,6.113661766052246
1790267302008313900,31.31931396484375,-6.178267955780029,-7.6666035652160645,6.372086524963379
1790267302025566500,31.33656640625,-6.245266914367676,-7.503891944885254,5.759523868560791
1790267302042819300,31.3538193359375,-6.766902446746826,-6.742974281311035,5.723631858825684
1790267302060072400,31.371072509765625,-6.563512325286865,-5.867201328277588,5.78345251083374
1790267302077325300,31.3883251953125,-7.077969551086426,-5.257031440734863,5.996413707733154
1790267302094578200,31.405578125,-7.403393268585205,-5.414957523345947,5.867201328277588
1790267302111830800,31.422830810546873,-6.809973239898682,-5.680561065673828,5.338387489318848
1790267302129083400,31.44008349609375,-6.884150981903076,-5.362315654754639,5.266602516174316
1790267302146336300,31.457336181640624,-7.386643409729004,-5.000999450683594,5.2115678787231445
1790267302163588900,31.4745888671875,-7.64028263092041,-4.900500774383545,4.661218643188477
1790267302180841700,31.491841796875,-7.130611419677734,-4.778466701507568,3.9385859966278076
1790267302198094300,31.50909423828125,-7.6474609375,-4.386044025421143,3.6921253204345703
1790267302215347200,31.52634716796875,-7.302894592285156,-3.8021950721740723,3.950550079345703
1790267302232600000,31.54360009765625,-7.04207706451416,-3.1417760848999023,4.115654945373535
1790267302249853200,31.560853271484376,-6.896114826202393,-2.6560330390930176,3.9194436073303223
1790267302267105800,31.578105712890626,-6.807580471038818,-2.1535403728485107,3.5581271648406982
1790267302284358700,31.595358642578127,-6.632904529571533,-1.8999011516571045,3.1728827953338623
1790267302301611300,31.612611328125,-6.2668023109436035,-1.2394821643829346,2.6153552532196045
1790267302318864000,31.62986376953125,-6.436692714691162,-0.4450650215148926,2.328216314315796
1790267302336116700,31.64711669921875,-6.666403770446777,-0.16271193325519562,2.7014968395233154
1790267302353369300,31.664369384765624,-7.491927623748779,-0.8279166221618652,3.6681971549987793
1790267302370622200,31.681622314453126,-6.97268533706665,-1.7491533756256104,4.1491546630859375
1790267302387875000,31.698875,-6.989434719085693,-1.8065811395645142,4.42193603515625
1790267302405128000,31.7161279296875,-7.336394309997559,-1.1318050622940063,4.4243292808532715
1790267302422380800,31.733380859375,-6.178267955780029,0.11724831163883209,4.106083869934082
1790267302439633700,31.750633544921875,-4.969892501831055,0.6843472719192505,4.175475597381592
1790267302456886300,31.76788623046875,-4.553541660308838,-0.12203395366668701,3.170490026473999
1790267302474139000,31.785138916015626,-5.429314613342285,-1.007378339767456,2.124826431274414
1790267302491391700,31.802391845703124,-5.144568920135498,-1.100698471069336,1.8640087842941284
1790267302508644400,31.819644287109377,-5.285745143890381,-0.5312066078186035,2.038684844970703
1790267302525897200,31.836897216796874,-5.3455657958984375,-0.22013968229293823,2.775674343109131
1790267302543149800,31.85414990234375,-5.450850009918213,-0.4570291340351105,3.177668571472168
1790267302560403000,31.87140283203125,-6.080162525177002,-0.9308080077171326,3.115455150604248
1790267302577655800,31.88865576171875,-6.932007312774658,-1.5337992906570435,3.1728827953338623
1790267302594908700,31.90590869140625,-7.142575740814209,-2.0865414142608643,3.4672000408172607
1790267302612161300,31.923161376953125,-7.412964344024658,-2.9168508052825928,3.407379388809204
1790267302629414100,31.9404140625,-7.822137355804443,-3.6873397827148438,3.9696927070617676
1790267302646666800,31.957666748046876,-6.9822564125061035,-4.063013076782227,4.292723655700684
1790267302663919600,31.974919677734373,-7.477570533752441,-4.6061835289001465,4.326223373413086
1790267302681172500,31.99217236328125,-6.771687984466553,-5.340780258178711,4.47697114944458
1790267302698425600,32.00942553710937,-6.5874409675598145,-5.795416355133057,4.249652862548828
1790267302715678200,32.02667822265625,-6.422336101531982,-5.962913990020752,3.8500516414642334
1790267302732931000,32.04393115234375,-6.364908218383789,-5.685346603393555,4.118047714233398
1790267302750183700,32.06118359375,-6.809973239898682,-5.240281581878662,5.213960647583008
1790267302767436300,32.078436279296874,-6.781259536743164,-5.560919761657715,5.546562671661377
1790267302784689200,32.095689208984375,-6.364908218383789,-6.766902446746826,5.6685967445373535
1790267302801941800,32.112941650390624,-5.996413707733154,-7.917850017547607,5.529813289642334
1790267302819194600,32.130194580078125,-7.202396392822266,-8.6907320022583,5.874379634857178
1790267302836447500,32.14744750976563,-6.721438884735107,-8.69791030883789,5.642275810241699
1790267302853700400,32.16470043945313,-5.979663848876953,-8.250452041625977,5.278566837310791
1790267302870953200,32.181953125,-5.7164530754089355,-7.843672752380371,5.300102233886719
1790267302888206000,32.1992060546875,-6.463014125823975,-7.812565803527832,5.556134223937988
1790267302905458700,32.21645874023437,-6.4941205978393555,-7.874779224395752,5.582455158233643
1790267302922711600,32.233711669921874,-5.077569484710693,-7.664210796356201,5.3312087059021
1790267302939964200,32.25096411132812,-4.9363932609558105,-7.365108013153076,5.398207664489746
1790267302957216800,32.268216796875,-5.558526992797852,-7.384250640869141,5.465207099914551
1790267302974469600,32.2854697265625,-5.970092296600342,-7.95134973526001,5.245067119598389
1790267302991722500,32.302722412109375,-5.706881999969482,-9.214759826660156,5.237888813018799
1790267303008975400,32.31997534179688,-5.843272686004639,-10.863414764404297,5.2977094650268555
1790267303026228200,32.33722827148438,-6.374479293823242,-11.710474014282227,5.589633464813232
1790267303043481000,32.35448120117187,-6.479763507843018,-10.71984577178955,5.484349727630615
1790267303060733700,32.37173364257813,-4.457828521728516,-8.937192916870117,5.099104881286621
1790267303077986600,32.38898657226562,-4.498506546020508,-7.403393268585205,4.06540584564209
1790267303095239200,32.4062392578125,-4.800002098083496,-6.948757171630859,4.644468784332275
1790267303112492000,32.42349194335937,-4.852644443511963,-7.130611419677734,5.72123908996582
1790267303129744600,32.44074462890625,-4.687539577484131,-7.45364236831665,5.544169902801514
1790267303146997200,32.457997314453124,-4.500899314880371,-7.441678524017334,5.376672267913818
1790267303164250000,32.47525,-4.95074987411499,-7.410571575164795,5.103890895843506
1790267303181503200,32.492503173828126,-4.651647090911865,-7.83410120010376,4.852644443511963
1790267303198756000,32.50975610351563,-4.474578380584717,-8.401200294494629,4.161118507385254
1790267303216009000,32.52700903320312,-4.766502857208252,-8.915657043457031,3.5772697925567627
1790267303233261600,32.54426147460938,-5.036891460418701,-9.300901412963867,3.373879909515381
1790267303250514200,32.56151416015625,-5.166104316711426,-9.152546882629395,3.596412420272827
1790267303267767000,32.57876708984375,-5.2977094650268555,-8.681160926818848,3.8763725757598877
1790267303285019600,32.59601953125,-5.838487148284912,-8.23848819732666,4.295116424560547
1790267303302272500,32.6132724609375,-6.2428741455078125,-7.800601959228516,4.756931304931641
1790267303319525400,32.630525390625,-6.367300987243652,-7.539783954620361,5.635097503662109
1790267303336778200,32.6477783203125,-6.03948450088501,-7.451249599456787,6.376872539520264
1790267303354031000,32.665031005859376,-5.678168296813965,-7.393822193145752,6.314659118652344
1790267303371283700,32.68228369140625,-5.431707382202148,-7.314858913421631,5.979663848876953
1790267303388536300,32.69953637695313,-5.618347644805908,-7.405786037445068,5.972485542297363
1790267303405789200,32.7167890625,-6.010770320892334,-7.716853141784668,5.5728840827941895
1790267303423041800,32.73404174804688,-6.551548480987549,-7.989634990692139,5.288137912750244
1790267303440294400,32.75129443359375,-6.932007312774658,-7.891529083251953,5.309673309326172
1790267303457547300,32.76854736328125,-6.314659118652344,-7.451249599456787,5.630311489105225
1790267303474800400,32.78580029296875,-5.548955917358398,-6.632904529571533,5.85284423828125
1790267303492053200,32.80305322265625,-6.317051887512207,-5.855237007141113,5.749952793121338
1790267303509306000,32.82030615234375,-6.034698486328125,-5.881557941436768,5.278566837310791
1790267303526558700,32.837558837890626,-5.31685209274292,-5.869594097137451,4.66361141204834
1790267303543811300,32.854811279296875,-6.704689025878906,-5.539384365081787,4.500899314880371
1790267303561064200,32.872064208984376,-7.88913631439209,-5.429314613342285,4.862215518951416
1790267303578316800,32.88931689453125,-6.936792850494385,-5.618347644805908,5.271388053894043
1790267303595569700,32.90656958007813,-6.783652305603027,-5.2283172607421875,5.06799840927124
1790267303612822300,32.923822265625,-8.322237014770508,-4.7473602294921875,5.003392219543457
1790267303630075100,32.9410751953125,-7.872386455535889,-5.024927616119385,4.309473514556885
1790267303647328000,32.95832788085937,-7.886743545532227,-4.900500774383545,3.924229145050049
1790267303664580900,32.97558081054687,-7.211967468261719,-4.2592244148254395,3.94815731048584
1790267303681833700,32.992833740234374,-8.197810173034668,-3.9601213932037354,4.340580463409424
1790267303699086600,33.010086669921876,-8.011170387268066,-4.0797624588012695,3.7734813690185547
1790267303716339200,33.027339111328125,-6.58265495300293,-3.730410575866699,2.9072794914245605
1790267303733591800,33.044591796875,-5.857629776000977,-2.699103832244873,3.2279176712036133
1790267303750844700,33.0618447265625,-5.520241737365723,-1.8424733877182007,3.2757742404937744
1790267303768097300,33.07909716796875,-5.1804609298706055,-1.057627558708191,2.0961127281188965
1790267303785350100,33.09635009765625,-4.9052863121032715,0.08853443711996078,1.8544375896453857
1790267303802603000,33.11360302734375,-5.539384365081787,0.6364908218383789,1.5696916580200195
1790267303819856000,33.13085595703125,-8.10688304901123,0.040677983313798904,1.4452649354934692
1790267303837108700,33.14810864257812,-7.8556365966796875,-0.8327022790908813,2.1439690589904785
1790267303854361600,33.165361572265624,-6.429514408111572,-1.4404792785644531,3.7567315101623535
1790267303871614200,33.1826142578125,-7.513463020324707,-1.9573289155960083,3.373879909515381
1790267303888867000,33.1998671875,-7.932207107543945,-2.0961127281188965,3.87876558303833
1790267303906119700,33.21711962890625,-6.989434719085693,-0.641276478767395,4.07258415222168
1790267303923372300,33.234372314453125,-7.176074981689453,-0.24885354936122894,4.2209391593933105
1790267303940625200,33.25162524414063,-6.082555294036865,-0.9451649188995361,3.366701364517212
1790267303957877800,33.268877685546876,-5.934200286865234,-1.1868400573730469,2.179861545562744
1790267303975131000,33.286130859375,-4.302295207977295,-1.466800332069397,2.5938198566436768
1790267303992383700,33.3033837890625,-3.4121651649475098,-1.7371892929077148,2.4119651317596436
1790267304009636600,33.32063671875,-5.010570526123047,-1.672582983970642,1.9621145725250244
1790267304026889200,33.33788916015625,-5.201996326446533,-0.9236295223236084,1.9764715433120728
1790267304044142000,33.35514208984375,-5.874379634857178,-0.08135596662759781,3.022135019302368
1790267304061394700,33.372394775390624,-6.38883638381958,0.06939185410737991,4.543970108032227
1790267304078647600,33.3896474609375,-7.456035137176514,-0.7704889178276062,5.402993679046631
1790267304095900200,33.406900146484375,-7.0061845779418945,-2.2085752487182617,5.26899528503418
1790267304113152800,33.42415283203125,-7.384250640869141,-3.651447296142578,5.558526992797852
1790267304130405600,33.441405517578126,-7.798209190368652,-5.225924491882324,5.989234924316406
1790267304147658500,33.45865844726563,-6.970292568206787,-6.711867332458496,5.575276851654053
1790267304164911600,33.47591162109375,-7.200003147125244,-7.9968132972717285,5.395814895629883
1790267304182164200,33.49316430664062,-7.015756130218506,-8.233702659606934,5.548955917358398
1790267304199417000,33.5104169921875,-7.1856465339660645,-7.274180889129639,5.706881999969482
1790267304216669700,33.52766967773437,-6.03948450088501,-5.680561065673828,5.166104316711426
1790267304233922600,33.544922607421874,-6.137589931488037,-4.500899314880371,4.240081787109375
1790267304251175200,33.562175048828124,-6.745367050170898,-3.8285162448883057,4.1491546630859375
1790267304268427800,33.579427734375,-6.666403770446777,-4.139583110809326,4.2281174659729
1790267304285680600,33.5966806640625,-6.324230194091797,-5.429314613342285,4.194618225097656
1790267304302933500,33.61393359375,-6.166304111480713,-6.953542709350586,4.249652862548828
1790267304320186400,33.63118627929688,-5.934200286865234,-8.133204460144043,3.9840497970581055
1790267304337439200,33.64843920898438,-6.482156753540039,-9.193224906921387,4.242474555969238
1790267304354692000,33.66569213867187,-5.831308841705322,-9.652647018432617,5.000999450683594
1790267304371944700,33.68294482421875,-5.6207404136657715,-9.779465675354004,5.568098068237305
1790267304389197600,33.70019750976562,-5.824130535125732,-9.877572059631348,6.3361945152282715
1790267304406450200,33.7174501953125,-5.357530117034912,-9.724431037902832,6.38165807723999
1790267304423703000,33.734703125,-4.843072891235352,-9.523433685302734,6.386443614959717
1790267304440955600,33.75195556640625,-4.4410786628723145,-8.817551612854004,6.295516490936279
1790267304458208300,33.769208251953124,-4.54636287689209,-7.680960655212402,5.647061347961426
1790267304475461000,33.786461181640625,-4.780859470367432,-6.759724140167236,4.9363932609558105
1790267304492714000,33.8037138671875,-4.931607246398926,-6.539584159851074,4.814359188079834
1790267304509967000,33.82096704101563,-5.9198431968688965,-7.558926582336426,4.867001056671143
1790267304527219700,33.8382197265625,-6.38165807723999,-9.221938133239746,5.259424209594727
1790267304544472600,33.85547265625,-6.10169792175293,-10.229316711425781,5.544169902801514
1790267304561725200,33.87272509765625,-5.419743061065674,-10.03310489654541,5.314459323883057
1790267304578978000,33.88997802734375,-4.9986066818237305,-8.884550094604492,3.8883368968963623
1790267304596230700,33.90723071289062,-4.9292144775390625,-7.747959613800049,3.2685956954956055
1790267304613483300,33.92448315429687,-4.993820667266846,-7.910671710968018,3.6681971549987793
1790267304630736100,33.941736083984374,-5.436492919921875,-9.17886734008789,4.302295207977295
1790267304647989000,33.958989013671875,-5.350351333618164,-10.085747718811035,4.309473514556885
1790267304665241900,33.976241943359376,-5.3312087059021,-10.511670112609863,3.6777684688568115
1790267304682494700,33.99349462890625,-5.474778175354004,-10.325029373168945,3.5341989994049072
1790267304699747600,34.01074755859375,-5.5106706619262695,-9.339186668395996,3.672982692718506
1790267304717000200,34.02800024414063,-5.125426292419434,-8.420342445373535,4.335794448852539
1790267304734253000,34.04525317382812,-4.596612453460693,-7.774280548095703,4.450650215148926
1790267304751505700,34.06250561523437,-4.960321426391602,-7.475177764892578,3.9601213932037354
1790267304768758500,34.07975854492187,-5.4628143310546875,-7.479963779449463,3.9194436073303223
1790267304786011100,34.09701123046875,-5.568098068237305,-7.999206066131592,4.426722049713135
1790267304803264000,34.114263916015624,-5.216353416442871,-8.298309326171875,4.491328239440918
1790267304820516900,34.131516845703125,-5.041677474975586,-7.683353424072266,4.1491546630859375
1790267304837769700,34.148769775390626,-6.300302028656006,-6.927221775054932,4.366901397705078
1790267304855022600,34.16602270507813,-7.661818027496338,-7.022934436798096,5.400600910186768
1790267304872275500,34.183275390625,-6.853044033050537,-7.829315662384033,6.604190349578857
1790267304889528000,34.20052807617188,-5.740381717681885,-7.980063438415527,6.589833736419678
1790267304906780700,34.21778076171875,-6.38165807723999,-7.252645492553711,6.204588890075684
1790267304924033500,34.23503344726562,-6.666403770446777,-7.142575740814209,6.429514408111572
1790267304941286100,34.2522861328125,-5.477170944213867,-7.056434154510498,6.049055576324463
1790267304958539000,34.2695390625,-5.948556900024414,-6.345765590667725,5.496313571929932
1790267304975791600,34.28679150390625,-6.474977970123291,-6.058627128601074,5.151747226715088
1790267304993044700,34.304044677734375,-6.467799663543701,-6.166304111480713,5.020142078399658
1790267305010297600,34.321297607421876,-5.737988471984863,-5.958128452301025,4.9986066818237305
1790267305027550500,34.33855053710938,-6.262016773223877,-5.245067119598389,5.063212871551514
1790267305044803000,34.35580297851563,-7.357929706573486,-5.01296329498291,4.692325115203857
1790267305062056000,34.37305590820313,-6.807580471038818,-5.213960647583008,4.271188259124756
1790267305079308500,34.39030859375,-6.628118515014648,-5.0225348472595215,3.737588882446289
1790267305096561200,34.40756103515625,-6.314659118652344,-3.9314076900482178,3.658625841140747
1790267305113814000,34.42481396484375,-7.613961696624756,-3.5509488582611084,3.7902309894561768
1790267305131066600,34.44206665039062,-7.025327205657959,-3.7112679481506348,3.081955671310425
1790267305148319500,34.45931958007812,-7.377072334289551,-3.4025938510894775,2.7086751461029053
1790267305165572000,34.47657202148437,-8.102097511291504,-2.902493953704834,2.9862427711486816
1790267305182824700,34.49382470703125,-8.973084449768066,-3.1106693744659424,3.31884503364563
1790267305200077600,34.51107763671875,-7.525427341461182,-3.3954153060913086,3.713660717010498
1790267305217330400,34.528330322265624,-6.666403770446777,-3.1417760848999023,3.751945972442627
1790267305234583600,34.54558349609375,-6.496513366699219,-2.8905298709869385,3.1752755641937256
1790267305251836400,34.56283642578125,-6.479763507843018,-2.0721843242645264,1.9573289155960083
1790267305269089000,34.58008911132813,-5.608776092529297,-0.4259224236011505,1.9860427379608154
1790267305286341600,34.59734155273438,-6.245266914367676,0.12442677468061447,2.038684844970703
1790267305303594500,34.61459448242187,-7.001399040222168,-0.27756741642951965,1.8376877307891846
1790267305320847000,34.63184716796875,-6.996613502502441,0.031106693670153618,1.954936146736145
1790267305338099700,34.649099609375,-5.635097503662109,0.6556333899497986,2.6560330390930176
1790267305355352600,34.6663525390625,-5.771488189697266,0.31106695532798767,2.794816732406616
1790267305372605400,34.68360546875,-7.357929706573486,-0.6293123364448547,1.9453648328781128
1790267305389858300,34.7008583984375,-7.499105930328369,-0.3565305769443512,2.1367905139923096
1790267305407111200,34.718111083984375,-6.819544315338135,-0.2225325107574463,2.8977081775665283
1790267305424364000,34.73536401367188,-6.857829570770264,-0.727418065071106,3.3858439922332764
1790267305441616600,34.75261669921875,-7.561319351196289,-1.2083754539489746,3.304488182067871
1790267305458869500,34.76986938476563,-7.09711217880249,-1.2251251935958862,3.5054850578308105
1790267305476122000,34.7871220703125,-6.50608491897583,-1.179661512374878,3.7232320308685303
1790267305493375000,34.804375,-6.405586242675781,-1.3950155973434448,3.6945180892944336
1790267305510627600,34.82162768554687,-7.020541667938232,-1.667797327041626,3.462414264678955
1790267305527880200,34.83888012695313,-7.0301127433776855,-1.8664016723632812,3.555734395980835
1790267305545133300,34.85613330078125,-6.415157318115234,-2.0865414142608643,3.8213376998901367
1790267305562386200,34.87338623046875,-6.38165807723999,-2.478964328765869,4.153940200805664
1790267305579639000,34.89063916015625,-6.833901405334473,-2.981456995010376,4.089334011077881
1790267305596892000,34.907891845703126,-7.015756130218506,-3.596412420272827,4.0079779624938965
1790267305614144500,34.92514453125,-6.460621356964111,-3.996013879776001,4.232903480529785
1790267305631397000,34.94239721679688,-6.364908218383789,-4.457828521728516,4.453042984008789
1790267305648650000,34.95964990234375,-6.233303070068359,-5.170889854431152,4.742574691772461
1790267305665902600,34.97690258789063,-6.771687984466553,-5.9916276931762695,4.826323509216309
1790267305683155500,34.99415551757812,-6.448657035827637,-6.436692714691162,4.88853645324707
1790267305700408000,35.01140795898438,-6.453442573547363,-6.439085960388184,4.886143684387207
1790267305717660700,35.02866064453125,-6.6113691329956055,-6.367300987243652,5.113461971282959
1790267305734913500,35.04591357421875,-6.2668023109436035,-6.3601226806640625,4.826323509216309
1790267305752166100,35.06316625976562,-6.20219612121582,-6.702296257019043,4.922036170959473
1790267305769419000,35.0804189453125,-5.431707382202148,-7.269395351409912,5.063212871551514
1790267305786672000,35.097672119140626,-5.443671703338623,-8.063812255859375,5.044070243835449
1790267305803925000,35.11492504882813,-5.623133182525635,-8.745766639709473,5.077569484710693
1790267305821177600,35.132177490234376,-5.484349727630615,-8.865407943725586,5.26899528503418
1790267305838430500,35.14943041992188,-5.424529075622559,-8.49452018737793,5.467599868774414
1790267305855683000,35.16668310546875,-5.670989513397217,-8.164310455322266,5.613562107086182
1790267305872936000,35.18393603515625,-5.6590256690979,-8.264809608459473,5.84566593170166
1790267305890188500,35.2011884765625,-5.3312087059021,-8.714659690856934,6.247660160064697
1790267305907441200,35.21844116210937,-5.276174068450928,-9.078369140625,6.50608491897583
1790267305924694000,35.23569409179687,-5.450850009918213,-9.011369705200195,6.403193473815918
1790267305941947000,35.25294677734375,-5.082355499267578,-8.717052459716797,6.032305717468262
1790267305959199700,35.27019970703125,-4.814359188079834,-8.322237014770508,5.752345561981201
1790267305976452900,35.28745288085938,-4.934000492095947,-8.159524917602539,5.249852657318115
1790267305993705500,35.30470556640625,-4.709074974060059,-8.226524353027344,4.811966419219971
1790267306010958000,35.3219580078125,-4.977071285247803,-8.958727836608887,4.522434711456299
1790267306028211000,35.3392109375,-5.745167255401611,-9.865608215332031,4.249652862548828
1790267306045463600,35.35646362304688,-5.965306758880615,-10.1216402053833,4.211368083953857
1790267306062716400,35.37371630859375,-5.606383323669434,-9.312865257263184,4.206582069396973
1790267306079969000,35.39096899414063,-4.840680122375488,-8.274380683898926,3.8117663860321045
1790267306097221600,35.4082216796875,-4.163511276245117,-7.523034572601318,3.2709884643554688
1790267306114474500,35.425474609375,-3.814159393310547,-7.393822193145752,3.0939197540283203
1790267306131727000,35.44272705078125,-3.840480327606201,-8.068597793579102,3.050848960876465
1790267306148980000,35.45997998046875,-4.759324073791504,-9.044869422912598,3.067598581314087
1790267306166232800,35.47723291015625,-5.388636589050293,-9.611968994140625,3.2350962162017822
1790267306183485700,35.494485595703125,-5.264209747314453,-9.889535903930664,3.672982692718506
1790267306200738600,35.511738525390626,-5.108676433563232,-9.53779125213623,4.063013076782227
1790267306217991400,35.52899145507813,-4.948357105255127,-8.72901725769043,4.632504463195801
1790267306235244000,35.546244140625,-4.716253280639648,-8.200202941894531,5.288137912750244
1790267306252496600,35.56349658203125,-4.457828521728516,-8.257631301879883,5.793023586273193
1790267306269749500,35.58074951171875,-4.536791801452637,-8.389236450195312,5.843272686004639
1790267306287002000,35.59800219726562,-4.807180881500244,-8.358129501342773,5.4628143310546875
1790267306304255000,35.6152548828125,-4.687539577484131,-8.183453559875488,4.910071849822998
1790267306321507600,35.63250756835937,-4.3310089111328125,-7.781459331512451,4.709074974060059
1790267306338760700,35.6497607421875,-4.620540618896484,-7.094718933105469,4.426722049713135
1790267306356013600,35.667013671875,-5.283352375030518,-6.63051176071167,4.359723091125488
1790267306373266400,35.684266357421876,-5.649454116821289,-6.6352972984313965,4.680361270904541
1790267306390519000,35.70151904296875,-5.8097734451293945,-6.927221775054932,5.06799840927124
1790267306407772000,35.71877197265625,-6.391229152679443,-7.214360237121582,5.496313571929932
1790267306425024500,35.7360244140625,-6.539584159851074,-7.594819068908691,5.819344520568848
1790267306442277000,35.75327709960938,-6.4079790115356445,-7.9728851318359375,6.0849480628967285
1790267306459530000,35.77053002929687,-6.716653347015381,-7.860422611236572,5.86002254486084
1790267306476782600,35.78778247070313,-6.920042991638184,-7.444071292877197,5.4795637130737305
1790267306494035500,35.80503540039062,-7.085147857666016,-7.022934436798096,5.3312087059021
1790267306511288000,35.8222880859375,-6.953542709350586,-6.424728870391846,4.900500774383545
1790267306528540700,35.83954077148437,-6.690331935882568,-5.745167255401611,4.776073932647705
1790267306545793500,35.85679345703125,-7.089933395385742,-5.32403039932251,4.685146808624268
1790267306563046400,35.87404638671875,-7.733603000640869,-5.326423168182373,4.326223373413086
1790267306580299500,35.89129956054688,-7.432106971740723,-5.364708423614502,4.074976921081543
1790267306597552400,35.90855249023438,-7.319644451141357,-5.0225348472595215,4.041477680206299
1790267306614805000,35.92580493164063,-6.704689025878906,-4.785645484924316,3.996013879776001
1790267306632057600,35.9430576171875,-7.070790767669678,-4.429114818572998,3.9050865173339844
1790267306649310500,35.960310546875,-7.707281589508057,-4.1036906242370605,3.5270206928253174
1790267306666563000,35.97756298828125,-7.2813591957092285,-3.6873397827148438,3.352344512939453
1790267306683816000,35.99481591796875,-6.551548480987549,-3.1106693744659424,3.31884503364563
1790267306701068500,36.01206860351562,-6.128018856048584,-2.562713146209717,3.1345977783203125
1790267306718321200,36.02932104492187,-6.441478729248047,-2.1535403728485107,2.6177480220794678
1790267306735574000,36.04657397460937,-6.8171515464782715,-1.5409778356552124,2.1296122074127197
1790267306752826600,36.06382666015625,-6.503692150115967,-0.6795616149902344,2.342573404312134
1790267306770079200,36.081079345703124,-6.649653911590576,-0.1818545162677765,2.6249263286590576
1790267306787331800,36.09833178710937,-6.939185619354248,-0.44745782017707825,2.8115665912628174
1790267306804584700,36.115584716796874,-6.537191390991211,-0.6652047038078308,2.8833513259887695
1790267306821837800,36.132837890625,-6.386443614959717,-0.38763725757598877,2.7517459392547607
1790267306839090700,36.15009057617188,-7.018148899078369,-0.32303106784820557,3.0269205570220947
1790267306856343300,36.16734326171875,-6.750152587890625,-0.2392822653055191,3.1992039680480957
1790267306873596200,36.18459619140625,-6.357729911804199,-0.13878370821475983,3.266202926635742
1790267306890848800,36.20184887695312,-5.962913990020752,-0.349352091550827,3.2925238609313965
1790267306908101600,36.2191015625,-5.582455158233643,-0.349352091550827,2.7565317153930664
1790267306925354500,36.2363544921875,-5.814558982849121,0.11006984114646912,2.4335005283355713
1790267306942607400,36.253607421875,-6.0849480628967285,0.4977070987224579,2.888136863708496
1790267306959860200,36.270860107421875,-6.836294174194336,0.3278166949748993,3.3954153060913086
1790267306977113000,36.288113037109376,-7.2335028648376465,-0.14117653667926788,3.5748770236968994
1790267306994365700,36.30536572265625,-6.989434719085693,-0.6436693072319031,3.7112679481506348
1790267307011618300,36.32261840820313,-6.955935478210449,-1.2610175609588623,4.192225456237793
1790267307028871200,36.33987109375,-6.766902446746826,-2.045863389968872,4.675575256347656
1790267307046123800,36.35712377929688,-6.91765022277832,-2.8977081775665283,5.103890895843506
1790267307063376400,36.37437646484375,-7.408178806304932,-3.4672000408172607,5.213960647583008
1790267307080629200,36.39162915039063,-7.0683979988098145,-3.7328033447265625,5.309673309326172
1790267307097881900,36.4088818359375,-6.642475605010986,-3.6466617584228516,5.254638671875
1790267307115134700,36.426134765625,-6.766902446746826,-3.3020951747894287,5.419743061065674
1790267307132387600,36.4433876953125,-7.066005229949951,-3.2757742404937744,5.501099109649658
1790267307149640400,36.460640380859374,-6.532405853271484,-3.830909013748169,5.072783946990967
1790267307166893300,36.477893310546875,-6.041877269744873,-4.54636287689209,4.390829563140869
1790267307184146200,36.49514624023438,-6.340980052947998,-5.163711071014404,4.311866283416748
1790267307201398800,36.512398681640626,-6.017949104309082,-5.781059741973877,4.4410786628723145
1790267307218651600,36.52965161132813,-6.166304111480713,-6.372086524963379,4.376472473144531
1790267307235904300,36.546904296875,-6.156732559204102,-7.106683254241943,4.541577339172363
1790267307253156900,36.56415698242188,-6.128018856048584,-7.592426300048828,4.845465660095215
1790267307270409700,36.58140966796875,-6.599404811859131,-7.82692289352417,5.084748268127441
1790267307287662300,36.59866235351563,-6.175875186920166,-7.77188777923584,5.048855781555176
1790267307304915200,36.61591528320312,-5.711667537689209,-7.628318786621094,5.142175674438477
1790267307322167800,36.63316772460937,-5.7164530754089355,-7.685746192932129,5.570491313934326
1790267307339420400,36.65042041015625,-5.970092296600342,-7.999206066131592,5.694917678833008
1790267307356673300,36.66767333984375,-5.9916276931762695,-8.288737297058105,5.5106706619262695
1790267307373926400,36.684926513671876,-5.788238048553467,-8.659625053405762,5.632704734802246
1790267307391179300,36.70217919921875,-5.438885688781738,-8.872586250305176,5.615954875946045
1790267307408432000,36.71943212890625,-5.544169902801514,-9.059226989746094,5.127819061279297
1790267307425684700,36.73668481445313,-5.8097734451293945,-9.34875774383545,4.646861553192139
1790267307442937300,36.75393725585938,-5.7164530754089355,-9.621540069580078,4.677968502044678
1790267307460190200,36.77119018554688,-5.350351333618164,-9.34875774383545,4.393222332000732
1790267307477442800,36.78844287109375,-5.111069202423096,-8.602197647094727,3.404986619949341
1790267307494695700,36.80569580078125,-5.039284706115723,-8.070990562438965,2.9312076568603516
1790267307511948300,36.8229482421875,-5.06082010269165,-8.264809608459473,3.326023578643799
1790267307529201000,36.84020092773437,-5.290530681610107,-8.965906143188477,4.113262176513672
1790267307546453800,36.85745385742187,-5.769095420837402,-9.521040916442871,4.515256404876709
1790267307563706400,36.87470629882812,-6.3840508460998535,-9.987641334533691,4.886143684387207
1790267307580959200,36.891959228515624,-6.652047157287598,-10.8969144821167,5.123033046722412
1790267307598212000,36.909212158203125,-6.4941205978393555,-11.119446754455566,4.804787635803223
1790267307615465200,36.92646533203125,-6.0849480628967285,-10.097711563110352,3.713660717010498
1790267307632717800,36.9437177734375,-5.589633464813232,-8.535198211669922,3.4480574131011963
1790267307649970700,36.960970703125,-4.898108005523682,-7.506284713745117,3.4432718753814697
1790267307667223300,36.97822338867188,-3.565305709838867,-7.326822757720947,3.972085475921631
1790267307684476200,36.99547607421875,-3.4480574131011963,-7.956135272979736,4.395615100860596
1790267307701728800,37.01272875976562,-4.230510234832764,-8.49452018737793,4.204189300537109
1790267307718981400,37.0299814453125,-5.558526992797852,-8.489734649658203,3.9074792861938477
1790267307736234200,37.04723413085937,-6.716653347015381,-8.740981101989746,4.168296813964844
1790267307753486800,37.06448681640625,-6.795616149902344,-9.410971641540527,4.548755645751953
1790267307770739500,37.08173950195312,-6.654439926147461,-9.621540069580078,4.577469825744629
1790267307787992300,37.098992431640625,-6.534798622131348,-9.107083320617676,4.67078971862793
1790267307805245200,37.1162451171875,-5.539384365081787,-8.554341316223145,4.902893543243408
1790267307822498000,37.133498046875,-4.766502857208252,-7.800601959228516,4.194618225097656
1790267307839751000,37.1507509765625,-4.692325115203857,-7.178467750549316,3.88594388961792
1790267307857003800,37.16800366210938,-4.529613494873047,-7.03489875793457,4.390829563140869
1790267307874256400,37.18525634765625,-4.213760852813721,-7.109076023101807,5.015356063842773
1790267307891509200,37.20250927734375,-4.1730828285217285,-6.853044033050537,5.221138954162598
1790267307908761900,37.21976196289062,-4.342973232269287,-6.16391134262085,5.302495002746582
1790267307926014700,37.2370146484375,-5.309673309326172,-5.565705299377441,5.4795637130737305
1790267307943267300,37.25426733398437,-5.690132141113281,-5.38624382019043,5.769095420837402
1790267307960520000,37.27152001953125,-6.271588325500488,-5.395814895629883,6.089733600616455
1790267307977772800,37.288772705078124,-6.977470874786377,-5.8337016105651855,6.7070817947387695
1790267307995025400,37.306025390625,-6.472585201263428,-6.678368091583252,7.008577346801758
1790267308012278300,37.3232783203125,-6.5874409675598145,-7.377072334289551,6.565905570983887
1790267308029531100,37.34053125,-6.9583282470703125,-7.45364236831665,5.788238048553467
1790267308046784000,37.35778393554688,-7.659425258636475,-7.4225358963012695,5.484349727630615
1790267308064036900,37.37503686523438,-8.044670104980469,-7.1856465339660645,5.625525951385498
1790267308081289700,37.39228979492187,-9.181260108947754,-5.828916072845459,6.032305717468262
1790267308098542300,37.40954223632812,-7.3052873611450195,-7.152146816253662,5.702096462249756
1790267308115795200,37.42679516601562,-8.695517539978027,-6.728617191314697,5.429314613342285
1790267308133047800,37.4440478515625,-8.003992080688477,-5.883950710296631,4.914857864379883
1790267308150300400,37.46130053710937,-6.405586242675781,-5.00578498840332,3.9290146827697754
1790267308167553300,37.47855322265625,-4.847858905792236,-3.431307554244995,2.586641311645508
1790267308184806000,37.495805908203124,-2.825923442840576,-1.9381862878799438,1.734796404838562
1790267308202058800,37.513058837890625,-6.4941205978393555,-0.6221339106559753,1.0049854516983032
1790267308219311400,37.530311279296875,-10.444670677185059,-0.6101697683334351,1.2634103298187256
1790267308236564000,37.54756396484375,-9.482755661010742,-1.8305093050003052,3.82373046875
1790267308253816800,37.56481689453125,-10.12881851196289,-3.1657042503356934,5.699703693389893
1790267308271070000,37.58207006835938,-11.26062297821045,-4.907679080963135,6.135197162628174
1790267308288322800,37.59932275390625,-8.915657043457031,-5.757131099700928,4.359723091125488
1790267308305575700,37.61657568359375,-7.89631462097168,-3.6059837341308594,3.3308091163635254
1790267308322828300,37.63382836914062,-9.111868858337402,-1.6295121908187866,2.400001049041748
1790267308340081000,37.65108081054687,-7.802994728088379,-0.6699903607368469,2.1415762901306152
1790267308357333800,37.668333740234374,-5.056034088134766,0.0526420995593071,2.9479575157165527
1790267308374586400,37.68558642578125,-4.5200419425964355,-0.10767702013254166,3.342773199081421
1790267308391839200,37.702839111328124,-1.1676974296569824,-1.5553346872329712,3.6610186100006104
1790267308409091800,37.720091796875,-0.21296121180057526,-2.304288148880005,1.4572290182113647
1790267308426344400,37.737344482421875,-6.960721015930176,0.8733802437782288,-3.452843189239502
1790267308443597300,37.754597412109376,-6.398407936096191,3.2997024059295654,0.5024927258491516
1790267308460850000,37.771849853515626,-3.7184464931488037,1.1150553226470947,3.6945180892944336
1790267308478102800,37.78910278320313,-10.159924507141113,-0.2273181527853012,7.7838521003723145
1790267308495355600,37.80635571289063,-12.272787094116211,-1.0504491329193115,8.042277336120605
1790267308512608800,37.82360888671875,-8.382058143615723,-2.6057839393615723,8.882157325744629
1790267308529861400,37.840861328125,-5.355136871337891,-3.7543387413024902,6.482156753540039
1790267308547114200,37.8581142578125,-8.73619556427002,-5.737988471984863,4.666004180908203
1790267308564366800,37.875366943359374,-7.058826923370361,-6.427121639251709,3.682554006576538
1790267308581619500,37.892619384765624,-4.910071849822998,-4.924428939819336,3.3379876613616943
1790267308598872300,37.909872314453125,-6.362515449523926,-3.2039895057678223,3.900300979614258
1790267308616125000,37.927125,-5.613562107086182,-1.8424733877182007,4.35254430770874
1790267308633377800,37.944377685546876,-6.8865437507629395,-0.6819544434547424,4.409972190856934
1790267308650630400,37.96163037109375,-8.482556343078613,-0.11485548317432404,6.197410583496094
1790267308667883000,37.978883056640626,-6.4319071769714355,-1.8735800981521606,8.185846328735352
1790267308685136000,37.99613598632813,-6.632904529571533,-4.666004180908203,7.781459331512451
1790267308702388500,38.01338842773438,-6.766902446746826,-7.051648139953613,7.506284713745117
1790267308719641300,38.03064135742188,-7.089933395385742,-8.283951759338379,6.798008918762207
1790267308736894000,38.04789404296875,-7.202396392822266,-8.925228118896484,5.632704734802246
1790267308754146800,38.06514672851562,-5.661418437957764,-8.702695846557617,5.115854740142822
1790267308771399700,38.08239965820312,-5.924628734588623,-8.695517539978027,4.790431022644043
1790267308788652500,38.099652587890624,-4.01754903793335,-8.123632431030273,4.383651256561279
1790267308805905400,38.116905517578125,-4.931607246398926,-6.948757171630859,3.7399818897247314
1790267308823158300,38.134158203125,-5.400600910186768,-5.948556900024414,4.206582069396973
1790267308840411000,38.151410888671876,-4.192225456237793,-5.723631858825684,3.8979079723358154
1790267308857663500,38.16866357421875,-4.996213912963867,-5.917450428009033,3.9146578311920166
1790267308874916400,38.18591625976563,-6.977470874786377,-7.025327205657959,4.814359188079834
1790267308892169000,38.2031689453125,-8.149953842163086,-8.559126853942871,5.221138954162598
1790267308909421800,38.220421875,-7.905886173248291,-10.334601402282715,5.161318302154541
1790267308926674400,38.23767431640625,-6.463014125823975,-11.140982627868652,4.728217601776123
1790267308943927000,38.25492700195313,-6.269195556640625,-11.454442024230957,4.213760852813721
1790267308961180000,38.27217993164062,-6.57547664642334,-11.042876243591309,3.649054527282715
1790267308978432800,38.28943286132812,-6.781259536743164,-10.569097518920898,3.7639100551605225
1790267308995685600,38.306685546875,-6.147161483764648,-10.401599884033203,4.122833251953125
1790267309012938500,38.3239384765625,-5.26181697845459,-9.332008361816406,4.223331928253174
1790267309030191400,38.34119140625,-4.383651256561279,-7.970492362976074,4.139583110809326
1790267309047444000,38.35844384765625,-2.823530673980713,-7.963313579559326,5.862415313720703
1790267309064696800,38.37569677734375,-4.146761417388916,-9.107083320617676,6.900900363922119
1790267309081949400,38.39294946289063,-4.314259052276611,-8.50169849395752,5.431707382202148
1790267309099202300,38.41020239257813,-4.60139799118042,-6.558726787567139,3.8524444103240967
1790267309116455000,38.42745483398438,-5.036891460418701,-5.536991596221924,4.0319061279296875
1790267309133707500,38.44470751953125,-4.237689018249512,-7.204789161682129,4.5583271980285645
1790267309150960400,38.46196044921875,-3.6131622791290283,-7.853243827819824,4.3549370765686035
1790267309168213000,38.479212890625,-3.7639100551605225,-7.630711555480957,2.7254250049591064
1790267309185465600,38.49646557617187,-4.687539577484131,-7.590033531188965,1.3495519161224365
1790267309202718500,38.51371850585937,-3.620340585708618,-8.58066177368164,1.6055840253829956
1790267309219971000,38.53097119140625,-2.8139593601226807,-9.298508644104004,2.6560330390930176
1790267309237224000,38.548223876953124,-4.175475597381592,-10.1216402053833,2.833101987838745
1790267309254476500,38.5654765625,-6.857829570770264,-10.846665382385254,3.0723843574523926
1790267309271729400,38.5827294921875,-2.9623143672943115,-9.521040916442871,8.34138011932373
1790267309288982500,38.599982421875,-5.029713153839111,-7.520641803741455,7.09711217880249
1790267309306235400,38.6172353515625,-4.893322467803955,-10.645668029785156,3.9433717727661133
1790267309323488000,38.63448803710938,-4.431507587432861,-14.868999481201172,0.9858429431915283
1790267309340740900,38.65174096679687,-9.607182502746582,-10.829915046691895,1.368694543838501
1790267309357993500,38.66899340820312,-2.306680917739868,-9.111868858337402,4.917250633239746
1790267309375246000,38.68624609375,-2.7804598808288574,-5.931807518005371,6.9822564125061035
1790267309392499000,38.7034990234375,-6.484549522399902,-4.809573650360107,6.082555294036865
1790267309409751600,38.72075146484375,-8.312665939331055,-5.793023586273193,3.603590965270996
1790267309427004400,38.73800439453125,-8.279166221618652,-11.892328262329102,-1.093519926071167
1790267309444257000,38.755257080078124,-3.036491870880127,-12.335000991821289,0.2560320198535919
1790267309461509600,38.77250952148437,-3.6634113788604736,-9.492327690124512,1.399801254272461
1790267309478762500,38.789762451171875,-5.170889854431152,-6.051448345184326,2.974278450012207
1790267309496015000,38.80701513671875,-5.654240131378174,-7.336394309997559,2.526820659637451
1790267309513268000,38.82426806640625,-4.577469825744629,-6.26440954208374,3.153740167617798
1790267309530520600,38.8415205078125,-7.046862602233887,-7.2095746994018555,4.225724697113037
1790267309547773400,38.8587734375,-6.936792850494385,-8.913264274597168,5.946164131164551
1790267309565026300,38.8760263671875,-9.183652877807617,-10.107282638549805,7.0995049476623535
1790267309582279400,38.89327954101562,-4.139583110809326,-12.708281517028809,4.599005222320557
1790267309599532000,38.91053198242187,-5.0703911781311035,-11.988041877746582,4.053441524505615
1790267309616785000,38.927784912109374,-6.9104719161987305,-13.24427318572998,4.4721856117248535
1790267309634037500,38.94503759765625,-5.402993679046631,-12.497713088989258,3.82373046875
1790267309651290000,38.9622900390625,-4.591826438903809,-8.755337715148926,4.398007869720459
1790267309668543000,38.97954296875,-5.515456199645996,-7.915457248687744,5.905486106872559
1790267309685795600,38.996795654296875,-4.761716842651367,-7.04925537109375,6.702296257019043
1790267309703048400,39.01404833984375,-0.8685946464538574,-7.451249599456787,6.649653911590576
1790267309720301000,39.031301025390626,-2.524427890777588,-5.7547383308410645,5.2115678787231445
1790267309737553700,39.0485537109375,-8.429914474487305,-3.6681971549987793,2.0195422172546387
1790267309754806500,39.065806640625,-5.084748268127441,-3.311666488647461,4.500899314880371
1790267309772059100,39.08305908203125,-1.9645073413848877,-1.4333007335662842,3.2614171504974365
1790267309789311700,39.10031176757813,-4.524827480316162,-0.2847459018230438,0.10049854964017868
1790267309806564600,39.11756469726563,-4.534399032592773,1.7060825824737549,1.2945170402526855
1790267309823817500,39.1348173828125,-3.900300979614258,3.428914785385132,2.4430718421936035
1790267309841070300,39.1520703125,-14.79242992401123,6.092126369476318,-0.23210379481315613
1790267309858323200,39.1693232421875,-10.703095436096191,7.013363361358643,-3.957728624343872
1790267309875576000,39.186576171875,-7.939385414123535,9.365508079528809,2.100898265838623
1790267309892828700,39.20382861328125,-11.858829498291016,4.536791801452637,8.403593063354492
1790267309910081500,39.22108154296875,-7.587640762329102,-0.44027936458587646,7.69531774520874
1790267309927334100,39.238334228515626,-5.663811206817627,-2.170290231704712,5.594419479370117
1790267309944587000,39.2555869140625,-8.60459041595459,-3.0652058124542236,4.297509670257568
1790267309961839600,39.27283959960938,-2.297109842300415,-0.7489534616470337,2.7326035499572754
1790267309979092200,39.29009228515625,-6.798008918762207,5.6685967445373535,1.4261223077774048
1790267309996345000,39.30734497070313,-11.559725761413574,3.555734395980835,-0.5910272002220154
1790267310013597700,39.32459765625,-7.436892986297607,1.7994025945663452,3.1130621433258057
1790267310030850600,39.3418505859375,-6.9583282470703125,-3.1680972576141357,3.6370904445648193
1790267310048103200,39.35910327148437,-6.680760860443115,0.7561319470405579,7.503891944885254
1790267310065355800,39.37635571289063,-6.881757736206055,5.632704734802246,3.809373617172241
1790267310082608600,39.39360864257812,-6.632904529571533,6.2668023109436035,2.5435705184936523
1790267310099861500,39.410861572265624,-6.726224422454834,4.656432628631592,3.541377544403076
1790267310117114400,39.4281142578125,-6.6352972984313965,3.649054527282715,6.920042991638184
1790267310134367200,39.4453671875,-6.247660160064697,2.548356056213379,7.135396957397461
1790267310151620000,39.4626201171875,-2.5746772289276123,-1.4691931009292603,7.262216567993164
1790267310168872700,39.47987280273438,-6.482156753540039,-6.711867332458496,5.216353416442871
1790267310186125600,39.49712548828125,-6.204588890075684,-5.051248550415039,5.9198431968688965
1790267310203378200,39.51437817382813,-8.879764556884766,-0.6484549641609192,8.645268440246582
1790267310220631000,39.53163110351562,-9.140582084655762,-1.6175481081008911,6.482156753540039
1790267310237883600,39.54888354492188,-6.5252275466918945,-3.864408493041992,5.931807518005371
1790267310255136300,39.56613623046875,-7.635497093200684,-4.29033088684082,8.93240737915039
1790267310272388900,39.58338891601562,-6.970292568206787,-4.244867324829102,8.614161491394043
1790267310289641700,39.60064184570312,-3.3403804302215576,-4.555934429168701,9.41336441040039
1790267310306894600,39.61789453125,-1.557727575302124,-1.8664016723632812,10.202995300292969
1790267310324147500,39.6351474609375,0.7752745151519775,0.8781659007072449,16.778472900390625
1790267310341400300,39.652400390625,-13.696516990661621,0.25363919138908386,17.9700984954834
1790267310358653000,39.66965283203125,-14.902499198913574,-2.612962245941162,18.063417434692383
1790267310375905800,39.68690576171875,-4.828716278076172,-0.3517449200153351,14.270793914794922
1790267310393158400,39.70415844726563,1.557727575302124,1.5672988891601562,10.777273178100586
1790267310410411300,39.72141137695313,-0.3684946894645691,1.191625714302063,9.67657470703125
1790267310427664000,39.73866381835938,-0.20338992774486542,1.3854442834854126,10.3681001663208
1790267310444916500,39.75591650390625,-0.3900300860404968,2.9048867225646973,10.939985275268555
1790267310462169300,39.77316943359375,-2.342573404312134,2.943171739578247,10.188638687133789
1790267310479422000,39.790421875,-3.517449378967285,2.6321048736572266,7.094718933105469
1790267310496674600,39.80767456054687,-2.4765713214874268,3.1106693744659424,5.359922885894775
1790267310513927400,39.82492749023437,-0.5096712112426758,2.957528829574585,7.36032247543335
1790267310531180300,39.84218017578125,2.2396819591522217,2.0673987865448,9.475577354431152
1790267310548433400,39.859433349609375,4.658825874328613,1.1748759746551514,10.87298583984375
1790267310565686300,39.87668627929688,5.517848968505859,-0.9690931439399719,12.543176651000977
1790267310582939000,39.89393896484375,6.147161483764648,-1.9453648328781128,11.528619766235352
1790267310600191500,39.91119140625,7.956135272979736,0.14356936514377594,10.782058715820312
1790267310617444400,39.9284443359375,7.326822757720947,0.4833501875400543,9.142974853515625
1790267310634697000,39.94569702148438,5.752345561981201,0.22971096634864807,8.81515884399414
1790267310651949800,39.96294970703125,5.326423168182373,0.5910272002220154,9.394221305847168
1790267310669202400,39.98020239257813,5.630311489105225,0.5407779216766357,9.633503913879395
1790267310686455000,39.997455078125,5.438885688781738,0.33738797903060913,9.487542152404785
1790267310703708000,40.0147080078125,4.984249591827393,0.7752745151519775,8.937192916870117
1790267310720960500,40.03196044921875,5.096712112426758,0.059820566326379776,8.233702659606934
1790267310738213400,40.04921337890625,5.979663848876953,-0.35892340540885925,8.81515884399414
1790267310755466200,40.06646630859375,7.393822193145752,-1.9860427379608154,11.394621849060059
1790267310772719000,40.083718994140625,10.327422142028809,-1.3399807214736938,11.777473449707031
1790267310789972000,40.100971923828126,9.487542152404785,0.1818545162677765,7.915457248687744
1790267310807224800,40.11822485351563,4.838287353515625,0.07896314561367035,4.7473602294921875
1790267310824477400,40.1354775390625,4.323830604553223,2.210968017578125,3.3858439922332764
1790267310841730300,40.15273022460938,4.512863636016846,2.6560330390930176,3.8907296657562256
1790267310858983000,40.16998291015625,5.493920803070068,3.445664644241333,2.9383862018585205
1790267310876235500,40.18723559570312,4.72582483291626,0.6436693072319031,3.830909013748169
1790267310893488400,40.20448828125,8.197810173034668,0.7920243144035339,7.774280548095703
1790267310910741000,40.22174096679687,8.176275253295898,1.856830358505249,9.473184585571289
1790267310927993900,40.238993896484374,4.603790760040283,3.1561331748962402,6.771687984466553
1790267310945246500,40.25624658203125,2.4287149906158447,3.7734813690185547,4.211368083953857
1790267310962499000,40.2734990234375,3.5581271648406982,0.9619147181510925,6.422336101531982
1790267310979752000,40.290751953125,2.9383862018585205,-0.38285163044929504,8.329415321350098
1790267310997004500,40.308004638671875,5.242674350738525,1.7515461444854736,7.4464640617370605
1790267311014257400,40.32525732421875,6.288337707519531,2.6057839393615723,6.970292568206787
1790267311031510300,40.34251025390625,6.544369697570801,1.6510475873947144,7.154539585113525
1790267311048763100,40.35976318359375,3.5988051891326904,1.3471591472625732,7.922635555267334
1790267311066016000,40.37701611328125,2.1032910346984863,2.7732813358306885,7.269395351409912
1790267311083268900,40.39426879882812,1.1150553226470947,3.926621913909912,6.592226505279541
1790267311100521500,40.411521484375,0.6604190468788147,4.826323509216309,7.70967435836792
1790267311117774300,40.4287744140625,1.153340458869934,5.886343479156494,6.8171515464782715
1790267311135027000,40.44602685546875,3.9146578311920166,4.524827480316162,7.506284713745117
1790267311152279600,40.46327954101562,6.391229152679443,4.393222332000732,8.975478172302246
1790267311169532400,40.480532470703125,5.702096462249756,4.847858905792236,6.008377552032471
1790267311186785000,40.497784912109374,5.747560024261475,5.283352375030518,2.691925525665283
1790267311204038100,40.5150380859375,7.3986077308654785,5.843272686004639,2.641676187515259
1790267311221290800,40.53229077148438,6.8410797119140625,5.065605640411377,3.735196113586426
1790267311238543600,40.54954370117188,5.072783946990967,3.658625841140747,5.19242525100708
1790267311255796200,40.56679614257813,5.558526992797852,3.806980848312378,5.891129493713379
1790267311273049000,40.58404907226563,6.527620315551758,3.1202406883239746,6.821937561035156
1790267311290302000,40.60130200195312,9.18843936920166,2.555534601211548,3.211168050765991
1790267311307554600,40.61855444335937,9.473184585571289,7.164111137390137,3.098705291748047
1790267311324807400,40.63580737304687,3.4097721576690674,6.204588890075684,4.984249591827393
1790267311342060300,40.653060302734374,2.902493953704834,7.293323516845703,5.699703693389893
1790267311359313000,40.67031298828125,6.448657035827637,7.408178806304932,4.311866283416748
1790267311376565800,40.687565673828125,7.9728851318359375,4.742574691772461,5.900700569152832
1790267311393818600,40.704818603515626,9.159725189208984,3.8500516414642334,7.226324558258057
1790267311411071200,40.7220712890625,8.185846328735352,4.1036906242370605,1.667797327041626
1790267311428324000,40.73932397460938,7.700103282928467,3.9385859966278076,1.301695466041565
1790267311445576700,40.75657666015625,10.899307250976562,4.673182487487793,3.4480574131011963
1790267311462829600,40.77382958984375,13.942977905273438,3.9672999382019043,6.532405853271484
1790267311480082200,40.79108227539062,14.158331871032715,3.9601213932037354,5.2354960441589355
1790267311497334800,40.80833471679688,10.315458297729492,3.809373617172241,0.33738797903060913
1790267311514587600,40.82558764648437,9.501898765563965,1.3304094076156616,1.6271194219589233
1790267311531840300,40.84284033203125,14.778072357177734,0.6747759580612183,4.536791801452637
1790267311549093000,40.86009301757812,13.50748348236084,1.3591232299804688,1.8400806188583374
1790267311566345700,40.877345703125,9.848857879638672,1.0049854516983032,-1.430907964706421
1790267311583598600,40.8945986328125,7.587640762329102,0.24406790733337402,-1.552941918373108
1790267311600851500,40.9118515625,7.70249605178833,0.33020952343940735,-1.557727575302124
1790267311618104000,40.92910400390625,7.063612461090088,-0.014356935396790504,-2.3473589420318604
1790267311635357000,40.94635693359375,7.03489875793457,-0.6029912829399109,-1.7922241687774658
1790267311652609500,40.96360961914063,4.3070807456970215,0.672383189201355,-1.210768222808838
1790267311669862400,40.9808623046875,3.9984066486358643,1.6175481081008911,-3.077169895172119
1790267311687115000,40.99811499023438,5.924628734588623,1.0815558433532715,-2.2301106452941895
1790267311704367900,41.01536791992187,9.966106414794922,-1.301695466041565,1.770688772201538
1790267311721620500,41.03262036132813,12.985848426818848,-1.5290136337280273,1.6007983684539795
1790267311738873300,41.04987329101562,12.973884582519531,-1.4333007335662842,0.2919243574142456
1790267311756126200,41.06712622070312,12.710674285888672,-1.179661512374878,-0.48813581466674805
1790267311773378800,41.08437890625,12.842279434204102,-0.6101697683334351,-1.124626636505127
1790267311790631700,41.101631591796874,12.19382381439209,0.2991028428077698,-1.160519003868103
1790267311807884300,41.11888427734375,10.29153060913086,1.129412293434143,-0.9930213689804077
1790267311825137200,41.13613720703125,9.298508644104004,2.526820659637451,-1.6821542978286743
1790267311842390000,41.15339013671875,8.786444664001465,2.383251428604126,-1.8759729862213135
1790267311859642600,41.170642578125,9.250652313232422,1.5361921787261963,-0.9882357716560364
1790267311876895500,41.1878955078125,8.652446746826172,1.1676974296569824,-0.3684946894645691
1790267311894148000,41.20514819335938,8.752944946289062,-0.02153540402650833,-1.210768222808838
1790267311911401000,41.22240087890625,8.831908226013184,-0.6245267391204834,-0.5096712112426758
1790267311928653800,41.23965380859375,9.77707290649414,-0.08614161610603333,-0.15553347766399384
1790267311945906400,41.25690649414062,9.719645500183105,1.4021940231323242,-0.6628118753433228
1790267311963159300,41.2741591796875,10.04267692565918,2.9359934329986572,-1.28255295753479
1790267311980412000,41.29141186523437,10.614561080932617,3.273381471633911,-1.459621787071228
1790267311997664800,41.308664794921874,9.92542839050293,2.4023938179016113,-1.4644074440002441
1790267312014917600,41.325917724609376,10.753344535827637,1.3232308626174927,-2.720639228820801
1790267312032170200,41.343170166015625,12.480962753295898,2.1774685382843018,-5.371886730194092
1790267312049423000,41.360423095703126,13.457234382629395,2.641676187515259,-6.434299945831299
1790267312066675700,41.37767578125,14.110475540161133,1.1724830865859985,-5.010570526123047
1790267312083928600,41.39492846679688,13.299307823181152,1.9022940397262573,-2.9551360607147217
1790267312101181400,41.41218139648438,9.21715259552002,2.6249263286590576,-2.3306093215942383
1790267312118434000,41.42943408203125,6.159125328063965,2.4502503871917725,-2.746960401535034
1790267312135687000,41.44668701171875,7.142575740814209,2.9048867225646973,-4.0797624588012695
1790267312152939500,41.463939453125,10.906485557556152,3.014956474304199,-3.3068809509277344
1790267312170192400,41.4811923828125,11.423335075378418,3.208775281906128,-2.3018953800201416
1790267312187445200,41.4984453125,9.966106414794922,3.4648072719573975,-2.282752752304077
1790267312204697900,41.51569775390625,9.734002113342285,3.5605201721191406,-2.273181438446045
1790267312221950700,41.53295068359375,9.645467758178711,3.603590965270996,-2.337787628173828
1790267312239203600,41.55020361328125,8.975478172302246,3.594019651412964,-2.8594231605529785
1790267312256456200,41.56745629882813,8.989834785461426,3.335594654083252,-3.706482172012329
1790267312273709000,41.584708984375,10.389636039733887,3.2853455543518066,-3.3068809509277344
1790267312290961700,41.60196166992188,10.332208633422852,3.184846878051758,-2.5124638080596924
1790267312308214500,41.61921459960938,9.159725189208984,3.4743785858154297,-1.9621145725250244
1790267312325467400,41.63646728515625,8.717052459716797,3.6681971549987793,-1.7778671979904175
1790267312342720000,41.65371997070312,7.692924976348877,3.4408788681030273,-1.7204394340515137
1790267312359972900,41.67097290039062,5.982056617736816,2.9766714572906494,-2.1750757694244385
1790267312377225700,41.688225830078125,5.398207664489746,2.6057839393615723,-2.7086751461029053
1790267312394478300,41.705478271484374,7.214360237121582,2.234896421432495,-3.2590243816375732
1790267312411731200,41.722731201171875,8.86062240600586,1.9214365482330322,-3.672982692718506
1790267312428983800,41.73998388671875,7.982456207275391,1.9908283948898315,-2.337787628173828
1790267312446236700,41.757236572265626,6.726224422454834,1.9836499691009521,-1.5409778356552124
1790267312463489500,41.77448950195313,7.1234331130981445,1.703689694404602,-1.9214365482330322
1790267312480742100,41.7917421875,8.568697929382324,1.667797327041626,-3.084348440170288
1790267312497995000,41.8089951171875,9.619147300720215,2.187039852142334,-3.6610186100006104
1790267312515247900,41.82624780273437,9.19561767578125,2.7086751461029053,-2.988635540008545
1790267312532500500,41.84350048828125,8.200202941894531,3.25663161277771,-1.7371892929077148
1790267312549753300,41.86075341796875,7.618747234344482,3.7734813690185547,-0.3038884699344635
1790267312567006200,41.878006103515624,7.401000499725342,4.118047714233398,0.03349951654672623
1790267312584258800,41.8952587890625,8.11406135559082,4.120440483093262,-0.9068797826766968
1790267312601511700,41.91251171875,8.688339233398438,3.8979079723358154,-1.7802600860595703
1790267312618764500,41.9297646484375,7.527820110321045,3.5916268825531006,-1.8305093050003052
1790267312636017200,41.94701708984375,6.4079790115356445,3.7112679481506348,-2.3401806354522705
1790267312653270000,41.96427001953125,6.991827964782715,3.90987229347229,-1.0528420209884644
1790267312670523000,41.98152294921875,7.621140003204346,3.570091485977173,-1.2011969089508057
1790267312687775500,41.998775390625,8.097311973571777,2.287538528442383,-1.7395820617675781
1790267312705028400,42.0160283203125,7.975277900695801,2.991028308868408,-2.2205393314361572
1790267312722281000,42.03328100585937,10.533205032348633,3.486342668533325,-1.887937068939209
1790267312739533800,42.05053393554687,12.461820602416992,3.555734395980835,-1.7419748306274414
1790267312756786700,42.06778662109375,11.971291542053223,3.1417760848999023,-1.2658032178878784
1790267312774039300,42.085039306640624,9.652647018432617,2.5363919734954834,-0.8733802437782288
1790267312791292200,42.102292236328125,8.018348693847656,2.03629207611084,-0.5216353535652161
1790267312808545000,42.119544921875,8.346165657043457,2.775674343109131,-1.428515076637268
1790267312825797600,42.136797607421876,9.037691116333008,2.9288148880004883,-2.289931297302246
1790267312843050500,42.15405053710938,8.889336585998535,2.510071039199829,-2.2468605041503906
1790267312860303400,42.17130346679688,8.889336585998535,2.1056840419769287,-1.00259268283844
1790267312877556000,42.18855590820313,9.920642852783203,2.2229323387145996,-0.7680960893630981
1790267312894808800,42.20580883789062,12.562318801879883,2.8043880462646484,-1.8113667964935303
1790267312912061700,42.22306176757812,10.29870891571045,3.19441819190979,-2.4287149906158447
1790267312929314300,42.24031420898437,9.013762474060059,3.5365917682647705,-0.8590233325958252
1790267312946567200,42.257567138671874,7.477570533752441,2.775674343109131,0.20578274130821228
1790267312963820000,42.274820068359375,7.343572616577148,2.4717857837677,-2.069791555404663
1790267312981072600,42.29207275390625,7.214360237121582,2.7517459392547607,-2.9599215984344482
