time,seconds_elapsed,z,y,x
1789038126584715500,0.078715576171875,0.002443459117785096,0.4575377106666565,-0.4098902642726898
1789038126601969700,0.0959697265625,-0.1081230640411377,0.5320632457733154,-0.3078758418560028
1789038126619223800,0.113223876953125,-0.18692462146282196,0.7611374855041504,-0.23029601573944092
1789038126636478200,0.130478271484375,-0.1288924664258957,0.8491020202636719,-0.2663370370864868
1789038126653732400,0.147732421875,-0.02260199747979641,0.5375609993934631,-0.4557051360607147
1789038126670986500,0.164986572265625,0.12095122784376144,-0.020158538594841957,-0.6328558921813965
1789038126688240600,0.18224072265625,0.29565855860710144,-0.6212494969367981,-0.7257073521614075
1789038126705494800,0.199494873046875,0.1795942485332489,-1.2119556665420532,-0.8210022449493408
1789038126722749200,0.216749267578125,-0.05803215503692627,-1.2748748064041138,-0.730594277381897
1789038126740003300,0.23400341796875,-0.26022839546203613,-0.8478803038597107,-0.44348782300949097
1789038126757257500,0.251257568359375,-0.3555232882499695,-0.09040798991918564,-0.0360410213470459
1789038126774511600,0.26851171875,-0.37629270553588867,0.9279035925865173,0.43432486057281494
1789038126791765800,0.285765869140625,-0.22846342623233795,1.3713914155960083,0.8924734592437744
1789038126809020000,0.30302001953125,0.26389357447624207,-1.2082905769348145,1.0818414688110352
1789038126826274300,0.3202744140625,0.40378162264823914,-1.9553781747817993,1.148425817489624
1789038126843528400,0.337528564453125,0.2938259541988373,-1.033583164215088,1.1465932130813599
1789038126860782600,0.354782470703125,0.3451386094093323,-0.337808221578598,0.6322450637817383
1789038126878036700,0.37203662109375,0.6579013466835022,-0.11972949653863907,0.04459312930703163
1789038126895291000,0.389290771484375,0.7360920310020447,-0.14538581669330597,-0.4471530318260193
1789038126912545300,0.406545166015625,0.3225366175174713,-0.4612029194831848,-0.5534434914588928
1789038126929799400,0.42379931640625,-0.037262752652168274,-0.8570432662963867,-0.21685700118541718
1789038126947053600,0.441053466796875,-0.08552107214927673,-1.1209368705749512,-0.03848448023200035
1789038126964307700,0.4583076171875,-0.0873536616563797,-1.0341941118240356,-0.15638138353824615
1789038126981562000,0.47556201171875,-0.02871064469218254,-0.9743293523788452,-0.36224281787872314
1789038126998816300,0.492816162109375,-0.17531819641590118,-1.0323615074157715,-0.5516108870506287
1789038127016070400,0.5100703125,-0.1948658674955368,-1.2803726196289062,-0.6908880472183228
1789038127033324500,0.527324462890625,0.04886918142437935,-1.4801253080368042,-0.656679630279541
1789038127050578700,0.54457861328125,0.17165300250053406,-1.4257583618164062,-0.3042106628417969
1789038127067832800,0.561832763671875,-0.053756099194288254,-1.2327251434326172,0.021380268037319183
1789038127085087200,0.579087158203125,-0.3536907136440277,-1.0012073516845703,0.020158538594841957
1789038127102341400,0.59634130859375,-0.2211330533027649,-0.8949168920516968,-0.023823726922273636
1789038127119595500,0.613595458984375,0.1844811588525772,-0.33169957995414734,-0.04153880476951599
1789038127136849700,0.630849609375,0.4257727563381195,0.1747073233127594,-0.0769689604640007
1789038127154103800,0.648103759765625,0.42821621894836426,0.3549124300479889,-0.03298669680953026
1789038127171358200,0.665358154296875,0.35735589265823364,0.2009745091199875,0.07819069176912308
1789038127188612400,0.6826123046875,0.13439024984836578,0.13072505593299866,0.20830489695072174
1789038127205866500,0.699866455078125,-0.09101885557174683,0.3426951467990875,0.14721840620040894
1789038127223120600,0.71712060546875,-0.1026252806186676,0.6071996092796326,-0.09407317638397217
1789038127240374800,0.734374755859375,0.1282816082239151,0.750141978263855,-0.17715078592300415
1789038127257629200,0.751629150390625,0.2632827162742615,0.915686309337616,-0.11606431007385254
1789038127274883300,0.76888330078125,0.21380266547203064,1.0201442241668701,-0.08613193035125732
1789038127292137500,0.786137451171875,0.09162971377372742,0.9187406301498413,0.03481929376721382
1789038127309391600,0.8033916015625,0.033597562462091446,0.4428769648075104,0.24556763470172882
1789038127326646000,0.82064599609375,-0.010995565913617611,-0.01282816007733345,0.41355544328689575
1789038127343900200,0.837900146484375,-0.0720820426940918,-0.21441353857517242,0.3384190797805786
1789038127361154300,0.855154296875,-0.04520399495959282,-0.1893680840730667,0.2412915825843811
1789038127378408400,0.872408447265625,0.05558869615197182,-0.02626718580722809,0.2864955961704254
1789038127395662800,0.889662841796875,0.025045456364750862,0.0513126403093338,0.35613417625427246
1789038127412917000,0.9069169921875,-0.09712749719619751,-0.06414080411195755,0.3139844834804535
1789038127430171100,0.924171142578125,-0.17104214429855347,-0.12522727251052856,0.27550002932548523
1789038127447425300,0.94142529296875,-0.16676609218120575,-0.09651663154363632,0.23029601573944092
1789038127464679400,0.958679443359375,-0.1441640853881836,-0.16187916696071625,0.1533270627260208
1789038127481933800,0.975933837890625,-0.06597339361906052,-0.29443681240081787,0.11239911615848541
1789038127499188000,0.99318798828125,0.006719512399286032,-0.3970620930194855,0.20280711352825165
1789038127516442000,1.010442138671875,-0.07574722915887833,-0.4043924808502197,0.2712239623069763
1789038127533696300,1.0276962890625,-0.18814635276794434,-0.3995055556297302,0.2712239623069763
1789038127550950400,1.044950439453125,-0.11484257876873016,-0.5790998339653015,0.277332603931427
1789038127568204800,1.062204833984375,0.19242240488529205,-1.0189224481582642,0.3439168632030487
1789038127585459000,1.079458984375,0.44470956921577454,-0.8912517428398132,0.5778780579566956
1789038127602713000,1.096713134765625,0.4221075773239136,-0.46425724029541016,0.565049946308136
1789038127619967200,1.11396728515625,0.2419024556875229,-0.5815432667732239,0.1533270627260208
1789038127637221600,1.1312216796875,0.16676609218120575,-0.6108647584915161,-0.01893680728971958
1789038127654475800,1.148475830078125,0.1899789422750473,-0.4685332775115967,0.07819069176912308
1789038127671730000,1.16572998046875,0.21197007596492767,-0.8350521326065063,0.026878049597144127
1789038127688984000,1.182984130859375,0.3494146466255188,-1.0580178499221802,-0.13561198115348816
1789038127706238200,1.20023828125,0.5534434914588928,-0.94439697265625,-0.42821621894836426
1789038127723492600,1.21749267578125,1.3762784004211426,-1.0677915811538696,-0.850934624671936
1789038127740746800,1.234746826171875,1.8753548860549927,-0.8790343999862671,-1.1319323778152466
1789038127758001000,1.2520009765625,1.860694169998169,-0.6426297426223755,-1.3054180145263672
1789038127775255000,1.269255126953125,1.9584324359893799,-1.4782928228378296,-1.3463460206985474
1789038127792509400,1.286509521484375,2.931540012359619,-4.102567672729492,-0.9046907424926758
1789038127809763600,1.303763671875,4.227184295654297,-5.25282621383667,-0.2608392536640167
1789038127827017700,1.321017822265625,5.208844184875488,-4.975493431091309,0.41294458508491516
1789038127844271900,1.33827197265625,5.668825149536133,-4.432435035705566,0.9523382186889648
1789038127861526000,1.355526123046875,5.597964763641357,-1.9871431589126587,0.5809323787689209
1789038127878780400,1.372780517578125,5.401266574859619,-0.7189878225326538,-0.11606431007385254
1789038127896034600,1.39003466796875,5.737242221832275,-2.2699735164642334,-0.4740310609340668
1789038127913288700,1.407288818359375,5.858193397521973,-3.0634868144989014,-0.6835576891899109
1789038127930543000,1.424543212890625,4.726871490478516,-3.400684118270874,-0.7812960743904114
1789038127947797200,1.44179736328125,3.285841703414917,-4.145939350128174,-0.8753692507743835
1789038127965051400,1.459051513671875,2.7067418098449707,-3.9522950649261475,-0.7751874327659607
1789038127982305500,1.476305419921875,2.679863691329956,-3.1367907524108887,-0.8155044913291931
1789038127999559700,1.4935595703125,2.8368561267852783,-2.6560399532318115,-1.119104266166687
1789038128016814000,1.51081396484375,2.9523093700408936,-1.8405355215072632,-1.0567960739135742
1789038128034068200,1.528068115234375,2.995069980621338,-1.6029092073440552,-0.646905779838562
1789038128051322400,1.545322265625,2.81425404548645,-2.0237951278686523,-0.4990765154361725
1789038128068576500,1.562576416015625,2.3261730670928955,-2.3701553344726562,-0.5674933791160583
1789038128085830700,1.57983056640625,2.199723958969116,-1.6505566835403442,-0.8491020202636719
1789038128103085000,1.5970849609375,2.564410448074341,-1.3799434900283813,-0.7739656567573547
1789038128120339200,1.614339111328125,2.6248860359191895,-0.7605266571044922,-0.6157516837120056
1789038128137593300,1.63159326171875,2.322507858276367,-1.2333359718322754,-0.472198486328125
1789038128154847500,1.648847412109375,1.6786564588546753,-2.2870776653289795,0.24373504519462585
1789038128172102000,1.666101806640625,1.1319323778152466,-2.947422504425049,0.7342594861984253
1789038128189356000,1.68335595703125,1.1410953998565674,-3.089754104614258,0.5626064538955688
1789038128206610200,1.700610107421875,1.1508692502975464,-3.3878560066223145,0.481361448764801
1789038128223864300,1.7178642578125,1.196073293685913,-3.4012951850891113,0.5186241865158081
1789038128241118700,1.73511865234375,1.286481261253357,-1.877798318862915,0.20769402384757996
1789038128258372900,1.752372802734375,1.8704679012298584,-1.4007129669189453,0.07024945318698883
1789038128275627000,1.769626953125,1.8637484312057495,-1.2076796293258667,-0.5180133581161499
1789038128301508400,1.79550830078125,1.6077960729599,-0.9236275553703308,-0.7519745230674744
1789038128318762500,1.812762451171875,1.7831143140792847,-0.5326740741729736,-0.7544180154800415
1789038128336016600,1.8300166015625,1.746462345123291,-0.676227331161499,-0.8338304162025452
1789038128353271000,1.84727099609375,1.4355322122573853,-1.071456789970398,-0.7293725609779358
1789038128370525200,1.864525146484375,1.1074978113174438,-0.8045089244842529,-0.35246896743774414
1789038128387779300,1.881779296875,0.8155044913291931,-0.36774060130119324,0.033597562462091446
1789038128405033500,1.899033447265625,0.8203914165496826,-0.6438514590263367,0.021380268037319183
1789038128422288000,1.916287841796875,0.8081740736961365,-1.0867284536361694,0.015271619893610477
1789038128439542000,1.9335419921875,0.7849612236022949,-0.9608902931213379,0.29016077518463135
1789038128456796200,1.950796142578125,0.953559935092926,-1.0470222234725952,0.3707949221134186
1789038128474050300,1.96805029296875,0.9767727851867676,-1.7067562341690063,0.4056142270565033
1789038128491304700,1.9853046875,0.9071341753005981,-1.977980136871338,0.7837395071983337
1789038128508558800,2.002558837890625,0.8723149299621582,-1.7159191370010376,1.130099892616272
1789038128525813000,2.01981298828125,0.6585122346878052,-1.3933825492858887,1.2082905769348145
1789038128543067100,2.037067138671875,0.5180133581161499,-1.6084070205688477,1.147204041481018
1789038128560321500,2.054321533203125,0.19914191961288452,-1.712864875793457,1.3848304748535156
1789038128577575700,2.07157568359375,0.07086031138896942,-1.6444480419158936,1.4043781757354736
1789038128594829800,2.088829833984375,-0.04520399495959282,-1.8619158267974854,1.1337649822235107
1789038128612084000,2.106083984375,-0.5442805290222168,-2.118479013442993,0.94439697265625
1789038128629338400,2.12333837890625,-0.9315688014030457,-1.2986985445022583,1.2052361965179443
1789038128646592500,2.140592529296875,-1.4275909662246704,0.6395754218101501,1.0879502296447754
1789038128663846400,2.157846435546875,-2.120311737060547,2.107483386993408,1.0482439994812012
1789038128689728000,2.18372802734375,-2.98163104057312,2.1801764965057373,0.6725621223449707
1789038128706982100,2.200982177734375,-2.7739369869232178,1.637117624282837,0.6817250847816467
1789038128724236300,2.218236328125,-2.025627613067627,1.2467750310897827,0.11117739230394363
1789038128741490400,2.235490478515625,-1.784335970878601,1.025641918182373,-0.38728827238082886
1789038128758744800,2.252744873046875,-2.011577606201172,1.1294889450073242,-0.5864301919937134
1789038128775999000,2.2699990234375,-1.1563670635223389,1.3561197519302368,-0.6493492722511292
1789038128793253000,2.287253173828125,-0.7452550530433655,0.9553925395011902,-0.6316341757774353
1789038128810507500,2.304507568359375,-1.2186752557754517,0.5711585879325867,-0.9456186890602112
1789038128827761700,2.32176171875,-2.1642940044403076,0.667064368724823,-1.2034035921096802
1789038128845015800,2.339015869140625,-2.2443172931671143,1.2070688009262085,-1.1808016300201416
1789038128862270200,2.356270263671875,-1.8405355215072632,1.703091025352478,-1.3090832233428955
1789038128879524400,2.3735244140625,-2.2253804206848145,1.4489712715148926,-1.5015056133270264
1789038128896778500,2.390778564453125,-2.395200729370117,0.9914335608482361,-1.2186752557754517
1789038128914032600,2.40803271484375,-3.138012409210205,1.2980875968933105,-0.9395100474357605
1789038128931286800,2.425286865234375,-4.559494495391846,2.1117594242095947,-1.1972949504852295
1789038128948541200,2.442541259765625,-7.3138837814331055,1.824653148651123,-1.8808526992797852
1789038128965795300,2.45979541015625,-6.376817226409912,-0.4783071279525757,-1.9083415269851685
1789038128983049500,2.477049560546875,-3.8044657707214355,-2.001193046569824,-1.0543526411056519
1789038129000303900,2.494303955078125,-2.723845958709717,-2.0891575813293457,-0.6120865345001221
1789038129017558000,2.51155810546875,-2.99751353263855,-1.7928881645202637,-1.0977239608764648
1789038129034812200,2.528812255859375,-2.762941360473633,-1.9492695331573486,-1.7073670625686646
1789038129052066300,2.54606640625,-2.6077816486358643,-2.1306962966918945,-2.668257474899292
1789038129069320700,2.56332080078125,-0.17898337543010712,-1.6603304147720337,-2.342055559158325
1789038129086574800,2.580574951171875,2.028681993484497,-0.6621774435043335,-2.1331398487091064
1789038129103829000,2.5978291015625,2.953531265258789,-1.9095633029937744,-1.886350393295288
1789038129121083100,2.615083251953125,2.9822418689727783,-2.525315046310425,-1.5314379930496216
1789038129138337500,2.632337646484375,2.4233005046844482,-1.0403027534484863,-0.832608699798584
1789038129155591700,2.649591796875,1.796553373336792,0.004276053514331579,0.17287473380565643
1789038129172846000,2.66684619140625,0.6206386089324951,0.35796675086021423,1.1478148698806763
1789038129190100200,2.684100341796875,0.06841685622930527,-0.328645259141922,0.8155044913291931
1789038129207354400,2.701354248046875,0.04214967042207718,-0.2162461280822754,0.35796675086021423
1789038129224608800,2.71860888671875,0.12400554865598679,-0.06902772188186646,0.3390299379825592
1789038129241863000,2.73586279296875,0.4575377106666565,-0.32131487131118774,0.5888736248016357
1789038129259117000,2.753116943359375,1.0293071269989014,-0.11911863088607788,0.3231474757194519
1789038129276371500,2.770371337890625,1.6792672872543335,0.028099779039621353,0.02871064469218254
1789038129293625600,2.78762548828125,2.324951410293579,-0.9205732345581055,0.04459312930703163
1789038129310879700,2.804879638671875,2.4294092655181885,-1.4996730089187622,0.4373791813850403
1789038129328134000,2.8221337890625,1.1227694749832153,-1.5741984844207764,1.0128138065338135
1789038129345388300,2.83938818359375,-0.4990765154361725,-1.276707410812378,0.8484911918640137
1789038129362642400,2.856642333984375,-1.194240689277649,-0.6994401812553406,0.22418737411499023
1789038129379896600,2.873896484375,-0.5687150955200195,0.2657261788845062,-0.11423171311616898
1789038129397151000,2.89115087890625,0.17592905461788177,0.18264856934547424,0.35185810923576355
1789038129414405000,2.908405029296875,0.24006985127925873,-0.003665188793092966,0.5100721120834351
1789038129431659300,2.9256591796875,0.01954767294228077,-0.30970844626426697,0.4147771894931793
1789038129448913700,2.94291357421875,-0.36224281787872314,-0.31031930446624756,0.27855435013771057
1789038129466167800,2.960167724609375,-0.3078758418560028,-0.3133736252784729,0.40744680166244507
1789038129483422200,2.977422119140625,0.15149445831775665,-0.16187916696071625,0.49113526940345764
1789038129500676400,2.99467626953125,0.25900667905807495,-0.12034036219120026,0.41783151030540466
1789038129517930800,3.0119306640625,0.14477495849132538,-0.13255766034126282,0.6401863098144531
1789038129535185000,3.029184814453125,0.17592905461788177,0.6120865345001221,0.9382883310317993
1789038129552439000,3.04643896484375,0.1178968995809555,0.8387173414230347,0.9101884961128235
1789038129569693400,3.063693359375,-0.17043127119541168,0.5015199780464172,0.4819723069667816
1789038129586947600,3.080947509765625,-0.04153880476951599,0.15577052533626556,0.1637117564678192
1789038129604201700,3.09820166015625,0.6633991599082947,0.08368847519159317,-0.06414080411195755
1789038129621456100,3.1154560546875,1.0024291276931763,0.19669845700263977,-0.3090975880622864
1789038129638710300,3.132710205078125,0.6017017960548401,0.24556763470172882,-0.30970844626426697
1789038129655964400,3.14996435546875,0.3341430425643921,-0.2828303873538971,-0.10323614627122879
1789038129673218800,3.16721875,0.4410443603992462,-0.029932374134659767,-0.06841685622930527
1789038129690473000,3.184472900390625,0.4862483739852905,0.22174391150474548,-0.24740023910999298
1789038129707727000,3.20172705078125,0.5094612240791321,0.4667007029056549,-0.5760455131530762
1789038129724981500,3.2189814453125,0.6212494969367981,0.32009315490722656,-0.8991929292678833
1789038129742235600,3.236235595703125,0.7250964641571045,0.47464191913604736,-0.9853248596191406
1789038129759489800,3.25348974609375,0.6823359727859497,0.36224281787872314,-0.8374956250190735
1789038129776744200,3.270744140625,0.33719736337661743,-0.015271619893610477,-0.49418962001800537
1789038129793998300,3.287998291015625,0.13500112295150757,0.015271619893610477,-0.36712974309921265
1789038129811252700,3.305252685546875,0.3591884970664978,0.4159989058971405,-0.4734202027320862
1789038129828507000,3.3225068359375,0.574212908744812,0.5015199780464172,-0.5809323787689209
1789038129845761300,3.33976123046875,0.6255255341529846,0.6493492722511292,-0.6047561168670654
1789038129863015400,3.357015380859375,0.42271843552589417,0.5222893953323364,-0.4221075773239136
1789038129880269800,3.374269775390625,0.31459537148475647,0.6701186895370483,-0.1533270627260208
1789038129897524000,3.39152392578125,0.09040798991918564,0.6731730103492737,-0.1331685185432434
1789038129914778000,3.408778076171875,-0.08918625861406326,0.5106829404830933,-0.3194822669029236
1789038129932032500,3.426032470703125,-0.07147117704153061,0.9749401807785034,-0.2052505612373352
1789038129949286700,3.44328662109375,0.43432486057281494,1.1148282289505005,-0.010995565913617611
1789038129966541000,3.460541015625,0.963333785533905,0.6921098232269287,0.5510000586509705
1789038129983795200,3.477795166015625,1.3597849607467651,1.535714030265808,0.841160774230957
1789038130001049300,3.49504931640625,1.0574069023132324,1.204014539718628,0.3249800503253937
1789038130018303700,3.5123037109375,2.2540910243988037,0.9590576887130737,0.21807873249053955
1789038130035558000,3.529557861328125,3.3347108364105225,1.4624103307724,0.4147771894931793
1789038130052812300,3.546812255859375,2.0042474269866943,-0.35613417625427246,-0.46975502371788025
1789038130070066400,3.56406640625,1.7220277786254883,-1.7348560094833374,-1.0861176252365112
1789038130087320600,3.581320556640625,1.9468261003494263,-1.0567960739135742,-0.3646862804889679
1789038130104575000,3.598574951171875,1.833205223083496,-0.09101885557174683,0.370184063911438
1789038130121829000,3.6158291015625,1.6676608324050903,0.6035344004631042,-0.1484401375055313
1789038130139083500,3.63308349609375,1.9370522499084473,0.4373791813850403,-0.0616973415017128
1789038130156337700,3.650337646484375,2.478278398513794,0.1740964651107788,0.3995055556297302
1789038130173592000,3.667592041015625,1.998138666152954,-0.16615521907806396,0.8124501705169678
1789038130190846200,3.68484619140625,1.359174132347107,-0.4428769648075104,0.5913171172142029
1789038130208100600,3.7021005859375,0.8943060636520386,-0.14660754799842834,-0.48013970255851746
1789038130225354800,3.719354736328125,0.4367683231830597,0.35063639283180237,-1.163697361946106
1789038130242609000,3.73660888671875,0.25900667905807495,0.4276053309440613,-0.8350521326065063
1789038130259863300,3.75386328125,0.40744680166244507,0.08674279600381851,0.04459312930703163
1789038130277117400,3.771117431640625,0.28527384996414185,-0.24801109731197357,0.28466299176216125
1789038130294371800,3.788371826171875,0.19914191961288452,-0.13683371245861053,-0.38850998878479004
1789038130311626000,3.8056259765625,0.5338957905769348,0.07941242307424545,-0.22174391150474548
1789038130328880400,3.82288037109375,0.7953459620475769,-0.2657261788845062,0.031154103577136993
1789038130346134500,3.840134521484375,0.8491020202636719,-0.16859868168830872,-0.19120067358016968
1789038130363389000,3.857388916015625,0.9578359723091125,0.12705987691879272,-0.11178825795650482
1789038130380643000,3.87464306640625,0.9688315391540527,0.3946186602115631,-0.021991131827235222
1789038130397897500,3.8918974609375,0.9492838382720947,0.09590577334165573,0.15760311484336853
1789038130415151600,3.909151611328125,0.8350521326065063,-0.008552107028663158,0.8002328872680664
1789038130432406000,3.926406005859375,0.5962040424346924,-0.3744601011276245,1.6059634685516357
1789038130449660200,3.94366015625,0.6719512343406677,-0.13133592903614044,2.167959213256836
1789038130466914600,3.96091455078125,0.6743947267532349,1.5100576877593994,1.775783896446228
1789038130484168700,3.978168701171875,0.4874700903892517,2.4434590339660645,0.42271843552589417
1789038130501423000,3.995423095703125,0.22724169492721558,2.154520034790039,-0.500298261642456
1789038130518677200,4.01267724609375,-0.03909534588456154,0.45875945687294006,-0.6682860851287842
1789038130535931600,4.029931640625,0.0513126403093338,0.030543239787220955,-0.8747583627700806
1789038130553185800,4.047185791015625,0,0.049480047076940536,-1.4666863679885864
1789038130570440200,4.064440185546875,-0.21258094906806946,-0.8075632452964783,-1.68354332447052
1789038130587694300,4.0816943359375,-0.2608392536640167,-1.525940179824829,-1.2101231813430786
1789038130604948700,4.09894873046875,-0.12522727251052856,-1.3402373790740967,-0.3903425931930542
1789038130622203100,4.116203125,0.008552107028663158,-1.0604612827301025,-0.3799578845500946
1789038130639457300,4.133457275390625,-0.19303326308727264,-0.5894845128059387,-0.43371400237083435
1789038130656711700,4.150711669921875,-0.42821621894836426,0.12522727251052856,-0.16310089826583862
1789038130673965800,4.1679658203125,-0.4202749729156494,-0.13194678723812103,0.0824667438864708
1789038130691220200,4.18522021484375,-0.2675587832927704,-0.28466299176216125,0.2663370370864868
1789038130708474400,4.202474365234375,-0.3536907136440277,-0.19425499439239502,0.2809978127479553
1789038130725728800,4.219728759765625,-0.66645348072052,-0.4379900395870209,0.6298015713691711
1789038130742983000,4.23698291015625,-0.9028581380844116,-0.4062250852584839,0.5894845128059387
1789038130760237300,4.2542373046875,-1.1698060035705566,-0.35674503445625305,0.034208428114652634
1789038130777491500,4.271491455078125,-1.0201442241668701,-0.8307760953903198,0.0256563201546669
1789038130794745900,4.288745849609375,-0.851545512676239,-0.40378162264823914,0.0818558782339096
1789038130812000000,4.306,-0.42821621894836426,-0.030543239787220955,0.11362084746360779
1789038130829254400,4.32325439453125,-0.09651663154363632,0.07452550530433655,0.26389357447624207
1789038130846508500,4.340508544921875,0.02260199747979641,-0.33536475896835327,0.49113526940345764
1789038130863763000,4.357762939453125,0.01588248461484909,-0.11484257876873016,0.6273581385612488
1789038130881017000,4.37501708984375,-0.11423171311616898,0.25350889563560486,0.34086254239082336
1789038130898271500,4.392271484375,-0.2993237376213074,0.10201441496610641,-0.2370155304670334
1789038130915525600,4.409525634765625,-0.17165300250053406,-0.24862197041511536,-0.4612029194831848
1789038130932780000,4.426780029296875,-0.06291907280683517,-0.14782927930355072,-0.4105011224746704
1789038130950034200,4.4440341796875,-0.03298669680953026,0.046425722539424896,-0.16187916696071625
1789038130967288600,4.46128857421875,0.017715077847242355,-0.018325943499803543,0.08307760953903198
1789038130984542700,4.478542724609375,0.10751219838857651,-0.2577849328517914,0.24006985127925873
1789038131001797000,4.495797119140625,0.14721840620040894,-0.3042106628417969,0.4563159942626953
1789038131019051300,4.51305126953125,0.11423171311616898,-0.027488915249705315,0.4050033390522003
1789038131036305400,4.530305419921875,-0.07574722915887833,0.25900667905807495,-0.010384701192378998
1789038131053559800,4.547559814453125,-0.31459537148475647,0.3995055556297302,-0.6395754218101501
1789038131070814000,4.56481396484375,-0.25961753726005554,0.09407317638397217,-0.7470875978469849
1789038131088068400,4.582068359375,-0.20952661335468292,0.1588248461484909,-0.3799578845500946
1789038131105322500,4.599322509765625,-0.17104214429855347,0.21930044889450073,0.01588248461484909
1789038131122577000,4.616576904296875,-0.13072505593299866,0.277332603931427,0.08429934084415436
1789038131139831000,4.6338310546875,-0.24984370172023773,0.19364413619041443,-0.024434590712189674
1789038131157085400,4.65108544921875,-0.33047783374786377,0.2052505612373352,-0.09101885557174683
1789038131174339600,4.668339599609375,-0.3170388340950012,0.08979712426662445,0.002443459117785096
1789038131191594000,4.685593994140625,-0.2822195291519165,0.21135921776294708,-0.026878049597144127
1789038131208848100,4.70284814453125,-0.17837251722812653,0.09896009415388107,-0.03543015569448471
1789038131226102500,4.7201025390625,-0.056199558079242706,0.07513637095689774,-0.036651886999607086
1789038131243356700,4.737356689453125,0.04520399495959282,0.13683371245861053,-0.040317077189683914
1789038131260611000,4.754611083984375,0.17348559200763702,-0.003665188793092966,-0.0720820426940918
1789038131277865200,4.771865234375,0.2828303873538971,-0.11545344442129135,-0.20769402384757996
1789038131295119600,4.78911962890625,0.19425499439239502,-0.143553227186203,-0.11239911615848541
1789038131312373800,4.806373779296875,0.10079269111156464,-0.23762640357017517,0.11423171311616898
1789038131329628200,4.823628173828125,0.043371398001909256,-0.21807873249053955,0.13500112295150757
1789038131346882300,4.84088232421875,0.06291907280683517,-0.15515965223312378,0.09529490768909454
1789038131364136400,4.858136474609375,0.06108647957444191,-0.10995566099882126,0.09101885557174683
1789038131381390800,4.875390869140625,0.06963858753442764,-0.05925388261675835,0.09896009415388107
1789038131398645000,4.89264501953125,0.11545344442129135,-0.08124501258134842,0.06352993845939636
1789038131415899400,4.9098994140625,0.13011419773101807,-0.10873392969369888,0.03298669680953026
1789038131433153500,4.927153564453125,0.16310089826583862,-0.1649334877729416,0.03298669680953026
1789038131450408000,4.944407958984375,0.1997527778148651,-0.21258094906806946,0.039706211537122726
1789038131467662000,4.961662109375,0.20952661335468292,-0.19608759880065918,0.03481929376721382
1789038131484916500,4.97891650390625,0.19242240488529205,-0.1893680840730667,0.03848448023200035
1789038131502170600,4.996170654296875,0.14660754799842834,-0.22724169492721558,0.023823726922273636
1789038131519425000,5.013425048828125,0.13744457066059113,-0.2761108875274658,0.01954767294228077
1789038131536679200,5.03067919921875,0.11911863088607788,-0.2816086709499359,0.03237583488225937
1789038131553933600,5.04793359375,0.13500112295150757,-0.24495677649974823,0.04581485688686371
1789038131571187700,5.065187744140625,0.13927717506885529,-0.21258094906806946,0.03237583488225937
1789038131588442000,5.082442138671875,0.12767073512077332,-0.20280711352825165,0.014660755172371864
1789038131605696300,5.0996962890625,0.13072505593299866,-0.16859868168830872,0
1789038131622950700,5.11695068359375,0.1331685185432434,-0.09712749719619751,0.009773836471140385
1789038131640204800,5.134204833984375,0.12461641430854797,-0.056810423731803894,0.03176496922969818
1789038131657459200,5.151459228515625,0.11911863088607788,-0.05436696484684944,0.03237583488225937
1789038131674713300,5.16871337890625,0.11117739230394363,-0.05436696484684944,0.031154103577136993
1789038131691967700,5.1859677734375,0.11239911615848541,-0.033597562462091446,0.024434590712189674
1789038131709222000,5.203221923828125,0.12156209349632263,-0.03298669680953026,0.014049889519810677
1789038131726476300,5.220476318359375,0.14477495849132538,-0.02932151034474373,-0.006108647678047419
1789038131743730400,5.23773046875,0.15577052533626556,-0.010995565913617611,-0.029932374134659767
1789038131760984800,5.25498486328125,0.17287473380565643,0.009773836471140385,-0.053145237267017365
1789038131778239000,5.272239013671875,0.16187916696071625,0.021380268037319183,-0.0769689604640007
1789038131795493400,5.289493408203125,0.16004657745361328,0.037262752652168274,-0.09285144507884979
1789038131812747500,5.30674755859375,0.13561198115348816,0.040317077189683914,-0.09285144507884979
1789038131830001700,5.324001708984375,0.15699224174022675,0.05742128938436508,-0.08613193035125732
1789038131847256000,5.341256103515625,0.185092031955719,0.07757982611656189,-0.06719512492418289
1789038131864510200,5.35851025390625,0.18814635276794434,0.09529490768909454,-0.05864302068948746
1789038131881764600,5.3757646484375,0.18387030065059662,0.12461641430854797,-0.06841685622930527
1789038131899018800,5.393018798828125,0.1893680840730667,0.12278381735086441,-0.08368847519159317
1789038131916273200,5.410273193359375,0.20830489695072174,0.12767073512077332,-0.0922405794262886
1789038131933527300,5.42752734375,-0.13439024984836578,0.4667007029056549,0.17653992772102356
1789038131950781700,5.44478173828125,-0.2101374864578247,0.48991355299949646,0.1948658674955368
1789038131968035800,5.462035888671875,0.007330377586185932,0.22968515753746033,0.037262752652168274
1789038131985290200,5.479290283203125,0.11911863088607788,0.24312418699264526,-0.06475166976451874
1789038132002544400,5.49654443359375,0.14538581669330597,0.24434591829776764,-0.0360410213470459
1789038132019798800,5.513798828125,0.1130099818110466,0.1533270627260208,0.010995565913617611
1789038132037053000,5.531052978515625,0.046425722539424896,0.07391463965177536,-0.08857539296150208
1789038132054307300,5.548307373046875,-0.014049889519810677,0.02626718580722809,-0.18264856934547424
1789038132071561500,5.5655615234375,-0.04276053607463837,-0.01893680728971958,-0.25900667905807495
1789038132088815900,5.58281591796875,-0.0409279391169548,-0.0720820426940918,-0.3084867000579834
1789038132106070000,5.600070068359375,-0.050090912729501724,-0.1081230640411377,-0.2993237376213074
1789038132123324400,5.617324462890625,-0.01893680728971958,-0.14110976457595825,-0.2467893660068512
1789038132140578600,5.63457861328125,0.007941242307424545,-0.09162971377372742,-0.22296564280986786
1789038132157833000,5.6518330078125,0.010995565913617611,-0.08552107214927673,-0.17348559200763702
1789038132175087000,5.669087158203125,0.03176496922969818,-0.07757982611656189,-0.10995566099882126
1789038132192341500,5.686341552734375,0.10934479534626007,-0.0616973415017128,-0.03543015569448471
1789038132209595600,5.703595703125,0.1337793916463852,-0.01954767294228077,0.04459312930703163
1789038132226850000,5.72085009765625,0.2009745091199875,-0.059864748269319534,0.13072505593299866
1789038132244104200,5.738104248046875,0.24373504519462585,-0.10934479534626007,0.18142683804035187
1789038132261358600,5.755358642578125,0.2822195291519165,-0.08491020649671555,0.18570289015769958
1789038132278612700,5.77261279296875,0.3249800503253937,-0.06719512492418289,0.17898337543010712
1789038132295867100,5.7898671875,0.3787361681461334,-0.08491020649671555,0.15821397304534912
1789038132313121300,5.807121337890625,0.41294458508491516,-0.07330377399921417,0.1233946830034256
1789038132330375700,5.824375732421875,0.41294458508491516,-0.07635809481143951,0.09957095980644226
1789038132347629800,5.8416298828125,0.3854556679725647,-0.001832594396546483,0.09285144507884979
1789038132364884000,5.858884033203125,0.328645259141922,0.049480047076940536,0.08368847519159317
1789038132382138400,5.876138427734375,0.2724456787109375,0.10201441496610641,0.026878049597144127
1789038132399392500,5.893392578125,0.1844811588525772,0.11911863088607788,-0.06536252796649933
1789038132416647000,5.91064697265625,0.08429934084415436,0.1496618688106537,-0.12034036219120026
1789038132433901000,5.927901123046875,-0.025045456364750862,0.20402882993221283,-0.16187916696071625
1789038132451155500,5.945155517578125,-0.13683371245861053,0.26389357447624207,-0.2938259541988373
1789038132468409600,5.96240966796875,-0.26022839546203613,0.3280344009399414,-0.5027416944503784
1789038132485664000,5.9796640625,-0.4673115611076355,0.46059203147888184,-0.7287616729736328
1789038132502918100,5.996918212890625,-0.721431314945221,0.5613847374916077,-0.9016364216804504
1789038132520172500,6.014172607421875,-0.9963204264640808,0.6719512343406677,-1.0225876569747925
1789038132537426700,6.0314267578125,-1.2834268808364868,0.6798924803733826,-1.1166608333587646
1789038132554681000,6.04868115234375,-1.554650902748108,0.5894845128059387,-1.2736530303955078
1789038132571935200,6.065935302734375,-1.8558071851730347,0.554665207862854,-1.4672971963882446
1789038132589189600,6.083189697265625,-2.1300854682922363,0.6621774435043335,-1.5674790143966675
1789038132606443800,6.10044384765625,-2.2345433235168457,0.31520622968673706,-1.4110976457595825
1789038132623698200,6.1176982421875,-2.2064435482025146,-0.15515965223312378,-0.9859357476234436
1789038132640952300,6.134952392578125,-2.1526875495910645,-0.5589412450790405,-0.5962040424346924
1789038132658206700,6.152206787109375,-2.1166465282440186,-0.7171552777290344,-0.5503891706466675
1789038132675460900,6.1694609375,-2.0470077991485596,-0.7745765447616577,-0.6676751971244812
1789038132692715300,6.18671533203125,-2.0476186275482178,-0.7525854110717773,-0.7916807532310486
1789038132709969400,6.203969482421875,-2.190561056137085,-0.7250964641571045,-0.9370665550231934
1789038132727223800,6.221223876953125,-2.360381603240967,-0.667064368724823,-1.0403027534484863
1789038132744478000,6.23847802734375,-2.4123051166534424,-0.7605266571044922,-0.896138608455658
1789038132761732400,6.255732421875,-2.445291757583618,-0.8252783417701721,-0.8735366463661194
1789038132778986500,6.272986572265625,-2.528369426727295,-0.7672461867332458,-0.8662062287330627
1789038132796241000,6.290240966796875,-2.618166446685791,-0.7910698652267456,-0.8362739086151123
1789038132813495000,6.3074951171875,-2.4544546604156494,-0.8985821008682251,-0.813671886920929
1789038132830749400,6.32474951171875,-2.20461106300354,-0.8344413042068481,-0.7947350740432739
1789038132848003600,6.342003662109375,-2.2626430988311768,-1.0421353578567505,-0.6969966888427734
1789038132865258000,6.359258056640625,-2.212552309036255,-0.896138608455658,-0.5998691916465759
1789038132882512100,6.37651220703125,-1.933387041091919,-0.5198459029197693,-0.6456840634346008
1789038132899766500,6.3937666015625,-1.6798781156539917,-0.34636032581329346,-0.7226530313491821
1789038132917020700,6.411020751953125,-1.5784746408462524,-0.08857539296150208,-0.5442805290222168
1789038132934275000,6.428275146484375,-1.380554437637329,0.1288924664258957,-0.3439168632030487
1789038132951529200,6.445529296875,-1.0207550525665283,0.039706211537122726,-0.23335035145282745
1789038132968783600,6.46278369140625,-0.6682860851287842,-0.12644900381565094,-0.2730565667152405
1789038132986037800,6.480037841796875,-0.4776962697505951,-0.3848448097705841,-0.2528980076313019
1789038133003292200,6.497292236328125,-0.389120876789093,-0.07757982611656189,-0.06475166976451874
1789038133020546300,6.51454638671875,-0.1954767256975174,0.10751219838857651,-0.009162971749901772
1789038133037800700,6.53180078125,-0.0922405794262886,0.1441640853881836,-0.0665842592716217
1789038133055054800,6.549054931640625,-0.05497783049941063,0.1747073233127594,-0.06780599057674408
1789038133072309000,6.56630908203125,-0.01893680728971958,0.22235478460788727,-0.07513637095689774
1789038133089563400,6.5835634765625,-0.18692462146282196,0.006719512399286032,-0.18631376326084137
1789038133106817500,6.600817626953125,-0.740368127822876,-0.2608392536640167,-0.17898337543010712
1789038133124072000,6.618072021484375,-1.0238093137741089,-0.40927940607070923,-0.08613193035125732
1789038133141326000,6.635326171875,-0.9169080257415771,-0.6597339510917664,-0.2816086709499359
1789038133158580500,6.65258056640625,-0.8387173414230347,-0.8582650423049927,-0.22296564280986786
1789038133175834600,6.669834716796875,-0.6133082509040833,-0.6609556674957275,-0.16737695038318634
1789038133193089000,6.687089111328125,-0.4263836145401001,-0.5900954008102417,-0.2724456787109375
1789038133210343200,6.70434326171875,-0.2816086709499359,-0.379347026348114,-0.39767298102378845
1789038133227597600,6.72159765625,-0.3042106628417969,-0.15638138353824615,-0.4563159942626953
1789038133244851700,6.738851806640625,-0.4202749729156494,-0.026878049597144127,-0.4318813979625702
1789038133262106000,6.756106201171875,-0.49052441120147705,-0.08307760953903198,-0.3689623177051544
1789038133279360300,6.7733603515625,-0.6096430420875549,-0.3329212963581085,-0.31520622968673706
1789038133296614700,6.79061474609375,-0.7434224486351013,-0.5259546041488647,-0.2993237376213074
1789038133313868800,6.807868896484375,-0.7898481488227844,-0.6352993845939636,-0.3445277214050293
1789038133331123200,6.825123291015625,-0.676227331161499,-0.5283980369567871,-0.4612029194831848
1789038133348377300,6.84237744140625,-0.6120865345001221,-0.3805687427520752,-0.5925388336181641
1789038133365631700,6.8596318359375,-0.6609556674957275,-0.22357651591300964,-0.7165443897247314
1789038133382886000,6.876885986328125,-0.833219587802887,0.004886918235570192,-0.7220421433448792
1789038133400140300,6.894140380859375,-0.8998038172721863,0.14660754799842834,-0.5980366468429565
1789038133417394400,6.91139453125,-1.046411395072937,0.05192350596189499,-0.5595521330833435
1789038133434648800,6.92864892578125,-0.94439697265625,-0.06414080411195755,-0.5998691916465759
1789038133451903000,6.945903076171875,-0.6310232877731323,-0.14233149588108063,-0.6554579138755798
1789038133469157400,6.963157470703125,-0.3384190797805786,-0.21868959069252014,-0.6401863098144531
1789038133486411500,6.98041162109375,-0.17531819641590118,-0.1954767256975174,-0.6908880472183228
1789038133503666000,6.997666015625,-0.04276053607463837,-0.35063639283180237,-0.5192350745201111
1789038133520920000,7.014920166015625,0.053145237267017365,-0.3652971386909485,-0.3744601011276245
1789038133538174500,7.032174560546875,0.0409279391169548,-0.2657261788845062,-0.3805687427520752
1789038133555428600,7.0494287109375,0.043371398001909256,-0.2528980076313019,-0.38667741417884827
1789038133572683000,7.06668310546875,0.05864302068948746,-0.2162461280822754,-0.39767298102378845
1789038133589937200,7.083937255859375,0.023212861269712448,-0.19303326308727264,-0.42394015192985535
1789038133607191600,7.101191650390625,-0.02260199747979641,-0.17653992772102356,-0.3274235129356384
1789038133624445700,7.11844580078125,-0.10690133273601532,-0.056810423731803894,-0.19608759880065918
1789038133641700000,7.1357001953125,-0.09529490768909454,0.06414080411195755,-0.020158538594841957
1789038133658954200,7.152954345703125,0.13683371245861053,-0.002443459117785096,0.14294235408306122
1789038133676208400,7.17020849609375,0.2260199636220932,0.1490510106086731,0.34636032581329346
1789038133693462800,7.187462890625,0.40927940607070923,0.3023780584335327,0.5253437161445618
1789038133710717200,7.20471728515625,0.5338957905769348,0.40927940607070923,0.471587598323822
1789038133727971300,7.221971435546875,0.1178968995809555,0.23029601573944092,0.13194678723812103
1789038133745225500,7.2392255859375,-0.18753549456596375,0.050090912729501724,-0.11178825795650482
1789038133762479900,7.25647998046875,-0.2883281707763672,-0.13622283935546875,0.2052505612373352
1789038133779734000,7.273734130859375,-0.7696896195411682,-0.11178825795650482,0.4105011224746704
1789038133796988400,7.290988525390625,-0.48013970255851746,-0.01588248461484909,0.5027416944503784
1789038133814242600,7.30824267578125,-0.13500112295150757,0.5241219997406006,0.49541133642196655
1789038133831497000,7.3254970703125,0.17653992772102356,0.056199558079242706,0.3488037884235382
1789038133848751000,7.342751220703125,0.08124501258134842,-0.07635809481143951,0.14049890637397766
1789038133866005500,7.360005615234375,-0.07574722915887833,0.23029601573944092,0.033597562462091446
1789038133883259600,7.377259765625,-0.15088360011577606,0.36285367608070374,0.17531819641590118
1789038133900514000,7.39451416015625,-0.15699224174022675,0.49052441120147705,0.21868959069252014
1789038133917768200,7.411768310546875,-0.11423171311616898,0.5772672295570374,0.23762640357017517
1789038133935022600,7.429022705078125,-0.13011419773101807,0.6860011219978333,0.23884813487529755
1789038133952276700,7.44627685546875,-0.1747073233127594,0.6585122346878052,0.35185810923576355
1789038133969531100,7.46353125,-0.18203771114349365,0.49968740344047546,0.4831940531730652
1789038133986785300,7.480785400390625,-0.12644900381565094,0.4105011224746704,0.5540543794631958
1789038134004039700,7.498039794921875,-0.0818558782339096,0.4221075773239136,0.6206386089324951
1789038134021293800,7.5152939453125,-0.06475166976451874,0.5106829404830933,0.6921098232269287
1789038134038548200,7.53254833984375,-0.039706211537122726,0.48930269479751587,0.7641918659210205
1789038134055802400,7.54980224609375,-0.021991131827235222,0.4764745235443115,0.7409789562225342
1789038134073056800,7.567056884765625,-0.07147117704153061,0.5662716627120972,0.7104357481002808
1789038134090311000,7.584310791015625,-0.08002328872680664,0.6139190793037415,0.7055488228797913
1789038134107565300,7.6015654296875,-0.06291907280683517,0.6505709886550903,0.6585122346878052
1789038134124819500,7.6188193359375,-0.0665842592716217,0.6102539300918579,0.6181951761245728
1789038134142073900,7.636073974609375,-0.06597339361906052,0.6542361974716187,0.6078104376792908
1789038134159328000,7.653327880859375,-0.008552107028663158,0.6261364221572876,0.6169734001159668
1789038134176582400,7.67058251953125,0.06352993845939636,0.6163625717163086,0.6114756464958191
1789038134193836500,7.68783642578125,0.10995566099882126,0.7275399565696716,0.6059778332710266
1789038134211091000,7.705091064453125,0.15271618962287903,0.8020654320716858,0.6145299673080444
1789038134228345000,7.722344970703125,0.19669845700263977,0.7122683525085449,0.6243038177490234
1789038134245599500,7.739599609375,0.2626718580722809,0.6835576891899109,0.6811142563819885
1789038134262853600,7.756853515625,0.2987128794193268,0.7476984858512878,0.6817250847816467
1789038134280108000,7.77410791015625,0.2822195291519165,0.7183769941329956,0.6432406306266785
1789038134297362200,7.791362060546875,0.28588470816612244,0.720820426940918,0.6511818766593933
1789038134314616600,7.808616455078125,0.3017672002315521,0.7189878225326538,0.6365211009979248
1789038134331870700,7.82587060546875,0.30054548382759094,0.6615665555000305,0.5937605500221252
1789038134349125000,7.843125,0.29993459582328796,0.5760455131530762,0.5839866995811462
1789038134366379300,7.860379150390625,0.35613417625427246,0.6866120100021362,0.5607738494873047
1789038134383633700,7.877633544921875,0.4471530318260193,0.7147117853164673,0.5235111117362976
1789038134400887800,7.8948876953125,0.5314523577690125,0.544891357421875,0.4776962697505951
1789038134418142000,7.912141845703125,0.5491674542427063,0.5839866995811462,0.41294458508491516
1789038134435396400,7.929396240234375,0.48991355299949646,0.5247328281402588,0.23457208275794983
1789038134452650500,7.946650390625,0.4667007029056549,0.6420188546180725,0.19914191961288452
1789038134469905000,7.96390478515625,0.5656607747077942,0.66645348072052,0.1740964651107788
1789038134487159300,7.9811591796875,0.7379246354103088,0.40927940607070923,0.11972949653863907
1789038134504413400,7.998413330078125,0.8826996088027954,0.31459537148475647,0.0977383628487587
1789038134521667600,8.01566748046875,0.9590576887130737,0.5308414697647095,0.0824667438864708
1789038134538922000,8.032921875,0.8222240209579468,0.7440332770347595,0.08796452730894089
1789038134556176100,8.050176025390625,0.647516667842865,0.8833104968070984,0.07269290834665298
1789038134573430500,8.067430419921875,0.593149721622467,0.9505056142807007,0.0769689604640007
1789038134590684700,8.0846845703125,0.6737838387489319,0.8277217745780945,0.11056652665138245
1789038134607939000,8.10193896484375,0.8717040419578552,0.739757239818573,0.13439024984836578
1789038134625193200,8.119193115234374,1.128878116607666,0.7550288438796997,0.20830489695072174
1789038134642447600,8.136447509765626,1.204014539718628,0.2822195291519165,0.3481929302215576
1789038134659701800,8.15370166015625,1.3103049993515015,0.3121519088745117,-0.04276053607463837
1789038134676956200,8.1709560546875,1.4288127422332764,0.7855721116065979,-0.21380266547203064
1789038134694210300,8.188210205078125,1.5033382177352905,0.7544180154800415,-0.15821397304534912
1789038134711464700,8.205464599609375,1.6218459606170654,0.5864301919937134,-0.18631376326084137
1789038134728718800,8.22271875,1.703091025352478,0.7800742983818054,-0.25534147024154663
1789038134745973200,8.23997314453125,1.6224569082260132,0.9749401807785034,-0.09834922850131989
1789038134763227400,8.257227294921876,1.3756674528121948,0.7861829996109009,0.01649334840476513
1789038134780481800,8.274481689453125,1.1820234060287476,0.4269944727420807,0.009773836471140385
1789038134797736000,8.29173583984375,0.9700532555580139,0.22174391150474548,-0.07513637095689774
1789038134814990300,8.308990234375,0.7000510096549988,0.20158538222312927,-0.18753549456596375
1789038134832244500,8.326244384765625,0.48502662777900696,0.003665188793092966,-0.32681265473365784
1789038134849499000,8.343498779296874,0.2528980076313019,0.05497783049941063,-0.42882707715034485
1789038134866753000,8.3607529296875,0.0665842592716217,0.2211330533027649,-0.4062250852584839
1789038134884007400,8.37800732421875,-0.0616973415017128,0.11056652665138245,-0.40805765986442566
1789038134901261600,8.395261474609375,-0.21807873249053955,-0.007330377586185932,-0.4825831651687622
1789038134918515700,8.412515625,-0.3292561173439026,0.01649334840476513,-0.4068359434604645
1789038134935770000,8.42977001953125,-0.36224281787872314,0.0256563201546669,-0.15515965223312378
1789038134953024300,8.447024169921875,-0.3842339515686035,-0.056199558079242706,0.020769402384757996
1789038134970278700,8.464278564453124,-0.411722868680954,-0.09957095980644226,0.1331685185432434
1789038134987532800,8.48153271484375,-0.41783151030540466,-0.11178825795650482,0.07574722915887833
1789038135004787200,8.498787109375,-0.43921178579330444,-0.3170388340950012,-0.04825831577181816
1789038135022041300,8.516041259765625,-0.26878049969673157,-0.5186241865158081,-0.04520399495959282
1789038135039295700,8.533295654296875,0.000610864779446274,-0.5216785073280334,0.05803215503692627
1789038135056550000,8.5505498046875,0.07269290834665298,-0.5809323787689209,-0.03543015569448471
1789038135073804300,8.56780419921875,0.03481929376721382,-0.5937605500221252,-0.1948658674955368
1789038135091058400,8.585058349609374,0.15515965223312378,-0.4764745235443115,-0.24006985127925873
1789038135108312800,8.602312744140624,0.16859868168830872,-0.46608981490135193,-0.18814635276794434
1789038135125567000,8.61956689453125,0.09101885557174683,-0.4862483739852905,-0.2706131041049957
1789038135142821400,8.6368212890625,0.024434590712189674,-0.48930269479751587,-0.40255987644195557
1789038135160075500,8.654075439453125,-0.03176496922969818,-0.42882707715034485,-0.4477638900279999
1789038135177330000,8.671329833984375,-0.05192350596189499,-0.24006985127925873,-0.3964512348175049
1789038135194584000,8.688583984375,-0.037262752652168274,-0.000610864779446274,-0.3530798554420471
1789038135211838500,8.70583837890625,-0.05436696484684944,0.18814635276794434,-0.3585776388645172
1789038135229092600,8.723092529296874,-0.1026252806186676,0.3347539007663727,-0.29626941680908203
1789038135246347000,8.740346923828126,-0.20769402384757996,0.46608981490135193,-0.2309068888425827
1789038135263601200,8.75760107421875,-0.36163195967674255,0.5595521330833435,-0.3225366175174713
1789038135280855600,8.77485546875,-0.44959646463394165,0.5528326034545898,-0.4111120104789734
1789038135298109700,8.792109619140625,-0.4764745235443115,0.4471530318260193,-0.3750709891319275
1789038135315364000,8.809364013671875,-0.5119046568870544,0.33719736337661743,-0.35796675086021423
1789038135332618200,8.8266181640625,-0.5723803043365479,0.23762640357017517,-0.45387253165245056
1789038135349872600,8.84387255859375,-0.5888736248016357,0.13133592903614044,-0.5577195286750793
1789038135367126800,8.861126708984376,-0.6316341757774353,0.059864748269319534,-0.544891357421875
1789038135384381000,8.878380859375,-0.7428115606307983,-0.04520399495959282,-0.4923570156097412
1789038135401635300,8.89563525390625,-0.7953459620475769,-0.21258094906806946,-0.35735589265823364
1789038135418889500,8.912889404296875,-0.7996219992637634,-0.2761108875274658,-0.22846342623233795
1789038135436143900,8.930143798828125,-0.7959567904472351,-0.3176496922969818,-0.17348559200763702
1789038135453398000,8.94739794921875,-0.8032872080802917,-0.4673115611076355,-0.1698204129934311
1789038135470652400,8.96465234375,-0.7690787315368652,-0.5015199780464172,-0.17898337543010712
1789038135487906600,8.981906494140626,-0.6646208763122559,-0.3848448097705841,-0.14782927930355072
1789038135505161000,8.999160888671875,-0.554665207862854,-0.25900667905807495,-0.15699224174022675
1789038135522415000,9.0164150390625,-0.5723803043365479,-0.2156352698802948,-0.23518294095993042
1789038135539669500,9.03366943359375,-0.6872228980064392,-0.21991132199764252,-0.30115634202957153
1789038135556923600,9.050923583984375,-0.7550288438796997,-0.2981020212173462,-0.33231043815612793
1789038135574178000,9.068177978515624,-0.8283326625823975,-0.3591884970664978,-0.3970620930194855
1789038135591432200,9.08543212890625,-0.9107993841171265,-0.28588470816612244,-0.481361448764801
1789038135608686600,9.1026865234375,-1.0855066776275635,-0.2632827162742615,-0.46364638209342957
1789038135625940700,9.119940673828125,-1.3213005065917969,-0.3066541254520416,-0.36285367608070374
1789038135643195100,9.137195068359375,-1.4202606678009033,-0.33658650517463684,-0.2162461280822754
1789038135660449300,9.15444921875,-1.3109158277511597,-0.39828383922576904,-0.21197007596492767
1789038135677703700,9.17170361328125,-1.1655299663543701,-0.41416633129119873,-0.3445277214050293
1789038135694957800,9.188957763671874,-1.0873392820358276,-0.4929678738117218,-0.4776962697505951
1789038135712212200,9.206212158203124,-1.053741693496704,-0.5381718873977661,-0.5766563415527344
1789038135729466400,9.22346630859375,-1.1026109457015991,-0.48441576957702637,-0.6298015713691711
1789038135746720500,9.240720458984375,-1.1710277795791626,-0.5503891706466675,-0.5784889459609985
1789038135763975000,9.257974853515625,-1.164919137954712,-0.5235111117362976,-0.5009090900421143
1789038135781229000,9.27522900390625,-1.194240689277649,-0.46486809849739075,-0.5381718873977661
1789038135798483500,9.2924833984375,-1.193018913269043,-0.6175842881202698,-0.49968740344047546
1789038135815737600,9.309737548828124,-1.1117738485336304,-0.7531962990760803,-0.44348782300949097
1789038135832992000,9.326991943359374,-0.9975422024726868,-0.6169734001159668,-0.4477638900279999
1789038135850246100,9.34424609375,-0.9010255336761475,-0.7599157691001892,-0.3805687427520752
1789038135867500500,9.36150048828125,-0.9456186890602112,-0.8729257583618164,-0.2809978127479553
1789038135884754700,9.378754638671875,-0.9786053895950317,-0.4728093445301056,-0.33719736337661743
1789038135902009000,9.396009033203125,-0.9547816514968872,-0.35613417625427246,-0.40744680166244507
1789038135919263200,9.41326318359375,-0.8930842876434326,0.05070177838206291,-0.4874700903892517
1789038135936517600,9.430517578125,-0.8014546036720276,0.15271618962287903,-0.2938259541988373
1789038135953771800,9.447771728515624,-0.6890554428100586,0.11117739230394363,-0.09285144507884979
1789038135971026200,9.465026123046876,-0.6010909676551819,-0.16310089826583862,0.000610864779446274
1789038135988280300,9.4822802734375,-0.4404335021972656,-0.2528980076313019,-0.08552107214927673
1789038136005534700,9.49953466796875,-0.39400777220726013,-0.13011419773101807,-0.23884813487529755
1789038136022788900,9.516788818359375,-0.35246896743774414,0.037262752652168274,-0.42271843552589417
1789038136040043300,9.534043212890625,-0.337808221578598,0.1496618688106537,-0.4221075773239136
1789038136057297400,9.55129736328125,-0.2516762912273407,0.0922405794262886,-0.43371400237083435
1789038136074551800,9.5685517578125,-0.05436696484684944,0.05864302068948746,-0.3500255048274994
1789038136091806000,9.585805908203126,0.16065743565559387,0.0665842592716217,-0.268169641494751
1789038136109060400,9.603060302734375,0.2828303873538971,0.13927717506885529,-0.24312418699264526
1789038136126314500,9.620314453125,0.3225366175174713,0.24801109731197357,-0.28466299176216125
1789038136143569000,9.63756884765625,0.3915643095970154,0.17776164412498474,-0.22785256803035736
1789038136160823000,9.654822998046875,0.4557051360607147,0.24862197041511536,-0.16004657745361328
1789038136178077400,9.672077392578124,0.4972439408302307,0.2779434621334076,-0.06108647957444191
1789038136195331600,9.68933154296875,0.5473348498344421,0.26878049969673157,-0.08124501258134842
1789038136212586000,9.7065859375,0.6047561168670654,0.2003636509180069,-0.043371398001909256
1789038136229840100,9.723840087890625,0.6731730103492737,0.09590577334165573,0.0665842592716217
1789038136247094500,9.741094482421875,0.7440332770347595,0.08429934084415436,0.17715078592300415
1789038136264348700,9.7583486328125,0.7739656567573547,0.1496618688106537,0.21135921776294708
1789038136281603000,9.77560302734375,0.7733548283576965,0.2614501118659973,0.24312418699264526
1789038136298857200,9.792857177734374,0.7538071274757385,0.34697118401527405,0.3170388340950012
1789038136316111600,9.810111572265624,0.7794634699821472,0.5296197533607483,0.389120876789093
1789038136333365800,9.82736572265625,0.813060998916626,0.5503891706466675,0.4361574649810791
1789038136350620000,9.844619873046875,0.7916807532310486,0.5253437161445618,0.5186241865158081
1789038136367874300,9.861874267578125,0.7641918659210205,0.5925388336181641,0.5577195286750793
1789038136385128400,9.87912841796875,0.7312051653862,0.6921098232269287,0.5717694163322449
1789038136402382800,9.8963828125,0.7342594861984253,0.695164144039154,0.5510000586509705
1789038136419637000,9.913636962890624,0.8393282294273376,0.7965676784515381,0.5314523577690125
1789038136436891400,9.930891357421874,0.9077450633049011,0.7342594861984253,0.5528326034545898
1789038136454145500,9.9481455078125,0.8851430416107178,0.6713404059410095,0.5259546041488647
1789038136471400000,9.96539990234375,0.8246674537658691,0.4874700903892517,0.48930269479751587
1789038136488654000,9.982654052734375,0.7855721116065979,0.39278605580329895,0.4862483739852905
1789038136505908500,9.999908447265625,0.730594277381897,0.32192572951316833,0.46608981490135193
1789038136523162600,10.01716259765625,0.7079922556877136,0.10323614627122879,0.45998117327690125
1789038136540417000,10.0344169921875,0.758694052696228,-0.02260199747979641,0.4221075773239136
1789038136557671200,10.051671142578124,0.7947350740432739,0.03481929376721382,0.3811796307563782
1789038136574925600,10.068925537109376,0.9181297421455383,0.21380266547203064,0.2981020212173462
1789038136592179700,10.0861796875,1.0341941118240356,0.5345066785812378,0.17653992772102356
1789038136609434000,10.10343408203125,1.094058871269226,0.5784889459609985,0.08491020649671555
1789038136626688300,10.120688232421875,1.100778341293335,0.5968148708343506,0.026878049597144127
1789038136643942700,10.137942626953125,1.1655299663543701,0.5656607747077942,0.000610864779446274
1789038136661196800,10.15519677734375,1.196073293685913,0.4520399272441864,-0.02871064469218254
1789038136678451200,10.172451171875,1.227838158607483,0.4514290690422058,-0.03237583488225937
1789038136695705300,10.189705322265626,1.2174534797668457,0.2816086709499359,-0.05436696484684944
1789038136712959700,10.206959716796876,1.1062761545181274,0.24801109731197357,-0.15088360011577606
1789038136730214000,10.2242138671875,0.896138608455658,-0.04459312930703163,-0.021991131827235222
1789038136747468300,10.24146826171875,0.8124501705169678,-0.16676609218120575,0.07880155742168427
1789038136764722400,10.258722412109375,0.7929024696350098,-0.07330377399921417,0.08979712426662445
1789038136781976800,10.275976806640625,0.7605266571044922,-0.06230820715427399,0.05436696484684944
1789038136799231000,10.29323095703125,0.6206386089324951,-0.021991131827235222,0.007330377586185932
1789038136816485400,10.3104853515625,0.4557051360607147,-0.053756099194288254,0.15088360011577606
1789038136833739500,10.327739501953126,0.36163195967674255,-0.22785256803035736,0.20891575515270233
1789038136850993700,10.34499365234375,0.28466299176216125,-0.19914191961288452,0.2528980076313019
1789038136868248000,10.362248046875,0.2107483446598053,-0.3078758418560028,0.4312705397605896
1789038136885502200,10.379502197265625,0.13439024984836578,-0.5430588126182556,0.5253437161445618
1789038136902756600,10.396756591796875,-0.029932374134659767,-0.6982184648513794,0.35796675086021423
1789038136920010800,10.4140107421875,-0.1905898153781891,-0.7330377101898193,0.1380554437637329
1789038136937265200,10.43126513671875,-0.268169641494751,-0.5619956254959106,0.19364413619041443
1789038136954519300,10.448519287109375,-0.2663370370864868,-0.3799578845500946,0.36712974309921265
1789038136971773700,10.465773681640625,-0.13194678723812103,-0.2889390289783478,0.40927940607070923
1789038136989027800,10.48302783203125,-0.027488915249705315,-0.27855435013771057,0.33108872175216675
1789038137006282200,10.5002822265625,-0.06780599057674408,-0.27550002932548523,0.235793799161911
1789038137023536400,10.517536376953124,-0.17715078592300415,-0.19181154668331146,0.1484401375055313
1789038137040790800,10.534790771484374,-0.21991132199764252,-0.03543015569448471,0.07941242307424545
1789038137058045000,10.552044921875,-0.26878049969673157,0.059864748269319534,0.021380268037319183
1789038137075299300,10.56929931640625,-0.2706131041049957,0.143553227186203,0.009773836471140385
1789038137092553500,10.586553466796875,-0.2315177470445633,0.21502439677715302,-0.050090912729501724
1789038137109807900,10.603807861328125,-0.20891575515270233,0.2211330533027649,-0.1954767256975174
1789038137127062000,10.62106201171875,-0.21685700118541718,0.18570289015769958,-0.34086254239082336
1789038137144316200,10.638316162109374,-0.25045454502105713,0.164322629570961,-0.3750709891319275
1789038137161570600,10.655570556640624,-0.27977606654167175,0.2406807243824005,-0.36774060130119324
1789038137178824700,10.67282470703125,-0.3121519088745117,0.28954991698265076,-0.4007273018360138
1789038137196079000,10.6900791015625,-0.3451386094093323,0.21197007596492767,-0.39278605580329895
1789038137213333200,10.707333251953125,-0.4477638900279999,0.10201441496610641,-0.3530798554420471
1789038137230587600,10.724587646484375,-0.62857985496521,0.004886918235570192,-0.41233372688293457
1789038137247841800,10.741841796875,-0.767857015132904,-0.05192350596189499,-0.5259546041488647
1789038137265096200,10.75909619140625,-0.8936951756477356,-0.033597562462091446,-0.6682860851287842
1789038137282350300,10.776350341796874,-0.9975422024726868,-0.09162971377372742,-0.7195987105369568
1789038137299604700,10.793604736328126,-1.1209368705749512,-0.16676609218120575,-0.740368127822876
1789038137316859000,10.81085888671875,-1.202792763710022,-0.2926042377948761,-0.7189878225326538
1789038137334113300,10.82811328125,-1.3756674528121948,-0.48563748598098755,-0.7464767694473267
1789038137351367400,10.845367431640625,-1.6517783403396606,-0.6976075768470764,-0.7635809779167175
1789038137368621800,10.862621826171875,-1.5864158868789673,-0.7874047160148621,-0.7422007322311401
1789038137385876000,10.8798759765625,-1.4917317628860474,-0.8026763200759888,-0.6860011219978333
1789038137403130400,10.89713037109375,-1.4581341743469238,-0.6352993845939636,-0.6414080262184143
1789038137420384500,10.914384521484376,-1.5234967470169067,-0.6236929297447205,-0.5723803043365479
1789038137437638700,10.931638671875,-1.5503748655319214,-0.6139190793037415,-0.500298261642456
1789038137454893000,10.94889306640625,-1.4324779510498047,-0.7257073521614075,-0.41233372688293457
1789038137472147200,10.966147216796875,-1.3096940517425537,-0.8839213252067566,-0.3426951467990875
1789038137489401600,10.983401611328125,-1.3060288429260254,-1.062904715538025,-0.17776164412498474
1789038137506655700,11.00065576171875,-1.3878847360610962,-0.7507528066635132,-0.2834412455558777
1789038137523910100,11.01791015625,-1.36772620677948,-0.6835576891899109,-0.3842339515686035
1789038137541164300,11.035164306640626,-1.2290599346160889,-0.4050033390522003,-0.4214966893196106
1789038137558418700,11.052418701171876,-1.1129956245422363,-0.4050033390522003,-0.3133736252784729
1789038137575672800,11.0696728515625,-1.0219768285751343,-0.5070177912712097,-0.19181154668331146
1789038137592927200,11.08692724609375,-0.943175196647644,-0.5668824911117554,-0.11423171311616898
1789038137610181400,11.104181396484375,-0.9468404054641724,-0.43371400237083435,-0.04459312930703163
1789038137627435800,11.121435791015625,-0.8203914165496826,-0.07757982611656189,-0.01282816007733345
1789038137644690000,11.13868994140625,-0.6957749724388123,-0.02932151034474373,0.003665188793092966
1789038137661944300,11.1559443359375,-0.6035344004631042,-0.03481929376721382,0.07513637095689774
1789038137679198500,11.173198486328126,-0.48075059056282043,-0.09651663154363632,0.13072505593299866
1789038137696452900,11.190452880859375,-0.41416633129119873,0.15088360011577606,0.023823726922273636
1789038137713707000,11.20770703125,-0.37629270553588867,0.2211330533027649,-0.06047561392188072
1789038137730961400,11.22496142578125,-0.2577849328517914,0.29993459582328796,-0.09285144507884979
1789038137748215600,11.242215576171875,-0.10629047453403473,0.3481929302215576,-0.08063415437936783
1789038137765470000,11.259469970703124,0.03176496922969818,0.4361574649810791,-0.021991131827235222
1789038137782724000,11.27672412109375,0.14049890637397766,0.5204567909240723,0.04764745384454727
1789038137799978500,11.293978515625,0.26389357447624207,0.4923570156097412,0.2101374864578247
1789038137817232600,11.311232666015625,0.3298669755458832,0.40866854786872864,0.3640754222869873
1789038137834487000,11.328487060546875,0.34208428859710693,0.4789179861545563,0.4886918365955353
1789038137851741200,11.3457412109375,0.4007273018360138,0.5186241865158081,0.6414080262184143
1789038137868995600,11.36299560546875,0.47464191913604736,0.6200277805328369,0.7324268817901611
1789038137886249700,11.380249755859374,0.5888736248016357,0.7031053900718689,0.8191696405410767
1789038137903504100,11.397504150390626,0.6768381595611572,0.7709113359451294,0.8637627959251404
1789038137920758300,11.41475830078125,0.7568614482879639,0.8045089244842529,0.9010255336761475
1789038137938012700,11.4320126953125,0.8313869833946228,0.6780598759651184,0.9297361969947815
1789038137955266800,11.449266845703125,0.8112284541130066,0.6395754218101501,0.9004147052764893
1789038137972521200,11.466521240234375,0.7709113359451294,0.6994401812553406,0.8442151546478271
1789038137989775400,11.483775390625,0.8008437156677246,0.8521563410758972,0.8307760953903198
1789038138007029500,11.501029541015624,0.8454368710517883,0.6902772188186646,0.7464767694473267
1789038138024284000,11.518283935546876,0.8222240209579468,0.4862483739852905,0.7018836140632629
1789038138041538000,11.5355380859375,0.9004147052764893,0.39400777220726013,0.6133082509040833
1789038138058792400,11.55279248046875,1.0543526411056519,0.370184063911438,0.48563748598098755
1789038138076046600,11.570046630859375,1.2626575231552124,0.45509424805641174,0.32070401310920715
1789038138093301000,11.587301025390625,1.3927717208862305,0.5021308660507202,0.1649334877729416
1789038138110555100,11.60455517578125,1.137430191040039,0.3530798554420471,0.13988803327083588
1789038138127809500,11.6218095703125,0.9700532555580139,0.19608759880065918,0.1386663019657135
1789038138145063700,11.639063720703126,0.9602794051170349,0.1740964651107788,0.1545487940311432
1789038138162318000,11.656318115234376,1.0054833889007568,0.2669478952884674,0.11545344442129135
1789038138179572200,11.673572265625,1.3768892288208008,0.7641918659210205,0.018325943499803543
1789038138196826600,11.69082666015625,1.7513493299484253,0.8900299668312073,-0.11972949653863907
1789038138214080800,11.708080810546875,1.6517783403396606,0.7055488228797913,-0.0977383628487587
1789038138231335000,11.7253349609375,1.4098758697509766,0.6719512343406677,-0.10506874322891235
1789038138248589300,11.74258935546875,1.266933560371399,0.5687150955200195,0.018325943499803543
1789038138265843500,11.759843505859376,1.3335177898406982,0.45448338985443115,0.06841685622930527
1789038138283097900,11.777097900390626,1.2644901275634766,0.26389357447624207,0.10079269111156464
1789038138300352000,11.79435205078125,1.1814124584197998,0.29993459582328796,0.09162971377372742
1789038138317606400,11.8116064453125,1.0873392820358276,0.17348559200763702,0.0922405794262886
1789038138334860500,11.828860595703125,0.9450078010559082,0.33169957995414734,0.017715077847242355
1789038138352115000,11.846114990234375,0.7293725609779358,0.4477638900279999,0.027488915249705315
1789038138369369000,11.863369140625,0.5998691916465759,0.20219624042510986,0.049480047076940536
1789038138386623500,11.88062353515625,0.4728093445301056,-0.05436696484684944,0.021380268037319183
1789038138403877600,11.897877685546876,0.2877173125743866,-0.2712239623069763,0.06352993845939636
1789038138421132000,11.915132080078125,0.13072505593299866,-0.36774060130119324,0.12583814561367035
1789038138438386200,11.93238623046875,0.059864748269319534,-0.34697118401527405,0.14110976457595825
1789038138455640300,11.949640380859375,0.023823726922273636,-0.3799578845500946,0.11728604137897491
1789038138472894700,11.966894775390625,0.02932151034474373,-0.2974911332130432,0.025045456364750862
1789038138490148900,11.98414892578125,0.031154103577136993,-0.17287473380565643,-0.08368847519159317
1789038138507403300,12.0014033203125,-0.013439024798572063,-0.05436696484684944,-0.15271618962287903
1789038138524657400,12.018657470703126,-0.07880155742168427,-0.053145237267017365,-0.20219624042510986
1789038138541911800,12.035911865234375,-0.1130099818110466,-0.09040798991918564,-0.2730565667152405
1789038138559166000,12.053166015625,-0.10018182545900345,-0.0720820426940918,-0.3194822669029236
1789038138576420400,12.07042041015625,-0.0922405794262886,0.017104214057326317,-0.3634645342826843
1789038138593674500,12.087674560546875,-0.10873392969369888,0.05558869615197182,-0.3958403766155243
1789038138610928600,12.1049287109375,-0.14294235408306122,0.01588248461484909,-0.4428769648075104
1789038138628183000,12.12218310546875,-0.22663083672523499,0.010995565913617611,-0.49052441120147705
1789038138645437200,12.139437255859375,-0.3274235129356384,0.06414080411195755,-0.5161807537078857
1789038138662691600,12.156691650390625,-0.4251618981361389,0.13683371245861053,-0.544891357421875
1789038138679945700,12.17394580078125,-0.5302306413650513,0.16676609218120575,-0.5809323787689209
1789038138697200000,12.1912001953125,-0.6988292932510376,0.1337793916463852,-0.5986474752426147
1789038138714454300,12.208454345703124,-0.8985821008682251,0.10506874322891235,-0.5662716627120972
1789038138731708700,12.225708740234374,-1.110552191734314,0.06414080411195755,-0.4874700903892517
1789038138748962800,12.242962890625,-1.2431098222732544,-0.10873392969369888,-0.44348782300949097
1789038138766217200,12.26021728515625,-1.268766164779663,-0.18203771114349365,-0.47952884435653687
1789038138783471400,12.277471435546875,-1.3066397905349731,-0.3274235129356384,-0.5424479246139526
1789038138800725800,12.294725830078125,-1.3402373790740967,-0.277332603931427,-0.5442805290222168
1789038138817980000,12.31197998046875,-1.5210533142089844,-0.35735589265823364,-0.46364638209342957
1789038138835234300,12.329234375,-1.5796962976455688,-0.47952884435653687,-0.46486809849739075
1789038138852488400,12.346488525390624,-1.470962405204773,-0.5106829404830933,-0.36224281787872314
1789038138869742800,12.363742919921876,-1.3946043252944946,-0.6139190793037415,-0.33536475896835327
1789038138886997000,12.3809970703125,-1.4391974210739136,-0.8002328872680664,-0.3836230933666229
1789038138904251400,12.39825146484375,-1.454469084739685,-0.627968966960907,-0.4379900395870209
1789038138921505500,12.415505615234375,-1.4043781757354736,-0.5772672295570374,-0.3952295184135437
1789038138938759700,12.432759765625,-1.3946043252944946,-0.66645348072052,-0.32559093832969666
1789038138956014000,12.45001416015625,-1.4911209344863892,-0.8778126835823059,-0.27977606654167175
1789038138973268200,12.467268310546874,-1.4691298007965088,-0.8118392825126648,-0.37690356373786926
1789038138990522600,12.484522705078126,-1.2791508436203003,-0.7904590368270874,-0.3488037884235382
1789038139007776800,12.50177685546875,-1.155145287513733,-0.6908880472183228,-0.28405213356018066
1789038139025031200,12.51903125,-1.1044435501098633,-0.5155698657035828,-0.3610210716724396
1789038139042285300,12.536285400390625,-1.026863694190979,-0.4276053309440613,-0.3970620930194855
1789038139059539700,12.553539794921875,-1.1490366458892822,-0.2816086709499359,-0.3958403766155243
1789038139076793900,12.5707939453125,-1.1826342344284058,-0.16859868168830872,-0.3995055556297302
1789038139094048300,12.58804833984375,-1.1624757051467896,-0.11484257876873016,-0.19792018830776215
1789038139111302400,12.605302490234376,-0.9358448386192322,-0.1496618688106537,-0.1288924664258957
1789038139128556800,12.622556884765626,-0.6047561168670654,-0.2565632164478302,-0.04886918142437935
1789038139145811000,12.63981103515625,-0.5583304166793823,-0.23457208275794983,-0.16310089826583862
1789038139163065300,12.6570654296875,-0.5589412450790405,-0.025045456364750862,-0.21746785938739777
1789038139180319500,12.674319580078125,-0.5070177912712097,0.08307760953903198,-0.21930044889450073
1789038139197574000,12.691573974609375,-0.32559093832969666,0.15149445831775665,-0.17776164412498474
1789038139214828000,12.708828125,-0.12156209349632263,0.25534147024154663,-0.046425722539424896
1789038139232082200,12.726082275390626,0.004886918235570192,0.3035998046398163,0.06719512492418289
1789038139249336600,12.743336669921876,0.09040798991918564,0.3243691921234131,0.047036588191986084
1789038139266590700,12.7605908203125,0.26511532068252563,0.3090975880622864,0.07819069176912308
1789038139283845000,12.77784521484375,0.4373791813850403,0.43004879355430603,0.18325942754745483
1789038139301099300,12.795099365234375,0.5424479246139526,0.6114756464958191,0.2889390289783478
1789038139318353700,12.812353759765625,0.5528326034545898,0.6963858604431152,0.3750709891319275
1789038139335607800,12.82960791015625,0.5821541547775269,0.6957749724388123,0.462424635887146
1789038139352862200,12.8468623046875,0.6921098232269287,0.7409789562225342,0.500298261642456
1789038139370116400,12.864116455078126,0.7733548283576965,0.8203914165496826,0.5076286196708679
1789038139387370800,12.881370849609375,0.8668171167373657,0.8619301915168762,0.5522217750549316
1789038139404625000,12.898625,1.0390809774398804,0.8545998334884644,0.6047561168670654
1789038139421879300,12.91587939453125,1.194240689277649,0.8753692507743835,0.5467239618301392
1789038139439133400,12.933133544921875,1.275485634803772,0.8680388331413269,0.45875945687294006
1789038139456387600,12.9503876953125,1.2895355224609375,0.8472694754600525,0.4324922561645508
1789038139473642000,12.96764208984375,1.3109158277511597,0.66645348072052,0.42882707715034485
1789038139490896100,12.984896240234375,1.4398082494735718,0.5271763205528259,0.33108872175216675
1789038139508150500,13.002150634765625,1.5735876560211182,0.48563748598098755,0.26939135789871216
1789038139525404700,13.01940478515625,1.5228859186172485,0.22846342623233795,0.23762640357017517
1789038139542659000,13.0366591796875,1.4483604431152344,0.22479823231697083,0.2003636509180069
1789038139559913200,13.053913330078124,1.3726131916046143,0.1899789422750473,0.22357651591300964
1789038139577167400,13.07116748046875,1.3500111103057861,-0.018325943499803543,0.19792018830776215
1789038139594421800,13.088421875,1.4007129669189453,-0.030543239787220955,0.09834922850131989
1789038139611676000,13.105676025390625,1.4324779510498047,0.03848448023200035,0.011606430634856224
1789038139628930300,13.122930419921875,1.5906919240951538,0.42271843552589417,-0.06597339361906052
1789038139646184400,13.140184326171875,1.666439175605774,0.4917461574077606,-0.17287473380565643
1789038139663438800,13.15743896484375,1.6071852445602417,0.24923282861709595,-0.13255766034126282
1789038139680693000,13.17469287109375,1.5027273893356323,0.17165300250053406,-0.16004657745361328
1789038139697947400,13.191947509765624,1.387273907661438,0.14660754799842834,-0.12583814561367035
1789038139715201500,13.209201416015626,1.2400555610656738,0.04214967042207718,0.011606430634856224
1789038139732455700,13.22645556640625,1.1600322723388672,-0.20280711352825165,0.10934479534626007
1789038139749710000,13.2437099609375,1.0024291276931763,-0.30054548382759094,0.15210533142089844
1789038139766964200,13.260964111328125,0.8491020202636719,-0.08857539296150208,0.16249002516269684
1789038139784218600,13.278218505859375,0.7373138070106506,0.0054977829568088055,0.23945899307727814
1789038139801472800,13.29547265625,0.5717694163322449,-0.12156209349632263,0.3237583339214325
1789038139818727200,13.31272705078125,0.4196641147136688,-0.2767217457294464,0.43310311436653137
1789038139835981300,13.329981201171876,0.27427828311920166,-0.4056142270565033,0.46486809849739075
1789038139853235500,13.3472353515625,0.09712749719619751,-0.4819723069667816,0.4056142270565033
1789038139870489900,13.36448974609375,-0.03176496922969818,-0.4563159942626953,0.3121519088745117
1789038139887744000,13.381743896484375,-0.07391463965177536,-0.3909534513950348,0.23029601573944092
1789038139904998400,13.398998291015625,-0.09285144507884979,-0.28466299176216125,0.1533270627260208
1789038139922252500,13.41625244140625,-0.10445787757635117,-0.1795942485332489,0.05558869615197182
1789038139939507000,13.4335068359375,-0.12278381735086441,-0.18814635276794434,-0.026878049597144127
1789038139956761000,13.450760986328126,-0.15210533142089844,-0.1899789422750473,-0.05864302068948746
1789038139974015200,13.46801513671875,-0.19730933010578156,-0.06902772188186646,-0.11056652665138245
1789038139991269600,13.48526953125,-0.2461785078048706,0.1282816082239151,-0.17226386070251465
1789038140008523800,13.502523681640625,-0.3023780584335327,0.24740023910999298,-0.23212862014770508
1789038140025778200,13.519778076171875,-0.36835145950317383,0.2614501118659973,-0.29565855860710144
1789038140043032300,13.5370322265625,-0.45448338985443115,0.27855435013771057,-0.379347026348114
1789038140060286700,13.55428662109375,-0.5864301919937134,0.31642794609069824,-0.4575377106666565
1789038140077540900,13.571540771484376,-0.7330377101898193,0.32009315490722656,-0.5253437161445618
1789038140094795000,13.588794921875,-0.8668171167373657,0.28588470816612244,-0.5711585879325867
1789038140112049400,13.60604931640625,-1.0250310897827148,0.29077163338661194,-0.6365211009979248
1789038140129303600,13.623303466796875,-1.194240689277649,0.3488037884235382,-0.6957749724388123
1789038140146558000,13.640557861328125,-1.3634501695632935,0.17165300250053406,-0.7037162184715271
1789038140163812000,13.65781201171875,-1.5790854692459106,-0.01893680728971958,-0.6927206516265869
1789038140181066200,13.675066162109376,-1.6297872066497803,-0.13988803327083588,-0.6737838387489319
1789038140198320600,13.692320556640626,-1.517388105392456,-0.050090912729501724,-0.6084213256835938
1789038140215574800,13.70957470703125,-1.386052131652832,-0.010384701192378998,-0.5693259835243225
1789038140232829200,13.7268291015625,-1.4569125175476074,-0.30970844626426697,-0.6114756464958191
1789038140250083300,13.744083251953125,-1.820376992225647,-1.0574069023132324,-0.4776962697505951
1789038140267337700,13.761337646484375,-2.20461106300354,-1.229670763015747,-0.6316341757774353
1789038140284591900,13.778591796875,-1.8387030363082886,-1.1325433254241943,-0.6646208763122559
1789038140301846300,13.79584619140625,-1.323133111000061,-1.2675443887710571,-0.2101374864578247
1789038140319100400,13.813100341796876,-1.3237439393997192,-0.8881973624229431,-0.3084867000579834
1789038140336354800,13.830354736328125,-1.3799434900283813,-0.729983389377594,-0.5210676789283752
1789038140353609000,13.84760888671875,-1.334128737449646,-0.729983389377594,-0.43860089778900146
1789038140370863400,13.86486328125,-1.4379756450653076,-0.6798924803733826,-0.37629270553588867
1789038140388117500,13.882117431640625,-1.4831796884536743,-0.6224712133407593,-0.35246896743774414
1789038140405371600,13.89937158203125,-1.3781108856201172,-0.40866854786872864,-0.26939135789871216
1789038140422626000,13.9166259765625,-1.2626575231552124,-0.25411975383758545,-0.18203771114349365
1789038140439880200,13.933880126953126,-1.064737319946289,-0.11178825795650482,-0.14782927930355072
1789038140457134600,13.951134521484375,-0.9853248596191406,-0.04520399495959282,-0.11056652665138245
1789038140474388700,13.968388671875,-0.9260709881782532,0.11239911615848541,-0.0360410213470459
1789038140491643100,13.98564306640625,-0.8100066781044006,0.09468404203653336,0.001221729558892548
1789038140508897300,14.002897216796875,-0.66645348072052,0.12461641430854797,-0.049480047076940536
1789038140526151700,14.020151611328124,-0.536339282989502,0.11056652665138245,-0.033597562462091446
1789038140543405800,14.03740576171875,-0.4111120104789734,0.08307760953903198,0.043371398001909256
1789038140560660200,14.05466015625,-0.15027274191379547,0.07819069176912308,0.10873392969369888
1789038140577914400,14.071914306640625,0.12644900381565094,0.21930044889450073,0.08307760953903198
1789038140595168500,14.08916845703125,0.3090975880622864,0.379347026348114,0.056199558079242706
1789038140612423000,14.1064228515625,0.3402516841888428,0.40317076444625854,0.046425722539424896
1789038140629677000,14.123677001953125,0.4471530318260193,0.42821621894836426,0.08368847519159317
1789038140646931500,14.140931396484374,0.4972439408302307,0.5039634704589844,0.11545344442129135
1789038140664185600,14.158185546875,0.5705476999282837,0.5259546041488647,0.14660754799842834
1789038140681440000,14.17543994140625,0.6640099883079529,0.462424635887146,0.19914191961288452
1789038140698694100,14.192694091796875,0.7006618976593018,0.43921178579330444,0.2938259541988373
1789038140715948500,14.209948486328125,0.7709113359451294,0.481361448764801,0.3659079968929291
1789038140733202700,14.22720263671875,0.9169080257415771,0.4831940531730652,0.4404335021972656
1789038140750457000,14.24445703125,1.0586286783218384,0.5619956254959106,0.49480047821998596
1789038140767711200,14.261711181640624,1.1979057788848877,0.5522217750549316,0.4990765154361725
1789038140784965400,14.27896533203125,1.288313865661621,0.5503891706466675,0.49602219462394714
1789038140802219800,14.2962197265625,1.3103049993515015,0.5045742988586426,0.4453204274177551
1789038140819474000,14.313473876953125,1.2620465755462646,0.4886918365955353,0.4880809485912323
1789038140836728300,14.330728271484375,1.3280199766159058,0.5180133581161499,0.4789179861545563
1789038140853982500,14.347982421875,1.4483604431152344,0.5815432667732239,0.4874700903892517
1789038140871236600,14.365236572265625,1.6132938861846924,0.5723803043365479,0.4361574649810791
1789038140888491000,14.382490966796874,1.6475023031234741,0.5094612240791321,0.43432486057281494
1789038140905745200,14.3997451171875,1.7287473678588867,0.5797106623649597,0.38789913058280945
1789038140922999600,14.41699951171875,1.813657522201538,0.822834849357605,0.26450446248054504
1789038140940253700,14.434253662109375,1.7641774415969849,0.573602020740509,0.2260199636220932
1789038140957508000,14.451508056640625,1.7513493299484253,0.42332929372787476,0.17653992772102356
1789038140974762200,14.46876220703125,1.746462345123291,0.6249146461486816,0.10995566099882126
1789038140992016600,14.4860166015625,1.7440189123153687,0.6017017960548401,0.01954767294228077
1789038141009270800,14.503270751953124,1.6578869819641113,0.4508182108402252,-0.03909534588456154
1789038141026525000,14.52052490234375,1.563202977180481,0.24923282861709595,-0.12767073512077332
1789038141043779300,14.537779296875,1.247385859489441,0.04764745384454727,-0.13194678723812103
1789038141061033500,14.555033447265625,0.9016364216804504,-0.2009745091199875,-0.05864302068948746
1789038141078288000,14.572287841796875,0.5314523577690125,-0.3329212963581085,-0.14660754799842834
1789038141095542000,14.5895419921875,0.2968802750110626,-0.205861434340477,-0.16187916696071625
1789038141112796200,14.606796142578125,0.3903425931930542,0.1026252806186676,-0.05436696484684944
1789038141130050600,14.624050537109374,0.5772672295570374,0.0409279391169548,0.06414080411195755
1789038141147304700,14.6413046875,0.6792816519737244,-0.12461641430854797,0.10751219838857651
1789038141164558800,14.658558837890626,0.6175842881202698,-0.2052505612373352,0.1539379209280014
1789038141181813200,14.675813232421875,0.46975502371788025,-0.2608392536640167,0.1905898153781891
1789038141199067400,14.6930673828125,0.2974911332130432,-0.22418737411499023,0.16554436087608337
1789038141216321800,14.71032177734375,0.12034036219120026,-0.1545487940311432,0.05192350596189499
1789038141233576000,14.727575927734375,0.02932151034474373,-0.15638138353824615,-0.08552107214927673
1789038141250830300,14.744830322265624,0.003665188793092966,-0.17531819641590118,-0.19364413619041443
1789038141268084500,14.76208447265625,-0.001832594396546483,-0.15027274191379547,-0.26022839546203613
1789038141285339000,14.7793388671875,0.036651886999607086,-0.1331685185432434,-0.3274235129356384
1789038141302593000,14.796593017578125,0.020158538594841957,-0.1954767256975174,-0.33231043815612793
1789038141319847400,14.813847412109375,-0.04276053607463837,-0.21746785938739777,-0.30543237924575806
1789038141337101600,14.8311015625,-0.10323614627122879,-0.1740964651107788,-0.28588470816612244
1789038141354355700,14.848355712890625,-0.12095122784376144,-0.07880155742168427,-0.2889390289783478
1789038141371610000,14.865610107421874,-0.13500112295150757,-0.0409279391169548,-0.27855435013771057
1789038141388864300,14.8828642578125,-0.1380554437637329,-0.13622283935546875,-0.22357651591300964
1789038141406118700,14.90011865234375,-0.11056652665138245,-0.22663083672523499,-0.19914191961288452
1789038141423372800,14.917372802734375,-0.08552107214927673,-0.20891575515270233,-0.20769402384757996
1789038141440627000,14.934626953125,-0.08124501258134842,-0.1496618688106537,-0.19425499439239502
1789038141457881300,14.95188134765625,-0.08307760953903198,-0.07391463965177536,-0.21135921776294708
1789038141475135500,14.969135498046874,-0.08307760953903198,-0.006719512399286032,-0.2883281707763672
1789038141492389600,14.9863896484375,-0.10751219838857651,0.017715077847242355,-0.3402516841888428
1789038141509644000,15.00364404296875,-0.1588248461484909,0.024434590712189674,-0.34208428859710693
1789038141526898200,15.020898193359375,-0.20952661335468292,-0.01893680728971958,-0.3695732057094574
1789038141544152300,15.03815234375,-0.268169641494751,-0.0616973415017128,-0.4257727563381195
1789038141561406700,15.05540673828125,-0.3298669755458832,-0.11972949653863907,-0.43432486057281494
1789038141578660900,15.072660888671875,-0.401949018239975,-0.10629047453403473,-0.4056142270565033
1789038141595915300,15.089915283203124,-0.4886918365955353,-0.0030543238390237093,-0.37751442193984985
1789038141613169400,15.10716943359375,-0.5711585879325867,0.1178968995809555,-0.3909534513950348
1789038141630423600,15.124423583984376,-0.6774490475654602,0.21197007596492767,-0.4202749729156494
1789038141647678000,15.141677978515625,-0.7867938280105591,0.19364413619041443,-0.3787361681461334
1789038141664932000,15.15893212890625,-0.9028581380844116,0.07330377399921417,-0.32620179653167725
1789038141682186500,15.1761865234375,-0.972496747970581,-0.1282816082239151,-0.3585776388645172
1789038141699440600,15.193440673828125,-0.9480621218681335,-0.1533270627260208,-0.4355465769767761
1789038141716694800,15.21069482421875,-0.998763918876648,-0.1288924664258957,-0.4453204274177551
1789038141733949200,15.22794921875,-0.9950987100601196,-0.16676609218120575,-0.3646862804889679
1789038141751203300,15.245203369140626,-1.0800089836120605,-0.3903425931930542,-0.32559093832969666
1789038141768457700,15.262457763671875,-1.102000117301941,-0.44959646463394165,-0.277332603931427
1789038141785711900,15.2797119140625,-1.1221586465835571,-0.5772672295570374,-0.2107483446598053
1789038141802966300,15.29696630859375,-1.1343759298324585,-0.546113133430481,-0.18814635276794434
1789038141820220400,15.314220458984375,-1.1441497802734375,-0.4862483739852905,-0.18264856934547424
1789038141837474600,15.331474609375,-1.1661409139633179,-0.4416552484035492,-0.20219624042510986
1789038141854729000,15.34872900390625,-1.120326042175293,-0.47525280714035034,-0.17043127119541168
1789038141871983000,15.365983154296876,-1.1331541538238525,-0.5491674542427063,-0.11056652665138245
1789038141889237500,15.383237548828125,-1.1368193626403809,-0.5161807537078857,-0.10995566099882126
1789038141906491600,15.40049169921875,-1.148425817489624,-0.4410443603992462,-0.1386663019657135
1789038141923745800,15.417745849609375,-1.0702351331710815,-0.3915643095970154,-0.17898337543010712
1789038141941000200,15.435000244140625,-0.9309579133987427,-0.3396408259868622,-0.21319180727005005
1789038141958254300,15.45225439453125,-0.8491020202636719,-0.15515965223312378,-0.26939135789871216
1789038141975508500,15.469508544921876,-0.7880155444145203,-0.14172062277793884,-0.2565632164478302
1789038141992763000,15.486762939453126,-0.8558215498924255,-0.18203771114349365,-0.19792018830776215
1789038142010017000,15.50401708984375,-0.9126319885253906,-0.1545487940311432,-0.15027274191379547
1789038142027271400,15.521271484375,-0.9498947262763977,-0.13194678723812103,-0.04825831577181816
1789038142044525600,15.538525634765625,-0.9138537049293518,-0.18875721096992493,-0.001221729558892548
1789038142061779700,15.55577978515625,-0.8826996088027954,-0.13622283935546875,-0.010384701192378998
1789038142079034000,15.5730341796875,-0.8014546036720276,-0.1795942485332489,-0.01954767294228077
1789038142096288300,15.590288330078126,-0.7745765447616577,-0.24495677649974823,0.07513637095689774
1789038142113542400,15.60754248046875,-0.8344413042068481,-0.3799578845500946,0.014049889519810677
1789038142130796800,15.624796875,-0.748920202255249,-0.15760311484336853,-0.043371398001909256
1789038142148051000,15.642051025390625,-0.6426297426223755,-0.11117739230394363,0.006108647678047419
1789038142165305300,15.659305419921875,-0.5296197533607483,0.007330377586185932,-0.056810423731803894
1789038142182559500,15.6765595703125,-0.4404335021972656,0.04276053607463837,-0.0818558782339096
1789038142199814000,15.69381396484375,-0.4355465769767761,0.15638138353824615,-0.04276053607463837
1789038142217068000,15.711068115234376,-0.5015199780464172,0.10567960888147354,-0.037262752652168274
1789038142234322400,15.728322509765626,-0.40927940607070923,0.1233946830034256,-0.015271619893610477
1789038142251576600,15.74557666015625,-0.35063639283180237,0.05253437161445618,-0.08674279600381851
1789038142268830700,15.762830810546875,-0.29504770040512085,0.16004657745361328,-0.14049890637397766
1789038142286085000,15.780085205078125,-0.18692462146282196,0.18387030065059662,-0.07574722915887833
1789038142303339300,15.79733935546875,-0.16065743565559387,0.1081230640411377,-0.11423171311616898
1789038142320593700,15.81459375,-0.11728604137897491,-0.0360410213470459,-0.14172062277793884
1789038142337847800,15.831847900390626,-0.0360410213470459,-0.09896009415388107,-0.13988803327083588
1789038142355102200,15.849102294921876,0.012217295356094837,-0.02260199747979641,-0.13011419773101807
1789038142372356400,15.8663564453125,0.16187916696071625,0.10445787757635117,-0.07880155742168427
1789038142389610800,15.88361083984375,0.287106454372406,0.24434591829776764,0.006108647678047419
1789038142406865000,15.900864990234375,0.3390299379825592,0.32131487131118774,0.08918625861406326
1789038142424119000,15.918119140625,0.3530798554420471,0.37323838472366333,0.1905898153781891
1789038142441373400,15.93537353515625,0.39828383922576904,0.3897317349910736,0.23457208275794983
1789038142458627600,15.952627685546876,0.39767298102378845,0.4526508152484894,0.2767217457294464
1789038142475882000,15.969882080078126,0.40744680166244507,0.4508182108402252,0.2669478952884674
1789038142493136100,15.98713623046875,0.40805765986442566,0.40866854786872864,0.2712239623069763
1789038142510390300,16.004390380859373,0.3854556679725647,0.3549124300479889,0.2724456787109375
1789038142527644700,16.021644775390627,0.35674503445625305,0.32009315490722656,0.318871408700943
1789038142544898800,16.03889892578125,0.3811796307563782,0.3707949221134186,0.4056142270565033
1789038142562153200,16.0561533203125,0.3958403766155243,0.3610210716724396,0.5039634704589844
1789038142579407400,16.073407470703124,0.45875945687294006,0.3634645342826843,0.5277871489524841
1789038142596661500,16.09066162109375,0.565049946308136,0.430659681558609,0.574212908744812
1789038142613916000,16.107916015625,0.676227331161499,0.43921178579330444,0.5571087002754211
1789038142631170000,16.125170166015625,0.7422007322311401,0.49113526940345764,0.5149590373039246
1789038142648424400,16.142424560546875,0.7525854110717773,0.4465421438217163,0.5308414697647095
1789038142665678600,16.1596787109375,0.794124186038971,0.3659079968929291,0.5400044918060303
1789038142682932700,16.1769326171875,0.860708475112915,0.28954991698265076,0.5229002237319946
1789038142700187100,16.194187255859376,0.915686309337616,0.35613417625427246,0.5033525824546814
1789038142717441300,16.211441162109374,0.8949168920516968,0.3744601011276245,0.46425724029541016
1789038142734695400,16.2286953125,0.8796452879905701,0.35185810923576355,0.4526508152484894
1789038142751949800,16.24594970703125,0.8863648176193237,0.22724169492721558,0.38789913058280945
1789038142769204000,16.263203857421875,0.9358448386192322,0.17837251722812653,0.3549124300479889
1789038142786458400,16.280458251953124,0.9969313144683838,0.22174391150474548,0.3451386094093323
1789038142803712500,16.29771240234375,1.061682939529419,0.2620609998703003,0.36712974309921265
1789038142820967000,16.314966796875,1.1087195873260498,0.25045454502105713,0.3292561173439026
1789038142838221000,16.332220947265625,1.0787872076034546,0.2370155304670334,0.328645259141922
1789038142855475200,16.34947509765625,0.9963204264640808,0.19242240488529205,0.3121519088745117
1789038142872729600,16.3667294921875,0.924849271774292,0.20463970303535461,0.28527384996414185
1789038142889983700,16.383983642578126,0.8973603844642639,0.20647229254245758,0.2309068888425827
1789038142907238000,16.40123779296875,0.925460159778595,0.3494146466255188,0.16859868168830872
1789038142924492300,16.4184921875,0.9468404054641724,0.3042106628417969,0.19853104650974274
1789038142941746400,16.435746337890624,1.0293071269989014,0.22968515753746033,0.1747073233127594
1789038142959000600,16.45300048828125,1.1441497802734375,0.1954767256975174,0.08368847519159317
1789038142976255000,16.4702548828125,1.1691951751708984,0.18875721096992493,0.07330377399921417
1789038142993509000,16.487509033203125,1.1997383832931519,0.14782927930355072,0.06841685622930527
1789038143010763300,16.50476318359375,1.1655299663543701,0.24251331388950348,-0.011606430634856224
1789038143028017700,16.522017578125,1.0305289030075073,0.30543237924575806,-0.049480047076940536
1789038143045271800,16.539271728515626,0.8032872080802917,0.2467893660068512,-0.029932374134659767
1789038143062526000,16.55652587890625,0.648127555847168,0.07330377399921417,-0.0030543238390237093
1789038143079780400,16.5737802734375,0.6401863098144531,-0.07391463965177536,0.000610864779446274
1789038143097034500,16.591034423828123,0.6114756464958191,-0.1282816082239151,-0.013439024798572063
1789038143114288600,16.60828857421875,0.5375609993934631,-0.06352993845939636,-0.004886918235570192
1789038143131543000,16.62554296875,0.5326740741729736,-0.011606430634856224,0.0769689604640007
1789038143148797200,16.642797119140624,0.5662716627120972,-0.017715077847242355,0.12095122784376144
1789038143166051600,16.660051513671874,0.4453204274177551,-0.08552107214927673,0.1026252806186676
1789038143183305700,16.6773056640625,0.3292561173439026,-0.22785256803035736,0.08918625861406326
1789038143200559900,16.694559814453125,0.31459537148475647,-0.22846342623233795,0.06047561392188072
1789038143217814300,16.711814208984375,0.2669478952884674,-0.11239911615848541,0.03298669680953026
1789038143235068400,16.729068359375,0.19792018830776215,-0.06047561392188072,0.09162971377372742
1789038143252322600,16.746322509765626,0.14721840620040894,-0.13011419773101807,0.14049890637397766
1789038143269577000,16.763576904296876,0.030543239787220955,-0.21319180727005005,0.14049890637397766
1789038143286831000,16.7808310546875,-0.05253437161445618,-0.1130099818110466,0.09896009415388107
1789038143304085200,16.798085205078124,-0.04581485688686371,-0.09651663154363632,0.07819069176912308
1789038143321339600,16.815339599609374,-0.03848448023200035,-0.2730565667152405,0.05925388261675835
1789038143338593800,16.83259375,-0.06108647957444191,-0.38179048895835876,0.039706211537122726
1789038143355848000,16.849847900390625,-0.10323614627122879,-0.347582072019577,0.04520399495959282
1789038143373102300,16.867102294921875,-0.15149445831775665,-0.2565632164478302,0.10201441496610641
1789038143390356500,16.8843564453125,-0.14599667489528656,-0.14294235408306122,0.11667517572641373
1789038143407610600,16.901610595703126,-0.15088360011577606,0.12400554865598679,-0.043371398001909256
1789038143424865000,16.918864990234376,-0.21380266547203064,0.185092031955719,-0.16187916696071625
1789038143442119200,16.936119140625,-0.26511532068252563,0.14721840620040894,-0.1539379209280014
1789038143459373600,16.95337353515625,-0.27916520833969116,0.0818558782339096,-0.09346231073141098
1789038143476627700,16.970627685546877,-0.24984370172023773,-0.010384701192378998,-0.06352993845939636
1789038143493881900,16.9878818359375,-0.23457208275794983,-0.06963858753442764,-0.1185077652335167
1789038143511136000,17.005135986328124,-0.29016077518463135,-0.0769689604640007,-0.21868959069252014
1789038143528390400,17.022390380859374,-0.347582072019577,-0.06536252796649933,-0.32620179653167725
1789038143545644500,17.03964453125,-0.40255987644195557,0.05436696484684944,-0.4581485986709595
1789038143562898700,17.056898681640625,-0.42943793535232544,0.07024945318698883,-0.5571087002754211
1789038143580153000,17.074153076171875,-0.4159989058971405,-0.01893680728971958,-0.5900954008102417
1789038143597407200,17.0914072265625,-0.3860665261745453,-0.023823726922273636,-0.5229002237319946
1789038143614661400,17.108661376953126,-0.4147771894931793,0.007330377586185932,-0.3744601011276245
1789038143631915500,17.12591552734375,-0.5601630210876465,-0.024434590712189674,-0.3078758418560028
1789038143649170000,17.143169921875,-0.7837395071983337,-0.039706211537122726,-0.3756818473339081
1789038143666424000,17.160424072265624,-0.8588758707046509,0.009773836471140385,-0.42821621894836426
1789038143683678500,17.177678466796873,-0.8503237962722778,-0.020158538594841957,-0.40805765986442566
1789038143700932600,17.1949326171875,-0.7422007322311401,-0.18325942754745483,-0.3121519088745117
1789038143718186800,17.212186767578125,-0.7067705392837524,-0.23823726177215576,-0.28038692474365234
1789038143735441200,17.229441162109374,-0.7043271064758301,-0.1533270627260208,-0.2730565667152405
1789038143752695300,17.2466953125,-0.7886264324188232,-0.11606431007385254,-0.3139844834804535
1789038143769949400,17.263949462890626,-0.768467903137207,-0.15699224174022675,-0.34574946761131287
1789038143787203600,17.28120361328125,-0.7312051653862,-0.19914191961288452,-0.3970620930194855
1789038143804458000,17.2984580078125,-0.638353705406189,-0.27366742491722107,-0.3549124300479889
1789038143821712100,17.315712158203127,-0.6511818766593933,-0.41416633129119873,-0.360410213470459
1789038143838966300,17.33296630859375,-0.720820426940918,-0.4428769648075104,-0.47097674012184143
1789038143856220700,17.350220703125,-0.8142827749252319,-0.2724456787109375,-0.5558869242668152
1789038143873474800,17.367474853515624,-0.8753692507743835,-0.17653992772102356,-0.5143481492996216
1789038143890729000,17.38472900390625,-0.8643736839294434,-0.21746785938739777,-0.41783151030540466
1789038143907983400,17.4019833984375,-0.8185588121414185,-0.2620609998703003,-0.38240134716033936
1789038143925237500,17.419237548828125,-0.8631519079208374,-0.2932150959968567,-0.3738492429256439
1789038143942492000,17.436491943359375,-0.8765909671783447,-0.4355465769767761,-0.3634645342826843
1789038143959746000,17.45374609375,-0.915686309337616,-0.5589412450790405,-0.3750709891319275
1789038143977000200,17.471000244140626,-0.8478803038597107,-0.4159989058971405,-0.4202749729156494
1789038143994254300,17.48825439453125,-0.8057306408882141,-0.45998117327690125,-0.370184063911438
1789038144011508700,17.5055087890625,-0.8472694754600525,-0.31031930446624756,-0.3274235129356384
1789038144028763000,17.522762939453123,-0.8454368710517883,-0.21380266547203064,-0.28405213356018066
1789038144046017000,17.54001708984375,-0.8210022449493408,-0.2926042377948761,-0.21502439677715302
1789038144063271400,17.557271484375,-0.8338304162025452,-0.32070401310920715,-0.17287473380565643
1789038144080525600,17.574525634765624,-0.7733548283576965,-0.2981020212173462,-0.13744457066059113
1789038144097779700,17.59177978515625,-0.7727439403533936,-0.41355544328689575,-0.19181154668331146
1789038144115033900,17.609033935546876,-0.7874047160148621,-0.5100721120834351,-0.2309068888425827
1789038144132288300,17.626288330078125,-0.9028581380844116,-0.37751442193984985,-0.24556763470172882
1789038144149542400,17.64354248046875,-0.8399390578269958,-0.2516762912273407,-0.3237583339214325
1789038144166796800,17.660796875,-0.7104357481002808,-0.22724169492721558,-0.34208428859710693
1789038144184051000,17.678051025390626,-0.6206386089324951,-0.2419024556875229,-0.20830489695072174
1789038144201305000,17.69530517578125,-0.5870410799980164,-0.14599667489528656,-0.23518294095993042
1789038144218559500,17.7125595703125,-0.5516108870506287,-0.1899789422750473,-0.23029601573944092
1789038144235813600,17.729813720703124,-0.4214966893196106,-0.20769402384757996,-0.19181154668331146
1789038144253067800,17.74706787109375,-0.3133736252784729,-0.12095122784376144,-0.1997527778148651
1789038144270322200,17.764322265625,-0.277332603931427,0.046425722539424896,-0.18570289015769958
1789038144287576300,17.781576416015625,-0.21930044889450073,0.20158538222312927,-0.20647229254245758
1789038144304830500,17.79883056640625,-0.17776164412498474,0.20219624042510986,-0.28527384996414185
1789038144322084600,17.816084716796876,-0.06902772188186646,0.24251331388950348,-0.2663370370864868
1789038144339339000,17.833339111328126,-0.05742128938436508,0.21319180727005005,-0.08796452730894089
1789038144356593200,17.85059326171875,-0.014049889519810677,0.13744457066059113,-0.020158538594841957
1789038144373847300,17.867847412109374,0.06536252796649933,0.049480047076940536,-0.0360410213470459
1789038144391101700,17.885101806640623,0.1026252806186676,0.12583814561367035,-0.02260199747979641
1789038144408355800,17.90235595703125,0.1386663019657135,0.2761108875274658,0.059864748269319534
1789038144425610200,17.9196103515625,0.26511532068252563,0.30970844626426697,0.15210533142089844
1789038144442864400,17.936864501953124,0.3176496922969818,0.2809978127479553,0.23945899307727814
1789038144460118500,17.954118408203126,0.328645259141922,0.26022839546203613,0.2614501118659973
1789038144477373000,17.971373046875,0.33719736337661743,0.24801109731197357,0.32070401310920715
1789038144494627000,17.988626953125,0.3848448097705841,0.22418737411499023,0.3555232882499695
1789038144511881200,18.005881103515627,0.4257727563381195,0.2467893660068512,0.34697118401527405
1789038144529135400,18.02313525390625,0.4373791813850403,0.28038692474365234,0.3591884970664978
1789038144546389800,18.0403896484375,0.4367683231830597,0.28954991698265076,0.35674503445625305
1789038144563644000,18.057643798828124,0.4410443603992462,0.3451386094093323,0.35124725103378296
1789038144580898000,18.07489794921875,0.4667007029056549,0.41416633129119873,0.33231043815612793
1789038144598152400,18.09215234375,0.5119046568870544,0.48075059056282043,0.32131487131118774
1789038144615406600,18.109406494140625,0.5815432667732239,0.4569268524646759,0.33536475896835327
1789038144632660700,18.12666064453125,0.6994401812553406,0.3481929302215576,0.3329212963581085
1789038144649915100,18.1439150390625,0.7641918659210205,0.287106454372406,0.2968802750110626
1789038144667169300,18.161169189453126,0.7550288438796997,0.37262752652168274,0.23945899307727814
1789038144684423700,18.178423583984376,0.7709113359451294,0.47464191913604736,0.19730933010578156
1789038144701677800,18.195677734375,0.7776308655738831,0.47464191913604736,0.21197007596492767
1789038144718932000,18.212931884765624,0.7898481488227844,0.4001164436340332,0.2938259541988373
1789038144736186000,18.23018603515625,0.822834849357605,0.2779434621334076,0.36285367608070374
1789038144753440500,18.2474404296875,0.8344413042068481,0.22418737411499023,0.36285367608070374
1789038144770694700,18.264694580078125,0.7947350740432739,0.33231043815612793,0.3170388340950012
1789038144787948800,18.28194873046875,0.7623592615127563,0.3445277214050293,0.2987128794193268
1789038144805203000,18.299202880859376,0.7721330523490906,0.19608759880065918,0.31642794609069824
1789038144822457300,18.316457275390626,0.861319363117218,0.06963858753442764,0.3347539007663727
1789038144839711500,18.33371142578125,0.9065233469009399,0.04459312930703163,0.37812530994415283
1789038144856965600,18.350965576171873,0.9211840629577637,0.01649334840476513,0.36224281787872314
1789038144874220000,18.368219970703127,0.8765909671783447,0.06597339361906052,0.3176496922969818
1789038144891474200,18.38547412109375,0.8429933786392212,-0.003665188793092966,0.3543015718460083
1789038144908728300,18.402728271484374,0.8148936033248901,-0.09040798991918564,0.44470956921577454
1789038144925982700,18.419982666015624,0.842382550239563,-0.056810423731803894,0.48502662777900696
1789038144943236900,18.43723681640625,0.8643736839294434,0.05925388261675835,0.4465421438217163
1789038144960491000,18.454490966796875,0.8350521326065063,0.18325942754745483,0.37690356373786926
1789038144977745200,18.4717451171875,0.7855721116065979,0.1380554437637329,0.33169957995414734
1789038144994999600,18.48899951171875,0.7843503952026367,0.029932374134659767,0.31031930446624756
1789038145012253700,18.506253662109376,0.7690787315368652,0.06597339361906052,0.28588470816612244
1789038145029507800,18.5235078125,0.6957749724388123,0.164322629570961,0.2816086709499359
1789038145046762000,18.540761962890624,0.6346884965896606,0.14172062277793884,0.27550002932548523
1789038145064016400,18.558016357421874,0.646905779838562,0.04459312930703163,0.2412915825843811
1789038145081270500,18.5752705078125,0.665842592716217,-0.001832594396546483,0.1905898153781891
1789038145098524700,18.592524658203125,0.6181951761245728,-0.11911863088607788,0.1692095398902893
1789038145115779000,18.609779052734375,0.5577195286750793,-0.14538581669330597,0.16310089826583862
1789038145133033200,18.627033203125,0.44959646463394165,-0.14049890637397766,0.17348559200763702
1789038145150287400,18.644287353515626,0.35613417625427246,-0.19792018830776215,0.1533270627260208
1789038145167541500,18.66154150390625,0.31642794609069824,-0.24434591829776764,0.12583814561367035
1789038145184795600,18.678795654296874,0.29138249158859253,-0.25900667905807495,0.10201441496610641
1789038145202050000,18.696050048828123,0.26450446248054504,-0.14477495849132538,0.08552107214927673
1789038145219304200,18.71330419921875,0.25534147024154663,-0.13133592903614044,0.10079269111156464
1789038145236558300,18.730558349609375,0.2767217457294464,-0.1178968995809555,0.08429934084415436
1789038145253812700,18.747812744140624,0.2767217457294464,-0.1026252806186676,0.047036588191986084
1789038145271067000,18.76506689453125,0.23457208275794983,-0.1496618688106537,0.023212861269712448
1789038145288321000,18.782321044921876,0.18264856934547424,-0.1905898153781891,-0.03481929376721382
1789038145305575200,18.7995751953125,0.13072505593299866,-0.21319180727005005,-0.05558869615197182
1789038145322829600,18.81682958984375,0.02932151034474373,-0.23884813487529755,-0.014049889519810677
1789038145340083700,18.834083740234377,-0.08796452730894089,-0.24556763470172882,0.003665188793092966
1789038145357337900,18.851337890625,-0.13988803327083588,-0.20158538222312927,-0.06963858753442764
1789038145374592300,18.86859228515625,-0.14538581669330597,-0.04214967042207718,-0.17898337543010712
1789038145391846400,18.885846435546874,-0.1637117564678192,0.05925388261675835,-0.2571740746498108
1789038145409100500,18.9031005859375,-0.16798780858516693,-0.08857539296150208,-0.32009315490722656
1789038145426354700,18.920354736328125,-0.07574722915887833,-0.16859868168830872,-0.39217519760131836
1789038145443609000,18.937609130859375,0.01954767294228077,-0.1386663019657135,-0.39889469742774963
1789038145460863200,18.95486328125,0.008552107028663158,-0.053756099194288254,-0.37690356373786926
1789038145478117400,18.972117431640626,-0.04581485688686371,0.017104214057326317,-0.3756818473339081
1789038145495371500,18.98937158203125,-0.07819069176912308,0.1130099818110466,-0.4147771894931793
1789038145512626000,19.0066259765625,-0.08063415437936783,0.1484401375055313,-0.4257727563381195
1789038145529880000,19.023880126953124,-0.07635809481143951,0.1130099818110466,-0.35674503445625305
1789038145547134200,19.04113427734375,-0.12278381735086441,0.09712749719619751,-0.2565632164478302
1789038145564388400,19.058388427734375,-0.21807873249053955,0.14660754799842834,-0.21258094906806946
1789038145581642800,19.075642822265625,-0.36774060130119324,0.235793799161911,-0.1997527778148651
1789038145598897000,19.09289697265625,-0.5485565662384033,0.27855435013771057,-0.21868959069252014
1789038145616151000,19.110151123046876,-0.6682860851287842,0.20402882993221283,-0.24801109731197357
1789038145633405400,19.127405517578126,-0.6603448390960693,0.08368847519159317,-0.27366742491722107
1789038145650659600,19.14465966796875,-0.6786707639694214,0.059864748269319534,-0.24923282861709595
1789038145667913700,19.161913818359373,-0.7837395071983337,0.03237583488225937,-0.1844811588525772
1789038145685167900,19.17916796875,-0.9022472500801086,0.09162971377372742,-0.14660754799842834
1789038145702422300,19.19642236328125,-0.998153030872345,0.07574722915887833,-0.164322629570961
1789038145719676400,19.213676513671874,-1.0305289030075073,0.0513126403093338,-0.2052505612373352
1789038145736930600,19.2309306640625,-1.033583164215088,-0.07513637095689774,-0.2254091054201126
1789038145754184700,19.248184814453126,-1.045189619064331,-0.020769402384757996,-0.21991132199764252
1789038145771438800,19.26543896484375,-1.1056652069091797,-0.0873536616563797,-0.19914191961288452
1789038145788693200,19.282693359375,-1.0928370952606201,-0.05803215503692627,-0.17653992772102356
1789038145805947400,19.299947509765627,-1.028085470199585,-0.1178968995809555,-0.09162971377372742
1789038145823201500,19.317201416015624,-1.0378592014312744,-0.28527384996414185,0.01893680728971958
1789038145840455700,19.33445556640625,-1.0427461862564087,-0.44959646463394165,0.08491020649671555
1789038145857710000,19.3517099609375,-0.9456186890602112,-0.47464191913604736,0.0360410213470459
1789038145874964200,19.368964111328125,-0.8521563410758972,-0.44837474822998047,-0.050090912729501724
1789038145892218400,19.38621826171875,-0.8845322132110596,-0.4276053309440613,-0.09468404203653336
1789038145909472500,19.403472412109377,-0.860708475112915,-0.3439168632030487,-0.18081597983837128
1789038145926727000,19.420726806640626,-0.8735366463661194,-0.2919933497905731,-0.2419024556875229
1789038145943981000,19.43798095703125,-0.8222240209579468,-0.2675587832927704,-0.3090975880622864
1789038145961235200,19.455235107421874,-0.7965676784515381,-0.3292561173439026,-0.27977606654167175
1789038145978489600,19.472489501953124,-0.7513636946678162,-0.4618137776851654,-0.19730933010578156
1789038145995743700,19.48974365234375,-0.7360920310020447,-0.5699368119239807,-0.11606431007385254
1789038146012998000,19.506997802734375,-0.778241753578186,-0.6255255341529846,-0.06780599057674408
1789038146030252000,19.524251953125,-0.8020654320716858,-0.5259546041488647,-0.07574722915887833
1789038146047506200,19.541506103515626,-0.8026763200759888,-0.4734202027320862,-0.0360410213470459
1789038146064760600,19.558760498046876,-0.7996219992637634,-0.235793799161911,-0.027488915249705315
1789038146082014700,19.5760146484375,-0.7037162184715271,-0.12644900381565094,-0.006108647678047419
1789038146099268900,19.593268798828124,-0.6517927050590515,-0.23273947834968567,0.021991131827235222
1789038146116523300,19.610523193359374,-0.7122683525085449,-0.25534147024154663,0.023212861269712448
1789038146133777400,19.62777734375,-0.7605266571044922,-0.2461785078048706,0.050090912729501724
1789038146151031600,19.645031494140625,-0.7507528066635132,-0.07757982611656189,-0.0030543238390237093
1789038146168285700,19.66228564453125,-0.6994401812553406,0.08918625861406326,-0.0256563201546669
1789038146185540000,19.6795400390625,-0.565049946308136,0.39278605580329895,0.007941242307424545
1789038146202794200,19.696794189453126,-0.4050033390522003,0.5595521330833435,0.04581485688686371
1789038146220048400,19.71404833984375,-0.2889390289783478,0.3280344009399414,-0.024434590712189674
1789038146237302500,19.731302490234373,-0.34697118401527405,0.17348559200763702,-0.09957095980644226
1789038146254556700,19.748556640625,-0.430659681558609,0.12217295914888382,-0.07391463965177536
1789038146271811000,19.76581103515625,-0.3176496922969818,0.01588248461484909,-0.06414080411195755
1789038146289065200,19.783065185546874,-0.21991132199764252,0.09651663154363632,0.011606430634856224
1789038146306319600,19.800319580078124,-0.10873392969369888,0.1692095398902893,0.04459312930703163
1789038146323573800,19.81757373046875,0.012217295356094837,0.24862197041511536,0.017104214057326317
1789038146340828000,19.834827880859375,0.14538581669330597,0.32681265473365784,0.012217295356094837
1789038146358082000,19.85208203125,0.20952661335468292,0.3646862804889679,0.008552107028663158
1789038146375336200,19.869336181640627,0.2614501118659973,0.35735589265823364,-0.015271619893610477
1789038146392590600,19.886590576171876,0.24801109731197357,0.34086254239082336,-0.009162971749901772
1789038146409844700,19.9038447265625,0.3078758418560028,0.3787361681461334,0.05253437161445618
1789038146427099000,19.921098876953124,0.34086254239082336,0.41844236850738525,0.08918625861406326
1789038146444353000,19.93835302734375,0.3952295184135437,0.411722868680954,0.1081230640411377
1789038146461607400,19.955607421875,0.4453204274177551,0.37751442193984985,0.1545487940311432
1789038146478861600,19.972861572265625,0.4868592321872711,0.3536907136440277,0.11423171311616898
1789038146496115700,19.99011572265625,0.5088503360748291,0.34147340059280396,0.13133592903614044
1789038146513369900,20.007369873046876,0.5949822664260864,0.30054548382759094,0.16004657745361328
1789038146530624300,20.024624267578126,0.7721330523490906,0.24801109731197357,0.10445787757635117
1789038146547878400,20.04187841796875,0.8558215498924255,0.328645259141922,0.03481929376721382
1789038146565132500,20.059132568359374,0.8637627959251404,0.4269944727420807,0.010384701192378998
1789038146582386700,20.07638671875,0.9034690260887146,0.37201663851737976,0.007330377586185932
1789038146599640800,20.093640869140625,0.9847140312194824,0.19120067358016968,0.017715077847242355
1789038146616895200,20.110895263671875,1.0262528657913208,0.17348559200763702,0.07330377399921417
1789038146634149400,20.1281494140625,1.008537769317627,0.16798780858516693,0.18692462146282196
1789038146651403500,20.145403564453126,0.9492838382720947,0.1649334877729416,0.2767217457294464
1789038146668658000,20.162657958984376,0.9230166673660278,0.15088360011577606,0.3139844834804535
1789038146685912000,20.179912109375,1.000596523284912,0.2571740746498108,0.25534147024154663
1789038146703166200,20.197166259765623,1.01708984375,0.4166097939014435,0.26450446248054504
1789038146720420400,20.21442041015625,1.0177006721496582,0.39400777220726013,0.24373504519462585
1789038146737674500,20.231674560546875,0.9731075763702393,0.3249800503253937,0.24556763470172882
1789038146754928600,20.2489287109375,0.8936951756477356,0.29077163338661194,0.2571740746498108
1789038146772183000,20.26618310546875,0.8655954003334045,0.37201663851737976,0.2675587832927704
1789038146789437200,20.283437255859376,0.8344413042068481,0.3426951467990875,0.3182605504989624
1789038146806691300,20.30069140625,0.8148936033248901,0.2724456787109375,0.3017672002315521
1789038146823945500,20.317945556640623,0.8112284541130066,0.23945899307727814,0.31031930446624756
1789038146841199900,20.335199951171877,0.8112284541130066,0.19120067358016968,0.32009315490722656
1789038146858454000,20.3524541015625,0.7904590368270874,0.09285144507884979,0.32131487131118774
1789038146875708200,20.369708251953124,0.7617483735084534,0.03848448023200035,0.379347026348114
1789038146892962300,20.38696240234375,0.7531962990760803,-0.01588248461484909,0.3695732057094574
1789038146910216700,20.404216796875,0.7574723362922668,0.017715077847242355,0.37629270553588867
1789038146927470800,20.421470947265625,0.721431314945221,-0.001832594396546483,0.401949018239975
1789038146944725000,20.43872509765625,0.6548470258712769,0.003665188793092966,0.3445277214050293
1789038146961979100,20.455979248046877,0.6499601006507874,0.07269290834665298,0.3127627670764923
1789038146979233300,20.4732333984375,0.6359102129936218,-0.01588248461484909,0.31031930446624756
1789038146996487400,20.4904873046875,0.6395754218101501,0.11239911615848541,0.22357651591300964
1789038147013741800,20.507741943359374,0.6462949514389038,0.13194678723812103,0.12767073512077332
1789038147030996000,20.524995849609375,0.5797106623649597,-0.01954767294228077,0.09957095980644226
1789038147048250000,20.54225,0.47464191913604736,-0.012217295356094837,0.049480047076940536
1789038147065504300,20.559504150390627,0.4367683231830597,-0.017104214057326317,0.05192350596189499
1789038147082758700,20.576758544921876,0.4276053309440613,-0.059864748269319534,0.05070177838206291
1789038147100012800,20.5940126953125,0.379347026348114,-0.09346231073141098,0.12034036219120026
1789038147117267000,20.611266845703124,0.37201663851737976,-0.10079269111156464,0.18753549456596375
1789038147134521000,20.62852099609375,0.3707949221134186,-0.1233946830034256,0.23029601573944092
1789038147151775200,20.645775146484375,0.27550002932548523,-0.1233946830034256,0.2406807243824005
1789038147169029400,20.663029296875,0.12400554865598679,-0.014049889519810677,0.19669845700263977
1789038147186283800,20.68028369140625,0.007941242307424545,0.021380268037319183,0.1899789422750473
1789038147203538000,20.697537841796876,-0.02871064469218254,-0.015271619893610477,0.185092031955719
1789038147220792000,20.7147919921875,0.003665188793092966,-0.02932151034474373,0.18264856934547424
1789038147238046200,20.732046142578124,0.013439024798572063,0.0513126403093338,0.17348559200763702
1789038147255300400,20.74930029296875,0.001832594396546483,0.007330377586185932,0.12522727251052856
1789038147272554500,20.766554443359375,-0.03298669680953026,-0.13683371245861053,0.07635809481143951
1789038147289809000,20.783808837890625,-0.11728604137897491,-0.17776164412498474,-0.026878049597144127
1789038147307063000,20.80106298828125,-0.17776164412498474,-0.059864748269319534,-0.11178825795650482
1789038147324317200,20.818317138671876,-0.1539379209280014,-0.03176496922969818,-0.10384701192378998
1789038147341571300,20.8355712890625,-0.0616973415017128,-0.020158538594841957,-0.11484257876873016
1789038147358825700,20.85282568359375,0.023823726922273636,0.007330377586185932,-0.16798780858516693
1789038147376080000,20.870079833984374,0.043982263654470444,0.008552107028663158,-0.20830489695072174
1789038147393334000,20.887333984375,-0.012217295356094837,0.037262752652168274,-0.2828303873538971
1789038147410588200,20.904588134765625,-0.0513126403093338,0.06841685622930527,-0.3946186602115631
1789038147427842300,20.92184228515625,-0.0030543238390237093,0.04764745384454727,-0.45937031507492065
1789038147445096400,20.939096435546876,0.0054977829568088055,0.03481929376721382,-0.5180133581161499
1789038147462350800,20.956350830078126,-0.0769689604640007,0.026878049597144127,-0.5784889459609985
1789038147479605000,20.97360498046875,-0.1533270627260208,-0.006108647678047419,-0.6017017960548401
1789038147496859100,20.990859130859373,-0.22357651591300964,0.09590577334165573,-0.6395754218101501
1789038147514113300,21.00811328125,-0.31031930446624756,0.24434591829776764,-0.66645348072052
1789038147531367400,21.025367431640625,-0.39217519760131836,0.3488037884235382,-0.6493492722511292
1789038147548621600,21.04262158203125,-0.5222893953323364,0.3023780584335327,-0.6114756464958191
1789038147565876000,21.0598759765625,-0.5797106623649597,0.12583814561367035,-0.5723803043365479
1789038147583130000,21.077130126953126,-0.6163625717163086,-0.014660755172371864,-0.5259546041488647
1789038147600384300,21.09438427734375,-0.6737838387489319,-0.018325943499803543,-0.48502662777900696
1789038147617638400,21.111638427734373,-0.7385355234146118,0.0409279391169548,-0.39828383922576904
1789038147634892500,21.128892578125,-0.8448259830474854,0.04581485688686371,-0.3139844834804535
1789038147652146700,21.146146728515625,-0.9297361969947815,-0.05192350596189499,-0.37812530994415283
1789038147669400800,21.16340087890625,-1.0060943365097046,-0.16004657745361328,-0.44409868121147156
1789038147686655200,21.1806552734375,-1.1233803033828735,-0.3249800503253937,-0.3390299379825592
1789038147703909400,21.197909423828126,-1.360395908355713,-0.5412262082099915,-0.43921178579330444
1789038147721163500,21.21516357421875,-1.7715078592300415,-0.164322629570961,-0.4062250852584839
1789038147738417700,21.232417724609373,-1.6896519660949707,-0.6255255341529846,0.08429934084415436
1789038147755671800,21.249671875,-0.6939423680305481,-0.9645555019378662,-0.043982263654470444
1789038147772926000,21.266926025390624,-0.3530798554420471,-0.7147117853164673,-0.430659681558609
1789038147790180400,21.284180419921874,-0.8191696405410767,-0.4667007029056549,-0.7648026943206787
1789038147807434500,21.3014345703125,-1.2913681268692017,-0.6719512343406677,-0.6530144214630127
1789038147824688600,21.318688720703125,-1.3909391164779663,-0.5748237371444702,-0.35063639283180237
1789038147841942800,21.33594287109375,-0.9602794051170349,-0.3903425931930542,-0.1795942485332489
1789038147859197000,21.353197021484377,-0.5882627964019775,-0.5491674542427063,-0.16249002516269684
1789038147876451300,21.370451416015626,-0.5882627964019775,-0.6750055551528931,-0.30482152104377747
1789038147893705500,21.38770556640625,-0.7092140316963196,-0.748920202255249,-0.35246896743774414
1789038147910959600,21.404959716796874,-0.7739656567573547,-0.4612029194831848,-0.3946186602115631
1789038147928213800,21.4222138671875,-0.7929024696350098,-0.043371398001909256,-0.44898560643196106
1789038147945468000,21.439468017578125,-0.80389803647995,0.056199558079242706,-0.3860665261745453
1789038147962722300,21.456722412109375,-0.9004147052764893,-0.1905898153781891,-0.21746785938739777
1789038147979976400,21.4739765625,-0.8906408548355103,-0.29016077518463135,-0.20158538222312927
1789038147997230600,21.491230712890626,-0.7464767694473267,-0.2883281707763672,-0.13622283935546875
1789038148014484700,21.508484619140624,-0.7812960743904114,-0.33719736337661743,-0.021991131827235222
1789038148031739000,21.52573876953125,-0.8405499458312988,-0.29443681240081787,-0.056810423731803894
1789038148048993000,21.542992919921875,-0.7544180154800415,-0.347582072019577,-0.11056652665138245
1789038148066247400,21.560247314453125,-0.5900954008102417,-0.13072505593299866,-0.2632827162742615
1789038148083501600,21.57750146484375,-0.47586366534233093,0.06047561392188072,-0.3634645342826843
1789038148100755700,21.594755615234376,-0.3585776388645172,0.27550002932548523,-0.35613417625427246
1789038148118009900,21.612009765625,-0.2522871494293213,0.1533270627260208,-0.3494146466255188
1789038148135264000,21.629263916015624,-0.20708316564559937,0.04276053607463837,-0.45998117327690125
1789038148152518100,21.64651806640625,-0.24373504519462585,0.043982263654470444,-0.40927940607070923
1789038148169772300,21.663772216796875,-0.20769402384757996,-0.07452550530433655,-0.3738492429256439
1789038148187026700,21.681026611328125,-0.11606431007385254,-0.05192350596189499,-0.27550002932548523
1789038148204280800,21.69828076171875,0.03237583488225937,0.05070177838206291,-0.14538581669330597
1789038148221535000,21.715534912109376,0.0977383628487587,0.07635809481143951,-0.08002328872680664
1789038148238789000,21.7327890625,0.08918625861406326,0.06902772188186646,-0.08979712426662445
1789038148256043300,21.750043212890624,0.11423171311616898,0.14599667489528656,-0.050090912729501724
1789038148273297400,21.76729736328125,0.1594357043504715,0.24556763470172882,0.018325943499803543
1789038148290551800,21.7845517578125,0.1795942485332489,0.33108872175216675,0.1130099818110466
1789038148307806000,21.801805908203125,0.22235478460788727,0.31459537148475647,0.1178968995809555
1789038148325060000,21.81906005859375,0.24862197041511536,0.2889390289783478,0.17715078592300415
1789038148342314200,21.836314208984376,0.2877173125743866,0.33536475896835327,0.23335035145282745
1789038148359568400,21.853568359375,0.3848448097705841,0.33536475896835327,0.26450446248054504
1789038148376822500,21.870822509765624,0.4416552484035492,0.3640754222869873,0.32681265473365784
1789038148394077000,21.888076904296874,0.47464191913604736,0.3860665261745453,0.43921178579330444
1789038148411331000,21.9053310546875,0.5479456782341003,0.35735589265823364,0.42882707715034485
1789038148428585200,21.922585205078125,0.6401863098144531,0.2987128794193268,0.4159989058971405
1789038148445839400,21.93983935546875,0.7159335017204285,0.30054548382759094,0.39889469742774963
1789038148463093500,21.957093505859376,0.7409789562225342,0.40255987644195557,0.4196641147136688
1789038148480347600,21.97434765625,0.778241753578186,0.32131487131118774,0.4166097939014435
1789038148497602000,21.99160205078125,0.8857539296150208,0.2779434621334076,0.4410443603992462
1789038148514856200,22.008856201171874,0.9908226728439331,0.24251331388950348,0.4831940531730652
1789038148532110300,22.0261103515625,0.9926552772521973,0.2577849328517914,0.45998117327690125
1789038148549364500,22.043364501953125,0.9553925395011902,0.2205221801996231,0.42394015192985535
1789038148566618600,22.06061865234375,0.9645555019378662,0.24862197041511536,0.4166097939014435
1789038148583872800,22.077872802734376,1.0079269409179688,0.32009315490722656,0.4367683231830597
1789038148601127000,22.095126953125,1.0952805280685425,0.3707949221134186,0.3903425931930542
1789038148618381300,22.11238134765625,1.1392627954483032,0.2816086709499359,0.37751442193984985
1789038148635635500,22.129635498046873,1.2168426513671875,0.1698204129934311,0.3909534513950348
1789038148652889600,22.1468896484375,1.2944225072860718,0.08979712426662445,0.4056142270565033
1789038148670143700,22.164143798828125,1.3017528057098389,0.258395791053772,0.43310311436653137
1789038148687398000,22.18139794921875,1.2034035921096802,0.22785256803035736,0.3799578845500946
1789038148704652000,22.198652099609376,1.0665699243545532,0.2315177470445633,0.3390299379825592
1789038148721906200,22.21590625,0.9590576887130737,0.08368847519159317,0.29504770040512085
1789038148739160300,22.233160400390624,0.9566142559051514,0.11178825795650482,0.2816086709499359
1789038148756414700,22.250414794921873,1.0030399560928345,0.23212862014770508,0.27855435013771057
1789038148773668900,22.2676689453125,0.962722897529602,0.24740023910999298,0.2809978127479553
1789038148790923000,22.284923095703125,0.934012234210968,0.2718348205089569,0.17653992772102356
1789038148808177200,22.30217724609375,0.9260709881782532,0.3176496922969818,0.08918625861406326
1789038148825431300,22.319431396484376,0.841160774230957,0.23823726177215576,0.10384701192378998
1789038148842685400,22.336685546875,0.7916807532310486,0.1441640853881836,0.08613193035125732
1789038148859939600,22.353939697265623,0.7623592615127563,0.11178825795650482,0.05070177838206291
1789038148877194000,22.371194091796873,0.6798924803733826,0.002443459117785096,0.039706211537122726
1789038148894448000,22.3884482421875,0.66645348072052,-0.06902772188186646,0.014660755172371864
1789038148911702300,22.405702392578124,0.6444623470306396,-0.06047561392188072,0.007941242307424545
1789038148928956400,22.422956298828126,0.554665207862854,-0.07452550530433655,0.0256563201546669
1789038148946210600,22.44021044921875,0.4685332775115967,-0.05253437161445618,0.05436696484684944
1789038148963464700,22.457464599609374,0.5009090900421143,-0.1185077652335167,0.043371398001909256
1789038148980718800,22.47471875,0.46364638209342957,-0.05253437161445618,0.09957095980644226
1789038148997973000,22.491972900390625,0.3127627670764923,-0.049480047076940536,0.20769402384757996
1789038149015227100,22.50922705078125,0.16065743565559387,-0.27977606654167175,0.2809978127479553
1789038149032481500,22.5264814453125,0.043982263654470444,-0.3127627670764923,0.21991132199764252
1789038149049735400,22.5437353515625,-0.04825831577181816,-0.17104214429855347,0.15088360011577606
1789038149066989800,22.56098974609375,-0.028099779039621353,-0.04276053607463837,0.1588248461484909
1789038149084244000,22.578243896484373,-0.007330377586185932,-0.009162971749901772,0.18570289015769958
1789038149101498000,22.595498046875,-0.01282816007733345,-0.03787361457943916,0.24434591829776764
1789038149118752300,22.612752197265625,-0.011606430634856224,-0.10445787757635117,0.2883281707763672
1789038149136006400,22.63000634765625,-0.0030543238390237093,-0.13622283935546875,0.30543237924575806
1789038149153260500,22.647260498046876,-0.06475166976451874,-0.19669845700263977,0.28588470816612244
1789038149170514700,22.6645146484375,-0.13194678723812103,-0.22418737411499023,0.2260199636220932
1789038149187769000,22.68176904296875,-0.16249002516269684,-0.2987128794193268,0.20891575515270233
1789038149205023200,22.699023193359373,-0.1496618688106537,-0.31459537148475647,0.164322629570961
1789038149222277400,22.71627734375,-0.11362084746360779,-0.23212862014770508,0.06597339361906052
1789038149239531500,22.733531494140625,-0.09346231073141098,-0.1282816082239151,-0.03481929376721382
1789038149256785700,22.75078564453125,-0.12461641430854797,-0.06841685622930527,-0.1185077652335167
1789038149274039800,22.768039794921876,-0.15515965223312378,-0.056199558079242706,-0.1588248461484909
1789038149291294000,22.7852939453125,-0.16798780858516693,0.03787361457943916,-0.19120067358016968
1789038149308548000,22.802548095703123,-0.14782927930355072,0.13133592903614044,-0.24801109731197357
1789038149325802200,22.81980224609375,-0.13744457066059113,0.14172062277793884,-0.30604326725006104
1789038149343056400,22.837056396484375,-0.1692095398902893,0.1337793916463852,-0.337808221578598
1789038149360310500,22.854310546875,-0.2101374864578247,0.22174391150474548,-0.370184063911438
1789038149377565000,22.87156494140625,-0.2565632164478302,0.2608392536640167,-0.35124725103378296
1789038149394819000,22.888819091796876,-0.3433060050010681,0.31581708788871765,-0.38240134716033936
1789038149412073200,22.9060732421875,-0.5729911923408508,0.39339691400527954,-0.5216785073280334
1789038149429327400,22.923327392578123,-0.7727439403533936,0.30543237924575806,-0.583375871181488
1789038149446581500,22.94058154296875,-0.8478803038597107,0.16187916696071625,-0.5302306413650513
1789038149463835600,22.957835693359375,-0.8356630206108093,0.01893680728971958,-0.5216785073280334
1789038149481089800,22.97508984375,-0.8350521326065063,-0.08002328872680664,-0.4783071279525757
1789038149498344000,22.992343994140626,-1.0109812021255493,-0.15577052533626556,-0.32620179653167725
1789038149515598000,23.00959814453125,-1.2351685762405396,-0.1081230640411377,-0.22968515753746033
1789038149532852200,23.026852294921873,-1.2046253681182861,-0.0769689604640007,-0.185092031955719
1789038149550106400,23.0441064453125,-1.0158681869506836,-0.22357651591300964,-0.0977383628487587
1789038149567360500,23.061360595703125,-0.8582650423049927,-0.24312418699264526,-0.07269290834665298
1789038149584615000,23.078614990234374,-0.896138608455658,-0.23945899307727814,-0.11606431007385254
1789038149601869000,23.095869140625,-0.9285144805908203,-0.27855435013771057,-0.11911863088607788
1789038149619123200,23.113123291015626,-0.8619301915168762,-0.3023780584335327,-0.11423171311616898
1789038149636377300,23.13037744140625,-0.7568614482879639,-0.3439168632030487,-0.19242240488529205
1789038149653631500,23.147631591796873,-0.6786707639694214,-0.2987128794193268,-0.2974911332130432
1789038149670885600,23.1648857421875,-0.6780598759651184,-0.3543015718460083,-0.39339691400527954
1789038149688139800,23.182139892578125,-0.8032872080802917,-0.3995055556297302,-0.39217519760131836
1789038149705394000,23.199393798828126,-0.8833104968070984,-0.5180133581161499,-0.4166097939014435
1789038149722648000,23.21664794921875,-0.9511164426803589,-0.5369501113891602,-0.4563159942626953
1789038149739902200,23.233902099609374,-0.9700532555580139,-0.48502662777900696,-0.42943793535232544
1789038149757156400,23.25115625,-1.0158681869506836,-0.4819723069667816,-0.3426951467990875
1789038149774410800,23.26841064453125,-0.8655954003334045,-0.41783151030540466,-0.2974911332130432
1789038149791665000,23.285664794921875,-0.860708475112915,-0.4935787320137024,-0.28527384996414185
1789038149808919000,23.3029189453125,-0.934623122215271,-0.45020735263824463,-0.30115634202957153
1789038149826173200,23.320173095703126,-0.9963204264640808,-0.472198486328125,-0.36651885509490967
1789038149843427300,23.33742724609375,-0.9266818761825562,-0.41905322670936584,-0.3402516841888428
1789038149860681500,23.354681396484374,-0.730594277381897,-0.3042106628417969,-0.3017672002315521
1789038149877935600,23.371935546875,-0.6249146461486816,-0.34086254239082336,-0.30604326725006104
1789038149895189800,23.389189697265625,-0.6126973628997803,-0.4111120104789734,-0.3591884970664978
1789038149912444000,23.40644384765625,-0.6517927050590515,-0.5314523577690125,-0.3555232882499695
1789038149929698000,23.423697998046876,-0.6921098232269287,-0.37323838472366333,-0.2938259541988373
1789038149946952200,23.4409521484375,-0.7367029190063477,-0.1997527778148651,-0.38667741417884827
1789038149964206300,23.458206298828124,-0.5699368119239807,-0.23823726177215576,-0.3170388340950012
1789038149981460500,23.47546044921875,-0.4098902642726898,0.01649334840476513,-0.13561198115348816
1789038149998714600,23.492714599609375,-0.40317076444625854,0.29443681240081787,-0.09101885557174683
1789038150015968800,23.50996875,-0.34086254239082336,0.34086254239082336,-0.04459312930703163
1789038150033223200,23.52722314453125,-0.27550002932548523,0.3689623177051544,-0.02260199747979641
1789038150050477300,23.544477294921876,-0.17715078592300415,0.4263836145401001,-0.09651663154363632
1789038150067731500,23.5617314453125,-0.023823726922273636,0.40805765986442566,-0.07757982611656189
1789038150084985600,23.578985595703124,0.015271619893610477,0.3915643095970154,-0.0360410213470459
1789038150102239700,23.59623974609375,0.02260199747979641,0.3738492429256439,0.01893680728971958
1789038150119494000,23.613493896484375,0.046425722539424896,0.35796675086021423,0.06780599057674408
1789038150136748000,23.630748046875,0.10934479534626007,0.41355544328689575,0.053145237267017365
1789038150154002200,23.648002197265626,0.17653992772102356,0.5015199780464172,0.08307760953903198
1789038150171256300,23.66525634765625,0.28588470816612244,0.3909534513950348,0.14110976457595825
1789038150188510500,23.682510498046874,0.38850998878479004,0.2761108875274658,0.16737695038318634
1789038150205764600,23.6997646484375,0.4196641147136688,0.16310089826583862,0.18264856934547424
1789038150223018800,23.717018798828125,0.4068359434604645,0.12461641430854797,0.235793799161911
1789038150240273200,23.734273193359375,0.471587598323822,0.11484257876873016,0.2565632164478302
1789038150257527300,23.75152734375,0.5332849621772766,0.16004657745361328,0.2761108875274658
1789038150274781400,23.768781494140626,0.5900954008102417,0.15577052533626556,0.29565855860710144
1789038150292035600,23.78603564453125,0.638353705406189,0.1692095398902893,0.337808221578598
1789038150309289700,23.803289794921874,0.6731730103492737,0.1954767256975174,0.39278605580329895
1789038150326544000,23.8205439453125,0.6902772188186646,0.3029889166355133,0.44348782300949097
1789038150343798000,23.837798095703125,0.7867938280105591,0.33536475896835327,0.43004879355430603
1789038150361052200,23.85505224609375,0.8851430416107178,0.39278605580329895,0.41905322670936584
1789038150378306300,23.872306396484376,0.9486730098724365,0.56382817029953,0.4159989058971405
1789038150395560400,23.889560546875,0.9272927641868591,0.4886918365955353,0.43921178579330444
1789038150412814600,23.906814697265624,0.9034690260887146,0.41905322670936584,0.4361574649810791
1789038150430068700,23.92406884765625,0.8863648176193237,0.38667741417884827,0.48930269479751587
1789038150447323000,23.941322998046875,0.9364557266235352,0.34086254239082336,0.5070177912712097
1789038150464577000,23.958576904296876,1.0189224481582642,0.318871408700943,0.45998117327690125
1789038150481831200,23.9758310546875,1.0115920305252075,0.3023780584335327,0.4416552484035492
1789038150499085300,23.993085205078124,1.0164790153503418,0.19792018830776215,0.3946186602115631
1789038150516339700,24.010339599609374,0.9553925395011902,0.13622283935546875,0.34147340059280396
1789038150533593900,24.02759375,0.9382883310317993,0.1441640853881836,0.31154105067253113
1789038150550848000,24.044847900390625,0.9584468603134155,0.04214967042207718,0.27977606654167175
1789038150568102000,24.062101806640626,0.9786053895950317,0.07269290834665298,0.18081597983837128
1789038150585356300,24.079356201171876,0.9596685767173767,0.07757982611656189,0.17348559200763702
1789038150602610400,24.0966103515625,0.9541707634925842,0.06780599057674408,0.17226386070251465
1789038150619864600,24.113864501953124,0.8943060636520386,0.05436696484684944,0.16737695038318634
1789038150637118700,24.13111865234375,0.8075632452964783,0.06963858753442764,0.13500112295150757
1789038150654372900,24.148372802734375,0.7562506198883057,-0.017715077847242355,0.12278381735086441
1789038150671627000,24.165626953125,0.7861829996109009,0.1331685185432434,0.1496618688106537
1789038150688881200,24.182881103515626,0.823445737361908,0.12767073512077332,0.1698204129934311
1789038150706135300,24.20013525390625,0.8112284541130066,0.13194678723812103,0.17165300250053406
1789038150723389400,24.217389404296874,0.7415898442268372,0.19120067358016968,0.12461641430854797
1789038150740643600,24.2346435546875,0.6169734001159668,0.1802051067352295,0.0824667438864708
1789038150757897700,24.251897705078125,0.5070177912712097,0.017104214057326317,0.043982263654470444
1789038150775151900,24.26915185546875,0.45387253165245056,-0.12400554865598679,0.02932151034474373
1789038150792406000,24.286406005859376,0.471587598323822,-0.12400554865598679,0.05803215503692627
1789038150809660200,24.30366015625,0.4557051360607147,-0.08429934084415436,0.09040798991918564
1789038150826914300,24.320914306640624,0.3860665261745453,-0.09651663154363632,0.07269290834665298
1789038150844168400,24.33816845703125,0.3390299379825592,-0.06230820715427399,0.014049889519810677
1789038150861422600,24.355422607421875,0.31642794609069824,-0.07574722915887833,-0.04764745384454727
1789038150878676700,24.3726767578125,0.3170388340950012,-0.14477495849132538,-0.07330377399921417
1789038150895931000,24.389930908203127,0.2669478952884674,-0.18631376326084137,0.009162971749901772
1789038150913185000,24.40718505859375,0.18875721096992493,-0.1747073233127594,0.04886918142437935
1789038150930439200,24.424439208984374,0.10140355676412582,-0.15515965223312378,-0.001221729558892548
1789038150947693300,24.441693359375,0.043982263654470444,-0.11117739230394363,-0.07819069176912308
1789038150964947500,24.458947509765625,-0.03176496922969818,-0.12644900381565094,-0.09285144507884979
1789038150982201600,24.47620166015625,-0.0720820426940918,-0.1545487940311432,-0.06597339361906052
1789038150999455700,24.493455810546877,-0.10140355676412582,-0.09834922850131989,-0.04459312930703163
1789038151016710000,24.5107099609375,-0.0977383628487587,-0.06597339361906052,-0.017104214057326317
1789038151033964000,24.527964111328124,-0.0616973415017128,-0.10323614627122879,-0.03787361457943916
1789038151051218200,24.54521826171875,-0.06963858753442764,-0.12034036219120026,-0.1026252806186676
1789038151068472300,24.562472412109376,-0.09040798991918564,-0.1331685185432434,-0.15027274191379547
1789038151085726500,24.5797265625,-0.07757982611656189,-0.16798780858516693,-0.17592905461788177
1789038151102980600,24.596980712890623,-0.07452550530433655,-0.1337793916463852,-0.21991132199764252
1789038151120234800,24.61423486328125,-0.09896009415388107,-0.06352993845939636,-0.22418737411499023
1789038151137489000,24.631489013671874,-0.1130099818110466,-0.02260199747979641,-0.24495677649974823
1789038151154743000,24.648742919921876,-0.1386663019657135,0.017104214057326317,-0.32070401310920715
1789038151171997200,24.6659970703125,-0.15515965223312378,0.08124501258134842,-0.37690356373786926
1789038151189251600,24.68325146484375,-0.19181154668331146,0.1588248461484909,-0.43004879355430603
1789038151206505500,24.70050537109375,-0.21807873249053955,0.1288924664258957,-0.4172206521034241
1789038151223759600,24.717759521484375,-0.2632827162742615,0.10445787757635117,-0.3848448097705841
1789038151241013800,24.735013671875,-0.337808221578598,0.1802051067352295,-0.32131487131118774
1789038151258268000,24.752267822265626,-0.39767298102378845,0.3426951467990875,-0.27000224590301514
1789038151275522300,24.769522216796876,-0.5381718873977661,0.516791582107544,-0.29565855860710144
1789038151292776400,24.7867763671875,-0.6957749724388123,0.5338957905769348,-0.2724456787109375
1789038151310030600,24.804030517578123,-0.8173370957374573,0.37262752652168274,-0.22479823231697083
1789038151327284700,24.82128466796875,-0.8686497211456299,0.1233946830034256,-0.1484401375055313
1789038151344539000,24.838538818359375,-0.8246674537658691,0.07941242307424545,-0.1026252806186676
1789038151361793000,24.85579296875,-0.8173370957374573,0.010995565913617611,-0.09529490768909454
1789038151379047200,24.873047119140626,-0.7984002828598022,-0.010995565913617611,-0.10079269111156464
1789038151396301300,24.89030126953125,-0.8576541543006897,-0.023823726922273636,-0.10873392969369888
1789038151413555500,24.907555419921874,-0.9175189137458801,-0.07086031138896942,-0.14172062277793884
1789038151430809600,24.9248095703125,-0.9615011811256409,-0.014660755172371864,-0.17592905461788177
1789038151448063700,24.942063720703125,-1.1129956245422363,-0.1747073233127594,-0.18325942754745483
1789038151465318000,24.95931787109375,-1.0702351331710815,-0.2162461280822754,-0.1844811588525772
1789038151482572000,24.976572021484376,-0.9932661056518555,-0.37201663851737976,-0.20769402384757996
1789038151499826200,24.993826171875,-1.0103703737258911,-0.5332849621772766,-0.20158538222312927
1789038151517080300,25.011080322265624,-1.071456789970398,-0.6591231226921082,-0.1545487940311432
1789038151534334500,25.02833447265625,-1.0702351331710815,-0.7079922556877136,-0.14294235408306122
1789038151551588600,25.045588623046875,-1.0238093137741089,-0.6200277805328369,-0.1795942485332489
1789038151568842800,25.0628427734375,-0.9779945015907288,-0.6890554428100586,-0.17165300250053406
1789038151586097000,25.080096923828126,-0.9743293523788452,-0.6640099883079529,-0.2254091054201126
1789038151603351000,25.09735107421875,-1.007315993309021,-0.6902772188186646,-0.3133736252784729
1789038151620605200,25.114605224609374,-1.0378592014312744,-0.6010909676551819,-0.41294458508491516
1789038151637859300,25.131859375,-1.056185245513916,-0.5033525824546814,-0.42943793535232544
1789038151655113500,25.149113525390625,-1.007315993309021,-0.328645259141922,-0.4520399272441864
1789038151672367600,25.16636767578125,-0.8924734592437744,-0.21197007596492767,-0.4367683231830597
1789038151689621800,25.183621826171876,-0.7788525819778442,-0.2761108875274658,-0.4105011224746704
1789038151706876000,25.2008759765625,-0.7892373204231262,-0.20647229254245758,-0.3243691921234131
1789038151724130000,25.218130126953124,-0.767857015132904,-0.3237583339214325,-0.20463970303535461
1789038151741384200,25.23538427734375,-0.6866120100021362,-0.5528326034545898,-0.023212861269712448
1789038151758638300,25.252638427734375,-0.6352993845939636,-0.49113526940345764,0.01588248461484909
1789038151775892500,25.269892578125,-0.5259546041488647,-0.33047783374786377,-0.037262752652168274
1789038151793146600,25.287146728515626,-0.3744601011276245,-0.20708316564559937,-0.030543239787220955
1789038151810400800,25.30440087890625,-0.3225366175174713,-0.0922405794262886,-0.053145237267017365
1789038151827655000,25.321655029296874,-0.3384190797805786,0.06963858753442764,-0.05436696484684944
1789038151844909000,25.338908935546876,-0.33108872175216675,0.11728604137897491,-0.14599667489528656
1789038151862163000,25.356162841796873,-0.19303326308727264,0.05558869615197182,-0.26389357447624207
1789038151879417300,25.373417236328127,-0.08552107214927673,0.12278381735086441,-0.29504770040512085
1789038151896671500,25.39067138671875,-0.056199558079242706,0.3610210716724396,-0.22174391150474548
1789038151913925600,25.407925537109374,-0.004276053514331579,0.5247328281402588,-0.1539379209280014
1789038151931179800,25.4251796875,0.06047561392188072,0.6175842881202698,-0.12400554865598679
1789038151948434000,25.442433837890626,0.13622283935546875,0.6798924803733826,-0.049480047076940536
1789038151965688000,25.45968798828125,0.205861434340477,0.730594277381897,0.03787361457943916
1789038151982942200,25.476942138671873,0.21746785938739777,0.7476984858512878,0.17837251722812653
1789038152000196400,25.4941962890625,0.2309068888425827,0.6145299673080444,0.19730933010578156
1789038152017450200,25.5114501953125,0.24373504519462585,0.5827649831771851,0.20830489695072174
1789038152034704600,25.52870458984375,0.3347539007663727,0.48075059056282043,0.18631376326084137
1789038152051958800,25.545958740234376,0.40805765986442566,0.481361448764801,0.1594357043504715
1789038152069213000,25.563212890625,0.4459312856197357,0.4886918365955353,0.2162461280822754
1789038152086467000,25.580467041015623,0.4679224193096161,0.3530798554420471,0.20830489695072174
1789038152103721000,25.597720947265625,0.4789179861545563,0.2706131041049957,0.1588248461484909
1789038152120975400,25.614975341796875,0.4740310609340668,0.27916520833969116,0.164322629570961
1789038152138229500,25.6322294921875,0.46608981490135193,0.29443681240081787,0.15699224174022675
1789038152155483600,25.649483642578126,0.5064069032669067,0.2663370370864868,0.14172062277793884
1789038152172737500,25.666737548828124,0.5986474752426147,0.21441353857517242,0.16310089826583862
1789038152189992000,25.683991943359374,0.6866120100021362,0.18203771114349365,0.17226386070251465
1789038152207246000,25.70124609375,0.7360920310020447,0.11911863088607788,0.20463970303535461
1789038152224500000,25.7185,0.7770199775695801,0.04276053607463837,0.20647229254245758
1789038152241754000,25.735754150390626,0.8210022449493408,0.14721840620040894,0.21258094906806946
1789038152259008300,25.75300830078125,0.8277217745780945,0.24434591829776764,0.2706131041049957
1789038152276262700,25.7702626953125,0.8252783417701721,0.22724169492721558,0.2926042377948761
1789038152293516500,25.7875166015625,0.8979712128639221,0.2205221801996231,0.2608392536640167
1789038152310770700,25.804770751953125,0.9462295174598694,0.28954991698265076,0.2614501118659973
1789038152328024800,25.82202490234375,0.9731075763702393,0.1948658674955368,0.2981020212173462
1789038152345279000,25.839279052734376,1.0519092082977295,0.2052505612373352,0.29016077518463135
1789038152362533000,25.856533203125,1.1074978113174438,0.23884813487529755,0.3066541254520416
1789038152379787300,25.873787353515624,1.1685843467712402,0.1649334877729416,0.22357651591300964
1789038152397041400,25.89104150390625,1.164919137954712,0.2003636509180069,0.1331685185432434
1789038152414295600,25.908295654296875,1.0739002227783203,0.24984370172023773,0.14538581669330597
1789038152431549700,25.9255498046875,0.9920443892478943,0.22846342623233795,0.10873392969369888
1789038152448803800,25.942803955078126,0.9553925395011902,0.09651663154363632,0.053145237267017365
1789038152466058000,25.96005810546875,0.9816597104072571,0.010384701192378998,-0.01893680728971958
1789038152483312000,25.97731201171875,0.9688315391540527,-0.006108647678047419,-0.0665842592716217
1789038152500566300,25.994566162109376,0.9193515181541443,-0.07513637095689774,-0.049480047076940536
1789038152517820400,26.0118203125,0.8710931539535522,-0.14660754799842834,-0.056199558079242706
1789038152535074300,26.02907421875,0.8533781170845032,-0.16676609218120575,-0.07635809481143951
1789038152552328700,26.04632861328125,0.9492838382720947,-0.1533270627260208,-0.06780599057674408
1789038152569582800,26.063582763671874,0.9407317638397217,-0.10751219838857651,-0.0824667438864708
1789038152586836700,26.080836669921876,0.860708475112915,-0.16065743565559387,-0.0616973415017128
1789038152604091000,26.0980908203125,0.7574723362922668,-0.2101374864578247,-0.056810423731803894
1789038152621345000,26.115344970703124,0.6579013466835022,-0.14599667489528656,-0.01649334840476513
1789038152638599200,26.13259912109375,0.6493492722511292,0.004276053514331579,0.020769402384757996
1789038152655853300,26.149853271484375,0.6365211009979248,-0.001221729558892548,0.012217295356094837
1789038152673107500,26.167107421875,0.4569268524646759,-0.16737695038318634,0.06536252796649933
1789038152690361600,26.184361572265626,0.2761108875274658,-0.28405213356018066,0.09651663154363632
1789038152707615700,26.20161572265625,0.21502439677715302,-0.2706131041049957,0.1288924664258957
1789038152724870000,26.218869873046874,0.14049890637397766,-0.318871408700943,0.19242240488529205
1789038152742124000,26.2361240234375,0.07513637095689774,-0.27550002932548523,0.16859868168830872
1789038152759378200,26.253378173828125,0.02932151034474373,-0.2932150959968567,0.0720820426940918
1789038152776632300,26.27063232421875,0.0054977829568088055,-0.337808221578598,0.043371398001909256
1789038152793886500,26.287886474609376,0.028099779039621353,-0.3341430425643921,0.06536252796649933
1789038152811140400,26.305140380859374,0.06414080411195755,-0.32620179653167725,0.07513637095689774
1789038152828394800,26.322394775390624,0.046425722539424896,-0.3042106628417969,0.06536252796649933
1789038152845648600,26.339648681640625,-0.008552107028663158,-0.26450446248054504,0.08613193035125732
1789038152862902800,26.35690283203125,-0.06902772188186646,-0.21441353857517242,0.14538581669330597
1789038152880157000,26.374156982421876,-0.10079269111156464,-0.1490510106086731,0.18692462146282196
1789038152897411000,26.3914111328125,-0.12400554865598679,-0.1026252806186676,0.20830489695072174
1789038152914665200,26.408665283203124,-0.12461641430854797,-0.06841685622930527,0.1692095398902893
1789038152931919400,26.42591943359375,-0.1288924664258957,-0.04153880476951599,0.11423171311616898
1789038152949173500,26.443173583984375,-0.14599667489528656,-0.009162971749901772,0.04764745384454727
1789038152966427600,26.460427734375,-0.1441640853881836,0.009773836471140385,-0.04276053607463837
1789038152983681800,26.477681884765627,-0.13072505593299866,0.05803215503692627,-0.12461641430854797
1789038153000936000,26.49493603515625,-0.12156209349632263,0.13683371245861053,-0.21197007596492767
1789038153018189800,26.51218994140625,-0.14233149588108063,0.2364046722650528,-0.27366742491722107
1789038153035444000,26.52944384765625,-0.22357651591300964,0.33169957995414734,-0.2864955961704254
1789038153052698000,26.546697998046874,-0.37262752652168274,0.3402516841888428,-0.2828303873538971
1789038153069952300,26.5639521484375,-0.5522217750549316,0.2724456787109375,-0.2932150959968567
1789038153087206400,26.581206298828125,-0.7226530313491821,0.1649334877729416,-0.318871408700943
1789038153104460500,26.59846044921875,-0.8619301915168762,0.03848448023200035,-0.3127627670764923
1789038153121714700,26.615714599609376,-0.9352339506149292,-0.1130099818110466,-0.21502439677715302
1789038153138968800,26.63296875,-0.9272927641868591,-0.05253437161445618,-0.13683371245861053
1789038153156223000,26.650222900390624,-0.925460159778595,0.07147117704153061,-0.16249002516269684
1789038153173477000,26.66747705078125,-0.8936951756477356,0.17043127119541168,-0.20219624042510986
1789038153190731300,26.684731201171875,-0.9217949509620667,0.04214967042207718,-0.18875721096992493
1789038153207985200,26.701985107421876,-1.0177006721496582,-0.185092031955719,-0.16187916696071625
1789038153225239300,26.7192392578125,-0.9767727851867676,-0.2779434621334076,-0.1081230640411377
1789038153242493400,26.736493408203124,-0.9792162179946899,-0.4214966893196106,-0.021991131827235222
1789038153259747600,26.75374755859375,-0.916297197341919,-0.4728093445301056,-0.01282816007733345
1789038153277001700,26.771001708984375,-0.9144645929336548,-0.47586366534233093,-0.08796452730894089
1789038153294255900,26.788255859375,-0.9462295174598694,-0.5027416944503784,-0.13255766034126282
1789038153311510000,26.805510009765626,-0.8918625712394714,-0.45448338985443115,-0.13927717506885529
1789038153328764200,26.82276416015625,-0.7055488228797913,-0.36651885509490967,-0.17165300250053406
1789038153346018000,26.84001806640625,-0.6175842881202698,-0.25045454502105713,-0.2528980076313019
1789038153363272400,26.8572724609375,-0.6866120100021362,-0.2260199636220932,-0.31459537148475647
1789038153380526600,26.874526611328125,-0.8307760953903198,-0.28954991698265076,-0.3274235129356384
1789038153397780500,26.891780517578123,-0.758694052696228,-0.22846342623233795,-0.3451386094093323
1789038153415034600,26.90903466796875,-0.7092140316963196,-0.2626718580722809,-0.3897317349910736
1789038153432288800,26.926288818359374,-0.758083164691925,-0.23029601573944092,-0.3848448097705841
1789038153449543000,26.94354296875,-0.8448259830474854,-0.2712239623069763,-0.30604326725006104
1789038153466797000,26.960797119140626,-0.880256175994873,-0.379347026348114,-0.23273947834968567
1789038153484051200,26.97805126953125,-0.880256175994873,-0.43982264399528503,-0.17043127119541168
1789038153501305300,26.995305419921873,-0.822834849357605,-0.5198459029197693,-0.0977383628487587
1789038153518559500,27.0125595703125,-0.8833104968070984,-0.40255987644195557,-0.17043127119541168
1789038153535813400,27.0298134765625,-0.9474512934684753,-0.48502662777900696,-0.1539379209280014
1789038153553067500,27.047067626953126,-0.8881973624229431,-0.40927940607070923,-0.18692462146282196
1789038153570321700,27.06432177734375,-0.748920202255249,-0.35063639283180237,-0.2461785078048706
1789038153587575800,27.081575927734374,-0.5955931544303894,-0.24862197041511536,-0.3384190797805786
1789038153604830000,27.098829833984375,-0.4978547990322113,-0.1533270627260208,-0.3787361681461334
1789038153622084000,27.116083984375,-0.48930269479751587,-0.1178968995809555,-0.2565632164478302
1789038153639338200,27.133338134765626,-0.5619956254959106,0.10629047453403473,-0.3139844834804535
1789038153656592400,27.15059228515625,-0.5100721120834351,0.03481929376721382,-0.3707949221134186
1789038153673846500,27.167846435546874,-0.32620179653167725,0.23212862014770508,-0.23884813487529755
1789038153691100700,27.1851005859375,-0.2205221801996231,0.27916520833969116,-0.1692095398902893
1789038153708354600,27.2023544921875,-0.1795942485332489,0.23518294095993042,-0.19425499439239502
1789038153725608700,27.219608642578127,-0.09346231073141098,0.143553227186203,-0.21502439677715302
1789038153742862800,27.23686279296875,0.011606430634856224,0.07024945318698883,-0.20280711352825165
1789038153760117000,27.254116943359374,0.10690133273601532,0.20402882993221283,-0.20219624042510986
1789038153777371100,27.27137109375,0.16859868168830872,0.39889469742774963,-0.19120067358016968
1789038153794625300,27.288625244140626,0.1899789422750473,0.4679224193096161,-0.1337793916463852
1789038153811879400,27.30587939453125,0.26389357447624207,0.48991355299949646,-0.029932374134659767
1789038153829133600,27.323133544921873,0.3341430425643921,0.4404335021972656,0.10506874322891235
1789038153846387700,27.3403876953125,0.3652971386909485,0.3646862804889679,0.2412915825843811
1789038153863641600,27.3576416015625,0.4630354940891266,0.30543237924575806,0.3066541254520416
1789038153880896000,27.37489599609375,0.5674933791160583,0.4050033390522003,0.3738492429256439
1789038153898150100,27.392150146484376,0.6340776681900024,0.5070177912712097,0.4062250852584839
1789038153915404000,27.409404052734374,0.7220421433448792,0.554665207862854,0.36163195967674255
1789038153932658200,27.426658203125,0.7312051653862,0.6175842881202698,0.3799578845500946
1789038153949912300,27.443912353515625,0.6927206516265869,0.5919279456138611,0.4318813979625702
1789038153967166500,27.46116650390625,0.7367029190063477,0.45998117327690125,0.40317076444625854
1789038153984420600,27.478420654296876,0.8503237962722778,0.5229002237319946,0.4312705397605896
1789038154001674800,27.4956748046875,0.934012234210968,0.4923570156097412,0.39217519760131836
1789038154018929000,27.512928955078124,0.8991929292678833,0.38179048895835876,0.34574946761131287
1789038154036182800,27.530182861328125,0.9303470849990845,0.24373504519462585,0.2938259541988373
1789038154053437000,27.54743701171875,0.9541707634925842,0.2767217457294464,0.2932150959968567
1789038154070691000,27.564691162109376,0.9676098227500916,0.42821621894836426,0.2993237376213074
1789038154087945200,27.5819453125,1.0219768285751343,0.49968740344047546,0.2919933497905731
1789038154105199400,27.599199462890624,1.0958913564682007,0.43310311436653137,0.2516762912273407
1789038154122453500,27.61645361328125,1.1801908016204834,0.23457208275794983,0.1948658674955368
1789038154139707600,27.633707763671875,1.2418880462646484,-0.029932374134659767,0.26939135789871216
1789038154156961500,27.65096142578125,1.3322961330413818,-0.040317077189683914,0.28954991698265076
1789038154174215700,27.668215576171875,1.321911334991455,0.10323614627122879,0.20158538222312927
1789038154191469800,27.6854697265625,1.1814124584197998,0.17287473380565643,0.17165300250053406
1789038154208724000,27.702723876953126,1.072678565979004,0.08979712426662445,0.07269290834665298
1789038154225978000,27.71997802734375,0.9938769936561584,0.1588248461484909,0.05864302068948746
1789038154243232300,27.737232177734374,0.9120211005210876,-0.06841685622930527,0.08429934084415436
1789038154260486400,27.754486328125,0.8967494964599609,0.014660755172371864,0.020769402384757996
1789038154277740500,27.771740478515625,0.740368127822876,0.09040798991918564,0.07330377399921417
1789038154294994400,27.788994384765626,0.5986474752426147,0.008552107028663158,0.053145237267017365
1789038154312248600,27.80624853515625,0.5668824911117554,0.04214967042207718,0.011606430634856224
1789038154329502700,27.823502685546874,0.6053670048713684,0.06536252796649933,0.03848448023200035
1789038154346756900,27.8407568359375,0.6976075768470764,-0.01588248461484909,0.1282816082239151
1789038154364011000,27.858010986328125,0.6945532560348511,-0.18875721096992493,0.21746785938739777
1789038154381265200,27.87526513671875,0.6585122346878052,-0.2834412455558777,0.18264856934547424
1789038154398519000,27.89251904296875,0.5839866995811462,-0.29077163338661194,0.12644900381565094
1789038154415773200,27.909773193359374,0.5198459029197693,-0.2834412455558777,0.11911863088607788
1789038154433027300,27.92702734375,0.5045742988586426,-0.12278381735086441,0.12767073512077332
1789038154450281500,27.944281494140625,0.5326740741729736,0.02260199747979641,0.1288924664258957
1789038154467535600,27.96153564453125,0.49480047821998596,-0.017715077847242355,0.13439024984836578
1789038154484789500,27.97878955078125,0.318871408700943,-0.06963858753442764,0.08429934084415436
1789038154502044000,27.9960439453125,0.11178825795650482,-0.06902772188186646,-0.001221729558892548
1789038154519297800,28.0132978515625,0.0720820426940918,-0.10079269111156464,-0.01588248461484909
1789038154536552000,28.030552001953126,0.15638138353824615,-0.15699224174022675,0.05864302068948746
1789038154553806000,28.04780615234375,0.25473061203956604,-0.21746785938739777,0.13500112295150757
1789038154571060200,28.065060302734373,0.19303326308727264,-0.2632827162742615,0.19853104650974274
1789038154588314400,28.082314453125,0.0720820426940918,-0.2205221801996231,0.24434591829776764
1789038154605568300,28.099568359375,-0.024434590712189674,-0.26939135789871216,0.2101374864578247
1789038154622822400,28.116822509765626,-0.04214967042207718,-0.17043127119541168,0.11667517572641373
1789038154640076500,28.13407666015625,-0.07330377399921417,-0.1594357043504715,0.029932374134659767
1789038154657330700,28.15133056640625,-0.12522727251052856,-0.19425499439239502,-0.006719512399286032
1789038154674584800,28.168584716796875,-0.1747073233127594,-0.11545344442129135,-0.027488915249705315
1789038154691839000,28.1858388671875,-0.18325942754745483,-0.010384701192378998,-0.04886918142437935
1789038154709092900,28.2030927734375,-0.12705987691879272,-0.02260199747979641,-0.0513126403093338
1789038154726347000,28.220346923828124,-0.07330377399921417,0.002443459117785096,-0.05558869615197182
1789038154743601200,28.23760107421875,-0.06902772188186646,0.1178968995809555,-0.0720820426940918
1789038154760855300,28.254855224609376,-0.06352993845939636,0.22907429933547974,-0.1282816082239151
1789038154778109400,28.272109375,-0.08552107214927673,0.25411975383758545,-0.17043127119541168
1789038154795363600,28.289363525390623,-0.12522727251052856,0.2663370370864868,-0.18753549456596375
1789038154812617500,28.306617431640625,-0.17348559200763702,0.3243691921234131,-0.2211330533027649
1789038154829871600,28.32387158203125,-0.23396120965480804,0.3652971386909485,-0.24373504519462585
1789038154847125800,28.341125732421876,-0.32559093832969666,0.32681265473365784,-0.2522871494293213
1789038154864380000,28.3583798828125,-0.4868592321872711,0.23518294095993042,-0.29443681240081787
1789038154881634000,28.375634033203124,-0.6505709886550903,0.14294235408306122,-0.32192572951316833
1789038154898888200,28.39288818359375,-0.7764091491699219,0.07757982611656189,-0.2577849328517914
1789038154916142000,28.41014208984375,-0.8784235715866089,-0.002443459117785096,-0.22724169492721558
1789038154933396200,28.427396240234376,-0.9401208758354187,-0.08613193035125732,-0.21868959069252014
1789038154950650400,28.444650390625,-1.008537769317627,-0.13683371245861053,-0.21746785938739777
1789038154967904500,28.461904541015624,-0.9926552772521973,-0.16676609218120575,-0.235793799161911
1789038154985158400,28.479158447265625,-0.8552106618881226,-0.15210533142089844,-0.22785256803035736
1789038155002412500,28.49641259765625,-0.7183769941329956,-0.14477495849132538,-0.20341797173023224
1789038155019666700,28.513666748046877,-0.6407971382141113,-0.18142683804035187,-0.1948658674955368
1789038155036920800,28.5309208984375,-0.637742817401886,-0.27000224590301514,-0.22479823231697083
1789038155054175000,28.548175048828124,-0.7202095985412598,-0.3451386094093323,-0.2211330533027649
1789038155071429000,28.56542919921875,-0.8203914165496826,-0.44470956921577454,-0.23823726177215576
1789038155088683000,28.58268310546875,-0.8191696405410767,-0.31154105067253113,-0.28954991698265076
1789038155105937200,28.599937255859373,-0.8429933786392212,-0.29077163338661194,-0.3249800503253937
1789038155123191300,28.61719140625,-0.9602794051170349,-0.2932150959968567,-0.3231474757194519
1789038155140445400,28.634445556640625,-1.074511170387268,-0.3787361681461334,-0.28954991698265076
1789038155157699600,28.651699462890626,-1.045189619064331,-0.4355465769767761,-0.2522871494293213
1789038155174953500,28.668953369140624,-1.0506874322891235,-0.5302306413650513,-0.2522871494293213
1789038155192207600,28.68620751953125,-1.0140355825424194,-0.5229002237319946,-0.2315177470445633
1789038155209461800,28.703461669921875,-1.0757328271865845,-0.6505709886550903,-0.17653992772102356
1789038155226716000,28.7207158203125,-1.0879502296447754,-0.5760455131530762,-0.22357651591300964
1789038155243970000,28.737969970703126,-1.0115920305252075,-0.5155698657035828,-0.2364046722650528
1789038155261224200,28.75522412109375,-0.943175196647644,-0.5332849621772766,-0.19242240488529205
1789038155278478000,28.77247802734375,-0.9425643682479858,-0.6010909676551819,-0.18325942754745483
1789038155295732200,28.789732177734376,-1.026863694190979,-0.6750055551528931,-0.19303326308727264
1789038155312986400,28.806986328125,-1.0164790153503418,-0.6090322136878967,-0.27366742491722107
1789038155330240500,28.824240478515627,-0.9181297421455383,-0.5326740741729736,-0.3335321843624115
1789038155347494400,28.841494384765625,-0.8045089244842529,-0.3750709891319275,-0.35796675086021423
1789038155364748500,28.85874853515625,-0.7556397318840027,-0.235793799161911,-0.2889390289783478
1789038155382002700,28.876002685546876,-0.7562506198883057,-0.2718348205089569,-0.17898337543010712
1789038155399256800,28.8932568359375,-0.711046576499939,-0.3249800503253937,-0.10934479534626007
1789038155416511000,28.910510986328124,-0.6145299673080444,-0.21319180727005005,-0.1130099818110466
1789038155433764900,28.927764892578125,-0.5094612240791321,-0.11178825795650482,-0.08552107214927673
1789038155451019000,28.94501904296875,-0.4679224193096161,-0.07391463965177536,-0.07024945318698883
1789038155468273200,28.962273193359376,-0.471587598323822,0.06230820715427399,-0.08918625861406326
1789038155485527300,28.97952734375,-0.36285367608070374,0.01282816007733345,-0.06108647957444191
1789038155502781400,28.996781494140624,-0.27855435013771057,0.013439024798572063,-0.07330377399921417
1789038155520035600,29.01403564453125,-0.2260199636220932,0.0922405794262886,-0.10445787757635117
1789038155537289500,29.03128955078125,-0.13561198115348816,0.10873392969369888,-0.0977383628487587
1789038155554543600,29.048543701171877,-0.06780599057674408,0.07269290834665298,-0.12095122784376144
1789038155571797800,29.0657978515625,-0.08002328872680664,0.2205221801996231,-0.13927717506885529
1789038155589052000,29.083052001953124,-0.012217295356094837,0.39278605580329895,-0.06475166976451874
1789038155606306000,29.10030615234375,0.1130099818110466,0.4618137776851654,-0.053145237267017365
1789038155623560000,29.117559814453124,0.20341797173023224,0.45448338985443115,-0.11423171311616898
1789038155640814000,29.13481396484375,0.30054548382759094,0.41905322670936584,-0.11117739230394363
1789038155658068200,29.152068115234375,0.3237583339214325,0.4990765154361725,-0.024434590712189674
1789038155675322400,29.169322265625,0.3549124300479889,0.5705476999282837,0.12583814561367035
1789038155692576500,29.186576416015626,0.4563159942626953,0.7073814272880554,0.19608759880065918
1789038155709830700,29.20383056640625,0.5790998339653015,0.7086031436920166,0.22785256803035736
1789038155727084500,29.22108447265625,0.6646208763122559,0.6957749724388123,0.3445277214050293
1789038155744338700,29.238338623046875,0.7703005075454712,0.6163625717163086,0.4166097939014435
1789038155761592800,29.2555927734375,0.8484911918640137,0.5613847374916077,0.45020735263824463
1789038155778847000,29.272846923828126,0.8576541543006897,0.5259546041488647,0.4770853817462921
1789038155796100900,29.290100830078124,0.8289434909820557,0.5393936038017273,0.48563748598098755
1789038155813355000,29.30735498046875,0.8197805285453796,0.6542361974716187,0.5112938284873962
1789038155830609200,29.324609130859375,0.8637627959251404,0.667064368724823,0.5259546041488647
1789038155847863300,29.34186328125,0.9773836731910706,0.5332849621772766,0.4862483739852905
1789038155865117400,29.359117431640627,1.071456789970398,0.4972439408302307,0.4825831651687622
1789038155882371300,29.376371337890625,1.0610721111297607,0.4153880476951599,0.45326167345046997
1789038155899625500,29.39362548828125,1.0140355825424194,0.39828383922576904,0.4214966893196106
1789038155916879600,29.410879638671876,1.0396918058395386,0.3744601011276245,0.37690356373786926
1789038155934133800,29.4281337890625,1.135597586631775,0.42943793535232544,0.3292561173439026
1789038155951387600,29.4453876953125,1.1856884956359863,0.4404335021972656,0.3017672002315521
1789038155968641800,29.462641845703125,1.240666389465332,0.3231474757194519,0.21135921776294708
1789038155985896000,29.47989599609375,1.2058470249176025,0.13011419773101807,0.19669845700263977
1789038156003150000,29.497150146484376,1.1337649822235107,0.06719512492418289,0.18081597983837128
1789038156020404200,29.514404296875,1.0500766038894653,0.046425722539424896,0.1533270627260208
1789038156037658000,29.531658203125,1.0079269409179688,0.0873536616563797,0.07941242307424545
1789038156054912300,29.548912353515625,1.0128138065338135,0.17287473380565643,-0.009162971749901772
1789038156072166400,29.56616650390625,0.9908226728439331,0.22296564280986786,-0.08063415437936783
1789038156089420500,29.583420654296877,0.998153030872345,0.1588248461484909,-0.10873392969369888
1789038156106674400,29.60067431640625,1.026863694190979,0.1331685185432434,-0.06780599057674408
1789038156123928600,29.617928466796876,1.072678565979004,0.06597339361906052,-0.05253437161445618
1789038156141182700,29.6351826171875,1.0916153192520142,-0.006719512399286032,-0.04276053607463837
1789038156158436900,29.652436767578124,1.0018181800842285,-0.14782927930355072,-0.010995565913617611
1789038156175690800,29.669690673828125,0.9022472500801086,-0.07269290834665298,-0.01649334840476513
1789038156192945000,29.68694482421875,0.778241753578186,-0.002443459117785096,0.06291907280683517
1789038156210199000,29.704198974609376,0.7293725609779358,-0.07513637095689774,0.043982263654470444
1789038156227453200,29.721453125,0.7531962990760803,-0.15577052533626556,0.06230820715427399
1789038156244707300,29.738707275390624,0.7794634699821472,-0.28954991698265076,0.0769689604640007
1789038156261961200,29.755961181640625,0.6420188546180725,-0.28588470816612244,0.06597339361906052
1789038156279215400,29.77321533203125,0.5577195286750793,-0.15271618962287903,0.08429934084415436
1789038156296469500,29.790469482421877,0.37323838472366333,-0.1588248461484909,0.15638138353824615
1789038156313723400,29.807723388671874,0.2724456787109375,-0.2657261788845062,0.26511532068252563
1789038156330977500,29.8249775390625,0.2932150959968567,-0.3439168632030487,0.25411975383758545
1789038156348231700,29.842231689453126,0.2987128794193268,-0.3329212963581085,0.1692095398902893
1789038156365485800,29.85948583984375,0.14721840620040894,-0.33536475896835327,0.16065743565559387
1789038156382739700,29.87673974609375,0.04764745384454727,-0.2919933497905731,0.18570289015769958
1789038156399993900,29.893993896484375,0,-0.21502439677715302,0.17653992772102356
1789038156417248000,29.911248046875,-0.03787361457943916,-0.1802051067352295,0.1893680840730667
1789038156434502100,29.928502197265626,-0.10079269111156464,-0.18081597983837128,0.1905898153781891
1789038156451756300,29.94575634765625,-0.18570289015769958,-0.15638138353824615,0.19669845700263977
1789038156469010200,29.96301025390625,-0.2657261788845062,-0.05803215503692627,0.2156352698802948
1789038156486264300,29.980264404296875,-0.24006985127925873,0.0409279391169548,0.18753549456596375
1789038156503518500,29.9975185546875,-0.1948658674955368,0.0665842592716217,0.12156209349632263
1789038156520772400,30.0147724609375,-0.16310089826583862,-0.018325943499803543,0.06780599057674408
1789038156538026500,30.032026611328124,-0.14233149588108063,-0.06963858753442764,0.021380268037319183
1789038156555280600,30.04928076171875,-0.15760311484336853,-0.010384701192378998,-0.06352993845939636
1789038156572534800,30.06653466796875,-0.19181154668331146,0.05558869615197182,-0.11239911615848541
1789038156589788700,30.08378857421875,-0.18570289015769958,0.09407317638397217,-0.17348559200763702
1789038156607042800,30.101042724609375,-0.17287473380565643,0.11972949653863907,-0.277332603931427
1789038156624297000,30.118296875,-0.16737695038318634,0.12705987691879272,-0.36835145950317383
1789038156641551000,30.135551025390626,-0.15638138353824615,0.11056652665138245,-0.4172206521034241
1789038156658805000,30.152804931640624,-0.1533270627260208,0.17653992772102356,-0.5119046568870544
1789038156676059100,30.17005908203125,-0.1637117564678192,0.27977606654167175,-0.5852084755897522
1789038156693313300,30.187313232421875,-0.17898337543010712,0.27000224590301514,-0.5699368119239807
1789038156710567400,30.2045673828125,-0.27488914132118225,0.2608392536640167,-0.5809323787689209
1789038156727821300,30.2218212890625,-0.4159989058971405,0.35674503445625305,-0.6078104376792908
1789038156745075500,30.239075439453124,-0.5540543794631958,0.4013381600379944,-0.5766563415527344
1789038156762329600,30.25632958984375,-0.6414080262184143,0.21502439677715302,-0.5326740741729736
1789038156779583500,30.27358349609375,-0.720820426940918,0.006108647678047419,-0.5351175665855408
1789038156796837600,30.290837646484373,-0.7819069027900696,-0.11117739230394363,-0.48991355299949646
1789038156814091800,30.308091796875,-0.8246674537658691,-0.2730565667152405,-0.42821621894836426
1789038156831345700,30.325345703125,-0.8442151546478271,-0.3848448097705841,-0.4111120104789734
1789038156848599800,30.342599853515626,-0.925460159778595,-0.4367683231830597,-0.39889469742774963
1789038156865854000,30.35985400390625,-1.0708459615707397,-0.46059203147888184,-0.3860665261745453
1789038156883107800,30.37710791015625,-1.2345577478408813,-0.49663305282592773,-0.39889469742774963
1789038156900362000,30.394362060546875,-1.3206896781921387,-0.49480047821998596,-0.42882707715034485
1789038156917616000,30.4116162109375,-1.3261874914169312,-0.4276053309440613,-0.45387253165245056
1789038156934870300,30.428870361328126,-1.304807186126709,-0.3897317349910736,-0.47464191913604736
1789038156952124400,30.44612451171875,-1.2870920896530151,-0.3610210716724396,-0.360410213470459
1789038156969378300,30.46337841796875,-1.2760965824127197,-0.5174024701118469,-0.13500112295150757
1789038156986632400,30.480632568359376,-1.2956441640853882,-0.6194168925285339,-0.017104214057326317
1789038157003886600,30.497886474609373,-1.304807186126709,-0.7043271064758301,-0.026878049597144127
1789038157021140500,30.515140380859375,-1.2034035921096802,-0.7385355234146118,0.001832594396546483
1789038157038394600,30.53239453125,-1.1221586465835571,-0.759304940700531,0.014660755172371864
1789038157055648800,30.549648681640626,-1.0341941118240356,-0.6927206516265869,-0.01954767294228077
1789038157072902700,30.566902587890624,-0.9969313144683838,-0.49480047821998596,-0.11911863088607788
1789038157090156800,30.58415673828125,-1.0274745225906372,-0.41355544328689575,-0.19120067358016968
1789038157107411000,30.601410888671875,-1.061682939529419,-0.30970844626426697,-0.2052505612373352
1789038157124664800,30.618664794921877,-1.007315993309021,-0.26878049969673157,-0.28954991698265076
1789038157141919000,30.6359189453125,-1.0177006721496582,-0.37262752652168274,-0.2614501118659973
1789038157159173000,30.653173095703124,-0.9999856352806091,-0.3133736252784729,-0.3127627670764923
1789038157176427300,30.67042724609375,-1.0293071269989014,-0.4166097939014435,-0.34636032581329346
1789038157193681400,30.687681396484376,-0.9266818761825562,-0.33169957995414734,-0.5772672295570374
1789038157210935300,30.704935302734373,-0.6591231226921082,-0.3445277214050293,-0.4312705397605896
1789038157228189400,30.722189453125,-0.5094612240791321,-0.37262752652168274,-0.34697118401527405
1789038157245443600,30.739443603515625,-0.4770853817462921,-0.48013970255851746,-0.28038692474365234
1789038157262697500,30.756697509765626,-0.3970620930194855,-0.41905322670936584,-0.23273947834968567
1789038157279951600,30.77395166015625,-0.20158538222312927,-0.31642794609069824,-0.1588248461484909
1789038157297205800,30.791205810546874,-0.06047561392188072,-0.11606431007385254,-0.14172062277793884
1789038157314460000,30.8084599609375,-0.01649334840476513,0.06780599057674408,-0.25473061203956604
1789038157331713800,30.8257138671875,0.002443459117785096,0.370184063911438,-0.22663083672523499
1789038157348968000,30.842968017578126,0.021380268037319183,0.4166097939014435,-0.18081597983837128
1789038157366222000,30.86022216796875,0.1698204129934311,0.4050033390522003,-0.13194678723812103
1789038157383476000,30.87747607421875,0.2364046722650528,0.4667007029056549,-0.06902772188186646
1789038157400730000,30.894730224609376,0.23762640357017517,0.5772672295570374,0.0256563201546669
1789038157417984300,30.911984375,0.22785256803035736,0.6505709886550903,0.10201441496610641
1789038157435238400,30.92923828125,0.24495677649974823,0.6847794055938721,0.22968515753746033
1789038157452492500,30.946492431640625,0.31459537148475647,0.648127555847168,0.3329212963581085
1789038157469746400,30.963746337890626,0.3909534513950348,0.6004800796508789,0.4050033390522003
1789038157487000600,30.98100048828125,0.4453204274177551,0.5222893953323364,0.44409868121147156
1789038157504254700,30.998254638671874,0.4196641147136688,0.43371400237083435,0.46547895669937134
1789038157521508600,31.015508544921875,0.4569268524646759,0.4098902642726898,0.48502662777900696
1789038157538762800,31.0327626953125,0.5296197533607483,0.5076286196708679,0.4978547990322113
1789038157556017000,31.050016845703126,0.6224712133407593,0.5913171172142029,0.48991355299949646
1789038157573270800,31.067270751953124,0.7031053900718689,0.6401863098144531,0.45937031507492065
1789038157590525000,31.08452490234375,0.7128791809082031,0.6090322136878967,0.47036588191986084
1789038157607779000,31.101779052734376,0.7483093738555908,0.5534434914588928,0.4789179861545563
1789038157625033000,31.119032958984373,0.8118392825126648,0.4257727563381195,0.4355465769767761
1789038157642287000,31.136287109375,0.8698714375495911,0.48441576957702637,0.38850998878479004
1789038157659541200,31.153541259765625,0.8881973624229431,0.6059778332710266,0.36712974309921265
1789038157676795100,31.170795166015626,0.9138537049293518,0.4404335021972656,0.25045454502105713
1789038157694049300,31.18804931640625,0.9608902931213379,0.30054548382759094,0.2309068888425827
1789038157711303400,31.205303466796874,1.082452416419983,0.15088360011577606,0.2712239623069763
1789038157728557600,31.2225576171875,1.1777472496032715,0.11239911615848541,0.22724169492721558
1789038157745811500,31.2398115234375,1.2424989938735962,0.18325942754745483,0.19120067358016968
1789038157763065600,31.257065673828127,1.2895355224609375,0.3023780584335327,0.1539379209280014
1789038157780319700,31.27431982421875,1.3261874914169312,0.13194678723812103,0.09529490768909454
1789038157797573600,31.29157373046875,1.2986985445022583,0.21258094906806946,0.001221729558892548
1789038157814827800,31.308827880859376,1.2021819353103638,0.30543237924575806,-0.011606430634856224
1789038157832082000,31.32608203125,1.1343759298324585,0.26389357447624207,-0.001221729558892548
1789038157849335800,31.343335693359375,1.1447606086730957,0.08918625861406326,0.008552107028663158
1789038157866590000,31.36058984375,1.2095122337341309,0.11728604137897491,-0.01282816007733345
1789038157883844000,31.377843994140626,1.2534945011138916,0.2559523284435272,-0.0360410213470459
1789038157901098000,31.395097900390624,1.2968659400939941,0.21380266547203064,-0.050090912729501724
1789038157918352100,31.41235205078125,1.2205078601837158,0.13683371245861053,-0.05436696484684944
1789038157935606300,31.429606201171875,1.0800089836120605,0.1441640853881836,-0.03176496922969818
1789038157952860200,31.446860107421877,0.9358448386192322,-0.07513637095689774,0.05558869615197182
1789038157970114300,31.4641142578125,0.8142827749252319,-0.14721840620040894,0.047036588191986084
1789038157987368400,31.481368408203124,0.7165443897247314,-0.08002328872680664,0.02626718580722809
1789038158004622300,31.498622314453126,0.6175842881202698,-0.07757982611656189,0.02626718580722809
1789038158021876500,31.51587646484375,0.5479456782341003,-0.059864748269319534,0.02932151034474373
1789038158039130600,31.533130615234374,0.5699368119239807,-0.13561198115348816,0.15638138353824615
1789038158056384500,31.550384521484375,0.5790998339653015,-0.23884813487529755,0.389120876789093
1789038158073638700,31.567638671875,0.5302306413650513,-0.21197007596492767,0.4526508152484894
1789038158090892800,31.584892822265626,0.3396408259868622,-0.3744601011276245,0.3341430425643921
1789038158108146700,31.602146728515624,0.08857539296150208,-0.6798924803733826,0.2834412455558777
1789038158125400800,31.61940087890625,0.08613193035125732,-0.4459312856197357,0.2889390289783478
1789038158142654700,31.63665478515625,0.10140355676412582,-0.18325942754745483,0.3445277214050293
1789038158159908900,31.653908935546873,-0.011606430634856224,-0.19669845700263977,0.33231043815612793
1789038158177163000,31.6711630859375,-0.06719512492418289,-0.258395791053772,0.2608392536640167
1789038158194417000,31.6884169921875,-0.0769689604640007,-0.11667517572641373,0.12767073512077332
1789038158211671000,31.705671142578126,-0.09896009415388107,-0.0030543238390237093,-0.001832594396546483
1789038158228925200,31.72292529296875,-0.11239911615848541,-0.1178968995809555,-0.07147117704153061
1789038158246179300,31.740179443359374,-0.10629047453403473,-0.23335035145282745,-0.1233946830034256
1789038158263433200,31.75743310546875,-0.09101885557174683,-0.15699224174022675,-0.17715078592300415
1789038158280687400,31.774687255859376,-0.09101885557174683,-0.06352993845939636,-0.18692462146282196
1789038158297941500,31.79194140625,-0.12461641430854797,-0.056199558079242706,-0.15149445831775665
1789038158315195400,31.8091953125,-0.15271618962287903,-0.020769402384757996,-0.046425722539424896
1789038158332449500,31.826449462890626,-0.1441640853881836,0.14049890637397766,-0.033597562462091446
1789038158349703400,31.843703369140623,-0.18875721096992493,0.29504770040512085,-0.14294235408306122
1789038158366957600,31.86095751953125,-0.2657261788845062,0.21135921776294708,-0.2101374864578247
1789038158384211700,31.878211669921875,-0.3023780584335327,-0.08674279600381851,-0.11606431007385254
1789038158401465600,31.895465576171876,-0.3078758418560028,0.08368847519159317,-0.10140355676412582
1789038158418719700,31.9127197265625,-0.3854556679725647,0.3481929302215576,-0.18142683804035187
1789038158435974000,31.929973876953124,-0.6340776681900024,0.3445277214050293,-0.20830489695072174
1789038158453227800,31.947227783203125,-0.8552106618881226,0.25961753726005554,-0.17898337543010712
1789038158470482000,31.96448193359375,-0.9523382186889648,0.29016077518463135,-0.19730933010578156
1789038158487735800,31.98173583984375,-0.9853248596191406,0.34208428859710693,-0.2254091054201126
1789038158504990000,31.998989990234374,-1.0238093137741089,0.20341797173023224,-0.16615521907806396
1789038158522244000,32.016244140625,-1.0855066776275635,0.028099779039621353,-0.12278381735086441
1789038158539498000,32.033498046875,-1.1136064529418945,-0.040317077189683914,-0.15027274191379547
1789038158556752100,32.05075219726562,-1.12765634059906,-0.11362084746360779,-0.22296564280986786
1789038158574006300,32.06800634765625,-1.1319323778152466,-0.21258094906806946,-0.2419024556875229
1789038158591260200,32.08526025390625,-1.1246020793914795,-0.19669845700263977,-0.2828303873538971
1789038158608514300,32.102514404296876,-1.1459823846817017,-0.2315177470445633,-0.3811796307563782
1789038158625768400,32.1197685546875,-1.1325433254241943,-0.34147340059280396,-0.44409868121147156
1789038158643022300,32.13702221679687,-1.0677915811538696,-0.3909534513950348,-0.4416552484035492
1789038158660276500,32.1542763671875,-1.094058871269226,-0.40866854786872864,-0.38240134716033936
1789038158677530400,32.1715302734375,-1.0989457368850708,-0.5393936038017273,-0.2822195291519165
1789038158694784500,32.188784423828125,-1.0769546031951904,-0.6359102129936218,-0.2724456787109375
1789038158712038700,32.20603857421875,-1.1038326025009155,-0.6591231226921082,-0.28527384996414185
1789038158729292500,32.22329248046875,-1.1417062282562256,-0.6273581385612488,-0.23518294095993042
1789038158746546700,32.24054663085938,-1.1502584218978882,-0.6805033683776855,-0.17348559200763702
1789038158763800800,32.25780078125,-1.0177006721496582,-0.6426297426223755,-0.17531819641590118
1789038158781054700,32.2750546875,-0.9767727851867676,-0.6230821013450623,-0.22418737411499023
1789038158798308900,32.29230883789062,-1.0311397314071655,-0.5809323787689209,-0.24251331388950348
1789038158815562800,32.30956274414063,-1.1026109457015991,-0.5198459029197693,-0.17165300250053406
1789038158832817000,32.32681689453125,-1.1630865335464478,-0.47036588191986084,-0.1692095398902893
1789038158850071000,32.344071044921876,-1.0684025287628174,-0.4111120104789734,-0.13683371245861053
1789038158867325000,32.36132495117187,-0.925460159778595,-0.33108872175216675,-0.17837251722812653
1789038158884579000,32.3785791015625,-0.851545512676239,-0.2565632164478302,-0.14294235408306122
1789038158901833000,32.3958330078125,-0.880256175994873,-0.2669478952884674,-0.021380268037319183
1789038158919087000,32.413087158203126,-0.9370665550231934,-0.26450446248054504,-0.0256563201546669
1789038158936341200,32.43034130859375,-0.8448259830474854,-0.09285144507884979,-0.053756099194288254
1789038158953595100,32.44759521484375,-0.7183769941329956,-0.07086031138896942,0.0054977829568088055
1789038158970849300,32.46484936523437,-0.6029235124588013,-0.05192350596189499,0.06230820715427399
1789038158988103400,32.482103515625,-0.5119046568870544,0.08918625861406326,0.12217295914888382
1789038159005357600,32.49935766601563,-0.38850998878479004,0.3029889166355133,0.10995566099882126
1789038159022611500,32.516611572265624,-0.2889390289783478,0.24373504519462585,0.07941242307424545
1789038159039865600,32.53386547851562,-0.31581708788871765,0.3707949221134186,0.0616973415017128
1789038159057119500,32.55111938476563,-0.22174391150474548,0.2260199636220932,0.1698204129934311
1789038159074373600,32.56837353515625,-0.1893680840730667,0.11545344442129135,0.20708316564559937
1789038159091627500,32.58562744140625,-0.13439024984836578,0.2528980076313019,0.21135921776294708
1789038159108881700,32.60288159179687,-0.014660755172371864,0.34086254239082336,0.1905898153781891
1789038159126135800,32.6201357421875,0.12217295914888382,0.45875945687294006,0.05925388261675835
1789038159143390000,32.63738989257813,0.22846342623233795,0.45998117327690125,0.050090912729501724
1789038159160643800,32.654643798828126,0.22357651591300964,0.3078758418560028,0.034208428114652634
1789038159177898000,32.67189794921875,0.2932150959968567,0.19425499439239502,0.06047561392188072
1789038159195152100,32.68915209960937,0.36163195967674255,0.1948658674955368,0.11545344442129135
1789038159212406000,32.70640600585938,0.4935787320137024,0.2364046722650528,0.2406807243824005
1789038159229660200,32.72366015625,0.6786707639694214,0.19303326308727264,0.2834412455558777
1789038159246914000,32.7409140625,0.7837395071983337,0.31642794609069824,0.2156352698802948
1789038159264168200,32.758168212890624,0.7635809779167175,0.5534434914588928,0.21135921776294708
1789038159281422300,32.77542236328125,0.7391464114189148,0.5827649831771851,0.26878049969673157
1789038159298676200,32.79267626953125,0.7947350740432739,0.6352993845939636,0.2730565667152405
1789038159315930400,32.809930419921876,0.8167262077331543,0.7269290685653687,0.2614501118659973
1789038159333184300,32.827184326171874,0.8448259830474854,0.7385355234146118,0.24740023910999298
1789038159350438400,32.8444384765625,0.9474512934684753,0.6609556674957275,0.23029601573944092
1789038159367692500,32.86169262695312,1.0470222234725952,0.5528326034545898,0.2461785078048706
1789038159384946400,32.87894653320313,1.1221586465835571,0.4874700903892517,0.24006985127925873
1789038159402200600,32.89620068359375,1.1679733991622925,0.4269944727420807,0.22785256803035736
1789038159419454500,32.91345434570312,1.2009601593017578,0.39339691400527954,0.1948658674955368
1789038159436708600,32.93070849609375,1.240666389465332,0.4312705397605896,0.20219624042510986
1789038159453962800,32.94796264648438,1.342680811882019,0.3536907136440277,0.17898337543010712
1789038159471216600,32.965216552734375,1.4831796884536743,0.23823726177215576,0.17348559200763702
1789038159488470800,32.982470703125,1.5424336194992065,0.18631376326084137,0.14538581669330597
1789038159505724700,32.999724609375,1.4587451219558716,0.3170388340950012,0.10751219838857651
1789038159522978800,33.01697875976563,1.2889246940612793,0.38667741417884827,0.053756099194288254
1789038159540233000,33.03423291015625,1.2455532550811768,0.2156352698802948,0.020158538594841957
1789038159557486800,33.05148681640625,1.2895355224609375,-0.015271619893610477,0.006719512399286032
1789038159574741000,33.068740966796874,1.3267983198165894,0.15699224174022675,-0.013439024798572063
1789038159591995000,33.08599487304687,1.2968659400939941,0.3017672002315521,-0.014049889519810677
1789038159609249000,33.1032490234375,1.2705987691879272,0.3231474757194519,-0.10384701192378998
1789038159626503200,33.120503173828126,1.155145287513733,0.14049890637397766,-0.10873392969369888
1789038159643757000,33.137757080078124,1.1307107210159302,0.020158538594841957,-0.07941242307424545
1789038159661011200,33.15501123046875,0.9841031432151794,0.08368847519159317,-0.07574722915887833
1789038159678265000,33.17226513671875,0.8167262077331543,0.06841685622930527,0
1789038159695519200,33.18951928710938,0.7024945020675659,-0.0922405794262886,0.02932151034474373
1789038159712773000,33.206773193359375,0.6835576891899109,-0.21991132199764252,-0.007941242307424545
1789038159730027300,33.22402734375,0.6780598759651184,-0.2205221801996231,0
1789038159747281400,33.24128149414062,0.583375871181488,-0.21807873249053955,0.07574722915887833
1789038159764535300,33.25853540039063,0.43310311436653137,-0.16126830875873566,0.14721840620040894
1789038159781789400,33.27578955078125,0.2767217457294464,0.06841685622930527,0.17592905461788177
1789038159799043300,33.29304321289062,0.20402882993221283,0.16249002516269684,0.1802051067352295
1789038159816297500,33.31029736328125,0.2003636509180069,0.011606430634856224,0.16798780858516693
1789038159833551400,33.32755126953125,0.18814635276794434,0.020158538594841957,0.15088360011577606
1789038159850805500,33.344805419921876,0.15149445831775665,-0.1233946830034256,0.16310089826583862
1789038159868059600,33.3620595703125,0.025045456364750862,-0.33597561717033386,0.13927717506885529
1789038159885313500,33.3793134765625,-0.06597339361906052,-0.3549124300479889,0.15515965223312378
1789038159902567400,33.3965673828125,-0.10995566099882126,-0.2968802750110626,0.21135921776294708
1789038159919821600,33.41382153320313,-0.14294235408306122,-0.2712239623069763,0.21807873249053955
1789038159937075700,33.43107568359375,-0.17287473380565643,-0.29443681240081787,0.20830489695072174
1789038159954329600,33.44832958984375,-0.18142683804035187,-0.18753549456596375,0.20402882993221283
1789038159971583700,33.46558374023437,-0.17592905461788177,0.05253437161445618,0.16065743565559387
1789038159988837600,33.48283764648438,-0.18081597983837128,0.19853104650974274,0.07819069176912308
1789038160006091800,33.500091796875,-0.18387030065059662,0.20769402384757996,0.0360410213470459
1789038160023345700,33.517345703125,-0.18325942754745483,0.22174391150474548,-0.011606430634856224
1789038160040599800,33.53459985351562,-0.19181154668331146,0.26878049969673157,-0.11545344442129135
1789038160057854000,33.55185400390625,-0.18264856934547424,0.2467893660068512,-0.18814635276794434
1789038160075107800,33.56910791015625,-0.1637117564678192,0.22235478460788727,-0.23335035145282745
1789038160092362000,33.586362060546875,-0.2419024556875229,0.2565632164478302,-0.31031930446624756
1789038160109615900,33.60361596679687,-0.39828383922576904,0.28527384996414185,-0.4196641147136688
1789038160126870000,33.6208701171875,-0.5748237371444702,0.23212862014770508,-0.516791582107544
1789038160144124000,33.6381240234375,-0.6823359727859497,0.08063415437936783,-0.5797106623649597
1789038160161378000,33.6553779296875,-0.7006618976593018,-0.006719512399286032,-0.5949822664260864
1789038160178632000,33.6726318359375,-0.6725621223449707,0.010995565913617611,-0.5564978122711182
1789038160195886000,33.68988598632812,-0.6401863098144531,0.07941242307424545,-0.5253437161445618
1789038160213140200,33.70714013671875,-0.7238747477531433,0.001832594396546483,-0.48930269479751587
1789038160230394000,33.72439404296875,-0.8014546036720276,-0.13439024984836578,-0.481361448764801
1789038160247648300,33.741648193359374,-0.7935133576393127,-0.15027274191379547,-0.44409868121147156
1789038160264902100,33.75890209960937,-0.8045089244842529,-0.0616973415017128,-0.34574946761131287
1789038160282156300,33.77615625,-0.915686309337616,-0.1490510106086731,-0.31093016266822815
1789038160299410200,33.79341015625,-1.0195332765579224,-0.38728827238082886,-0.36712974309921265
1789038160316664300,33.810664306640625,-1.0409135818481445,-0.5485565662384033,-0.43493571877479553
1789038160333918200,33.82791821289062,-1.1392627954483032,-0.5393936038017273,-0.3958403766155243
1789038160351172400,33.84517236328125,-1.2730422019958496,-0.6206386089324951,-0.2864955961704254
1789038160368426500,33.86242651367188,-1.1496474742889404,-0.6493492722511292,-0.2712239623069763
1789038160385680400,33.879680419921876,-1.0115920305252075,-0.657290518283844,-0.3078758418560028
1789038160402934500,33.8969345703125,-1.0800089836120605,-0.6359102129936218,-0.2828303873538971
1789038160420188400,33.9141884765625,-1.2760965824127197,-0.573602020740509,-0.27488914132118225
1789038160437442600,33.93144262695313,-1.2974767684936523,-0.4630354940891266,-0.27977606654167175
1789038160454696400,33.948696533203126,-1.1563670635223389,-0.5094612240791321,-0.22663083672523499
1789038160471950600,33.96595068359375,-1.1233803033828735,-0.5485565662384033,-0.16676609218120575
1789038160489204500,33.98320458984375,-1.1740821599960327,-0.7385355234146118,-0.059864748269319534
1789038160506458600,34.00045874023437,-1.1624757051467896,-0.7556397318840027,-0.11117739230394363
1789038160523712800,34.01771264648438,-1.0690133571624756,-0.6359102129936218,-0.2003636509180069
1789038160540966700,34.034966552734375,-1.1221586465835571,-0.4874700903892517,-0.2260199636220932
1789038160558220500,34.05222045898437,-1.0677915811538696,-0.24312418699264526,-0.3237583339214325
1789038160575474700,34.069474609375,-0.9309579133987427,-0.30115634202957153,-0.10384701192378998
1789038160592728600,34.086728515625,-0.9187406301498413,-0.4673115611076355,-0.015271619893610477
1789038160609982700,34.103982666015625,-0.915075421333313,-0.3903425931930542,-0.12461641430854797
1789038160627236600,34.12123657226562,-0.7867938280105591,-0.24006985127925873,-0.22663083672523499
1789038160644490800,34.13849072265625,-0.5821541547775269,-0.1331685185432434,-0.1802051067352295
1789038160661745000,34.15574487304688,-0.5564978122711182,-0.007941242307424545,-0.10018182545900345
1789038160678998800,34.172998779296876,-0.5858193039894104,0.07819069176912308,-0.09957095980644226
1789038160696253000,34.1902529296875,-0.5626064538955688,0.07452550530433655,-0.014049889519810677
1789038160713506800,34.2075068359375,-0.39217519760131836,-0.05925388261675835,0.03298669680953026
1789038160730761000,34.22476098632813,-0.25961753726005554,-0.07941242307424545,-0.043371398001909256
1789038160748014800,34.242014892578126,-0.1649334877729416,0.10567960888147354,-0.11484257876873016
1789038160765269000,34.25926904296875,-0.10567960888147354,0.1178968995809555,-0.1802051067352295
1789038160782523100,34.276523193359374,-0.018325943499803543,0.20830489695072174,-0.18387030065059662
1789038160799777000,34.29377709960937,0.09040798991918564,0.3274235129356384,-0.0818558782339096
1789038160817031200,34.31103125,0.16737695038318634,0.4166097939014435,-0.03481929376721382
1789038160834285000,34.32828515625,0.19242240488529205,0.43310311436653137,0.03298669680953026
1789038160851539200,34.345539306640624,0.1844811588525772,0.5308414697647095,0.07452550530433655
1789038160868793000,34.36279296875,0.2364046722650528,0.555276095867157,0.09712749719619751
1789038160886047200,34.38004711914063,0.3390299379825592,0.5693259835243225,0.14172062277793884
1789038160903301400,34.39730126953125,0.4819723069667816,0.5149590373039246,0.20402882993221283
1789038160920555300,34.41455517578125,0.5345066785812378,0.43860089778900146,0.29443681240081787
1789038160937809400,34.43180932617187,0.5888736248016357,0.36224281787872314,0.3689623177051544
1789038160955063300,34.44906323242188,0.7079922556877136,0.2675587832927704,0.3946186602115631
1789038160972317400,34.4663173828125,0.8020654320716858,0.30543237924575806,0.36651885509490967
1789038160989571300,34.4835712890625,0.8191696405410767,0.46364638209342957,0.36651885509490967
1789038161006825500,34.50082543945312,0.833219587802887,0.5485565662384033,0.3543015718460083
1789038161024079400,34.51807934570313,0.9486730098724365,0.5241219997406006,0.2926042377948761
1789038161041333500,34.53533349609375,1.0403027534484863,0.5076286196708679,0.3433060050010681
1789038161058587400,34.55258740234375,1.1160500049591064,0.5729911923408508,0.3494146466255188
1789038161075841500,34.569841552734374,1.1337649822235107,0.5748237371444702,0.30054548382759094
1789038161093095400,34.58709545898437,1.0567960739135742,0.5632173418998718,0.2626718580722809
1789038161110349600,34.604349609375,1.035415768623352,0.5900954008102417,0.3127627670764923
1789038161127603700,34.62160375976563,1.1575887203216553,0.4673115611076355,0.3390299379825592
1789038161144857600,34.638857666015625,1.3445134162902832,0.41844236850738525,0.33169957995414734
1789038161162111500,34.65611157226562,1.4495820999145508,0.45326167345046997,0.33597561717033386
1789038161179365600,34.67336572265625,1.4147628545761108,0.2406807243824005,0.360410213470459
1789038161196619500,34.69061962890625,1.3548980951309204,0.18814635276794434,0.2614501118659973
1789038161213873700,34.707873779296875,1.258992314338684,0.24801109731197357,0.16065743565559387
1789038161231127600,34.72512744140625,1.230892539024353,0.35124725103378296,0.14049890637397766
1789038161248381700,34.74238159179688,1.2143992185592651,0.2364046722650528,0.17287473380565643
1789038161265635600,34.759635498046876,1.2388337850570679,0.18753549456596375,0.1130099818110466
1789038161282889700,34.7768896484375,1.3029745817184448,0.19303326308727264,-0.02260199747979641
1789038161300143600,34.7941435546875,1.240666389465332,0.23273947834968567,-0.1795942485332489
1789038161317397800,34.81139770507812,1.035415768623352,0.12461641430854797,-0.21197007596492767
1789038161334651600,34.82865161132813,0.8692606091499329,-0.013439024798572063,-0.24434591829776764
1789038161351905800,34.84590576171875,0.7812960743904114,0.05253437161445618,-0.18142683804035187
1789038161369160000,34.863159912109374,0.7770199775695801,0.053756099194288254,-0.08857539296150208
1789038161386413800,34.88041381835937,0.7672461867332458,0.05925388261675835,-0.1026252806186676
1789038161403668000,34.89766796875,0.7220421433448792,0.021991131827235222,-0.06475166976451874
1789038161420921900,34.914921875,0.6438514590263367,-0.1692095398902893,-0.026878049597144127
1789038161438176000,34.932176025390625,0.5723803043365479,-0.2412915825843811,-0.006719512399286032
1789038161455430000,34.94942993164062,0.5210676789283752,-0.16126830875873566,0.01588248461484909
1789038161472683800,34.96668383789063,0.40805765986442566,-0.10629047453403473,0.039706211537122726
1789038161489938000,34.98393798828125,0.3597993552684784,-0.22235478460788727,0.1539379209280014
1789038161507191800,35.00119189453125,0.37629270553588867,-0.2712239623069763,0.164322629570961
1789038161524446000,35.01844604492187,0.3243691921234131,-0.22235478460788727,0.06536252796649933
1789038161541699800,35.03569995117188,0.17226386070251465,-0.18814635276794434,0.01282816007733345
1789038161558954000,35.0529541015625,0.03787361457943916,-0.2559523284435272,0.03848448023200035
1789038161576208000,35.070207763671874,0.010384701192378998,-0.2981020212173462,0.11911863088607788
1789038161593462000,35.0874619140625,-0.0030543238390237093,-0.22907429933547974,0.18753549456596375
1789038161610716000,35.1047158203125,-0.0616973415017128,-0.13439024984836578,0.21502439677715302
1789038161627970000,35.12196997070313,-0.13683371245861053,-0.11972949653863907,0.23335035145282745
1789038161645224000,35.139223876953125,-0.20463970303535461,-0.11117739230394363,0.2620609998703003
1789038161662478000,35.15647802734375,-0.23823726177215576,-0.053145237267017365,0.2516762912273407
1789038161679732000,35.17373193359375,-0.2162461280822754,-0.039706211537122726,0.20891575515270233
1789038161696985900,35.19098583984375,-0.16065743565559387,-0.11667517572641373,0.1802051067352295
1789038161714240000,35.208239990234375,-0.09101885557174683,-0.1545487940311432,0.13927717506885529
1789038161731494000,35.22549389648437,-0.09101885557174683,-0.0769689604640007,0.04764745384454727
1789038161748748000,35.242748046875,-0.1380554437637329,0.010995565913617611,-0.05558869615197182
1789038161766002000,35.260001953125,-0.2162461280822754,0.04825831577181816,-0.15760311484336853
1789038161783256000,35.277256103515626,-0.28527384996414185,0.004276053514331579,-0.21991132199764252
1789038161800510000,35.294510009765624,-0.3549124300479889,0.007941242307424545,-0.26022839546203613
1789038161817764000,35.31176416015625,-0.4459312856197357,0.0360410213470459,-0.29626941680908203
1789038161835018000,35.32901806640625,-0.5442805290222168,-0.007330377586185932,-0.30543237924575806
1789038161852272000,35.346272216796876,-0.6114756464958191,0.03543015569448471,-0.29565855860710144
1789038161869526000,35.363526123046874,-0.6835576891899109,0.2107483446598053,-0.3390299379825592
1789038161886780200,35.3807802734375,-0.7257073521614075,0.33169957995414734,-0.35613417625427246
1789038161904034000,35.39803393554688,-0.7385355234146118,0.28038692474365234,-0.3707949221134186
1789038161921288200,35.4152880859375,-0.7348703145980835,0.21502439677715302,-0.46486809849739075
1789038161938542000,35.4325419921875,-0.7116574645042419,0.2577849328517914,-0.5601630210876465
1789038161955796000,35.4497958984375,-0.7556397318840027,0.24556763470172882,-0.5754346251487732
1789038161973050000,35.46705004882813,-0.8772017955780029,-0.0054977829568088055,-0.4880809485912323
1789038161990304000,35.484303955078126,-0.9688315391540527,-0.2364046722650528,-0.5009090900421143
1789038162007558100,35.50155810546875,-1.072678565979004,-0.32559093832969666,-0.5497782826423645
1789038162024812000,35.51881201171875,-1.239444613456726,-0.39767298102378845,-0.5497782826423645
1789038162042066200,35.53606616210938,-1.3121376037597656,-0.4819723069667816,-0.48441576957702637
1789038162059320000,35.553320068359376,-1.2632683515548706,-0.638353705406189,-0.42882707715034485
1789038162076574200,35.57057421875,-1.2418880462646484,-0.6322450637817383,-0.42943793535232544
1789038162093828000,35.587828125,-1.2822052240371704,-0.49113526940345764,-0.3854556679725647
1789038162111082200,35.60508227539062,-1.3823870420455933,-0.5748237371444702,-0.20891575515270233
1789038162128336100,35.62233618164063,-1.422093152999878,-0.7764091491699219,-0.16249002516269684
1789038162145590300,35.63959033203125,-1.285259485244751,-0.758694052696228,-0.27977606654167175
1789038162162844200,35.65684423828125,-1.1997383832931519,-0.7141009569168091,-0.3634645342826843
1789038162180098000,35.67409814453125,-1.158199667930603,-0.6414080262184143,-0.31154105067253113
1789038162197352200,35.69135229492188,-1.1459823846817017,-0.6096430420875549,-0.2938259541988373
1789038162214606000,35.708606201171875,-1.1001675128936768,-0.544891357421875,-0.33536475896835327
1789038162231860200,35.72586010742187,-1.173471212387085,-0.5589412450790405,-0.2938259541988373
1789038162249114000,35.74311401367188,-1.1759146451950073,-0.5271763205528259,-0.2706131041049957
1789038162266368300,35.7603681640625,-1.0225876569747925,-0.6047561168670654,-0.14660754799842834
1789038162283622100,35.7776220703125,-0.8368847370147705,-0.5797106623649597,-0.09590577334165573
1789038162300876300,35.794876220703124,-0.8356630206108093,-0.42088583111763,-0.17898337543010712
1789038162318130200,35.81213012695312,-0.7660244107246399,-0.2626718580722809,-0.25350889563560486
1789038162335384300,35.82938427734375,-0.6389645338058472,-0.037262752652168274,-0.17165300250053406
1789038162352638200,35.84663818359375,-0.43432486057281494,-0.06291907280683517,-0.05070177838206291
1789038162369892400,35.863892333984374,-0.38667741417884827,-0.06291907280683517,-0.10567960888147354
1789038162387146200,35.88114624023437,-0.4612029194831848,0.050090912729501724,-0.26022839546203613
1789038162404400000,35.89840014648438,-0.3842339515686035,0.0665842592716217,-0.3488037884235382
1789038162421654300,35.915654296875,-0.2406807243824005,-0.026878049597144127,-0.3274235129356384
1789038162438908200,35.932908203125,-0.11423171311616898,-0.053145237267017365,-0.1948658674955368
1789038162456162300,35.95016235351562,-0.010995565913617611,-0.01282816007733345,-0.0824667438864708
1789038162473416200,35.96741625976563,0.10873392969369888,0.10934479534626007,-0.07819069176912308
1789038162490670300,35.98467041015625,0.18203771114349365,0.27427828311920166,-0.04153880476951599
1789038162507924200,36.00192431640625,0.24801109731197357,0.3738492429256439,0.05192350596189499
1789038162525178400,36.01917846679687,0.27855435013771057,0.44959646463394165,0.18081597983837128
1789038162542432300,36.03643237304688,0.2528980076313019,0.4569268524646759,0.33169957995414734
1789038162559686400,36.053686279296876,0.2779434621334076,0.4166097939014435,0.4105011224746704
1789038162576940300,36.070940185546874,0.38728827238082886,0.41844236850738525,0.4569268524646759
1789038162594194400,36.0881943359375,0.4740310609340668,0.48991355299949646,0.5497782826423645
1789038162611448300,36.1054482421875,0.545502245426178,0.4862483739852905,0.5864301919937134
1789038162628702500,36.12270239257813,0.5564978122711182,0.4868592321872711,0.5852084755897522
1789038162645956400,36.139956298828125,0.6206386089324951,0.535728394985199,0.5955931544303894
1789038162663210200,36.15721020507812,0.7147117853164673,0.5112938284873962,0.535728394985199
1789038162680464400,36.17446435546875,0.7947350740432739,0.6071996092796326,0.45020735263824463
1789038162697718300,36.19171826171875,0.8533781170845032,0.6139190793037415,0.3842339515686035
1789038162714972400,36.208972412109375,0.9224058389663696,0.6511818766593933,0.26939135789871216
1789038162732226300,36.22622631835937,0.9272927641868591,0.6786707639694214,0.20830489695072174
1789038162749480400,36.24348046875,0.9523382186889648,0.6640099883079529,0.18081597983837128
1789038162766734300,36.260734375,1.0494656562805176,0.5125155448913574,0.1594357043504715
1789038162783988500,36.277988525390626,1.1252129077911377,0.4862483739852905,0.12400554865598679
1789038162801242400,36.295242431640624,1.1502584218978882,0.45998117327690125,0.13927717506885529
1789038162818496500,36.31249658203125,1.1875211000442505,0.34636032581329346,0.1441640853881836
1789038162835750400,36.32975048828125,1.138651967048645,0.36651885509490967,0.1233946830034256
1789038162853004500,36.347004638671876,1.128878116607666,0.535728394985199,0.10690133273601532
1789038162870258400,36.364258544921874,1.1441497802734375,0.41233372688293457,0.15088360011577606
1789038162887512300,36.38151220703125,1.1905754804611206,0.08552107214927673,0.1893680840730667
1789038162904766500,36.39876635742188,1.183245062828064,-0.010995565913617611,0.22968515753746033
1789038162922020400,36.416020263671875,1.174692988395691,-0.024434590712189674,0.3066541254520416
1789038162939274500,36.4332744140625,1.163697361946106,0.02932151034474373,0.3787361681461334
1789038162956528400,36.4505283203125,1.1246020793914795,0.03543015569448471,0.360410213470459
1789038162973782500,36.46778247070313,1.2003493309020996,-0.03298669680953026,0.28954991698265076
1789038162991036400,36.485036376953126,1.3506220579147339,-0.08613193035125732,0.29138249158859253
1789038163008290300,36.50229028320312,1.4227041006088257,-0.034208428114652634,0.2614501118659973
1789038163025544400,36.51954443359375,1.361006736755371,0.13133592903614044,0.16615521907806396
1789038163042798300,36.53679833984375,1.1887428760528564,0.23884813487529755,0.0873536616563797
1789038163060052200,36.55405224609375,1.056185245513916,0.24251331388950348,-0.03787361457943916
1789038163077306400,36.571306396484374,0.9010255336761475,0.09529490768909454,-0.09040798991918564
1789038163094560300,36.58856030273437,0.8155044913291931,0.0054977829568088055,-0.03298669680953026
1789038163111814400,36.605814453125,0.8093958497047424,-0.021991131827235222,0.04153880476951599
1789038163129068300,36.623068359375,0.7073814272880554,-0.09529490768909454,0.07024945318698883
1789038163146322400,36.640322509765625,0.5033525824546814,-0.11728604137897491,0.09407317638397217
1789038163163576300,36.65757641601562,0.3848448097705841,-0.13927717506885529,0.1130099818110466
1789038163180830500,36.67483056640625,0.2461785078048706,-0.29565855860710144,0.14599667489528656
1789038163198084400,36.69208447265625,0.07147117704153061,-0.4172206521034241,0.18814635276794434
1789038163215338200,36.70933813476562,0.004276053514331579,-0.4776962697505951,0.27427828311920166
1789038163232592100,36.72659204101563,0.07086031138896942,-0.3640754222869873,0.2528980076313019
1789038163249846300,36.74384619140625,0.03543015569448471,-0.32009315490722656,0.1747073233127594
1789038163267100200,36.76110009765625,-0.10995566099882126,-0.3695732057094574,0.1380554437637329
1789038163284354300,36.778354248046874,-0.185092031955719,-0.27488914132118225,0.053145237267017365
1789038163301608200,36.79560815429687,-0.20158538222312927,-0.08796452730894089,-0.053756099194288254
1789038163318862300,36.8128623046875,-0.2254091054201126,-0.1233946830034256,-0.07880155742168427
1789038163336116200,36.8301162109375,-0.22357651591300964,-0.26389357447624207,-0.05436696484684944
1789038163353370400,36.847370361328124,-0.16676609218120575,-0.19364413619041443,-0.10995566099882126
1789038163370624300,36.86462426757812,-0.1282816082239151,-0.043371398001909256,-0.17531819641590118
1789038163387878100,36.88187817382813,-0.15515965223312378,-0.07391463965177536,-0.12522727251052856
1789038163405132300,36.89913232421875,-0.20830489695072174,-0.0922405794262886,-0.12767073512077332
1789038163422386200,36.91638623046875,-0.2309068888425827,-0.015271619893610477,-0.22479823231697083
1789038163439640000,36.93364013671875,-0.22663083672523499,0.0513126403093338,-0.3280344009399414
1789038163456894200,36.95089428710938,-0.2419024556875229,0.04459312930703163,-0.37140578031539917
1789038163474148000,36.968148193359376,-0.2974911332130432,0.029932374134659767,-0.37690356373786926
1789038163491402200,36.98540234375,-0.37323838472366333,0.08429934084415436,-0.37140578031539917
1789038163508656000,37.00265625,-0.45998117327690125,0.18570289015769958,-0.4153880476951599
1789038163525910300,37.01991015625,-0.5760455131530762,0.2718348205089569,-0.4978547990322113
1789038163543164200,37.0371640625,-0.6731730103492737,0.20158538222312927,-0.5155698657035828
1789038163560418000,37.05441796875,-0.7800742983818054,0.1130099818110466,-0.4984656572341919
1789038163577672200,37.07167211914062,-0.8692606091499329,0.1649334877729416,-0.4667007029056549
1789038163594926000,37.08892602539063,-0.962722897529602,0.16554436087608337,-0.4416552484035492
1789038163612180000,37.106179931640625,-1.0262528657913208,0.0030543238390237093,-0.42088583111763
1789038163629434000,37.12343408203125,-1.056185245513916,-0.11484257876873016,-0.4575377106666565
1789038163646688000,37.14068798828125,-1.1423171758651733,-0.22479823231697083,-0.481361448764801
1789038163663942100,37.15794213867188,-1.26021409034729,-0.32131487131118774,-0.46975502371788025
1789038163681196000,37.175196044921876,-1.3170244693756104,-0.3555232882499695,-0.40255987644195557
1789038163698450000,37.192449951171874,-1.2632683515548706,-0.41416633129119873,-0.3842339515686035
1789038163715703800,37.20970385742187,-1.1527018547058105,-0.46914416551589966,-0.3995055556297302
1789038163732958000,37.2269580078125,-1.135597586631775,-0.5430588126182556,-0.3744601011276245
1789038163750211800,37.2442119140625,-1.191797137260437,-0.5308414697647095,-0.3652971386909485
1789038163767466000,37.261466064453124,-1.3292417526245117,-0.5009090900421143,-0.46608981490135193
1789038163784720000,37.27871997070312,-1.3365721702575684,-0.40744680166244507,-0.49663305282592773
1789038163801974000,37.29597412109375,-1.2260055541992188,-0.47525280714035034,-0.3017672002315521
1789038163819228000,37.313227783203125,-1.110552191734314,-0.5870410799980164,-0.13439024984836578
1789038163836481800,37.33048168945312,-1.0201442241668701,-0.6316341757774353,-0.1649334877729416
1789038163853736000,37.34773583984375,-1.0965023040771484,-0.4990765154361725,-0.268169641494751
1789038163870989800,37.36498974609375,-1.2137882709503174,-0.42088583111763,-0.27488914132118225
1789038163888243700,37.38224365234375,-1.1148282289505005,-0.21380266547203064,-0.318871408700943
1789038163905497900,37.39949780273437,-0.9743293523788452,-0.3072649836540222,-0.1698204129934311
1789038163922751700,37.41675170898438,-0.9688315391540527,-0.36774060130119324,-0.1533270627260208
1789038163940006000,37.434005859375,-0.9950987100601196,-0.37323838472366333,-0.10384701192378998
1789038163957259800,37.451259765625,-0.8955277800559998,-0.4581485986709595,-0.08429934084415436
1789038163974514000,37.468513916015624,-0.7733548283576965,-0.35063639283180237,-0.185092031955719
1789038163991767800,37.48576782226562,-0.66645348072052,-0.27855435013771057,-0.21502439677715302
1789038164009021700,37.50302172851563,-0.5607738494873047,-0.1233946830034256,-0.17348559200763702
1789038164026275800,37.52027587890625,-0.5766563415527344,0.017715077847242355,-0.11606431007385254
1789038164043529700,37.53752978515625,-0.5571087002754211,0.205861434340477,-0.04214967042207718
1789038164060783600,37.55478369140625,-0.48502662777900696,0.39278605580329895,0.004886918235570192
1789038164078037800,37.57203784179688,-0.3243691921234131,0.4147771894931793,-0.0720820426940918
1789038164095291600,37.589291748046875,-0.20402882993221283,0.4318813979625702,-0.1233946830034256
1789038164112545800,37.6065458984375,-0.10079269111156464,0.5320632457733154,-0.04153880476951599
1789038164129799700,37.62379956054688,0.0360410213470459,0.47586366534233093,0.013439024798572063
1789038164147053600,37.641053466796876,0.11667517572641373,0.4526508152484894,-0.02260199747979641
1789038164164307700,37.6583076171875,0.12522727251052856,0.4923570156097412,0.08002328872680664
1789038164181561600,37.6755615234375,0.1649334877729416,0.48991355299949646,0.18203771114349365
1789038164198815700,37.69281567382812,0.25045454502105713,0.6010909676551819,0.25350889563560486
1789038164216069600,37.71006958007813,0.4056142270565033,0.7092140316963196,0.2822195291519165
1789038164233323500,37.727323486328125,0.47036588191986084,0.56382817029953,0.24495677649974823
1789038164250577700,37.74457763671875,0.47952884435653687,0.3970620930194855,0.3023780584335327
1789038164267831600,37.76183154296875,0.5778780579566956,0.27366742491722107,0.3231474757194519
1789038164285085400,37.77908544921875,0.6902772188186646,0.2889390289783478,0.2761108875274658
1789038164302339600,37.796339599609375,0.6921098232269287,0.3451386094093323,0.2107483446598053
1789038164319593500,37.81359350585937,0.758694052696228,0.3280344009399414,0.19425499439239502
1789038164336847600,37.83084765625,0.9089667797088623,0.3439168632030487,0.19608759880065918
1789038164354101500,37.8481015625,1.0378592014312744,0.389120876789093,0.21868959069252014
1789038164371355400,37.86535546875,1.0775654315948486,0.45875945687294006,0.19914191961288452
1789038164388609500,37.882609619140624,1.071456789970398,0.45326167345046997,0.205861434340477
1789038164405863400,37.89986352539062,1.1215476989746094,0.46364638209342957,0.19242240488529205
1789038164423117300,37.91711743164063,1.1881320476531982,0.5424479246139526,0.2364046722650528
1789038164440371500,37.934371337890624,1.240666389465332,0.4679224193096161,0.23212862014770508
1789038164457625300,37.95162524414062,1.239444613456726,0.4764745235443115,0.26878049969673157
1789038164474879500,37.96887939453125,1.3402373790740967,0.3805687427520752,0.2877173125743866
1789038164492133400,37.98613330078125,1.4037672281265259,0.39828383922576904,0.29138249158859253
1789038164509387300,38.00338720703125,1.4355322122573853,0.29993459582328796,0.2987128794193268
1789038164526641400,38.02064135742187,1.3652827739715576,0.1386663019657135,0.2816086709499359
1789038164543895300,38.03789526367188,1.2266165018081665,0.10934479534626007,0.26022839546203613
1789038164561149200,38.055149169921876,1.0928370952606201,0.2107483446598053,0.287106454372406
1789038164578403300,38.0724033203125,1.0348049402236938,0.29626941680908203,0.31520622968673706
1789038164595657200,38.0896572265625,1.0219768285751343,0.11239911615848541,0.2761108875274658
1789038164612911000,38.1069111328125,1.072678565979004,0.19730933010578156,0.18753549456596375
1789038164630165200,38.124165283203126,1.0885610580444336,0.12278381735086441,0.19303326308727264
1789038164647419100,38.141419189453124,1.1655299663543701,-0.01649334840476513,0.09957095980644226
1789038164664673300,38.15867333984375,1.117882490158081,-0.046425722539424896,0.031154103577136993
1789038164681927200,38.17592724609375,1.046411395072937,0.10323614627122879,-0.012217295356094837
1789038164699181000,38.19318115234375,0.8668171167373657,0.07819069176912308,0.023212861269712448
1789038164716435000,38.21043505859375,0.8307760953903198,-0.1795942485332489,0.007330377586185932
1789038164733689000,38.22768920898437,0.8527672290802002,-0.21319180727005005,-0.08674279600381851
1789038164750943000,38.24494287109375,0.740368127822876,-0.09285144507884979,-0.11056652665138245
1789038164768196900,38.26219677734375,0.5888736248016357,-0.12583814561367035,-0.03481929376721382
1789038164785450800,38.27945068359375,0.4770853817462921,-0.29626941680908203,0.05558869615197182
1789038164802705000,38.29670483398438,0.4428769648075104,-0.4056142270565033,0.10384701192378998
1789038164819958800,38.313958740234376,0.4465421438217163,-0.337808221578598,0.10934479534626007
1789038164837213000,38.331212890625,0.3964512348175049,-0.26939135789871216,0.1233946830034256
1789038164854466800,38.348466796875,0.28466299176216125,-0.3500255048274994,0.1637117564678192
1789038164871720700,38.365720703125,0.18875721096992493,-0.3243691921234131,0.10201441496610641
1789038164888974800,38.38297485351563,0.0922405794262886,-0.18387030065059662,-0.0054977829568088055
1789038164906228700,38.400228759765625,-0.012217295356094837,-0.18325942754745483,-0.01954767294228077
1789038164923482600,38.41748266601562,-0.06352993845939636,-0.25534147024154663,0.028099779039621353
1789038164940736800,38.43473681640625,-0.05864302068948746,-0.24006985127925873,0.04153880476951599
1789038164957990700,38.45199072265625,-0.06780599057674408,-0.15149445831775665,0.017104214057326317
1789038164975244500,38.46924462890625,-0.12034036219120026,-0.10690133273601532,0.011606430634856224
1789038164992498700,38.48649877929687,-0.1545487940311432,-0.1588248461484909,0.010995565913617611
1789038165009752600,38.50375268554688,-0.17226386070251465,-0.12217295914888382,-0.018325943499803543
1789038165027006500,38.52100634765625,-0.17715078592300415,-0.056199558079242706,-0.05497783049941063
1789038165044260400,38.53826025390625,-0.205861434340477,-0.08368847519159317,-0.056199558079242706
1789038165061514500,38.55551440429687,-0.2364046722650528,-0.11178825795650482,-0.06352993845939636
1789038165078768400,38.57276831054688,-0.26511532068252563,-0.01954767294228077,-0.12095122784376144
1789038165096022500,38.5900224609375,-0.2926042377948761,0.05864302068948746,-0.19364413619041443
1789038165113276400,38.6072763671875,-0.3139844834804535,0.05558869615197182,-0.2559523284435272
1789038165130530300,38.6245302734375,-0.3072649836540222,0.03909534588456154,-0.32131487131118774
1789038165147784200,38.6417841796875,-0.2889390289783478,0.10445787757635117,-0.34147340059280396
1789038165165038300,38.659038330078126,-0.33108872175216675,0.2406807243824005,-0.2968802750110626
1789038165182292200,38.67629223632812,-0.5112938284873962,0.277332603931427,-0.31031930446624756
1789038165199546000,38.69354614257813,-0.7067705392837524,0.17531819641590118,-0.3634645342826843
1789038165216800300,38.71080029296875,-0.7904590368270874,0.11056652665138245,-0.43310311436653137
1789038165234054100,38.72805419921875,-0.7910698652267456,0.19425499439239502,-0.48502662777900696
1789038165251308000,38.74530810546875,-0.8203914165496826,0.22235478460788727,-0.4764745235443115
1789038165268562200,38.76256225585937,-0.9321796298027039,0.08857539296150208,-0.48991355299949646
1789038165285816000,38.77981616210938,-1.074511170387268,-0.07635809481143951,-0.5925388336181641
1789038165303070000,38.797070068359375,-1.2773182392120361,-0.17287473380565643,-0.6579013466835022
1789038165320324000,38.81432397460937,-1.5473204851150513,-0.37690356373786926,-0.6267472505569458
1789038165337578000,38.83157788085938,-1.68354332447052,-0.5491674542427063,-0.593149721622467
1789038165354832000,38.848831787109376,-1.6670500040054321,-0.813060998916626,-0.4862483739852905
1789038165372085800,38.86608569335937,-1.5479313135147095,-0.9492838382720947,-0.36285367608070374
1789038165389340000,38.88333984375,-1.3658936023712158,-1.035415768623352,-0.3029889166355133
1789038165406593800,38.90059375,-1.288313865661621,-0.8949168920516968,-0.37140578031539917
1789038165423847700,38.91784765625,-1.2596031427383423,-0.7049379348754883,-0.3970620930194855
1789038165441101800,38.935101806640624,-1.2822052240371704,-0.7269290685653687,-0.3915643095970154
1789038165458355700,38.95235571289062,-1.2675443887710571,-0.5986474752426147,-0.46059203147888184
1789038165475609600,38.96960961914063,-1.2712095975875854,-0.4673115611076355,-0.49480047821998596
1789038165492863500,38.986863525390625,-1.2253947257995605,-0.3280344009399414,-0.40255987644195557
1789038165510117600,39.00411767578125,-1.1966841220855713,-0.3591884970664978,-0.2816086709499359
1789038165527371500,39.02137158203125,-1.0482439994812012,-0.38179048895835876,-0.17715078592300415
1789038165544625700,39.03862573242188,-0.9999856352806091,-0.4410443603992462,-0.0873536616563797
1789038165561879600,39.055879638671875,-1.0506874322891235,-0.43860089778900146,-0.1441640853881836
1789038165579133400,39.07313354492187,-0.9553925395011902,-0.2724456787109375,-0.20647229254245758
1789038165596387300,39.09038720703125,-0.8436042666435242,-0.10873392969369888,-0.17165300250053406
1789038165613641500,39.107641357421876,-0.8210022449493408,-0.03176496922969818,-0.16126830875873566
1789038165630895400,39.124895263671874,-0.6438514590263367,0.029932374134659767,-0.1288924664258957
1789038165648149200,39.14214916992187,-0.5229002237319946,0.004276053514331579,-0.014049889519810677
1789038165665403400,39.1594033203125,-0.5290089249610901,-0.007330377586185932,-0.040317077189683914
1789038165682657300,39.1766572265625,-0.44348782300949097,0.07024945318698883,-0.059864748269319534
1789038165699911200,39.1939111328125,-0.2822195291519165,0.06230820715427399,-0.06841685622930527
1789038165717165300,39.21116528320312,-0.14782927930355072,0.20647229254245758,-0.04214967042207718
1789038165734419200,39.22841918945313,-0.07513637095689774,0.20830489695072174,0.0513126403093338
1789038165751673000,39.245673095703125,-0.05253437161445618,0.19364413619041443,0.05070177838206291
1789038165768927200,39.26292724609375,-0.009162971749901772,0.20463970303535461,-0.000610864779446274
1789038165786181000,39.28018115234375,0.09162971377372742,0.27855435013771057,0.025045456364750862
1789038165803435000,39.29743505859375,0.18631376326084137,0.3298669755458832,0.06047561392188072
1789038165820689000,39.31468896484375,0.28038692474365234,0.36712974309921265,0.1441640853881836
1789038165837943000,39.331943115234374,0.360410213470459,0.3903425931930542,0.2205221801996231
1789038165855197000,39.34919702148437,0.40255987644195557,0.3750709891319275,0.24740023910999298
1789038165872450800,39.36645092773438,0.44898560643196106,0.3591884970664978,0.31520622968673706
1789038165889705000,39.383705078125,0.536339282989502,0.4001164436340332,0.3897317349910736
1789038165906958800,39.40095874023437,0.6236929297447205,0.5155698657035828,0.34636032581329346
1789038165924212700,39.41821264648438,0.656679630279541,0.6524035930633545,0.3023780584335327
1789038165941467000,39.435466796875,0.6524035930633545,0.7373138070106506,0.3451386094093323
1789038165958720800,39.452720703125,0.758694052696228,0.7281508445739746,0.39889469742774963
1789038165975974700,39.469974609375,0.9199623465538025,0.6707295179367065,0.3707949221134186
1789038165993228800,39.48722875976563,1.0403027534484863,0.7562506198883057,0.3903425931930542
1789038166010482700,39.504482666015626,1.063515543937683,0.758694052696228,0.42943793535232544
1789038166027736600,39.521736572265624,1.0720677375793457,0.6304124593734741,0.38301220536231995
1789038166044990500,39.53899047851562,1.082452416419983,0.6707295179367065,0.29993459582328796
1789038166062244600,39.55624462890625,1.056185245513916,0.778241753578186,0.2809978127479553
1789038166079498500,39.57349853515625,1.1209368705749512,0.6102539300918579,0.2889390289783478
1789038166096752400,39.59075244140625,1.341459035873413,0.33597561717033386,0.2877173125743866
1789038166114006300,39.60800634765625,1.4923427104949951,0.21991132199764252,0.3494146466255188
1789038166131260400,39.62526049804688,1.5149446725845337,0.2406807243824005,0.4013381600379944
1789038166148514300,39.642514404296875,1.3829978704452515,0.3231474757194519,0.360410213470459
1789038166165768200,39.65976831054687,1.2217295169830322,0.2370155304670334,0.3017672002315521
1789038166183022300,39.67702221679688,1.2290599346160889,0.09896009415388107,0.27550002932548523
1789038166200276200,39.694276123046876,1.3487894535064697,0.0977383628487587,0.24434591829776764
1789038166217530000,39.711530029296874,1.3377938270568848,0.2309068888425827,0.19914191961288452
1789038166234784000,39.72878393554687,1.2418880462646484,0.25045454502105713,0.14538581669330597
1789038166252038100,39.7460380859375,1.2095122337341309,0.16310089826583862,0.06475166976451874
1789038166269292000,39.7632919921875,1.191797137260437,0.10384701192378998,-0.03543015569448471
1789038166286546000,39.7805458984375,1.0867284536361694,-0.03909534588456154,-0.012217295356094837
1789038166303800000,39.79780004882812,0.9841031432151794,-0.11545344442129135,0
1789038166321054000,39.81505395507813,0.943175196647644,-0.02932151034474373,-0.029932374134659767
1789038166338307800,39.832307861328125,0.9028581380844116,0.07819069176912308,-0.012217295356094837
1789038166355561700,39.84956176757812,0.8649845123291016,0.07147117704153061,0.007941242307424545
1789038166372816000,39.86681591796875,0.8307760953903198,-0.007941242307424545,0.02932151034474373
1789038166390069800,39.88406982421875,0.6707295179367065,-0.10506874322891235,0.08979712426662445
1789038166407323600,39.90132373046875,0.47952884435653687,-0.07574722915887833,0.12095122784376144
1789038166424577500,39.91857763671875,0.38179048895835876,-0.21197007596492767,0.17715078592300415
1789038166441831700,39.93583178710937,0.35063639283180237,-0.258395791053772,0.2419024556875229
1789038166459085600,39.95308544921875,0.3555232882499695,-0.22296564280986786,0.27855435013771057
1789038166476339500,39.97033935546875,0.30482152104377747,-0.3029889166355133,0.2864955961704254
1789038166493593300,39.98759326171875,0.18692462146282196,-0.35063639283180237,0.28954991698265076
1789038166510847500,40.00484741210938,0.13072505593299866,-0.21991132199764252,0.26450446248054504
1789038166528101400,40.022101318359375,0.08552107214927673,-0.205861434340477,0.23884813487529755
1789038166545355300,40.03935522460937,0.023212861269712448,-0.277332603931427,0.18325942754745483
1789038166562609200,40.05660913085938,0.01954767294228077,-0.22357651591300964,0.08491020649671555
1789038166579863000,40.073863037109376,-0.03481929376721382,-0.21197007596492767,0.026878049597144127
1789038166597117200,40.0911171875,-0.08613193035125732,-0.20402882993221283,0.010384701192378998
1789038166614371000,40.10837109375,-0.09896009415388107,-0.1795942485332489,-0.03787361457943916
1789038166631625000,40.125625,-0.11178825795650482,-0.16004657745361328,-0.08796452730894089
1789038166648879000,40.14287915039063,-0.12644900381565094,-0.12217295914888382,-0.14110976457595825
1789038166666133000,40.160133056640625,-0.16187916696071625,-0.0616973415017128,-0.17715078592300415
1789038166683387000,40.17738696289062,-0.1802051067352295,0.024434590712189674,-0.1954767256975174
1789038166700640800,40.19464086914063,-0.18875721096992493,0.08796452730894089,-0.1844811588525772
1789038166717895000,40.21189501953125,-0.18692462146282196,0.08063415437936783,-0.2406807243824005
1789038166735148800,40.22914868164062,-0.19914191961288452,0.0769689604640007,-0.3384190797805786
1789038166752402700,40.24640258789063,-0.2510654330253601,0.12461641430854797,-0.37262752652168274
1789038166769656600,40.263656494140626,-0.3243691921234131,0.19303326308727264,-0.35063639283180237
1789038166786910500,40.280910400390624,-0.40805765986442566,0.2211330533027649,-0.36835145950317383
1789038166804164600,40.29816455078125,-0.5186241865158081,0.1337793916463852,-0.41905322670936584
1789038166821418500,40.31541845703125,-0.6450732350349426,-0.037262752652168274,-0.4831940531730652
1789038166838672400,40.33267236328125,-0.7641918659210205,-0.09529490768909454,-0.5613847374916077
1789038166855926300,40.34992626953125,-0.8399390578269958,0.16798780858516693,-0.5601630210876465
1789038166873180400,40.36718041992187,-0.9578359723091125,0.3634645342826843,-0.4324922561645508
1789038166890434300,40.38443432617188,-1.073289394378662,0.2009745091199875,-0.3023780584335327
1789038166907688200,40.401688232421876,-1.1111630201339722,-0.02260199747979641,-0.3090975880622864
1789038166924942000,40.41894213867187,-1.1166608333587646,-0.09040798991918564,-0.42943793535232544
1789038166942196000,40.43619604492188,-1.1856884956359863,-0.09162971377372742,-0.4618137776851654
1789038166959450000,40.4534501953125,-1.2424989938735962,-0.17165300250053406,-0.38850998878479004
1789038166976704000,40.4707041015625,-1.2779290676116943,-0.19792018830776215,-0.411722868680954
1789038166993958000,40.4879580078125,-1.2663227319717407,-0.23212862014770508,-0.4098902642726898
1789038167011212000,40.5052119140625,-1.2143992185592651,-0.37690356373786926,-0.2107483446598053
1789038167028466000,40.5224658203125,-1.1313215494155884,-0.5681042671203613,-0.006719512399286032
1789038167045719800,40.5397197265625,-1.1465932130813599,-0.6805033683776855,-0.007330377586185932
1789038167062973700,40.5569736328125,-1.2815942764282227,-0.7104357481002808,-0.11606431007385254
1789038167080227600,40.5742275390625,-1.390328288078308,-0.6511818766593933,-0.19120067358016968
1789038167097481700,40.591481689453126,-1.3548980951309204,-0.5907062292098999,-0.2510654330253601
1789038167114735600,40.60873559570312,-1.2290599346160889,-0.4917461574077606,-0.32192572951316833
1789038167131989500,40.62598950195313,-1.155145287513733,-0.47586366534233093,-0.29565855860710144
1789038167149243400,40.643243408203126,-1.2718204259872437,-0.544891357421875,-0.2669478952884674
1789038167166497500,40.66049755859375,-1.296255111694336,-0.5259546041488647,-0.2938259541988373
1789038167183751400,40.67775146484375,-1.239444613456726,-0.3970620930194855,-0.33719736337661743
1789038167201005300,40.69500537109375,-1.0586286783218384,-0.22907429933547974,-0.3121519088745117
1789038167218259200,40.71225927734375,-0.953559935092926,-0.2877173125743866,-0.2412915825843811
1789038167235513000,40.72951318359375,-0.916297197341919,-0.3799578845500946,-0.20708316564559937
1789038167252767200,40.74676733398437,-0.8881973624229431,-0.42882707715034485,-0.15699224174022675
1789038167270021000,40.76402124023438,-0.8668171167373657,-0.5204567909240723,-0.1545487940311432
1789038167287275000,40.78127490234375,-0.7128791809082031,-0.4978547990322113,-0.1533270627260208
1789038167304529000,40.79852880859375,-0.5662716627120972,-0.4159989058971405,-0.08307760953903198
1789038167321783000,40.81578295898437,-0.4526508152484894,-0.26939135789871216,-0.07086031138896942
1789038167339037000,40.83303686523438,-0.3133736252784729,-0.17531819641590118,-0.05742128938436508
1789038167356290800,40.850290771484374,-0.2467893660068512,-0.08979712426662445,-0.08918625861406326
1789038167373545000,40.867544921875,-0.21685700118541718,-0.018325943499803543,-0.09896009415388107
1789038167390798800,40.884798828125,-0.20158538222312927,0.12583814561367035,-0.14721840620040894
1789038167408052700,40.902052734375,-0.07757982611656189,0.09834922850131989,-0.30115634202957153
1789038167425306600,40.919306640625,0.039706211537122726,0.12767073512077332,-0.35246896743774414
1789038167442560800,40.93656079101562,0.13500112295150757,0.235793799161911,-0.18387030065059662
1789038167459814700,40.95381469726563,0.23945899307727814,0.11056652665138245,-0.09468404203653336
1789038167477068500,40.971068603515626,0.24801109731197357,0.10323614627122879,0.010384701192378998
1789038167494322400,40.988322509765624,0.3042106628417969,0.27488914132118225,0.11423171311616898
1789038167511576300,41.00557641601562,0.3836230933666229,0.4569268524646759,0.164322629570961
1789038167528830500,41.02283056640625,0.4825831651687622,0.5540543794631958,0.2632827162742615
1789038167546084400,41.04008447265625,0.5992583632469177,0.6365211009979248,0.39217519760131836
1789038167563338200,41.05733813476562,0.6701186895370483,0.7250964641571045,0.4886918365955353
1789038167580592000,41.07459204101563,0.6395754218101501,0.7134900689125061,0.5485565662384033
1789038167597846300,41.09184619140625,0.6627882719039917,0.6817250847816467,0.5870410799980164
1789038167615100200,41.10910009765625,0.7794634699821472,0.676227331161499,0.5968148708343506
1789038167632354000,41.12635400390625,0.8784235715866089,0.7147117853164673,0.56382817029953
1789038167649608200,41.14360815429688,0.8967494964599609,0.7922916412353516,0.5980366468429565
1789038167666861800,41.16086181640625,0.9083559513092041,0.7464767694473267,0.6438514590263367
1789038167684116000,41.178115966796874,0.998153030872345,0.6768381595611572,0.6181951761245728
1789038167701369900,41.19536987304687,1.1398736238479614,0.6151408553123474,0.6200277805328369
1789038167718623700,41.21262377929688,1.2272273302078247,0.5021308660507202,0.6059778332710266
1789038167735877600,41.229877685546874,1.3359612226486206,0.47036588191986084,0.5155698657035828
1789038167753131800,41.2471318359375,1.4031563997268677,0.583375871181488,0.39828383922576904
1789038167770385700,41.2643857421875,1.3720022439956665,0.49052441120147705,0.3952295184135437
1789038167787639600,41.2816396484375,1.3432916402816772,0.20463970303535461,0.35185810923576355
1789038167804893400,41.2988935546875,1.3225222826004028,0.0922405794262886,0.3084867000579834
1789038167822147300,41.31614721679688,1.2773182392120361,0.15210533142089844,0.3384190797805786
1789038167839401500,41.3334013671875,1.3206896781921387,0.17776164412498474,0.3084867000579834
1789038167856655400,41.3506552734375,1.4001020193099976,0.27366742491722107,0.19242240488529205
1789038167873909200,41.3679091796875,1.3359612226486206,0.48502662777900696,0.09712749719619751
1789038167891163100,41.3851630859375,1.2424989938735962,0.5229002237319946,0.04886918142437935
1789038167908417000,41.4024169921875,1.174692988395691,0.37812530994415283,0.08674279600381851
1789038167925671200,41.419671142578125,1.148425817489624,0.14049890637397766,0.11728604137897491
1789038167942925000,41.43692504882812,1.0958913564682007,0.14049890637397766,-0.004886918235570192
1789038167960179000,41.45417895507813,0.8393282294273376,0.1893680840730667,-0.09162971377372742
1789038167977432800,41.471432861328125,0.5051851868629456,0.11667517572641373,-0.026878049597144127
1789038167994686700,41.48868676757812,0.5393936038017273,0.010384701192378998,0.018325943499803543
1789038168011940900,41.50594091796875,0.7128791809082031,-0.037262752652168274,0.02932151034474373
1789038168029194800,41.52319482421875,0.80389803647995,-0.014660755172371864,0.08979712426662445
1789038168046448600,41.54044873046875,0.7605266571044922,-0.11239911615848541,0.1594357043504715
1789038168063702500,41.55770263671875,0.7654135823249817,-0.16859868168830872,0.18692462146282196
1789038168080956400,41.57495629882813,0.7641918659210205,-0.16859868168830872,0.1997527778148651
1789038168098210600,41.59221044921875,0.5803215503692627,-0.09712749719619751,0.24006985127925873
1789038168115464200,41.60946411132812,0.45875945687294006,-0.14477495849132538,0.33108872175216675
1789038168132718300,41.62671826171875,0.38728827238082886,-0.17348559200763702,0.36163195967674255
1789038168149972200,41.64397216796875,0.26878049969673157,-0.17592905461788177,0.31154105067253113
1789038168167226000,41.66122607421875,0.13561198115348816,-0.258395791053772,0.24984370172023773
1789038168184480300,41.67848022460937,0.05436696484684944,-0.21502439677715302,0.15210533142089844
1789038168201734000,41.69573388671875,-0.02260199747979641,-0.09529490768909454,0.06597339361906052
1789038168218988000,41.712988037109376,-0.10995566099882126,-0.07330377399921417,0.04764745384454727
1789038168236242000,41.730241943359374,-0.11728604137897491,-0.12217295914888382,0.04276053607463837
1789038168253495800,41.74749584960937,-0.08552107214927673,-0.12767073512077332,0.002443459117785096
1789038168270749700,41.76474975585938,-0.09468404203653336,-0.020769402384757996,-0.0616973415017128
1789038168288003600,41.782003662109375,-0.14110976457595825,0.04886918142437935,-0.12034036219120026
1789038168305257700,41.7992578125,-0.18081597983837128,0.07330377399921417,-0.20647229254245758
1789038168322511600,41.81651171875,-0.17653992772102356,0.0818558782339096,-0.3243691921234131
1789038168339765500,41.833765625,-0.12034036219120026,0.04581485688686371,-0.4214966893196106
1789038168357019400,41.851019287109374,-0.07330377399921417,-0.013439024798572063,-0.49541133642196655
1789038168374273300,41.86827319335937,-0.08429934084415436,-0.06963858753442764,-0.5302306413650513
1789038168391527200,41.88552709960938,-0.11911863088607788,-0.17104214429855347,-0.5485565662384033
1789038168408781300,41.90278125,-0.16615521907806396,-0.16004657745361328,-0.5632173418998718
1789038168426035200,41.92003515625,-0.2461785078048706,0.03237583488225937,-0.5955931544303894
1789038168443289000,41.9372890625,-0.3995055556297302,0.24006985127925873,-0.6255255341529846
1789038168460543000,41.95454296875,-0.6456840634346008,0.3017672002315521,-0.6157516837120056
1789038168477796900,41.971796875,-0.8643736839294434,0.2724456787109375,-0.5870410799980164
1789038168495050800,41.98905078125,-0.9706641435623169,0.2260199636220932,-0.5589412450790405
1789038168512304600,42.0063046875,-1.0317505598068237,0.2254091054201126,-0.5198459029197693
1789038168529558800,42.023558837890626,-1.071456789970398,0.2834412455558777,-0.47525280714035034
1789038168546812700,42.040812744140624,-1.0684025287628174,0.268169641494751,-0.4355465769767761
1789038168564066600,42.05806665039062,-1.0836740732192993,0.04214967042207718,-0.4575377106666565
1789038168581320400,42.07532055664063,-1.0952805280685425,-0.2009745091199875,-0.4459312856197357
1789038168598574300,42.09257421875,-1.1820234060287476,-0.39767298102378845,-0.42271843552589417
1789038168615828500,42.10982836914062,-1.2143992185592651,-0.4776962697505951,-0.3555232882499695
1789038168633082400,42.12708227539063,-1.2266165018081665,-0.6145299673080444,-0.2889390289783478
1789038168650336300,42.144336181640625,-1.22234046459198,-0.8063415288925171,-0.31581708788871765
1789038168667590100,42.16159008789062,-1.25715970993042,-0.7599157691001892,-0.3970620930194855
1789038168684844000,42.17884399414063,-1.2583814859390259,-0.5540543794631958,-0.3836230933666229
1789038168702098000,42.196097900390626,-1.2315033674240112,-0.5662716627120972,-0.3084867000579834
1789038168719351800,42.213351806640624,-1.1869102716445923,-0.6688969135284424,-0.32559093832969666
1789038168736606000,42.23060595703125,-1.128878116607666,-0.685390293598175,-0.3481929302215576
1789038168753859800,42.24785986328125,-1.1685843467712402,-0.739757239818573,-0.33658650517463684
1789038168771113700,42.26511376953125,-1.1429280042648315,-0.7898481488227844,-0.29077163338661194
1789038168788367600,42.28236767578125,-1.0952805280685425,-0.7092140316963196,-0.29993459582328796
1789038168805621500,42.29962158203125,-1.082452416419983,-0.5375609993934631,-0.3946186602115631
1789038168822875400,42.31687548828125,-1.186299443244934,-0.4251618981361389,-0.40744680166244507
1789038168840129500,42.334129638671875,-1.1575887203216553,-0.5076286196708679,-0.23396120965480804
1789038168857383200,42.35138305664063,-1.117882490158081,-0.5925388336181641,-0.16615521907806396
1789038168874637300,42.36863720703125,-1.0360267162322998,-0.4416552484035492,-0.2828303873538971
1789038168891891200,42.38589111328125,-0.8924734592437744,-0.28527384996414185,-0.29138249158859253
1789038168909145000,42.40314501953125,-0.7171552777290344,-0.37751442193984985,-0.18875721096992493
1789038168926399200,42.42039916992187,-0.6493492722511292,-0.34697118401527405,-0.24373504519462585
1789038168943652900,42.43765283203125,-0.637742817401886,-0.3402516841888428,-0.2315177470445633
1789038168960907000,42.454906982421875,-0.5613847374916077,-0.3274235129356384,-0.19120067358016968
1789038168978161000,42.47216088867187,-0.3744601011276245,-0.12644900381565094,-0.20952661335468292
1789038168995414800,42.48941479492188,-0.2309068888425827,-0.04214967042207718,-0.3139844834804535
1789038169012668700,42.506668701171876,-0.12705987691879272,0.06963858753442764,-0.3066541254520416
1789038169029922600,42.52392260742187,-0.06536252796649933,0.09346231073141098,-0.25534147024154663
1789038169047176700,42.5411767578125,-0.043371398001909256,0.04276053607463837,-0.23212862014770508
1789038169064430600,42.5584306640625,0.01588248461484909,0.036651886999607086,-0.17715078592300415
1789038169081684500,42.5756845703125,0.08796452730894089,0.056810423731803894,-0.0665842592716217
1789038169098938400,42.5929384765625,0.07819069176912308,0.1026252806186676,0
1789038169116192300,42.61019213867188,0.14110976457595825,0.4001164436340332,0.05925388261675835
1789038169133446100,42.627446044921875,0.2101374864578247,0.5992583632469177,0.2205221801996231
1789038169150700000,42.64469995117187,0.2834412455558777,0.43493571877479553,0.3848448097705841
1789038169167954200,42.6619541015625,0.41294458508491516,0.24740023910999298,0.43004879355430603
1789038169185208000,42.6792080078125,0.5406153202056885,0.45509424805641174,0.4575377106666565
1789038169202462000,42.6964619140625,0.4685332775115967,0.7531962990760803,0.544891357421875
1789038169219715800,42.7137158203125,0.40378162264823914,0.7648026943206787,0.6359102129936218
1789038169236969700,42.7309697265625,0.5992583632469177,0.6560688018798828,0.5992583632469177
1789038169254224000,42.748223876953126,0.7434224486351013,0.842382550239563,0.5626064538955688
1789038169271477800,42.765477783203124,0.6389645338058472,0.8674280047416687,0.667064368724823
1789038169288731600,42.78273168945312,0.7122683525085449,0.5766563415527344,0.6432406306266785
1789038169305985500,42.79998559570313,0.8759800791740417,0.5613847374916077,0.6389645338058472
1789038169323239400,42.817239501953125,0.9144645929336548,0.6536253094673157,0.6579013466835022
1789038169340493300,42.83449340820312,0.9584468603134155,0.7232639193534851,0.500298261642456
1789038169357747500,42.85174755859375,1.0158681869506836,0.6414080262184143,0.411722868680954
1789038169375001300,42.86900146484375,1.1856884956359863,0.3335321843624115,0.5241219997406006
1789038169392255200,42.886255126953124,1.4825688600540161,0.020158538594841957,0.5033525824546814
1789038169409509000,42.90350903320312,1.5687007904052734,0.2009745091199875,0.43982264399528503
1789038169426763000,42.92076293945313,1.286481261253357,0.5845975875854492,0.3298669755458832
1789038169444017000,42.938016845703125,1.0195332765579224,0.6316341757774353,0.23884813487529755
1789038169461270800,42.95527075195312,1.0286962985992432,0.3952295184135437,0.2889390289783478
1789038169478524700,42.97252465820313,1.2235621213912964,0.33047783374786377,0.2608392536640167
1789038169495778800,42.98977880859375,1.3054180145263672,0.27488914132118225,0.3139844834804535
1789038169513032400,43.00703247070312,1.349400281906128,0.1899789422750473,0.34574946761131287
1789038169530286600,43.02428662109375,1.284037709236145,0.28038692474365234,0.27000224590301514
1789038169547540500,43.04154052734375,1.1924080848693848,0.2559523284435272,0.16615521907806396
1789038169564794400,43.05879443359375,1.1893537044525146,0.20708316564559937,0.053756099194288254
1789038169582048300,43.07604833984375,1.2089014053344727,0.3591884970664978,0.014660755172371864
1789038169599302100,43.09330224609375,1.196073293685913,0.24312418699264526,0.056199558079242706
1789038169616556000,43.11055615234375,1.163697361946106,0.1331685185432434,0.014660755172371864
1789038169633810000,43.12780981445312,1.1319323778152466,0.16859868168830872,-0.06719512492418289
1789038169651063800,43.14506372070313,0.9040798544883728,0.06414080411195755,-0.05497783049941063
1789038169668318000,43.16231787109375,0.7409789562225342,-0.034208428114652634,-0.04886918142437935
1789038169685571800,43.17957177734375,0.6713404059410095,-0.026878049597144127,-0.040317077189683914
1789038169702825700,43.19682568359375,0.6102539300918579,-0.023212861269712448,0.007941242307424545
1789038169720079600,43.21407958984375,0.5204567909240723,-0.12705987691879272,0.14294235408306122
1789038169737333500,43.23133349609375,0.47036588191986084,-0.2877173125743866,0.2718348205089569
1789038169754587400,43.24858740234375,0.3811796307563782,-0.38240134716033936,0.2712239623069763
1789038169771841300,43.26584130859375,0.18081597983837128,-0.40805765986442566,0.21991132199764252
1789038169789095200,43.28309521484375,0.04764745384454727,-0.3646862804889679,0.19792018830776215
1789038169806349300,43.300349365234375,0.040317077189683914,-0.34697118401527405,0.14599667489528656
1789038169823603000,43.31760302734375,0.037262752652168274,-0.3396408259868622,0.0720820426940918
1789038169840857000,43.33485717773438,-0.001221729558892548,-0.3182605504989624,0.04825831577181816
1789038169858111000,43.352111083984376,-0.06902772188186646,-0.28038692474365234,0.04764745384454727
1789038169875364900,43.36936474609375,-0.11484257876873016,-0.16615521907806396,0.03543015569448471
1789038169892618800,43.38661865234375,-0.14477495849132538,-0.002443459117785096,0.014660755172371864
1789038169909872600,43.40387255859375,-0.14049890637397766,-0.025045456364750862,0.013439024798572063
1789038169927126500,43.42112646484375,-0.12400554865598679,-0.09468404203653336,-0.010995565913617611
1789038169944380400,43.43838037109375,-0.12950333952903748,-0.11545344442129135,-0.009773836471140385
1789038169961634300,43.45563427734375,-0.1533270627260208,-0.13072505593299866,-0.009773836471140385
1789038169978888200,43.47288818359375,-0.20647229254245758,-0.2052505612373352,-0.015271619893610477
1789038169996142300,43.49014233398437,-0.2315177470445633,-0.2614501118659973,-0.10323614627122879
1789038170013396000,43.50739599609375,-0.23945899307727814,-0.16615521907806396,-0.2510654330253601
1789038170030650000,43.524650146484376,-0.24312418699264526,-0.06108647957444191,-0.3543015718460083
1789038170047904000,43.541904052734374,-0.2828303873538971,-0.010995565913617611,-0.36835145950317383
1789038170065158000,43.55915795898437,-0.3836230933666229,0.09162971377372742,-0.40317076444625854
1789038170082411800,43.57641186523438,-0.5149590373039246,0.1948658674955368,-0.46547895669937134
1789038170099665700,43.593665771484375,-0.6493492722511292,0.185092031955719,-0.4825831651687622
1789038170116919600,43.61091943359375,-0.7538071274757385,0.19730933010578156,-0.5253437161445618
1789038170134173400,43.62817333984375,-0.8185588121414185,0.23029601573944092,-0.5528326034545898
1789038170151427300,43.64542724609375,-0.8387173414230347,0.30970844626426697,-0.5876519083976746
1789038170168681200,43.66268115234375,-0.8399390578269958,0.2877173125743866,-0.5968148708343506
1789038170185935400,43.67993530273438,-0.8747583627700806,0.13194678723812103,-0.5009090900421143
1789038170203189000,43.69718896484375,-0.924849271774292,-0.05742128938436508,-0.4062250852584839
1789038170220443100,43.714443115234374,-0.9932661056518555,-0.16859868168830872,-0.3738492429256439
1789038170237697000,43.73169702148437,-1.0274745225906372,-0.08979712426662445,-0.4105011224746704
1789038170254951000,43.74895092773438,-1.0989457368850708,-0.10201441496610641,-0.4379900395870209
1789038170272204800,43.766204833984375,-1.1520910263061523,-0.21135921776294708,-0.46547895669937134
1789038170289458700,43.78345874023437,-1.1478148698806763,-0.2864955961704254,-0.47525280714035034
1789038170306712600,43.80071264648438,-1.2009601593017578,-0.40317076444625854,-0.370184063911438
1789038170323966500,43.817966552734376,-1.2260055541992188,-0.462424635887146,-0.2522871494293213
1789038170341220400,43.835220458984374,-1.304807186126709,-0.5497782826423645,-0.27000224590301514
1789038170358474200,43.85247412109375,-1.3750566244125366,-0.6041452884674072,-0.34086254239082336
1789038170375728400,43.86972827148438,-1.361006736755371,-0.5827649831771851,-0.31031930446624756
1789038170392982000,43.88698193359375,-1.284037709236145,-0.6688969135284424,-0.17531819641590118
1789038170410236200,43.90423608398437,-1.26021409034729,-0.7745765447616577,-0.1130099818110466
1789038170427490000,43.92148999023438,-1.2858703136444092,-0.7898481488227844,-0.1337793916463852
1789038170444743700,43.93874365234375,-1.296255111694336,-0.6224712133407593,-0.22663083672523499
1789038170461997800,43.95599780273437,-1.2541054487228394,-0.6004800796508789,-0.1692095398902893
1789038170479251700,43.97325170898438,-1.2870920896530151,-0.565049946308136,-0.1178968995809555
1789038170496505600,43.990505615234376,-1.2443315982818604,-0.4221075773239136,-0.04520399495959282
1789038170513759500,44.007759521484374,-1.1313215494155884,-0.3634645342826843,0
1789038170531013400,44.02501342773437,-0.962722897529602,-0.30543237924575806,-0.015271619893610477
1789038170548267300,44.04226733398438,-0.8197805285453796,-0.17165300250053406,-0.10201441496610641
1789038170565521200,44.059521240234375,-0.7195987105369568,-0.11911863088607788,-0.10934479534626007
1789038170582775000,44.07677514648437,-0.6963858604431152,-0.1130099818110466,-0.12095122784376144
1789038170600029200,44.094029296875,-0.6389645338058472,-0.10384701192378998,-0.15210533142089844
1789038170617283000,44.111282958984376,-0.5094612240791321,-0.03848448023200035,-0.10018182545900345
1789038170634537000,44.12853686523437,-0.3139844834804535,-0.018325943499803543,-0.08674279600381851
1789038170651790800,44.14579077148438,-0.20891575515270233,0.01893680728971958,-0.14477495849132538
1789038170669044700,44.163044677734376,-0.13683371245861053,0.13439024984836578,-0.21502439677715302
1789038170686298600,44.180298583984374,-0.006108647678047419,0.20769402384757996,-0.2559523284435272
1789038170703552500,44.19755249023437,0.14172062277793884,0.20891575515270233,-0.23945899307727814
1789038170720806400,44.21480639648438,0.16798780858516693,0.28588470816612244,-0.14233149588108063
1789038170738060300,44.232060302734375,0.21991132199764252,0.3549124300479889,0.04459312930703163
1789038170755314400,44.249314453125,0.29443681240081787,0.4679224193096161,0.16859868168830872
1789038170772568000,44.26656811523438,0.36774060130119324,0.5229002237319946,0.21930044889450073
1789038170789822200,44.283822265625,0.47097674012184143,0.5607738494873047,0.287106454372406
1789038170807076000,44.301076171875,0.5412262082099915,0.6163625717163086,0.31581708788871765
1789038170824330000,44.318330078125,0.6047561168670654,0.6719512343406677,0.42088583111763
1789038170841583900,44.335583984375,0.7360920310020447,0.6053670048713684,0.4324922561645508
1789038170858837800,44.352837646484375,0.8240565657615662,0.6542361974716187,0.43432486057281494
1789038170876091600,44.37009155273437,0.8790343999862671,0.7092140316963196,0.4728093445301056
1789038170893345500,44.38734545898438,0.952949047088623,0.646905779838562,0.43310311436653137
1789038170910599400,44.404599365234375,0.9676098227500916,0.6243038177490234,0.3995055556297302
1789038170927853300,44.42185327148437,0.9786053895950317,0.6316341757774353,0.3897317349910736
1789038170945107500,44.439107421875,0.9822705388069153,0.5125155448913574,0.48563748598098755
1789038170962361000,44.456361083984376,1.0476330518722534,0.34086254239082336,0.49663305282592773
1789038170979615000,44.473614990234374,1.1081087589263916,0.32070401310920715,0.49480047821998596
1789038170996869000,44.490869140625,1.1911863088607788,0.36285367608070374,0.5070177912712097
1789038171014122800,44.50812280273438,1.320078730583191,0.4673115611076355,0.481361448764801
1789038171031377000,44.525376953125,1.4624103307724,0.5302306413650513,0.46914416551589966
1789038171048630800,44.542630859375,1.5821397304534912,0.5125155448913574,0.347582072019577
1789038171065884700,44.559884765625,1.553429126739502,0.5564978122711182,0.34208428859710693
1789038171083138600,44.577138671875,1.5143338441848755,0.3811796307563782,0.4257727563381195
1789038171100392400,44.59439233398437,1.666439175605774,0.3335321843624115,0.36224281787872314
1789038171117646300,44.61164624023438,1.7989968061447144,0.40927940607070923,0.3017672002315521
1789038171134900200,44.628900146484376,1.7421863079071045,0.41233372688293457,0.268169641494751
1789038171152154000,44.646154052734374,1.6157373189926147,0.36774060130119324,0.258395791053772
1789038171169408000,44.66340795898437,1.453247308731079,0.12644900381565094,0.2211330533027649
1789038171186662000,44.68066186523438,1.3946043252944946,0.07147117704153061,0.185092031955719
1789038171203915800,44.697915771484375,1.2412772178649902,0.08429934084415436,0.20952661335468292
1789038171221169700,44.71516967773437,1.1496474742889404,0.2675587832927704,0.23396120965480804
1789038171238423600,44.73242358398438,1.0873392820358276,0.27977606654167175,0.18631376326084137
1789038171255677400,44.749677490234376,1.008537769317627,0.12644900381565094,0.11545344442129135
1789038171272931300,44.766931396484374,1.0341941118240356,0.05436696484684944,0.09957095980644226
1789038171290185500,44.784185546875,0.9669989347457886,-0.04886918142437935,0.22296564280986786
1789038171307439000,44.80143920898438,1.0445787906646729,-0.05864302068948746,0.3298669755458832
1789038171324693200,44.818693359375,0.9651663303375244,-0.07147117704153061,0.3836230933666229
1789038171341947100,44.83594702148437,0.7910698652267456,-0.11911863088607788,0.3500255048274994
1789038171359200800,44.85320068359375,0.6023126840591431,-0.08918625861406326,0.2559523284435272
1789038171376455000,44.870454833984375,0.3995055556297302,-0.11606431007385254,0.2461785078048706
1789038171393708800,44.88770874023437,0.3341430425643921,-0.09529490768909454,0.2467893660068512
1789038171410962700,44.90496264648438,0.2528980076313019,-0.13622283935546875,0.17226386070251465
1789038171428216600,44.922216552734376,0.13500112295150757,-0.16615521907806396,0.06536252796649933
1789038171445470500,44.939470458984374,0.06230820715427399,-0.10629047453403473,-0.053756099194288254
1789038171462724400,44.95672436523437,-0.04153880476951599,-0.07452550530433655,-0.13439024984836578
1789038171479978200,44.97397827148438,-0.11362084746360779,-0.050090912729501724,-0.20708316564559937
1789038171497232100,44.991232177734375,-0.1588248461484909,-0.021380268037319183,-0.28466299176216125
1789038171514486000,45.00848608398437,-0.2101374864578247,-0.03909534588456154,-0.2730565667152405
1789038171531740000,45.02573999023438,-0.2412915825843811,-0.025045456364750862,-0.2211330533027649
1789038171548993800,45.042993896484376,-0.2663370370864868,0.01649334840476513,-0.2315177470445633
1789038171566247700,45.06024755859375,-0.31093016266822815,0.05253437161445618,-0.24373504519462585
1789038171583501600,45.07750146484375,-0.33536475896835327,0.09834922850131989,-0.20158538222312927
1789038171600755500,45.09475537109375,-0.35063639283180237,0.14233149588108063,-0.19242240488529205
1789038171618009300,45.11200927734375,-0.3659079968929291,0.12950333952903748,-0.24434591829776764
1789038171635263200,45.12926318359375,-0.37262752652168274,0.037262752652168274,-0.2981020212173462
1789038171652517000,45.14651708984375,-0.35246896743774414,-0.01282816007733345,-0.36651885509490967
1789038171669771000,45.16377099609375,-0.33597561717033386,-0.017715077847242355,-0.42943793535232544
1789038171687025000,45.18102490234375,-0.32681265473365784,-0.02932151034474373,-0.46425724029541016
1789038171704278800,45.19827880859375,-0.35063639283180237,0.010995565913617611,-0.4972439408302307
1789038171721532700,45.21553271484375,-0.44348782300949097,-0.007330377586185932,-0.4831940531730652
1789038171738786800,45.232786865234374,-0.6169734001159668,0.031154103577136993,-0.48441576957702637
1789038171756040400,45.25004052734375,-0.8747583627700806,0.07513637095689774,-0.5577195286750793
1789038171773294300,45.26729443359375,-1.0213658809661865,0.0922405794262886,-0.6273581385612488
1789038171790548500,45.284548583984375,-1.1533126831054688,0.000610864779446274,-0.6627882719039917
1789038171807802000,45.30180200195313,-1.3011419773101807,-0.15027274191379547,-0.6310232877731323
1789038171825056000,45.319055908203126,-1.480736255645752,-0.2993237376213074,-0.6090322136878967
1789038171842310100,45.33631005859375,-1.5723659992218018,-0.24801109731197357,-0.6029235124588013
1789038171859563800,45.35356372070312,-1.5479313135147095,-0.24923282861709595,-0.583375871181488
1789038171876818000,45.37081787109375,-1.6059634685516357,-0.471587598323822,-0.5320632457733154
1789038171894071800,45.38807177734375,-1.5778636932373047,-0.6627882719039917,-0.5143481492996216
1789038171911325400,45.40532543945312,-1.598022222518921,-0.7800742983818054,-0.5039634704589844
1789038171928579600,45.42257958984375,-1.6377284526824951,-0.7959567904472351,-0.47036588191986084
1789038171945833500,45.43983349609375,-1.5876375436782837,-0.7568614482879639,-0.38850998878479004
1789038171963087400,45.45708740234375,-1.5106686353683472,-0.7819069027900696,-0.29504770040512085
1789038171980341200,45.47434130859375,-1.4300343990325928,-0.7635809779167175,-0.18814635276794434
1789038171997595100,45.49159521484375,-1.3249657154083252,-0.7525854110717773,-0.14599667489528656
1789038172014849000,45.50884912109375,-1.3249657154083252,-0.7116574645042419,-0.2254091054201126
1789038172032103000,45.52610302734375,-1.3567306995391846,-0.6212494969367981,-0.2712239623069763
1789038172049356800,45.54335668945313,-1.2418880462646484,-0.5607738494873047,-0.21991132199764252
1789038172066610700,45.560610595703125,-1.176525592803955,-0.5888736248016357,-0.1282816082239151
1789038172083864600,45.57786450195312,-1.321911334991455,-0.6328558921813965,-0.15027274191379547
1789038172101118500,45.59511840820313,-1.3720022439956665,-0.6078104376792908,-0.10323614627122879
1789038172118372400,45.612372314453125,-1.2907572984695435,-0.5125155448913574,-0.07513637095689774
1789038172135626200,45.62962622070312,-1.204014539718628,-0.43493571877479553,-0.0409279391169548
1789038172152880000,45.64688012695313,-1.0396918058395386,-0.43860089778900146,0.009162971749901772
1789038172170134000,45.664134033203126,-0.860708475112915,-0.4263836145401001,-0.04764745384454727
1789038172187388000,45.681387939453124,-0.7336485981941223,-0.39767298102378845,-0.10201441496610641
1789038172204641800,45.69864184570312,-0.6096430420875549,-0.2107483446598053,-0.09590577334165573
1789038172221895700,45.71589575195313,-0.42332929372787476,-0.025045456364750862,-0.07452550530433655
1789038172239149600,45.733149658203125,-0.2993237376213074,0.09468404203653336,-0.07086031138896942
1789038172256403500,45.75040356445312,-0.23273947834968567,0.21807873249053955,-0.06352993845939636
1789038172273657300,45.7676572265625,-0.16798780858516693,0.4159989058971405,-0.01954767294228077
1789038172290911200,45.7849111328125,-0.03848448023200035,0.4269944727420807,0.031154103577136993
1789038172308165400,45.802165283203124,0.039706211537122726,0.44837474822998047,0.04825831577181816
1789038172325419000,45.8194189453125,0.12400554865598679,0.4935787320137024,0.0256563201546669
1789038172342673000,45.8366728515625,0.1954767256975174,0.4355465769767761,0.01649334840476513
1789038172359927000,45.853927001953124,0.27000224590301514,0.3848448097705841,0.07941242307424545
1789038172377180700,45.8711806640625,0.32620179653167725,0.21319180727005005,0.15515965223312378
1789038172394434600,45.8884345703125,0.3695732057094574,0.11056652665138245,0.143553227186203
1789038172411688700,45.905688720703125,0.42943793535232544,0.19792018830776215,0.21319180727005005
1789038172428942600,45.92294262695312,0.6084213256835938,0.23029601573944092,0.2883281707763672
1789038172446196500,45.94019653320313,0.7226530313491821,0.27488914132118225,0.2809978127479553
1789038172463450400,45.957450439453126,0.7440332770347595,0.3946186602115631,0.23518294095993042
1789038172480704000,45.9747041015625,0.7861829996109009,0.4776962697505951,0.2809978127479553
1789038172497958100,45.99195825195312,0.8845322132110596,0.4862483739852905,0.33108872175216675
1789038172515212000,46.0092119140625,0.9859357476234436,0.5235111117362976,0.3591884970664978
1789038172532466000,46.0264658203125,1.0305289030075073,0.5852084755897522,0.36835145950317383
1789038172549719800,46.0437197265625,1.0305289030075073,0.5974257588386536,0.34636032581329346
1789038172566973700,46.0609736328125,0.9902117848396301,0.618806004524231,0.3439168632030487
1789038172584227600,46.0782275390625,1.0439679622650146,0.5229002237319946,0.4043924808502197
1789038172601481500,46.0954814453125,1.2186752557754517,0.41294458508491516,0.4667007029056549
1789038172618735400,46.1127353515625,1.3469568490982056,0.31093016266822815,0.5320632457733154
1789038172635989200,46.1299892578125,1.4972295761108398,0.3225366175174713,0.5283980369567871
1789038172653243100,46.1472431640625,1.6267329454421997,0.3842339515686035,0.5235111117362976
1789038172670497000,46.1644970703125,1.5888593196868896,0.5076286196708679,0.4838049113750458
1789038172687751000,46.1817509765625,1.4752384424209595,0.41844236850738525,0.40378162264823914
1789038172705004800,46.1990048828125,1.361006736755371,0.3017672002315521,0.2987128794193268
1789038172722258700,46.2162587890625,1.314581036567688,0.4068359434604645,0.26511532068252563
1789038172739512600,46.2335126953125,1.3206896781921387,0.4740310609340668,0.3121519088745117
1789038172756766500,46.250766357421874,1.3420698642730713,0.29504770040512085,0.2864955961704254
1789038172774020400,46.26802026367187,1.360395908355713,0.2516762912273407,0.1637117564678192
1789038172791274200,46.28527416992188,1.3469568490982056,0.3084867000579834,0.06047561392188072
1789038172808528100,46.302528076171875,1.2718204259872437,0.3298669755458832,-0.02626718580722809
1789038172825782000,46.31978198242187,1.0519092082977295,0.347582072019577,-0.040317077189683914
1789038172843035600,46.33703564453125,0.9596685767173767,0.20830489695072174,-0.03176496922969818
1789038172860289800,46.354289794921876,0.8998038172721863,-0.05497783049941063,0.04764745384454727
1789038172877543700,46.37154370117187,0.9786053895950317,0.023823726922273636,0.08491020649671555
1789038172894797300,46.38879736328125,0.870482325553894,-0.024434590712189674,0.15821397304534912
1789038172912051500,46.406051513671876,0.6627882719039917,-0.030543239787220955,0.2406807243824005
1789038172929305300,46.423305419921874,0.5302306413650513,-0.04825831577181816,0.3029889166355133
1789038172946559200,46.44055932617187,0.4312705397605896,-0.056199558079242706,0.36651885509490967
1789038172963813000,46.45781323242188,0.3909534513950348,-0.08124501258134842,0.4013381600379944
1789038172981067000,46.47506689453125,0.3659079968929291,-0.16554436087608337,0.4111120104789734
1789038172998321000,46.49232080078125,0.3194822669029236,-0.14721840620040894,0.38240134716033936
1789038173015574500,46.509574462890626,0.23762640357017517,-0.1233946830034256,0.31031930446624756
1789038173032828700,46.52682861328125,0.12950333952903748,-0.09346231073141098,0.22296564280986786
1789038173050082600,46.54408251953125,-0.021380268037319183,-0.15088360011577606,0.16249002516269684
1789038173067336200,46.56133618164063,-0.10445787757635117,-0.15271618962287903,0.10567960888147354
1789038173084590000,46.578590087890625,-0.13194678723812103,-0.08857539296150208,0.053756099194288254
1789038173101844200,46.59584423828125,-0.12644900381565094,-0.009773836471140385,0.028099779039621353
1789038173119097900,46.61309790039063,-0.1337793916463852,-0.04886918142437935,0.020158538594841957
1789038173136351700,46.630351806640626,-0.11545344442129135,-0.08307760953903198,0.014660755172371864
1789038173153606000,46.64760595703125,-0.10445787757635117,-0.0665842592716217,0.03787361457943916
1789038173170859500,46.66485961914063,-0.13927717506885529,-0.03481929376721382,0.07513637095689774
1789038173188113400,46.682113525390626,-0.19914191961288452,0.01893680728971958,0.08552107214927673
1789038173205367300,46.6993671875,-0.27366742491722107,0.1441640853881836,0.03848448023200035
1789038173222621200,46.71662109375,-0.32131487131118774,0.24006985127925873,-0.011606430634856224
1789038173239875000,46.733875,-0.37201663851737976,0.2419024556875229,-0.08796452730894089
1789038173257129000,46.75112890625,-0.4410443603992462,0.12644900381565094,-0.19364413619041443
1789038173274382800,46.7683828125,-0.4917461574077606,0.04276053607463837,-0.3066541254520416
1789038173291636700,46.78563671875,-0.4819723069667816,0.1081230640411377,-0.3426951467990875
1789038173308890600,46.802890625,-0.4465421438217163,0.20708316564559937,-0.34574946761131287
1789038173326144500,46.82014453125,-0.45509424805641174,0.24740023910999298,-0.3543015718460083
1789038173343398400,46.8373984375,-0.5051851868629456,0.2254091054201126,-0.4098902642726898
1789038173360652300,46.85465234375,-0.5925388336181641,0.18325942754745483,-0.49052441120147705
1789038173377906200,46.87190625,-0.6994401812553406,0.143553227186203,-0.5632173418998718
1789038173395160000,46.88916015625,-0.80389803647995,0.18325942754745483,-0.6255255341529846
1789038173412414000,46.9064140625,-0.9034690260887146,0.1539379209280014,-0.6542361974716187
1789038173429667800,46.92366772460937,-1.0109812021255493,0.007330377586185932,-0.6701186895370483
1789038173446921700,46.94092163085938,-1.1197150945663452,-0.15821397304534912,-0.6896663308143616
1789038173464175600,46.958175537109376,-1.2101231813430786,-0.1637117564678192,-0.7202095985412598
1789038173481429500,46.975429443359374,-1.3286309242248535,-0.08857539296150208,-0.7476984858512878
1789038173498683400,46.99268334960937,-1.3921607732772827,-0.046425722539424896,-0.748920202255249
1789038173515937000,47.00993701171875,-1.4966187477111816,-0.2981020212173462,-0.6273581385612488
1789038173533191200,47.027191162109375,-1.51616632938385,-0.4673115611076355,-0.5021308660507202
1789038173550445000,47.04444506835937,-1.3964369297027588,-0.49541133642196655,-0.42394015192985535
1789038173567698700,47.06169873046875,-1.3213005065917969,-0.5882627964019775,-0.33658650517463684
1789038173584952600,47.07895263671875,-1.4196497201919556,-0.7617483735084534,-0.3127627670764923
1789038173602206700,47.096206787109374,-1.433088779449463,-0.6585122346878052,-0.35185810923576355
1789038173619460400,47.11346044921875,-1.388495683670044,-0.5503891706466675,-0.34086254239082336
1789038173636714200,47.13071435546875,-1.3597849607467651,-0.5424479246139526,-0.2632827162742615
1789038173653968400,47.147968505859374,-1.2143992185592651,-0.8167262077331543,-0.1282816082239151
1789038173671222000,47.16522192382813,-1.0977239608764648,-0.8570432662963867,-0.09346231073141098
1789038173688476000,47.182475830078126,-1.2192860841751099,-0.7733548283576965,-0.20158538222312927
1789038173705729800,47.19972973632812,-1.2993093729019165,-0.5571087002754211,-0.3017672002315521
1789038173722983700,47.21698364257813,-1.1325433254241943,-0.21441353857517242,-0.3225366175174713
1789038173740237600,47.234237548828126,-0.9492838382720947,-0.06963858753442764,-0.3017672002315521
1789038173757491500,47.251491455078124,-0.8454368710517883,-0.13683371245861053,-0.20830489695072174
1789038173774745300,47.26874536132812,-0.8093958497047424,-0.2528980076313019,-0.11606431007385254
1789038173791999200,47.28599926757813,-0.7947350740432739,-0.32559093832969666,-0.08552107214927673
1789038173809253000,47.303253173828125,-0.6792816519737244,-0.24006985127925873,-0.1386663019657135
1789038173826507000,47.32050708007812,-0.43371400237083435,-0.1539379209280014,-0.19792018830776215
1789038173843761000,47.33776098632813,-0.2816086709499359,-0.03909534588456154,-0.20341797173023224
1789038173861014800,47.355014892578126,-0.2565632164478302,0.07147117704153061,-0.1747073233127594
1789038173878268700,47.3722685546875,-0.09712749719619751,0.01893680728971958,-0.13500112295150757
1789038173895522600,47.3895224609375,0.01588248461484909,-0.034208428114652634,-0.20830489695072174
1789038173912776400,47.4067763671875,0.1026252806186676,0.04459312930703163,-0.235793799161911
1789038173930030300,47.4240302734375,0.12217295914888382,0.10201441496610641,-0.19242240488529205
1789038173947284200,47.4412841796875,0.2211330533027649,0.0977383628487587,-0.1490510106086731
1789038173964538000,47.4585380859375,0.3029889166355133,0.12278381735086441,-0.0824667438864708
1789038173981792000,47.4757919921875,0.3695732057094574,0.09590577334165573,-0.02871064469218254
1789038173999046000,47.4930458984375,0.4001164436340332,0.13255766034126282,0.02932151034474373
1789038174016299800,47.5102998046875,0.4514290690422058,0.18631376326084137,0.13622283935546875
1789038174033553700,47.5275537109375,0.5497782826423645,0.26450446248054504,0.23823726177215576
1789038174050807600,47.5448076171875,0.6695078015327454,0.38179048895835876,0.32070401310920715
1789038174068061400,47.5620615234375,0.7336485981941223,0.43371400237083435,0.3597993552684784
1789038174085315300,47.5793154296875,0.7880155444145203,0.4257727563381195,0.3652971386909485
1789038174102569200,47.5965693359375,0.8564324378967285,0.4318813979625702,0.3811796307563782
1789038174119822800,47.61382275390625,0.9755510687828064,0.47952884435653687,0.3451386094093323
1789038174137077000,47.631076904296876,1.0519092082977295,0.5491674542427063,0.31031930446624756
1789038174154331000,47.648330810546874,1.0763437747955322,0.5980366468429565,0.23518294095993042
1789038174171584500,47.66558447265625,1.0958913564682007,0.6218603253364563,0.19608759880065918
1789038174188838400,47.68283837890625,1.1545344591140747,0.5106829404830933,0.23273947834968567
1789038174206092500,47.700092529296874,1.2919789552688599,0.3536907136440277,0.2809978127479553
1789038174223346200,47.71734619140625,1.357952356338501,0.35613417625427246,0.25411975383758545
1789038174240600000,47.73460009765625,1.2779290676116943,0.3799578845500946,0.27916520833969116
1789038174257854000,47.75185400390625,1.2443315982818604,0.37751442193984985,0.27977606654167175
1789038174275107800,47.76910791015625,1.2748748064041138,0.23884813487529755,0.3072649836540222
1789038174292361700,47.78636181640625,1.32985258102417,0.16737695038318634,0.3341430425643921
1789038174309615600,47.80361572265625,1.2705987691879272,0.0720820426940918,0.3750709891319275
1789038174326869500,47.82086938476562,1.1606431007385254,-0.008552107028663158,0.4196641147136688
1789038174344123400,47.83812329101563,1.0934479236602783,0.05803215503692627,0.45387253165245056
1789038174361377300,47.855377197265625,1.1282672882080078,0.16676609218120575,0.3811796307563782
1789038174378631200,47.87263110351562,1.1997383832931519,0.1588248461484909,0.27855435013771057
1789038174395885000,47.88988500976563,1.2168426513671875,0.1441640853881836,0.22968515753746033
1789038174413139000,47.907138916015626,1.2620465755462646,0.14110976457595825,0.258395791053772
1789038174430392800,47.924392822265624,1.3225222826004028,0.2101374864578247,0.21197007596492767
1789038174447646700,47.94164672851562,1.3041963577270508,0.2522871494293213,0.1337793916463852
1789038174464900400,47.958900390625,1.1630865335464478,0.20891575515270233,0.09285144507884979
1789038174482154200,47.976154296875,0.9364557266235352,0.2510654330253601,0.05497783049941063
1789038174499408100,47.993408203125,0.749531090259552,0.09468404203653336,0.04520399495959282
1789038174516662000,48.010662109375,0.6328558921813965,-0.20158538222312927,0.15149445831775665
1789038174533916000,48.027916015625,0.7244856357574463,-0.2675587832927704,0.1539379209280014
1789038174551169800,48.04516967773438,0.6517927050590515,-0.2883281707763672,0.1288924664258957
1789038174568423700,48.062423583984376,0.48563748598098755,-0.2675587832927704,0.15760311484336853
1789038174585677600,48.079677490234374,0.42271843552589417,-0.25350889563560486,0.24923282861709595
1789038174602931500,48.09693139648437,0.41355544328689575,-0.23273947834968567,0.30543237924575806
1789038174620185300,48.11418530273438,0.3695732057094574,-0.1178968995809555,0.27550002932548523
1789038174637439200,48.131439208984375,0.24862197041511536,-0.17348559200763702,0.2718348205089569
1789038174654693000,48.14869311523437,0.1496618688106537,-0.24923282861709595,0.2315177470445633
1789038174671947000,48.16594702148438,0.020158538594841957,-0.1899789422750473,0.1496618688106537
1789038174689201000,48.183200927734376,-0.13255766034126282,-0.20341797173023224,0.11362084746360779
1789038174706454500,48.20045458984375,-0.1490510106086731,-0.20158538222312927,0.07024945318698883
1789038174723708400,48.21770849609375,-0.1331685185432434,-0.17837251722812653,-0.01282816007733345
1789038174740962300,48.23496240234375,-0.11239911615848541,-0.21746785938739777,-0.04153880476951599
1789038174758216200,48.25221630859375,-0.11423171311616898,-0.2663370370864868,-0.036651886999607086
1789038174775470000,48.26946997070313,-0.143553227186203,-0.16554436087608337,-0.050090912729501724
1789038174792724000,48.286723876953126,-0.1948658674955368,0.01893680728971958,-0.08979712426662445
1789038174809977900,48.30397778320312,-0.25350889563560486,0.1081230640411377,-0.16676609218120575
1789038174827231700,48.32123168945313,-0.29077163338661194,0.06597339361906052,-0.21991132199764252
1789038174844485600,48.338485595703126,-0.28588470816612244,0.02260199747979641,-0.2559523284435272
1789038174861739500,48.355739501953124,-0.2522871494293213,0.05192350596189499,-0.3023780584335327
1789038174878993400,48.37299340820312,-0.27488914132118225,0.12644900381565094,-0.3488037884235382
1789038174896247000,48.3902470703125,-0.37751442193984985,0.14110976457595825,-0.41294458508491516
1789038174913501000,48.4075009765625,-0.5595521330833435,0.11484257876873016,-0.47952884435653687
1789038174930754800,48.4247548828125,-0.7458658814430237,0.11667517572641373,-0.5192350745201111
1789038174948008700,48.4420087890625,-0.880256175994873,0.1795942485332489,-0.5216785073280334
1789038174965262600,48.4592626953125,-0.9871574640274048,0.2162461280822754,-0.5051851868629456
1789038174982516500,48.4765166015625,-1.0946696996688843,0.08796452730894089,-0.4783071279525757
1789038174999770400,48.49377026367188,-1.1001675128936768,-0.04886918142437935,-0.45387253165245056
1789038175017024300,48.511024169921875,-1.1062761545181274,-0.13500112295150757,-0.5009090900421143
1789038175034278100,48.52827807617187,-1.1197150945663452,-0.15210533142089844,-0.5839866995811462
1789038175051532000,48.54553198242188,-1.1246020793914795,-0.11728604137897491,-0.6230821013450623
1789038175068785700,48.56278564453125,-1.2247838973999023,-0.19181154668331146,-0.5882627964019775
1789038175086039600,48.58003955078125,-1.314581036567688,-0.28954991698265076,-0.5076286196708679
1789038175103293700,48.59729370117188,-1.286481261253357,-0.3652971386909485,-0.44837474822998047
1789038175120547300,48.61454736328125,-1.2370011806488037,-0.3543015718460083,-0.46425724029541016
1789038175137801200,48.63180126953125,-1.2498292922973633,-0.3084867000579834,-0.46059203147888184
1789038175155055000,48.64905517578125,-1.3017528057098389,-0.3695732057094574,-0.37323838472366333
1789038175172309000,48.66630908203125,-1.2638791799545288,-0.4563159942626953,-0.2718348205089569
1789038175189563000,48.68356298828125,-1.1777472496032715,-0.5516108870506287,-0.23823726177215576
1789038175206816800,48.70081665039063,-1.2052361965179443,-0.6774490475654602,-0.21685700118541718
1789038175224070700,48.718070556640626,-1.3078614473342896,-0.7238747477531433,-0.1899789422750473
1789038175241324500,48.735324462890624,-1.351232886314392,-0.8338304162025452,-0.1380554437637329
1789038175258578400,48.75257836914062,-1.275485634803772,-0.6334667801856995,-0.23945899307727814
1789038175275832000,48.76983203125,-1.1215476989746094,-0.4868592321872711,-0.20769402384757996
1789038175293086200,48.787086181640625,-1.125823736190796,-0.5137372612953186,-0.1288924664258957
1789038175310339800,48.80433984375,-1.12765634059906,-0.5222893953323364,-0.11911863088607788
1789038175327593700,48.82159375,-1.05496346950531,-0.37323838472366333,-0.13744457066059113
1789038175344847600,48.83884765625,-0.9676098227500916,-0.31031930446624756,-0.10079269111156464
1789038175362101500,48.8561015625,-0.9639446139335632,-0.16676609218120575,-0.18692462146282196
1789038175379355400,48.87335546875,-0.8674280047416687,-0.04825831577181816,-0.18814635276794434
1789038175396609300,48.890609375,-0.7171552777290344,-0.017715077847242355,-0.04886918142437935
1789038175413863200,48.90786328125,-0.5913171172142029,-0.08491020649671555,0.03787361457943916
1789038175431117000,48.92511694335938,-0.5045742988586426,-0.01282816007733345,0.046425722539424896
1789038175448371000,48.942370849609375,-0.4355465769767761,0.04214967042207718,0.0360410213470459
1789038175465624800,48.95962475585937,-0.3952295184135437,0.14538581669330597,0.04520399495959282
1789038175482878500,48.97687841796875,-0.3139844834804535,0.2706131041049957,0.037262752652168274
1789038175500132400,48.99413232421875,-0.08429934084415436,0.32559093832969666,0.004276053514331579
1789038175517386200,49.01138623046875,0.12950333952903748,0.3494146466255188,-0.009773836471140385
1789038175534640000,49.02864013671875,0.18814635276794434,0.3738492429256439,-0.017104214057326317
1789038175551894000,49.04589404296875,0.1740964651107788,0.4465421438217163,0.020769402384757996
1789038175569148000,49.06314794921875,0.2309068888425827,0.3445277214050293,0.0409279391169548
1789038175586401800,49.08040185546875,0.3231474757194519,0.2522871494293213,-0.012217295356094837
1789038175603655700,49.09765576171875,0.4043924808502197,0.35124725103378296,0.014049889519810677
1789038175620909600,49.11490966796875,0.5222893953323364,0.3243691921234131,0.1331685185432434
1789038175638163500,49.13216357421875,0.62857985496521,0.24495677649974823,0.1649334877729416
1789038175655417300,49.14941723632813,0.7195987105369568,0.3042106628417969,0.1545487940311432
1789038175672671000,49.1666708984375,0.842382550239563,0.48563748598098755,0.1545487940311432
1789038175689924900,49.1839248046875,0.9132428169250488,0.46486809849739075,0.19608759880065918
1789038175707179000,49.20117895507813,1.026863694190979,0.2632827162742615,0.2364046722650528
1789038175724432600,49.2184326171875,1.1698060035705566,0.24434591829776764,0.23273947834968567
1789038175741686500,49.2356865234375,1.1624757051467896,0.4612029194831848,0.1649334877729416
1789038175758940400,49.2529404296875,1.0415244102478027,0.7153226733207703,0.15210533142089844
1789038175776194300,49.2701943359375,1.046411395072937,0.5766563415527344,0.22357651591300964
1789038175793448200,49.2874482421875,1.1722495555877686,0.4221075773239136,0.22907429933547974
1789038175810702000,49.3047021484375,1.2534945011138916,0.481361448764801,0.268169641494751
1789038175827956000,49.3219560546875,1.3768892288208008,0.5668824911117554,0.3249800503253937
1789038175845209900,49.3392099609375,1.463021159172058,0.4367683231830597,0.35613417625427246
1789038175862463500,49.35646337890625,1.4605777263641357,0.35185810923576355,0.3231474757194519
1789038175879717400,49.37371728515625,1.3158026933670044,0.3341430425643921,0.2968802750110626
1789038175896971300,49.39097119140625,1.2357794046401978,0.20647229254245758,0.3597993552684784
1789038175914225200,49.40822509765625,1.1936297416687012,0.31154105067253113,0.35735589265823364
1789038175931479000,49.42547900390625,1.164919137954712,0.36224281787872314,0.32559093832969666
1789038175948733000,49.44273291015625,1.138651967048645,0.2364046722650528,0.318871408700943
1789038175965986800,49.45998681640625,1.1997383832931519,0.12767073512077332,0.3329212963581085
1789038175983240700,49.47724072265625,1.2522728443145752,0.08979712426662445,0.3451386094093323
1789038176000494300,49.49449438476562,1.1966841220855713,0.10934479534626007,0.3426951467990875
1789038176017748200,49.51174829101563,1.0946696996688843,0.049480047076940536,0.3591884970664978
1789038176035002000,49.529002197265626,1.0341941118240356,-0.08552107214927673,0.370184063911438
1789038176052256000,49.546256103515624,0.9816597104072571,-0.10140355676412582,0.33169957995414734
1789038176069510000,49.56351000976562,0.8729257583618164,-0.0818558782339096,0.3231474757194519
1789038176086763800,49.580763671875,0.7690787315368652,-0.15210533142089844,0.379347026348114
1789038176104017700,49.598017578125,0.7086031436920166,-0.13561198115348816,0.4257727563381195
1789038176121271300,49.61527124023438,0.6352993845939636,-0.009162971749901772,0.42088583111763
1789038176138525200,49.632525146484376,0.6151408553123474,-0.04276053607463837,0.3952295184135437
1789038176155780900,49.64978076171875,0.5632173418998718,-0.17165300250053406,0.41416633129119873
1789038176173033000,49.66703295898437,0.49541133642196655,-0.15515965223312378,0.411722868680954
1789038176190286800,49.68428686523438,0.3903425931930542,-0.10079269111156464,0.36651885509490967
1789038176207540700,49.701540771484375,0.27366742491722107,-0.13133592903614044,0.3078758418560028
1789038176224794600,49.71879467773437,0.15515965223312378,-0.2315177470445633,0.2565632164478302
1789038176242048300,49.73604833984375,0.0818558782339096,-0.21441353857517242,0.17348559200763702
1789038176259302100,49.75330224609375,-0.017104214057326317,-0.13622283935546875,0.056810423731803894
1789038176276556000,49.77055615234375,-0.1026252806186676,-0.0873536616563797,-0.053145237267017365
1789038176293810000,49.78780981445313,-0.11056652665138245,-0.15515965223312378,-0.18631376326084137
1789038176311063800,49.805063720703124,-0.12095122784376144,-0.3298669755458832,-0.27855435013771057
1789038176328317700,49.82231762695312,-0.11667517572641373,-0.39339691400527954,-0.34086254239082336
1789038176345571600,49.83957153320313,-0.12644900381565094,-0.34697118401527405,-0.39217519760131836
1789038176362825500,49.856825439453125,-0.1905898153781891,-0.25900667905807495,-0.3995055556297302
1789038176380079000,49.8740791015625,-0.2205221801996231,-0.17348559200763702,-0.36163195967674255
1789038176397333000,49.8913330078125,-0.21197007596492767,0.02932151034474373,-0.3329212963581085
1789038176414587000,49.9085869140625,-0.21807873249053955,0.24556763470172882,-0.39767298102378845
1789038176431840800,49.9258408203125,-0.2669478952884674,0.2981020212173462,-0.48502662777900696
1789038176449094700,49.9430947265625,-0.2993237376213074,0.24862197041511536,-0.5418370366096497
1789038176466348500,49.9603486328125,-0.2834412455558777,0.2364046722650528,-0.5937605500221252
1789038176483602400,49.9776025390625,-0.2809978127479553,0.19669845700263977,-0.638353705406189
1789038176500856000,49.99485595703125,-0.2816086709499359,0.1081230640411377,-0.6462949514389038
1789038176518110000,50.01210986328125,-0.32009315490722656,0.029932374134659767,-0.6554579138755798
1789038176535363800,50.02936376953125,-0.3860665261745453,-0.003665188793092966,-0.6768381595611572
1789038176552617700,50.04661767578125,-0.4404335021972656,0.07269290834665298,-0.7116574645042419
1789038176569871600,50.06387158203125,-0.5381718873977661,0.12522727251052856,-0.7287616729736328
1789038176587125500,50.08112548828125,-0.7086031436920166,0.0720820426940918,-0.7031053900718689
1789038176604379400,50.09837939453125,-0.9272927641868591,-0.1637117564678192,-0.6310232877731323
1789038176621633300,50.11563330078125,-1.0769546031951904,-0.24373504519462585,-0.6548470258712769
1789038176638887000,50.13288696289062,-1.1905754804611206,-0.1795942485332489,-0.7079922556877136
1789038176656140800,50.15014086914063,-1.2980875968933105,-0.1533270627260208,-0.6175842881202698
1789038176673394700,50.167394775390626,-1.3585633039474487,-0.3597993552684784,-0.5418370366096497
1789038176690648600,50.184648681640624,-1.390328288078308,-0.4978547990322113,-0.5125155448913574
1789038176707902500,50.20190234375,-1.4679080247879028,-0.41233372688293457,-0.4514290690422058
1789038176725156000,50.219156005859375,-1.4520255327224731,-0.3640754222869873,-0.27855435013771057
1789038176742410200,50.23641015625,-1.3054180145263672,-0.647516667842865,-0.15699224174022675
1789038176759663900,50.25366381835938,-1.2620465755462646,-0.8002328872680664,-0.16798780858516693
1789038176776917800,50.270917724609376,-1.3420698642730713,-0.7458658814430237,-0.19364413619041443
1789038176794171600,50.288171630859374,-1.3469568490982056,-0.6212494969367981,-0.2669478952884674
1789038176811425500,50.30542553710937,-1.2150100469589233,-0.6725621223449707,-0.16004657745361328
1789038176828679400,50.32267944335938,-1.1307107210159302,-0.5754346251487732,-0.10384701192378998
1789038176845933000,50.33993310546875,-1.147204041481018,-0.43860089778900146,-0.1588248461484909
1789038176863187000,50.35718701171875,-1.1264346837997437,-0.4013381600379944,-0.13927717506885529
1789038176880440800,50.37444091796875,-1.278540015220642,-0.3610210716724396,-0.07574722915887833
1789038176897694700,50.39169482421875,-1.321911334991455,-0.20952661335468292,-0.09346231073141098
1789038176914948600,50.40894848632813,-1.1869102716445923,-0.2657261788845062,0.025045456364750862
1789038176932202500,50.426202392578126,-0.9841031432151794,-0.35796675086021423,0.11056652665138245
1789038176949456400,50.443456298828124,-0.9065233469009399,-0.3897317349910736,0.17592905461788177
1789038176966710300,50.46071020507812,-0.8674280047416687,-0.40866854786872864,0.13439024984836578
1789038176983964000,50.4779638671875,-0.8265000581741333,-0.25473061203956604,0.008552107028663158
1789038177001217800,50.4952177734375,-0.7452550530433655,0.015271619893610477,-0.015271619893610477
1789038177018471700,50.5124716796875,-0.647516667842865,0.22174391150474548,-0.006108647678047419
1789038177035725600,50.5297255859375,-0.5589412450790405,0.36774060130119324,-0.04214967042207718
1789038177052979500,50.5469794921875,-0.4056142270565033,0.36163195967674255,-0.05253437161445618
1789038177070233300,50.5642333984375,-0.3017672002315521,0.4514290690422058,-0.15515965223312378
1789038177087487200,50.5814873046875,-0.11178825795650482,0.6200277805328369,-0.11728604137897491
1789038177104740900,50.598740966796875,0.0409279391169548,0.5974257588386536,-0.12461641430854797
1789038177121994800,50.61599487304687,0.008552107028663158,0.5143481492996216,-0.030543239787220955
1789038177139248600,50.63324853515625,0.06719512492418289,0.3182605504989624,0.13622283935546875
1789038177156502500,50.65050244140625,0.1844811588525772,0.11239911615848541,0.22846342623233795
1789038177173756400,50.66775634765625,0.328645259141922,0.04459312930703163,0.2834412455558777
1789038177191010300,50.68501025390625,0.46975502371788025,0.1380554437637329,0.3292561173439026
1789038177208264200,50.70226416015625,0.6597339510917664,0.29626941680908203,0.35063639283180237
1789038177225518000,50.71951806640625,0.7990111112594604,0.4838049113750458,0.34086254239082336
1789038177242772000,50.73677197265625,0.8741474747657776,0.5907062292098999,0.3298669755458832
1789038177260025900,50.75402587890625,0.9309579133987427,0.6548470258712769,0.29138249158859253
1789038177277279700,50.77127978515625,0.8955277800559998,0.7385355234146118,0.2779434621334076
1789038177294533400,50.78853344726563,0.8772017955780029,0.7250964641571045,0.3023780584335327
1789038177311787300,50.805787353515626,0.9114102721214294,0.6988292932510376,0.2834412455558777
1789038177329041200,50.823041259765624,0.8808670043945312,0.6780598759651184,0.3237583339214325
1789038177346295000,50.840294921875,0.8888082504272461,0.6084213256835938,0.35613417625427246
1789038177363549000,50.857548828125,0.9810488224029541,0.5943714380264282,0.36163195967674255
1789038177380802800,50.874802734375,1.0867284536361694,0.4783071279525757,0.3952295184135437
1789038177398056700,50.892056640625,1.2076796293258667,0.4251618981361389,0.3903425931930542
1789038177415310300,50.909310302734376,1.3445134162902832,0.45326167345046997,0.4062250852584839
1789038177432564200,50.926564208984374,1.434921383857727,0.47097674012184143,0.3445277214050293
1789038177449818000,50.94381811523437,1.387273907661438,0.4728093445301056,0.2461785078048706
1789038177467072000,50.96107202148438,1.2608249187469482,0.5039634704589844,0.20219624042510986
1789038177484326000,50.978325927734375,1.1685843467712402,0.30604326725006104,0.23273947834968567
1789038177501579500,50.99557958984375,1.1465932130813599,0.28038692474365234,0.2626718580722809
1789038177518833400,51.01283349609375,1.1465932130813599,0.0977383628487587,0.2516762912273407
1789038177536087300,51.03008740234375,1.2137882709503174,0.09712749719619751,0.1331685185432434
1789038177553341200,51.04734106445313,1.232114315032959,0.1588248461484909,0.13011419773101807
1789038177570595000,51.064594970703126,1.2449424266815186,0.2809978127479553,0.06475166976451874
1789038177587849000,51.081848876953124,1.2046253681182861,0.45509424805641174,-0.014660755172371864
1789038177605102600,51.0991025390625,1.1545344591140747,0.36285367608070374,0.0513126403093338
1789038177622356500,51.1163564453125,1.1508692502975464,0.01649334840476513,0.14721840620040894
1789038177639610400,51.1336103515625,1.0751219987869263,-0.12950333952903748,0.14538581669330597
1789038177656864300,51.1508642578125,0.9101884961128235,-0.18753549456596375,0.08857539296150208
1789038177674118100,51.1681181640625,0.8491020202636719,-0.000610864779446274,-0.003665188793092966
1789038177691372000,51.1853720703125,0.8790343999862671,0.23335035145282745,-0.033597562462091446
1789038177708625700,51.20262573242187,0.8912517428398132,0.1649334877729416,0.0256563201546669
1789038177725879600,51.21987963867188,0.8161153197288513,-0.11606431007385254,0.14660754799842834
1789038177743133400,51.237133544921875,0.6939423680305481,-0.3292561173439026,0.22846342623233795
1789038177760387300,51.25438720703125,0.5326740741729736,-0.43921178579330444,0.2309068888425827
1789038177777641200,51.27164111328125,0.3549124300479889,-0.49418962001800537,0.21930044889450073
1789038177794894800,51.288894775390624,0.20952661335468292,-0.48991355299949646,0.20769402384757996
1789038177812148700,51.30614868164062,0.16798780858516693,-0.41905322670936584,0.18387030065059662
1789038177829402600,51.32340258789063,0.16065743565559387,-0.2932150959968567,0.16737695038318634
1789038177846656500,51.340656494140624,0.07757982611656189,-0.3329212963581085,0.17776164412498474
1789038177863910400,51.35791040039062,0.000610864779446274,-0.32559093832969666,0.1698204129934311
1789038177881164300,51.37516430664063,-0.08552107214927673,-0.21807873249053955,0.14660754799842834
1789038177898418200,51.392418212890625,-0.18814635276794434,-0.08674279600381851,0.1747073233127594
1789038177915671800,51.409671875,-0.20891575515270233,-0.0720820426940918,0.21502439677715302
1789038177932925700,51.42692578125,-0.19914191961288452,-0.15088360011577606,0.21991132199764252
1789038177950179600,51.4441796875,-0.2009745091199875,-0.19120067358016968,0.1740964651107788
1789038177967433500,51.46143359375,-0.23945899307727814,-0.17104214429855347,0.13622283935546875
1789038177984687000,51.47868701171875,-0.28588470816612244,-0.1282816082239151,0.07635809481143951
1789038178001941000,51.49594091796875,-0.3029889166355133,-0.09712749719619751,-0.002443459117785096
1789038178019195000,51.51319482421875,-0.3121519088745117,-0.11728604137897491,-0.0720820426940918
1789038178036448800,51.53044873046875,-0.3139844834804535,-0.13439024984836578,-0.07269290834665298
1789038178053702700,51.54770263671875,-0.28588470816612244,-0.14049890637397766,-0.06108647957444191
1789038178070956300,51.56495629882812,-0.24740023910999298,-0.08002328872680664,-0.09468404203653336
1789038178088210200,51.58221020507813,-0.24984370172023773,0.027488915249705315,-0.15699224174022675
1789038178105464000,51.599464111328125,-0.28405213356018066,0.06536252796649933,-0.205861434340477
1789038178122718000,51.61671801757812,-0.3329212963581085,0.12095122784376144,-0.268169641494751
1789038178139971600,51.6339716796875,-0.3842339515686035,0.21991132199764252,-0.3536907136440277
1789038178157225500,51.6512255859375,-0.44898560643196106,0.27977606654167175,-0.39217519760131836
1789038178174479400,51.66847924804687,-0.5076286196708679,0.2577849328517914,-0.41844236850738525
1789038178191733200,51.68573315429688,-0.5619956254959106,0.1997527778148651,-0.48075059056282043
1789038178208987100,51.702987060546874,-0.6560688018798828,0.1637117564678192,-0.5400044918060303
1789038178226240800,51.72024072265625,-0.7727439403533936,0.08979712426662445,-0.5668824911117554
1789038178243494700,51.73749462890625,-0.9755510687828064,0.053756099194288254,-0.5974257588386536
1789038178260748500,51.75474853515625,-1.1893537044525146,0.001832594396546483,-0.6071996092796326
1789038178278002400,51.77200244140625,-1.288313865661621,-0.19303326308727264,-0.5668824911117554
1789038178295256300,51.78925634765625,-1.3213005065917969,-0.4251618981361389,-0.4679224193096161
1789038178312510200,51.80651025390625,-1.4440842866897583,-0.49480047821998596,-0.3439168632030487
1789038178329763800,51.82376391601562,-1.5625921487808228,-0.46486809849739075,-0.3078758418560028
1789038178347017700,51.84101782226563,-1.5485422611236572,-0.4105011224746704,-0.347582072019577
1789038178364271600,51.858271728515625,-1.543655276298523,-0.544891357421875,-0.32009315490722656
1789038178381525500,51.875525390625,-1.5809180736541748,-0.6414080262184143,-0.2626718580722809
1789038178398779400,51.892779296875,-1.5406010150909424,-0.7287616729736328,-0.1740964651107788
1789038178416033000,51.910032958984374,-1.4520255327224731,-0.8955277800559998,-0.17287473380565643
1789038178433287000,51.92728686523437,-1.3518437147140503,-0.831997811794281,-0.29626941680908203
1789038178450540800,51.94454077148438,-1.2632683515548706,-0.5870410799980164,-0.43004879355430603
1789038178467794700,51.961794677734375,-1.2907572984695435,-0.46975502371788025,-0.3536907136440277
1789038178485048600,51.97904858398437,-1.4422518014907837,-0.43371400237083435,-0.2669478952884674
1789038178502302200,51.99630224609375,-1.4373648166656494,-0.39400777220726013,-0.22174391150474548
1789038178519556000,52.01355615234375,-1.2253947257995605,-0.33719736337661743,-0.20708316564559937
1789038178536810000,52.03081005859375,-1.0830632448196411,-0.43432486057281494,-0.10995566099882126
1789038178554064000,52.04806396484375,-1.0787872076034546,-0.3799578845500946,-0.14294235408306122
1789038178571317800,52.06531787109375,-1.0323615074157715,-0.31459537148475647,-0.18814635276794434
1789038178588571400,52.0825712890625,-0.9071341753005981,-0.21991132199764252,-0.12217295914888382
1789038178605825300,52.0998251953125,-0.7721330523490906,-0.06475166976451874,-0.12278381735086441
1789038178623079200,52.1170791015625,-0.5155698657035828,-0.10018182545900345,-0.10079269111156464
1789038178640333000,52.1343330078125,-0.3335321843624115,-0.09712749719619751,-0.10995566099882126
1789038178657586700,52.151586669921876,-0.2822195291519165,-0.05803215503692627,-0.10934479534626007
1789038178674840600,52.168840576171874,-0.21135921776294708,0.007941242307424545,-0.11056652665138245
1789038178692094500,52.18609448242187,-0.06108647957444191,0.07574722915887833,-0.09651663154363632
1789038178709348400,52.20334838867188,0.06230820715427399,0.1533270627260208,-0.07635809481143951
1789038178726602200,52.220602294921875,0.07757982611656189,0.1594357043504715,-0.09407317638397217
1789038178743856000,52.23785620117187,0.12095122784376144,0.16126830875873566,-0.04214967042207718
1789038178761110000,52.25511010742188,0.205861434340477,0.14782927930355072,0.02626718580722809
1789038178778364000,52.272364013671876,0.24862197041511536,0.21441353857517242,0.06536252796649933
1789038178795617500,52.28961743164062,0.2981020212173462,0.31154105067253113,0.19181154668331146
1789038178812871400,52.30687133789063,0.379347026348114,0.3445277214050293,0.29138249158859253
1789038178830125300,52.324125244140625,0.4581485986709595,0.3854556679725647,0.34697118401527405
1789038178847379200,52.34137915039062,0.5729911923408508,0.4557051360607147,0.4269944727420807
1789038178864632800,52.3586328125,0.6982184648513794,0.5619956254959106,0.4734202027320862
1789038178881886700,52.37588671875,0.7648026943206787,0.7177661061286926,0.4874700903892517
1789038178899140600,52.393140625,0.7984002828598022,0.7947350740432739,0.4673115611076355
1789038178916394500,52.41039453125,0.8313869833946228,0.7757982611656189,0.41783151030540466
1789038178933648400,52.4276484375,0.8765909671783447,0.8668171167373657,0.4098902642726898
1789038178950902000,52.44490209960937,0.9657772183418274,0.8295543789863586,0.43004879355430603
1789038178968156000,52.46215600585938,1.1166608333587646,0.7318159937858582,0.38179048895835876
1789038178985409800,52.479409912109375,1.2443315982818604,0.6725621223449707,0.3292561173439026
1789038179002663700,52.49666357421875,1.32985258102417,0.5308414697647095,0.25900667905807495
1789038179019917600,52.51391748046875,1.3469568490982056,0.4581485986709595,0.2162461280822754
1789038179037171200,52.531171142578124,1.3365721702575684,0.4862483739852905,0.21685700118541718
1789038179054425000,52.54842504882812,1.3310743570327759,0.462424635887146,0.1802051067352295
1789038179071679000,52.56567895507813,1.324354887008667,0.3591884970664978,0.20891575515270233
1789038179088932900,52.582932861328125,1.3768892288208008,0.18753549456596375,0.2706131041049957
1789038179106186800,52.60018676757812,1.4147628545761108,0.19181154668331146,0.3170388340950012
1789038179123440400,52.6174404296875,1.3964369297027588,0.24373504519462585,0.3133736252784729
1789038179140694300,52.6346943359375,1.3720022439956665,0.347582072019577,0.26450446248054504
1789038179157948200,52.6519482421875,1.3799434900283813,0.22785256803035736,0.2675587832927704
1789038179175202000,52.6692021484375,1.3732240200042725,0.2260199636220932,0.25045454502105713
1789038179192455700,52.68645556640625,1.3518437147140503,0.18631376326084137,0.2467893660068512
1789038179209709600,52.70370947265625,1.3188570737838745,0.08796452730894089,0.25961753726005554
1789038179226963500,52.72096337890625,1.2486076354980469,0.16126830875873566,0.2510654330253601
1789038179244217300,52.73821728515625,1.1380411386489868,0.20463970303535461,0.1484401375055313
1789038179261471000,52.75547094726563,0.9615011811256409,0.1233946830034256,0.08124501258134842
1789038179278724900,52.772724853515626,0.8527672290802002,0.143553227186203,0.10445787757635117
1789038179295978800,52.789978759765624,0.8735366463661194,0.14477495849132538,0.14538581669330597
1789038179313232600,52.80723266601562,0.7837395071983337,-0.021380268037319183,0.1948658674955368
1789038179330486300,52.824486328125,0.7238747477531433,-0.14110976457595825,0.25473061203956604
1789038179347740200,52.841740234375,0.7061597108840942,-0.0665842592716217,0.2205221801996231
1789038179364994000,52.858994140625,0.5400044918060303,-0.15210533142089844,0.2254091054201126
1789038179382248000,52.876248046875,0.4043924808502197,-0.20708316564559937,0.29077163338661194
1789038179399501800,52.893501708984374,0.3970620930194855,-0.2052505612373352,0.33597561717033386
1789038179416755500,52.91075537109375,0.33169957995414734,-0.2254091054201126,0.32192572951316833
1789038179434009300,52.92800927734375,0.16310089826583862,-0.20952661335468292,0.24923282861709595
1789038179451263200,52.94526318359375,0.04581485688686371,-0.22724169492721558,0.19669845700263977
1789038179468517000,52.96251708984375,0.024434590712189674,-0.164322629570961,0.11423171311616898
1789038179485770800,52.979770751953126,-0.013439024798572063,-0.09651663154363632,0.04520399495959282
1789038179503024600,52.997024658203124,-0.10873392969369888,-0.13988803327083588,0.05192350596189499
1789038179520278500,53.01427856445312,-0.1948658674955368,-0.17776164412498474,0.10751219838857651
1789038179537532400,53.03153247070313,-0.17776164412498474,-0.015271619893610477,0.09896009415388107
1789038179554786300,53.048786376953124,-0.1692095398902893,0.10567960888147354,0.04886918142437935
1789038179572040000,53.0660400390625,-0.2156352698802948,0.07024945318698883,0.02871064469218254
1789038179589293800,53.0832939453125,-0.2254091054201126,0.10629047453403473,-0.0513126403093338
1789038179606547700,53.10054760742187,-0.20463970303535461,0.20647229254245758,-0.21868959069252014
1789038179623801600,53.11780151367188,-0.1588248461484909,0.17531819641590118,-0.3225366175174713
1789038179641055200,53.13505517578125,-0.14477495849132538,0.07391463965177536,-0.3854556679725647
1789038179658309000,53.15230908203125,-0.16187916696071625,0.036651886999607086,-0.4477638900279999
1789038179675563000,53.16956298828125,-0.16310089826583862,0.11362084746360779,-0.5119046568870544
1789038179692816600,53.186816650390625,-0.1637117564678192,0.21807873249053955,-0.5345066785812378
1789038179710070500,53.20407055664062,-0.22235478460788727,0.2919933497905731,-0.5595521330833435
1789038179727324400,53.22132446289063,-0.33169957995414734,0.31031930446624756,-0.637742817401886
1789038179744578000,53.238578125,-0.4917461574077606,0.3280344009399414,-0.7147117853164673
1789038179761832000,53.25583203125,-0.676227331161499,0.29443681240081787,-0.7177661061286926
1789038179779085800,53.2730859375,-0.8564324378967285,0.17837251722812653,-0.7000510096549988
1789038179796339700,53.290339599609375,-0.9676098227500916,0.014660755172371864,-0.7043271064758301
1789038179813593600,53.30759350585937,-1.028085470199585,-0.16310089826583862,-0.6927206516265869
1789038179830847200,53.32484716796875,-1.0983349084854126,-0.15149445831775665,-0.6493492722511292
1789038179848101000,53.34210107421875,-1.2736530303955078,-0.1288924664258957,-0.6414080262184143
1789038179865355000,53.35935498046875,-1.4147628545761108,-0.1380554437637329,-0.6878337264060974
1789038179882609000,53.37660888671875,-1.362228512763977,-0.23212862014770508,-0.6841685771942139
1789038179899862500,53.393862548828125,-1.2082905769348145,-0.35185810923576355,-0.6023126840591431
1789038179917116400,53.41111645507812,-1.2467750310897827,-0.43921178579330444,-0.49480047821998596
1789038179934370300,53.42837036132813,-1.3542872667312622,-0.4361574649810791,-0.4404335021972656
1789038179951624200,53.445624267578125,-1.4508038759231567,-0.4819723069667816,-0.3915643095970154
1789038179968877800,53.4628779296875,-1.4300343990325928,-0.4978547990322113,-0.29016077518463135
1789038179986131700,53.48013159179688,-1.3347395658493042,-0.481361448764801,-0.17715078592300415
1789038180003385600,53.497385498046874,-1.229670763015747,-0.4740310609340668,-0.1533270627260208
1789038180020639200,53.51463916015625,-1.2339468002319336,-0.5015199780464172,-0.15210533142089844
1789038180037893000,53.53189306640625,-1.422093152999878,-0.5198459029197693,-0.17226386070251465
1789038180055147000,53.54914697265625,-1.4110976457595825,-0.4770853817462921,-0.17715078592300415
1789038180072401000,53.56640087890625,-1.2363903522491455,-0.430659681558609,-0.1185077652335167
1789038180089654500,53.583654541015626,-1.3225222826004028,-0.546113133430481,-0.021380268037319183
1789038180106908400,53.600908447265624,-1.4007129669189453,-0.5241219997406006,-0.030543239787220955
1789038180124162300,53.61816235351562,-1.3310743570327759,-0.49663305282592773,-0.03176496922969818
1789038180141416200,53.63541625976563,-1.2302817106246948,-0.2968802750110626,-0.09346231073141098
1789038180158669800,53.652669921875,-1.155145287513733,-0.12522727251052856,-0.15699224174022675
1789038180175923700,53.669923828125,-1.0720677375793457,-0.11728604137897491,-0.08368847519159317
1789038180193177600,53.687177490234376,-0.9034690260887146,-0.18325942754745483,-0.017715077847242355
1789038180210431500,53.704431396484374,-0.7312051653862,-0.21807873249053955,-0.015271619893610477
1789038180227685400,53.72168530273437,-0.6212494969367981,-0.1331685185432434,-0.10140355676412582
1789038180244939000,53.73893896484375,-0.5436696410179138,-0.04764745384454727,-0.17898337543010712
1789038180262193000,53.75619287109375,-0.38240134716033936,-0.043982263654470444,-0.22235478460788727
1789038180279446800,53.77344677734375,-0.21868959069252014,-0.0360410213470459,-0.2156352698802948
1789038180296700700,53.79070068359375,-0.056199558079242706,-0.0513126403093338,-0.20402882993221283
1789038180313954300,53.80795434570312,0.11117739230394363,-0.06841685622930527,-0.18814635276794434
1789038180331208200,53.82520825195313,0.17592905461788177,-0.043982263654470444,-0.17592905461788177
1789038180348462000,53.842462158203126,0.18203771114349365,-0.011606430634856224,-0.17531819641590118
1789038180365716000,53.859716064453124,0.164322629570961,-0.027488915249705315,-0.16737695038318634
1789038180382969900,53.87696997070312,0.17898337543010712,0.10079269111156464,-0.13744457066059113
1789038180400223500,53.894223388671875,0.25900667905807495,0.2254091054201126,-0.06475166976451874
1789038180417477400,53.91147729492187,0.3585776388645172,0.1893680840730667,0.003665188793092966
1789038180434731300,53.92873120117188,0.4508182108402252,0.13133592903614044,0.08491020649671555
1789038180451985000,53.94598486328125,0.4789179861545563,0.12217295914888382,0.1649334877729416
1789038180469238800,53.96323876953125,0.5106829404830933,0.21258094906806946,0.23823726177215576
1789038180486492700,53.98049267578125,0.6487383842468262,0.21746785938739777,0.2932150959968567
1789038180503746600,53.99774658203125,0.8741474747657776,0.21380266547203064,0.3017672002315521
1789038180521000200,54.01500024414062,1.0042617321014404,0.23396120965480804,0.2974911332130432
1789038180538254000,54.03225415039063,0.9963204264640808,0.33047783374786377,0.28038692474365234
1789038180555508000,54.049508056640626,0.952949047088623,0.4410443603992462,0.2364046722650528
1789038180572761600,54.06676171875,1.036637544631958,0.4526508152484894,0.21319180727005005
1789038180590015500,54.08401538085938,1.1624757051467896,0.5516108870506287,0.19425499439239502
1789038180607269400,54.101269287109375,1.2290599346160889,0.6914989352226257,0.20891575515270233
1789038180624523300,54.11852319335937,1.293811559677124,0.6896663308143616,0.20708316564559937
1789038180641777000,54.13577685546875,1.3078614473342896,0.6450732350349426,0.18081597983837128
1789038180659030800,54.15303076171875,1.3005311489105225,0.6249146461486816,0.1795942485332489
1789038180676284700,54.17028466796875,1.2626575231552124,0.526565432548523,0.19425499439239502
1789038180693538600,54.18753857421875,1.3182462453842163,0.6096430420875549,0.17715078592300415
1789038180710792400,54.20479248046875,1.3542872667312622,0.6029235124588013,0.205861434340477
1789038180728046000,54.22204614257812,1.3878847360610962,0.5412262082099915,0.22235478460788727
1789038180745300000,54.23930004882813,1.3793326616287231,0.36774060130119324,0.2510654330253601
1789038180762553900,54.256553955078125,1.3671153783798218,0.25534147024154663,0.235793799161911
1789038180779807500,54.27380737304688,1.314581036567688,0.21319180727005005,0.30970844626426697
1789038180797061400,54.291061279296876,1.2498292922973633,0.10995566099882126,0.39217519760131836
1789038180814315300,54.308315185546874,1.2009601593017578,-0.028099779039621353,0.42821621894836426
1789038180831569000,54.32556884765625,1.1643083095550537,-0.08552107214927673,0.45020735263824463
1789038180848822800,54.34282275390625,1.1465932130813599,0.06475166976451874,0.4575377106666565
1789038180866076700,54.36007666015625,1.0341941118240356,-0.05070177838206291,0.5186241865158081
1789038180883330600,54.37733056640625,0.8784235715866089,-0.28038692474365234,0.6053670048713684
1789038180900584200,54.394584228515626,0.8717040419578552,-0.26878049969673157,0.6591231226921082
1789038180917838000,54.411838134765624,0.758694052696228,-0.2626718580722809,0.6676751971244812
1789038180935092000,54.42909204101562,0.546113133430481,-0.2669478952884674,0.7006618976593018
1789038180952345900,54.44634594726563,0.45509424805641174,-0.28954991698265076,0.7531962990760803
1789038180969599500,54.463599609375,0.43921178579330444,-0.3439168632030487,0.7379246354103088
1789038180986853400,54.48085327148438,0.4508182108402252,-0.38179048895835876,0.657290518283844
1789038181004107000,54.49810693359375,0.4569268524646759,-0.36712974309921265,0.5919279456138611
1789038181021361000,54.51536083984375,0.46059203147888184,-0.3237583339214325,0.5375609993934631
1789038181038614800,54.53261474609375,0.3964512348175049,-0.287106454372406,0.48930269479751587
1789038181055868700,54.54986865234375,0.31031930446624756,-0.17653992772102356,0.4373791813850403
1789038181073122600,54.56712255859375,0.22174391150474548,-0.17592905461788177,0.40317076444625854
1789038181090376200,54.58437622070313,0.13194678723812103,-0.19669845700263977,0.3640754222869873
1789038181107630000,54.601630126953125,0.05925388261675835,-0.16126830875873566,0.29016077518463135
1789038181124884000,54.61888403320312,-0.04520399495959282,-0.1282816082239151,0.22296564280986786
1789038181142137600,54.6361376953125,-0.059864748269319534,-0.07147117704153061,0.185092031955719
1789038181159391500,54.6533916015625,-0.056199558079242706,-0.06902772188186646,0.1386663019657135
1789038181176645400,54.67064526367187,-0.09285144507884979,-0.05436696484684944,0.1594357043504715
1789038181193899000,54.68789892578125,-0.14538581669330597,-0.07941242307424545,0.17715078592300415
1789038181211153000,54.70515283203125,-0.17165300250053406,-0.07391463965177536,0.14294235408306122
1789038181228406800,54.72240673828125,-0.18570289015769958,0.017104214057326317,0.06597339361906052
1789038181245660700,54.73966064453125,-0.2669478952884674,0.14172062277793884,-0.001832594396546483
1789038181262914300,54.756914306640624,-0.3750709891319275,0.18325942754745483,-0.08491020649671555
1789038181280168200,54.77416821289062,-0.43310311436653137,0.27000224590301514,-0.16249002516269684
1789038181297422000,54.79142211914063,-0.5076286196708679,0.3995055556297302,-0.21930044889450073
1789038181314675700,54.80867578125,-0.5607738494873047,0.39217519760131836,-0.2675587832927704
1789038181331929600,54.8259296875,-0.5748237371444702,0.20647229254245758,-0.3274235129356384
1789038181349183500,54.84318359375,-0.49663305282592773,0.07819069176912308,-0.4001164436340332
1789038181366437000,54.86043701171875,-0.38728827238082886,0.09590577334165573,-0.42088583111763
1789038181383691000,54.87769091796875,-0.4166097939014435,0.23945899307727814,-0.4056142270565033
1789038181400945000,54.89494482421875,-0.5277871489524841,0.20158538222312927,-0.41294458508491516
1789038181418198500,54.91219848632812,-0.6194168925285339,0.08857539296150208,-0.43982264399528503
1789038181435452400,54.92945239257813,-0.647516667842865,0.1026252806186676,-0.43982264399528503
1789038181452706300,54.946706298828126,-0.6444623470306396,0.1386663019657135,-0.42271843552589417
1789038181469960000,54.9639599609375,-0.6884446144104004,0.05497783049941063,-0.42455101013183594
1789038181487213800,54.9812138671875,-0.7703005075454712,0.07330377399921417,-0.4416552484035492
1789038181504467700,54.9984677734375,-0.8558215498924255,0.21807873249053955,-0.5094612240791321
1789038181521721600,55.0157216796875,-0.9236275553703308,0.3329212963581085,-0.593149721622467
1789038181538975200,55.03297534179688,-1.0250310897827148,0.18692462146282196,-0.6236929297447205
1789038181556229000,55.05022900390625,-1.183245062828064,0.02932151034474373,-0.6200277805328369
1789038181573482800,55.06748266601563,-1.321911334991455,-0.14110976457595825,-0.5955931544303894
1789038181590736600,55.084736572265626,-1.342680811882019,-0.2632827162742615,-0.6029235124588013
1789038181607990500,55.101990478515624,-1.2986985445022583,-0.35185810923576355,-0.5717694163322449
1789038181625244400,55.11924438476562,-1.1838558912277222,-0.4874700903892517,-0.5253437161445618
1789038181642498000,55.136498046875,-1.1001675128936768,-0.6102539300918579,-0.5192350745201111
1789038181659752000,55.153751953125,-1.1160500049591064,-0.30970844626426697,-0.5845975875854492
1789038181677005600,55.17100561523438,-1.1899645328521729,-0.27550002932548523,-0.6065887212753296
1789038181694259500,55.188259521484376,-1.1740821599960327,-0.3072649836540222,-0.5106829404830933
1789038181711513300,55.205513427734374,-1.1142174005508423,-0.2987128794193268,-0.41905322670936584
1789038181728767200,55.22276733398437,-1.0592395067214966,-0.34208428859710693,-0.4196641147136688
1789038181746020900,55.240020751953125,-1.0213658809661865,-0.32070401310920715,-0.38179048895835876
1789038181763274800,55.25727465820312,-1.0384701490402222,-0.36774060130119324,-0.22174391150474548
1789038181780528600,55.27452856445313,-0.9779945015907288,-0.30054548382759094,-0.13622283935546875
1789038181797782300,55.2917822265625,-0.8100066781044006,-0.37323838472366333,0.0030543238390237093
1789038181815036200,55.3090361328125,-0.5821541547775269,-0.5009090900421143,-0.007941242307424545
1789038181832290000,55.3262900390625,-0.5039634704589844,-0.5271763205528259,-0.002443459117785096
1789038181849543700,55.343543701171875,-0.4520399272441864,-0.5155698657035828,0.001221729558892548
1789038181866797600,55.36079760742187,-0.31520622968673706,-0.2669478952884674,-0.0873536616563797
1789038181884051500,55.37805151367188,-0.20647229254245758,-0.1954767256975174,-0.1533270627260208
1789038181901305000,55.39530517578125,-0.08491020649671555,-0.2107483446598053,-0.1740964651107788
1789038181918559000,55.41255908203125,0.003665188793092966,-0.25045454502105713,-0.1081230640411377
1789038181935812900,55.42981274414063,0.025045456364750862,-0.28038692474365234,-0.020769402384757996
1789038181953066500,55.44706640625,0.015271619893610477,-0.22174391150474548,0.04153880476951599
1789038181970320400,55.4643203125,0.04214967042207718,-0.16310089826583862,0.05192350596189499
1789038181987574300,55.48157421875,0.05742128938436508,-0.14049890637397766,0.07452550530433655
1789038182004828000,55.49882788085937,0.05497783049941063,-0.16615521907806396,0.14110976457595825
1789038182022081800,55.51608178710938,0.013439024798572063,-0.17653992772102356,0.20708316564559937
1789038182039335700,55.533335693359376,-0.04825831577181816,-0.1533270627260208,0.23029601573944092
1789038182056589300,55.55058935546875,-0.12522727251052856,-0.06719512492418289,0.20463970303535461
1789038182073843200,55.56784326171875,-0.19730933010578156,-0.034208428114652634,0.18203771114349365
1789038182091097000,55.58509716796875,-0.23029601573944092,0.0616973415017128,0.14782927930355072
1789038182108351000,55.60235107421875,-0.22846342623233795,0.07819069176912308,0.15821397304534912
1789038182125604600,55.6196044921875,-0.21930044889450073,0.043982263654470444,0.18203771114349365
1789038182142858500,55.6368583984375,-0.19669845700263977,0.010384701192378998,0.2107483446598053
1789038182160112000,55.65411206054687,-0.17348559200763702,-0.009773836471140385,0.23396120965480804
1789038182177366000,55.67136596679688,-0.1490510106086731,-0.047036588191986084,0.21991132199764252
1789038182194620000,55.688619873046875,-0.13072505593299866,-0.08552107214927673,0.164322629570961
1789038182211873800,55.70587377929687,-0.12583814561367035,-0.11911863088607788,0.17592905461788177
1789038182229127400,55.72312744140625,-0.1026252806186676,-0.1026252806186676,0.18814635276794434
1789038182246381300,55.74038134765625,-0.04886918142437935,-0.13439024984836578,0.17776164412498474
1789038182263635000,55.75763500976562,0.009162971749901772,-0.1802051067352295,0.17531819641590118
1789038182280888800,55.77488891601563,0.050090912729501724,-0.18753549456596375,0.16249002516269684
1789038182298142700,55.792142822265625,0.05742128938436508,-0.11178825795650482,0.14660754799842834
1789038182315396600,55.80939672851562,0.05253437161445618,-0.06047561392188072,0.13622283935546875
1789038182332650200,55.826650146484376,0.06597339361906052,-0.06475166976451874,0.13194678723812103
1789038182349904100,55.84390405273437,0.07941242307424545,-0.09407317638397217,0.13561198115348816
1789038182367157800,55.86115771484375,0.06414080411195755,-0.10079269111156464,0.11728604137897491
1789038182384411600,55.87841162109375,0.043982263654470444,-0.08613193035125732,0.08063415437936783
1789038182401665500,55.89566552734375,0.029932374134659767,-0.07452550530433655,0.04459312930703163
1789038182418919400,55.91291943359375,0.04581485688686371,-0.05192350596189499,0.04214967042207718
1789038182436173000,55.930173095703125,0.07330377399921417,-0.07819069176912308,0.05558869615197182
1789038182453427000,55.94742700195312,0.12278381735086441,-0.14782927930355072,0.07574722915887833
1789038182470680600,55.9646806640625,0.21197007596492767,-0.26878049969673157,0.09040798991918564
1789038182487934500,55.9819345703125,0.27427828311920166,-0.37262752652168274,0.12705987691879272
1789038182505188400,55.99918823242187,0.2822195291519165,-0.4355465769767761,0.21685700118541718
1789038182522442200,56.01644213867188,0.24434591829776764,-0.35796675086021423,0.2675587832927704
1789038182539695900,56.03369580078125,0.1026252806186676,-0.13683371245861053,0.2779434621334076
1789038182556949800,56.05094970703125,-0.047036588191986084,0.033597562462091446,0.3390299379825592
1789038182574203400,56.068203369140626,-0.09896009415388107,0.1441640853881836,0.36835145950317383
1789038182591457300,56.085457275390624,-0.050090912729501724,0.2309068888425827,0.3402516841888428
1789038182608711200,56.10271118164062,0.013439024798572063,0.3298669755458832,0.2718348205089569
1789038182625965000,56.11996508789063,-0.021380268037319183,0.41844236850738525,0.23029601573944092
1789038182643218700,56.13721875,-0.12034036219120026,0.46914416551589966,0.32620179653167725
1789038182660472600,56.15447265625,-0.08429934084415436,0.36835145950317383,0.4581485986709595
1789038182677726200,56.171726318359376,0.04764745384454727,0.16737695038318634,0.546113133430481
1789038182694980000,56.18897998046875,0.1545487940311432,-0.043982263654470444,0.5864301919937134
1789038182712234000,56.20623388671875,0.049480047076940536,-0.13072505593299866,0.544891357421875
1789038182729488000,56.22348779296875,-0.16004657745361328,-0.13255766034126282,0.5180133581161499
1789038182746741500,56.24074145507812,-0.17898337543010712,0.003665188793092966,0.49968740344047546
1789038182763995100,56.2579951171875,-0.1380554437637329,0.20463970303535461,0.45387253165245056
1789038182781249000,56.2752490234375,-0.10079269111156464,0.2889390289783478,0.4355465769767761
1789038182798503000,56.2925029296875,-0.08796452730894089,0.3335321843624115,0.36835145950317383
1789038182815756800,56.3097568359375,-0.12522727251052856,0.40927940607070923,0.2828303873538971
1789038182833010400,56.327010498046874,-0.21441353857517242,0.43310311436653137,0.22479823231697083
1789038182850264300,56.34426440429687,-0.33108872175216675,0.43004879355430603,0.18753549456596375
1789038182867518000,56.36151806640625,-0.3445277214050293,0.4068359434604645,0.15027274191379547
1789038182884771800,56.37877172851562,-0.15577052533626556,0.32192572951316833,0.0769689604640007
1789038182902025700,56.39602563476563,0.13744457066059113,0.1948658674955368,-0.021991131827235222
1789038182919279400,56.413279296875,0.1081230640411377,-0.05497783049941063,-0.06047561392188072
1789038182936533200,56.430533203125,-0.06414080411195755,-0.28588470816612244,0.004886918235570192
1789038182953787100,56.447787109375,-0.07513637095689774,-0.3225366175174713,0.12950333952903748
1789038182971040800,56.465040771484375,-0.10751219838857651,-0.30970844626426697,0.26389357447624207
1789038182988294700,56.48229467773437,0.001832594396546483,-0.3341430425643921,0.2571740746498108
1789038183005548500,56.49954858398438,0.14233149588108063,-0.46059203147888184,0.13744457066059113
1789038183022802200,56.51680224609375,0.1588248461484909,-0.5174024701118469,0.04581485688686371
1789038183040056000,56.53405615234375,0.07757982611656189,-0.3744601011276245,0.040317077189683914
1789038183057310000,56.55131005859375,0.004886918235570192,-0.1130099818110466,0.0409279391169548
1789038183074563600,56.5685634765625,0.025045456364750862,0.20219624042510986,0.025045456364750862
1789038183091817500,56.5858173828125,0.10140355676412582,0.430659681558609,0.006108647678047419
1789038183109071000,56.603071044921876,0.13622283935546875,0.38728827238082886,0.08124501258134842
1789038183126325000,56.620324951171874,0.06230820715427399,0.22418737411499023,0.18081597983837128
1789038183143579000,56.63757885742187,-0.10506874322891235,0.2254091054201126,0.27366742491722107
1789038183160832800,56.65483276367188,-0.18142683804035187,0.27488914132118225,0.31093016266822815
1789038183178086400,56.67208642578125,-0.11362084746360779,0.2938259541988373,0.28466299176216125
1789038183195340300,56.68934033203125,0.000610864779446274,0.26878049969673157,0.24251331388950348
1789038183212594000,56.706593994140626,0.08002328872680664,0.1490510106086731,0.185092031955719
1789038183229847800,56.72384790039062,0.08368847519159317,-0.000610864779446274,0.16249002516269684
1789038183247101700,56.74110180664063,-0.06414080411195755,-0.006719512399286032,0.2706131041049957
1789038183264355300,56.758355224609375,-0.2107483446598053,0.04214967042207718,0.31154105067253113
1789038183281609200,56.77560913085937,-0.24251331388950348,-0.009162971749901772,0.22235478460788727
1789038183298862800,56.79286279296875,-0.14599667489528656,0.010995565913617611,0.10995566099882126
1789038183316116700,56.81011669921875,-0.09040798991918564,0.07024945318698883,0.04581485688686371
1789038183333370600,56.82737060546875,-0.10567960888147354,0.143553227186203,0.046425722539424896
1789038183350624300,56.844624267578126,-0.13133592903614044,0.21135921776294708,0.08124501258134842
1789038183367878100,56.861878173828124,-0.1233946830034256,0.25411975383758545,0.08979712426662445
1789038183385132000,56.87913208007812,-0.0824667438864708,0.24006985127925873,0.053756099194288254
1789038183402385700,56.8963857421875,-0.09957095980644226,0.2528980076313019,0.029932374134659767
1789038183419639600,56.9136396484375,-0.1337793916463852,0.2877173125743866,0.07086031138896942
1789038183436893200,56.93089306640625,-0.12156209349632263,0.28038692474365234,0.12034036219120026
1789038183454147000,56.94814697265625,-0.08918625861406326,0.22296564280986786,0.14477495849132538
1789038183471401000,56.96540087890625,-0.02932151034474373,0.11667517572641373,0.12095122784376144
1789038183488654800,56.98265478515625,0.009773836471140385,0.039706211537122726,0.05925388261675835
1789038183505908500,56.999908447265625,-0.004886918235570192,0.03787361457943916,0.027488915249705315
1789038183523162000,57.017162109375,-0.026878049597144127,0.020158538594841957,0.040317077189683914
1789038183540416000,57.034416015625,-0.009162971749901772,0.01649334840476513,0.023823726922273636
1789038183557670000,57.051669921875,0.027488915249705315,0.050090912729501724,-0.020158538594841957
1789038183574923800,57.068923828125,0.040317077189683914,0.10018182545900345,-0.04214967042207718
1789038183592177400,57.08617749023438,0.06963858753442764,0.1026252806186676,-0.06414080411195755
1789038183609431300,57.103431396484375,0.047036588191986084,0.09101885557174683,-0.05925388261675835
1789038183626685000,57.12068481445313,0.03543015569448471,0.09590577334165573,-0.04764745384454727
1789038183643938800,57.137938720703126,0.030543239787220955,0.12400554865598679,-0.0409279391169548
1789038183661192700,57.155192626953124,0.033597562462091446,0.1997527778148651,-0.05497783049941063
1789038183678446300,57.1724462890625,0.03848448023200035,0.2675587832927704,-0.10690133273601532
1789038183695700200,57.1897001953125,0.030543239787220955,0.2657261788845062,-0.12950333952903748
1789038183712954000,57.2069541015625,0.0513126403093338,0.21380266547203064,-0.13683371245861053
1789038183730207700,57.22420776367188,0.03787361457943916,0.18203771114349365,-0.1594357043504715
1789038183747461600,57.241461669921875,-0.006108647678047419,0.18264856934547424,-0.15027274191379547
1789038183764715300,57.25871533203125,-0.010995565913617611,0.18631376326084137,-0.14599667489528656
1789038183781969200,57.27596923828125,0.05436696484684944,0.15271618962287903,-0.1893680840730667
1789038183799223000,57.29322314453125,0.0720820426940918,0.09834922850131989,-0.22418737411499023
1789038183816476700,57.3104765625,0.037262752652168274,0.04520399495959282,-0.23029601573944092
1789038183833730600,57.32773046875,0.017104214057326317,0.020158538594841957,-0.22174391150474548
1789038183850984200,57.34498413085937,0.04520399495959282,0.021380268037319183,-0.2565632164478302
1789038183868238000,57.36223803710938,0.0720820426940918,0.04153880476951599,-0.3139844834804535
1789038183885492000,57.379491943359376,0.07880155742168427,0.056199558079242706,-0.3549124300479889
1789038183902745600,57.39674560546875,0.0616973415017128,0.08063415437936783,-0.36224281787872314
1789038183919999500,57.41399951171875,0.04276053607463837,0.1026252806186676,-0.32559093832969666
1789038183937253400,57.43125341796875,0.04520399495959282,0.11972949653863907,-0.29504770040512085
1789038183954507000,57.44850708007812,0.0665842592716217,0.08613193035125732,-0.29993459582328796
1789038183971761000,57.46576098632813,0.07513637095689774,0.029932374134659767,-0.3035998046398163
1789038183989014500,57.4830146484375,0.0665842592716217,0.01893680728971958,-0.29138249158859253
1789038184006268400,57.50026831054687,0.043982263654470444,0.026878049597144127,-0.25534147024154663
1789038184023522300,57.51752221679688,0.0409279391169548,0.024434590712189674,-0.20769402384757996
1789038184040776000,57.53477587890625,0.05803215503692627,0.024434590712189674,-0.1948658674955368
1789038184058029800,57.55202978515625,0.07574722915887833,0.023823726922273636,-0.20158538222312927
1789038184075283700,57.56928369140625,0.07330377399921417,-0.01649334840476513,-0.18142683804035187
1789038184092537300,57.586537353515624,0.06291907280683517,-0.06536252796649933,-0.1692095398902893
1789038184109791000,57.603791015625,0.05864302068948746,-0.09101885557174683,-0.18387030065059662
1789038184127044900,57.621044921875,0.07269290834665298,-0.11911863088607788,-0.20830489695072174
1789038184144298800,57.638298828125,0.06536252796649933,-0.12767073512077332,-0.2211330533027649
1789038184161552600,57.655552734375,0.05742128938436508,-0.11056652665138245,-0.25961753726005554
1789038184178806300,57.67280615234375,0.05253437161445618,-0.09957095980644226,-0.2974911332130432
1789038184196060200,57.69006005859375,0.06536252796649933,-0.09040798991918564,-0.2919933497905731
1789038184213313800,57.70731372070313,0.09834922850131989,-0.12461641430854797,-0.3292561173439026
1789038184230567700,57.724567626953124,0.08307760953903198,-0.1380554437637329,-0.3280344009399414
1789038184247821300,57.7418212890625,0.04214967042207718,-0.09896009415388107,-0.26022839546203613
1789038184265075200,57.7590751953125,0.034208428114652634,-0.09896009415388107,-0.2364046722650528
1789038184282329000,57.7763291015625,0.07086031138896942,-0.14172062277793884,-0.2309068888425827
1789038184299582700,57.79358276367188,0.08674279600381851,-0.21441353857517242,-0.18142683804035187
1789038184316836600,57.810836669921876,0.06902772188186646,-0.27366742491722107,-0.1130099818110466
1789038184334090200,57.82809033203125,0.06475166976451874,-0.3017672002315521,-0.05436696484684944
1789038184351344000,57.84534423828125,0.08857539296150208,-0.28954991698265076,-0.002443459117785096
1789038184368597800,57.86259765625,0.10201441496610641,-0.27550002932548523,0.023823726922273636
1789038184385851600,57.8798515625,0.11239911615848541,-0.2559523284435272,0.024434590712189674
1789038184403105500,57.89710546875,0.07757982611656189,-0.16554436087608337,0.021380268037319183
1789038184420359400,57.914359375,-0.03298669680953026,-0.07024945318698883,0.07024945318698883
1789038184437613000,57.93161303710937,-0.0977383628487587,-0.05742128938436508,0.11728604137897491
1789038184454866700,57.94886669921875,-0.10751219838857651,-0.09162971377372742,0.13744457066059113
1789038184472120600,57.96612060546875,-0.0769689604640007,-0.08918625861406326,0.1441640853881836
1789038184489374500,57.98337451171875,-0.04520399495959282,-0.04520399495959282,0.12400554865598679
1789038184506628000,58.000628173828126,-0.003665188793092966,-0.01954767294228077,0.10018182545900345
1789038184523882000,58.017882080078124,0.029932374134659767,-0.03298669680953026,0.04764745384454727
1789038184541136000,58.03513598632812,0.031154103577136993,-0.07880155742168427,-0.029932374134659767
1789038184558389500,58.052389404296875,0.030543239787220955,-0.0873536616563797,-0.10506874322891235
1789038184575643400,58.06964331054687,0.03237583488225937,-0.06902772188186646,-0.14660754799842834
1789038184592897000,58.08689697265625,0.056810423731803894,-0.11972949653863907,-0.16554436087608337
1789038184610151000,58.10415087890625,-0.01649334840476513,-1.1050543785095215,0.17287473380565643
1789038184627404800,58.12140478515625,0.007941242307424545,-0.33658650517463684,-0.6243038177490234
1789038184644658400,58.13865844726563,-0.4251618981361389,0.924238383769989,-0.6084213256835938
1789038184661912300,58.155912353515625,0.021991131827235222,1.441640853881836,-1.0916153192520142
1789038184679166200,58.17316625976562,0.1331685185432434,1.472795009613037,-1.339626431465149
1789038184696419800,58.190419921875,-0.10445787757635117,0.4764745235443115,-0.7709113359451294
1789038184713673500,58.20767358398437,-0.0616973415017128,0.29138249158859253,-0.46547895669937134
1789038184730927400,58.22492724609375,0.16126830875873566,0.17348559200763702,-0.27550002932548523
1789038184748181200,58.24218115234375,0.07391463965177536,-0.2528980076313019,-0.001221729558892548
1789038184765435000,58.25943481445312,0.10018182545900345,-0.3433060050010681,0.10629047453403473
1789038184782688800,58.27668872070313,0.21197007596492767,-0.2828303873538971,0.11667517572641373
1789038184799942400,58.2939423828125,0.11911863088607788,0.10445787757635117,-0.034208428114652634
1789038184817196300,58.3111962890625,0.06291907280683517,0.08613193035125732,0.08552107214927673
1789038184834450000,58.328449951171876,0.3170388340950012,-0.6175842881202698,0.5033525824546814
1789038184851703800,58.345703857421874,0.004886918235570192,-0.3231474757194519,0.2993237376213074
1789038184868957700,58.36295776367187,-0.10751219838857651,-0.9144645929336548,0.7012727856636047
1789038184886211300,58.38021142578125,0.3335321843624115,-0.0720820426940918,0.22418737411499023
1789038184903465200,58.39746533203125,0.16249002516269684,-0.021991131827235222,0.2712239623069763
1789038184920718800,58.41471875,-0.040317077189683914,-0.01282816007733345,0.23273947834968567
1789038184937972700,58.43197265625,-0.047036588191986084,-0.2779434621334076,0.1637117564678192
1789038184955226600,58.4492265625,0.0818558782339096,-0.37690356373786926,0.07024945318698883
1789038184972480300,58.46648022460938,0.22724169492721558,-0.41355544328689575,-0.037262752652168274
1789038184989734000,58.48373388671875,0.10873392969369888,-0.3335321843624115,-0.021380268037319183
1789038185006987800,58.50098779296875,-0.017715077847242355,-0.29016077518463135,0.01649334840476513
1789038185024241700,58.51824169921875,-0.0256563201546669,-0.21807873249053955,-0.027488915249705315
1789038185041495300,58.535495361328124,-0.20769402384757996,-0.14233149588108063,-0.039706211537122726
1789038185058749200,58.55274926757812,-0.30054548382759094,-0.3194822669029236,-0.06902772188186646
1789038185076003000,58.57000317382813,-0.1692095398902893,-0.10384701192378998,-0.06475166976451874
1789038185093256700,58.58725659179687,-0.049480047076940536,-0.04825831577181816,0.043982263654470444
1789038185110510300,58.60451025390625,-0.06597339361906052,-0.11239911615848541,0.0720820426940918
1789038185127764200,58.62176416015625,-0.10384701192378998,-0.053145237267017365,-0.09407317638397217
1789038185145018000,58.63901806640625,-0.18325942754745483,0.2675587832927704,-0.2993237376213074
1789038185162271700,58.65627172851563,-0.29993459582328796,0.4379900395870209,-0.5503891706466675
1789038185179525600,58.673525634765625,-0.29993459582328796,-0.27366742491722107,-0.35674503445625305
1789038185196779300,58.690779296875,-0.15088360011577606,0.5051851868629456,-0.36774060130119324
1789038185214033200,58.708033203125,-0.10018182545900345,1.0861176252365112,-0.7446441650390625
1789038185231287000,58.725287109375,-0.1698204129934311,1.1062761545181274,-0.850934624671936
1789038185248540700,58.74254077148437,-0.2559523284435272,0.5601630210876465,-0.47097674012184143
1789038185265794600,58.75979467773438,0.03298669680953026,0.23884813487529755,-0.3695732057094574
1789038185283048200,58.77704809570312,0.3848448097705841,0.6200277805328369,-0.43004879355430603
1789038185300302000,58.79430200195313,0.35613417625427246,0.7360920310020447,-0.021991131827235222
1789038185317555700,58.8115556640625,0.2706131041049957,0.9950987100601196,0.20463970303535461
1789038185334809600,58.8288095703125,0.23335035145282745,0.6255255341529846,-0.030543239787220955
1789038185352063500,58.8460634765625,0.3738492429256439,0.25961753726005554,-0.13988803327083588
1789038185369317000,58.863317138671874,0.22663083672523499,0.08674279600381851,-0.02626718580722809
1789038185386570800,58.88057080078125,0.1331685185432434,-0.07391463965177536,0.16615521907806396
1789038185403824600,58.89782470703125,0.19242240488529205,-0.3958403766155243,0.3946186602115631
1789038185421078500,58.91507861328125,0.21685700118541718,-0.8057306408882141,0.6212494969367981
1789038185438332200,58.93233227539063,0.3695732057094574,-0.8045089244842529,0.6102539300918579
1789038185455586000,58.9495859375,0.4868592321872711,-0.47097674012184143,0.48013970255851746
1789038185472839700,58.96683959960937,0.9505056142807007,-0.07269290834665298,0.6120865345001221
1789038185490093600,58.98409350585938,1.96148681640625,-1.453247308731079,1.2272273302078247
1789038185507347500,59.001347412109375,2.5124869346618652,-0.6615665555000305,1.9950844049453735
1789038185524601000,59.01860107421875,1.599854826927185,0.6860011219978333,1.629176378250122
1789038185541854700,59.035854736328126,0.943786084651947,0.19669845700263977,0.36224281787872314
1789038185559108600,59.053108642578124,-0.5790998339653015,-1.4440842866897583,-1.061682939529419
1789038185576362500,59.07036254882812,-0.8307760953903198,-1.3420698642730713,-1.4819579124450684
1789038185593616100,59.0876162109375,-0.1130099818110466,-0.2974911332130432,0.10506874322891235
1789038185610870000,59.1048701171875,0.12034036219120026,0.4410443603992462,0.25411975383758545
1789038185628128000,59.1221279296875,-0.01893680728971958,0.7061597108840942,-0.20830489695072174
1789038185645377500,59.13937744140625,0.043371398001909256,0.4428769648075104,-0.4667007029056549
1789038185662631200,59.15663110351562,0.08674279600381851,0.010995565913617611,-0.471587598323822
1789038185679885000,59.17388500976563,0.06536252796649933,0.12583814561367035,-0.27366742491722107
1789038185697139000,59.191138916015625,0.11178825795650482,0.4825831651687622,-0.32192572951316833
1789038185714392600,59.208392578125,0.19242240488529205,-0.7385355234146118,-0.6707295179367065
1789038185731646500,59.225646484375,0.5369501113891602,-1.174692988395691,-0.6603448390960693
1789038185748900000,59.242900146484374,0.25350889563560486,-0.7079922556877136,-0.21746785938739777
1789038185766154000,59.26015405273437,-0.06963858753442764,0.05436696484684944,0.11239911615848541
1789038185783407900,59.27740795898438,-0.22418737411499023,0.2626718580722809,0.1954767256975174
1789038185800661500,59.29466162109375,-0.31459537148475647,0.1081230640411377,0.23396120965480804
1789038185817915100,59.3119150390625,-0.5137372612953186,0.14294235408306122,0.16676609218120575
1789038185835169000,59.3291689453125,-0.32681265473365784,0.11911863088607788,0.07819069176912308
1789038185852423000,59.3464228515625,0.07574722915887833,0.23396120965480804,0
1789038185869676500,59.36367651367188,0.1795942485332489,0.258395791053772,-0.0030543238390237093
1789038185886930400,59.380930419921874,-0.03481929376721382,0.2522871494293213,0
1789038185904184000,59.39818408203125,0.021991131827235222,0.1178968995809555,0.03848448023200035
1789038185921438000,59.41543798828125,0.30054548382759094,0.35613417625427246,-0.04581485688686371
1789038185938691600,59.43269165039062,0.5290089249610901,0.5583304166793823,-0.1380554437637329
1789038185955945500,59.44994555664063,0.4990765154361725,0.13011419773101807,0.034208428114652634
1789038185973199000,59.46719921875,0.24801109731197357,-0.19914191961288452,0.328645259141922
1789038185990453000,59.48445288085937,0.4007273018360138,-0.3170388340950012,0.6267472505569458
1789038186007706600,59.50170654296875,0.347582072019577,-0.6927206516265869,1.0152572393417358
1789038186024960500,59.51896044921875,0.472198486328125,-1.1423171758651733,1.3072506189346313
1789038186042214400,59.53621435546875,0.5522217750549316,-0.5510000586509705,1.3646719455718994
1789038186059468000,59.553468017578126,1.6365067958831787,-0.9517273306846619,1.9364413022994995
1789038186076722000,59.570721923828124,1.554650902748108,0.40317076444625854,1.4477494955062866
1789038186093975600,59.5879755859375,1.4013237953186035,0.6902772188186646,2.0781619548797607
1789038186111229400,59.6052294921875,1.278540015220642,0.3756818473339081,2.6340489387512207
1789038186128483000,59.62248315429687,0.8454368710517883,-0.23457208275794983,3.014617681503296
1789038186145737000,59.63973706054688,0.4734202027320862,-1.433699607849121,3.3157739639282227
1789038186162990600,59.656990478515624,0.6194168925285339,-2.269362688064575,3.417177677154541
1789038186180244500,59.67424438476562,0.7568614482879639,-2.8344125747680664,3.171609878540039
1789038186197498000,59.691498046875,0.5345066785812378,-3.5918848514556885,3.014617681503296
1789038186214752000,59.708751953125,0.2730565667152405,-5.307193279266357,3.0830345153808594
1789038186232005600,59.72600561523438,0.9456186890602112,-2.5277583599090576,1.1349867582321167
1789038186249259300,59.74325927734375,1.0103703737258911,-0.14538581669330597,2.7171266078948975
1789038186266513200,59.76051318359375,0.5125155448913574,0.9364557266235352,2.4966044425964355
1789038186283766800,59.77776684570313,0.10567960888147354,0.04825831577181816,1.8209879398345947
1789038186301020700,59.795020751953125,-1.0189224481582642,-0.8466585874557495,2.145967960357666
1789038186318274300,59.8122744140625,-0.0513126403093338,-1.36772620677948,2.2473714351654053
1789038186335528000,59.82952783203125,1.0500766038894653,-1.3439024686813354,3.0866997241973877
1789038186352781800,59.84678173828125,1.1600322723388672,-2.285245180130005,3.3145523071289062
1789038186370035500,59.86403540039063,0.952949047088623,-2.1526875495910645,3.0775368213653564
1789038186387289000,59.8812890625,0.40255987644195557,-1.8826853036880493,2.545473575592041
1789038186404543000,59.89854296875,0.01954767294228077,-1.7171409130096436,2.2168283462524414
1789038186421796600,59.915796630859376,-0.3029889166355133,-1.3286309242248535,2.006079912185669
1789038186439050500,59.933050537109374,0.5613847374916077,-1.2162318229675293,2.2094979286193848
1789038186456304000,59.95030419921875,1.3359612226486206,-2.042731761932373,2.6309945583343506
1789038186473558000,59.96755810546875,1.4495820999145508,-2.9345943927764893,2.2754712104797363
1789038186490811600,59.98481176757812,1.1753038167953491,-4.064694404602051,1.0757328271865845
1789038186508065500,60.0020654296875,0.37201663851737976,-6.530144691467285,0.2406807243824005
1789038186525319200,60.01931909179687,0.5681042671203613,-6.660258769989014,0.3640754222869873
1789038186542572800,60.03657275390625,2.0940444469451904,-3.199098825454712,2.168570041656494
1789038186559826700,60.05382666015625,3.8637197017669678,-4.733591079711914,1.1520910263061523
1789038186577080300,60.07108032226562,2.8509058952331543,-8.249117851257324,0.7073814272880554
1789038186594334200,60.08833422851563,2.095877170562744,-4.805673122406006,0.8710931539535522
1789038186611587800,60.105587890625,1.6224569082260132,-0.8759800791740417,-0.9804379940032959
1789038186628841700,60.122841796875,1.102000117301941,0.5497782826423645,-3.2766785621643066
1789038186646095400,60.140095458984376,0.8148936033248901,2.107483386993408,-5.139205455780029
1789038186663349000,60.15734887695312,1.0665699243545532,4.429991245269775,-6.703629970550537
1789038186680603000,60.17460278320313,0.8405499458312988,5.778780937194824,-7.128791809082031
1789038186697856500,60.1918564453125,0.4214966893196106,6.186227798461914,-6.970578193664551
1789038186715110100,60.20911010742188,0.2663370370864868,6.334056854248047,-6.676752090454102
1789038186732364000,60.226364013671876,-0.11728604137897491,6.244259834289551,-6.349328517913818
1789038186749617700,60.24361767578125,-0.7043271064758301,7.16361141204834,-6.158738613128662
1789038186766871600,60.26087158203125,-1.5839723348617554,7.629701137542725,-5.787333011627197
1789038186784125200,60.278125244140625,-2.9022185802459717,7.604655742645264,-4.577209949493408
1789038186801379000,60.29537915039062,-4.305375099182129,6.655982494354248,-3.579056739807129
1789038186818632700,60.3126328125,-5.015810489654541,5.872853755950928,-3.0769259929656982
1789038186835886600,60.329886474609374,-5.054905891418457,5.119657516479492,-2.617555618286133
1789038186853140200,60.34714013671875,-4.177093505859375,4.652956962585449,-2.1887285709381104
1789038186870394000,60.36439404296875,-3.668853759765625,3.9748971462249756,-1.884517788887024
1789038186887647700,60.38164770507812,-3.1172430515289307,3.8875434398651123,-1.3206896781921387
1789038186904901400,60.3989013671875,-2.970024585723877,2.6077816486358643,-0.24923282861709595
1789038186922155300,60.4161552734375,-2.743393659591675,0.5687150955200195,0.11667517572641373
1789038186939409000,60.43340893554687,-2.8466298580169678,0.08674279600381851,0.4043924808502197
1789038186956662500,60.45066259765625,-2.7617197036743164,0.6004800796508789,0.8955277800559998
1789038186973916400,60.46791650390625,-2.422078847885132,0.6212494969367981,0.952949047088623
1789038186991170000,60.48517016601563,-1.1966841220855713,0.5864301919937134,0.56382817029953
1789038187008424000,60.502423828125,-0.0513126403093338,2.0408992767333984,0.5088503360748291
1789038187025677600,60.51967749023437,0.32620179653167725,2.6615378856658936,1.2418880462646484
1789038187042931500,60.53693139648438,0.12522727251052856,2.5185954570770264,1.7910555601119995
1789038187060185000,60.55418505859375,-0.38728827238082886,1.722638726234436,1.8686354160308838
1789038187077439000,60.57143896484375,-0.8032872080802917,1.3463460206985474,1.7751730680465698
1789038187094692600,60.588692626953126,-1.1142174005508423,1.5943571329116821,1.3567306995391846
1789038187111946200,60.6059462890625,-1.5149446725845337,2.7568328380584717,0.7715222239494324
1789038187129200000,60.6232001953125,-1.5656464099884033,3.637699842453003,0.185092031955719
1789038187146453800,60.640453857421875,-0.822834849357605,3.816683053970337,-0.047036588191986084
1789038187163707600,60.65770776367187,-0.10506874322891235,4.684721946716309,-0.29626941680908203
1789038187180961300,60.674961181640626,0.4673115611076355,5.753124713897705,-0.401949018239975
1789038187198215200,60.692215087890624,0.6945532560348511,5.602241039276123,-0.9608902931213379
1789038187215468800,60.70946875,0.5235111117362976,3.9938340187072754,-2.059225082397461
1789038187232722400,60.726722412109375,0.3194822669029236,2.6499314308166504,-3.037219762802124
1789038187249976000,60.74397607421875,0.0720820426940918,3.0140068531036377,-3.0213372707366943
1789038187267230000,60.76122998046875,0.09101885557174683,3.696953535079956,-2.20461106300354
1789038187284483600,60.778483642578124,0.4789179861545563,4.047590255737305,-1.0610721111297607
1789038187301737500,60.79573754882812,0.8374956250190735,3.6835145950317383,-0.8668171167373657
1789038187318991000,60.8129912109375,0.7513636946678162,2.531423568725586,-1.2412772178649902
1789038187336245000,60.83024487304687,0.6438514590263367,1.7623448371887207,-1.0903936624526978
1789038187353498600,60.84749853515625,0.38728827238082886,1.255937933921814,-0.49602219462394714
1789038187370752500,60.86475244140625,0.0030543238390237093,0.7825177907943726,-0.04520399495959282
1789038187388006100,60.88200610351562,-0.003665188793092966,0.24556763470172882,0.0054977829568088055
1789038187405259800,60.899259765625,0.16187916696071625,-0.4764745235443115,0.033597562462091446
1789038187422513700,60.916513671875,0.05803215503692627,-1.0299180746078491,0.16676609218120575
1789038187439767300,60.93376733398438,-0.27550002932548523,-0.5393936038017273,0.23884813487529755
1789038187457021200,60.951021240234375,-0.43493571877479553,0.09957095980644226,-0.01954767294228077
1789038187474274800,60.96827490234375,-0.030543239787220955,0.47525280714035034,-0.01282816007733345
1789038187491528400,60.985528564453126,-0.05925388261675835,0.555276095867157,0.023212861269712448
1789038187508782300,61.0027822265625,-0.5320632457733154,0.8289434909820557,-0.15577052533626556
1789038187526036000,61.02003588867188,-0.9993748068809509,0.43004879355430603,-0.4465421438217163
1789038187543289900,61.037289794921875,-1.479514479637146,0.4886918365955353,-0.5778780579566956
1789038187560543500,61.05454345703125,-1.5705333948135376,-0.21991132199764252,-0.5186241865158081
1789038187577797000,61.071797119140626,-1.658497929573059,-1.250440239906311,-0.4410443603992462
1789038187595051000,61.089051025390624,-1.9211697578430176,-1.0024291276931763,-0.5033525824546814
1789038187612304600,61.1063046875,-1.7739512920379639,0.49541133642196655,-0.6817250847816467
1789038187629558500,61.12355859375,-1.1881320476531982,2.6749768257141113,-0.43982264399528503
1789038187646812200,61.14081225585937,-0.2315177470445633,3.99261212348938,0.21441353857517242
1789038187664065800,61.158065673828126,0.13194678723812103,3.607767343521118,0.45998117327690125
1789038187681319700,61.175319580078124,-0.6108647584915161,-0.379347026348114,-1.352454662322998
1789038187698573300,61.1925732421875,-0.8448259830474854,-0.48563748598098755,-1.4343105554580688
1789038187715827200,61.2098271484375,-0.3035998046398163,-0.39889469742774963,-0.8772017955780029
1789038187733080800,61.22708081054687,-0.26511532068252563,-0.6731730103492737,-0.8857539296150208
1789038187750334700,61.24433471679688,-0.2211330533027649,-0.205861434340477,-0.6334667801856995
1789038187767588400,61.26158837890625,-0.3017672002315521,-0.21258094906806946,-0.2406807243824005
1789038187784842000,61.27884204101562,-0.8808670043945312,-1.2699878215789795,-0.09468404203653336
1789038187802095900,61.29609594726563,-1.0677915811538696,-2.0219624042510986,-0.13500112295150757
1789038187836603400,61.33060327148438,-0.4361574649810791,-0.4465421438217163,-0.9718858599662781
1789038187853857000,61.34785693359375,-0.6145299673080444,-0.13194678723812103,-1.045189619064331
1789038187879737600,61.373737548828124,-0.4459312856197357,-0.0030543238390237093,-0.9224058389663696
1789038187896991200,61.3909912109375,-0.3897317349910736,-0.3023780584335327,-0.9321796298027039
1789038187914245000,61.4082451171875,-0.5571087002754211,-0.3805687427520752,-1.0916153192520142
1789038187931498800,61.42549877929687,-0.7116574645042419,0.012217295356094837,-1.3115266561508179
1789038187948752600,61.44275268554688,-1.1270455121994019,1.4245367050170898,-1.8613049983978271
1789038187966006300,61.46000634765625,-1.479514479637146,2.177122116088867,-2.319453477859497
1789038187983260000,61.47726000976562,-1.553429126739502,2.8539602756500244,-2.6309945583343506
1789038188000513800,61.494513671875,-1.2541054487228394,3.190546751022339,-2.7232351303100586
1789038188017767400,61.51176733398437,-0.7849612236022949,2.139859437942505,-2.475224018096924
1789038188035021300,61.52902124023438,-0.6023126840591431,0.9749401807785034,-1.8765766620635986
1789038188052275000,61.54627490234375,-0.7935133576393127,1.2052361965179443,-0.8900299668312073
1789038188069528600,61.56352856445312,-1.2168426513671875,1.916893720626831,0.19425499439239502
1789038188086782500,61.58078247070313,-1.434921383857727,2.6749768257141113,1.0427461862564087
1789038188104036000,61.5980361328125,-1.2913681268692017,2.4104723930358887,1.561981201171875
1789038188121290000,61.6152900390625,-1.0641264915466309,2.0329580307006836,1.6994258165359497
1789038188138543600,61.632543701171876,-0.62857985496521,2.072664260864258,1.5015056133270264
1789038188155798300,61.64979833984375,-0.05864302068948746,1.441640853881836,1.1068869829177856
1789038188173051100,61.66705102539063,0.26878049969673157,-0.45020735263824463,0.2712239623069763
1789038188190304800,61.6843046875,0,-1.0177006721496582,-0.5790998339653015
1789038188207558700,61.70155859375,-0.4068359434604645,0.6560688018798828,-0.9621120095252991
1789038188224812300,61.718812255859376,-0.565049946308136,1.7342450618743896,-1.469740629196167
1789038188242066000,61.73606591796875,-0.4569268524646759,0.5564978122711182,-2.067166328430176
1789038188259319800,61.75331982421875,-0.4477638900279999,-0.6969966888427734,-2.1722352504730225
1789038188276573400,61.770573486328125,-0.6462949514389038,-1.4996730089187622,-1.7006475925445557
1789038188293827300,61.78782739257812,-0.7562506198883057,-1.5406010150909424,-0.9517273306846619
1789038188311081000,61.8050810546875,-0.7073814272880554,-1.8710788488388062,-0.23212862014770508
1789038188328334800,61.8223349609375,-0.5216785073280334,-1.8179335594177246,0.32192572951316833
1789038188345588500,61.83958837890625,-0.31642794609069824,-1.2095122337341309,0.2981020212173462
1789038188362842000,61.856842041015625,-0.06352993845939636,-0.9071341753005981,0.258395791053772
1789038188380096000,61.87409594726562,0.056199558079242706,-0.6652317643165588,0.3585776388645172
1789038188397349600,61.891349609375,0.006719512399286032,-0.4929678738117218,0.45387253165245056
1789038188414603300,61.908603271484374,-0.18570289015769958,0.03298669680953026,0.3231474757194519
1789038188431857200,61.92585717773437,-0.2987128794193268,0.5809323787689209,0.02260199747979641
1789038188449110800,61.94311083984375,-0.2571740746498108,0.8362739086151123,-0.1288924664258957
1789038188466364700,61.96036474609375,-0.1337793916463852,0.7892373204231262,0.033597562462091446
1789038188483618300,61.97761840820313,-0.05253437161445618,0.6145299673080444,0.23396120965480804
1789038188500872200,61.9948720703125,0.07452550530433655,0.430659681558609,0.2156352698802948
1789038188518125800,62.01212573242187,0.3029889166355133,0.44470956921577454,0.1747073233127594
1789038188535379500,62.02937939453125,0.5577195286750793,0.9175189137458801,0.27916520833969116
1789038188552633300,62.04663330078125,0.5015199780464172,0.6536253094673157,0.9645555019378662
1789038188569887000,62.06388696289063,0.30543237924575806,-0.7861829996109009,1.1215476989746094
1789038188587140900,62.081140869140626,0.47464191913604736,-0.8545998334884644,1.0806198120117188
1789038188604394500,62.09839453125,0.4972439408302307,-0.39767298102378845,1.0543526411056519
1789038188621648400,62.1156484375,0.4935787320137024,-0.30054548382759094,0.8026763200759888
1789038188638902000,62.132902099609375,0.43982264399528503,-0.29138249158859253,0.2461785078048706
1789038188656155600,62.15015576171875,0.3958403766155243,-0.27000224590301514,-0.3384190797805786
1789038188673409500,62.167409423828126,0.26939135789871216,-0.2889390289783478,-0.5375609993934631
1789038188690663200,62.1846630859375,0.04581485688686371,-0.16859868168830872,-0.41416633129119873
1789038188707917000,62.2019169921875,-0.06841685622930527,0.15821397304534912,-0.3390299379825592
1789038188725170700,62.219170654296875,-0.08857539296150208,0.4013381600379944,-0.22907429933547974
1789038188742424600,62.23642456054687,-0.000610864779446274,0.4068359434604645,-0.03787361457943916
1789038188759678200,62.25367822265625,0.1588248461484909,0.21441353857517242,0.12156209349632263
1789038188776932000,62.27093212890625,0.26878049969673157,-0.004886918235570192,0.0824667438864708
1789038188794185700,62.28818579101563,0.21197007596492767,-0.0873536616563797,-0.015271619893610477
1789038188811439600,62.305439697265626,0.24984370172023773,0.036651886999607086,0.0409279391169548
1789038188828693200,62.322693359375,0.40805765986442566,0.25534147024154663,0.3121519088745117
1789038188845947100,62.33994702148438,0.6200277805328369,0.35613417625427246,0.5088503360748291
1789038188863200800,62.35720068359375,0.657290518283844,0.2632827162742615,0.5314523577690125
1789038188880454400,62.37445434570313,0.4214966893196106,0.025045456364750862,0.4917461574077606
1789038188897708300,62.391708251953126,0.2528980076313019,0.07330377399921417,0.3591884970664978
1789038188914962000,62.4089619140625,0.23823726177215576,0.2816086709499359,0.08002328872680664
1789038188932215800,62.4262158203125,0.23823726177215576,0.3958403766155243,-0.08979712426662445
1789038188949469400,62.443469482421875,0.27977606654167175,0.37629270553588867,0.02871064469218254
1789038188966723300,62.46072338867187,0.2614501118659973,0.2003636509180069,0.3634645342826843
1789038188983977000,62.47797705078125,0.06841685622930527,-0.06230820715427399,0.6273581385612488
1789038189001230800,62.49523095703125,-0.08918625861406326,0.04764745384454727,0.6236929297447205
1789038189018484500,62.512484375,-0.28038692474365234,0.37140578031539917,0.36224281787872314
1789038189035738400,62.52973828125,-0.4312705397605896,0.6786707639694214,0.017104214057326317
1789038189052992000,62.54699194335937,-0.3860665261745453,0.6139190793037415,-0.11911863088607788
1789038189070246000,62.56424584960938,-0.18631376326084137,0.185092031955719,-0.010995565913617611
1789038189087499500,62.58149951171875,-0.0922405794262886,-0.0769689604640007,-0.03237583488225937
1789038189104753400,62.59875341796875,-0.12644900381565094,0.24556763470172882,-0.27977606654167175
1789038189122007000,62.61600708007813,-0.16554436087608337,0.19181154668331146,-0.3133736252784729
1789038189139261000,62.633260986328125,-0.10751219838857651,-0.5192350745201111,-0.18570289015769958
1789038189156514600,62.6505146484375,-0.008552107028663158,-1.1166608333587646,0.0818558782339096
1789038189173768400,62.6677685546875,0.059864748269319534,-1.3573415279388428,0.38850998878479004
1789038189191022000,62.68502197265625,-0.017715077847242355,-0.8179479241371155,0.29993459582328796
1789038189208276000,62.70227587890625,-0.10384701192378998,-0.37690356373786926,-0.13011419773101807
1789038189225529600,62.719529541015625,-0.12400554865598679,-0.39400777220726013,-0.20708316564559937
1789038189242783500,62.73678344726562,-0.3659079968929291,-0.5491674542427063,-0.33536475896835327
1789038189260037000,62.754037109375,-0.5186241865158081,-0.656679630279541,-0.5125155448913574
1789038189277291000,62.771291015625,-0.45020735263824463,-0.5797106623649597,-0.6017017960548401
1789038189294544600,62.78854467773437,-0.2828303873538971,-0.4355465769767761,-0.5613847374916077
1789038189311798500,62.80579858398438,-0.18631376326084137,-0.018325943499803543,-0.4373791813850403
1789038189329052200,62.82305224609375,-0.185092031955719,0.3231474757194519,-0.3543015718460083
1789038189346306000,62.84030615234375,-0.10629047453403473,0.10201441496610641,-0.2406807243824005
1789038189363560000,62.857559814453126,0.040317077189683914,-0.28954991698265076,0.024434590712189674
1789038189380813600,62.8748134765625,0.25900667905807495,-0.4043924808502197,0.26022839546203613
1789038189398067500,62.8920673828125,0.48991355299949646,-0.1288924664258957,0.3494146466255188
1789038189415321000,62.909321044921874,0.6059778332710266,0.23823726177215576,0.32070401310920715
1789038189432575000,62.92657495117187,0.49602219462394714,0.4221075773239136,0.22235478460788727
1789038189449828600,62.94382861328125,0.26511532068252563,0.2877173125743866,0.06780599057674408
1789038189467082500,62.96108251953125,0.10506874322891235,0.21991132199764252,-0.09407317638397217
1789038189484336000,62.97833618164063,0.01893680728971958,0.25961753726005554,-0.2162461280822754
1789038189501590000,62.995590087890626,-0.06047561392188072,0.12644900381565094,-0.32192572951316833
1789038189518844000,63.012843994140624,-0.12095122784376144,-0.164322629570961,-0.42821621894836426
1789038189536097500,63.03009765625,-0.19120067358016968,-0.07269290834665298,-0.5064069032669067
1789038189553351400,63.047351318359375,-0.2730565667152405,0.1490510106086731,-0.5821541547775269
1789038189570605000,63.06460498046875,-0.31031930446624756,0.10201441496610641,-0.555276095867157
1789038189587859000,63.08185888671875,-0.27366742491722107,-0.06475166976451874,-0.44959646463394165
1789038189605112600,63.099112548828124,-0.164322629570961,-0.4514290690422058,-0.31093016266822815
1789038189622366500,63.11636645507812,0.020769402384757996,-0.7990111112594604,-0.1337793916463852
1789038189639620400,63.13362036132813,0.2315177470445633,-0.8197805285453796,0.03481929376721382
1789038189656874000,63.1508740234375,0.3970620930194855,-0.4202749729156494,0.12400554865598679
1789038189674128000,63.1681279296875,0.4789179861545563,0.19853104650974274,0.11667517572641373
1789038189691381500,63.185381591796876,0.49052441120147705,0.5711585879325867,0.11423171311616898
1789038189708635400,63.202635498046874,0.45387253165245056,0.6340776681900024,0.19242240488529205
1789038189725889300,63.21988916015625,0.3445277214050293,0.5815432667732239,0.2993237376213074
1789038189743143000,63.237142822265625,0.24556763470172882,0.5100721120834351,0.4147771894931793
1789038189760396800,63.25439672851562,0.20219624042510986,0.4557051360607147,0.5088503360748291
1789038189777650700,63.27165063476563,0.1899789422750473,0.40317076444625854,0.5491674542427063
1789038189794904300,63.288904296875,0.14477495849132538,0.3433060050010681,0.5320632457733154
1789038189812158200,63.306158203125,-0.010995565913617611,0.3078758418560028,0.43310311436653137
1789038189829411800,63.32341186523438,-0.20280711352825165,0.25473061203956604,0.24923282861709595
1789038189846665700,63.340665771484375,-0.3084867000579834,0.09407317638397217,0.014049889519810677
1789038189863919400,63.35791943359375,-0.3280344009399414,0.0030543238390237093,-0.17898337543010712
1789038189881173200,63.37517333984375,-0.30482152104377747,0.08979712426662445,-0.25045454502105713
1789038189898427100,63.39242724609375,-0.3237583339214325,0.21502439677715302,-0.22357651591300964
1789038189915680800,63.4096806640625,-0.42332929372787476,0.19120067358016968,-0.23945899307727814
1789038189932934700,63.4269345703125,-0.5094612240791321,0.10201441496610641,-0.3805687427520752
1789038189950188500,63.4441884765625,-0.472198486328125,0.19730933010578156,-0.6487383842468262
1789038189967442200,63.46144213867188,-0.25961753726005554,0.3707949221134186,-0.8594867587089539
1789038189984696000,63.478696044921875,0.1899789422750473,0.41233372688293457,-0.5687150955200195
1789038190001950000,63.49594995117187,0.35063639283180237,-0.036651886999607086,0.0665842592716217
1789038190019203600,63.51320361328125,0.21502439677715302,-0.43310311436653137,0.3384190797805786
1789038190036457500,63.53045751953125,0.043982263654470444,-0.3964512348175049,0.4214966893196106
