time,seconds_elapsed,z,y,x
1791022018242478600,0.067478515625,-0.4373791813850403,0.8776599764823914,-0.5349648594856262
1791022018259732500,0.084732421875,-0.4978547990322113,0.4176788032054901,-0.7951932549476624
1791022018276986400,0.101986328125,-0.5296197533607483,-1.218217134475708,-1.1739293336868286
1791022018294240300,0.119240234375,-0.39339691400527954,-3.0269877910614014,-1.7573052644729614
1791022018311494100,0.136494140625,-0.2632827162742615,-3.6708390712738037,-2.1470370292663574
1791022018328748000,0.153748046875,-0.006719512399286032,-3.475362539291382,-2.02303147315979
1791022018346002000,0.171001953125,0.3836230933666229,-2.668410062789917,-1.7041599750518799
1791022018363255800,0.188255859375,0.8936951756477356,-0.9225585460662842,-1.420718789100647
1791022018380509700,0.205509765625,1.5015056133270264,0.7316632866859436,-0.8965967893600464
1791022018397763800,0.222763916015625,1.9028438329696655,2.4860668182373047,-0.2863428592681885
1791022018415017700,0.240017822265625,2.175900459289551,4.398073673248291,0.6085740327835083
1791022018432271600,0.257271728515625,2.599229574203491,5.916683673858643,1.4882192611694336
1791022018449525500,0.274525390625,1.1893537044525146,2.0413572788238525,0.5664243698120117
1791022018466779400,0.291779296875,-0.9731075763702393,-0.5474875569343567,-0.5722275972366333
1791022018484033300,0.309033203125,-0.546113133430481,0.48853909969329834,-0.01695149764418602
1791022018501287200,0.326287109375,-0.26022839546203613,-0.9121738076210022,0.1669187992811203
1791022018518541000,0.343541015625,-0.31642794609069824,-1.5340341329574585,0.7386882305145264
1791022018535795000,0.360794921875,-0.2938259541988373,-1.5248712301254272,1.43873929977417
1791022018553048800,0.378048828125,-0.12217295914888382,-2.0941972732543945,1.908494234085083
1791022018570302700,0.395302734375,0.08796452730894089,-3.272555351257324,2.120464324951172
1791022018587556900,0.412556884765625,0.2669478952884674,-4.4582438468933105,1.9555308818817139
1791022018604810800,0.429810791015625,0.3707949221134186,-3.2756097316741943,0.8944587707519531
1791022018622064600,0.447064697265625,0.19364413619041443,-1.7838778495788574,-0.18555018305778503
1791022018639318500,0.464318603515625,-0.14049890637397766,-1.4869976043701172,-0.5758927464485168
1791022018656572400,0.481572509765625,0.11606431007385254,-1.1809543371200562,-0.36942046880722046
1791022018673826300,0.498826416015625,0.5216785073280334,0.044440411031246185,0.22983787953853607
1791022018691080200,0.516080078125,0.5888736248016357,0.8104648590087891,0.7215840220451355
1791022018708334000,0.533333984375,0.06597339361906052,-0.18463388085365295,0.40576693415641785
1791022018725588000,0.550587890625,-0.5491674542427063,-0.4222602844238281,-0.1049160286784172
1791022018742841900,0.567841796875,-0.665842592716217,-0.06856957077980042,-0.40973755717277527
1791022018760095700,0.585095703125,-0.28954991698265076,0.060933761298656464,-0.4243983030319214
1791022018777350000,0.602349853515625,0.06108647957444191,-0.18402300775051117,-0.2124282270669937
1791022018794603800,0.619603759765625,-0.08491020649671555,-0.46135562658309937,-0.4592176079750061
1791022018811857700,0.636857666015625,-0.5705476999282837,-0.541989803314209,-0.7970257997512817
1791022018829111600,0.654111572265625,-0.4477638900279999,-0.5658134818077087,-0.884379506111145
1791022018846365400,0.671365478515625,-0.01588248461484909,-0.7759509682655334,-0.5636754631996155
1791022018863619300,0.688619384765625,0.07330377399921417,-1.23654305934906,-0.25579962134361267
1791022018880873200,0.705873291015625,0.1997527778148651,-1.3000729084014893,-0.2942841053009033
1791022018898127000,0.723127197265625,0.3946186602115631,-0.9280562996864319,-0.4195113778114319
1791022018915381000,0.740381103515625,0.3194822669029236,-0.16936226189136505,-0.3877464234828949
1791022018932635000,0.757634765625,0.18814635276794434,0.8697187304496765,-0.4555523991584778
1791022018949888800,0.774888671875,0.10201441496610641,1.3608540296554565,-0.6937896609306335
1791022018967143000,0.792142822265625,0.11117739230394363,1.197142243385315,-0.8355103135108948
1791022018984396800,0.809396728515625,0.11484257876873016,0.5728384256362915,-0.671187698841095
1791022019001650700,0.826650634765625,0.08857539296150208,-0.09239330142736435,-0.3174969553947449
1791022019018904600,0.843904541015625,-0.011606430634856224,-0.47845983505249023,-0.06765327602624893
1791022019036158500,0.861158447265625,0.06536252796649933,-0.38560840487480164,0.05818486958742142
1791022019053412400,0.878412353515625,0.17592905461788177,-0.24572035670280457,0.033139415085315704
1791022019070666200,0.895666259765625,0.24312418699264526,-0.0539088174700737,-0.03894263133406639
1791022019087920000,0.912920166015625,0.2981020212173462,0.028557928279042244,-0.09697478264570236
1791022019105174300,0.93017431640625,0.24862197041511536,-0.06062832847237587,-0.17821979522705078
1791022019122428200,0.94742822265625,0.09040798991918564,-0.3782780170440674,-0.33399030566215515
1791022019139682000,0.96468212890625,0.29077163338661194,-0.6739365458488464,-0.3565923273563385
1791022019156936000,0.98193603515625,0.8338304162025452,-0.892626166343689,-0.13851359486579895
1791022019174189800,0.99918994140625,1.4257583618164062,-0.9121738076210022,0.06673697382211685
1791022019191443700,1.016443603515625,2.1813981533050537,-1.1583523750305176,0.2787070572376251
1791022019208697600,1.033697509765625,2.762941360473633,-1.9060508012771606,0.44791659712791443
1791022019225951500,1.050951416015625,3.3408195972442627,-2.9738423824310303,0.6586649417877197
1791022019243205400,1.068205322265625,3.8661632537841797,-3.6677849292755127,0.8156571984291077
1791022019260459500,1.08545947265625,4.310872554779053,-4.001317024230957,0.5059487819671631
1791022019277713400,1.10271337890625,4.778184413909912,-4.294532299041748,0.20967933535575867
1791022019294967300,1.11996728515625,5.1428704261779785,-4.694648742675781,0.06673697382211685
1791022019312221200,1.13722119140625,5.338347434997559,-5.340943336486816,0.2909243404865265
1791022019329475000,1.15447509765625,5.313912868499756,-7.543721675872803,1.068555235862732
1791022019346729000,1.17172900390625,5.5032806396484375,-10.81673526763916,2.4985897541046143
1791022019363982800,1.18898291015625,6.566185474395752,-11.335359573364258,3.5981462001800537
1791022019381236700,1.20623681640625,7.649859428405762,-8.075784683227539,2.60426926612854
1791022019398491000,1.223490966796875,8.66084098815918,-5.171123027801514,0.14004075527191162
1791022019415744800,1.240744873046875,7.665131092071533,-4.434420108795166,-1.864817500114441
1791022019432998700,1.25799853515625,1.767231822013855,-5.038565635681152,-4.955793380737305
1791022019450252500,1.27525244140625,3.3658649921417236,-4.535823822021484,-6.9282755851745605
1791022019467506400,1.29250634765625,5.304749965667725,-2.0795364379882812,-5.581929683685303
1791022019484760300,1.30976025390625,5.984642028808594,1.624747633934021,-1.4170535802841187
1791022019502014200,1.32701416015625,5.770228862762451,2.9582653045654297,1.058781385421753
1791022019519268400,1.344268310546875,5.551538944244385,2.2282819747924805,1.1552979946136475
1791022019536522200,1.361522216796875,3.9920012950897217,-0.11255183815956116,-0.6027708053588867
1791022019553776000,1.378776123046875,2.701854944229126,-0.3568977415561676,-1.0315978527069092
1791022019571030000,1.396030029296875,2.2528693675994873,0.17638720571994781,-0.44211336970329285
1791022019588284000,1.413283935546875,1.970038890838623,0.04199695214629173,0.264046311378479
1791022019605537800,1.430537841796875,1.5344923734664917,-0.6782126426696777,1.5749621391296387
1791022019622791700,1.447791748046875,0.8118392825126648,-0.9451605081558228,2.519969940185547
1791022019640045800,1.4650458984375,0.14233149588108063,-0.4399753510951996,2.632369041442871
1791022019657299700,1.4822998046875,-0.15027274191379547,-0.08689551800489426,2.3898556232452393
1791022019674553600,1.4995537109375,-0.7073814272880554,0.009621120058000088,2.1784965991973877
1791022019691807500,1.516807373046875,-1.2626575231552124,1.2881611585617065,1.2286018133163452
1791022019709061400,1.534061279296875,-0.8991929292678833,3.565464973449707,-1.1995856761932373
1791022019726315500,1.5513154296875,-1.6047418117523193,3.11586856842041,-2.1116068363189697
1791022019743569400,1.5685693359375,-3.2540767192840576,1.7408119440078735,-2.5636467933654785
1791022019760824000,1.585823974609375,-5.278482437133789,1.070082426071167,-2.8043274879455566
1791022019778077700,1.60307763671875,-8.55943775177002,0.1256854236125946,-2.1024439334869385
1791022019795331000,1.6203310546875,-10.621716499328613,-0.9237802624702454,-0.36453354358673096
1791022019812585000,1.6375849609375,-8.96749496459961,-1.6409355401992798,0.652556300163269
1791022019829839000,1.654839111328125,-9.607681274414062,-2.464992046356201,0.42592546343803406
1791022019847093000,1.672093017578125,-8.090904235839844,-4.000095367431641,-0.4604393243789673
1791022019864347000,1.689346923828125,-4.0781331062316895,-4.064236164093018,0.34345871210098267
1791022019881600800,1.706600830078125,-2.522871494293213,-3.4723081588745117,1.2035562992095947
1791022019898854700,1.723854736328125,-2.774547815322876,-2.6702425479888916,0.09239330142736435
1791022019916108800,1.74110888671875,-2.7592761516571045,-1.6519310474395752,-0.8965967893600464
1791022019933362700,1.75836279296875,-2.7543892860412598,-1.5010474920272827,-1.363297462463379
1791022019950616600,1.775616455078125,-2.2986841201782227,-0.6647735834121704,-1.2527309656143188
1791022019967870500,1.792870361328125,1.3695588111877441,-2.450331449508667,-1.0346522331237793
1791022019985124600,1.81012451171875,4.5918707847595215,-4.607295036315918,-0.2955058515071869
1791022020002378500,1.82737841796875,4.703047752380371,-1.4454587697982788,0.21945317089557648
1791022020019632400,1.84463232421875,3.0017895698547363,0.27168211340904236,0.5309942364692688
1791022020036886300,1.86188623046875,0.7880155444145203,0.12324196845293045,1.1033744812011719
1791022020054140200,1.87914013671875,-0.20769402384757996,-1.2927426099777222,1.3318378925323486
1791022020071394300,1.896394287109375,0.20708316564559937,-0.975092887878418,0.9476040005683899
1791022020088648200,1.913648193359375,0.7525854110717773,-1.3684898614883423,0.5566505193710327
1791022020105902000,1.930902099609375,1.0604612827301025,-1.2114975452423096,0.8651372194290161
1791022020123156000,1.948156005859375,1.1349867582321167,-1.3049598932266235,1.141248106956482
1791022020140410000,1.96541015625,1.2748748064041138,-1.5077669620513916,1.215162754058838
1791022020157664000,1.9826640625,2.369544506072998,-0.8034399151802063,1.4161372184753418
1791022020174918000,1.99991796875,2.885725259780884,-1.0581705570220947,1.8058689832687378
1791022020192172000,2.017172119140625,2.3090689182281494,-2.4906485080718994,2.1870486736297607
1791022020209426000,2.034426025390625,1.3573415279388428,-2.9573490619659424,2.891375780105591
1791022020226679800,2.0516796875,0.3127627670764923,-1.4417935609817505,2.84739351272583
1791022020243933700,2.06893359375,0.7764091491699219,-0.07834340631961823,2.6757404804229736
1791022020261187800,2.086187744140625,0.8289434909820557,0.6382009983062744,2.3422083854675293
1791022020278441700,2.103441650390625,1.5332705974578857,1.8758130073547363,2.067929983139038
1791022020295695600,2.120695556640625,1.5503748655319214,2.5349361896514893,0.672104001045227
1791022020312949500,2.137949462890625,-0.010384701192378998,1.4249948263168335,-2.19040846824646
1791022020330203600,2.15520361328125,-0.5112938284873962,1.1519381999969482,-2.8073818683624268
1791022020347457500,2.17245751953125,-0.38301220536231995,1.4311034679412842,-0.9717331528663635
1791022020364711400,2.18971142578125,-0.42394015192985535,1.9246822595596313,0.5847502946853638
1791022020381965600,2.206965576171875,-0.41233372688293457,0.42684176564216614,1.3086251020431519
1791022020399219500,2.224219482421875,0.16554436087608337,0.10125083476305008,0.6079631447792053
1791022020416473300,2.241473388671875,0.3738492429256439,-0.12721258401870728,-0.060322895646095276
1791022020433727200,2.258727294921875,-0.1130099818110466,-0.0539088174700737,0.0032070400193333626
1791022020450981400,2.2759814453125,-0.25411975383758545,-1.3672680854797363,0.18524473905563354
1791022020468235300,2.2932353515625,-0.27977606654167175,-3.3104288578033447,0.717307984828949
1791022020485489200,2.3104892578125,-0.8582650423049927,-5.474112033843994,0.4766272306442261
1791022020502743000,2.327742919921875,-1.091004490852356,-6.723941326141357,-0.3877464234828949
1791022020519997200,2.3449970703125,-0.4465421438217163,-4.077064037322998,-0.6577486395835876
1791022020537251000,2.3622509765625,-0.41844236850738525,-1.086881160736084,0.9231693744659424
1791022020554505000,2.3795048828125,0.3439168632030487,-1.6287182569503784,2.0153956413269043
1791022020571759000,2.396759033203125,0.4105011224746704,-2.9316928386688232,2.129016399383545
1791022020589013000,2.414012939453125,-0.22296564280986786,-3.3128724098205566,1.7606650590896606
1791022020606267100,2.43126708984375,-0.45875945687294006,-2.4692680835723877,0.8107702732086182
1791022020623521000,2.44852099609375,1.3732240200042725,-1.7649410963058472,0.4332558512687683
1791022020640775000,2.46577490234375,2.2504258155822754,-1.8663445711135864,1.7008002996444702
1791022020658028800,2.48302880859375,1.8130466938018799,0.5722275972366333,2.381303548812866
1791022020675283000,2.500282958984375,1.722638726234436,2.6815435886383057,1.4894410371780396
1791022020692536800,2.517536865234375,3.0280566215515137,3.194059133529663,0.5474875569343567
1791022020709790700,2.534790771484375,4.137998104095459,0.09941824525594711,0.633619487285614
1791022020727044900,2.552044921875,3.473377227783203,-4.9976372718811035,0.5206094980239868
1791022020744298800,2.569298828125,2.3628249168395996,-7.3861188888549805,0.6678279042243958
1791022020761552600,2.586552734375,1.2675443887710571,-6.741656303405762,1.0355684757232666
1791022020778806800,2.603806884765625,0.3530798554420471,-3.7759079933166504,1.299462080001831
1791022020796060700,2.621060791015625,0.001221729558892548,-0.716086208820343,-0.13545925915241241
1791022020813314800,2.638314697265625,0.4477638900279999,0.8794925808906555,-1.7414227724075317
1791022020830568700,2.655568603515625,0.46486809849739075,-0.12843431532382965,-1.9882121086120605
1791022020847822600,2.672822509765625,0.20647229254245758,-1.5346450805664062,-1.5343396663665771
1791022020865076500,2.690076416015625,0.04825831577181816,-2.2261440753936768,-1.4152209758758545
1791022020882330600,2.70733056640625,0.025045456364750862,-2.68001651763916,-1.5337287187576294
1791022020899584500,2.72458447265625,-0.10201441496610641,-2.325103998184204,-1.7750203609466553
1791022020916838700,2.741838623046875,-0.4202749729156494,-0.522442102432251,-1.966831922531128
1791022020934092500,2.759092529296875,-0.9731075763702393,1.9430081844329834,-2.1311545372009277
1791022020951346400,2.776346435546875,-1.1362085342407227,3.0865468978881836,-2.4182610511779785
1791022020968600600,2.7936005859375,-1.0861176252365112,1.4133883714675903,-2.0798418521881104
1791022020985854500,2.8108544921875,-1.056185245513916,-0.5303833484649658,-0.9546289443969727
1791022021003108400,2.8281083984375,-1.074511170387268,-1.1956150531768799,-0.02916879393160343
1791022021020362500,2.845362548828125,-1.0641264915466309,-0.7722858190536499,0.10399972647428513
1791022021037616600,2.86261669921875,-1.490510106086731,0.24663665890693665,-0.13484840095043182
1791022021054870500,2.87987060546875,-1.656665325164795,0.7799215912818909,-0.5746710300445557
1791022021072124400,2.89712451171875,-1.6322306394577026,0.3095557391643524,-0.7689260244369507
1791022021089378300,2.91437841796875,-1.3072506189346313,-0.4540252387523651,-0.8263473510742188
1791022021106632400,2.931632568359375,-0.36163195967674255,-0.7368556261062622,-1.1812597513198853
1791022021123886300,2.94888623046875,-0.516791582107544,-1.0496183633804321,-0.8752164840698242
1791022021141140200,2.96614013671875,-0.9553925395011902,-0.8657481074333191,-0.6235402226448059
1791022021158394400,2.983394287109375,-1.0506874322891235,-0.5737547278404236,-0.7609847784042358
1791022021175648300,3.000648193359375,-1.1441497802734375,-0.3721693754196167,-0.9277508854866028
1791022021192902400,3.01790234375,-1.12765634059906,-0.46685341000556946,-0.9265291690826416
1791022021210156300,3.03515625,-1.0653481483459473,-0.8162680864334106,-0.6479747891426086
1791022021227410400,3.052410400390625,-1.479514479637146,-2.3764166831970215,-0.028557928279042244
1791022021244664300,3.069664306640625,-2.224158763885498,-1.3672680854797363,0.1663079410791397
1791022021261918200,3.086918212890625,-2.5295910835266113,-0.3685041666030884,0.12293653935194016
1791022021279172400,3.10417236328125,-2.156963586807251,-0.5639809370040894,0.05329795181751251
1791022021296426200,3.12142626953125,-1.5082250833511353,-0.458301305770874,-0.0798705667257309
1791022021313680100,3.13868017578125,-1.0396918058395386,-0.0642935186624527,-0.5276344418525696
1791022021330934300,3.155934326171875,-0.646905779838562,-0.28848087787628174,-0.7689260244369507
1791022021348188200,3.173188232421875,-0.3915643095970154,-0.5737547278404236,-0.4653262495994568
1791022021365442300,3.1904423828125,-0.0720820426940918,-0.8498656153678894,0.3251327872276306
1791022021382696200,3.2076962890625,-0.039706211537122726,-1.0661118030548096,0.8327614068984985
1791022021399950300,3.224950439453125,-0.35185810923576355,-1.7136284112930298,1.2536472082138062
1791022021417204200,3.242204345703125,-0.2614501118659973,-1.8223623037338257,1.5431971549987793
1791022021434458000,3.2594580078125,0.2419024556875229,-1.243262529373169,0.8333722949028015
1791022021451712300,3.276712158203125,0.6707295179367065,-0.44608399271965027,-0.41157013177871704
1791022021468966400,3.29396630859375,0.7373138070106506,-0.7796161770820618,-1.0737475156784058
1791022021486220300,3.31122021484375,0.5882627964019775,-1.2200497388839722,-1.169653296470642
1791022021503474200,3.32847412109375,0.6139190793037415,-0.9005674123764038,-1.0163263082504272
1791022021520728000,3.34572802734375,0.6310232877731323,0.024892739951610565,-0.9356921315193176
1791022021537982200,3.362982177734375,0.7562506198883057,-0.6232348084449768,-1.4335469007492065
1791022021555236000,3.380236083984375,0.3799578845500946,-0.7099775671958923,-1.4726423025131226
1791022021572490200,3.397490234375,-0.3280344009399414,-0.698371171951294,-1.2899936437606812
1791022021589744000,3.414744140625,-0.8796452879905701,-0.8205441236495972,-1.1287254095077515
1791022021606998000,3.431998046875,-1.2534945011138916,-0.9036217331886292,-1.0957386493682861
1791022021624252200,3.449252197265625,-1.4984513521194458,-0.8559742569923401,-1.2203551530838013
1791022021641506000,3.466506103515625,-1.6438370943069458,-0.7118101716041565,-1.5355613231658936
1791022021658760200,3.48376025390625,-1.5625921487808228,-0.6702713966369629,-1.8526002168655396
1791022021676014000,3.50101416015625,-1.2565488815307617,-0.595745861530304,-2.011425018310547
1791022021693268000,3.51826806640625,-1.045189619064331,-0.6617192625999451,-1.7481422424316406
1791022021710522000,3.535522216796875,-1.3103049993515015,-0.6104066371917725,-1.511737585067749
1791022021727776000,3.55277587890625,-1.497840404510498,-0.3306305706501007,-1.3413063287734985
1791022021745030100,3.570030029296875,-1.276707410812378,-0.5566505193710327,-1.0413717031478882
1791022021762284000,3.587283935546875,-1.1349867582321167,-0.9885319471359253,-0.4915934205055237
1791022021779538200,3.6045380859375,-1.3793326616287231,-0.44119709730148315,-0.5575668215751648
1791022021796792000,3.6217919921875,-1.505781650543213,-0.2994764447212219,-0.8306233882904053
1791022021814046000,3.6390458984375,-1.3555089235305786,-0.5933024287223816,-1.1042908430099487
1791022021831300000,3.656300048828125,-1.1905754804611206,-0.7759509682655334,-1.0841323137283325
1791022021848554000,3.673553955078125,-1.0787872076034546,-0.6397281289100647,-0.8495602011680603
1791022021865808000,3.690807861328125,-1.1111630201339722,-0.5542070865631104,-0.7035635113716125
1791022021883062000,3.70806201171875,-1.130099892616272,-0.45769044756889343,-0.7121156454086304
1791022021900316000,3.72531591796875,-1.1294889450073242,-0.43692103028297424,-0.8978185057640076
1791022021917570000,3.742570068359375,-1.3017528057098389,-0.512668251991272,-1.0914626121520996
1791022021934824000,3.759823974609375,-1.4074324369430542,-0.471129447221756,-1.2704460620880127
1791022021952077800,3.777077880859375,-1.507614254951477,-0.6586649417877197,-1.251509189605713
1791022021969332000,3.79433203125,-1.4984513521194458,-0.5780308246612549,-1.1336122751235962
1791022021986585900,3.8115859375,-1.4025455713272095,-0.541378915309906,-0.9961677193641663
1791022022003840000,3.828840087890625,-1.4294235706329346,-0.6580541133880615,-0.9204205274581909
1791022022021094000,3.846093994140625,-1.4477494955062866,-0.6372846961021423,-0.9503529071807861
1791022022038348000,3.86334814453125,-1.461188554763794,-0.5529853701591492,-0.8849903345108032
1791022022055602000,3.880601806640625,-1.36772620677948,-0.37033677101135254,-0.9301943182945251
1791022022072855800,3.897855712890625,-1.313359260559082,-0.24205516278743744,-0.9430224895477295
1791022022090110000,3.91510986328125,-1.3762784004211426,-0.19624030590057373,-0.826958179473877
1791022022107363800,3.93236376953125,-1.444695234298706,0.2759581506252289,-0.9723440408706665
1791022022124618000,3.949617919921875,-1.4660754203796387,0.32788166403770447,-1.103679895401001
1791022022141871900,3.966871826171875,-1.4715732336044312,-0.08567378669977188,-0.8874338269233704
1791022022159125800,3.984125732421875,-1.528383731842041,-0.04108065739274025,-0.8813251852989197
1791022022176380000,4.0013798828125,-1.5705333948135376,-0.14431680738925934,-0.7060069441795349
1791022022193633800,4.0186337890625,-1.536935806274414,-0.1302669197320938,-0.6186532974243164
1791022022210888000,4.035887939453125,-1.4844014644622803,-0.09605848789215088,-0.6046034097671509
1791022022228141800,4.053141845703125,-1.4208714962005615,-0.0007635809597559273,-0.6766854524612427
1791022022245396000,4.07039599609375,-1.4001020193099976,-0.04230238497257233,-0.6656898856163025
1791022022262649900,4.08764990234375,-1.3151918649673462,-0.06551524996757507,-0.6479747891426086
1791022022279903700,4.10490380859375,-1.2180644273757935,-0.011759147047996521,-0.6210967898368835
1791022022297158000,4.122157958984375,-1.0567960739135742,-0.07284562289714813,-0.5545125007629395
1791022022314411800,4.139411865234375,-1.0152572393417358,-0.07712167501449585,-0.46227192878723145
1791022022331665700,4.156665771484375,-1.0238093137741089,0.1262962967157364,-0.46838057041168213
1791022022348919800,4.173919921875,-0.9010255336761475,0.08597921580076218,-0.4195113778114319
1791022022366173700,4.191173583984375,-0.8484911918640137,0.08842267841100693,-0.31383177638053894
1791022022383427800,4.208427734375,-0.7922916412353516,0.10430516302585602,-0.32299473881721497
1791022022400681700,4.225681640625,-0.8301652073860168,0.018173227086663246,-0.24480405449867249
1791022022417936000,4.242935791015625,-0.8564324378967285,0.037720900028944016,-0.10919208079576492
1791022022435189800,4.260189697265625,-0.8093958497047424,0.1366809904575348,-0.15928299725055695
1791022022452443600,4.277443603515625,-0.6334667801856995,0.16355904936790466,-0.2503018379211426
1791022022469697800,4.29469775390625,-0.6860011219978333,0.007177661173045635,-0.23503021895885468
1791022022486951700,4.31195166015625,-0.8063415288925171,-0.023976443335413933,-0.15989385545253754
1791022022504205600,4.32920556640625,-0.7654135823249817,-0.05818486958742142,-0.145843967795372
1791022022521459700,4.346459716796875,-0.7837395071983337,-0.141262486577034,-0.12018764764070511
1791022022538713600,4.363713623046875,-0.7238747477531433,-0.11682789027690887,-0.09575305134057999
1791022022555967700,4.3809677734375,-0.6615665555000305,-0.15225805342197418,-0.07498364895582199
1791022022573221600,4.3982216796875,-0.7360920310020447,-0.09239330142736435,0.07162389904260635
1791022022590475800,4.415475830078125,-0.7519745230674744,-0.12843431532382965,0.12965604662895203
1791022022607729700,4.432729736328125,-0.739757239818573,-0.052687086164951324,0.14920371770858765
1791022022624983600,4.449983642578125,-0.6939423680305481,-0.1101083755493164,0.02458730712532997
1791022022642237700,4.46723779296875,-0.7312051653862,-0.24083344638347626,0.13698641955852509
1791022022659491600,4.48449169921875,-0.7727439403533936,-0.20906847715377808,0.17058399319648743
1791022022676745500,4.501745361328125,-0.8527672290802002,-0.27198755741119385,0.1931859850883484
1791022022693999600,4.51899951171875,-0.9517273306846619,-0.1406516134738922,0.24572035670280457
1791022022711253500,4.53625341796875,-1.0946696996688843,0.00045814859913662076,0.3269653618335724
1791022022728507600,4.553507568359375,-1.1026109457015991,0.15012001991271973,0.39477136731147766
1791022022745761500,4.570761474609375,-1.1612539291381836,-0.017256930470466614,0.5303833484649658
1791022022763015400,4.588015380859375,-1.2577705383300781,-0.08933897316455841,0.5853611826896667
1791022022780269600,4.60526953125,-1.33290696144104,0.016340631991624832,0.6097957491874695
1791022022797523500,4.6225234375,-1.331685185432434,0.15012001991271973,0.615293562412262
1791022022814777600,4.639777587890625,-1.3481786251068115,0.2631300091743469,0.6751583218574524
1791022022832031500,4.657031494140625,-1.3151918649673462,-0.010537417605519295,0.6452259421348572
1791022022849285600,4.67428564453125,-1.4019346237182617,0.034666575491428375,0.7564033269882202
1791022022866539500,4.69153955078125,-1.4227041006088257,0.5258018374443054,0.8547525405883789
1791022022883793400,4.70879345703125,-1.29503333568573,0.2808450758457184,0.8523091077804565
1791022022901047600,4.726047607421875,-1.4563016891479492,0.2838993966579437,1.0911571979522705
1791022022918301400,4.743301513671875,-1.3561197519302368,0.577725350856781,1.0832159519195557
1791022022935555300,4.760555419921875,-1.3029745817184448,0.11346813291311264,1.0123556852340698
1791022022952809500,4.7778095703125,-1.1508692502975464,-1.0850485563278198,0.46135562658309937
1791022022970063400,4.7950634765625,-1.4043781757354736,0.09330959618091583,0.8523091077804565
1791022022987317500,4.8123173828125,-1.6224569082260132,0.21914774179458618,1.1516327857971191
1791022023004571400,4.8295712890625,-1.7947207689285278,0.8758273720741272,1.5163191556930542
1791022023021825500,4.846825439453125,-1.9828671216964722,0.7658717036247253,1.5438079833984375
1791022023039079400,4.864079345703125,-2.4636175632476807,0.3877464234828949,1.4827215671539307
1791022023056333600,4.88133349609375,-2.916879415512085,0.5367974042892456,1.4527891874313354
1791022023073587500,4.89858740234375,-2.9553637504577637,1.0639737844467163,1.3849831819534302
1791022023090841300,4.91584130859375,-2.8038692474365234,1.0768018960952759,1.3519964218139648
1791022023108095500,4.933095458984375,-2.6535966396331787,0.4702131748199463,1.3336704969406128
1791022023125349400,4.950349365234375,-2.6328272819519043,0.6101012229919434,1.4943280220031738
1791022023142603300,4.967603271484375,-2.6340489387512207,0.393244206905365,1.54930579662323
1791022023159857400,4.984857421875,-2.3762640953063965,0.6357575058937073,1.4778345823287964
1791022023177111300,5.002111328125,-1.6407828330993652,0.28328853845596313,1.4705042839050293
1791022023194365400,5.019365478515625,-0.794124186038971,-0.17363831400871277,1.5444189310073853
1791022023211619300,5.036619384765625,-0.9902117848396301,0.09941824525594711,1.5041017532348633
1791022023228873500,5.05387353515625,-1.3842196464538574,-0.1308777779340744,1.5120429992675781
1791022023246127400,5.07112744140625,-1.1081087589263916,-0.8309288024902344,1.0538945198059082
1791022023263381500,5.088381591796875,-1.0048725605010986,-0.5823068618774414,0.9152281284332275
1791022023280635400,5.105635498046875,-1.0800089836120605,0.1568395346403122,0.8907935619354248
1791022023297889300,5.12288916015625,-0.9028581380844116,0.11468986421823502,0.8987348079681396
1791022023315143400,5.140143310546875,-0.4105011224746704,-0.6586649417877197,1.3135119676589966
1791022023332397600,5.1573974609375,0.007941242307424545,-0.9439387917518616,1.6085597276687622
1791022023349651200,5.174651123046875,-0.05803215503692627,-0.5725330114364624,1.6391029357910156
1791022023366905300,5.1919052734375,-0.48441576957702637,-0.3153589367866516,1.4888302087783813
1791022023384159200,5.2091591796875,-0.9376774430274963,-0.4332558512687683,1.0960441827774048
1791022023401413400,5.226413330078125,-0.9230166673660278,-0.18646647036075592,1.0190751552581787
1791022023418667300,5.243667236328125,-0.5522217750549316,0.08414662629365921,1.2573124170303345
1791022023435921400,5.26092138671875,-0.3280344009399414,0.2503018379211426,1.5694643259048462
1791022023453175300,5.27817529296875,-0.24862197041511536,-0.08628465235233307,1.6769765615463257
1791022023470429200,5.29542919921875,-0.23335035145282745,-0.585972011089325,1.5517492294311523
1791022023487683300,5.312683349609375,-0.5259546041488647,-0.8804088830947876,1.3403900861740112
1791022023504937200,5.329937255859375,-0.9193515181541443,-0.7179188132286072,1.0459532737731934
1791022023522191400,5.34719140625,-0.656679630279541,0.5025889873504639,-0.187382772564888
1791022023539445200,5.3644453125,-0.46608981490135193,1.7408119440078735,-0.939357340335846
1791022023556699400,5.381699462890625,-0.22846342623233795,0.36392268538475037,0.43081238865852356
1791022023573953300,5.398953369140625,0.1588248461484909,-0.523052990436554,1.6458224058151245
1791022023591207200,5.416207275390625,0.10384701192378998,-0.21639885008335114,2.056323528289795
1791022023608461300,5.43346142578125,-0.07024945318698883,0.1055268943309784,1.8516838550567627
1791022023625715200,5.450715087890625,-0.3280344009399414,0.24174973368644714,1.743560791015625
1791022023642969300,5.46796923828125,-0.2632827162742615,0.6223185062408447,1.7307326793670654
1791022023660223200,5.48522314453125,0.014660755172371864,1.1531599760055542,1.4827215671539307
1791022023677477400,5.502477294921875,0.13439024984836578,1.198974847793579,1.111926555633545
1791022023694731300,5.519731201171875,0.20830489695072174,2.7145304679870605,1.0276272296905518
1791022023711985200,5.536985107421875,0.7061597108840942,3.3241734504699707,0.9121738076210022
1791022023729239300,5.5542392578125,0.8796452879905701,2.659552574157715,0.7961094975471497
1791022023746493200,5.5714931640625,0.8197805285453796,2.162919521331787,0.6806560754776001
1791022023763747300,5.588747314453125,0.638353705406189,2.909396171569824,0.6299542784690857
1791022023781001500,5.60600146484375,0.7422007322311401,3.403585910797119,0.5792525410652161
1791022023798255400,5.62325537109375,0.9376774430274963,1.835495948791504,0.672104001045227
1791022023815509200,5.64050927734375,0.4111120104789734,-0.1302669197320938,1.2011128664016724
1791022023832763100,5.65776318359375,0.6615665555000305,-3.9414522647857666,2.1253511905670166
1791022023850017300,5.675017333984375,0.7910698652267456,-2.325103998184204,2.637866735458374
1791022023867271200,5.692271240234375,0.25900667905807495,-2.640921115875244,0.15042544901371002
1791022023884525300,5.709525390625,-0.7666352987289429,-3.473529815673828,-0.7194460034370422
1791022023901779200,5.726779296875,-1.212566614151001,-4.000095367431641,-0.9295834898948669
1791022023919033300,5.744033447265625,-0.21135921776294708,-2.369086265563965,-0.7298306822776794
1791022023936287200,5.761287353515625,0.11728604137897491,-1.3611594438552856,0.03375028073787689
1791022023953541400,5.778541259765625,-0.18142683804035187,-1.3923135995864868,0.24999640882015228
1791022023970795300,5.795795166015625,-0.08552107214927673,0.24174973368644714,0.4943423271179199
1791022023988049200,5.813049072265625,0.09468404203653336,1.696218729019165,0.7307469844818115
1791022024005303300,5.83030322265625,0.04153880476951599,1.7175990343093872,0.5334376692771912
1791022024022557200,5.84755712890625,-0.017715077847242355,1.0566433668136597,0.3318522870540619
1791022024039811300,5.864811279296875,0.08857539296150208,0.734106719493866,0.3367392122745514
1791022024057065200,5.882065185546875,-0.0054977829568088055,0.6791289448738098,0.39049530029296875
1791022024074319400,5.8993193359375,-0.26511532068252563,0.7292198538780212,0.3733910918235779
1791022024091573200,5.9165732421875,-0.3488037884235382,0.8660535216331482,0.039858926087617874
1791022024108827100,5.9338271484375,-0.20952661335468292,0.8067996501922607,-0.1055268943309784
1791022024126081300,5.951081298828125,-0.10873392969369888,0.6595812439918518,-0.054214250296354294
1791022024143335200,5.968335205078125,-0.15149445831775665,-0.0642935186624527,-0.20143266022205353
1791022024160589300,5.98558935546875,-0.8338304162025452,-1.4912736415863037,-1.1782054901123047
1791022024177843200,6.00284326171875,-1.6780455112457275,-0.20051635801792145,-1.7121012210845947
1791022024195097300,6.020097412109375,-0.4667007029056549,2.274707794189453,-0.8581122756004333
1791022024212351500,6.0373515625,0.17776164412498474,1.6766711473464966,-0.29672756791114807
1791022024229605000,6.054605224609375,0.21135921776294708,0.7793107628822327,0.31413722038269043
1791022024246859300,6.071859375,0.20402882993221283,0.2857320010662079,0.3116937577724457
1791022024264113200,6.089113037109375,0.23518294095993042,0.14340050518512726,0.008704823441803455
1791022024281367300,6.1063671875,0.21135921776294708,0.1409570425748825,-0.2228129357099533
1791022024298621200,6.12362109375,0.15210533142089844,0.35537058115005493,-0.25702136754989624
1791022024315875300,6.140875244140625,0.08063415437936783,0.32360562682151794,-0.21914774179458618
1791022024333129200,6.158129150390625,-0.056810423731803894,0.12873975932598114,-0.39629852771759033
1791022024350383400,6.17538330078125,-0.4581485986709595,0.47204574942588806,-0.7316632866859436
1791022024367637200,6.19263720703125,-0.8765909671783447,1.0151045322418213,-1.1012364625930786
1791022024384891400,6.209891357421875,-0.8826996088027954,1.6406301259994507,-0.8061888217926025
1791022024402145300,6.227145263671875,-0.24801109731197357,1.152549147605896,-0.5728384256362915
1791022024419399400,6.2443994140625,0.13439024984836578,0.8043562173843384,-0.7506000995635986
1791022024436653300,6.2616533203125,-0.05558869615197182,0.8428406715393066,-0.8898772597312927
1791022024453907200,6.2789072265625,-0.15760311484336853,0.5826122760772705,-1.0914626121520996
1791022024471161300,6.296161376953125,-0.2162461280822754,0.19104796648025513,-1.1892009973526
1791022024488415200,6.313415283203125,-0.1337793916463852,0.053603384643793106,-1.0181589126586914
1791022024505669400,6.33066943359375,-0.19181154668331146,0.23258677124977112,-0.7615956664085388
1791022024522923300,6.34792333984375,-0.22296564280986786,-0.24205516278743744,-0.9497420191764832
1791022024540177200,6.36517724609375,-0.24862197041511536,-0.6501128673553467,-1.328478217124939
1791022024557431300,6.382431396484375,-0.13133592903614044,-0.9042325615882874,-1.440266489982605
1791022024574685200,6.399685302734375,0.05558869615197182,-0.6904299259185791,-1.264337420463562
1791022024591939300,6.416939208984375,0.06841685622930527,0.1922696828842163,-1.1348340511322021
1791022024609193200,6.434193115234375,0.30482152104377747,0.718224287033081,-0.8031344413757324
1791022024626447400,6.451447265625,0.48502662777900696,0.5068650245666504,-0.3254382014274597
1791022024643701200,6.468701171875,0.5064069032669067,0.4751000702381134,-0.23747368156909943
1791022024660955400,6.485955322265625,0.36774060130119324,0.5716167092323303,-0.5025889873504639
1791022024678209300,6.503209228515625,0.06108647957444191,0.651029109954834,-0.7322741746902466
1791022024695463200,6.520463134765625,-0.18631376326084137,0.49220430850982666,-0.855057954788208
1791022024712717300,6.53771728515625,-0.1130099818110466,-0.07651081681251526,-1.0248783826828003
1791022024729971200,6.55497119140625,0.205861434340477,-0.2023489624261856,-1.1128429174423218
1791022024747225300,6.572225341796875,0.38179048895835876,0.17027856409549713,-1.0138828754425049
1791022024764479200,6.589479248046875,0.28405213356018066,0.58749920129776,-0.8703296184539795
1791022024781733400,6.6067333984375,0.08552107214927673,0.7793107628822327,-0.7658717036247253
1791022024798987300,6.6239873046875,0.0665842592716217,0.6424770355224609,-0.7194460034370422
1791022024816241400,6.641241455078125,0.1588248461484909,0.25091269612312317,-0.6870701313018799
1791022024833495300,6.658495361328125,0.12950333952903748,-0.039248060435056686,-0.6223185062408447
1791022024850749200,6.675749267578125,-0.006108647678047419,0.1922696828842163,-0.5618428587913513
1791022024868003300,6.69300341796875,-0.20402882993221283,0.4641045033931732,-0.4659371078014374
1791022024885257200,6.71025732421875,-0.24740023910999298,0.5190823674201965,-0.3883572816848755
1791022024902511400,6.727511474609375,-0.1533270627260208,0.30894485116004944,-0.41523534059524536
1791022024919765200,6.74476513671875,-0.09101885557174683,-0.892015278339386,-0.6577486395835876
1791022024937019400,6.762019287109375,-0.26511532068252563,-0.46624255180358887,-1.1030690670013428
1791022024954273300,6.779273193359375,-0.23762640357017517,-0.0642935186624527,-0.8483384847640991
1791022024971527400,6.79652734375,-0.17592905461788177,0.20387612283229828,-0.43050694465637207
1791022024988781300,6.81378125,-0.1496618688106537,0.3718639314174652,-0.34437501430511475
1791022025006035500,6.831035400390625,-0.12767073512077332,0.1818849891424179,-0.5148062705993652
1791022025023289300,6.848289306640625,-0.07574722915887833,0.16355904936790466,-0.7218894362449646
1791022025040543500,6.86554345703125,-0.0769689604640007,0.07864884287118912,-0.7951932549476624
1791022025057797400,6.88279736328125,-0.2205221801996231,-0.1052214577794075,-0.7768672704696655
1791022025075051300,6.90005126953125,-0.32192572951316833,-0.13881902396678925,-0.8477275967597961
1791022025092305400,6.917305419921875,-0.2565632164478302,0.024892739951610565,-0.8666644096374512
1791022025109559300,6.934559326171875,-0.14233149588108063,0.19043709337711334,-0.8141300082206726
1791022025126813400,6.9518134765625,-0.11728604137897491,0.051159925758838654,-0.7163916826248169
1791022025144067300,6.9690673828125,-0.18264856934547424,-0.13698641955852509,-0.6931788325309753
1791022025161321500,6.986321533203125,-0.27427828311920166,-0.24572035670280457,-0.651639997959137
1791022025178575400,7.003575439453125,-0.30482152104377747,-0.388662725687027,-0.5801688432693481
1791022025195829500,7.02082958984375,-0.16065743565559387,-0.6207913160324097,-0.6644681692123413
1791022025213083400,7.03808349609375,-0.013439024798572063,-0.8272636532783508,-0.7567087411880493
1791022025230337500,7.055337646484375,0.14538581669330597,-0.7154753804206848,-0.9454659819602966
1791022025247591400,7.07259130859375,0.16249002516269684,-0.5920807123184204,-1.1000148057937622
1791022025264845600,7.089845458984375,0.01282816007733345,-0.8419243693351746,-0.9656245112419128
1791022025282099500,7.107099365234375,-0.036651886999607086,-0.9280562996864319,-0.791528046131134
1791022025299353300,7.124353271484375,0,-0.8559742569923401,-0.8856012225151062
1791022025316607500,7.141607421875,0,-0.7637336850166321,-0.9112575054168701
1791022025333861400,7.158861328125,-0.009773836471140385,-0.7557924389839172,-0.8513928055763245
1791022025351115500,7.176115478515625,-0.09957095980644226,-0.8266527652740479,-0.9625701904296875
1791022025368369400,7.193369384765625,-0.24495677649974823,-0.7673988938331604,-0.8813251852989197
1791022025385623600,7.21062353515625,-0.27855435013771057,-0.6317868828773499,-0.8129082918167114
1791022025402877400,7.22787744140625,-0.27916520833969116,-0.7331904768943787,-0.8923207521438599
1791022025420131600,7.245131591796875,-0.3433060050010681,-0.8077159523963928,-0.6944005489349365
1791022025437385500,7.262385498046875,-0.30054548382759094,-0.7063124179840088,-0.6656898856163025
1791022025454639600,7.2796396484375,-0.27977606654167175,-0.6666061878204346,-0.8122974634170532
1791022025471893500,7.2968935546875,-0.3481929302215576,-0.503505289554596,-0.753654420375824
1791022025489147400,7.3141474609375,-0.4819723069667816,-0.6311760544776917,-0.6119337677955627
1791022025506401500,7.331401611328125,-0.5235111117362976,-0.6855430006980896,-0.5545125007629395
1791022025523655400,7.348655517578125,-0.4978547990322113,-0.502894401550293,-0.6058251261711121
1791022025540909600,7.36590966796875,-0.5314523577690125,-0.6189587116241455,-0.671187698841095
1791022025558163500,7.38316357421875,-0.637742817401886,-0.6928733587265015,-0.6577486395835876
1791022025575417600,7.40041748046875,-0.648127555847168,-0.5908589363098145,-0.7518218159675598
1791022025592671500,7.41767138671875,-0.7165443897247314,-0.4631882309913635,-0.8391754627227783
1791022025609925600,7.434925537109375,-0.7428115606307983,-0.6562215089797974,-0.7848085165023804
1791022025627179500,7.452179443359375,-0.6841685771942139,-0.6788234710693359,-0.698676586151123
1791022025644433700,7.46943359375,-0.5949822664260864,-0.5438223481178284,-0.7060069441795349
1791022025661687600,7.4866875,-0.5949822664260864,-0.5334376692771912,-0.7328850030899048
1791022025678941700,7.503941650390625,-0.5754346251487732,-0.5542070865631104,-0.6027708053588867
1791022025696195600,7.521195556640625,-0.5174024701118469,-0.4802924394607544,-0.7133373618125916
1791022025713449700,7.53844970703125,-0.4776962697505951,-0.48273590207099915,-0.8067996501922607
1791022025730703600,7.55570361328125,-0.5229002237319946,-0.4741837978363037,-0.6058251261711121
1791022025747957800,7.572957763671875,-0.6090322136878967,-0.33368489146232605,-0.5392408967018127
1791022025765211600,7.590211669921875,-0.6151408553123474,-0.023365577682852745,-0.5856665968894958
1791022025782465500,7.607465576171875,-0.6230821013450623,-0.4033234715461731,-0.393244206905365
1791022025799719700,7.6247197265625,-0.6029235124588013,-0.3196350038051605,-0.37491825222969055
1791022025816973600,7.6419736328125,-0.554665207862854,0.1727220118045807,-0.6143772602081299
1791022025834227700,7.659227783203125,-0.4459312856197357,-0.06856957077980042,-0.5019781589508057
1791022025851481600,7.676481689453125,-0.3952295184135437,0.10858121514320374,-0.5080868005752563
1791022025868735700,7.69373583984375,-0.37323838472366333,0.38469210267066956,-0.44150251150131226
1791022025885989600,7.71098974609375,-0.3292561173439026,0.5129737257957458,-0.2893971800804138
1791022025903243800,7.728243896484375,-0.2528980076313019,0.4286743700504303,-0.12140937149524689
1791022025920497700,7.74549755859375,-0.1490510106086731,0.6485856771469116,-0.16844595968723297
1791022025937751800,7.762751708984375,-0.013439024798572063,0.6998983025550842,-0.2747364342212677
1791022025955005700,7.780005615234375,0.14599667489528656,0.4842630624771118,-0.10308343172073364
1791022025972259800,7.797259765625,0.2522871494293213,0.8403972387313843,-0.12324196845293045
1791022025989513700,7.814513671875,0.3237583339214325,0.6974548697471619,-0.064598947763443
1791022026006767600,7.831767578125,0.3689623177051544,0.6180424690246582,0.10277800261974335
1791022026024021800,7.849021728515625,0.34086254239082336,0.8251255750656128,0.11804962158203125
1791022026041275600,7.866275634765625,0.3292561173439026,0.5520690679550171,0.1314886510372162
1791022026058529800,7.88352978515625,0.3995055556297302,0.6473639607429504,0.2286161482334137
1791022026075783700,7.90078369140625,0.36651885509490967,0.6644681692123413,0.4198168218135834
1791022026093037800,7.918037841796875,0.31093016266822815,0.8336777091026306,0.6299542784690857
1791022026110291700,7.935291748046875,0.27855435013771057,1.001665472984314,0.5829176902770996
1791022026127545900,7.9525458984375,0.33108872175216675,0.986393928527832,0.7313578724861145
1791022026144799700,7.9697998046875,0.3390299379825592,1.0609194040298462,0.808937668800354
1791022026162054000,7.987053955078125,0.29016077518463135,1.0456477403640747,0.8541416525840759
1791022026179307800,8.004307861328124,0.3121519088745117,1.0566433668136597,0.873078465461731
1791022026196562000,8.02156201171875,0.4214966893196106,1.198364019393921,0.9048434495925903
1791022026213815800,8.03881591796875,0.5204567909240723,1.131779670715332,0.8981239199638367
1791022026231069700,8.056069580078125,0.6218603253364563,0.8605557680130005,1.0349576473236084
1791022026248323800,8.07332373046875,0.6860011219978333,0.6827940940856934,1.0581705570220947
1791022026265577700,8.09057763671875,0.6988292932510376,0.7799215912818909,1.1143701076507568
1791022026282832000,8.107831787109374,0.6750055551528931,1.0273218154907227,1.096655011177063
1791022026300085800,8.125085693359376,0.6988292932510376,0.9717331528663635,1.2078323364257812
1791022026317340000,8.14233984375,0.7745765447616577,0.8355103135108948,1.243262529373169
1791022026334593800,8.15959375,0.880256175994873,0.8978185057640076,1.2163845300674438
1791022026351848000,8.176847900390625,0.9798271059989929,0.9497420191764832,1.1840087175369263
1791022026369101800,8.194101806640624,1.0677915811538696,1.0389282703399658,1.1320852041244507
1791022026386356000,8.21135595703125,1.138651967048645,1.1580469608306885,1.1339176893234253
1791022026403609900,8.22860986328125,1.232114315032959,1.0261001586914062,1.0282381772994995
1791022026420864000,8.245864013671875,1.3090832233428955,1.1812597513198853,0.7967203855514526
1791022026438118000,8.263117919921875,1.3817760944366455,1.0975712537765503,0.8663589954376221
1791022026455372000,8.2803720703125,1.452636480331421,0.8758273720741272,0.8144354820251465
1791022026472626000,8.2976259765625,1.3500111103057861,0.7951932549476624,0.8443678617477417
1791022026489879800,8.3148798828125,1.2290599346160889,0.3871355652809143,1.134528636932373
1791022026507134000,8.332134033203126,1.145371437072754,0.1727220118045807,1.1210895776748657
1791022026524387800,8.349387939453125,1.046411395072937,0.15378521382808685,0.9463822841644287
1791022026541642000,8.36664208984375,0.9077450633049011,0.1256854236125946,0.7826704978942871
1791022026558895900,8.383895751953125,0.7635809779167175,0.18616104125976562,0.6794343590736389
1791022026576150000,8.40114990234375,0.7330377101898193,0.047494735568761826,0.6696605086326599
1791022026593404000,8.41840380859375,0.8081740736961365,-0.061850059777498245,0.5578722357749939
1791022026610658000,8.435657958984375,0.9327905178070068,-0.18585561215877533,0.5181660652160645
1791022026627912000,8.452911865234375,1.0488548278808594,-0.4277580678462982,0.549930989742279
1791022026645166000,8.470166015625,1.1221586465835571,-0.5743656158447266,0.5621483325958252
1791022026662420000,8.487419921875,1.0848958492279053,-0.49312058091163635,0.5737547278404236
1791022026679674000,8.504674072265624,0.8478803038597107,-0.3868301212787628,0.490677148103714
1791022026696928000,8.521927978515626,0.4465421438217163,-0.24510949850082397,0.3006981909275055
1791022026714182100,8.53918212890625,0.1795942485332489,-0.13820815086364746,0.09361502528190613
1791022026731436000,8.55643603515625,0.14599667489528656,-0.11438442766666412,0.06795870512723923
1791022026748690000,8.57368994140625,0.2724456787109375,-0.3116937577724457,0.15225805342197418
1791022026765944000,8.590944091796874,0.2461785078048706,-0.5969675779342651,0.11804962158203125
1791022026783198200,8.6081982421875,0.09896009415388107,-0.5279398560523987,0.10583232343196869
1791022026800452000,8.6254521484375,0.06291907280683517,-0.2994764447212219,0.21395538747310638
1791022026817706200,8.642706298828125,0.14477495849132538,0.06765327602624893,0.3935496211051941
1791022026834960100,8.659960205078125,0.08857539296150208,-0.28176137804985046,0.3623955249786377
1791022026852214300,8.67721435546875,-0.0720820426940918,-0.39416050910949707,0.26648977398872375
1791022026869468200,8.69446826171875,-0.1331685185432434,-0.141262486577034,0.11438442766666412
1791022026886722000,8.71172216796875,-0.15088360011577606,-0.1510363221168518,-0.125074565410614
1791022026903976200,8.72897607421875,-0.24984370172023773,-0.34956738352775574,-0.3272708058357239
1791022026921230000,8.74622998046875,-0.2632827162742615,-0.23655737936496735,-0.3975202441215515
1791022026938484200,8.763484130859375,-0.02260199747979641,-0.039248060435056686,-0.3969093859195709
1791022026955738000,8.780738037109375,0.13255766034126282,-0.11133010685443878,-0.38957902789115906
1791022026972992300,8.7979921875,0.039706211537122726,-0.22556181252002716,-0.33276858925819397
1791022026990246100,8.81524609375,-0.1185077652335167,-0.1925751268863678,-0.2551887631416321
1791022027007500300,8.832500244140626,-0.11117739230394363,0.0010690133785828948,-0.3156643807888031
1791022027024754200,8.849754150390625,-0.23945899307727814,0.09697478264570236,-0.4897608458995819
1791022027042008300,8.86700830078125,-0.37751442193984985,0.15439607203006744,-0.4958694875240326
1791022027059262200,8.88426220703125,-0.42882707715034485,0.27229297161102295,-0.2741255760192871
1791022027076516400,8.901516357421874,-0.26511532068252563,0.4494437575340271,-0.14523309469223022
1791022027093770200,8.918770263671876,-0.235793799161911,0.3058905303478241,-0.3413206934928894
1791022027111024400,8.9360244140625,-0.32681265473365784,-0.05696314200758934,-0.5630646347999573
1791022027128278300,8.9532783203125,-0.328645259141922,-0.04718930274248123,-0.5856665968894958
1791022027145532400,8.970532470703125,-0.24312418699264526,0.11102467030286789,-0.4958694875240326
1791022027162786300,8.987786376953125,-0.24923282861709595,0.13484840095043182,-0.4689914286136627
1791022027180040400,9.00504052734375,-0.2987128794193268,-0.02825249545276165,-0.44150251150131226
1791022027197294300,9.02229443359375,-0.25534147024154663,-0.028863361105322838,-0.37003132700920105
1791022027214548200,9.03954833984375,-0.19425499439239502,0.1977674663066864,-0.5227475166320801
1791022027231802400,9.05680224609375,-0.2864955961704254,0.04566214233636856,-0.8257364630699158
1791022027249056300,9.07405615234375,-0.5290089249610901,-0.2799287736415863,-0.9198096394538879
1791022027266310400,9.091310302734374,-0.6249146461486816,-0.09850194305181503,-0.928972601890564
1791022027283564300,9.108564208984374,-0.6725621223449707,0.13179408013820648,-1.0572541952133179
1791022027300818400,9.125818359375,-0.7531962990760803,-0.0019853105768561363,-1.0535889863967896
1791022027318072300,9.143072265625,-0.7324268817901611,-0.2811505198478699,-0.8666644096374512
1791022027335326500,9.160326416015625,-0.5149590373039246,-0.3068068325519562,-0.9912807941436768
1791022027352580400,9.177580322265625,-0.3995055556297302,-0.23472478985786438,-1.2521201372146606
1791022027369834500,9.19483447265625,-0.4667007029056549,-0.5181660652160645,-1.0010546445846558
1791022027387088400,9.21208837890625,-0.4111120104789734,-0.4094321131706238,-0.8422298431396484
1791022027404342500,9.229342529296876,-0.35246896743774414,-0.5645917654037476,-0.9332486391067505
1791022027421596400,9.246596435546875,-0.39889469742774963,-0.7863357067108154,-1.0022764205932617
1791022027438850600,9.2638505859375,-0.3860665261745453,-0.9677625298500061,-1.034041404724121
1791022027456104400,9.2811044921875,-0.32131487131118774,-1.2652536630630493,-1.15132737159729
1791022027473358600,9.298358642578124,-0.22663083672523499,-1.1357502937316895,-1.3626866340637207
1791022027490612500,9.315612548828126,-0.11667517572641373,-0.8388700485229492,-1.3761255741119385
1791022027507866400,9.332866455078126,-0.08491020649671555,-0.9952514171600342,-1.114675521850586
1791022027525120500,9.35012060546875,-0.12705987691879272,-1.041066288948059,-1.0022764205932617
1791022027542374400,9.36737451171875,-0.16126830875873566,-0.8797979950904846,-1.1446079015731812
1791022027559628500,9.384628662109375,-0.20158538222312927,-0.9097303748130798,-1.136055827140808
1791022027576882400,9.40188232421875,-0.21746785938739777,-0.9170607328414917,-1.057865023612976
1791022027594136600,9.419136474609376,-0.18692462146282196,-0.6580541133880615,-1.1403318643569946
1791022027611390500,9.436390380859375,-0.13683371245861053,-0.6378955245018005,-1.244789719581604
1791022027628644600,9.45364453125,-0.2516762912273407,-0.828485369682312,-1.3474149703979492
1791022027645898500,9.4708984375,-0.3744601011276245,-0.9909753799438477,-1.4384338855743408
1791022027663152600,9.488152587890625,-0.4062250852584839,-0.8791871070861816,-1.4915790557861328
1791022027680406500,9.505406494140624,-0.39217519760131836,-0.5364919900894165,-1.5367830991744995
1791022027697660700,9.52266064453125,-0.47464191913604736,-0.7509055137634277,-1.384677767753601
1791022027714914600,9.53991455078125,-0.3952295184135437,-0.5743656158447266,-1.3596322536468506
1791022027732168700,9.557168701171875,-0.41783151030540466,-0.5193877816200256,-1.1659882068634033
1791022027749422600,9.574422607421875,-0.41294458508491516,-0.6635518670082092,-1.0450369119644165
1791022027766676700,9.5916767578125,-0.41294458508491516,-0.5291616320610046,-0.8666644096374512
1791022027783930600,9.6089306640625,-0.42271843552589417,-0.4552469849586487,-0.7133373618125916
1791022027801184800,9.626184814453126,-0.35674503445625305,-0.41554075479507446,-0.6663007736206055
1791022027818438700,9.643438720703125,-0.27916520833969116,-0.005039634648710489,-0.5978838801383972
1791022027835692800,9.66069287109375,-0.2467893660068512,-0.0032070400193333626,-0.3303251266479492
1791022027852946700,9.67794677734375,-0.1588248461484909,0.031001387163996696,-0.19104796648025513
1791022027870200800,9.695200927734374,-0.2107483446598053,0.24663665890693665,-0.08597921580076218
1791022027887454700,9.712454833984374,-0.12034036219120026,0.443945974111557,0.10766492038965225
1791022027904708600,9.72970849609375,-0.043982263654470444,0.3920224606990814,0.11255183815956116
1791022027921962800,9.746962646484375,-0.04214967042207718,0.47815442085266113,0.22067490220069885
1791022027939217000,9.764216796875,0.03543015569448471,0.9130901098251343,0.3404043912887573
1791022027956470800,9.781470703125,0.08491020649671555,0.7866411209106445,0.48212501406669617
1791022027973724700,9.798724609375,0.1692095398902893,0.8440623879432678,0.7228057384490967
1791022027990978800,9.815978759765626,0.18814635276794434,0.9845613241195679,0.6446150541305542
1791022028008233000,9.83323291015625,0.22296564280986786,0.7622065544128418,0.7557924389839172
1791022028025486800,9.85048681640625,0.370184063911438,0.8116865754127502,0.9476040005683899
1791022028042740700,9.86774072265625,0.5473348498344421,0.9375247359275818,1.1168135404586792
1791022028059995000,9.884994873046875,0.5717694163322449,0.8129082918167114,1.315955400466919
1791022028077248800,9.902248779296874,0.4563159942626953,0.9246965646743774,1.4002548456192017
1791022028094503000,9.9195029296875,0.32009315490722656,1.0218240022659302,1.5444189310073853
1791022028111756800,9.9367568359375,0.32131487131118774,0.6956222653388977,1.7612758874893188
1791022028129011000,9.954010986328125,0.30482152104377747,0.5557342171669006,1.724013090133667
1791022028146264800,9.971264892578125,0.2406807243824005,0.6717985272407532,1.65987229347229
1791022028163519000,9.98851904296875,0.3084867000579834,0.5893318057060242,1.8687881231307983
1791022028180772900,10.00577294921875,0.4929678738117218,0.37980517745018005,2.078925609588623
1791022028198027000,10.023027099609376,0.7000510096549988,0.494647741317749,2.0135629177093506
1791022028215281000,10.040281005859375,0.7574723362922668,0.8996511101722717,1.9176572561264038
1791022028232535000,10.05753515625,0.7367029190063477,1.291215419769287,1.8712315559387207
1791022028249789000,10.074788818359375,0.7721330523490906,1.6369649171829224,1.846796989440918
1791022028267043000,10.09204296875,0.8765909671783447,1.5697697401046753,1.7869322299957275
1791022028284297000,10.109296875,0.9816597104072571,1.2319614887237549,1.5743513107299805
1791022028301550800,10.12655078125,0.9804379940032959,0.8684970140457153,1.4796671867370605
1791022028318805000,10.143804931640625,0.9572250843048096,0.873994767665863,1.4729477167129517
1791022028336059000,10.161058837890625,1.091004490852356,0.8709404468536377,1.2340996265411377
1791022028353313000,10.17831298828125,1.163697361946106,0.5765036344528198,1.0306816101074219
1791022028370567000,10.19556689453125,1.1795798540115356,0.31261005997657776,0.8443678617477417
1791022028387821000,10.212821044921874,1.1905754804611206,0.3523162603378296,0.6995928883552551
1791022028405075000,10.230074951171876,1.1600322723388672,0.09086613357067108,0.7228057384490967
1791022028422329000,10.2473291015625,1.0042617321014404,-0.18646647036075592,0.8022181987762451
1791022028439583000,10.2645830078125,0.8442151546478271,-0.17424917221069336,0.7735075354576111
1791022028456837000,10.281837158203125,0.7531962990760803,0.022449281066656113,0.70753413438797
1791022028474091000,10.299091064453124,0.7929024696350098,0.03527744114398956,0.7319687008857727
1791022028491345200,10.31634521484375,0.7153226733207703,-0.09544762223958969,0.6165152788162231
1791022028508599000,10.33359912109375,0.5027416944503784,-0.14004075527191162,0.5236638188362122
1791022028525853200,10.350853271484375,0.3897317349910736,-0.24999640882015228,0.42592546343803406
1791022028543107000,10.368107177734375,0.32559093832969666,-0.33857181668281555,0.22556181252002716
1791022028560361200,10.385361328125,0.19181154668331146,0.009621120058000088,0.06368265300989151
1791022028577615000,10.402614990234374,0.1130099818110466,0.29306238889694214,0.0032070400193333626
1791022028594869000,10.419868896484376,0.04825831577181816,-0.04780016839504242,-0.18921536207199097
1791022028612123100,10.437123046875,0.0360410213470459,-0.1974620372056961,-0.18616104125976562
1791022028629377300,10.454377197265625,0.05925388261675835,-0.17363831400871277,0.023365577682852745
1791022028646631200,10.471631103515625,0.10445787757635117,-0.09178243577480316,0.1204930767416954
1791022028663885000,10.488885009765625,0.10079269111156464,-0.11621702462434769,-0.13973531126976013
1791022028681139200,10.50613916015625,-0.1331685185432434,0.07498364895582199,-0.4555523991584778
1791022028698393000,10.52339306640625,-0.3402516841888428,0.2735147178173065,-0.6369792222976685
1791022028715647200,10.540647216796875,-0.43004879355430603,0.17944152653217316,-0.7121156454086304
1791022028732901000,10.557901123046875,-0.23029601573944092,0.19654574990272522,-0.6369792222976685
1791022028750155300,10.5751552734375,-0.05253437161445618,-0.11988221108913422,-0.46288278698921204
1791022028767409200,10.5924091796875,0.034208428114652634,-0.605519711971283,-0.28817546367645264
1791022028784663300,10.609663330078124,0.1081230640411377,-0.7582359313964844,-0.2906189262866974
1791022028801917200,10.626917236328126,0.15271618962287903,-0.6201804876327515,-0.4036289155483246
1791022028819171300,10.64417138671875,-0.002443459117785096,-0.30802857875823975,-0.39629852771759033
1791022028836425200,10.66142529296875,-0.19853104650974274,0.03894263133406639,-0.35964664816856384
1791022028853679400,10.678679443359375,-0.3139844834804535,0.19960007071495056,-0.32971426844596863
1791022028870933200,10.695933349609374,-0.34208428859710693,-0.11682789027690887,-0.42073312401771545
1791022028888187400,10.7131875,-0.46608981490135193,-0.44669488072395325,-0.568562388420105
1791022028905441300,10.730441162109376,-0.7116574645042419,-0.4864010810852051,-0.8086322546005249
1791022028922695400,10.7476953125,-0.8881973624229431,-0.22495095431804657,-0.9503529071807861
1791022028939949300,10.76494921875,-0.842382550239563,0.1153007298707962,-0.9271399974822998
1791022028957203500,10.782203369140625,-0.6157516837120056,0.1727220118045807,-0.8245147466659546
1791022028974457300,10.799457275390624,-0.45326167345046997,-0.0435241162776947,-0.8300125002861023
1791022028991711500,10.81671142578125,-0.4917461574077606,-0.3776671588420868,-0.8794925808906555
1791022029008965400,10.83396533203125,-0.6017017960548401,-0.5022835731506348,-0.9564615488052368
1791022029026219500,10.851219482421875,-0.5955931544303894,-0.5193877816200256,-1.0370956659317017
1791022029043473400,10.868473388671875,-0.5601630210876465,-0.7270817756652832,-1.131779670715332
1791022029060727600,10.8857275390625,-0.6224712133407593,-0.8950695991516113,-1.3040435314178467
1791022029077981400,10.9029814453125,-0.7147117853164673,-0.7790052890777588,-1.5001311302185059
1791022029095235300,10.9202353515625,-0.7018836140632629,-0.5664243698120117,-1.297934889793396
1791022029112489500,10.937489501953126,-0.5210676789283752,-0.6299542784690857,-0.864831805229187
1791022029129743400,10.954743408203125,-0.4361574649810791,-0.6458367705345154,-0.8006910085678101
1791022029146997500,10.97199755859375,-0.39828383922576904,-0.7515164017677307,-1.2050834894180298
1791022029164251400,10.98925146484375,-0.5852084755897522,-0.9048434495925903,-1.567326307296753
1791022029181505500,11.006505615234374,-0.9236275553703308,-0.7063124179840088,-1.4537054300308228
1791022029198759400,11.023759521484376,-0.9822705388069153,-0.4247037470340729,-1.3388628959655762
1791022029216013600,11.041013671875,-0.8356630206108093,-0.5682569742202759,-1.3822343349456787
1791022029233267500,11.058267333984375,-0.66645348072052,-1.1027636528015137,-1.2417353391647339
1791022029250521600,11.075521484375,-0.5864301919937134,-1.4088069200515747,-1.0370956659317017
1791022029267775500,11.092775390625,-0.49480047821998596,-1.3208423852920532,-1.1733185052871704
1791022029285029600,11.110029541015624,-0.5803215503692627,-0.8468112945556641,-1.1629338264465332
1791022029302283500,11.127283447265626,-0.750141978263855,-0.6739365458488464,-0.8575014472007751
1791022029319537400,11.144537353515625,-0.7629700899124146,-0.8614720702171326,-0.7188351154327393
1791022029336791600,11.16179150390625,-0.7550288438796997,-0.9042325615882874,-0.8397863507270813
1791022029354045400,11.17904541015625,-0.7770199775695801,-0.624456524848938,-0.9894482493400574
1791022029371299600,11.196299560546874,-0.6426297426223755,-0.4240928590297699,-1.1220059394836426
1791022029388553500,11.213553466796874,-0.5222893953323364,-0.6543889045715332,-0.9240856766700745
1791022029405807600,11.2308076171875,-0.35185810923576355,-0.3782780170440674,-0.7463240623474121
1791022029423061500,11.2480615234375,-0.3066541254520416,-0.14492766559123993,-0.7756455540657043
1791022029440315600,11.265315673828125,-0.41233372688293457,-0.03375028073787689,-0.7829759120941162
1791022029457569500,11.282569580078125,-0.4367683231830597,-0.1259908676147461,-0.734106719493866
1791022029474823700,11.29982373046875,-0.31459537148475647,-0.10155627131462097,-0.6333140730857849
1791022029492077600,11.31707763671875,0.01588248461484909,0.031001387163996696,-0.586888313293457
1791022029509331700,11.334331787109376,0.12217295914888382,0.08109229803085327,-0.5068650245666504
1791022029526585600,11.351585693359375,0.33108872175216675,0.4604393243789673,-0.44150251150131226
1791022029543839500,11.368839599609375,0.3585776388645172,0.6369792222976685,-0.25579962134361267
1791022029561093600,11.38609375,0.3237583339214325,0.6259836554527283,0.03497200831770897
1791022029578347500,11.403347412109374,0.1545487940311432,0.7426588535308838,0.10338886082172394
1791022029595601700,11.4206015625,0.13072505593299866,0.5007563829421997,0.15897755324840546
1791022029612855600,11.43785546875,0.16187916696071625,0.24113887548446655,0.2280052751302719
1791022029630109700,11.455109619140625,0.16676609218120575,0.1305723488330841,0.48334676027297974
1791022029647363800,11.47236376953125,0.18325942754745483,0.5276344418525696,0.6366738080978394
1791022029664617700,11.48961767578125,0.20219624042510986,0.5948295593261719,0.8315396904945374
1791022029681871600,11.50687158203125,0.25045454502105713,0.744491457939148,1.1259765625
1791022029699125800,11.524125732421876,0.20463970303535461,0.9973894953727722,1.0435097217559814
1791022029716379600,11.541379638671875,0.04214967042207718,1.0169371366500854,1.1381938457489014
1791022029733633800,11.5586337890625,0.0824667438864708,0.8666644096374512,1.3629920482635498
1791022029750887700,11.5758876953125,0.14599667489528656,0.6589703559875488,1.399643898010254
1791022029768141800,11.593141845703125,0.11972949653863907,0.6937896609306335,1.4417935609817505
1791022029785395700,11.610395751953124,0.17715078592300415,0.7646499872207642,1.5444189310073853
1791022029802649900,11.62764990234375,0.3176496922969818,1.030987024307251,1.4631738662719727
1791022029819903700,11.64490380859375,0.4153880476951599,1.263115644454956,1.4973822832107544
1791022029837158000,11.662157958984375,0.5125155448913574,1.0487021207809448,1.707519769668579
1791022029854411800,11.679411865234375,0.6084213256835938,0.8318451046943665,1.689193844795227
1791022029871666000,11.696666015625,0.7079922556877136,0.7896954417228699,1.5804599523544312
1791022029888919800,11.713919921875,0.7617483735084534,0.8025236129760742,1.4063634872436523
1791022029906173700,11.731173583984376,0.7611374855041504,1.0548107624053955,1.2640318870544434
1791022029923427800,11.748427734375,0.8307760953903198,0.9198096394538879,1.3623812198638916
1791022029940681700,11.765681640625,1.0763437747955322,0.6430879235267639,1.4185807704925537
1791022029957935900,11.782935791015625,1.2192860841751099,0.42195484042167664,1.3990330696105957
1791022029975189800,11.800189697265624,1.1465932130813599,0.1928805559873581,1.4106395244598389
1791022029992444000,11.81744384765625,1.0286962985992432,0.16661337018013,1.320231556892395
1791022030009697800,11.83469775390625,0.9193515181541443,0.3156643807888031,1.2774709463119507
1791022030026951700,11.85195166015625,0.8967494964599609,0.3480401933193207,1.4069743156433105
1791022030044205800,11.869205810546875,0.9120211005210876,0.4134027361869812,1.3825397491455078
1791022030061459700,11.886459716796875,0.8637627959251404,0.29367324709892273,1.3526073694229126
1791022030078713900,11.9037138671875,0.7360920310020447,0.08781181275844574,1.3471095561981201
1791022030095968000,11.920968017578126,0.6273581385612488,0.10125083476305008,1.2597558498382568
1791022030113222000,11.938221923828126,0.5491674542427063,0.064598947763443,1.1357502937316895
1791022030130475800,11.955475830078125,0.4416552484035492,0.06765327602624893,1.041066288948059
1791022030147730000,11.97272998046875,0.4013381600379944,0.13790272176265717,0.8944587707519531
1791022030164983800,11.98998388671875,0.3274235129356384,0.12324196845293045,0.7661771774291992
1791022030182238000,12.007238037109374,0.2614501118659973,-0.06307178735733032,0.717307984828949
1791022030199491800,12.024491943359376,0.31642794609069824,-0.17302745580673218,0.6134609580039978
1791022030216746000,12.04174609375,0.29443681240081787,0.10674861818552017,0.45707955956459045
1791022030234000000,12.058999755859375,0.16310089826583862,0.27168211340904236,0.3611738085746765
1791022030251254000,12.07625390625,0.07391463965177536,0.18310672044754028,0.23777911067008972
1791022030268508000,12.0935078125,0.034208428114652634,0.009010255336761475,0.09056070446968079
1791022030285761800,12.11076171875,0.001832594396546483,-0.07834340631961823,-0.10247256606817245
1791022030303016000,12.128015869140626,-0.01649334840476513,0.04566214233636856,-0.21120649576187134
1791022030320269800,12.145269775390625,-0.046425722539424896,0.08781181275844574,-0.2600756883621216
1791022030337524000,12.16252392578125,-0.01649334840476513,0.08597921580076218,-0.34865108132362366
1791022030354777900,12.17977783203125,-0.03176496922969818,0.1922696828842163,-0.45677414536476135
1791022030372032000,12.197031982421874,-0.1282816082239151,0.07681624591350555,-0.6424770355224609
1791022030389286000,12.214285888671874,-0.21319180727005005,-0.036804601550102234,-0.8410080671310425
1791022030406540000,12.2315400390625,-0.2822195291519165,-0.007483093533664942,-0.9234748482704163
1791022030423794000,12.2487939453125,-0.27488914132118225,0.1409570425748825,-0.8385646343231201
1791022030441048000,12.266048095703125,-0.24556763470172882,0.2900080680847168,-0.7640390992164612
1791022030458302000,12.283302001953125,-0.20647229254245758,0.2698495090007782,-0.8049670457839966
1791022030475556000,12.30055615234375,-0.18814635276794434,0.06826414167881012,-0.9564615488052368
1791022030492810000,12.31781005859375,-0.23212862014770508,-0.02214384824037552,-1.0865757465362549
1791022030510063900,12.33506396484375,-0.3329212963581085,0.16294817626476288,-1.0792453289031982
1791022030527318000,12.352318115234375,-0.4557051360607147,0.39996370673179626,-1.0132719278335571
1791022030544572000,12.369572021484375,-0.6090322136878967,0.41645705699920654,-0.8764382600784302
1791022030561826000,12.386825927734375,-0.6078104376792908,0.10674861818552017,-0.8263473510742188
1791022030579080000,12.404079833984374,-0.5009090900421143,-0.2964221239089966,-0.8807142972946167
1791022030596334000,12.421333984375,-0.5271763205528259,-0.4699077308177948,-0.8764382600784302
1791022030613588000,12.438587890625,-0.6047561168670654,-0.4143190383911133,-0.9876156449317932
1791022030630842000,12.455842041015625,-0.6151408553123474,-0.531605064868927,-1.0432043075561523
1791022030648096000,12.473095947265625,-0.5467239618301392,-0.6317868828773499,-0.9491311311721802
1791022030665350100,12.49035009765625,-0.4416552484035492,-0.6116283535957336,-1.012661099433899
1791022030682604000,12.50760400390625,-0.4984656572341919,-0.6696605086326599,-1.2655590772628784
1791022030699858200,12.524858154296876,-0.5974257588386536,-0.6262891292572021,-1.4182753562927246
1791022030717112000,12.542112060546875,-0.5864301919937134,-0.5994110703468323,-1.4989094734191895
1791022030734366000,12.559365966796875,-0.593149721622467,-0.6128500699996948,-1.5471677780151367
1791022030751620000,12.5766201171875,-0.6084213256835938,-0.7704532146453857,-1.5777109861373901
1791022030768874000,12.5938740234375,-0.5992583632469177,-0.8932369947433472,-1.8697043657302856
1791022030786128100,12.611128173828124,-0.6444623470306396,-1.0526727437973022,-1.8617631196975708
1791022030803382000,12.628382080078126,-0.5351175665855408,-1.0887137651443481,-1.3956732749938965
1791022030820636200,12.64563623046875,-0.34574946761131287,-1.2011128664016724,-1.382845163345337
1791022030837890000,12.66289013671875,-0.24434591829776764,-1.3232858180999756,-1.570380687713623
1791022030855144200,12.680144287109375,-0.22663083672523499,-1.2744166851043701,-1.7676899433135986
1791022030872398000,12.697398193359374,-0.18875721096992493,-1.0105230808258057,-1.7261511087417603
1791022030889652200,12.71465234375,-0.25045454502105713,-0.9176716208457947,-1.4592032432556152
1791022030906906000,12.731906005859376,-0.2889390289783478,-1.1809543371200562,-1.3810125589370728
1791022030924160000,12.749159912109375,-0.3555232882499695,-1.1107048988342285,-1.3333650827407837
1791022030941414100,12.7664140625,-0.5400044918060303,-0.9708168506622314,-1.0749692916870117
1791022030958668000,12.78366796875,-0.48930269479751587,-0.6537780165672302,-1.104901671409607
1791022030975922200,12.800922119140624,-0.36285367608070374,-0.5926915407180786,-1.0413717031478882
1791022030993176000,12.818176025390626,-0.2767217457294464,-0.502894401550293,-0.9179770350456238
1791022031010430200,12.83543017578125,-0.31520622968673706,0.06643154472112656,-0.8336777091026306
1791022031027684000,12.85268408203125,-0.3860665261745453,-0.006872228812426329,-0.6174315810203552
1791022031044938000,12.86993798828125,-0.29504770040512085,0.17333288490772247,-0.49892380833625793
1791022031062192000,12.887192138671875,-0.25411975383758545,0.5007563829421997,-0.4329504072666168
1791022031079446000,12.904446044921874,-0.09896009415388107,0.07192932814359665,-0.20021092891693115
1791022031096700400,12.921700439453126,0.07880155742168427,0.37858346104621887,-0.07620538026094437
1791022031113954000,12.9389541015625,0.13561198115348816,0.5025889873504639,0.03497200831770897
1791022031131208200,12.956208251953125,0.18814635276794434,0.5374082922935486,0.13393209874629974
1791022031148462000,12.973462158203125,0.10873392969369888,0.7927497625350952,0.3611738085746765
1791022031165716200,12.99071630859375,0.1178968995809555,0.6772963404655457,0.6140718460083008
1791022031182970000,13.00797021484375,0.13500112295150757,0.9057597517967224,0.7918334603309631
1791022031200224300,13.025224365234376,0.22357651591300964,0.9234748482704163,0.8755219578742981
1791022031217478100,13.04247802734375,0.2571740746498108,0.6125446557998657,0.9329432249069214
1791022031234732300,13.059732177734375,0.2779434621334076,0.6815723776817322,1.1669044494628906
1791022031251986200,13.076986083984375,0.29565855860710144,0.7194460034370422,1.2133301496505737
1791022031269240000,13.094239990234374,0.3133736252784729,0.8165735006332397,1.336724877357483
1791022031286494200,13.111494140625,0.38728827238082886,1.0041090250015259,1.3788745403289795
1791022031303748000,13.128748046875,0.37690356373786926,1.077412724494934,1.4436261653900146
1791022031321002200,13.146002197265625,0.3640754222869873,0.9931133985519409,1.6171118021011353
1791022031338256100,13.163256103515625,0.318871408700943,1.0230457782745361,1.5993967056274414
1791022031355510300,13.18051025390625,0.258395791053772,0.9906699657440186,1.7215696573257446
1791022031372764200,13.19776416015625,0.35796675086021423,0.9876156449317932,1.8920009136199951
1791022031390018000,13.21501806640625,0.4770853817462921,0.864220917224884,1.8773401975631714
1791022031407272200,13.232272216796876,0.6206386089324951,0.883768618106842,1.8364121913909912
1791022031424526000,13.249526123046875,0.7641918659210205,0.7218894362449646,1.9066617488861084
1791022031441780200,13.2667802734375,0.896138608455658,0.4995346665382385,1.893222689628601
1791022031459034000,13.2840341796875,1.0024291276931763,0.45066550374031067,1.6360485553741455
1791022031476288300,13.301288330078124,1.0409135818481445,0.606436014175415,1.6110031604766846
1791022031493542100,13.318542236328126,1.1459823846817017,0.6241511106491089,1.6116139888763428
1791022031510796000,13.335796142578126,1.2974767684936523,0.6455313563346863,1.5853468179702759
1791022031528050200,13.35305029296875,1.406821608543396,0.7066178321838379,1.6128357648849487
1791022031545304000,13.370303955078125,1.313359260559082,0.5502364635467529,1.616500973701477
1791022031562558200,13.38755810546875,1.2052361965179443,0.4488328993320465,1.6409355401992798
1791022031579812000,13.40481201171875,1.155145287513733,0.4915934205055237,1.7209588289260864
1791022031597066200,13.422066162109376,1.119104266166687,0.5123628377914429,1.5169299840927124
1791022031614320000,13.439320068359375,1.0238093137741089,0.3119991719722748,1.3416117429733276
1791022031631574300,13.45657421875,0.832608699798584,0.04016435891389847,1.2212713956832886
1791022031648828200,13.473828125,0.6731730103492737,0.06887500733137131,1.0844377279281616
1791022031666082000,13.49108203125,0.5955931544303894,0.2283107042312622,0.8773545622825623
1791022031683336200,13.508336181640624,0.5186241865158081,0.476321816444397,0.6323977708816528
1791022031700590000,13.525590087890626,0.5131264328956604,0.6052142977714539,0.32330018281936646
1791022031717844200,13.54284423828125,0.5009090900421143,0.4647153913974762,-0.022449281066656113
1791022031735098000,13.56009814453125,0.4263836145401001,0.22953243553638458,-0.5484038591384888
1791022031752352300,13.577352294921875,0.20341797173023224,0.4237874448299408,-0.8807142972946167
1791022031769606100,13.594606201171874,-0.017715077847242355,0.48670652508735657,-0.8898772597312927
1791022031786860000,13.611860107421874,0.018325943499803543,0.19593487679958344,-0.8471167087554932
1791022031804114200,13.6291142578125,0.1954767256975174,0.05604684352874756,-0.8245147466659546
1791022031821368000,13.6463681640625,0.2510654330253601,-0.09178243577480316,-0.9851721525192261
1791022031838622200,13.663622314453125,0.22724169492721558,-0.07406735420227051,-1.1452187299728394
1791022031855876000,13.6808759765625,0.18875721096992493,-0.03130681812763214,-1.0651954412460327
1791022031873130000,13.6981298828125,0.23884813487529755,0.16844595968723297,-0.9112575054168701
1791022031890384100,13.715384033203126,0.2577849328517914,0.539851725101471,-1.0022764205932617
1791022031907638000,13.732637939453125,0.14782927930355072,0.7903063297271729,-1.167820692062378
1791022031924892200,13.74989208984375,0.03298669680953026,0.6779071688652039,-1.169653296470642
1791022031942146000,13.76714599609375,-0.0360410213470459,0.08720094710588455,-1.1592686176300049
1791022031959400200,13.784400146484375,-0.036651886999607086,-0.4240928590297699,-1.216689944267273
1791022031976654000,13.801654052734374,-0.04886918142437935,-0.2689332067966461,-1.261283040046692
1791022031993908200,13.818908203125,-0.0720820426940918,0.16844595968723297,-1.0670280456542969
1791022032011162000,13.836162109375,-0.15027274191379547,0.1928805559873581,-0.773202121257782
1791022032028416000,13.853416015625,-0.3390299379825592,-0.009926552884280682,-0.5355756878852844
1791022032045670100,13.870670166015625,-0.5809323787689209,-0.22983787953853607,-0.5703949928283691
1791022032062924000,13.887924072265625,-0.7165443897247314,-0.5096139311790466,-0.7286089658737183
1791022032080178200,13.90517822265625,-0.841160774230957,-0.5138899683952332,-0.671187698841095
1791022032097432000,13.92243212890625,-0.8484911918640137,-0.26710063219070435,-0.708450436592102
1791022032114686200,13.939686279296875,-0.9615011811256409,-0.560315728187561,-0.9961677193641663
1791022032131940000,13.956940185546875,-1.1343759298324585,-1.0636682510375977,-1.493411660194397
1791022032149194000,13.974194091796875,-1.1313215494155884,-1.0251837968826294,-1.8770347833633423
1791022032166448000,13.9914482421875,-1.0830632448196411,-0.6403390169143677,-1.670562505722046
1791022032183702000,14.008701904296874,-0.8558215498924255,-0.6177369952201843,-1.021213173866272
1791022032200956000,14.025955810546876,-0.6444623470306396,-0.7686206102371216,-0.9882264733314514
1791022032218210000,14.0432099609375,-0.6860011219978333,-1.067333459854126,-1.297934889793396
1791022032235464000,14.0604638671875,-0.8075632452964783,-1.0257946252822876,-1.3877320289611816
1791022032252718000,14.077718017578125,-0.84177166223526,-1.0038034915924072,-1.2441788911819458
1791022032269972000,14.094971923828124,-0.7812960743904114,-1.3000729084014893,-0.9448550939559937
1791022032287226000,14.11222607421875,-0.7904590368270874,-1.5963424444198608,-0.9014837145805359
1791022032304480000,14.12947998046875,-0.8362739086151123,-1.6537636518478394,-1.0041090250015259
1791022032321734100,14.146734130859375,-0.7935133576393127,-1.4204133749008179,-1.0584759712219238
1791022032338988000,14.163988037109375,-0.7745765447616577,-0.9610430002212524,-1.2386810779571533
1791022032356242200,14.1812421875,-0.813060998916626,-1.0282381772994995,-1.2063052654266357
1791022032373496000,14.19849609375,-0.8148936033248901,-0.8755219578742981,-1.3602432012557983
1791022032390750000,14.21575,-0.84177166223526,-0.8969022035598755,-1.4433207511901855
1791022032408004000,14.233004150390625,-0.7525854110717773,-0.6855430006980896,-1.3700169324874878
1791022032425258000,14.250258056640625,-0.6750055551528931,-0.35811948776245117,-1.409723162651062
1791022032442512000,14.267511962890625,-0.7098248600959778,-0.838259220123291,-0.9283617734909058
1791022032459766000,14.28476611328125,-0.7006618976593018,-0.7845031023025513,-0.5942187309265137
1791022032477020000,14.30202001953125,-0.7165443897247314,-0.531605064868927,-0.6772963404655457
1791022032494274000,14.319274169921876,-0.730594277381897,0.02367101050913334,-0.6626355648040771
1791022032511528000,14.33652783203125,-0.6084213256835938,-0.5352702736854553,-0.36025750637054443
1791022032528782000,14.353781982421875,-0.5277871489524841,-0.2023489624261856,-0.24236060678958893
1791022032546036000,14.371035888671875,-0.4819723069667816,0.13851359486579895,-0.11346813291311264
1791022032563289900,14.388289794921874,-0.39889469742774963,-0.07406735420227051,0.03741546720266342
1791022032580544000,14.4055439453125,-0.3439168632030487,0.3309359848499298,0.1101083755493164
1791022032597798000,14.4227978515625,-0.3139844834804535,0.32788166403770447,0.06734783947467804
1791022032615052000,14.440052001953125,-0.3121519088745117,0.16600249707698822,0.18524473905563354
1791022032632306000,14.457305908203125,-0.25473061203956604,0.4805978536605835,0.29397866129875183
1791022032649560000,14.47456005859375,-0.164322629570961,0.5190823674201965,0.26099199056625366
1791022032666814000,14.49181396484375,-0.09346231073141098,0.6241511106491089,0.20479241013526917
1791022032684067800,14.50906787109375,0.02626718580722809,1.0010546445846558,0.48823368549346924
1791022032701322000,14.526322021484376,0.22663083672523499,0.9827287197113037,0.480903297662735
1791022032718575900,14.543575927734375,0.35674503445625305,0.7646499872207642,0.7716749310493469
1791022032735829800,14.560829833984375,0.44898560643196106,0.6980656981468201,0.8871283531188965
1791022032753084000,14.578083984375,0.3842339515686035,0.7780889868736267,0.9427170753479004
1791022032770337800,14.595337890625,0.46059203147888184,0.9259182810783386,1.1369720697402954
1791022032787592000,14.612592041015626,0.4886918365955353,0.9876156449317932,1.2945752143859863
1791022032804845800,14.629845703125,0.47952884435653687,1.0053306818008423,1.5236494541168213
1791022032822100000,14.647099853515625,0.4776962697505951,0.9460768103599548,1.6006184816360474
1791022032839353900,14.664353759765625,0.5229002237319946,0.7243329286575317,1.7863212823867798
1791022032856608000,14.68160791015625,0.583375871181488,0.6039925217628479,1.8767293691635132
1791022032873862000,14.69886181640625,0.5314523577690125,0.9228639602661133,1.6775873899459839
1791022032891115800,14.71611572265625,0.4990765154361725,1.1183407306671143,1.8303035497665405
1791022032908370000,14.733369873046875,0.5748237371444702,0.8605557680130005,1.9781328439712524
1791022032925623800,14.750623779296875,0.7464767694473267,1.0810779333114624,1.9249876737594604
1791022032942877700,14.767877685546875,0.9095776677131653,1.1275036334991455,2.0221152305603027
1791022032960131800,14.7851318359375,0.9841031432151794,0.8831577301025391,2.0630431175231934
1791022032977385700,14.8023857421875,0.8552106618881226,1.004719853401184,2.0050108432769775
1791022032994640000,14.819639892578126,0.7318159937858582,1.0456477403640747,1.954309105873108
1791022033011893800,14.836893798828125,0.8381064534187317,1.095127820968628,1.603672742843628
1791022033029148000,14.85414794921875,0.9297361969947815,0.7701478004455566,1.3300052881240845
1791022033046401800,14.87140185546875,0.9663881063461304,0.33399030566215515,1.2304344177246094
1791022033063655700,14.88865576171875,1.0299180746078491,0.07620538026094437,1.1094831228256226
1791022033080909800,14.905909912109376,1.0470222234725952,0.11774418503046036,1.0093013048171997
1791022033098163700,14.923163818359376,0.9847140312194824,-0.05085449293255806,1.052061915397644
1791022033115417600,14.94041748046875,0.9071341753005981,-0.3575085997581482,1.057559609413147
1791022033132671700,14.957671630859375,0.8173370957374573,-0.40637779235839844,1.0056360960006714
1791022033149925600,14.974925537109375,0.675616443157196,-0.25121814012527466,1.0453423261642456
1791022033167179800,14.9921796875,0.5485565662384033,-0.05329795181751251,1.08810293674469
1791022033184433700,15.00943359375,0.4318813979625702,0.16661337018013,0.9769254922866821
1791022033201687800,15.026687744140625,0.23457208275794983,0.2887863218784332,0.7771727442741394
1791022033218941700,15.043941650390625,0.0513126403093338,0.05543597787618637,0.48701193928718567
1791022033236195600,15.061195556640625,-0.09162971377372742,-0.22617268562316895,0.31841325759887695
1791022033253449700,15.07844970703125,-0.17104214429855347,-0.2695440948009491,0.2756527364253998
1791022033270703600,15.09570361328125,-0.16065743565559387,-0.3611738085746765,0.2176205813884735
1791022033287957500,15.11295751953125,-0.16126830875873566,-0.47784897685050964,0.16325360536575317
1791022033305211600,15.130211669921875,-0.12583814561367035,-0.3214675784111023,0.0899498388171196
1791022033322465500,15.147465576171875,-0.14049890637397766,-0.23105959594249725,-0.041386090219020844
1791022033339719700,15.1647197265625,-0.2003636509180069,-0.07101303339004517,-0.10247256606817245
1791022033356973600,15.1819736328125,-0.13133592903614044,0.015729768201708794,-0.1519526094198227
1791022033374227500,15.1992275390625,-0.004276053514331579,-0.09972367435693741,-0.22769984602928162
1791022033391481600,15.216481689453126,0.006108647678047419,-0.16386447846889496,-0.3614792227745056
1791022033408735500,15.233735595703125,-0.013439024798572063,-0.0899498388171196,-0.46227192878723145
1791022033425989600,15.25098974609375,-0.10201441496610641,-0.07895427197217941,-0.6455313563346863
1791022033443243500,15.268243408203125,-0.15699224174022675,-0.010537417605519295,-0.8208495378494263
1791022033460497400,15.285497314453124,-0.2101374864578247,0.2228129357099533,-0.8684970140457153
1791022033477751600,15.30275146484375,-0.2834412455558777,0.3150535225868225,-0.8483384847640991
1791022033495005400,15.32000537109375,-0.3243691921234131,0.21914774179458618,-0.7200568318367004
1791022033512259600,15.337259521484375,-0.32070401310920715,0.037720900028944016,-0.6687442064285278
1791022033529513500,15.354513427734375,-0.23212862014770508,-0.24999640882015228,-0.8666644096374512
1791022033546767400,15.371767333984375,-0.27855435013771057,-0.42592546343803406,-0.9747874736785889
1791022033564021500,15.389021484375,-0.4196641147136688,-0.20051635801792145,-1.1055124998092651
1791022033581275400,15.406275390625,-0.5180133581161499,-0.012980876490473747,-1.392619013786316
1791022033598529300,15.423529296875,-0.6737838387489319,-0.11194097250699997,-1.2973240613937378
1791022033615783400,15.440783447265625,-0.7855721116065979,-0.1876882016658783,-0.9540180563926697
1791022033633037300,15.458037353515625,-0.8350521326065063,-0.3318522870540619,-1.1653772592544556
1791022033650291500,15.47529150390625,-0.9767727851867676,-0.7050906419754028,-1.3938406705856323
1791022033667545300,15.49254541015625,-0.9028581380844116,-0.873078465461731,-1.1665990352630615
1791022033684799200,15.50979931640625,-0.8069523572921753,-0.809548556804657,-0.9130901098251343
1791022033702053400,15.527053466796875,-0.8277217745780945,-0.5212203860282898,-1.1568251848220825
1791022033719307300,15.544307373046875,-0.9065233469009399,-0.6556106209754944,-1.3779581785202026
1791022033736561200,15.56156103515625,-0.9395100474357605,-0.9256128668785095,-1.3242021799087524
1791022033753815300,15.578815185546874,-0.9077450633049011,-1.0093013048171997,-1.2789981365203857
1791022033771069200,15.596069091796876,-0.8680388331413269,-1.0593922138214111,-1.3290890455245972
1791022033788323300,15.6133232421875,-0.7739656567573547,-0.9830341339111328,-1.6033673286437988
1791022033805577200,15.6305771484375,-0.7189878225326538,-1.029459834098816,-1.5050181150436401
1791022033822831000,15.6478310546875,-0.6994401812553406,-0.7295252680778503,-1.5801544189453125
1791022033840085200,15.665085205078125,-0.6102539300918579,-0.7124210596084595,-1.651625633239746
1791022033857339100,15.682339111328124,-0.5870410799980164,-1.0746638774871826,-1.3351976871490479
1791022033874593300,15.69959326171875,-0.5699368119239807,-1.2231040000915527,-1.1751511096954346
1791022033891847200,15.71684716796875,-0.4734202027320862,-0.8462004065513611,-1.5025746822357178
1791022033909101000,15.73410107421875,-0.4361574649810791,-0.26221370697021484,-1.6216932535171509
1791022033926355200,15.751355224609375,-0.5271763205528259,-0.17058399319648743,-1.3761255741119385
1791022033943609000,15.768609130859375,-0.7189878225326538,-0.22250749170780182,-1.206916093826294
1791022033960863000,15.785863037109374,-0.7483093738555908,-0.15531237423419952,-1.0523673295974731
1791022033978117000,15.8031171875,-0.6059778332710266,-0.10155627131462097,-0.9088140726089478
1791022033995371000,15.82037109375,-0.4379900395870209,0.15806126594543457,-0.8874338269233704
1791022034012625000,15.837625,-0.37812530994415283,-0.23105959594249725,-0.49281516671180725
1791022034029879000,15.854879150390625,-0.18081597983837128,0.2655734717845917,-0.5099193453788757
1791022034047133000,15.8721328125,-0.10018182545900345,0.03283398225903511,-0.3657552897930145
1791022034064387000,15.889386962890624,0.009162971749901772,0.476321816444397,-0.2845102846622467
1791022034081641000,15.906640869140626,-0.08979712426662445,0.37369653582572937,-0.06704241037368774
1791022034098895000,15.92389501953125,-0.056810423731803894,0.09575305134057999,0.12232567369937897
1791022034116149000,15.94114892578125,0.0720820426940918,0.258853942155838,0.23716825246810913
1791022034133403000,15.95840283203125,0.2003636509180069,0.5355756878852844,0.212733656167984
1791022034150656800,15.97565673828125,0.17653992772102356,0.523969292640686,0.3019199073314667
1791022034167911000,15.992910888671876,0.30054548382759094,0.6791289448738098,0.595745861530304
1791022034185164800,16.010164794921874,0.24312418699264526,0.6149880886077881,0.7985529899597168
1791022034202419000,16.0274189453125,0.31031930446624756,0.8910989761352539,0.8229875564575195
1791022034219672800,16.0446728515625,0.4276053309440613,0.9088140726089478,0.8199332356452942
1791022034236926700,16.0619267578125,0.5290089249610901,1.1177297830581665,0.920115053653717
1791022034254180900,16.079180908203124,0.6542361974716187,1.2307398319244385,1.1039854288101196
1791022034271434800,16.096434814453126,0.7226530313491821,1.4940224885940552,1.2731949090957642
1791022034288688600,16.113688720703124,0.6633991599082947,1.2234094142913818,1.450345754623413
1791022034305942800,16.13094287109375,0.6963858604431152,0.8904881477355957,1.6592614650726318
1791022034323196700,16.14819677734375,0.7709113359451294,0.7579304575920105,1.7863212823867798
1791022034340450800,16.165450927734376,0.6688969135284424,0.7964149713516235,1.7655519247055054
1791022034357704700,16.18270458984375,0.7531962990760803,0.35475972294807434,1.8950552940368652
1791022034374958600,16.19995849609375,0.842382550239563,0.3987419903278351,1.8168646097183228
1791022034392212500,16.21721240234375,0.8081740736961365,0.957072377204895,1.6519310474395752
1791022034409466600,16.234466552734375,0.8875865340232849,0.957072377204895,1.7099632024765015
1791022034426720500,16.251720458984376,1.0262528657913208,0.7560978531837463,1.714239239692688
1791022034443974700,16.268974609375,1.0305289030075073,0.6760746240615845,1.7594432830810547
1791022034461228500,16.286228515625,0.9615011811256409,0.6058251261711121,1.7405065298080444
1791022034478482400,16.303482421875,0.7629700899124146,0.6314814686775208,1.6623157262802124
1791022034495736300,16.320736328125,0.842382550239563,0.5728384256362915,1.5566362142562866
1791022034512990500,16.337990478515625,1.0299180746078491,0.45799586176872253,1.4081960916519165
1791022034530244400,16.355244384765626,1.193018913269043,0.15317434072494507,1.3666572570800781
1791022034547498500,16.37249853515625,1.18446683883667,-0.06979130208492279,1.4265220165252686
1791022034564752400,16.38975244140625,1.0293071269989014,-0.1614210158586502,1.447291374206543
1791022034582006500,16.407006591796875,0.8588758707046509,-0.29825472831726074,1.3972004652023315
1791022034599260400,16.424260498046873,0.8210022449493408,-0.19624030590057373,1.2029454708099365
1791022034616514300,16.441514404296875,0.7147117853164673,0.025503603741526604,1.105207085609436
1791022034633768200,16.458768310546876,0.5326740741729736,0.04016435891389847,0.9543235301971436
1791022034651022300,16.476022216796874,0.4459312856197357,0.013286309316754341,0.7521272301673889
1791022034668276200,16.493276123046876,0.37629270553588867,0.08659008145332336,0.5633700489997864
1791022034685530000,16.510530029296874,0.21807873249053955,0.2582430839538574,0.4027126133441925
1791022034702784300,16.5277841796875,0.001832594396546483,0.45310893654823303,0.26160284876823425
1791022034720038100,16.5450380859375,-0.18814635276794434,0.42684176564216614,0.14981459081172943
1791022034737292300,16.562292236328126,-0.17104214429855347,0.2283107042312622,0.012980876490473747
1791022034754546200,16.579546142578124,-0.13133592903614044,-0.009315688163042068,-0.11285726726055145
1791022034771800000,16.596800048828126,-0.08429934084415436,-0.12110394239425659,-0.27290382981300354
1791022034789054200,16.61405419921875,-0.03237583488225937,0.13484840095043182,-0.45799586176872253
1791022034806308000,16.63130810546875,-0.2107483446598053,0.4042397737503052,-0.5636754631996155
1791022034823562000,16.64856201171875,-0.3402516841888428,0.6809614896774292,-0.5325213670730591
1791022034840816000,16.665816162109376,-0.2919933497905731,0.7658717036247253,-0.39629852771759033
1791022034858070000,16.683070068359374,-0.23396120965480804,0.38408124446868896,-0.29856017231941223
1791022034875324000,16.700323974609375,-0.09285144507884979,-0.14859285950660706,-0.494647741317749
1791022034892578000,16.717578125,0.10751219838857651,-0.5682569742202759,-0.8135191798210144
1791022034909832000,16.73483203125,0.1288924664258957,-0.5981893539428711,-0.9527963399887085
1791022034927085800,16.7520859375,0.021380268037319183,-0.19379685819149017,-0.9631810188293457
1791022034944340000,16.769340087890626,-0.1692095398902893,0.300392746925354,-0.9973894953727722
1791022034961593900,16.78659375,-0.3176496922969818,0.46166107058525085,-1.0487021207809448
1791022034978848000,16.803847900390625,-0.46364638209342957,0.125074565410614,-1.2936588525772095
1791022034996102000,16.821101806640623,-0.5253437161445618,-0.05635227635502815,-1.5459460020065308
1791022035013355800,16.838355712890625,-0.6298015713691711,0.1409570425748825,-1.5544981956481934
1791022035030609700,16.855609619140626,-0.7990111112594604,0.3413206934928894,-1.3590214252471924
1791022035047863800,16.87286376953125,-0.7764091491699219,0.11774418503046036,-1.1855357885360718
1791022035065117700,16.89011767578125,-0.6737838387489319,-0.346513032913208,-1.1898118257522583
1791022035082371600,16.90737158203125,-0.5962040424346924,-0.8633046746253967,-1.3309216499328613
1791022035099625700,16.924625732421877,-0.6029235124588013,-1.1180353164672852,-1.486692190170288
1791022035116879600,16.941879638671875,-0.6401863098144531,-0.9634864926338196,-1.5972586870193481
1791022035134133500,16.959133544921876,-0.647516667842865,-0.7399099469184875,-1.46714448928833
1791022035151387600,16.9763876953125,-0.5784889459609985,-0.6348412036895752,-1.1452187299728394
1791022035168641500,16.9936416015625,-0.564439058303833,-0.8859066367149353,-1.1549925804138184
1791022035185895400,17.0108955078125,-0.6218603253364563,-1.315955400466919,-1.1354448795318604
1791022035203149600,17.028149658203127,-0.6866120100021362,-1.5731295347213745,-1.381623387336731
1791022035220403500,17.045403564453125,-0.8313869833946228,-1.409417748451233,-1.6449061632156372
1791022035237657600,17.06265771484375,-0.9578359723091125,-0.643393337726593,-1.5465569496154785
1791022035254911500,17.079911376953124,-1.035415768623352,-0.3770562708377838,-1.457370638847351
1791022035272165400,17.097165283203125,-1.0494656562805176,-0.9738711714744568,-1.3040435314178467
1791022035289419300,17.114419189453123,-0.9560033679008484,-0.8962913751602173,-1.4225513935089111
1791022035306673400,17.13167333984375,-0.9224058389663696,-0.9133955836296082,-1.2344050407409668
1791022035323927300,17.14892724609375,-0.8814778923988342,-1.0483967065811157,-0.9949460029602051
1791022035341181400,17.166181396484376,-0.8185588121414185,-1.075885534286499,-0.9552397727966309
1791022035358435300,17.183435302734374,-0.7287616729736328,-1.1467459201812744,-0.7695369124412537
1791022035375689200,17.200689208984375,-0.6151408553123474,-0.7606793642044067,-0.8312342762947083
1791022035392943000,17.217943115234377,-0.5314523577690125,-0.6824886798858643,-0.8049670457839966
1791022035410197200,17.235197265625,-0.4770853817462921,-0.5242747068405151,-0.6394227147102356
1791022035427451100,17.252451171875,-0.33047783374786377,-0.0850629210472107,-0.651029109954834
1791022035444705000,17.269705078125,-0.29077163338661194,0.2637408673763275,-0.5624537467956543
1791022035461959200,17.286959228515624,-0.1380554437637329,0.4793761372566223,-0.5648971796035767
1791022035479213000,17.304213134765625,-0.040317077189683914,0.3058905303478241,-0.434783011674881
1791022035496467000,17.321467041015627,-0.03298669680953026,0.10247256606817245,-0.14462223649024963
1791022035513721000,17.33872119140625,0.01282816007733345,0.18066325783729553,-0.1623373180627823
1791022035530975000,17.35597509765625,0.10934479534626007,0.20570871233940125,-0.1769980639219284
1791022035548228900,17.373228759765624,0.18387030065059662,0.15500694513320923,0.09422589093446732
1791022035565483000,17.39048291015625,0.19914191961288452,0.22647811472415924,0.37400195002555847
1791022035582737000,17.40773681640625,0.24434591829776764,0.4085158109664917,0.6659952998161316
1791022035599990800,17.42499072265625,0.36651885509490967,0.5758927464485168,0.8541416525840759
1791022035617244700,17.44224462890625,0.5271763205528259,0.7176133990287781,0.901178240776062
1791022035634498800,17.459498779296876,0.5729911923408508,0.7396045327186584,1.067333459854126
1791022035651752700,17.476752685546874,0.5980366468429565,0.5917752385139465,1.3263401985168457
1791022035669006800,17.4940068359375,0.6817250847816467,0.48365217447280884,1.465617299079895
1791022035686260700,17.5112607421875,0.6860011219978333,0.596662163734436,1.5041017532348633
1791022035703514600,17.5285146484375,0.618806004524231,0.8177952170372009,1.380096197128296
1791022035720768500,17.5457685546875,0.6041452884674072,0.9534072279930115,1.3183989524841309
1791022035738022700,17.563022705078126,0.5974257588386536,1.0554215908050537,1.3874266147613525
1791022035755276500,17.580276611328124,0.675616443157196,1.0071632862091064,1.6006184816360474
1791022035772530400,17.597530517578125,0.7428115606307983,0.8752164840698242,1.5767947435379028
1791022035789784600,17.61478466796875,0.768467903137207,0.9350812435150146,1.4992148876190186
1791022035807038500,17.63203857421875,0.8063415288925171,1.0425934791564941,1.5346450805664062
1791022035824292400,17.649292236328126,0.7562506198883057,1.0670280456542969,1.448513150215149
1791022035841546500,17.66654638671875,0.8283326625823975,1.1549925804138184,1.4814997911453247
1791022035858800400,17.68380029296875,1.073289394378662,1.0053306818008423,1.5389211177825928
1791022035876054300,17.70105419921875,1.176525592803955,0.6687442064285278,1.5694643259048462
1791022035893308400,17.718308349609377,1.1117738485336304,0.6076577305793762,1.5584688186645508
1791022035910562300,17.735562255859374,1.1527018547058105,0.8226821422576904,1.3623812198638916
1791022035927816200,17.752816162109376,1.3994911909103394,0.5850557684898376,1.1962260007858276
1791022035945070000,17.770070068359374,1.4563016891479492,0.06337722390890121,1.1082614660263062
1791022035962324200,17.78732421875,1.276707410812378,-0.04108065739274025,1.03129243850708
1791022035979578000,17.804578125,1.2357794046401978,-0.005039634648710489,1.085659384727478
1791022035996832000,17.82183203125,1.1264346837997437,-0.21151192486286163,1.1815651655197144
1791022036014086100,17.839086181640624,0.963333785533905,-0.25732678174972534,1.310457706451416
1791022036031340000,17.856340087890626,0.7599157691001892,-0.08628465235233307,1.392924427986145
1791022036048594000,17.873593994140624,0.5302306413650513,0.26679518818855286,1.0380120277404785
1791022036065847800,17.890847900390625,0.29565855860710144,0.3761399984359741,0.8229875564575195
1791022036083102000,17.90810205078125,0.08368847519159317,-0.05024362727999687,0.5615374445915222
1791022036100355800,17.92535595703125,-0.03787361457943916,0.19837833940982819,0.6568323373794556
1791022036117610000,17.94260986328125,-0.06963858753442764,0.04260781779885292,0.6556106209754944
1791022036134864000,17.95986376953125,-0.0922405794262886,-0.17119485139846802,0.4644099473953247
1791022036152117800,17.97711767578125,-0.2620609998703003,-0.12293653935194016,0.3263545036315918
1791022036169371600,17.99437158203125,-0.3836230933666229,-0.2646571695804596,0.12171480804681778
1791022036186625800,18.011625732421876,-0.41233372688293457,-0.23777911067008972,0.023976443335413933
1791022036203879700,18.028879638671874,-0.49418962001800537,-0.009315688163042068,-0.043829549103975296
1791022036221133600,18.046133544921876,-0.5302306413650513,0.31261005997657776,-0.21975859999656677
1791022036238387500,18.063387451171874,-0.44409868121147156,0.4384481906890869,-0.25152358412742615
1791022036255641600,18.0806416015625,-0.3591884970664978,0.09147699922323227,-0.056657709181308746
1791022036272895500,18.0978955078125,-0.27488914132118225,-0.23777911067008972,-0.02611446939408779
1791022036290149400,18.1151494140625,-0.08674279600381851,-0.47723811864852905,-0.27168211340904236
1791022036307403500,18.132403564453124,0.10384701192378998,-0.6061305999755859,-0.4134027361869812
1791022036324657400,18.149657470703126,0.17715078592300415,-0.6733257174491882,-0.38102689385414124
1791022036341911300,18.166911376953124,0.2522871494293213,-0.3984365463256836,-0.3981311321258545
1791022036359165200,18.184165283203125,0.017715077847242355,-0.3862192630767822,-0.4696022868156433
1791022036376419300,18.20141943359375,-0.17653992772102356,-0.09972367435693741,-0.7249437570571899
1791022036393673200,18.218673095703124,-0.2926042377948761,0.23503021895885468,-1.2472331523895264
1791022036410927400,18.23592724609375,-0.5662716627120972,0.4488328993320465,-1.698662281036377
1791022036428181200,18.25318115234375,-0.6426297426223755,0.6870701313018799,-1.5581632852554321
1791022036445435100,18.27043505859375,-0.5992583632469177,0.3217730224132538,-1.366351842880249
1791022036462689000,18.28768896484375,-0.4874700903892517,-0.233503058552742,-1.7951788902282715
1791022036479943000,18.30494287109375,-0.657290518283844,0.10125083476305008,-2.073122262954712
1791022036497197000,18.322197021484374,-0.8356630206108093,0.30344706773757935,-1.8012875318527222
1791022036514451000,18.339450927734376,-0.7318159937858582,-0.35506516695022583,-1.3034327030181885
1791022036531705000,18.356705078125,-0.564439058303833,-1.0154099464416504,-1.2142465114593506
1791022036548959000,18.373958984375,-0.46059203147888184,-1.1094831228256226,-1.2961024045944214
1791022036566212900,18.391212890625,-0.44898560643196106,-1.1711804866790771,-1.205694317817688
1791022036583466800,18.408466796875,-0.5088503360748291,-1.3947570323944092,-1.195920467376709
1791022036600721000,18.425720947265624,-0.5418370366096497,-1.4314088821411133,-1.1739293336868286
1791022036617974800,18.442974853515626,-0.6175842881202698,-1.1559088230133057,-1.4152209758758545
1791022036635228700,18.460228759765624,-0.8222240209579468,-1.049007534980774,-1.8874194622039795
1791022036652482600,18.477482666015625,-1.0341941118240356,-0.9268345832824707,-2.0572397708892822
1791022036669736700,18.49473681640625,-1.1545344591140747,-0.5572614073753357,-2.02303147315979
1791022036686990600,18.511990478515624,-1.018311619758606,-0.6971494555473328,-1.6577342748641968
1791022036704244500,18.529244384765626,-0.7843503952026367,-0.755181610584259,-1.5905392169952393
1791022036721498600,18.54649853515625,-0.6847794055938721,-0.6079631447792053,-1.6174172163009644
1791022036738752500,18.56375244140625,-0.6017017960548401,-0.5401571989059448,-1.3736821413040161
1791022036756006400,18.58100634765625,-0.7428115606307983,-0.4332558512687683,-1.274111270904541
1791022036773260300,18.59826025390625,-0.9767727851867676,-0.7118101716041565,-1.1287254095077515
1791022036790514400,18.615514404296874,-1.0372483730316162,-0.614682674407959,-1.2374593019485474
1791022036807768300,18.632768310546876,-0.8918625712394714,-0.643393337726593,-1.1256710290908813
1791022036825022200,18.650022216796874,-0.7531962990760803,-1.0459532737731934,-0.8196278214454651
1791022036842276400,18.6672763671875,-0.6615665555000305,-0.790611743927002,-0.6204859018325806
1791022036859530200,18.6845302734375,-0.5943714380264282,-0.46807512640953064,-0.568562388420105
1791022036876784000,18.7017841796875,-0.49541133642196655,-0.5083922147750854,-0.3669770061969757
1791022036894038000,18.7190380859375,-0.3530798554420471,-0.39538222551345825,-0.2643517255783081
1791022036911292200,18.736292236328126,-0.205861434340477,-0.05146535858511925,-0.17455461621284485
1791022036928546000,18.753546142578124,-0.0030543238390237093,0.4396699368953705,-0.16294817626476288
1791022036945800000,18.770800048828125,0.08979712426662445,0.7640390992164612,-0.28206682205200195
1791022036963053800,18.7880537109375,0.11484257876873016,0.6736311316490173,0.09972367435693741
1791022036980308000,18.805307861328124,0.2419024556875229,0.7658717036247253,0.5426006317138672
1791022036997561900,18.822561767578126,0.337808221578598,1.1403318643569946,0.8510873317718506
1791022037014815700,18.839815673828124,0.37690356373786926,1.1464405059814453,1.0636682510375977
1791022037032070000,18.85706982421875,0.35063639283180237,0.743880569934845,1.205999732017517
1791022037049323800,18.87432373046875,0.4172206521034241,0.5862774848937988,1.1284199953079224
1791022037066577700,18.89157763671875,0.3384190797805786,0.39568766951560974,1.131474256515503
1791022037083831600,18.90883154296875,0.4043924808502197,0.30344706773757935,1.2964078187942505
1791022037101085400,18.92608544921875,0.4557051360607147,0.4195113778114319,1.4607304334640503
1791022037118339600,18.943339599609374,0.43921178579330444,0.6369792222976685,1.4393501281738281
1791022037135593500,18.960593505859375,0.42271843552589417,0.9558506608009338,1.4466805458068848
1791022037152847400,18.977847412109377,0.4557051360607147,1.0053306818008423,1.5389211177825928
1791022037170101200,18.995101318359374,0.5729911923408508,0.7029526233673096,1.7582215070724487
1791022037187355400,19.01235546875,0.5900954008102417,0.9112575054168701,1.7948734760284424
1791022037204609300,19.029609375,0.5112938284873962,1.3962842226028442,1.7380629777908325
1791022037221863200,19.04686328125,0.5522217750549316,1.197142243385315,1.7582215070724487
1791022037239117000,19.064116943359377,0.778241753578186,1.1953096389770508,1.7594432830810547
1791022037256371200,19.08137109375,1.0189224481582642,1.2704460620880127,1.7539454698562622
1791022037273625000,19.098625,1.1068869829177856,1.1898118257522583,1.6843068599700928
1791022037290879000,19.11587890625,1.2101231813430786,1.2600613832473755,1.58717942237854
1791022037308133000,19.133133056640624,1.352454662322998,0.9082031846046448,1.6586506366729736
1791022037325387000,19.150386962890625,1.5051708221435547,0.5471821427345276,1.7441716194152832
1791022037342641000,19.167640869140627,1.6145156621932983,0.5484038591384888,1.7508912086486816
1791022037359894800,19.184894775390624,1.6426154375076294,0.5013672709465027,1.676365613937378
1791022037377149000,19.20214892578125,1.5204424858093262,0.6779071688652039,1.6207770109176636
1791022037394402800,19.21940283203125,1.414151906967163,0.3889681398868561,1.6360485553741455
1791022037411656700,19.23665673828125,1.1875211000442505,0.15378521382808685,1.5951206684112549
1791022037428910600,19.25391064453125,1.035415768623352,0.024281874299049377,1.4185807704925537
1791022037446164500,19.27116455078125,0.7562506198883057,-0.4088212549686432,1.3293944597244263
1791022037463418600,19.288418701171874,0.5198459029197693,-0.3220784664154053,1.242040753364563
1791022037480672500,19.305672607421876,0.39339691400527954,-0.19013166427612305,1.0257946252822876
1791022037497926400,19.322926513671874,0.2657261788845062,-0.18463388085365295,0.7099775671958923
1791022037515180300,19.34018017578125,0.11362084746360779,0.1617264449596405,0.5682569742202759
1791022037532434400,19.357434326171877,-0.026878049597144127,0.228921577334404,0.3452913165092468
1791022037549688300,19.374688232421875,-0.15210533142089844,0.10369429737329483,0.1101083755493164
1791022037566942200,19.391942138671876,-0.21991132199764252,0.003512472379952669,0.02153298258781433
1791022037584196400,19.4091962890625,-0.23884813487529755,-0.35506516695022583,-0.0334448479115963
1791022037601450200,19.4264501953125,-0.19914191961288452,-0.5096139311790466,-0.08659008145332336
1791022037618704100,19.4437041015625,-0.22235478460788727,-0.2842048406600952,-0.13851359486579895
1791022037635958000,19.4609580078125,-0.370184063911438,-0.2182314395904541,-0.351705402135849
1791022037653212200,19.478212158203124,-0.42455101013183594,0.27107125520706177,-0.5575668215751648
1791022037670465800,19.4954658203125,-0.5125155448913574,0.5826122760772705,-0.679739773273468
1791022037687720000,19.512719970703124,-0.5088503360748291,0.4598284661769867,-0.7658717036247253
1791022037704973800,19.529973876953125,-0.3530798554420471,0.2698495090007782,-0.781143307685852
1791022037722227700,19.547227783203127,-0.17898337543010712,-0.017256930470466614,-0.7970257997512817
1791022037739481900,19.56448193359375,-0.04581485688686371,0.17027856409549713,-0.8629992008209229
1791022037756735700,19.58173583984375,-0.034208428114652634,0.07864884287118912,-0.86544269323349
1791022037773989600,19.59898974609375,-0.08552107214927673,-0.09544762223958969,-0.9772309064865112
1791022037791243500,19.616243408203125,-0.06902772188186646,-0.06856957077980042,-1.0438151359558105
1791022037808497700,19.63349755859375,-0.06291907280683517,-0.11499529331922531,-1.1256710290908813
1791022037825751600,19.65075146484375,-0.11056652665138245,-0.04718930274248123,-1.22402024269104
1791022037843005400,19.66800537109375,-0.2315177470445633,0.044440411031246185,-1.2227985858917236
1791022037860259300,19.68525927734375,-0.46425724029541016,-0.03436114266514778,-1.2637264728546143
1791022037877513200,19.70251318359375,-0.6524035930633545,-0.0795651376247406,-1.2118029594421387
1791022037894767400,19.719767333984375,-0.8252783417701721,-0.1156061589717865,-1.3706278800964355
1791022037912021200,19.737021240234377,-0.9107993841171265,-0.33918267488479614,-1.5862630605697632
1791022037929275100,19.754275146484375,-0.8869756460189819,-0.5725330114364624,-1.5587742328643799
1791022037946529000,19.771529052734376,-0.8442151546478271,-0.6214022040367126,-1.5929826498031616
1791022037963783200,19.788783203125,-0.8026763200759888,-0.5554288029670715,-1.6290236711502075
1791022037981037000,19.806037109375,-0.7965676784515381,-0.5059487819671631,-1.5844305753707886
1791022037998291000,19.823291015625,-0.822834849357605,-0.5267181396484375,-1.5740457773208618
1791022038015544800,19.840544921875,-0.7446441650390625,-0.7802270650863647,-1.5654937028884888
1791022038032798700,19.857798828125,-0.7128791809082031,-0.9647082090377808,-1.588706612586975
1791022038050052900,19.875052978515626,-0.7073814272880554,-1.1766782999038696,-1.4915790557861328
1791022038067306800,19.892306640625,-0.6145299673080444,-1.095433235168457,-1.4659227132797241
1791022038084560600,19.909560546875,-0.5589412450790405,-1.0655008554458618,-1.5893174409866333
1791022038101814800,19.926814697265623,-0.4880809485912323,-1.3519964218139648,-1.4897464513778687
1791022038119068700,19.944068603515625,-0.35796675086021423,-1.121700406074524,-1.5447243452072144
1791022038136322600,19.961322509765626,-0.2675587832927704,-1.172402262687683,-1.4726423025131226
1791022038153576400,19.978576416015624,-0.36774060130119324,-0.975703775882721,-1.4598140716552734
1791022038170830300,19.995830322265626,-0.49663305282592773,-0.4143190383911133,-1.6675081253051758
1791022038188084500,20.01308447265625,-0.6181951761245728,-0.8865175247192383,-1.3810125589370728
1791022038205338400,20.03033837890625,-0.627968966960907,-0.5358811020851135,-1.3419171571731567
1791022038222592300,20.04759228515625,-0.5687150955200195,-0.4405862092971802,-1.2399027347564697
1791022038239846100,20.06484619140625,-0.4312705397605896,-0.3214675784111023,-0.9900590777397156
1791022038257100000,20.08210009765625,-0.3964512348175049,-0.04169152304530144,-0.9375247359275818
1791022038274354000,20.09935400390625,-0.4520399272441864,-0.191964253783226,-0.6791289448738098
1791022038291608000,20.116608154296873,-0.4984656572341919,-0.030085090547800064,-0.5441278219223022
1791022038308862000,20.133862060546875,-0.49052441120147705,-0.1003345400094986,-0.4280634820461273
1791022038326115800,20.15111572265625,-0.3402516841888428,-0.011148282326757908,-0.38102689385414124
1791022038343370000,20.168369873046874,-0.25045454502105713,0.2631300091743469,-0.3455967605113983
1791022038360623900,20.185623779296876,-0.15210533142089844,0.02306014485657215,-0.04016435891389847
1791022038377877800,20.202877685546873,-0.07757982611656189,0.3370446562767029,0.14004075527191162
1791022038395131600,20.220131591796875,-0.03787361457943916,0.3052796721458435,0.2652680277824402
1791022038412385500,20.237385498046876,0.1692095398902893,0.34987279772758484,0.5358811020851135
1791022038429639700,20.2546396484375,0.481361448764801,0.7756455540657043,0.4943423271179199
1791022038446893600,20.2718935546875,0.5619956254959106,0.9100357890129089,0.4644099473953247
1791022038464147500,20.2891474609375,0.637742817401886,0.8611665964126587,0.7796161770820618
1791022038481401300,20.3064013671875,0.675616443157196,0.985783040523529,1.0343468189239502
1791022038498655200,20.3236552734375,0.5809323787689209,1.106734275817871,1.2200497388839722
1791022038515909400,20.340909423828126,0.6298015713691711,1.0273218154907227,1.1186461448669434
1791022038533163300,20.358163330078124,0.7379246354103088,0.753043532371521,1.105207085609436
1791022038550417200,20.375417236328126,0.813671886920929,0.5086976289749146,1.4240784645080566
1791022038567671000,20.392671142578124,0.9761618971824646,0.3938550651073456,1.494938850402832
1791022038584925000,20.409925048828125,1.0604612827301025,0.5942187309265137,1.399643898010254
1791022038602178800,20.4271787109375,1.0958913564682007,0.864220917224884,1.559079647064209
1791022038619433000,20.444432861328124,1.25715970993042,0.8385646343231201,1.7569998502731323
1791022038636687000,20.46168701171875,1.229670763015747,0.7768672704696655,1.8590142726898193
1791022038653940700,20.478940673828124,1.125823736190796,0.41157013177871704,1.9530874490737915
1791022038671194600,20.496194580078125,1.026863694190979,0.14706569910049438,2.0410518646240234
1791022038688448500,20.513448486328127,0.8252783417701721,0.15806126594543457,2.0605995655059814
1791022038705702700,20.53070263671875,0.583375871181488,0.1715002804994583,2.028834581375122
1791022038722956500,20.54795654296875,0.45020735263824463,0.20998476445674896,2.089921236038208
1791022038740210400,20.56521044921875,0.5619956254959106,0.145843967795372,2.174220561981201
1791022038757464300,20.58246435546875,0.5057960152626038,0.32788166403770447,1.9701915979385376
1791022038774718200,20.59971826171875,0.3585776388645172,1.2063052654266357,1.4039199352264404
1791022038791972400,20.616972412109376,0.5632173418998718,1.7805181741714478,1.5847359895706177
1791022038809226200,20.634226318359374,1.1136064529418945,1.143997073173523,1.854127287864685
1791022038826480000,20.651480224609376,1.3964369297027588,0.11835505068302155,1.8693989515304565
1791022038843734300,20.668734375,1.278540015220642,-0.07345648854970932,1.6378811597824097
1791022038860988000,20.68598779296875,1.1270455121994019,0.08720094710588455,1.2701406478881836
1791022038878242000,20.703241943359377,0.9022472500801086,-0.41126471757888794,0.9048434495925903
1791022038895496000,20.720495849609375,0.7672461867332458,-0.6256782412528992,0.8040507435798645
1791022038912749800,20.737749755859376,0.8625410795211792,0.0792597085237503,1.0374010801315308
1791022038930003700,20.755003662109374,1.0378592014312744,0.14767655730247498,0.9952514171600342
1791022038947257600,20.772257568359375,0.9010255336761475,-0.04413498193025589,0.522442102432251
1791022038964511700,20.78951171875,0.42394015192985535,0.16783510148525238,0.25121814012527466
1791022038981765600,20.806765625,0.021380268037319183,0.13301581144332886,0.22067490220069885
1791022038999019500,20.82401953125,-0.1185077652335167,0.09758564829826355,0.22250749170780182
1791022039016273400,20.8412734375,-0.1692095398902893,-0.263435423374176,-0.02000582218170166
1791022039033527300,20.85852734375,-0.23396120965480804,-0.5328267812728882,-0.17088942229747772
1791022039050781400,20.875781494140625,-0.347582072019577,-0.18890993297100067,-0.21731515228748322
1791022039068035300,20.893035400390627,-0.4581485986709595,0.30283620953559875,-0.3407098352909088
1791022039085289200,20.910289306640625,-0.5497782826423645,0.05482511222362518,-0.7463240623474121
1791022039102543000,20.927543212890626,-0.6175842881202698,-0.36422812938690186,-1.0664172172546387
1791022039119797000,20.944796875,-0.656679630279541,0.15500694513320923,-0.9265291690826416
1791022039137051100,20.962051025390625,-0.4935787320137024,0.503810703754425,-0.577725350856781
1791022039154304800,20.9793046875,-0.1844811588525772,0.33399030566215515,-0.5306887626647949
1791022039171559000,20.996558837890625,-0.1337793916463852,0.04932733252644539,-0.6058251261711121
1791022039188812800,21.013812744140626,-0.12950333952903748,-0.3623955249786377,-0.6980656981468201
1791022039206066700,21.031066650390624,-0.014660755172371864,-0.585972011089325,-0.8098539710044861
1791022039223320800,21.04832080078125,0.012217295356094837,-0.38988444209098816,-0.8037453293800354
1791022039240574500,21.065574462890623,-0.04764745384454727,-0.23777911067008972,-0.7127264738082886
1791022039257828600,21.08282861328125,-0.13072505593299866,-0.3404043912887573,-0.6449204683303833
1791022039275082500,21.10008251953125,-0.28405213356018066,-0.6598866581916809,-0.7451022863388062
1791022039292336400,21.11733642578125,-0.4685332775115967,-0.8938478827476501,-0.9918916821479797
1791022039309590300,21.13459033203125,-0.7177661061286926,-0.9524909257888794,-1.1867575645446777
1791022039326844200,21.15184423828125,-0.8790343999862671,-0.771064043045044,-1.3162609338760376
1791022039344098300,21.169098388671873,-0.9841031432151794,-0.5291616320610046,-1.5990912914276123
1791022039361352000,21.18635205078125,-1.237612009048462,-0.45097091794013977,-2.148258686065674
1791022039378606000,21.203606201171876,-1.5497639179229736,-0.2835939824581146,-2.290590286254883
1791022039395860000,21.22085986328125,-1.4275909662246704,-0.01908952370285988,-1.8098396062850952
1791022039413113900,21.23811376953125,-0.9932661056518555,-0.378888875246048,-1.4066689014434814
1791022039430367700,21.25536767578125,-0.860708475112915,-0.8779653906822205,-1.2417353391647339
1791022039447621600,21.27262158203125,-0.8472694754600525,-1.0661118030548096,-1.3602432012557983
1791022039464875800,21.289875732421876,-0.8753692507743835,-1.4185807704925537,-1.4610358476638794
1791022039482129700,21.307129638671874,-0.8374956250190735,-1.5224277973175049,-1.4665336608886719
1791022039499383600,21.324383544921876,-0.7635809779167175,-1.282357931137085,-1.4469859600067139
1791022039516637400,21.341637451171874,-0.7189878225326538,-1.234710454940796,-1.3938406705856323
1791022039533891300,21.358891357421875,-0.7012727856636047,-1.1326960325241089,-1.4152209758758545
1791022039551145500,21.3761455078125,-0.720820426940918,-1.0270164012908936,-1.4940224885940552
1791022039568399400,21.3933994140625,-0.7458658814430237,-1.1082614660263062,-1.4121665954589844
1791022039585653200,21.4106533203125,-0.7446441650390625,-0.9359975457191467,-1.354134440422058
1791022039602907100,21.4279072265625,-0.7648026943206787,0.08109229803085327,-1.7310380935668945
1791022039620161000,21.4451611328125,-0.7794634699821472,0.3657552897930145,-1.531285285949707
1791022039637415000,21.462414794921877,-0.7953459620475769,0.05177079141139984,-1.0315978527069092
1791022039654669000,21.4796689453125,-0.7464767694473267,-0.16325360536575317,-0.8287907838821411
1791022039671923000,21.4969228515625,-0.6597339510917664,-0.04474584385752678,-0.8385646343231201
1791022039689176800,21.5141767578125,-0.5400044918060303,-0.1925751268863678,-0.7664825916290283
1791022039706430700,21.5314306640625,-0.389120876789093,-0.7313578724861145,-0.37980517745018005
1791022039723684600,21.5486845703125,-0.1795942485332489,-0.34895649552345276,-0.12202023714780807
1791022039740938800,21.565938720703127,0.04764745384454727,0.3572031855583191,-0.34987279772758484
1791022039758192400,21.5831923828125,0.10201441496610641,0.2545779049396515,-0.22953243553638458
1791022039775446500,21.600446533203126,0.16187916696071625,0.2075413018465042,-0.06154462695121765
1791022039792700400,21.617700439453124,0.23335035145282745,0.6375901103019714,0.06246092543005943
1791022039809954300,21.634954345703125,0.2254091054201126,0.9943351149559021,0.09544762223958969
1791022039827208200,21.652208251953127,0.20769402384757996,0.7170025110244751,0.2658788859844208
1791022039844462000,21.669462158203125,0.2669478952884674,0.5710058808326721,0.4760163724422455
1791022039861716200,21.68671630859375,0.29626941680908203,0.6669116020202637,0.6482802629470825
1791022039878969900,21.703969970703124,0.24251331388950348,0.6779071688652039,0.8028290271759033
1791022039896224000,21.72122412109375,0.36774060130119324,0.6101012229919434,0.8058833479881287
1791022039913478000,21.738477783203123,0.40866854786872864,0.2124282270669937,1.0202969312667847
1791022039930731800,21.755731689453125,0.5540543794631958,0.36880961060523987,1.1271982192993164
1791022039947985700,21.772985595703126,0.618806004524231,0.8355103135108948,1.1846195459365845
1791022039965239600,21.790239501953124,0.6310232877731323,1.3193151950836182,1.3978112936019897
1791022039982493400,21.807493408203126,0.6609556674957275,1.0541999340057373,1.6623157262802124
1791022039999747600,21.82474755859375,0.6542361974716187,0.7108938694000244,1.8193080425262451
1791022040017001500,21.84200146484375,0.6322450637817383,0.2545779049396515,1.7942625284194946
1791022040034255400,21.85925537109375,0.6401863098144531,0.10125083476305008,1.7008002996444702
1791022040051509200,21.87650927734375,0.5406153202056885,0.2747364342212677,1.7386739253997803
1791022040068763100,21.89376318359375,0.4862483739852905,0.5001455545425415,1.75455641746521
1791022040086017000,21.91101708984375,0.6139190793037415,0.5899426341056824,1.7227914333343506
1791022040103271000,21.92827099609375,0.7440332770347595,0.8086322546005249,1.7417281866073608
1791022040120525000,21.945525146484375,0.8112284541130066,0.9656245112419128,1.7484476566314697
1791022040137779000,21.962779052734376,0.8796452879905701,1.1507165431976318,1.8315253257751465
1791022040155032800,21.98003271484375,0.9523382186889648,1.0077741146087646,1.854127287864685
1791022040172286700,21.99728662109375,0.9101884961128235,0.8660535216331482,1.89994215965271
1791022040189540600,22.01454052734375,0.9175189137458801,0.5294670462608337,1.9286528825759888
1791022040206794500,22.03179443359375,1.0299180746078491,0.1611155867576599,1.8309144973754883
1791022040224048600,22.049048583984376,1.0903936624526978,-0.0154243353754282,1.6452115774154663
1791022040241302300,22.06630224609375,0.998763918876648,-0.0899498388171196,1.5352559089660645
1791022040258556400,22.083556396484376,0.7611374855041504,-0.20540328323841095,1.532812476158142
1791022040275810300,22.100810302734374,0.6206386089324951,-0.01359174121171236,1.4088069200515747
1791022040293064200,22.118064208984375,0.5619956254959106,0.10613775253295898,1.2194387912750244
1791022040310318000,22.135318115234377,0.5980366468429565,0.1715002804994583,1.0343468189239502
1791022040327572000,22.152572021484374,0.7018836140632629,0.1922696828842163,0.9366084337234497
1791022040344825900,22.169825927734376,0.6811142563819885,0.2185368686914444,0.7948877811431885
1791022040362080000,22.187080078125,0.47525280714035034,0.08048143237829208,0.5804742574691772
1791022040379334000,22.204333984375,0.18142683804035187,-0.026419902220368385,0.3251327872276306
1791022040396587800,22.221587890625,0.05253437161445618,-0.0539088174700737,0.08811724185943604
1791022040413841700,22.238841552734375,0.0720820426940918,0.0487164668738842,-0.0102319847792387
1791022040431095600,22.256095458984376,-0.02260199747979641,0.04993819445371628,-0.18921536207199097
1791022040448349400,22.273349365234374,-0.1954767256975174,0.17516547441482544,-0.4958694875240326
1791022040465603300,22.290603271484375,-0.25961753726005554,0.2441931962966919,-0.669965922832489
1791022040482857200,22.307857177734373,-0.1649334877729416,0.09147699922323227,-0.7591522336006165
1791022040500111000,22.325111083984375,-0.17715078592300415,0.20998476445674896,-0.7231112122535706
1791022040517365200,22.342365234375,-0.1844811588525772,0.20448698103427887,-0.6876810193061829
1791022040534619100,22.359619140625,-0.19914191961288452,0.2900080680847168,-0.6736311316490173
1791022040551873000,22.376873046875,-0.25411975383758545,0.34926193952560425,-0.5923861265182495
1791022040569127000,22.394126953125,-0.21197007596492767,0.3309359848499298,-0.5276344418525696
1791022040586380800,22.411380859375,-0.16615521907806396,0.24602578580379486,-0.5062541961669922
1791022040603634700,22.428634765625,-0.18203771114349365,0.006566796451807022,-0.4787652790546417
1791022040620888600,22.445888671875,-0.17837251722812653,-0.2848156988620758,-0.4787652790546417
1791022040638142500,22.463142578125,-0.2577849328517914,-0.47296205163002014,-0.641866147518158
1791022040655396400,22.480396240234374,-0.43004879355430603,-0.4228711426258087,-0.8379537463188171
1791022040672650500,22.497650390625,-0.5913171172142029,-0.20479241013526917,-1.001665472984314
1791022040689904400,22.514904296875,-0.6872228980064392,-0.07345648854970932,-1.1684316396713257
1791022040707158300,22.532158203125,-0.6548470258712769,-0.0899498388171196,-1.3425281047821045
1791022040724412200,22.549412109375,-0.6499601006507874,-0.22983787953853607,-1.5685480833053589
1791022040741666000,22.566666015625,-0.6780598759651184,-0.10216713696718216,-1.7731877565383911
1791022040758920000,22.583919921875,-0.7440332770347595,0.16783510148525238,-1.6449061632156372
1791022040776173800,22.601173828125,-0.8216131329536438,-0.16264274716377258,-1.4909682273864746
1791022040793427700,22.618427734375,-0.748920202255249,-0.40576693415641785,-1.3156499862670898
1791022040810681900,22.635681884765624,-0.6017017960548401,-0.8675807118415833,-1.289382815361023
1791022040827935700,22.652935791015626,-0.6322450637817383,-1.2017236948013306,-1.3345868587493896
1791022040845189600,22.670189697265624,-0.7000510096549988,-1.3379465341567993,-1.2777763605117798
1791022040862443500,22.687443603515625,-0.6548470258712769,-1.1094831228256226,-1.4231622219085693
1791022040879697400,22.704697509765627,-0.6542361974716187,-1.03129243850708,-1.4958550930023193
1791022040896951300,22.721951416015624,-0.6194168925285339,-0.9891427755355835,-1.4366012811660767
1791022040914205200,22.739205078125,-0.6041452884674072,-0.7753401398658752,-1.5697697401046753
1791022040931459000,22.756458984375,-0.6676751971244812,-0.706923246383667,-1.7560834884643555
1791022040948713200,22.773713134765625,-0.7446441650390625,-0.4760163724422455,-1.891695499420166
1791022040965966800,22.790966796875,-0.7745765447616577,-0.6904299259185791,-1.6485713720321655
1791022040983221000,22.808220947265625,-0.7611374855041504,-0.6776017546653748,-1.419497013092041
1791022041000475000,22.825474853515626,-0.6340776681900024,-0.6097957491874695,-1.4482076168060303
1791022041017728800,22.842728759765624,-0.627968966960907,-0.4864010810852051,-1.4054471254348755
1791022041034982700,22.859982666015625,-0.6896663308143616,-0.4179842174053192,-1.3162609338760376
1791022041052236500,22.877236572265623,-0.6908880472183228,-0.29153522849082947,-1.215468168258667
1791022041069490400,22.894490478515625,-0.564439058303833,-0.03558287397027016,-1.131779670715332
1791022041086744300,22.911744384765626,-0.48563748598098755,0.05238165333867073,-0.9185879230499268
1791022041103998200,22.928998291015624,-0.35674503445625305,-0.18585561215877533,-0.6027708053588867
1791022041121252000,22.946252197265625,-0.28588470816612244,-0.42103853821754456,-0.3303251266479492
1791022041138506200,22.96350634765625,-0.1899789422750473,-0.13820815086364746,-0.12690715491771698
1791022041155760000,22.980760009765625,0.021991131827235222,0.013897174037992954,-0.03588830679655075
1791022041173014000,22.998013916015626,0.23823726177215576,0.18860450387001038,-0.05604684352874756
1791022041190268000,23.015267822265624,0.19242240488529205,0.4488328993320465,0.03497200831770897
1791022041207521800,23.032521728515626,0.2632827162742615,0.4225656986236572,0.3361283540725708
1791022041224775700,23.049775634765624,0.3280344009399414,0.8318451046943665,0.5206094980239868
1791022041242029600,23.067029541015625,0.2724456787109375,0.6681333780288696,0.652556300163269
1791022041259283500,23.084283447265626,0.30604326725006104,0.8220712542533875,0.7887791395187378
1791022041276537300,23.101537353515624,0.3402516841888428,0.6601921319961548,1.0514509677886963
1791022041293791200,23.118791259765626,0.3335321843624115,0.5337430834770203,1.2090541124343872
1791022041311045400,23.13604541015625,0.370184063911438,0.7255546450614929,1.2713623046875
1791022041328299300,23.15329931640625,0.4147771894931793,0.6882919073104858,1.485164999961853
1791022041345553200,23.17055322265625,0.555276095867157,0.8226821422576904,1.6476550102233887
1791022041362807000,23.18780712890625,0.5754346251487732,0.9619593024253845,1.7453933954238892
1791022041380061000,23.20506103515625,0.564439058303833,0.7133373618125916,1.891390085220337
1791022041397314800,23.222314697265624,0.5210676789283752,0.688902735710144,1.8510730266571045
1791022041414568700,23.239568603515625,0.4667007029056549,0.6834049820899963,1.7405065298080444
1791022041431822600,23.256822509765627,0.47525280714035034,0.39996370673179626,1.7563889026641846
1791022041449076500,23.274076416015625,0.6621774435043335,0.11163553595542908,1.8058689832687378
1791022041466330400,23.291330322265626,0.8002328872680664,0.33887723088264465,1.7722713947296143
1791022041483584300,23.308584228515624,0.8069523572921753,0.7047852277755737,1.7692171335220337
1791022041500838100,23.325838134765625,0.7953459620475769,1.0425934791564941,1.650098443031311
1791022041518092300,23.34309228515625,0.7886264324188232,1.2063052654266357,1.5822924375534058
1791022041535346000,23.360345947265625,0.9590576887130737,1.235015869140625,1.5291472673416138
1791022041552600000,23.37760009765625,1.0928370952606201,1.1073451042175293,1.5315907001495361
1791022041569854000,23.39485400390625,1.1991275548934937,0.7151699662208557,1.634826898574829
1791022041587107800,23.41210791015625,1.288313865661621,0.3712530732154846,1.4118611812591553
1791022041604361700,23.42936181640625,1.331685185432434,0.0639880821108818,1.1296416521072388
1791022041621615600,23.44661572265625,1.1691951751708984,0.028557928279042244,0.929888904094696
1791022041638869500,23.463869384765626,1.0115920305252075,0.06826414167881012,0.8407026529312134
1791022041656123400,23.481123291015624,0.9639446139335632,-0.0007635809597559273,0.8602503538131714
1791022041673377300,23.498377197265626,0.9303470849990845,0.12140937149524689,0.8822414875030518
1791022041690631200,23.515631103515624,0.9217949509620667,0.34376415610313416,0.8999565243721008
1791022041707885300,23.53288525390625,0.9822705388069153,0.16966769099235535,0.9164499044418335
1791022041725139000,23.550138916015626,0.9376774430274963,-0.11621702462434769,0.7961094975471497
1791022041742393000,23.56739306640625,0.6438514590263367,-0.22067490220069885,0.5621483325958252
1791022041759647000,23.58464697265625,0.27855435013771057,-0.32452189922332764,0.25793763995170593
1791022041776900600,23.601900634765624,0.026878049597144127,-0.16814053058624268,0.18035782873630524
1791022041794154800,23.61915478515625,-0.1130099818110466,-0.08139773458242416,0.13698641955852509
1791022041811408600,23.63640869140625,-0.1331685185432434,-0.1669187992811203,0.030695954337716103
1791022041828662500,23.65366259765625,-0.19242240488529205,-0.10277800261974335,-0.08597921580076218
1791022041845916400,23.67091650390625,-0.2406807243824005,-0.20967933535575867,-0.27107125520706177
1791022041863170300,23.68817041015625,-0.1539379209280014,-0.1821904182434082,-0.3565923273563385
1791022041880424200,23.705424072265625,-0.09712749719619751,0.04199695214629173,-0.2997818887233734
1791022041897678000,23.722677978515627,-0.05070177838206291,0.15317434072494507,-0.2655734717845917
1791022041914932000,23.739931884765625,-0.031154103577136993,0.13729186356067657,-0.301003634929657
1791022041932185900,23.757185791015626,-0.12278381735086441,-0.06551524996757507,-0.45738500356674194
1791022041949440000,23.77443994140625,-0.19669845700263977,-0.05085449293255806,-0.6131555438041687
1791022041966693600,23.791693603515625,-0.258395791053772,0.11774418503046036,-0.7041743993759155
1791022041983947500,23.808947509765623,-0.347582072019577,0.22464552521705627,-0.6974548697471619
1791022042001201700,23.82620166015625,-0.4062250852584839,0.21120649576187134,-0.7102830410003662
1791022042018455300,23.843455322265626,-0.4929678738117218,-0.02764163166284561,-0.8037453293800354
1791022042035709400,23.86070947265625,-0.5283980369567871,-0.2188423126935959,-1.0896300077438354
1791022042052963300,23.87796337890625,-0.4874700903892517,-0.1974620372056961,-1.4726423025131226
1791022042070217200,23.89521728515625,-0.6133082509040833,-0.10583232343196869,-1.7047709226608276
1791022042087471000,23.91247119140625,-0.8112284541130066,0.10980294644832611,-1.511737585067749
1791022042104725000,23.92972509765625,-0.9321796298027039,0.0487164668738842,-1.3083196878433228
1791022042121979000,23.946978759765624,-0.9199623465538025,-0.16997312009334564,-1.5147919654846191
1791022042139232800,23.964232666015626,-0.8991929292678833,-0.3092502951622009,-1.5911500453948975
1791022042156486700,23.981486572265624,-0.9169080257415771,-0.48762279748916626,-1.4530946016311646
1791022042173740500,23.998740478515625,-0.8491020202636719,-0.6116283535957336,-1.5734349489212036
1791022042190994400,24.015994384765627,-0.833219587802887,-0.7777835726737976,-1.7273728847503662
1791022042208248300,24.033248291015624,-0.7849612236022949,-1.1375828981399536,-1.696218729019165
1791022042225502200,24.050502197265626,-0.7116574645042419,-1.106428861618042,-1.6015347242355347
1791022042242756000,24.067756103515624,-0.7507528066635132,-0.920115053653717,-1.7298163175582886
1791022042260010000,24.085010009765625,-0.7745765447616577,-0.9243911504745483,-1.6485713720321655
1791022042277264000,24.102263916015627,-0.6939423680305481,-0.7887791395187378,-1.4732531309127808
1791022042294518000,24.11951806640625,-0.6359102129936218,-1.0367902517318726,-1.4036145210266113
1791022042311771600,24.136771728515626,-0.6407971382141113,-1.2090541124343872,-1.4127775430679321
1791022042329025800,24.15402587890625,-0.7128791809082031,-0.9048434495925903,-1.5013529062271118
1791022042346279700,24.17127978515625,-0.7641918659210205,-1.0355684757232666,-1.3981167078018188
1791022042363533300,24.188533203125,-0.7458658814430237,-0.9323323965072632,-1.4103341102600098
1791022042380787500,24.205787353515625,-0.7098248600959778,-0.8846849203109741,-1.2869393825531006
1791022042398041300,24.223041259765626,-0.6554579138755798,-0.6904299259185791,-1.1922553777694702
1791022042415295200,24.240295166015624,-0.5949822664260864,-0.6696605086326599,-1.012661099433899
1791022042432549000,24.257549072265626,-0.5283980369567871,-0.8932369947433472,-0.6827940940856934
1791022042449803000,24.274802978515623,-0.3897317349910736,-0.5456549525260925,-0.689513623714447
1791022042467057000,24.292056884765625,-0.3530798554420471,-0.1455385386943817,-0.5172497630119324
1791022042484310800,24.309310791015626,-0.2675587832927704,0.10613775253295898,-0.4127918779850006
1791022042501564700,24.326564697265624,-0.20280711352825165,0.7414371371269226,-0.6192641854286194
1791022042518818600,24.343818603515626,-0.24251331388950348,0.1824958473443985,-0.10797034949064255
1791022042536072400,24.361072509765624,-0.14049890637397766,0.5673406720161438,-0.051159925758838654
1791022042553326300,24.378326416015625,-0.0818558782339096,0.35475972294807434,0.18829907476902008
1791022042570580200,24.395580322265626,0.07819069176912308,0.3474293351173401,0.27748534083366394
1791022042587834000,24.412834228515624,0.11423171311616898,0.3877464234828949,0.31413722038269043
1791022042605088000,24.430087890625,0.19853104650974274,0.38102689385414124,0.4790706932544708
1791022042622342000,24.447341796875,0.3225366175174713,0.5703949928283691,0.5535961985588074
1791022042639595800,24.464595703125,0.3787361681461334,0.5245801210403442,0.7759509682655334
1791022042656849700,24.481849609375,0.5033525824546814,0.5557342171669006,1.0276272296905518
1791022042674103600,24.499103515625,0.6059778332710266,0.48243045806884766,1.1033744812011719
1791022042691357400,24.516357421875,0.6163625717163086,0.495258629322052,1.2011128664016724
1791022042708611300,24.533611328125,0.6872228980064392,0.4488328993320465,1.3226749897003174
1791022042725865200,24.550865234375,0.7440332770347595,0.41584619879722595,1.3617702722549438
1791022042743119000,24.568119140625,0.657290518283844,0.49831295013427734,1.4869976043701172
1791022042760373000,24.585373046875,0.5332849621772766,0.6785180568695068,1.4869976043701172
1791022042777627000,24.602626953125,0.32192572951316833,1.0358740091323853,1.530979871749878
1791022042794881000,24.619881103515624,0.35185810923576355,1.439044713973999,1.7832670211791992
1791022042812134700,24.637134765625,0.5222893953323364,1.3687952756881714,2.0300564765930176
1791022042829388800,24.654388916015623,0.5986474752426147,1.468366265296936,2.0667083263397217
1791022042846642700,24.671642578125,0.6133082509040833,1.170875072479248,1.9677481651306152
1791022042863896300,24.688896240234374,0.6878337264060974,0.8263473510742188,1.9744676351547241
1791022042881150500,24.706150390625,1.0115920305252075,0.4787652790546417,2.014784812927246
1791022042898404400,24.723404296875,1.0720677375793457,0.40546149015426636,1.946367859840393
1791022042915658000,24.740657958984375,0.9101884961128235,0.558788537979126,1.8828380107879639
1791022042932912000,24.757912109375,0.9669989347457886,0.3877464234828949,1.7948734760284424
1791022042950166000,24.775166015625,1.0409135818481445,0.2851211428642273,1.7111849784851074
1791022042967420000,24.792419921875,1.0696241855621338,0.27656903862953186,1.6183334589004517
1791022042984673800,24.809673828125,0.9505056142807007,0.16539163887500763,1.4314088821411133
1791022043001927700,24.826927734375,0.8161153197288513,-0.029474224895238876,1.3373357057571411
1791022043019181600,24.844181640625,0.7929024696350098,-0.35934120416641235,1.2286018133163452
1791022043036435500,24.861435546875,0.7861829996109009,-0.3416261374950409,1.1284199953079224
1791022043053689300,24.878689453125,0.6811142563819885,-0.13454297184944153,1.1455241441726685
1791022043070943200,24.895943115234374,0.462424635887146,-0.11988221108913422,0.9934188723564148
1791022043088197000,24.913197021484375,0.3084867000579834,0.08842267841100693,0.70753413438797
1791022043105451000,24.930450927734373,0.2626718580722809,0.16050471365451813,0.5426006317138672
1791022043122705000,24.947704833984375,0.20219624042510986,0.23014330863952637,0.5908589363098145
1791022043139958800,24.964958740234376,0.006719512399286032,0.29306238889694214,0.5951350331306458
1791022043157212700,24.982212646484374,-0.17165300250053406,0.14278964698314667,0.3623955249786377
1791022043174466600,24.999466552734376,-0.20219624042510986,0.26129740476608276,0.11377356201410294
1791022043191720400,25.016720458984373,-0.2009745091199875,0.10247256606817245,-0.11224640160799026
1791022043208974300,25.033974365234375,-0.20219624042510986,0.18616104125976562,-0.21548254787921906
1791022043226228200,25.051228271484376,-0.23945899307727814,0.39446592330932617,-0.28817546367645264
1791022043243482000,25.068482177734374,-0.2003636509180069,0.2955058515071869,-0.4482220411300659
1791022043260736000,25.085736083984376,-0.12705987691879272,0.08781181275844574,-0.5349648594856262
1791022043277990000,25.102989990234374,-0.06597339361906052,0.11102467030286789,-0.42073312401771545
1791022043295243800,25.120243896484375,-0.02626718580722809,0.21426081657409668,-0.3712530732154846
1791022043312497700,25.13749755859375,-0.014660755172371864,0.14401137828826904,-0.5532907843589783
1791022043329751600,25.15475146484375,-0.06902772188186646,-0.10399972647428513,-0.8312342762947083
1791022043347005400,25.17200537109375,-0.20280711352825165,-0.1718057245016098,-1.0719150304794312
1791022043364259300,25.18925927734375,-0.3585776388645172,0.20204351842403412,-1.2374593019485474
1791022043381513200,25.20651318359375,-0.5094612240791321,0.5190823674201965,-1.3724604845046997
1791022043398767000,25.22376708984375,-0.7611374855041504,0.48243045806884766,-1.5080723762512207
1791022043416021000,25.24102099609375,-0.9786053895950317,0.3455967605113983,-1.680947184562683
1791022043433275000,25.25827490234375,-0.9718858599662781,0.22220206260681152,-1.809228777885437
1791022043450528800,25.27552880859375,-0.9749401807785034,0.30283620953559875,-1.764635682106018
1791022043467782700,25.29278271484375,-0.8857539296150208,0.2124282270669937,-1.4756965637207031
1791022043485036500,25.31003662109375,-0.7605266571044922,-0.20051635801792145,-1.3968950510025024
1791022043502290400,25.32729052734375,-0.739757239818573,-0.5383245944976807,-1.5465569496154785
1791022043519544300,25.34454443359375,-0.6084213256835938,-0.8199332356452942,-1.5801544189453125
1791022043536798500,25.361798583984374,-0.5503891706466675,-0.8901826739311218,-1.5092941522598267
1791022043554052000,25.379052001953124,-0.5534434914588928,-0.9164499044418335,-1.465311884880066
1791022043571306000,25.396305908203125,-0.536339282989502,-1.1326960325241089,-1.6754493713378906
1791022043588560000,25.413559814453127,-0.5674933791160583,-1.4448479413986206,-1.8495458364486694
1791022043605813800,25.430813720703124,-0.5436696410179138,-1.4204133749008179,-1.6387975215911865
1791022043623067600,25.448067626953126,-0.5039634704589844,-0.81810063123703,-1.6473495960235596
1791022043640321500,25.465321533203124,-0.5125155448913574,-0.5108356475830078,-1.8690935373306274
1791022043657575400,25.482575439453125,-0.6957749724388123,-0.3000873327255249,-1.9827144145965576
1791022043674829300,25.499829345703127,-0.8179479241371155,-0.5554288029670715,-1.5166245698928833
1791022043692083200,25.517083251953125,-0.7666352987289429,-0.7020363211631775,-1.363908290863037
1791022043709337000,25.534337158203126,-0.6597339510917664,-1.124754786491394,-1.291215419769287
1791022043726591000,25.551591064453124,-0.5528326034545898,-1.3532181978225708,-1.1824815273284912
1791022043743844900,25.568844970703125,-0.37140578031539917,-1.4344632625579834,-1.1000148057937622
1791022043761098800,25.5860986328125,-0.09162971377372742,-1.0661118030548096,-1.096960425376892
1791022043778352600,25.6033525390625,0.08368847519159317,-0.643393337726593,-1.0389282703399658
1791022043795606500,25.6206064453125,0.12767073512077332,-0.5621483325958252,-0.7560978531837463
1791022043812860400,25.6378603515625,0.2156352698802948,-0.11316270381212234,-0.836121141910553
1791022043830114300,25.6551142578125,0.15088360011577606,0.06337722390890121,-0.8801034092903137
1791022043847368200,25.6723681640625,0.20769402384757996,0.19898919761180878,-0.7487674951553345
1791022043864622000,25.6896220703125,0.32681265473365784,0.29367324709892273,-0.5019781589508057
1791022043881875700,25.706875732421874,0.38789913058280945,0.30344706773757935,-0.34987279772758484
1791022043899129900,25.7241298828125,0.30115634202957153,0.2637408673763275,-0.04260781779885292
1791022043916383700,25.7413837890625,0.3139844834804535,0.3040579557418823,0.10583232343196869
1791022043933637600,25.7586376953125,0.3329212963581085,0.42195484042167664,0.24510949850082397
1791022043950891500,25.7758916015625,0.33536475896835327,0.5251910090446472,0.48762279748916626
1791022043968145400,25.7931455078125,0.277332603931427,0.6430879235267639,0.6757691502571106
1791022043985399000,25.81039892578125,0.2419024556875229,0.7762564420700073,0.8126028776168823
1791022044002653000,25.82765283203125,0.24862197041511536,0.7658717036247253,1.0612248182296753
1791022044019907000,25.844906982421875,0.3689623177051544,0.6681333780288696,1.3031272888183594
1791022044037160700,25.86216064453125,0.4428769648075104,0.5276344418525696,1.5071561336517334
1791022044054414600,25.87941455078125,0.48013970255851746,0.3309359848499298,1.7008002996444702
1791022044071668500,25.89666845703125,0.6053670048713684,0.23136503994464874,1.9103268384933472
1791022044088922400,25.91392236328125,0.5919279456138611,0.6278162598609924,1.9976805448532104
1791022044106176300,25.93117626953125,0.49052441120147705,0.9778417944908142,1.9787437915802002
1791022044123430100,25.94843017578125,0.4783071279525757,0.9882264733314514,2.019671678543091
1791022044140684000,25.96568408203125,0.46425724029541016,0.9130901098251343,2.0996949672698975
1791022044157938000,25.98293798828125,0.6921098232269287,1.0175479650497437,1.9958479404449463
1791022044175191800,26.00019189453125,0.8173370957374573,0.9778417944908142,1.8712315559387207
1791022044192445700,26.01744580078125,0.8875865340232849,0.856279730796814,1.6812525987625122
1791022044209699600,26.034699462890625,1.0879502296447754,0.7426588535308838,1.595731496810913
1791022044226953500,26.051953369140627,1.239444613456726,0.6601921319961548,1.6757547855377197
1791022044244207400,26.069207275390625,1.2699878215789795,0.5856665968894958,1.8180862665176392
1791022044261461200,26.086461181640626,1.1905754804611206,0.6174315810203552,1.8101450204849243
1791022044278715100,26.103715087890624,1.186299443244934,0.5471821427345276,1.6299399137496948
1791022044295969000,26.120968994140625,1.2773182392120361,0.2942841053009033,1.3043490648269653
1791022044313223000,26.138222900390623,1.2156208753585815,-0.20723587274551392,1.1858412027359009
1791022044330476800,26.155476806640625,0.9413426518440247,-0.5346593856811523,1.2609776258468628
1791022044347730700,26.172730712890626,0.7061597108840942,-0.4540252387523651,1.3416117429733276
1791022044364984600,26.189984619140624,0.6860011219978333,-0.37522369623184204,1.466839075088501
1791022044382238500,26.207238525390625,0.7293725609779358,-0.34468045830726624,1.4643956422805786
1791022044399492400,26.224492431640623,0.7043271064758301,-0.11743875592947006,1.3519964218139648
1791022044416746200,26.241746337890625,0.5809323787689209,-0.09178243577480316,0.9231693744659424
1791022044434000000,26.258999755859374,0.27855435013771057,-0.16081015765666962,0.28848087787628174
1791022044451253800,26.276253662109376,-0.16310089826583862,-0.049021899700164795,-0.14767655730247498
1791022044468508000,26.2935078125,-0.4459312856197357,0.027947064489126205,-0.06643154472112656
1791022044485761500,26.310761474609375,-0.3494146466255188,-0.07651081681251526,0.12782345712184906
1791022044503015400,26.328015380859377,-0.21441353857517242,-0.48701193928718567,0.06001746281981468
1791022044520269300,26.345269287109375,-0.1905898153781891,-0.2658788859844208,-0.22647811472415924
1791022044537523200,26.362523193359376,-0.23029601573944092,0.11102467030286789,-0.4066832363605499
1791022044554777000,26.379777099609374,-0.29443681240081787,0.12751802802085876,-0.504421591758728
1791022044572031000,26.397031005859375,-0.27550002932548523,0.29733842611312866,-0.4805978536605835
1791022044589284900,26.414284912109373,-0.3433060050010681,0.10247256606817245,-0.41706791520118713
1791022044606538800,26.431538818359375,-0.4324922561645508,-0.30253079533576965,-0.4751000702381134
1791022044623792600,26.448792724609376,-0.5180133581161499,-0.16019928455352783,-0.49281516671180725
1791022044641046500,26.466046630859374,-0.5497782826423645,0.05177079141139984,-0.46166107058525085
1791022044658300400,26.483300537109375,-0.5626064538955688,0.13729186356067657,-0.33276858925819397
1791022044675554300,26.50055419921875,-0.6108647584915161,0.03711003437638283,-0.2655734717845917
1791022044692808200,26.51780810546875,-0.5106829404830933,-0.1363755613565445,-0.5245801210403442
1791022044710062000,26.53506201171875,-0.41294458508491516,-0.43692103028297424,-0.884379506111145
1791022044727316000,26.55231591796875,-0.33231043815612793,-0.7301361560821533,-1.1507165431976318
1791022044744569900,26.56956982421875,-0.39278605580329895,-1.1174243688583374,-1.7487531900405884
1791022044761823700,26.58682373046875,-0.6328558921813965,-0.43692103028297424,-2.3620615005493164
1791022044779077400,26.604077392578127,-0.7458658814430237,0.7261655330657959,-1.81778085231781
1791022044796331300,26.621331298828125,-0.8466585874557495,0.5429060459136963,-1.0065524578094482
1791022044813585400,26.63858544921875,-0.9920443892478943,-0.3721693754196167,-0.9729548692703247
1791022044830839000,26.655839111328124,-1.0305289030075073,-0.9451605081558228,-1.3687952756881714
1791022044848093000,26.673093017578125,-0.9847140312194824,-1.3086251020431519,-1.7078251838684082
1791022044865346800,26.690346923828123,-1.0109812021255493,-1.5651882886886597,-1.5813761949539185
1791022044882600700,26.7076005859375,-1.0372483730316162,-1.223714828491211,-1.5929826498031616
1791022044899854600,26.7248544921875,-1.05496346950531,-0.9042325615882874,-1.7279837131500244
1791022044917108500,26.7421083984375,-1.026863694190979,-0.8987348079681396,-1.4451533555984497
1791022044934362400,26.7593623046875,-0.9920443892478943,-0.9873101711273193,-1.4842487573623657
1791022044951616300,26.7766162109375,-0.8588758707046509,-1.455843448638916,-1.6241366863250732
1791022044968870100,26.7938701171875,-0.7629700899124146,-1.559079647064209,-1.455538034439087
1791022044986124000,26.8111240234375,-0.8081740736961365,-1.1956150531768799,-1.4341577291488647
1791022045003377700,26.828377685546876,-0.8436042666435242,-0.8633046746253967,-1.5263984203338623
1791022045020631600,26.845631591796874,-0.8967494964599609,-0.9195042252540588,-1.4811943769454956
1791022045037885700,26.8628857421875,-0.84177166223526,-0.7918334603309631,-1.4469859600067139
1791022045055139600,26.8801396484375,-0.7806851863861084,-0.9463822841644287,-1.2771655321121216
1791022045072393200,26.897393310546875,-0.8753692507743835,-0.4503600597381592,-1.3645192384719849
1791022045089647000,26.914647216796876,-0.9737184643745422,-0.23472478985786438,-1.3217586278915405
1791022045106901000,26.93190087890625,-0.9938769936561584,-0.7032580971717834,-0.9918916821479797
1791022045124155000,26.94915478515625,-0.9553925395011902,-0.8205441236495972,-0.6852375864982605
1791022045141408800,26.96640869140625,-0.8075632452964783,-0.6910407543182373,-0.45799586176872253
1791022045158662700,26.98366259765625,-0.5870410799980164,-0.02153298258781433,-0.6107120513916016
1791022045175916500,27.00091650390625,-0.4520399272441864,0.5392408967018127,-0.6864593029022217
1791022045193170400,27.01817041015625,-0.41783151030540466,0.6333140730857849,-0.4543306827545166
1791022045210424300,27.03542431640625,-0.29504770040512085,1.3321434259414673,-0.2551887631416321
1791022045227678200,27.05267822265625,-0.053145237267017365,0.7481566667556763,0.3825540542602539
1791022045244931800,27.069931884765627,-0.12705987691879272,0.6088794469833374,0.8413135409355164
1791022045262185700,27.087185791015624,-0.18325942754745483,0.5459604263305664,0.9738711714744568
1791022045279440000,27.10443994140625,0.011606430634856224,0.6223185062408447,0.9873101711273193
1791022045296693500,27.121693603515624,0.24006985127925873,0.47143489122390747,0.9225585460662842
1791022045313947400,27.138947509765625,0.36163195967674255,0.26618432998657227,1.1143701076507568
1791022045331201300,27.156201171875,0.40927940607070923,0.7835868000984192,1.1388046741485596
1791022045348455200,27.173455078125,0.536339282989502,0.8886555433273315,1.5370885133743286
1791022045365709000,27.190708984375,0.6872228980064392,0.9338595271110535,1.8773401975631714
1791022045382963000,27.207962890625,0.6963858604431152,0.9912807941436768,1.8180862665176392
1791022045400216800,27.225216796875,0.7165443897247314,0.7707586288452148,1.5712969303131104
1791022045417470700,27.242470703125,0.7544180154800415,0.3620901107788086,1.6323834657669067
1791022045434724600,27.259724609375,0.7715222239494324,0.2759581506252289,1.7331761121749878
1791022045451978500,27.276978515625,0.7238747477531433,0.3828594982624054,1.8559598922729492
1791022045469232400,27.294232421875,0.6139190793037415,0.9222530722618103,1.7111849784851074
1791022045486486000,27.311486083984374,0.6560688018798828,1.4366012811660767,1.7515020370483398
1791022045503740000,27.328739990234375,0.8582650423049927,1.8715369701385498,1.9805762767791748
1791022045520993800,27.345993896484377,1.0903936624526978,1.9533928632736206,2.2566871643066406
1791022045538247700,27.36324755859375,1.285259485244751,1.8232786655426025,2.2530219554901123
1791022045555501600,27.38050146484375,1.4898991584777832,1.2521201372146606,2.058767080307007
1791022045572755500,27.39775537109375,1.4868448972702026,1.1556034088134766,2.0447170734405518
1791022045590009300,27.41500927734375,1.582750678062439,0.8074105381965637,2.1558945178985596
1791022045607263200,27.43226318359375,1.6548327207565308,0.49220430850982666,2.070984363555908
1791022045624517000,27.44951708984375,1.4459168910980225,0.2887863218784332,1.9268202781677246
1791022045641771000,27.46677099609375,1.1514800786972046,-0.09178243577480316,1.7588324546813965
1791022045659025000,27.48402490234375,1.1557561159133911,-0.08200860023498535,1.4857758283615112
1791022045676278500,27.501278564453123,1.0604612827301025,-0.24999640882015228,1.2273800373077393
1791022045693532400,27.518532470703125,0.8191696405410767,-0.37461283802986145,1.172402262687683
1791022045710786300,27.535786376953126,0.5583304166793823,-0.2280052751302719,1.106428861618042
1791022045728040200,27.553040283203124,0.44898560643196106,-0.3715584874153137,1.1229221820831299
1791022045745294000,27.570294189453126,0.42882707715034485,-0.337350070476532,1.0080796480178833
1791022045762548000,27.5875478515625,0.3127627670764923,0.037720900028944016,0.8217658400535583
1791022045779801900,27.6048017578125,0.10751219838857651,0.3352120518684387,0.3862192630767822
1791022045797055500,27.622055419921875,0.08368847519159317,0.4390590488910675,-0.14217877388000488
1791022045814309400,27.639309326171876,-0.1185077652335167,0.24297146499156952,-0.35964664816856384
1791022045831563500,27.6565634765625,-0.4257727563381195,0.16600249707698822,-0.3938550651073456
1791022045848817200,27.673817138671875,-0.4318813979625702,0.249690979719162,-0.3828594982624054
1791022045866071000,27.691071044921873,-0.33597561717033386,-0.06368265300989151,-0.4647153913974762
1791022045883325000,27.708324951171875,-0.28954991698265076,-0.15531237423419952,-0.6436987519264221
1791022045900578800,27.725578857421876,-0.268169641494751,0.14217877388000488,-0.8336777091026306
1791022045917832700,27.742832763671874,-0.26511532068252563,0.18921536207199097,-1.0352630615234375
1791022045935086600,27.760086669921876,-0.22174391150474548,0.2759581506252289,-1.300378441810608
1791022045952340500,27.777340576171873,-0.25350889563560486,0.5997164845466614,-1.4445425271987915
1791022045969594400,27.794594482421875,-0.21746785938739777,1.0138828754425049,-1.1659882068634033
1791022045986848000,27.811847900390624,-0.03787361457943916,0.8355103135108948,-0.856279730796814
1791022046004102000,27.829101806640626,0.013439024798572063,0.060933761298656464,-0.8300125002861023
1791022046021355800,27.846355712890624,-0.0922405794262886,-0.6323977708816528,-0.9906699657440186
1791022046038609700,27.863609619140625,-0.21991132199764252,-0.8352048993110657,-1.170875072479248
1791022046055863600,27.880863525390627,-0.19425499439239502,-0.5261073112487793,-1.170875072479248
1791022046073117400,27.898117431640625,-0.20219624042510986,-0.4082103967666626,-1.384677767753601
1791022046090371300,27.915371337890626,-0.35613417625427246,-0.263435423374176,-1.6113085746765137
1791022046107625000,27.932625,-0.6261364221572876,-0.24755294620990753,-1.7511966228485107
1791022046124878800,27.94987890625,-0.850934624671936,-0.6366738080978394,-1.5435025691986084
1791022046142133000,27.967133056640623,-0.8619301915168762,-0.8486438989639282,-1.3895646333694458
1791022046159386600,27.98438671875,-0.7971785664558411,-0.8724676370620728,-1.5459460020065308
1791022046176640500,28.001640625,-0.8075632452964783,-0.7857248187065125,-1.7298163175582886
1791022046193894400,28.018894287109376,-0.822834849357605,-0.5584831237792969,-1.6748385429382324
1791022046211148300,28.036148193359374,-0.8881973624229431,-0.605519711971283,-1.5832087993621826
1791022046228402200,28.053402099609375,-1.071456789970398,-0.5114465355873108,-2.0157010555267334
1791022046245656000,28.070656005859377,-1.2773182392120361,-0.43142324686050415,-2.3626723289489746
1791022046262910000,28.087909912109374,-1.3952151536941528,-0.5926915407180786,-2.0468552112579346
1791022046280163800,28.105163818359376,-1.1380411386489868,-0.6684387922286987,-1.743866205215454
1791022046297417500,28.12241748046875,-1.0390809774398804,-1.1278090476989746,-1.732259750366211
1791022046314671400,28.13967138671875,-0.9376774430274963,-1.0374010801315308,-1.838550329208374
1791022046331925200,28.15692529296875,-0.8179479241371155,-1.1882847547531128,-1.5563308000564575
1791022046349179100,28.17417919921875,-0.7031053900718689,-0.7148644924163818,-1.4249948263168335
1791022046366433000,28.19143310546875,-0.6695078015327454,-0.18890993297100067,-1.4249948263168335
1791022046383687000,28.20868701171875,-0.8930842876434326,-0.5493201613426208,-1.022434949874878
1791022046400940800,28.22594091796875,-0.963333785533905,-0.6000219583511353,-0.9094249606132507
1791022046418194700,28.243194580078125,-0.8796452879905701,-0.7185297012329102,-0.9204205274581909
1791022046435448300,28.2604482421875,-0.6957749724388123,-0.7521272301673889,-0.7304415702819824
1791022046452702200,28.2777021484375,-0.5155698657035828,-0.8797979950904846,-0.4805978536605835
1791022046469956000,28.2949560546875,-0.3836230933666229,-0.6232348084449768,-0.43722647428512573
1791022046487210000,28.3122099609375,-0.32009315490722656,-0.23716825246810913,-0.3217730224132538
1791022046504464000,28.3294638671875,-0.2779434621334076,-0.15470150113105774,-0.19898919761180878
1791022046521717800,28.3467177734375,-0.25350889563560486,0.2955058515071869,-0.20143266022205353
1791022046538971600,28.3639716796875,-0.31459537148475647,0.2533561587333679,-0.06887500733137131
1791022046556225300,28.381225341796874,-0.2364046722650528,0.08659008145332336,0.1418733447790146
1791022046573479200,28.398479248046876,-0.10201441496610641,0.4647153913974762,0.5022835731506348
1791022046590733000,28.415733154296873,0.04459312930703163,0.753043532371521,0.7209731340408325
1791022046607987000,28.432987060546875,0.287106454372406,0.9369138479232788,0.7875574231147766
1791022046625240800,28.45024072265625,0.32559093832969666,0.6595812439918518,0.708145022392273
1791022046642494700,28.46749462890625,0.39767298102378845,0.8141300082206726,0.8394809365272522
1791022046659748600,28.48474853515625,0.5998691916465759,1.1177297830581665,1.1229221820831299
1791022046677002500,28.50200244140625,0.8167262077331543,1.6021455526351929,1.281136155128479
1791022046694256000,28.519256103515627,1.0024291276931763,1.4494293928146362,1.3923135995864868
1791022046711510000,28.536510009765625,0.9657772183418274,1.011439323425293,1.5627448558807373
1791022046728764000,28.553763916015626,0.9132428169250488,0.7518218159675598,1.5474731922149658
1791022046746017800,28.571017822265624,0.952949047088623,0.6247619390487671,1.596953272819519
1791022046763271700,28.588271728515625,1.0329723358154297,0.5893318057060242,1.6665918827056885
1791022046780525600,28.605525634765623,1.0763437747955322,0.5563451051712036,1.62199866771698
1791022046797779200,28.622779296875,1.1013891696929932,0.4482220411300659,1.6323834657669067
1791022046815033000,28.640033203125,1.18446683883667,0.38408124446868896,1.7496694326400757
1791022046832287000,28.657286865234376,1.2895355224609375,0.3767508566379547,1.8333579301834106
1791022046849540900,28.674540771484374,1.398269534111023,0.3675878942012787,1.9237658977508545
1791022046866794800,28.691794677734375,1.4208714962005615,0.42134398221969604,1.9262093305587769
1791022046884048600,28.709048583984377,1.3353503942489624,0.37980517745018005,1.9017747640609741
1791022046901302300,28.72630224609375,1.211344838142395,0.41584619879722595,1.8981095552444458
1791022046918556200,28.74355615234375,1.0323615074157715,0.425009161233902,1.9335397481918335
1791022046935810000,28.76081005859375,0.8258891701698303,0.5319104790687561,1.8510730266571045
1791022046953064000,28.77806396484375,0.7556397318840027,0.45738500356674194,1.752112865447998
1791022046970317800,28.79531787109375,0.767857015132904,0.33765551447868347,1.6458224058151245
1791022046987571700,28.81257177734375,0.7031053900718689,0.1776089370250702,1.567631721496582
1791022047004825600,28.82982568359375,0.6108647584915161,-0.036193739622831345,1.4735585451126099
1791022047022079200,28.847079345703126,0.4361574649810791,0.14034618437290192,1.3495529890060425
1791022047039333000,28.8643330078125,0.29504770040512085,0.22525638341903687,1.1198678016662598
1791022047056587000,28.8815869140625,0.3084867000579834,-0.011759147047996521,0.8535308241844177
1791022047073841000,28.8988408203125,0.39828383922576904,-0.20967933535575867,0.5774199366569519
1791022047091094800,28.9160947265625,0.3292561173439026,-0.17486004531383514,0.4387536346912384
1791022047108348700,28.9333486328125,0.08613193035125732,0.012675444595515728,0.42592546343803406
1791022047125602300,28.950602294921875,-0.004886918235570192,-0.0154243353754282,0.38438665866851807
1791022047142856200,28.967856201171877,0.0616973415017128,-0.12415826320648193,0.305585116147995
1791022047160110000,28.985110107421875,0.19608759880065918,-0.25182899832725525,0.24633121490478516
1791022047177364000,29.002364013671876,0.26878049969673157,-0.3923279047012329,0.10583232343196869
1791022047194617900,29.019617919921874,0.1490510106086731,-0.43142324686050415,-0.1360701322555542
1791022047211871700,29.036871826171875,-0.033597562462091446,-0.2444986253976822,-0.3272708058357239
1791022047229125400,29.05412548828125,-0.22785256803035736,-0.06734783947467804,-0.4189005196094513
1791022047246379300,29.071379150390626,-0.34208428859710693,0.11774418503046036,-0.49342602491378784
1791022047263633200,29.088633056640624,-0.46547895669937134,0.29794928431510925,-0.6791289448738098
1791022047280887000,29.105886962890626,-0.5235111117362976,0.383470356464386,-0.8257364630699158
1791022047298141000,29.123140869140624,-0.4465421438217163,0.42073312401771545,-0.8801034092903137
1791022047315394800,29.140394775390625,-0.32559093832969666,0.3113883137702942,-0.873994767665863
1791022047332648700,29.157648681640627,-0.25961753726005554,0.20509785413742065,-0.9027054309844971
1791022047349902300,29.17490234375,-0.2828303873538971,0.12202023714780807,-1.065806269645691
1791022047367156200,29.19215625,-0.37690356373786926,0.3773617148399353,-1.2191333770751953
1791022047384410000,29.20941015625,-0.5326740741729736,0.569173276424408,-1.233794093132019
1791022047401664000,29.2266640625,-0.7104357481002808,0.18921536207199097,-1.226463794708252
1791022047418918000,29.24391796875,-0.7776308655738831,-0.43631017208099365,-1.1879792213439941
1791022047436171500,29.261171630859376,-0.8381064534187317,-0.8535308241844177,-1.4298816919326782
1791022047453425400,29.27842529296875,-0.9761618971824646,-0.8327614068984985,-1.6919426918029785
1791022047470679300,29.29567919921875,-1.0458004474639893,-0.7417425513267517,-1.7731877565383911
1791022047487933200,29.31293310546875,-0.9456186890602112,-0.7759509682655334,-1.7133229970932007
1791022047505187000,29.33018701171875,-0.8625410795211792,-0.6446150541305542,-1.7744094133377075
1791022047522441000,29.34744091796875,-0.9871574640274048,-0.3214675784111023,-1.9814926385879517
1791022047539694800,29.36469482421875,-1.0103703737258911,-0.33001968264579773,-1.8208352327346802
1791022047556948500,29.381948486328124,-0.8307760953903198,-0.7154753804206848,-1.5056289434432983
1791022047574202400,29.399202392578125,-0.7660244107246399,-1.0948224067687988,-1.4781399965286255
1791022047591456300,29.416456298828123,-0.8655954003334045,-1.3868157863616943,-1.7279837131500244
1791022047608710100,29.433710205078125,-1.0079269409179688,-1.578627347946167,-1.8690935373306274
1791022047625964000,29.450964111328126,-0.9847140312194824,-1.1980586051940918,-1.6369649171829224
1791022047643217700,29.4682177734375,-0.8631519079208374,-0.7643445730209351,-1.6198606491088867
1791022047660471600,29.485471435546874,-0.794124186038971,-0.7478511929512024,-1.6992731094360352
1791022047677725400,29.502725341796875,-0.7440332770347595,-0.6617192625999451,-1.7469205856323242
1791022047694979300,29.519979248046877,-0.7837395071983337,-0.8315396904945374,-1.484859585762024
1791022047712233200,29.537233154296874,-0.7971785664558411,-0.6867647171020508,-1.5056289434432983
1791022047729486800,29.55448681640625,-0.8155044913291931,-0.42103853821754456,-1.4628684520721436
1791022047746740700,29.57174072265625,-0.6420188546180725,-0.3000873327255249,-1.2789981365203857
1791022047763994600,29.58899462890625,-0.481361448764801,-0.35995206236839294,-0.9699005484580994
1791022047781248500,29.60624853515625,-0.31093016266822815,-0.049632761627435684,-0.8116865754127502
1791022047798502400,29.62350244140625,-0.24373504519462585,0.12140937149524689,-0.6345357894897461
1791022047815756300,29.64075634765625,-0.1545487940311432,0.09453132748603821,-0.3474293351173401
1791022047833010000,29.658010009765626,-0.08124501258134842,0.3370446562767029,-0.1360701322555542
1791022047850263800,29.675263916015624,-0.02260199747979641,0.29184064269065857,0.16508620977401733
1791022047867517700,29.692517578125,0.2052505612373352,0.45616328716278076,0.49312058091163635
1791022047884771600,29.709771484375,0.36163195967674255,0.45249807834625244,0.6073523163795471
1791022047902025500,29.727025390625,0.40378162264823914,0.58749920129776,0.6507236957550049
1791022047919279400,29.744279296875,0.3439168632030487,0.7310523986816406,0.8443678617477417
1791022047936533000,29.761532958984375,0.32070401310920715,0.7499892115592957,1.1045962572097778
1791022047953787000,29.778786865234373,0.3909534513950348,1.0456477403640747,1.1809543371200562
1791022047971040800,29.796040771484375,0.370184063911438,1.2783873081207275,1.2231040000915527
1791022047988294700,29.813294677734376,0.48441576957702637,1.3975058794021606,1.3935352563858032
1791022048005548500,29.830548583984374,0.6432406306266785,1.3840668201446533,1.550527572631836
1791022048022802200,29.84780224609375,0.7373138070106506,1.2417353391647339,1.5835142135620117
1791022048040056000,29.86505615234375,0.8521563410758972,1.0389282703399658,1.6268856525421143
1791022048057310000,29.88231005859375,0.9407317638397217,1.0804671049118042,1.5682425498962402
1791022048074563800,29.899563720703124,1.1099413633346558,0.9265291690826416,1.6757547855377197
1791022048091817500,29.9168173828125,1.202792763710022,0.6546943187713623,1.928041934967041
1791022048109071400,29.9340712890625,1.25715970993042,0.36514443159103394,2.031278133392334
1791022048126325200,29.9513251953125,1.196073293685913,0.37369653582572937,1.9359831809997559
1791022048143579100,29.9685791015625,1.0140355825424194,0.4751000702381134,1.7478368282318115
1791022048160832800,29.985832763671876,0.9914335608482361,0.48670652508735657,1.6189444065093994
1791022048178086700,30.003086669921874,0.972496747970581,0.5942187309265137,1.5914554595947266
1791022048195340500,30.020340576171876,1.0250310897827148,0.718224287033081,1.550527572631836
1791022048212594400,30.037594482421873,1.045189619064331,0.7206677198410034,1.4961605072021484
1791022048229848300,30.054848388671875,1.194240689277649,0.6834049820899963,1.3978112936019897
1791022048247102200,30.072102294921876,1.5045599937438965,0.7145590782165527,1.3910918235778809
1791022048264355800,30.08935595703125,1.582750678062439,0.4402807950973511,1.3165663480758667
1791022048281609700,30.106609619140624,1.4269801378250122,0.3584249019622803,1.105207085609436
1791022048298863600,30.123863525390625,1.2712095975875854,0.22036947309970856,0.8321505188941956
1791022048316117500,30.141117431640627,1.1685843467712402,0.011453714221715927,0.6556106209754944
1791022048333371400,30.158371337890625,0.9908226728439331,-0.07345648854970932,0.7002037763595581
1791022048350625000,30.175625,0.7825177907943726,0.03955349326133728,0.560315728187561
1791022048367879000,30.19287890625,0.6328558921813965,0.1464548259973526,0.27198755741119385
1791022048385132800,30.2101328125,0.5216785073280334,-0.17424917221069336,0.08261945843696594
1791022048402386700,30.22738671875,0.3225366175174713,-0.23961171507835388,0.1467602699995041
1791022048419640300,30.244640380859376,0.15577052533626556,-0.1308777779340744,0.1773035079240799
1791022048436894200,30.261894287109374,0.12034036219120026,-0.2591593861579895,0.05024362727999687
1791022048454148000,30.279148193359376,0.12095122784376144,-0.30253079533576965,-0.06276635825634003
1791022048471402000,30.296402099609374,0.1288924664258957,-0.304974228143692,-0.13790272176265717
1791022048488656000,30.31365576171875,0.11484257876873016,-0.33918267488479614,-0.15928299725055695
1791022048505909800,30.33090966796875,0.13255766034126282,-0.36972591280937195,-0.2179260104894638
1791022048523163400,30.348163330078126,0.1594357043504715,-0.4033234715461731,-0.3981311321258545
1791022048540417300,30.365417236328124,0.09162971377372742,-0.45280352234840393,-0.4494437575340271
1791022048557671200,30.382671142578126,-0.010384701192378998,-0.4699077308177948,-0.5392408967018127
1791022048574925000,30.399925048828123,-0.0977383628487587,-0.46685341000556946,-0.86544269323349
1791022048592179000,30.417178955078125,-0.3329212963581085,-0.2390008419752121,-1.26189386844635
1791022048609432600,30.4344326171875,-0.6023126840591431,0.16661337018013,-1.2606722116470337
1791022048626686500,30.4516865234375,-0.7757982611656189,0.3920224606990814,-1.07863450050354
1791022048643940400,30.4689404296875,-0.7367029190063477,0.29184064269065857,-1.1220059394836426
1791022048661194200,30.4861943359375,-0.7257073521614075,0.06215549260377884,-1.328478217124939
1791022048678447900,30.50344775390625,-0.7666352987289429,-0.07406735420227051,-1.4830269813537598
1791022048695701800,30.52070166015625,-0.850934624671936,0.0334448479115963,-1.291215419769287
1791022048712955600,30.53795556640625,-0.9028581380844116,-0.2176205813884735,-1.1348340511322021
1791022048730209500,30.55520947265625,-0.934012234210968,-0.6666061878204346,-1.0749692916870117
1791022048747463200,30.572463134765623,-0.9731075763702393,-1.0099122524261475,-1.0560325384140015
1791022048764717000,30.589717041015625,-0.9676098227500916,-1.3281728029251099,-1.088408350944519
1791022048781971000,30.606970947265626,-1.0140355825424194,-1.5829033851623535,-0.9980003237724304
1791022048799224800,30.624224853515624,-0.9908226728439331,-1.4698933362960815,-1.0719150304794312
1791022048816478700,30.641478759765626,-0.9309579133987427,-1.0942115783691406,-1.3303108215332031
1791022048833732400,30.658732421875,-0.9786053895950317,-0.9744820594787598,-1.3364194631576538
1791022048850986200,30.675986328125,-1.092226266860962,-0.7655662894248962,-1.2417353391647339
1791022048868240100,30.693240234375,-1.1759146451950073,-0.6385064125061035,-1.4494293928146362
1791022048885494000,30.710493896484376,-1.275485634803772,-0.7338013052940369,-1.6021455526351929
1791022048902747600,30.72774755859375,-1.2932007312774658,-0.8162680864334106,-1.3034327030181885
1791022048920001500,30.74500146484375,-1.2748748064041138,-0.5279398560523987,-1.3119847774505615
1791022048937255400,30.76225537109375,-1.2168426513671875,-0.7741183638572693,-1.445764183998108
1791022048954509300,30.77950927734375,-1.094058871269226,-0.6507236957550049,-1.4341577291488647
1791022048971763200,30.79676318359375,-0.9779945015907288,-0.2799287736415863,-1.5404483079910278
1791022048989016800,30.814016845703126,-0.9517273306846619,-0.388662725687027,-1.2130247354507446
1791022049006270700,30.831270751953124,-0.9950987100601196,-0.5187768936157227,-1.0187697410583496
1791022049023524600,30.848524658203125,-1.0225876569747925,-0.7344121932983398,-0.8849903345108032
1791022049040778500,30.865778564453127,-0.9676098227500916,-0.3727802336215973,-0.9271399974822998
1791022049058032000,30.8830322265625,-0.7464767694473267,-0.5120574235916138,-0.6663007736206055
1791022049075286000,30.9002861328125,-0.49602219462394714,-0.30741769075393677,-0.5294670462608337
1791022049092540000,30.917539794921876,-0.3292561173439026,0.24663665890693665,-0.5410735011100769
1791022049109793500,30.93479345703125,-0.21807873249053955,0.18921536207199097,-0.3046688139438629
1791022049127047400,30.95204736328125,-0.14049890637397766,0.18493930995464325,0.008093958720564842
1791022049144301300,30.96930126953125,0.05742128938436508,0.4488328993320465,0.27320927381515503
1791022049161555200,30.98655517578125,0.18081597983837128,0.8410080671310425,0.27320927381515503
1791022049178808800,31.003808837890624,0.25900667905807495,0.7658717036247253,0.43692103028297424
1791022049196062700,31.021062744140625,0.2724456787109375,0.48792824149131775,0.6849321126937866
1791022049213316600,31.038316650390627,0.3964512348175049,0.836121141910553,0.8871283531188965
1791022049230570500,31.055570556640625,0.4575377106666565,1.3932298421859741,0.7368556261062622
1791022049247824100,31.07282421875,0.5210676789283752,1.2747220993041992,0.88285231590271
1791022049265078000,31.090078125,0.7293725609779358,1.3113739490509033,1.1943933963775635
1791022049282332000,31.107331787109374,0.9199623465538025,1.3058761358261108,1.3495529890060425
1791022049299585800,31.124585693359375,1.0091485977172852,1.4982986450195312,1.2438733577728271
1791022049316839700,31.141839599609376,1.0836740732192993,1.1275036334991455,1.2848013639450073
1791022049334093300,31.15909326171875,1.2565488815307617,0.7304415702819824,1.5645774602890015
1791022049351347200,31.17634716796875,1.360395908355713,0.568562388420105,1.7117958068847656
1791022049368601000,31.19360107421875,1.1673625707626343,1.001665472984314,1.596953272819519
1791022049385855000,31.21085498046875,0.962722897529602,1.134223222732544,1.51448655128479
1791022049403108600,31.228108642578125,0.9908226728439331,0.9033163189888,1.5847359895706177
1791022049420362500,31.245362548828126,1.2797616720199585,0.5453495383262634,1.7429499626159668
1791022049437616400,31.262616455078124,1.3384047746658325,0.5093085169792175,1.8871140480041504
1791022049454870300,31.279870361328125,1.2932007312774658,0.5435169339179993,1.8944443464279175
1791022049472124000,31.2971240234375,1.130099892616272,0.5807796716690063,1.8199188709259033
1791022049489377800,31.314377685546877,1.0690133571624756,0.7487674951553345,1.7429499626159668
1791022049506631700,31.331631591796874,1.0323615074157715,0.8495602011680603,1.5651882886886597
1791022049523885600,31.348885498046876,1.2693769931793213,0.9637919068336487,1.3923135995864868
1791022049541139200,31.36613916015625,1.5008947849273682,0.7090612649917603,1.2322670221328735
1791022049558393000,31.38339306640625,1.5833615064620972,0.15439607203006744,1.0404554605484009
1791022049575647000,31.40064697265625,1.4288127422332764,-0.017867794260382652,0.8651372194290161
1791022049592900600,31.417900634765626,1.1417062282562256,-0.14981459081172943,0.7240274548530579
1791022049610154500,31.435154541015624,0.9419534802436829,-0.22678354382514954,0.6311760544776917
1791022049627408400,31.452408447265626,0.8081740736961365,-0.19074252247810364,0.5755873322486877
1791022049644662300,31.469662353515623,0.8252783417701721,-0.06795870512723923,0.5267181396484375
1791022049661916000,31.486916015625,0.7892373204231262,-0.09300415962934494,0.25610506534576416
1791022049679169800,31.504169677734374,0.564439058303833,0.02672533318400383,0.10216713696718216
1791022049696423700,31.521423583984376,0.27000224590301514,0.09636391699314117,0.04230238497257233
1791022049713677600,31.538677490234374,0.08918625861406326,0.1971566081047058,-0.0206166859716177
1791022049730931500,31.555931396484375,0.006719512399286032,-0.11438442766666412,-0.23441936075687408
1791022049748185000,31.57318505859375,-0.0873536616563797,-0.12415826320648193,-0.45127636194229126
1791022049765439000,31.59043896484375,-0.24984370172023773,0.030390523374080658,-0.5673406720161438
1791022049782692900,31.60769287109375,-0.3035998046398163,0.20082180202007294,-0.494647741317749
1791022049799946500,31.624946533203126,-0.268169641494751,0.29306238889694214,-0.40607234835624695
1791022049817200400,31.642200439453124,-0.258395791053772,0.03588830679655075,-0.48670652508735657
1791022049834454300,31.659454345703125,-0.24984370172023773,-0.08323032408952713,-0.47204574942588806
1791022049851708000,31.6767080078125,-0.21868959069252014,-0.16508620977401733,-0.37003132700920105
1791022049868961800,31.6939619140625,-0.22418737411499023,-0.32940882444381714,-0.29367324709892273
1791022049886215700,31.711215576171874,-0.17104214429855347,-0.5517635941505432,-0.3584249019622803
1791022049903469600,31.728469482421875,-0.13622283935546875,-0.7936660647392273,-0.5905535221099854
1791022049920723200,31.74572314453125,-0.28527384996414185,-0.7185297012329102,-0.8043562173843384
1791022049937977000,31.76297705078125,-0.5595521330833435,-0.31230461597442627,-0.8208495378494263
1791022049955231000,31.78023095703125,-0.8014546036720276,-0.02825249545276165,-0.8544471263885498
1791022049972484900,31.79748486328125,-1.0140355825424194,-0.0386371985077858,-1.1837031841278076
1791022049989738800,31.81473876953125,-1.2583814859390259,-0.061850059777498245,-1.5251766443252563
1791022050006992400,31.831992431640625,-1.4831796884536743,0.11896591633558273,-1.5361721515655518
1791022050024246300,31.849246337890627,-1.5387684106826782,-0.2029598206281662,-1.440266489982605
1791022050041500000,31.8665,-1.2400555610656738,-0.5810851454734802,-1.2050834894180298
1791022050058753800,31.88375390625,-1.1044435501098633,-0.8223767280578613,-1.2282963991165161
1791022050076007700,31.901007568359375,-1.0958913564682007,-0.9476040005683899,-1.2722786664962769
1791022050093261300,31.91826123046875,-1.1142174005508423,-0.9451605081558228,-1.3590214252471924
1791022050110515200,31.93551513671875,-1.119104266166687,-1.0887137651443481,-1.42927086353302
1791022050127769000,31.95276904296875,-0.9553925395011902,-1.2603667974472046,-1.374903917312622
1791022050145023000,31.97002294921875,-0.8936951756477356,-1.246316909790039,-1.4647010564804077
1791022050162276900,31.98727685546875,-0.8741474747657776,-1.353829026222229,-1.5538872480392456
1791022050179530500,32.004530517578125,-0.7648026943206787,-1.4417935609817505,-1.6296344995498657
1791022050196784400,32.02178442382812,-0.7128791809082031,-1.2848013639450073,-1.6461278200149536
1791022050214038300,32.03903833007813,-0.7385355234146118,-1.0807725191116333,-1.557552456855774
1791022050231292000,32.0562919921875,-0.8197805285453796,-0.949436604976654,-1.5832087993621826
1791022050248545800,32.0735458984375,-0.8900299668312073,-0.9078977704048157,-1.5850414037704468
1791022050265799700,32.09079956054688,-0.8808670043945312,-0.6281217336654663,-1.5874848365783691
1791022050283053300,32.10805322265625,-0.8454368710517883,-0.35811948776245117,-1.4811943769454956
1791022050300307200,32.12530712890625,-0.7611374855041504,-0.27137666940689087,-1.2735003232955933
1791022050317561000,32.14256103515625,-0.6725621223449707,-0.5432115197181702,-1.0749692916870117
1791022050334815000,32.15981494140625,-0.544891357421875,-0.3868301212787628,-1.0291544198989868
1791022050352068600,32.17706860351562,-0.46975502371788025,-0.4967857897281647,-0.8141300082206726
1791022050369322500,32.19432250976563,-0.3335321843624115,-0.5529853701591492,-0.4189005196094513
1791022050386576400,32.211576416015625,-0.24373504519462585,-0.2683223485946655,-0.27168211340904236
1791022050403830300,32.22883032226562,-0.14782927930355072,0.1623373180627823,-0.23564109206199646
1791022050421084000,32.246083984375,-0.0824667438864708,0.19043709337711334,-0.13912445306777954
1791022050438337800,32.263337890625,-0.13744457066059113,-0.09239330142736435,0.20418155193328857
1791022050455591700,32.280591796875,-0.1178968995809555,0.228921577334404,0.44791659712791443
1791022050472845300,32.29784521484375,-0.06475166976451874,0.443945974111557,0.5236638188362122
1791022050490099200,32.31509912109375,0.011606430634856224,0.49831295013427734,0.653167188167572
1791022050507353000,32.33235302734375,0.04214967042207718,0.4091266989707947,0.8303179740905762
1791022050524607000,32.34960693359375,0.059864748269319534,0.4842630624771118,1.0202969312667847
1791022050541860600,32.36686059570312,0.06352993845939636,0.6027708053588867,1.1406372785568237
1791022050559114500,32.38411450195313,0.08979712426662445,0.8129082918167114,1.2744166851043701
1791022050576368400,32.401368408203126,0.1698204129934311,0.93813556432724,1.3642138242721558
1791022050593622000,32.4186220703125,0.25473061203956604,0.9784526824951172,1.4552326202392578
1791022050610876000,32.4358759765625,0.35124725103378296,1.1922553777694702,1.5615230798721313
1791022050628129800,32.4531298828125,0.4575377106666565,1.1592686176300049,1.7502802610397339
1791022050645383400,32.47038354492187,0.6255255341529846,1.088408350944519,1.9042181968688965
1791022050662637300,32.48763720703125,0.7574723362922668,1.0713040828704834,1.9188790321350098
1791022050679891200,32.50489111328125,0.8900299668312073,1.0083850622177124,2.001345634460449
1791022050697145000,32.52214501953125,1.0378592014312744,1.0535889863967896,2.0685408115386963
1791022050714398700,32.53939868164063,1.0806198120117188,0.7793107628822327,2.1748313903808594
1791022050731652600,32.556652587890625,1.056185245513916,0.6082686185836792,2.168111801147461
1791022050748906500,32.57390649414062,0.9700532555580139,0.4243983030319214,2.06731915473938
1791022050766160100,32.59116015625,0.9847140312194824,0.3920224606990814,1.9549200534820557
1791022050783414000,32.6084140625,1.0793980360031128,0.47143489122390747,1.846796989440918
1791022050800668000,32.62566796875,1.128878116607666,0.4390590488910675,1.808923363685608
1791022050817921500,32.64292163085938,1.0696241855621338,0.4842630624771118,1.7276782989501953
1791022050835175400,32.660175537109374,1.0757328271865845,0.31261005997657776,1.606727123260498
1791022050852429300,32.67742919921875,1.2412772178649902,0.0694858655333519,1.5517492294311523
1791022050869683000,32.694682861328126,1.2089014053344727,-0.10644318908452988,1.5083779096603394
1791022050886936800,32.71193676757812,0.9419534802436829,-0.04841103404760361,1.4338523149490356
1791022050904190700,32.72919067382813,0.638353705406189,0.145843967795372,1.3348922729492188
1791022050921444400,32.7464443359375,0.5907062292098999,0.15561780333518982,1.225547432899475
1791022050938698200,32.7636982421875,0.5155698657035828,0.18310672044754028,1.0551161766052246
1791022050955952000,32.7809521484375,0.3084867000579834,0.2649625837802887,0.9042325615882874
1791022050973206000,32.7982060546875,0.12767073512077332,0.09208786487579346,0.6556106209754944
1791022050990459600,32.81545971679687,0.02260199747979641,0.03894263133406639,0.44730573892593384
1791022051007713500,32.83271362304688,-0.01893680728971958,-0.08323032408952713,0.3764454126358032
1791022051024967200,32.84996728515625,-0.07757982611656189,-0.12721258401870728,0.37461283802986145
1791022051042221000,32.86722094726562,-0.14660754799842834,-0.061850059777498245,0.33001968264579773
1791022051059475000,32.88447485351563,-0.1795942485332489,-0.016646064817905426,0.21090106666088104
1791022051076728800,32.901728759765625,-0.2614501118659973,0.016340631991624832,0.08872810751199722
1791022051093982500,32.918982421875,-0.31459537148475647,0.16966769099235535,0.09422589093446732
1791022051111236400,32.936236328125,-0.3127627670764923,0.39568766951560974,0.10461059212684631
1791022051128490200,32.953490234375,-0.3854556679725647,0.20998476445674896,0.0032070400193333626
1791022051145744000,32.97074389648437,-0.4257727563381195,0.024892739951610565,-0.09941824525594711
1791022051162997800,32.98799780273438,-0.42271843552589417,-0.042913250625133514,-0.16050471365451813
1791022051180251600,33.005251708984375,-0.4581485986709595,-0.07528908550739288,-0.22220206260681152
1791022051197505300,33.02250537109375,-0.5412262082099915,-0.017256930470466614,-0.42684176564216614
1791022051214759200,33.03975927734375,-0.6328558921813965,0.23503021895885468,-0.6186532974243164
1791022051232013000,33.057012939453124,-0.7379246354103088,0.4488328993320465,-0.7170025110244751
1791022051249266700,33.0742666015625,-0.8246674537658691,0.559399425983429,-0.7615956664085388
1791022051266520600,33.0915205078125,-0.8552106618881226,0.4335612654685974,-0.9497420191764832
1791022051283774500,33.1087744140625,-0.8081740736961365,0.360868364572525,-1.3425281047821045
1791022051301028000,33.12602807617188,-0.9071341753005981,0.3614792227745056,-1.4262166023254395
1791022051318282000,33.143281982421875,-1.0042617321014404,0.12996147572994232,-1.1201733350753784
1791022051335535900,33.16053588867187,-1.0158681869506836,-0.15470150113105774,-0.9540180563926697
1791022051352789500,33.17778955078125,-0.9413426518440247,-0.4082103967666626,-1.3046544790267944
1791022051370043400,33.19504345703125,-0.8344413042068481,-0.4802924394607544,-1.578932762145996
1791022051387297300,33.21229736328125,-0.8814778923988342,-0.490677148103714,-1.5905392169952393
1791022051404551000,33.22955102539063,-0.8772017955780029,-0.46257734298706055,-1.5092941522598267
1791022051421804800,33.2468046875,-0.8765909671783447,-0.40149086713790894,-1.5917608737945557
1791022051439058700,33.26405859375,-0.9199623465538025,-0.37033677101135254,-1.7750203609466553
1791022051456312300,33.281312255859376,-1.0690133571624756,-0.5010618567466736,-1.8409937620162964
1791022051473566200,33.298566162109374,-1.0861176252365112,-0.6354520916938782,-1.9063562154769897
1791022051490820000,33.31582006835937,-0.9511164426803589,-1.0618356466293335,-1.819002628326416
1791022051508073700,33.33307373046875,-0.8564324378967285,-1.3788745403289795,-1.743866205215454
1791022051525327600,33.35032763671875,-0.730594277381897,-1.3868157863616943,-1.8782564401626587
1791022051542581500,33.36758154296875,-0.5754346251487732,-1.317788004875183,-1.9521710872650146
1791022051559835100,33.384835205078126,-0.5015199780464172,-0.9995275139808655,-1.9417864084243774
1791022051577089000,33.402089111328124,-0.4361574649810791,-0.9439387917518616,-1.819002628326416
1791022051594343000,33.41934301757812,-0.31093016266822815,-0.7832813858985901,-1.6210824251174927
1791022051611596500,33.436596435546875,-0.24495677649974823,-0.3605629503726959,-1.6326888799667358
1791022051628850400,33.45385034179687,-0.24251331388950348,-0.7405208349227905,-1.5337287187576294
1791022051646104300,33.47110424804688,-0.2528980076313019,-1.0716094970703125,-1.1659882068634033
1791022051663358000,33.48835791015625,-0.07147117704153061,-0.725860059261322,-1.1568251848220825
1791022051680611800,33.50561181640625,0.14721840620040894,-0.4350884258747101,-1.034041404724121
1791022051697865700,33.52286572265625,0.2107483446598053,0.2893971800804138,-1.1000148057937622
1791022051715119400,33.540119384765624,0.2828303873538971,-0.20357069373130798,-0.596662163734436
1791022051732373200,33.55737329101562,0.4990765154361725,0.3217730224132538,-0.443945974111557
1791022051749627100,33.57462719726563,0.6243038177490234,0.41462448239326477,-0.4793761372566223
1791022051766880800,33.591880859375,0.6499601006507874,0.24663665890693665,-0.40973755717277527
1791022051784134700,33.609134765625,0.4324922561645508,-0.0038179049734026194,-0.22098033130168915
1791022051801388500,33.626388427734376,0.4361574649810791,-0.20662501454353333,0.13759729266166687
1791022051818642200,33.64364208984375,0.7159335017204285,0.03711003437638283,0.12782345712184906
1791022051835896000,33.66089599609375,0.8381064534187317,-0.0001527161948615685,0.4754055142402649
1791022051853149700,33.678149658203125,0.9572250843048096,0.09941824525594711,0.7038689255714417
1791022051870403600,33.69540356445312,0.8167262077331543,0.1305723488330841,0.736244797706604
1791022051887657500,33.71265747070313,0.6866120100021362,0.18066325783729553,0.9909753799438477
1791022051904911000,33.7299111328125,0.6291907429695129,0.5227475166320801,0.9879210591316223
1791022051922165000,33.7471650390625,0.4972439408302307,0.2838993966579437,1.1009310483932495
1791022051939419000,33.7644189453125,0.5320632457733154,0.36880961060523987,1.450345754623413
1791022051956672500,33.781672607421875,0.5583304166793823,0.6693550944328308,1.6116139888763428
1791022051973926400,33.79892651367187,0.5790998339653015,0.6168206930160522,1.9268202781677246
1791022051991180300,33.81618017578125,0.555276095867157,1.0535889863967896,1.9402592182159424
1791022052008434000,33.833433837890624,0.6053670048713684,1.0248783826828003,1.9384266138076782
1791022052025687800,33.85068774414062,0.7971785664558411,1.35657799243927,1.9775220155715942
1791022052042941700,33.86794165039063,0.8020654320716858,1.4830269813537598,2.1448988914489746
1791022052060195300,33.8851953125,0.8582650423049927,1.060308575630188,2.085034132003784
1791022052077449200,33.90244921875,0.8478803038597107,0.6968439817428589,1.8052581548690796
1791022052094703000,33.919703125,0.850934624671936,0.3975202441215515,1.6568180322647095
1791022052111956700,33.936956787109374,1.073289394378662,0.11163553595542908,1.6659809350967407
1791022052129210600,33.95421069335937,1.194240689277649,0.1000291109085083,1.6623157262802124
1791022052146464300,33.97146435546875,1.148425817489624,0.29306238889694214,1.576183795928955
1791022052163718100,33.98871826171875,1.1423171758651733,0.6663007736206055,1.3330596685409546
1791022052180972000,34.00597192382813,1.3261874914169312,0.9509637355804443,1.2939642667770386
1791022052198225700,34.0232255859375,1.6236785650253296,0.8025236129760742,1.2713623046875
1791022052215479600,34.0404794921875,1.79410982131958,0.15500694513320923,1.1809543371200562
1791022052232733200,34.057733154296876,1.5583161115646362,-0.3196350038051605,1.047785758972168
1791022052249987000,34.074987060546874,1.2901464700698853,-0.347123920917511,0.8535308241844177
1791022052267241000,34.09224096679687,1.1643083095550537,-0.02764163166284561,0.7564033269882202
1791022052284494800,34.10949487304688,1.0189224481582642,0.1818849891424179,0.7032580971717834
1791022052301748500,34.12674853515625,0.7385355234146118,0.45677414536476135,0.6372846961021423
1791022052319002400,34.14400244140625,0.40744680166244507,0.44761115312576294,0.346513032913208
1791022052336256000,34.161256103515626,0.1899789422750473,0.13179408013820648,0.06123919412493706
1791022052353510000,34.178510009765624,0.1130099818110466,-0.11133010685443878,-0.009010255336761475
1791022052370763800,34.195763671875,0.17165300250053406,0.13301581144332886,0.05024362727999687
1791022052388017400,34.213017333984375,0.12644900381565094,0.14523309469223022,0.06368265300989151
1791022052405271300,34.23027124023437,0.003665188793092966,-0.05757400393486023,0.07712167501449585
1791022052422525200,34.24752514648438,-0.07757982611656189,-0.1925751268863678,-0.06765327602624893
1791022052439778800,34.26477880859375,-0.1844811588525772,-0.2188423126935959,-0.2796233594417572
1791022052457032700,34.28203271484375,-0.28466299176216125,-0.020311253145337105,-0.3620901107788086
1791022052474286300,34.29928637695313,-0.40317076444625854,0.23136503994464874,-0.3529271185398102
1791022052491540200,34.316540283203125,-0.46608981490135193,0.35964664816856384,-0.3584249019622803
1791022052508794000,34.33379418945312,-0.4880809485912323,0.18860450387001038,-0.3681987524032593
1791022052526047700,34.3510478515625,-0.4630354940891266,-0.0019853105768561363,-0.37369653582572937
1791022052543301600,34.368301513671874,-0.31520622968673706,-0.11866047978401184,-0.4555523991584778
1791022052560555500,34.38555541992187,-0.19669845700263977,-0.33368489146232605,-0.5887209177017212
1791022052577809200,34.40280908203125,-0.1954767256975174,-0.46135562658309937,-0.8019127249717712
1791022052595063000,34.42006298828125,-0.43371400237083435,-0.25182899832725525,-1.1195623874664307
1791022052612316700,34.43731665039063,-0.8759800791740417,0.2136499583721161,-1.254563570022583
1791022052629570600,34.454570556640626,-1.2070688009262085,0.434783011674881,-1.178816318511963
1791022052646824400,34.47182446289062,-1.2651009559631348,0.10063996911048889,-1.2258528470993042
1791022052664078000,34.489078125,-1.1349867582321167,-0.4198168218135834,-1.26189386844635
1791022052681332000,34.50633203125,-1.1294889450073242,-0.5963567495346069,-1.1024582386016846
1791022052698585600,34.52358569335937,-1.1429280042648315,-0.7313578724861145,-1.1201733350753784
1791022052715839500,34.54083959960938,-1.0311397314071655,-0.4644099473953247,-1.2258528470993042
1791022052733093400,34.55809326171875,-1.0189224481582642,-0.15409064292907715,-1.343749761581421
1791022052750347000,34.57534692382813,-1.0195332765579224,-0.20112723112106323,-1.3180934190750122
1791022052767601000,34.592600830078126,-1.12765634059906,-0.6653844714164734,-1.2289072275161743
1791022052784854800,34.609854736328124,-1.232114315032959,-1.1253656148910522,-1.328478217124939
1791022052802108400,34.6271083984375,-1.1117738485336304,-1.3300052881240845,-1.3822343349456787
1791022052819362300,34.6443623046875,-0.9737184643745422,-1.2261583805084229,-1.4537054300308228
1791022052836616000,34.66161596679687,-0.8539889454841614,-1.070387840270996,-1.521511435508728
1791022052853869800,34.67886987304688,-0.7183769941329956,-0.9787580966949463,-1.640019178390503
1791022052871123700,34.696123779296876,-0.6633991599082947,-0.9702059626579285,-1.7108795642852783
1791022052888377300,34.71337744140625,-0.7098248600959778,-0.6971494555473328,-1.8886412382125854
1791022052905631200,34.73063134765625,-0.7696896195411682,-0.3575085997581482,-1.9252930879592896
1791022052922884900,34.747884765625,-0.823445737361908,-0.41126471757888794,-1.838550329208374
1791022052940138800,34.765138671875,-0.8142827749252319,-0.8083268404006958,-1.4463751316070557
1791022052957392600,34.782392578125,-0.7250964641571045,-0.46196648478507996,-1.4824161529541016
1791022052974646300,34.799646240234374,-0.5821541547775269,-0.37094762921333313,-1.4243839979171753
1791022052991900200,34.81690014648437,-0.5027416944503784,-0.7185297012329102,-1.0761910676956177
1791022053009154000,34.83415405273438,-0.3274235129356384,-0.771064043045044,-0.7218894362449646
1791022053026407700,34.85140771484375,-0.14049890637397766,-0.05757400393486023,-0.9088140726089478
1791022053043661600,34.86866162109375,-0.11484257876873016,-0.5047270059585571,-0.7273872494697571
1791022053060915200,34.885915283203126,0.04581485688686371,-0.5016726851463318,-0.39507678151130676
1791022053078169000,34.90316918945312,0.12644900381565094,-0.049632761627435684,-0.30833399295806885
1791022053095423000,34.92042309570313,0.2620609998703003,0.2631300091743469,-0.3510945439338684
1791022053112676600,34.937676513671875,0.3182605504989624,0.39568766951560974,-0.17516547441482544
1791022053129930500,34.95493041992187,0.43982264399528503,0.04199695214629173,0.18524473905563354
1791022053147184000,34.97218408203125,0.5485565662384033,0.588110089302063,0.42164942622184753
1791022053164438000,34.98943798828125,0.4838049113750458,0.7432697415351868,0.480903297662735
1791022053181691600,35.00669165039063,0.5027416944503784,0.7756455540657043,0.5981893539428711
1791022053198945500,35.023945556640626,0.5033525824546814,0.8153517842292786,0.7783944606781006
1791022053216199400,35.041199462890624,0.481361448764801,0.9057597517967224,0.902400016784668
1791022053233453000,35.058453125,0.4984656572341919,0.93813556432724,1.085659384727478
1791022053250707000,35.07570703125,0.5155698657035828,0.9014837145805359,1.3959786891937256
1791022053267960800,35.0929609375,0.5235111117362976,0.9692896604537964,1.4772237539291382
1791022053285214500,35.11021435546875,0.5216785073280334,0.8263473510742188,1.4643956422805786
1791022053302468400,35.12746826171875,0.48930269479751587,0.6821832656860352,1.4973822832107544
1791022053319722000,35.14472192382812,0.5723803043365479,0.8275690674781799,1.6195552349090576
1791022053336976000,35.16197583007813,0.6334667801856995,0.7988584041595459,1.8510730266571045
1791022053354229800,35.179229736328125,0.6291907429695129,1.041982650756836,1.890168309211731
1791022053371483400,35.1964833984375,0.7599157691001892,0.873994767665863,1.8608468770980835
1791022053388737300,35.2137373046875,0.8527672290802002,0.9625701904296875,1.8394665718078613
1791022053405991000,35.230990966796874,0.9712749719619751,0.9448550939559937,1.9219332933425903
1791022053423244800,35.24824487304687,1.053741693496704,0.7017309069633484,1.8797836303710938
1791022053440498400,35.26549853515625,0.9700532555580139,0.781143307685852,1.7191262245178223
1791022053457752300,35.28275244140625,1.0494656562805176,0.8434515595436096,1.5627448558807373
1791022053475006200,35.30000610351563,1.3732240200042725,0.7695369124412537,1.5108213424682617
1791022053492259800,35.317259765625,1.5418226718902588,0.6968439817428589,1.4808889627456665
1791022053509513700,35.334513671875,1.4080432653427124,0.7194460034370422,1.3837614059448242
1791022053526767400,35.35176733398438,1.3616175651550293,0.6394227147102356,1.2621994018554688
1791022053544021200,35.369021240234375,1.4770710468292236,0.3107774555683136,1.1094831228256226
1791022053561275000,35.38627490234375,1.5039490461349487,-0.05513054504990578,0.984255850315094
1791022053578528800,35.40352880859375,1.3457350730895996,-0.26771149039268494,0.9353867173194885
1791022053595782700,35.42078271484375,1.1209368705749512,-0.2805396616458893,0.8138245940208435
1791022053613036300,35.43803637695312,0.8826996088027954,-0.09056070446968079,0.6501128673553467
1791022053630290200,35.45529028320313,0.7672461867332458,0.011453714221715927,0.6287325620651245
1791022053647544000,35.4725439453125,0.7226530313491821,-0.04780016839504242,0.595745861530304
1791022053664797700,35.48979760742188,0.535728394985199,-0.05146535858511925,0.4387536346912384
1791022053682051300,35.50705126953125,0.19242240488529205,-0.07284562289714813,0.22983787953853607
1791022053699305200,35.52430517578125,0.02260199747979641,-0.028863361105322838,0.12904518842697144
1791022053716559000,35.54155908203125,-0.007941242307424545,0.04260781779885292,0.07528908550739288
1791022053733812700,35.558812744140624,0.024434590712189674,-0.04474584385752678,0.0032070400193333626
1791022053751066600,35.57606665039062,0.07147117704153061,-0.08750637620687485,-0.08048143237829208
1791022053768320500,35.59332055664063,0.14172062277793884,-0.16081015765666962,-0.15867212414741516
1791022053785574100,35.61057421875,0.09651663154363632,-0.17547090351581573,-0.27107125520706177
1791022053802827800,35.62782788085938,0.020769402384757996,-0.1052214577794075,-0.453719824552536
1791022053820081700,35.64508154296875,-0.006719512399286032,0.13545925915241241,-0.5117519497871399
1791022053837335600,35.66233544921875,-0.10873392969369888,0.2900080680847168,-0.5606211423873901
1791022053854589200,35.67958911132813,-0.2003636509180069,0.2961167097091675,-0.6766854524612427
1791022053871843000,35.696843017578125,-0.2614501118659973,0.268627792596817,-0.7670934200286865
1791022053889097000,35.71409692382812,-0.32620179653167725,0.22036947309970856,-0.7646499872207642
1791022053906350600,35.7313505859375,-0.43982264399528503,0.02916879393160343,-0.7163916826248169
1791022053923604500,35.7486044921875,-0.4978547990322113,-0.03436114266514778,-0.7499892115592957
1791022053940858000,35.76585815429687,-0.4990765154361725,-0.10338886082172394,-0.9589049816131592
1791022053958112000,35.78311206054688,-0.554665207862854,-0.012370011769235134,-1.0932952165603638
1791022053975365600,35.80036572265625,-0.6646208763122559,0.0383317656815052,-1.0945169925689697
1791022053992619500,35.81761962890625,-0.8014546036720276,-0.12293653935194016,-1.1030690670013428
1791022054009873200,35.834873046875,-0.8924734592437744,-0.31230461597442627,-1.2466223239898682
1791022054027127000,35.852126953125,-0.924238383769989,-0.6207913160324097,-1.292437195777893
1791022054044381000,35.869380859375,-0.8875865340232849,-0.755181610584259,-1.3345868587493896
1791022054061634600,35.886634521484375,-0.9786053895950317,-0.6495019793510437,-1.532507061958313
1791022054078888400,35.90388842773437,-1.0873392820358276,-0.5145008563995361,-1.6387975215911865
1791022054096142000,35.92114208984375,-0.9999856352806091,-0.4387536346912384,-1.496466040611267
1791022054113396000,35.93839599609375,-0.905912458896637,-0.33368489146232605,-1.4347686767578125
1791022054130649600,35.95564965820312,-0.9969313144683838,-0.6189587116241455,-1.4537054300308228
1791022054147903500,35.97290356445313,-1.0720677375793457,-0.7502946853637695,-1.4347686767578125
1791022054165157400,35.990157470703124,-1.082452416419983,-0.5597048401832581,-1.5685480833053589
1791022054182411000,36.00741088867188,-1.05496346950531,-0.7570141553878784,-1.4677553176879883
1791022054199665000,36.024664794921875,-0.9718858599662781,-0.8907935619354248,-1.4567598104476929
1791022054216918500,36.04191845703125,-0.841160774230957,-1.1467459201812744,-1.430492639541626
1791022054234172400,36.05917236328125,-0.7422007322311401,-0.9066760540008545,-1.4811943769454956
1791022054251426000,36.076426025390624,-0.7018836140632629,-0.8877392411231995,-1.4549272060394287
1791022054268680000,36.09367993164062,-0.7018836140632629,-0.5395463109016418,-1.4903573989868164
1791022054285933800,36.11093383789063,-0.7171552777290344,-0.5871937870979309,-1.4311034679412842
1791022054303188000,36.12818798828125,-0.6860011219978333,-0.6262891292572021,-1.310152292251587
1791022054320441300,36.14544140625,-0.5681042671203613,-0.47357290983200073,-1.2936588525772095
1791022054337695000,36.162695068359376,-0.4770853817462921,-0.5835285782814026,-1.11345374584198
1791022054354948600,36.17994848632812,-0.36285367608070374,-0.1314886510372162,-1.2215768098831177
1791022054372202500,36.19720239257813,-0.28466299176216125,-0.10888664424419403,-1.0890191793441772
1791022054389456400,36.214456298828125,-0.2211330533027649,-0.03375028073787689,-0.8141300082206726
1791022054406710000,36.2317099609375,-0.16615521907806396,0.18921536207199097,-0.6858484148979187
1791022054423964000,36.2489638671875,-0.12217295914888382,0.45188722014427185,-0.5734493136405945
1791022054441217800,36.2662177734375,-0.05497783049941063,0.679739773273468,-0.47265663743019104
1791022054458471400,36.28347143554687,-0.013439024798572063,0.6412553191184998,-0.3572031855583191
1791022054475725300,36.30072534179688,0.0720820426940918,0.5465712547302246,-0.21975859999656677
1791022054492979000,36.31797900390625,0.21746785938739777,0.5068650245666504,-0.01695149764418602
1791022054510232600,36.33523266601563,0.3646862804889679,0.6583595275878906,0.07162389904260635
1791022054527486500,36.352486572265626,0.44348782300949097,0.4543306827545166,0.3868301212787628
1791022054544740400,36.369740234375,0.5913171172142029,0.7231112122535706,0.5926915407180786
1791022054561994000,36.38699389648438,0.6780598759651184,0.6919570565223694,0.7680097222328186
1791022054579247900,36.404247802734375,0.7788525819778442,0.7487674951553345,1.050840139389038
1791022054596501500,36.42150146484375,0.860708475112915,0.8471167087554932,1.2738057374954224
1791022054613755400,36.43875537109375,0.9138537049293518,0.781143307685852,1.5053235292434692
1791022054631009000,36.456009033203124,0.9761618971824646,0.6192641854286194,1.596953272819519
1791022054648263000,36.47326293945312,0.9847140312194824,0.4586067199707031,1.6177226305007935
1791022054665516800,36.49051684570313,0.8668171167373657,0.42623090744018555,1.5945098400115967
1791022054682770400,36.5077705078125,0.7819069027900696,0.7090612649917603,1.5993967056274414
1791022054700024300,36.5250244140625,0.7415898442268372,0.6333140730857849,1.8400774002075195
1791022054717278000,36.54227783203125,0.7415898442268372,0.801301896572113,1.9897392988204956
1791022054734531800,36.55953173828125,0.6053670048713684,0.9014837145805359,2.110079765319824
1791022054751785500,36.57678540039063,0.516791582107544,1.1604903936386108,2.154672861099243
1791022054769039400,36.594039306640624,0.4263836145401001,1.2325724363327026,2.103971004486084
1791022054786293000,36.61129296875,0.49602219462394714,1.2197442054748535,1.9188790321350098
1791022054803547000,36.628546875,0.7183769941329956,1.0816887617111206,1.6720895767211914
1791022054820800500,36.64580053710937,0.9401208758354187,0.8513928055763245,1.5175408124923706
1791022054838054400,36.66305444335938,0.9456186890602112,0.9063706398010254,1.4760019779205322
1791022054855308000,36.68030810546875,1.1783581972122192,0.8226821422576904,1.4906628131866455
1791022054872562000,36.69756201171875,1.4367539882659912,0.5502364635467529,1.5462514162063599
1791022054889815800,36.71481591796875,1.3964369297027588,0.15073087811470032,1.494938850402832
1791022054907069400,36.7320693359375,1.323133111000061,0.39141160249710083,1.1479676961898804
1791022054924323300,36.7493232421875,1.3921607732772827,0.6180424690246582,0.9359975457191467
1791022054941577000,36.766576904296876,1.6102395057678223,0.04627300798892975,0.7576250433921814
1791022054958830600,36.78383056640625,1.2699878215789795,-0.41676250100135803,0.7716749310493469
1791022054976084500,36.80108447265625,0.9016364216804504,0.07864884287118912,0.6097957491874695
1791022054993338400,36.81833837890625,0.9016364216804504,0.4909825623035431,0.4124864339828491
1791022055010592000,36.83559204101562,0.8185588121414185,0.5581777095794678,0.25549420714378357
1791022055027846000,36.85284594726563,0.7360920310020447,0.771980345249176,0.15592323243618011
1791022055045099500,36.870099609375,0.6493492722511292,0.7567087411880493,-0.03894263133406639
1791022055062353400,36.887353515625,0.5015199780464172,0.4176788032054901,-0.2234237939119339
1791022055079607000,36.90460693359375,0.33108872175216675,0.30772313475608826,-0.3016144931316376
1791022055096861000,36.92186083984375,0.14538581669330597,0.5196931958198547,-0.301003634929657
1791022055114114600,36.93911450195313,0.17837251722812653,0.7670934200286865,-0.17394374310970306
1791022055131368400,36.956368408203126,0.37140578031539917,0.7371610999107361,-0.1415679156780243
1791022055148622000,36.9736220703125,0.5320632457733154,0.4066832363605499,-0.24663665890693665
1791022055165876000,36.9908759765625,0.6847794055938721,0.2087630331516266,-0.351705402135849
1791022055183129900,37.0081298828125,0.7171552777290344,0.20082180202007294,-0.402407169342041
1791022055200383500,37.02538354492187,0.6053670048713684,-0.09056070446968079,-0.7603739500045776
1791022055217637400,37.04263745117188,0.37262752652168274,-0.5468766689300537,-1.3211477994918823
1791022055234891000,37.05989111328125,0.017104214057326317,-0.009315688163042068,-1.5007420778274536
1791022055252145000,37.07714477539062,-0.3072649836540222,1.1287254095077515,-1.4469859600067139
1791022055269398500,37.0943984375,-0.49968740344047546,1.4249948263168335,-1.3804017305374146
1791022055286652200,37.11165209960937,-0.5351175665855408,0.966235339641571,-1.363297462463379
1791022055303906000,37.12890600585938,-0.5326740741729736,0.300392746925354,-1.374903917312622
1791022055321160000,37.146159912109376,-0.5418370366096497,-0.0001527161948615685,-1.2783873081207275
1791022055338413600,37.16341357421875,-0.3799578845500946,-0.35445427894592285,-1.3626866340637207
1791022055355667500,37.18066748046875,-0.20952661335468292,-0.18585561215877533,-1.468366265296936
1791022055372921000,37.197921142578124,-0.18631376326084137,-0.18829907476902008,-1.3144283294677734
1791022055390175000,37.21517504882812,-0.22174391150474548,-0.3000873327255249,-1.1763728857040405
1791022055407428600,37.2324287109375,-0.3396408259868622,-0.45219266414642334,-1.2081378698349
1791022055424682500,37.2496826171875,-0.5259546041488647,-0.725860059261322,-1.1488839387893677
1791022055441936100,37.26693603515625,-0.6017017960548401,-0.9170607328414917,-0.9375247359275818
1791022055459190000,37.28418994140625,-0.6603448390960693,-1.1534653902053833,-0.8874338269233704
1791022055476443600,37.30144360351562,-0.7324268817901611,-1.325729250907898,-1.0908517837524414
1791022055493697500,37.31869750976563,-0.8368847370147705,-1.2231040000915527,-1.493411660194397
1791022055510951200,37.335951171875,-1.0543526411056519,-0.8663589954376221,-1.9020801782608032
1791022055528205000,37.353205078125,-1.2229512929916382,-0.6794343590736389,-1.9344559907913208
1791022055545459000,37.370458984375,-1.1630865335464478,-0.6684387922286987,-1.7689117193222046
1791022055562712600,37.387712646484374,-1.0048725605010986,-0.8119919896125793,-1.7658573389053345
1791022055579966200,37.40496630859375,-0.8747583627700806,-1.0007492303848267,-1.8519892692565918
1791022055597220000,37.42222021484375,-0.8307760953903198,-0.9457713961601257,-1.8556544780731201
1791022055614473700,37.4394736328125,-0.7733548283576965,-0.9292780160903931,-1.7047709226608276
1791022055631727600,37.4567275390625,-0.7000510096549988,-1.1284199953079224,-1.4225513935089111
1791022055648981200,37.473981201171874,-0.6969966888427734,-1.1388046741485596,-1.3657408952713013
1791022055666235100,37.49123510742187,-0.7727439403533936,-1.0978766679763794,-1.195920467376709
1791022055683489000,37.50848901367188,-0.8637627959251404,-1.1009310483932495,-1.1042908430099487
1791022055700742700,37.52574267578125,-0.8576541543006897,-0.8956804871559143,-1.2484549283981323
1791022055717996500,37.54299658203125,-0.8985821008682251,-1.019685983657837,-1.1195623874664307
1791022055735250200,37.560250244140626,-0.8759800791740417,-0.7234166264533997,-1.0334304571151733
1791022055752504000,37.577504150390624,-0.8026763200759888,-0.09300415962934494,-1.1171189546585083
1791022055769757700,37.5947578125,-0.8820887207984924,-0.21212279796600342,-1.014493703842163
1791022055787011300,37.61201123046875,-0.7886264324188232,-0.141262486577034,-0.6656898856163025
1791022055804265200,37.62926513671875,-0.6249146461486816,0.2228129357099533,-0.44638943672180176
1791022055821519000,37.64651904296875,-0.4685332775115967,0.5899426341056824,-0.6449204683303833
1791022055838772700,37.663772705078124,-0.41294458508491516,0.17516547441482544,-0.4751000702381134
1791022055856026600,37.68102661132812,-0.4062250852584839,-0.3196350038051605,-0.23991714417934418
1791022055873280300,37.6982802734375,-0.36835145950317383,-0.2903134822845459,-0.15806126594543457
1791022055890534100,37.7155341796875,-0.45387253165245056,-0.33001968264579773,-0.04199695214629173
1791022055907787800,37.73278784179688,-0.34574946761131287,-0.4289797842502594,0.3257436454296112
1791022055925041700,37.750041748046876,-0.14782927930355072,-0.24144430458545685,0.40576693415641785
1791022055942295300,37.76729541015625,-0.033597562462091446,-0.09728021919727325,0.4179842174053192
1791022055959549000,37.784548828125,0.039706211537122726,0.027947064489126205,0.388051837682724
1791022055976802800,37.801802734375,0.07147117704153061,0.20937390625476837,0.3813323378562927
1791022055994056400,37.81905639648438,0.03298669680953026,0.4451677203178406,0.3678933084011078
1791022056011310300,37.836310302734375,0.036651886999607086,0.49892380833625793,0.5639809370040894
1791022056028564200,37.85356420898437,0.18692462146282196,0.9094249606132507,1.0270164012908936
1791022056045817900,37.87081787109375,0.4001164436340332,1.1946988105773926,1.282357931137085
1791022056063071700,37.88807177734375,0.4563159942626953,1.162322998046875,1.310457706451416
1791022056080325400,37.90532543945312,0.3445277214050293,1.2130247354507446,1.3135119676589966
1791022056097579300,37.92257934570313,0.3194822669029236,1.0175479650497437,1.226769208908081
1791022056114833000,37.9398330078125,0.36712974309921265,0.7652608752250671,1.374598503112793
1791022056132086500,37.95708642578125,0.5723803043365479,0.6760746240615845,1.5358667373657227
1791022056149340400,37.97434033203125,0.685390293598175,0.7194460034370422,1.5865685939788818
1791022056166594000,37.99159399414062,0.6902772188186646,0.6217076182365417,1.7301217317581177
1791022056183848000,38.00884790039063,0.8680388331413269,0.08720094710588455,1.871842384338379
1791022056201101600,38.0261015625,0.943175196647644,-0.1363755613565445,2.008676052093506
1791022056218355500,38.04335546875,0.9688315391540527,-0.23228132724761963,2.193157196044922
1791022056235609300,38.060609375,0.9639446139335632,-0.503505289554596,2.322049856185913
1791022056252863000,38.077863037109374,0.8185588121414185,-0.6965385675430298,2.3018910884857178
1791022056270116900,38.09511694335937,0.6041452884674072,-0.5273290276527405,2.2786784172058105
1791022056287370500,38.11237060546875,0.29443681240081787,-0.06551524996757507,2.218202829360962
1791022056304624000,38.1296240234375,0.24740023910999298,0.4738783538341522,2.020282506942749
1791022056321878000,38.1468779296875,0.38850998878479004,0.9143118858337402,1.891390085220337
1791022056339131600,38.164131591796874,0.5986474752426147,0.9790635108947754,1.9213224649429321
1791022056356385500,38.18138549804687,0.8087849617004395,0.8385646343231201,1.8626794815063477
1791022056373639200,38.19863916015625,0.8503237962722778,0.2857320010662079,1.789986491203308
1791022056390893000,38.21589306640625,0.7525854110717773,0.13790272176265717,1.5535818338394165
1791022056408146700,38.23314672851563,0.6957749724388123,0.22220206260681152,1.0025818347930908
1791022056425400600,38.250400634765626,0.8362739086151123,-0.4558578431606293,0.6323977708816528
1791022056442654200,38.267654296875,0.9071341753005981,-0.7325795888900757,0.6378955245018005
1791022056459908000,38.284908203125,0.9841031432151794,-0.49800750613212585,0.8877392411231995
1791022056477161700,38.30216162109375,0.9419534802436829,-0.5010618567466736,1.1394155025482178
1791022056494415600,38.31941552734375,0.7464767694473267,-0.6207913160324097,1.095433235168457
1791022056511669200,38.336669189453126,0.5045742988586426,-0.43569931387901306,0.7368556261062622
1791022056528923000,38.3539228515625,0.19242240488529205,-0.25793763995170593,0.40576693415641785
1791022056546176800,38.3711767578125,-0.020769402384757996,-0.20112723112106323,0.314748078584671
1791022056563430700,38.3884306640625,-0.07330377399921417,-0.1357647031545639,0.2793179154396057
1791022056580684300,38.40568432617187,-0.09285144507884979,-0.06856957077980042,0.3367392122745514
1791022056597938200,38.42293823242188,-0.0769689604640007,-0.3269653618335724,0.20601414144039154
1791022056615191800,38.44019189453125,-0.06963858753442764,-0.3990474045276642,-0.06276635825634003
1791022056632445700,38.45744580078125,-0.21807873249053955,-0.22250749170780182,-0.2735147178173065
1791022056649699300,38.47469921875,-0.3707949221134186,-0.12721258401870728,-0.4189005196094513
1791022056666953200,38.491953125,-0.4770853817462921,-0.02153298258781433,-0.48365217447280884
1791022056684206800,38.50920678710938,-0.5485565662384033,-0.20112723112106323,-0.5813905596733093
1791022056701460500,38.52646044921875,-0.5760455131530762,-0.45646870136260986,-0.7334958910942078
1791022056718714400,38.54371435546875,-0.5754346251487732,-0.49373146891593933,-0.8898772597312927
1791022056735968000,38.560968017578126,-0.5827649831771851,-0.3153589367866516,-0.8990402221679688
1791022056753222000,38.578221923828124,-0.5393936038017273,-0.09605848789215088,-0.6980656981468201
1791022056770475500,38.5954755859375,-0.4105011224746704,-0.058795735239982605,-0.4134027361869812
1791022056787729400,38.6127294921875,-0.29138249158859253,-0.09239330142736435,-0.3877464234828949
1791022056804983000,38.62998315429687,-0.4105011224746704,-0.3611738085746765,-0.6058251261711121
1791022056822237000,38.64723681640625,-0.6175842881202698,-0.3428478538990021,-0.6962331533432007
1791022056839490600,38.664490478515624,-0.6994401812553406,-0.2658788859844208,-0.6620246767997742
1791022056856744400,38.68174438476562,-0.832608699798584,-0.4247037470340729,-0.4799869954586029
1791022056873998000,38.698998046875,-0.8943060636520386,-0.7368556261062622,-0.23625195026397705
1791022056891252000,38.716251953125,-0.7892373204231262,-0.8547525405883789,-0.2130390852689743
1791022056908505600,38.73350561523438,-0.8142827749252319,-0.8260418772697449,-0.2955058515071869
1791022056925759200,38.75075927734375,-0.9382883310317993,-0.780837893486023,-0.3040579557418823
1791022056943013000,38.76801318359375,-1.091004490852356,-0.6678279042243958,-0.4451677203178406
1791022056960266800,38.78526684570313,-1.349400281906128,-0.6159043908119202,-0.8061888217926025
1791022056977520600,38.802520751953125,-1.5460987091064453,-0.6934842467308044,-1.0511455535888672
1791022056994774300,38.81977416992188,-1.5919135808944702,-0.634230375289917,-1.2246311902999878
1791022057012028200,38.837028076171876,-1.6432262659072876,-0.4631882309913635,-1.6314671039581299
1791022057029281800,38.85428173828125,-1.712864875793457,-0.3208567202091217,-1.569158911705017
1791022057046535700,38.87153564453125,-1.5595377683639526,-0.4644099473953247,-1.198364019393921
1791022057063789300,38.888789306640625,-1.3023637533187866,-0.5193877816200256,-1.0810779333114624
1791022057081043200,38.90604321289062,-1.2877029180526733,-0.5682569742202759,-1.218522548675537
1791022057098296800,38.923296875,-1.3506220579147339,-0.9451605081558228,-1.1745402812957764
1791022057115550700,38.94055078125,-1.3017528057098389,-1.086881160736084,-1.1091777086257935
1791022057132804400,38.95780444335937,-1.3530654907226562,-1.2212713956832886,-1.1647664308547974
1791022057150058000,38.97505810546875,-1.2363903522491455,-1.3135119676589966,-0.9912807941436768
1791022057167312000,38.99231176757812,-1.0189224481582642,-1.2634210586547852,-0.8434515595436096
1791022057184565500,39.0095654296875,-0.9010255336761475,-1.504712700843811,-0.6962331533432007
1791022057201819400,39.0268193359375,-0.8448259830474854,-1.1571305990219116,-0.8874338269233704
1791022057219073000,39.04407299804687,-0.8460476994514465,-0.6947059631347656,-1.07558012008667
1791022057236327000,39.06132690429688,-0.9327905178070068,-0.64278244972229,-0.928972601890564
1791022057253580500,39.07858056640625,-0.8778126835823059,-0.2536616027355194,-1.0120502710342407
1791022057270834400,39.09583447265625,-0.7574723362922668,-0.08261945843696594,-1.1110103130340576
1791022057288088000,39.113088134765626,-0.7709113359451294,0.07192932814359665,-1.2649482488632202
1791022057305342000,39.13034204101562,-0.8222240209579468,-0.22434009611606598,-1.0077741146087646
1791022057322595600,39.147595703125,-0.66645348072052,-0.02153298258781433,-0.8605557680130005
1791022057339849500,39.164849365234375,-0.4581485986709595,0.08597921580076218,-0.9411898851394653
1791022057357103000,39.18210302734375,-0.30543237924575806,-0.18524473905563354,-0.6962331533432007
1791022057374356700,39.199356689453126,-0.15821397304534912,-0.03130681812763214,-0.5178605914115906
1791022057391610600,39.21661059570312,0.15027274191379547,0.2735147178173065,-0.24480405449867249
1791022057408864300,39.2338642578125,0.32070401310920715,0.5520690679550171,-0.10063996911048889
1791022057426118100,39.2511181640625,0.3646862804889679,0.008399390615522861,0.458301305770874
1791022057443371800,39.26837182617187,0.4196641147136688,0.6974548697471619,0.652556300163269
1791022057460625700,39.28562573242188,0.2657261788845062,0.7591522336006165,0.7215840220451355
1791022057477879300,39.30287939453125,0.21930044889450073,0.5832231640815735,0.837648332118988
1791022057495133200,39.32013330078125,0.17104214429855347,0.5728384256362915,1.0086904764175415
1791022057512386800,39.33738671875,0.10995566099882126,0.5429060459136963,1.23654305934906
1791022057529640700,39.354640625,0.1026252806186676,0.9527963399887085,1.0722204446792603
1791022057546894300,39.37189428710938,0.07391463965177536,1.0291544198989868,1.1180353164672852
1791022057564148200,39.389148193359375,0.205861434340477,1.0261001586914062,1.3953678607940674
1791022057581401900,39.40640185546875,0.3225366175174713,1.1763728857040405,1.4253002405166626
1791022057598655500,39.423655517578126,0.30604326725006104,1.2563961744308472,1.374598503112793
1791022057615909400,39.440909423828124,0.35185810923576355,1.1855357885360718,1.4259110689163208
1791022057633163000,39.4581630859375,0.5216785073280334,1.0798561573028564,1.5389211177825928
1791022057650415600,39.47541552734375,0.6725621223449707,0.8874338269233704,1.5932880640029907
1791022057667669200,39.492669189453125,0.6847794055938721,0.7805324792861938,1.5004366636276245
1791022057684923100,39.50992309570312,0.7428115606307983,0.6186532974243164,1.4448479413986206
1791022057702176800,39.5271767578125,0.8588758707046509,0.38591381907463074,1.4912736415863037
1791022057719430400,39.54443041992187,0.9560033679008484,0.39568766951560974,1.5902336835861206
1791022057736684300,39.56168432617188,0.9114102721214294,0.5380191802978516,1.5920662879943848
1791022057753938000,39.57893798828125,0.9883792400360107,0.4482220411300659,1.6543744802474976
1791022057771191800,39.59619189453125,1.1899645328521729,0.44211336970329285,1.7197370529174805
1791022057788445400,39.61344555664063,1.145371437072754,0.46166107058525085,1.77043879032135
1791022057805699300,39.63069921875,1.1239912509918213,0.5887209177017212,1.820529818534851
1791022057822953000,39.64795288085938,0.9291253089904785,0.6137663722038269,1.77043879032135
1791022057840206800,39.665206787109376,0.8924734592437744,0.5306887626647949,1.5383102893829346
1791022057857460500,39.68246044921875,0.8906408548355103,0.31810784339904785,1.3312270641326904
1791022057874714400,39.69971435546875,0.8497129082679749,0.25213444232940674,1.23654305934906
1791022057891968000,39.716968017578125,0.8295543789863586,0.20082180202007294,1.1864521503448486
1791022057909221600,39.7342216796875,0.8772017955780029,-0.012370011769235134,1.1204787492752075
1791022057926475500,39.7514755859375,0.9236275553703308,-0.11133010685443878,1.0441206693649292
1791022057943729200,39.768729248046874,0.8698714375495911,-0.10216713696718216,1.0337358713150024
1791022057960983000,39.78598315429687,0.7464767694473267,-0.11133010685443878,1.0337358713150024
1791022057978236700,39.803236572265625,0.5235111117362976,-0.08017600327730179,0.9182825088500977
1791022057995490300,39.820490234375,0.28588470816612244,-0.15042544901371002,0.7881683111190796
1791022058012744200,39.837744140625,0.2528980076313019,-0.28848087787628174,0.5615374445915222
1791022058029997800,39.854997802734374,0.26450446248054504,-0.18341214954853058,0.4405862092971802
1791022058047251700,39.87225170898437,0.12950333952903748,-0.17058399319648743,0.4436405599117279
1791022058064505300,39.88950537109375,0.023823726922273636,-0.21639885008335114,0.39477136731147766
1791022058081759200,39.90675927734375,-0.0360410213470459,-0.20051635801792145,0.20051635801792145
1791022058099012900,39.92401293945313,-0.059864748269319534,-0.2603811025619507,-0.025503603741526604
1791022058116266800,39.941266845703126,-0.08124501258134842,-0.233503058552742,-0.1207985132932663
1791022058133520400,39.95852026367187,-0.04764745384454727,-0.09850194305181503,-0.0951421856880188
1791022058150774000,39.97577392578125,-0.056199558079242706,0.07254019379615784,-0.2136499583721161
1791022058168028000,39.99302783203125,-0.1185077652335167,0.05177079141139984,-0.4079049527645111
1791022058185281500,40.01028149414063,-0.164322629570961,0.053603384643793106,-0.4353938698768616
1791022058202535400,40.027535400390626,-0.17531819641590118,0.04932733252644539,-0.40118545293807983
1791022058219789000,40.0447890625,-0.19364413619041443,0.2075413018465042,-0.4384481906890869
1791022058237043000,40.06204296875,-0.25411975383758545,0.23258677124977112,-0.5410735011100769
1791022058254296600,40.079296630859375,-0.37262752652168274,0.2594648003578186,-0.5813905596733093
1791022058271550200,40.09655029296875,-0.4477638900279999,0.29794928431510925,-0.5471821427345276
1791022058288804000,40.11380419921875,-0.4630354940891266,0.24541492760181427,-0.6186532974243164
1791022058306057700,40.1310576171875,-0.5314523577690125,0.04993819445371628,-0.763428270816803
1791022058323311400,40.14831127929688,-0.656679630279541,0.031001387163996696,-0.7506000995635986
1791022058340565200,40.165565185546875,-0.7073814272880554,0.20570871233940125,-0.7848085165023804
1791022058357819000,40.18281884765625,-0.730594277381897,0.2582430839538574,-0.8532254099845886
1791022058375072800,40.20007275390625,-0.7880155444145203,0.18677189946174622,-0.817184329032898
1791022058392326400,40.217326416015624,-0.8338304162025452,0.12263110280036926,-0.6779071688652039
1791022058409580300,40.23458032226562,-0.7812960743904114,-0.1455385386943817,-0.7921388745307922
1791022058426834000,40.251833984375,-0.7562506198883057,-0.4595230221748352,-1.065806269645691
1791022058444087800,40.269087890625,-0.8784235715866089,-0.6690496206283569,-1.3577996492385864
1791022058461341400,40.28634155273438,-0.9498947262763977,-0.7838922142982483,-1.2582287788391113
1791022058478595000,40.303594970703124,-0.8484911918640137,-0.6702713966369629,-1.218522548675537
1791022058495849000,40.32084887695312,-0.8093958497047424,-0.5383245944976807,-1.410944938659668
1791022058513102600,40.3381025390625,-0.7953459620475769,-0.6812669634819031,-1.4634792804718018
1791022058530356500,40.3553564453125,-0.7990111112594604,-0.6421716213226318,-1.5013529062271118
1791022058547610000,40.37261010742188,-0.9132428169250488,-0.5896372199058533,-1.734092354774475
1791022058564863700,40.38986376953125,-0.9688315391540527,-0.5670352578163147,-1.864817500114441
1791022058582117600,40.40711767578125,-0.9028581380844116,-0.49861836433410645,-1.7163772583007812
1791022058599371300,40.424371337890626,-0.8674280047416687,-0.4949531853199005,-1.690721035003662
1791022058616625200,40.441625244140624,-0.8466585874557495,-0.4741837978363037,-1.723707675933838
1791022058633878800,40.45887866210938,-0.7232639193534851,-0.7234166264533997,-1.6216932535171509
1791022058651132400,40.47613232421875,-0.6120865345001221,-0.7118101716041565,-1.4353795051574707
1791022058668386300,40.49338623046875,-0.6004800796508789,-0.6904299259185791,-1.5642719268798828
1791022058685640000,40.510639892578126,-0.6633991599082947,-0.847422182559967,-1.5874848365783691
1791022058702893800,40.527893798828124,-0.6230821013450623,-1.1925607919692993,-1.3235912322998047
1791022058720147500,40.5451474609375,-0.5503891706466675,-0.8987348079681396,-1.4127775430679321
1791022058737401000,40.562401123046875,-0.4166097939014435,-0.5248855352401733,-1.4482076168060303
1791022058754655000,40.57965502929687,-0.2675587832927704,-0.3764454126358032,-1.2191333770751953
1791022058771908600,40.59690869140625,-0.2162461280822754,0.08536835014820099,-1.1103994846343994
1791022058789162500,40.61416259765625,-0.2669478952884674,0.21670427918434143,-1.0364848375320435
1791022058806416100,40.631416015625,-0.2712239623069763,0.10797034949064255,-0.7689260244369507
1791022058823670000,40.648669921875,-0.19730933010578156,-0.11133010685443878,-0.3565923273563385
1791022058840923600,40.66592358398437,-0.08857539296150208,0.09392046183347702,-0.43600472807884216
1791022058858177300,40.68317724609375,0.07757982611656189,0.12996147572994232,-0.30833399295806885
1791022058875431200,40.70043115234375,0.18264856934547424,-0.0746782198548317,-0.12690715491771698
1791022058892684800,40.71768481445312,0.3530798554420471,0.047494735568761826,0.22006404399871826
1791022058909938400,40.7349384765625,0.47036588191986084,0.7646499872207642,0.11377356201410294
1791022058927192300,40.7521923828125,0.5131264328956604,0.8049670457839966,-0.041386090219020844
1791022058944446000,40.76944604492188,0.4935787320137024,0.3877464234828949,0.23716825246810913
1791022058961699800,40.786699951171876,0.24923282861709595,0.22586725652217865,0.5114465355873108
1791022058978953500,40.80395336914062,0.25900667905807495,0.3058905303478241,0.755181610584259
1791022058996207000,40.82120703125,0.4050033390522003,0.7188351154327393,0.6501128673553467
1791022059013461000,40.8384609375,0.5302306413650513,0.6950113773345947,0.8462004065513611
1791022059030714600,40.85571459960938,0.6780598759651184,0.5227475166320801,1.1351394653320312
1791022059047968500,40.872968505859376,0.7189878225326538,0.27107125520706177,1.3581050634384155
1791022059065222100,40.89022216796875,0.721431314945221,0.12873975932598114,1.4784455299377441
1791022059082476000,40.90747607421875,0.7153226733207703,0.09880737960338593,1.5877902507781982
1791022059099729700,40.924729736328125,0.7629700899124146,0.3260490894317627,1.6042835712432861
1791022059116983300,40.9419833984375,0.7232639193534851,0.5209149122238159,1.5376993417739868
1791022059134237200,40.9592373046875,0.6982184648513794,0.5893318057060242,1.631772518157959
1791022059151490800,40.97649072265625,0.7886264324188232,0.7426588535308838,1.9408701658248901
1791022059168744700,40.99374462890625,0.9370665550231934,0.8520036339759827,2.2059855461120605
1791022059185998300,41.010998291015625,1.0488548278808594,1.3504693508148193,2.346484422683716
1791022059203252000,41.028251953125,1.1044435501098633,1.4030036926269531,2.346484422683716
1791022059220505900,41.045505859375,1.1423171758651733,1.1366666555404663,2.321438789367676
1791022059237759500,41.062759521484374,1.2217295169830322,1.1592686176300049,2.2395830154418945
1791022059255013000,41.08001318359375,1.194240689277649,1.4622576236724854,1.9775220155715942
1791022059272267000,41.09726708984375,1.2583814859390259,1.6589560508728027,1.7789909839630127
1791022059289520600,41.11452075195312,1.4575233459472656,1.131779670715332,2.0801472663879395
1791022059306774300,41.131774169921876,1.766010046005249,0.5942187309265137,2.3880231380462646
1791022059324028200,41.149028076171874,1.7177517414093018,-0.09911280870437622,2.078925609588623
1791022059341281800,41.16628173828125,1.4477494955062866,-0.25549420714378357,1.5486949682235718
1791022059358535700,41.18353564453125,1.1740821599960327,-0.29397866129875183,1.1168135404586792
1791022059375789300,41.20078930664062,1.2718204259872437,-0.4546361267566681,1.0361794233322144
1791022059393043200,41.21804321289063,1.4422518014907837,-0.5664243698120117,1.172402262687683
1791022059410296800,41.235296875,1.3988803625106812,-0.5719221234321594,1.3703224658966064
1791022059427550500,41.25255053710937,1.2217295169830322,-0.2585485279560089,1.3281728029251099
1791022059444804400,41.26980444335938,0.9169080257415771,0.2503018379211426,1.0911571979522705
1791022059462058000,41.28705810546875,0.6493492722511292,0.6015490889549255,0.8064942359924316
1791022059479312000,41.30431176757813,0.481361448764801,0.8324559926986694,0.5138899683952332
1791022059496565500,41.3215654296875,0.1698204129934311,0.928972601890564,0.02214384824037552
1791022059513819100,41.33881909179688,-0.26450446248054504,0.7597630620002747,-0.27717989683151245
1791022059531073000,41.356072998046876,-0.5412262082099915,0.29794928431510925,-0.58749920129776
1791022059548326700,41.37332666015625,-0.7367029190063477,0.3822486400604248,-0.8208495378494263
1791022059565580500,41.39058056640625,-0.851545512676239,0.5001455545425415,-1.0102176666259766
1791022059582834200,41.407834228515625,-0.9474512934684753,-0.29397866129875183,-1.2686134576797485
1791022059600087800,41.425087890625,-1.091004490852356,-0.7429642677307129,-1.4243839979171753
1791022059617341700,41.442341796875,-1.100778341293335,-0.264046311378479,-1.2973240613937378
1791022059634595300,41.45959521484375,-0.8069523572921753,0.27717989683151245,-1.167820692062378
1791022059651849000,41.47684887695313,-0.37812530994415283,0.7426588535308838,-0.9460768103599548
1791022059669102600,41.4941025390625,-0.3035998046398163,0.718224287033081,-0.7970257997512817
1791022059686356500,41.5113564453125,-0.06414080411195755,-0.2084576040506363,-0.7328850030899048
1791022059703610000,41.528610107421876,0.258395791053772,-0.6214022040367126,-0.651639997959137
1791022059720864000,41.545864013671874,0.35246896743774414,-0.42103853821754456,-0.7365502119064331
1791022059738117600,41.56311767578125,0.2724456787109375,-0.1052214577794075,-0.7951932549476624
1791022059755371500,41.58037158203125,0.20280711352825165,-0.29764387011528015,-0.6534726023674011
1791022059772625200,41.59762524414062,0.16126830875873566,-0.7008146047592163,-0.476321816444397
1791022059789878800,41.614878662109376,0.09834922850131989,-0.8736893534660339,-0.45799586176872253
1791022059807132700,41.632132568359374,-0.10690133273601532,-0.8626937866210938,-0.7744238376617432
1791022059824386300,41.64938623046875,-0.4990765154361725,-0.6214022040367126,-1.236237645149231
1791022059841640000,41.666639892578125,-0.9046907424926758,-0.05085449293255806,-1.4127775430679321
1791022059858893800,41.68389379882812,-1.2021819353103638,0.6107120513916016,-1.200196623802185
1791022059876147500,41.7011474609375,-1.2577705383300781,0.9363030195236206,-1.3132065534591675
1791022059893401300,41.7184013671875,-1.2437206506729126,0.670576810836792,-1.901469349861145
1791022059910655000,41.73565502929687,-1.2834268808364868,0.1415679156780243,-1.936288595199585
1791022059927908600,41.75290869140625,-1.2681553363800049,-0.29825472831726074,-1.6717841625213623
1791022059945162500,41.77016259765625,-1.1099413633346558,-0.6085740327835083,-1.4414881467819214
1791022059962416000,41.787416015625,-1.100778341293335,-0.6232348084449768,-1.4787509441375732
1791022059979670000,41.804669921875,-1.043357014656067,-0.7093667387962341,-1.613752007484436
1791022059996923600,41.82192358398437,-0.860708475112915,-0.7557924389839172,-1.5740457773208618
1791022060014177300,41.83917724609375,-0.676227331161499,-0.6928733587265015,-1.3761255741119385
1791022060031431200,41.85643115234375,-0.7391464114189148,-1.114980936050415,-1.2221877574920654
1791022060048684800,41.87368481445313,-0.8686497211456299,-1.1027636528015137,-1.4237730503082275
1791022060065938400,41.8909384765625,-0.860708475112915,-1.2499819993972778,-1.5263984203338623
1791022060083192300,41.9081923828125,-0.6841685771942139,-1.2322670221328735,-1.4873030185699463
1791022060100446000,41.92544604492188,-0.5131264328956604,-0.9133955836296082,-1.6143629550933838
1791022060117699600,41.94269946289062,-0.3811796307563782,-0.3098611533641815,-1.796400547027588
1791022060134953500,41.95995336914063,-0.4013381600379944,0.15378521382808685,-1.844048023223877
1791022060152207000,41.97720703125,-0.5314523577690125,-0.0795651376247406,-1.4249948263168335
1791022060169460700,41.99446069335937,-0.564439058303833,-0.30375251173973083,-1.152549147605896
1791022060186715000,42.01171484375,-0.47525280714035034,-0.08750637620687485,-1.4414881467819214
1791022060203968300,42.02896826171875,-0.36285367608070374,-0.4699077308177948,-1.0945169925689697
1791022060221222000,42.04622192382813,-0.2981020212173462,-0.2597702443599701,-0.8953750729560852
1791022060238475800,42.063475830078126,-0.3347539007663727,-0.26160284876823425,-0.7457131743431091
1791022060255729400,42.0807294921875,-0.2822195291519165,-0.4130973219871521,-0.5386300086975098
1791022060272983300,42.0979833984375,-0.15821397304534912,0.14828743040561676,-0.4341721534729004
1791022060290237000,42.11523681640625,-0.012217295356094837,0.17394374310970306,-0.11896591633558273
1791022060307490600,42.13249047851563,0.17348559200763702,0.6021599769592285,-0.060322895646095276
1791022060324744400,42.149744384765626,0.29565855860710144,0.4030180275440216,0.32452189922332764
1791022060341998000,42.166998046875,0.49663305282592773,0.7359393239021301,0.6299542784690857
1791022060359251700,42.18425170898438,0.4783071279525757,1.0749692916870117,0.7600684762001038
1791022060376505600,42.201505615234375,0.4520399272441864,1.011439323425293,0.838259220123291
1791022060393759200,42.21875927734375,0.4929678738117218,0.9124792814254761,0.8688024282455444
1791022060411012900,42.236012939453126,0.545502245426178,0.5612320303916931,0.9378301501274109
1791022060428266800,42.25326684570312,0.554665207862854,0.30711227655410767,1.0526727437973022
1791022060445520400,42.27052026367188,0.637742817401886,0.4488328993320465,1.0752747058868408
1791022060462774000,42.28777392578125,0.7244856357574463,0.3620901107788086,1.0813833475112915
1791022060480028000,42.30502783203125,0.8210022449493408,0.24785839021205902,1.3471095561981201
1791022060497281500,42.322281494140626,0.8943060636520386,0.3455967605113983,1.3868157863616943
1791022060514535400,42.33953540039062,0.7861829996109009,0.8196278214454651,1.2890774011611938
1791022060531789000,42.3567890625,0.7061597108840942,1.0010546445846558,1.3660463094711304
1791022060549042700,42.374042724609374,0.7373138070106506,0.9265291690826416,1.4259110689163208
1791022060566296600,42.39129663085937,0.7929024696350098,0.86544269323349,1.486386775970459
1791022060583550200,42.40855029296875,0.9053016304969788,0.7762564420700073,1.6378811597824097
1791022060600803800,42.42580395507812,1.1154390573501587,0.8257364630699158,1.7710497379302979
1791022060618057700,42.4430576171875,1.3567306995391846,0.6907353401184082,1.8254166841506958
1791022060635311400,42.460311279296874,1.630398154258728,0.7200568318367004,1.760054111480713
1791022060652565000,42.47756494140625,1.591302752494812,0.9112575054168701,1.7765475511550903
1791022060669819000,42.49481884765625,1.5986331701278687,0.8849903345108032,1.8406883478164673
1791022060687072500,42.51207250976562,1.8191553354263306,0.6223185062408447,1.799760341644287
1791022060704326100,42.529326171875,1.887572169303894,0.4298960864543915,1.615279197692871
1791022060721580000,42.546580078125,1.564424753189087,0.6766854524612427,1.4784455299377441
1791022060738833700,42.56383374023437,1.1777472496032715,0.18493930995464325,1.345276951789856
1791022060756087300,42.58108740234375,1.288313865661621,-0.09850194305181503,1.114980936050415
1791022060773341200,42.59834106445312,1.174692988395691,-0.5792525410652161,0.9414953589439392
1791022060790594800,42.6155947265625,0.8106175661087036,-0.3556760251522064,1.0355684757232666
1791022060807848400,42.632848388671874,0.5772672295570374,-0.2231183648109436,1.0624465942382812
1791022060825102300,42.65010229492187,0.5430588126182556,-0.5193877816200256,0.8523091077804565
1791022060842356000,42.66735595703125,0.5100721120834351,-0.33918267488479614,0.7521272301673889
1791022060859609600,42.68460961914062,0.3090975880622864,0.008399390615522861,0.6769908666610718
1791022060876863500,42.70186352539063,0.09346231073141098,-0.045967575162649155,0.5187768936157227
1791022060894117000,42.7191171875,0.143553227186203,-0.2903134822845459,0.2390008419752121
1791022060911370800,42.73637084960937,0.11972949653863907,-0.6739365458488464,0.1571449637413025
1791022060928624600,42.75362475585938,-0.01649334840476513,-0.6348412036895752,0.25060728192329407
1791022060945878300,42.77087817382812,-0.0616973415017128,-0.24755294620990753,0.2707658112049103
1791022060963132000,42.7881318359375,-0.12095122784376144,0.08109229803085327,0.20967933535575867
1791022060980385800,42.8053857421875,-0.20463970303535461,0.25274530053138733,0.05146535858511925
1791022060997639400,42.82263940429687,-0.21746785938739777,0.15561780333518982,-0.22525638341903687
1791022061014893000,42.83989306640625,-0.12278381735086441,-0.15409064292907715,-0.6149880886077881
1791022061032147000,42.85714697265625,-0.006108647678047419,-0.12354740500450134,-0.8330668210983276
1791022061049400600,42.87440063476563,-0.13927717506885529,-0.01847865991294384,-0.8904881477355957
1791022061066654200,42.891654296875,-0.3543015718460083,0.4738783538341522,-0.9650136232376099
1791022061083908000,42.908908203125,-0.37751442193984985,0.6406444311141968,-0.9912807941436768
1791022061101161700,42.92616162109375,-0.3176496922969818,0.36880961060523987,-0.9955568909645081
1791022061118415400,42.94341528320312,-0.25900667905807495,0.4341721534729004,-0.9356921315193176
1791022061135669200,42.96066918945313,-0.33108872175216675,0.12385283410549164,-1.059086799621582
1791022061152923000,42.9779228515625,-0.3805687427520752,0.19104796648025513,-1.2863285541534424
1791022061170176800,42.9951767578125,-0.3842339515686035,0.1104138121008873,-1.4103341102600098
1791022061187430400,43.01243041992188,-0.5192350745201111,0.16050471365451813,-1.5166245698928833
1791022061204684000,43.02968408203125,-0.7385355234146118,0.25579962134361267,-1.0639737844467163
1791022061221937700,43.04693774414063,-0.7605266571044922,-0.25671592354774475,-0.8428406715393066
1791022061239191600,43.064191650390626,-0.7177661061286926,-0.5090031027793884,-0.9326378107070923
1791022061256445200,43.08144506835937,-0.7629700899124146,-0.3715584874153137,-1.024267554283142
1791022061273698800,43.09869873046875,-0.8014546036720276,-0.31291547417640686,-1.1006256341934204
1791022061290952700,43.11595263671875,-0.8063415288925171,-0.22189663350582123,-0.9900590777397156
1791022061308206300,43.13320629882813,-0.7122683525085449,-0.45097091794013977,-1.012661099433899
1791022061325460200,43.150460205078126,-0.749531090259552,-0.6629409790039062,-1.188590168952942
1791022061342713900,43.1677138671875,-0.8912517428398132,-0.7747292518615723,-1.4506511688232422
1791022061359967500,43.18496752929688,-0.9816597104072571,-0.8865175247192383,-1.7017165422439575
1791022061377221400,43.202221435546875,-0.8710931539535522,-0.9744820594787598,-1.634521484375
1791022061394475000,43.21947509765625,-0.6786707639694214,-0.8058833479881287,-1.4616466760635376
1791022061411728600,43.236728759765626,-0.5900954008102417,-0.653167188167572,-1.6662863492965698
1791022061428982500,43.253982421875,-0.5992583632469177,-0.735633909702301,-1.8312199115753174
1791022061446236200,43.27123608398438,-0.7367029190063477,-0.5829176902770996,-1.9625557661056519
1791022061463489800,43.28848974609375,-0.8503237962722778,-0.5474875569343567,-1.965610146522522
1791022061480743400,43.30574340820313,-0.8405499458312988,-0.38927358388900757,-1.7108795642852783
1791022061497997300,43.322997314453126,-0.7293725609779358,-0.5120574235916138,-1.4787509441375732
1791022061515251000,43.3402509765625,-0.7690787315368652,-0.49800750613212585,-1.4427099227905273
1791022061532504600,43.35750463867188,-0.9046907424926758,0.13240493834018707,-1.5697697401046753
1791022061549758500,43.374758544921875,-1.062904715538025,-0.551152765750885,-0.9894482493400574
1791022061567012000,43.39201220703125,-1.0054833889007568,-0.5829176902770996,-1.0346522331237793
1791022061584265700,43.409265625,-0.8765909671783447,-0.15531237423419952,-0.9796743988990784
1791022061601519400,43.42651928710937,-0.6035344004631042,-0.33429574966430664,-0.5319104790687561
1791022061618773200,43.44377319335938,-0.5748237371444702,-0.35506516695022583,-0.5282453298568726
1791022061636027000,43.46102685546875,-0.6627882719039917,-0.5908589363098145,-0.3352120518684387
1791022061653280500,43.47828051757813,-0.6230821013450623,-0.7331904768943787,-0.1617264449596405
1791022061670534400,43.495534423828126,-0.4862483739852905,-0.5059487819671631,-0.07376192510128021
1791022061687788000,43.5127880859375,-0.31520622968673706,-0.052076224237680435,-0.17027856409549713
1791022061705041700,43.53004174804688,-0.2974911332130432,0.42134398221969604,-0.27779075503349304
1791022061722295600,43.547295654296875,-0.4050033390522003,0.5447386503219604,-0.22098033130168915
1791022061739549200,43.56454907226563,-0.38240134716033936,0.33765551447868347,-0.06520981341600418
1791022061756802800,43.581802734375,-0.21380266547203064,0.4488328993320465,0.12904518842697144
1791022061774056700,43.599056640625,-0.053145237267017365,0.33276858925819397,0.4039343297481537
1791022061791310300,43.61631030273438,0.06719512492418289,0.5251910090446472,0.4534143805503845
1791022061808564000,43.63356396484375,-0.015271619893610477,0.6693550944328308,0.3306305706501007
1791022061825817900,43.65081787109375,0.03909534588456154,0.7041743993759155,0.3874409794807434
1791022061843071500,43.668071533203126,0.25350889563560486,0.5954404473304749,0.6397281289100647
1791022061860325000,43.6853251953125,0.5613847374916077,0.4488328993320465,1.1363612413406372
1791022061877578800,43.70257885742188,0.7733548283576965,0.9118683934211731,1.179121732711792
1791022061894832600,43.71983251953125,0.8167262077331543,0.9637919068336487,1.4039199352264404
1791022061912086300,43.73708618164063,0.9364557266235352,0.7371610999107361,1.6623157262802124
1791022061929340000,43.75433984375,1.0390809774398804,0.2637408673763275,1.6213878393173218
1791022061946593800,43.77159375,0.8979712128639221,-0.1663079410791397,1.5401427745819092
1791022061963847400,43.78884741210938,0.7244856357574463,-0.1925751268863678,1.317788004875183
1791022061981101000,43.80610107421875,0.5778780579566956,0.1562286615371704,1.3086251020431519
1791022061998355000,43.82335498046875,0.638353705406189,0.35048365592956543,1.4680607318878174
1791022062015608600,43.840608642578125,0.8252783417701721,0.6925679445266724,1.6281073093414307
1791022062032862200,43.8578623046875,0.9682206511497498,1.1812597513198853,1.687361240386963
1791022062050116000,43.8751162109375,1.0195332765579224,1.3602432012557983,1.7191262245178223
1791022062067369700,43.89236962890625,1.1081087589263916,1.3932298421859741,1.810755968093872
1791022062084623400,43.90962329101563,1.2449424266815186,1.0248783826828003,2.04532790184021
1791022062101877200,43.926877197265625,1.3891065120697021,0.9295834898948669,2.1284055709838867
1791022062119131000,43.944130859375,1.4343105554580688,1.1378883123397827,1.9970697164535522
1791022062136384500,43.961384521484376,1.3475676774978638,0.9173662066459656,1.7032437324523926
1791022062153638100,43.97863818359375,1.2620465755462646,0.40546149015426636,1.4063634872436523
1791022062170892000,43.99589208984375,1.1062761545181274,0.48181959986686707,1.253036379814148
1791022062188145700,44.013145751953125,1.0855066776275635,0.12996147572994232,1.052061915397644
1791022062205399300,44.0303994140625,1.2565488815307617,-0.04657844081521034,0.9812015295028687
1791022062222653200,44.047653076171876,1.368947982788086,-0.14431680738925934,0.9414953589439392
1791022062239906800,44.06490673828125,1.4257583618164062,-0.44791659712791443,0.9256128668785095
1791022062257160400,44.08216040039063,1.32985258102417,-0.3837758004665375,1.021518588066101
1791022062274414000,44.0994140625,1.1062761545181274,-0.3990474045276642,1.1021528244018555
1791022062291668000,44.11666796875,0.8747583627700806,-0.35995206236839294,1.0465641021728516
1791022062308921600,44.133921630859376,0.7977893948554993,-0.05329795181751251,0.8205441236495972
1791022062326175200,44.15117529296875,0.695164144039154,0.3272708058357239,0.5597048401832581
1791022062343429000,44.16842919921875,0.411722868680954,0.24724751710891724,0.33490660786628723
1791022062360682800,44.185682861328125,0.20769402384757996,0.046883873641490936,0.08017600327730179
1791022062377936400,44.20293627929688,0.004886918235570192,0.07254019379615784,-0.0694858655333519
1791022062395190300,44.220190185546876,-0.20219624042510986,-0.20051635801792145,-0.01206457894295454
1791022062412444000,44.23744384765625,-0.24862197041511536,-0.6776017546653748,-0.07376192510128021
1791022062429697500,44.25469750976563,-0.16676609218120575,-0.4845684766769409,-0.18860450387001038
1791022062446951400,44.271951416015625,-0.2101374864578247,-0.44730573892593384,-0.3871355652809143
1791022062464205000,44.289205078125,-0.30054548382759094,-0.13271036744117737,-0.4555523991584778
1791022062481458700,44.306458740234376,-0.32070401310920715,0.10430516302585602,-0.5166388750076294
1791022062498712300,44.32371240234375,-0.2877173125743866,0.2032652497291565,-0.6998983025550842
1791022062515966200,44.34096630859375,-0.2467893660068512,0.47265663743019104,-0.6730202436447144
1791022062533219800,44.3582197265625,-0.21991132199764252,0.14217877388000488,-0.69012451171875
1791022062550473500,44.37547338867188,-0.258395791053772,0.08659008145332336,-0.708450436592102
1791022062567727400,44.392727294921876,-0.2816086709499359,0.019394956529140472,-0.7102830410003662
1791022062584981000,44.40998095703125,-0.33658650517463684,-0.13759729266166687,-0.7750346660614014
1791022062602234600,44.42723461914063,-0.3744601011276245,-0.17608177661895752,-0.7597630620002747
1791022062619488300,44.44448828125,-0.3970620930194855,-0.19135339558124542,-0.6076577305793762
1791022062636742100,44.4617421875,-0.3292561173439026,-0.12476912885904312,-0.6589703559875488
1791022062653995800,44.478995849609376,-0.360410213470459,-0.12782345712184906,-0.8776599764823914
1791022062671249400,44.49624951171875,-0.6359102129936218,-0.23533566296100616,-1.0383174419403076
1791022062688503300,44.51350341796875,-0.8967494964599609,0.11102467030286789,-1.2881611585617065
1791022062705757000,44.5307568359375,-1.1319323778152466,0.48243045806884766,-1.6021455526351929
1791022062723010600,44.54801049804688,-1.320078730583191,0.3321577310562134,-1.6033673286437988
1791022062740264200,44.56526416015625,-1.2370011806488037,0.17027856409549713,-1.215468168258667
1791022062757518000,44.58251806640625,-1.1728603839874268,-0.0746782198548317,-1.2637264728546143
1791022062774771700,44.59977172851563,-1.1508692502975464,-0.0850629210472107,-1.3180934190750122
1791022062792025300,44.617025390625,-1.082452416419983,-0.37400195002555847,-1.187368392944336
1791022062809279200,44.634279296875,-0.9523382186889648,-0.800385594367981,-1.1818705797195435
1791022062826532900,44.651532958984376,-0.8784235715866089,-0.9995275139808655,-1.1446079015731812
1791022062843786500,44.66878637695312,-0.8533781170845032,-0.9805907011032104,-1.4665336608886719
1791022062861040000,44.6860400390625,-0.7935133576393127,-1.0135773420333862,-1.6192498207092285
1791022062878294000,44.7032939453125,-0.7360920310020447,-0.9512691497802734,-1.5209006071090698
1791022062895547600,44.72054760742188,-0.7745765447616577,-1.0123556852340698,-1.3675734996795654
1791022062912801300,44.73780126953125,-0.7751874327659607,-1.0257946252822876,-1.302211046218872
1791022062930055000,44.75505493164062,-0.6792816519737244,-0.7368556261062622,-1.66934072971344
1791022062947308800,44.77230883789063,-0.5962040424346924,-0.8162680864334106,-1.7047709226608276
1791022062964562400,44.7895625,-0.6389645338058472,-0.8761327862739563,-1.5050181150436401
1791022062981816000,44.80681616210938,-0.7257073521614075,-0.5383245944976807,-1.409723162651062
1791022062999070000,44.824070068359376,-0.6841685771942139,-0.605519711971283,-1.3394737243652344
1791022063016323600,44.84132348632812,-0.6041452884674072,-0.2603811025619507,-1.6278018951416016
1791022063033577200,44.8585771484375,-0.6633991599082947,0.02367101050913334,-1.4078905582427979
1791022063050831000,44.8758310546875,-0.6725621223449707,-0.0539088174700737,-0.9949460029602051
1791022063068084700,44.89308471679688,-0.6450732350349426,-0.1815795600414276,-0.9259182810783386
1791022063085338400,44.91033837890625,-0.6041452884674072,-0.38988444209098816,-0.5954404473304749
1791022063102592000,44.92759204101562,-0.5180133581161499,0.04260781779885292,-0.5227475166320801
1791022063119846000,44.94484594726563,-0.42821621894836426,-0.47296205163002014,-0.08231402933597565
1791022063137099500,44.962099609375,-0.5039634704589844,0.1562286615371704,-0.23197589814662933
1791022063154353200,44.97935327148438,-0.5619956254959106,0.17821979522705078,-0.03894263133406639
1791022063171606800,44.996606689453124,-0.4098902642726898,0.10674861818552017,0.19685117900371552
1791022063188860700,45.01386059570312,-0.318871408700943,0.3572031855583191,0.3098611533641815
1791022063206114300,45.0311142578125,-0.14660754799842834,0.21914774179458618,0.5450441241264343
1791022063223368000,45.04836791992187,-0.06230820715427399,0.32910341024398804,0.43631017208099365
1791022063240621600,45.06562158203125,-0.04581485688686371,0.41157013177871704,0.42531460523605347
1791022063257875500,45.08287548828125,0.15638138353824615,0.45616328716278076,0.633619487285614
1791022063275129000,45.10012915039062,0.27488914132118225,0.6357575058937073,0.7246383428573608
1791022063292382700,45.1173828125,0.3231474757194519,1.0584759712219238,0.7771727442741394
1791022063309636400,45.13463623046875,0.3787361681461334,0.7793107628822327,0.9665408134460449
1791022063326890200,45.15189013671875,0.5131264328956604,0.6766854524612427,1.1082614660263062
1791022063344144000,45.169143798828124,0.5815432667732239,0.58749920129776,1.190117359161377
1791022063361397500,45.1863974609375,0.7055488228797913,0.763428270816803,1.2512037754058838
1791022063378651100,45.203651123046875,0.861319363117218,0.7310523986816406,1.3379465341567993
1791022063395905000,45.22090502929687,0.9847140312194824,0.8074105381965637,1.5456405878067017
1791022063413158700,45.23815869140625,1.0458004474639893,0.9888373613357544,1.697135090827942
1791022063430412300,45.255412353515624,1.0213658809661865,0.9405790567398071,1.835801362991333
1791022063447666200,45.27266625976562,0.9010255336761475,0.8672752976417542,1.9347615242004395
1791022063464919800,45.289919921875,0.8075632452964783,0.7200568318367004,2.0245585441589355
1791022063482173400,45.30717333984375,0.8093958497047424,0.5575668215751648,2.1271839141845703
1791022063499427000,45.324427001953126,0.8747583627700806,0.37430739402770996,2.0208933353424072
1791022063516681000,45.341680908203124,0.9089667797088623,0.258853942155838,1.7838778495788574
1791022063533934600,45.3589345703125,0.8991929292678833,0.056657709181308746,1.7368413209915161
1791022063551188200,45.376188232421875,0.8637627959251404,-0.04657844081521034,1.7624976634979248
1791022063568442000,45.39344213867187,0.943175196647644,0.06643154472112656,1.7930408716201782
1791022063585695700,45.41069580078125,1.035415768623352,0.2234237939119339,1.808923363685608
1791022063602949400,45.42794946289062,1.0885610580444336,0.4292852282524109,1.7179044485092163
1791022063620203000,45.445203125,0.998763918876648,0.928972601890564,1.422245979309082
1791022063637457000,45.462456787109375,1.065959095954895,0.772591233253479,1.338557481765747
1791022063654710500,45.47971044921875,1.2834268808364868,0.13362666964530945,1.1180353164672852
1791022063671964200,45.496964111328126,1.2815942764282227,-0.29336780309677124,0.8852958083152771
1791022063689217800,45.5142177734375,0.953559935092926,-0.29886558651924133,0.6806560754776001
1791022063706471700,45.5314716796875,0.6743947267532349,-0.017867794260382652,0.5988001823425293
1791022063723725300,45.548725341796874,0.7880155444145203,0.04199695214629173,0.6672170758247375
1791022063740979000,45.56597900390625,0.8912517428398132,-0.005039634648710489,0.4967857897281647
1791022063758232600,45.583232666015626,0.8142827749252319,0.2075413018465042,0.356286883354187
1791022063775486500,45.60048657226562,0.6194168925285339,0.14889828860759735,0.2652680277824402
1791022063792740000,45.61773999023438,0.35246896743774414,0.06765327602624893,0.29214608669281006
1791022063809993700,45.63499365234375,0.047036588191986084,-0.005650499369949102,0.30253079533576965
1791022063827247400,45.65224731445313,-0.11178825795650482,-0.1925751268863678,0.16447533667087555
1791022063844501200,45.669501220703125,-0.16554436087608337,-0.07589995115995407,0.13881902396678925
1791022063861755000,45.6867548828125,-0.2510654330253601,-0.2903134822845459,0.036193739622831345
1791022063879008500,45.70400854492188,-0.24251331388950348,-0.2530507445335388,-0.07192932814359665
1791022063896262100,45.72126220703125,-0.1545487940311432,-0.0025961752980947495,-0.1256854236125946
1791022063913516000,45.73851611328125,-0.08613193035125732,0.07803797721862793,-0.16905683279037476
1791022063930769700,45.755769775390625,-0.03176496922969818,0.09147699922323227,-0.2032652497291565
1791022063948023300,45.77302319335938,-0.07513637095689774,0.07070759683847427,-0.2441931962966919
1791022063965277000,45.79027685546875,-0.23335035145282745,-0.06551524996757507,-0.42745262384414673
1791022063982530600,45.80753051757812,-0.32681265473365784,0.11591159552335739,-0.670576810836792
1791022063999784400,45.82478442382813,-0.4355465769767761,0.3675878942012787,-0.8239038586616516
1791022064017038000,45.8420380859375,-0.4990765154361725,0.5520690679550171,-0.7713695168495178
1791022064034291700,45.85929174804688,-0.40805765986442566,0.5154171586036682,-0.567951500415802
1791022064051545600,45.876545654296876,-0.3439168632030487,0.014508038759231567,-0.6834049820899963
1791022064068799200,45.89379931640625,-0.43371400237083435,-0.3568977415561676,-0.8703296184539795
1791022064086052900,45.91105297851563,-0.6652317643165588,-0.30863943696022034,-0.9564615488052368
1791022064103306500,45.92830639648437,-0.7977893948554993,-0.04841103404760361,-0.9992220401763916
1791022064120560400,45.94556030273438,-0.8252783417701721,-0.11194097250699997,-0.9753983616828918
1791022064137814000,45.96281396484375,-0.9120211005210876,-0.5309942364692688,-1.0370956659317017
1791022064155067600,45.98006762695312,-1.0036507844924927,-0.5438223481178284,-1.3119847774505615
1791022064172321300,45.9973212890625,-1.0684025287628174,-0.37461283802986145,-1.4818052053451538
1791022064189575000,46.01457495117187,-1.0164790153503418,-0.5248855352401733,-1.4048362970352173
1791022064206828800,46.03182885742188,-0.8955277800559998,-0.5682569742202759,-1.282663345336914
1791022064224082400,46.04908251953125,-0.8845322132110596,-0.3917170464992523,-1.366351842880249
1791022064241336000,46.06633618164062,-0.9853248596191406,-0.45646870136260986,-1.5697697401046753
1791022064258590000,46.08358984375,-1.0036507844924927,-0.6659952998161316,-1.5074615478515625
1791022064275843600,46.10084350585937,-0.9859357476234436,-0.44180795550346375,-1.5544981956481934
1791022064293097200,46.11809716796875,-1.025641918182373,-0.46257734298706055,-1.670562505722046
1791022064310350800,46.135350830078124,-1.073289394378662,-0.5297724604606628,-1.651014804840088
1791022064327604500,46.1526044921875,-1.0610721111297607,-0.6776017546653748,-1.6100867986679077
1791022064344858400,46.1698583984375,-0.9327905178070068,-0.6159043908119202,-1.486692190170288
1791022064362112000,46.18711206054687,-0.7470875978469849,-0.7838922142982483,-1.457370638847351
1791022064379365600,46.20436572265625,-0.6420188546180725,-1.1449133157730103,-1.2973240613937378
1791022064396619300,46.221619384765624,-0.5503891706466675,-0.9726494550704956,-1.3242021799087524
1791022064413873200,46.238873046875,-0.5149590373039246,-0.7948877811431885,-1.363908290863037
1791022064431126800,46.256126708984375,-0.49541133642196655,-0.7093667387962341,-1.216689944267273
1791022064448380400,46.27338037109375,-0.5204567909240723,-0.5157225728034973,-1.1940879821777344
1791022064465634000,46.290634033203126,-0.56382817029953,-0.5377137064933777,-1.029765248298645
1791022064482888000,46.307887939453124,-0.48013970255851746,-0.4179842174053192,-0.985783040523529
1791022064500141600,46.3251416015625,-0.4001164436340332,-0.531605064868927,-0.8807142972946167
1791022064517395200,46.342395263671875,-0.39889469742774963,-0.6262891292572021,-0.6546943187713623
1791022064534648800,46.35964892578125,-0.33597561717033386,-0.39538222551345825,-0.6101012229919434
1791022064551902700,46.37690283203125,-0.25411975383758545,0.12202023714780807,-0.5612320303916931
1791022064569156400,46.39415625,-0.12217295914888382,0.33887723088264465,-0.3462076187133789
1791022064586410000,46.41140991210938,-0.02626718580722809,0.495258629322052,-0.33460119366645813
1791022064603663600,46.42866357421875,-0.001221729558892548,0.45799586176872253,-0.04199695214629173
1791022064620917500,46.44591748046875,0.07819069176912308,0.2948949635028839,0.1571449637413025
1791022064638171100,46.463171142578126,0.13133592903614044,0.5477929711341858,0.2646571695804596
1791022064655424800,46.4804248046875,0.17776164412498474,0.5300779342651367,0.47235119342803955
1791022064672678400,46.49767846679688,0.29077163338661194,0.5429060459136963,0.6391173005104065
1791022064689932300,46.514932373046875,0.34086254239082336,0.6094903349876404,0.7148644924163818
1791022064707186000,46.53218603515625,0.3390299379825592,0.43600472807884216,0.8510873317718506
1791022064724439600,46.549439453125,0.40378162264823914,0.5746710300445557,0.8675807118415833
1791022064741693200,46.56669311523437,0.5027416944503784,0.7017309069633484,0.8675807118415833
1791022064758946800,46.58394677734375,0.555276095867157,0.7780889868736267,0.939662754535675
1791022064776200700,46.60120068359375,0.7342594861984253,0.9075923562049866,1.1045962572097778
1791022064793454300,46.61845434570313,0.9193515181541443,0.69012451171875,1.3293944597244263
1791022064810708000,46.6357080078125,0.9230166673660278,0.6314814686775208,1.3666572570800781
1791022064827961900,46.6529619140625,0.8503237962722778,0.7316632866859436,1.310457706451416
1791022064845215200,46.67021533203125,0.8924734592437744,0.7041743993759155,1.3446661233901978
1791022064862469000,46.68746923828125,1.0775654315948486,0.8092431426048279,1.4417935609817505
1791022064879722800,46.70472265625,1.1924080848693848,0.7903063297271729,1.5914554595947266
1791022064896976400,46.721976318359374,1.2651009559631348,0.7481566667556763,1.6458224058151245
1791022064914230000,46.73922998046875,1.3066397905349731,0.8868229389190674,1.605505347251892
1791022064931484000,46.75648388671875,1.2095122337341309,0.7615956664085388,1.6488767862319946
1791022064948737500,46.77373754882812,1.2699878215789795,0.5184714794158936,1.7331761121749878
1791022064965991200,46.7909912109375,1.18446683883667,0.3633118271827698,1.7936517000198364
1791022064983244800,46.808244873046874,1.1233803033828735,0.3993528485298157,1.65987229347229
1791022065000498400,46.82549853515625,1.1252129077911377,0.3773617148399353,1.4595086574554443
1791022065017752300,46.84275244140625,1.1826342344284058,0.2851211428642273,1.325729250907898
1791022065035006000,46.860005859375,1.2003493309020996,0.1360701322555542,1.3019055128097534
1791022065052259600,46.877259521484376,1.2773182392120361,0.021838415414094925,1.3324488401412964
1791022065069513200,46.89451318359375,1.4483604431152344,0.1409570425748825,1.2768601179122925
1791022065086767000,46.91176708984375,1.4569125175476074,0.1207985132932663,1.215162754058838
1791022065104020700,46.929020751953125,1.158199667930603,0.054214250296354294,0.9976949095726013
1791022065121274400,46.9462744140625,0.7880155444145203,-0.05451968312263489,0.7875574231147766
1791022065138528000,46.963528076171876,0.6627882719039917,-0.28237223625183105,0.6073523163795471
1791022065155782000,46.980781982421874,0.564439058303833,-0.21456626057624817,0.5566505193710327
1791022065173035500,46.99803540039063,0.3133736252784729,-0.2084576040506363,0.44730573892593384
1791022065190289200,47.0152890625,0.18814635276794434,-0.05757400393486023,0.20906847715377808
1791022065207542800,47.03254272460938,0.1692095398902893,0.016340631991624832,0.17058399319648743
1791022065224796400,47.04979638671875,0.1893680840730667,-0.21029019355773926,0.19624030590057373
1791022065242050000,47.06705004882812,0.21502439677715302,-0.23472478985786438,0.12354740500450134
1791022065259304000,47.08430395507813,0.1490510106086731,-0.18096868693828583,-0.018173227086663246
1791022065276557600,47.1015576171875,0.0054977829568088055,-0.2909243404865265,-0.19837833940982819
1791022065293811200,47.11881127929688,-0.24373504519462585,0.00045814859913662076,-0.21975859999656677
1791022065311064800,47.13606494140625,-0.47586366534233093,0.09269873052835464,-0.2845102846622467
1791022065328318700,47.15331860351562,-0.38850998878479004,0.4030180275440216,-0.3584249019622803
1791022065345572400,47.170572265625,-0.3023780584335327,0.3620901107788086,-0.393244206905365
1791022065362826000,47.18782592773437,-0.3225366175174713,0.0010690133785828948,-0.5526798963546753
1791022065380079600,47.20507958984375,-0.2926042377948761,0.027336198836565018,-0.514195442199707
1791022065397333200,47.222333251953124,-0.17592905461788177,-0.02764163166284561,-0.4897608458995819
1791022065414587100,47.23958715820312,-0.19242240488529205,-0.10216713696718216,-0.4757109582424164
1791022065431840800,47.2568408203125,-0.2675587832927704,-0.07895427197217941,-0.4958694875240326
1791022065449094400,47.27409448242187,-0.37323838472366333,-0.10766492038965225,-0.7310523986816406
1791022065466348000,47.29134814453125,-0.5479456782341003,-0.036193739622831345,-0.8684970140457153
1791022065483601700,47.3086015625,-0.6908880472183228,-0.020922118797898293,-0.6620246767997742
1791022065500855300,47.32585522460938,-0.6921098232269287,-0.2188423126935959,-0.6241511106491089
1791022065518109200,47.343109130859375,-0.7434224486351013,-0.35995206236839294,-0.883768618106842
1791022065535362800,47.36036279296875,-0.9896009564399719,-0.13209950923919678,-1.2771655321121216
1791022065552616400,47.377616455078126,-1.2699878215789795,0.01695149764418602,-1.5465569496154785
1791022065569870300,47.394870361328124,-1.2467750310897827,0.047494735568761826,-1.4420989751815796
1791022065587124000,47.4121240234375,-1.1209368705749512,-0.0691804364323616,-1.3504693508148193
1791022065604377600,47.429377685546875,-1.0390809774398804,-0.13759729266166687,-1.2386810779571533
1791022065621631200,47.44663134765625,-0.9944878816604614,-0.33001968264579773,-1.297934889793396
1791022065638884900,47.463884765625,-0.9468404054641724,-0.5865828990936279,-1.1995856761932373
1791022065656138500,47.48113842773437,-0.8723149299621582,-0.9250019788742065,-0.9540180563926697
1791022065673392400,47.49839233398438,-0.84177166223526,-1.1131483316421509,-1.0713040828704834
1791022065690646000,47.51564599609375,-0.8466585874557495,-1.2066106796264648,-1.2423462867736816
1791022065707899600,47.53289965820313,-0.8637627959251404,-1.2414299249649048,-1.3413063287734985
1791022065725153300,47.5501533203125,-0.841160774230957,-1.1962260007858276,-1.4036145210266113
1791022065742407000,47.56740698242187,-0.778241753578186,-1.0496183633804321,-1.3687952756881714
1791022065759660800,47.58466088867188,-0.7189878225326538,-1.0428988933563232,-1.3858994245529175
1791022065776914400,47.60191455078125,-0.8203914165496826,-0.8553634285926819,-1.5007420778274536
1791022065794168000,47.61916796875,-0.9321796298027039,-0.8614720702171326,-1.6412409543991089
1791022065811421700,47.636421630859374,-1.0225876569747925,-0.837648332118988,-1.6381865739822388
1791022065828675300,47.65367529296875,-0.9938769936561584,-0.7521272301673889,-1.594204306602478
1791022065845929200,47.67092919921875,-0.8686497211456299,-0.407599538564682,-1.6522364616394043
1791022065863182800,47.68818286132812,-0.8020654320716858,-0.15775582194328308,-1.6479604244232178
1791022065880436500,47.7054365234375,-0.6768381595611572,-0.14798198640346527,-1.143997073173523
1791022065897690000,47.722690185546874,-0.44959646463394165,0.17394374310970306,-1.1586577892303467
1791022065914943700,47.73994384765625,-0.33047783374786377,0.12690715491771698,-0.9399681687355042
1791022065932197600,47.75719775390625,-0.2419024556875229,0.2649625837802887,-0.7420479655265808
1791022065949451300,47.774451171875,-0.04459312930703163,0.125074565410614,-0.4787652790546417
1791022065966705000,47.791704833984376,0.15577052533626556,0.4610501825809479,-0.3174969553947449
1791022065983958500,47.80895849609375,0.1594357043504715,0.5007563829421997,-0.18493930995464325
1791022066001212400,47.82621240234375,0.11728604137897491,0.14950916171073914,0.12843431532382965
1791022066018466000,47.843466064453125,0.027488915249705315,0.14462223649024963,0.2842048406600952
1791022066035719700,47.8607197265625,-0.04459312930703163,0.0487164668738842,0.4430296719074249
1791022066052973300,47.877973388671876,0.04276053607463837,0.2643517255783081,0.5780308246612549
1791022066070227000,47.89522705078125,0.10018182545900345,0.5196931958198547,0.7600684762001038
1791022066087480600,47.91248046875,0.08979712426662445,0.5086976289749146,0.9048434495925903
1791022066104734500,47.929734375,0.07513637095689774,0.7176133990287781,0.984866738319397
1791022066121988000,47.94698803710938,0.10201441496610641,0.6968439817428589,1.0807725191116333
1791022066139241700,47.96424169921875,0.17287473380565643,0.6235402226448059,1.213940978050232
1791022066156495400,47.98149536132812,0.2889390289783478,0.7744238376617432,1.2970186471939087
1791022066173749200,47.99874926757813,0.3860665261745453,0.7316632866859436,1.409417748451233
1791022066191003000,48.0160029296875,0.4789179861545563,0.6412553191184998,1.5065453052520752
1791022066208256500,48.03325659179688,0.5803215503692627,0.6003273725509644,1.5633556842803955
1791022066225510100,48.05051025390625,0.7434224486351013,0.38469210267066956,1.6354377269744873
1791022066242763800,48.067763671875,0.9053016304969788,0.08842267841100693,1.727067470550537
1791022066260017400,48.085017333984375,1.000596523284912,0.38102689385414124,1.7643301486968994
1791022066277271000,48.10227099609375,0.9401208758354187,0.753043532371521,1.7710497379302979
1791022066294525000,48.11952490234375,0.9712749719619751,0.9130901098251343,1.7808235883712769
1791022066311778600,48.136778564453124,1.0830632448196411,0.8226821422576904,1.753334641456604
1791022066329032200,48.1540322265625,1.2174534797668457,0.855668842792511,1.7741039991378784
1791022066346285800,48.171285888671875,1.395825982093811,1.0138828754425049,1.82724928855896
1791022066363539700,48.18853979492187,1.4355322122573853,0.9014837145805359,1.9017747640609741
1791022066380793300,48.20579345703125,1.3988803625106812,0.8135191798210144,1.8156428337097168
1791022066398047000,48.223046875,1.3652827739715576,0.45249807834625244,1.542586326599121
1791022066415300600,48.24030053710938,1.3249657154083252,0.2680169343948364,1.2359321117401123
1791022066432554200,48.25755419921875,1.2186752557754517,0.05543597787618637,1.121700406074524
1791022066449808000,48.27480786132813,1.1710277795791626,-0.016646064817905426,1.0893245935440063
1791022066467061800,48.292061767578126,1.1380411386489868,0.18005239963531494,1.075885534286499
1791022066484315400,48.3093154296875,1.1954623460769653,0.0743727833032608,1.0655008554458618
1791022066501569000,48.32656909179688,1.1490366458892822,-0.055741410702466965,0.9628756046295166
1791022066518822700,48.34382275390625,0.8539889454841614,-0.036193739622831345,0.8260418772697449
1791022066536076300,48.361076171875,0.6969966888427734,0.10063996911048889,0.6537780165672302
1791022066553330000,48.378329833984374,0.6004800796508789,0.09880737960338593,0.46685341000556946
1791022066570583800,48.39558374023437,0.3787361681461334,-0.162031888961792,0.38499751687049866
1791022066587837400,48.41283740234375,0.2663370370864868,-0.29336780309677124,0.3092502951622009
1791022066605091000,48.43009106445312,0.2309068888425827,-0.21212279796600342,0.29764387011528015
1791022066622344700,48.4473447265625,0.23457208275794983,-0.017867794260382652,0.25671592354774475
1791022066639598300,48.464598388671874,0.24251331388950348,0.05177079141139984,0.0850629210472107
1791022066656852000,48.48185205078125,0.15149445831775665,-0.036804601550102234,-0.05787943676114082
1791022066674105900,48.49910595703125,0.053145237267017365,-0.22006404399871826,-0.18493930995464325
1791022066691359500,48.516359375,-0.014049889519810677,-0.10766492038965225,-0.3119991719722748
1791022066708613000,48.533613037109376,-0.05253437161445618,-0.10155627131462097,-0.43661558628082275
1791022066725866800,48.55086669921875,-0.08063415437936783,0.031612250953912735,-0.49403688311576843
1791022066743120400,48.56812036132813,-0.11423171311616898,0.07620538026094437,-0.4433351159095764
1791022066760374300,48.585374267578125,-0.07819069176912308,0.01695149764418602,-0.35414886474609375
1791022066777628000,48.6026279296875,0.06047561392188072,0.08659008145332336,-0.39141160249710083
1791022066794881500,48.619881591796876,0.09896009415388107,0.040775224566459656,-0.5954404473304749
1791022066812135200,48.63713525390625,0.017104214057326317,0.03711003437638283,-0.7597630620002747
1791022066829388800,48.65438891601563,-0.18264856934547424,0.2582430839538574,-0.7878628373146057
1791022066846642400,48.67164233398437,-0.5253437161445618,0.42745262384414673,-0.7933606505393982
1791022066863896300,48.68889624023438,-0.749531090259552,0.6858484148979187,-0.8294016718864441
1791022066881150000,48.70614990234375,-0.8344413042068481,0.5795579552650452,-0.9106466770172119
1791022066898403600,48.72340356445312,-0.8222240209579468,0.33337944746017456,-1.0077741146087646
1791022066915657200,48.7406572265625,-0.7910698652267456,0.11835505068302155,-1.126281976699829
1791022066932910800,48.75791088867187,-0.7825177907943726,-0.2292270064353943,-1.2270746231079102
1791022066950164500,48.77516455078125,-0.7049379348754883,-0.3422369956970215,-1.167820692062378
1791022066967418000,48.792418212890624,-0.7574723362922668,-0.3214675784111023,-1.1690424680709839
1791022066984672000,48.80967211914062,-0.8692606091499329,-0.4442514181137085,-1.308930516242981
1791022067001925600,48.826925537109375,-0.9291253089904785,-0.397825688123703,-1.2649482488632202
1791022067019179300,48.84417919921875,-1.000596523284912,-0.5242747068405151,-1.365130066871643
1791022067036433000,48.861432861328126,-1.0409135818481445,-0.687986433506012,-1.3248130083084106
1791022067053686500,48.8786865234375,-1.0054833889007568,-1.2377647161483765,-1.0926843881607056
1791022067070940400,48.8959404296875,-1.0244202613830566,-1.2340996265411377,-1.4726423025131226
1791022067088194000,48.913194091796875,-0.9560033679008484,-0.6134609580039978,-1.866650104522705
1791022067105447700,48.93044775390625,-0.9089667797088623,-0.43020153045654297,-1.7383683919906616
1791022067122701300,48.947701416015626,-0.8142827749252319,-1.0667226314544678,-1.3920080661773682
1791022067139955000,48.96495483398437,-0.8161153197288513,-1.068555235862732,-1.3303108215332031
1791022067157208600,48.98220849609375,-0.8558215498924255,-0.5676460862159729,-1.6937752962112427
1791022067174462500,48.99946240234375,-0.8759800791740417,-0.9598212838172913,-1.4384338855743408
1791022067191716000,49.01671606445313,-0.8307760953903198,-0.8590285778045654,-1.3229804039001465
1791022067208969700,49.0339697265625,-0.8399390578269958,-0.7038689255714417,-1.5428917407989502
1791022067226223400,49.05122338867187,-0.8943060636520386,-1.0288490056991577,-1.4121665954589844
1791022067243477000,49.06847705078125,-0.8912517428398132,-0.6611084342002869,-1.4781399965286255
1791022067260730600,49.08573071289062,-0.9211840629577637,-0.5004509687423706,-1.566104531288147
1791022067277984300,49.102984375,-0.9511164426803589,-0.39110618829727173,-1.4427099227905273
1791022067295238100,49.120238037109374,-0.9602794051170349,-0.2799287736415863,-1.2967132329940796
1791022067312491800,49.13749169921875,-0.8014546036720276,-0.3153589367866516,-0.9839504361152649
1791022067329745400,49.154745361328125,-0.6023126840591431,0.25213444232940674,-1.022434949874878
1791022067346999000,49.1719990234375,-0.39278605580329895,-0.31780239939689636,-0.49342602491378784
1791022067364252700,49.189252685546876,-0.24862197041511536,-0.22128576040267944,-0.37552911043167114
1791022067381506300,49.20650634765625,-0.205861434340477,-0.01359174121171236,-0.2655734717845917
1791022067398760200,49.22376025390625,-0.05192350596189499,0.019394956529140472,-0.04566214233636856
1791022067416013800,49.241013916015625,0.08124501258134842,0.46288278698921204,-0.03894263133406639
1791022067433267500,49.25826733398438,0.14477495849132538,0.21975859999656677,0.3196350038051605
1791022067450521000,49.27552099609375,0.277332603931427,0.43722647428512573,0.4894554018974304
1791022067467774700,49.29277465820312,0.15515965223312378,0.9918916821479797,0.4436405599117279
1791022067485028400,49.3100283203125,0.15515965223312378,0.7304415702819824,0.6953168511390686
1791022067502282000,49.32728198242187,0.3182605504989624,0.9729548692703247,0.7509055137634277
1791022067519535900,49.34453588867188,0.3127627670764923,0.9014837145805359,0.9158390164375305
1791022067536789500,49.36178955078125,0.3549124300479889,1.1488839387893677,1.0355684757232666
1791022067554043100,49.37904321289062,0.4355465769767761,1.2032508850097656,1.1669044494628906
1791022067571296800,49.396296875,0.48930269479751587,0.8697187304496765,1.4118611812591553
1791022067588550400,49.41355029296875,0.6389645338058472,0.836732029914856,1.5242602825164795
1791022067605804300,49.43080419921875,0.7373138070106506,0.7768672704696655,1.5340341329574585
1791022067623058000,49.448057861328124,0.6860011219978333,0.6339249014854431,1.6213878393173218
1791022067640311600,49.4653115234375,0.6792816519737244,0.6491965651512146,1.6262747049331665
1791022067657565200,49.482565185546875,0.7360920310020447,0.2955058515071869,1.7954843044281006
1791022067674818800,49.49981884765625,0.7898481488227844,-0.19074252247810364,1.9317071437835693
1791022067692072400,49.517072509765626,0.7971785664558411,-0.058795735239982605,1.939037561416626
1791022067709326000,49.534326171875,0.8558215498924255,0.3052796721458435,1.9341505765914917
1791022067726580000,49.551580078125,0.9498947262763977,0.6223185062408447,1.9433135986328125
1791022067743833600,49.56883349609375,1.061682939529419,1.0377064943313599,1.8938335180282593
1791022067761087200,49.58608715820313,1.0836740732192993,1.0651954412460327,1.8791728019714355
1791022067778340900,49.6033408203125,1.321911334991455,1.04076087474823,1.8950552940368652
1791022067795594500,49.62059448242187,1.3176352977752686,1.1946988105773926,1.7686063051223755
1791022067812848000,49.63784814453125,1.2345577478408813,0.9350812435150146,1.4711151123046875
1791022067830101800,49.65510180664062,1.2070688009262085,0.6180424690246582,1.1131483316421509
1791022067847355600,49.67235571289063,1.2418880462646484,0.2698495090007782,0.7557924389839172
1791022067864609300,49.689609375,1.4617993831634521,-0.008704823441803455,0.6861538887023926
1791022067881863000,49.70686279296875,1.5656464099884033,-0.008704823441803455,0.9335541129112244
1791022067899116500,49.724116455078125,1.4758492708206177,-0.12965604662895203,1.0795507431030273
1791022067916370200,49.7413701171875,1.2180644273757935,-0.1357647031545639,1.1265873908996582
1791022067933623800,49.758623779296876,0.8820887207984924,-0.2597702443599701,1.021518588066101
1791022067950877400,49.77587744140625,0.6792816519737244,-0.5377137064933777,0.8889609575271606
1791022067968131300,49.79313134765625,0.6420188546180725,-0.5743656158447266,0.838259220123291
1791022067985385000,49.810385009765625,0.545502245426178,-0.31230461597442627,0.652556300163269
1791022068002638600,49.827638671875,0.29565855860710144,-0.3000873327255249,0.47845983505249023
1791022068019892200,49.844892333984376,0.07880155742168427,-0.3966039717197418,0.4021017551422119
1791022068037145900,49.86214575195312,0.0824667438864708,-0.3929387629032135,0.26099199056625366
1791022068054399500,49.8793994140625,0.14294235408306122,-0.33307403326034546,0.08811724185943604
1791022068071653000,49.89665307617187,0.03481929376721382,-0.39599308371543884,-0.18127411603927612
1791022068088907000,49.91390698242188,-0.13011419773101807,-0.16569706797599792,-0.3523162603378296
1791022068106160600,49.93116064453125,-0.31642794609069824,-0.012370011769235134,-0.5086976289749146
1791022068123414300,49.94841430664062,-0.26878049969673157,0.30283620953559875,-0.6327031850814819
1791022068140668000,49.96566796875,-0.10690133273601532,0.34987279772758484,-0.651029109954834
1791022068157921500,49.98292163085937,-0.07513637095689774,0.08231402933597565,-0.7053961157798767
1791022068175175200,50.000175048828126,-0.043982263654470444,-0.14798198640346527,-0.7353284955024719
1791022068192428800,50.0174287109375,0.06475166976451874,-0.1565341055393219,-0.5740602016448975
1791022068209682400,50.03468237304688,0.22357651591300964,0.06826414167881012,-0.425009161233902
1791022068226936300,50.051936279296875,0.22235478460788727,0.15439607203006744,-0.4915934205055237
1791022068244190000,50.06918994140625,-0.07330377399921417,0.12690715491771698,-0.5954404473304749
1791022068261443600,50.086443603515626,-0.4471530318260193,-0.005039634648710489,-0.6779071688652039
1791022068278697200,50.103697265625,-0.750141978263855,-0.009315688163042068,-0.8165735006332397
1791022068295950800,50.12095092773438,-1.0286962985992432,-0.014202605932950974,-0.9747874736785889
1791022068313204500,50.13820458984375,-1.1698060035705566,-0.09911280870437622,-0.9613484740257263
1791022068330458000,50.1554580078125,-1.2241730690002441,-0.08384118974208832,-0.8953750729560852
1791022068347712000,50.1727119140625,-1.1985167264938354,-0.0025961752980947495,-0.966846227645874
1791022068364965600,50.18996557617187,-1.0555742979049683,0.13423752784729004,-0.9027054309844971
1791022068382219300,50.20721923828125,-0.9236275553703308,0.0639880821108818,-0.7872520089149475
1791022068399473000,50.22447290039062,-0.9896009564399719,-0.23472478985786438,-0.7011200785636902
1791022068416726500,50.2417265625,-1.156977891921997,-0.4754055142402649,-0.6925679445266724
1791022068433980200,50.258980224609374,-1.284037709236145,-0.7460185885429382,-0.938746452331543
1791022068451233800,50.27623388671875,-1.2877029180526733,-1.1223113536834717,-1.0719150304794312
1791022068468487700,50.29348779296875,-1.1545344591140747,-1.1998910903930664,-1.0792453289031982
1791022068485741300,50.3107412109375,-1.035415768623352,-1.047785758972168,-1.3016000986099243
1791022068502995000,50.327994873046876,-0.9236275553703308,-1.162017583847046,-1.4133883714675903
1791022068520248600,50.34524853515625,-0.8387173414230347,-1.0459532737731934,-1.6296344995498657
1791022068537502200,50.36250219726563,-0.8381064534187317,-0.6678279042243958,-2.0071489810943604
1791022068554755800,50.379755859375,-0.9199623465538025,-0.5884155035018921,-2.0334160327911377
1791022068572009500,50.39700952148438,-0.9334014058113098,-0.5487092733383179,-1.9246822595596313
1791022068589263000,50.41426318359375,-0.9462295174598694,-0.3782780170440674,-1.9796600341796875
1791022068606517000,50.43151708984375,-0.9505056142807007,-0.16569706797599792,-1.900247573852539
1791022068623770600,50.4487705078125,-0.8808670043945312,-0.2536616027355194,-1.6687299013137817
1791022068641024300,50.46602416992187,-0.8197805285453796,-0.15958842635154724,-1.5960369110107422
1791022068658278000,50.48327783203125,-0.8588758707046509,-0.08200860023498535,-1.4524837732315063
1791022068675531500,50.500531494140624,-0.916297197341919,0.09636391699314117,-1.374903917312622
1791022068692785200,50.51778515625,-0.8454368710517883,-0.3825540542602539,-1.04076087474823
1791022068710038800,50.535038818359375,-0.6725621223449707,-0.623845636844635,-0.6724094152450562
1791022068727292400,50.55229248046875,-0.45448338985443115,-0.5364919900894165,-0.6253728270530701
1791022068744546300,50.56954638671875,-0.18387030065059662,-0.6189587116241455,-0.24541492760181427
1791022068761800000,50.586800048828124,-0.0977383628487587,-0.27687445282936096,-0.24236060678958893
1791022068779053600,50.60405346679688,-0.09407317638397217,-0.09361502528190613,-0.16844595968723297
1791022068796307200,50.62130712890625,-0.14660754799842834,-0.07040216773748398,-0.005955931730568409
1791022068813560800,50.63856079101563,-0.11972949653863907,0.07742711156606674,0.19624030590057373
1791022068830814500,50.655814453125,-0.028099779039621353,0.3627009689807892,0.33307403326034546
1791022068848068000,50.67306811523437,0.007941242307424545,0.5221366882324219,0.3617846667766571
1791022068865321700,50.69032177734375,0.040317077189683914,0.8135191798210144,0.4045451879501343
1791022068882575600,50.70757568359375,0.10506874322891235,0.7481566667556763,0.5975784659385681
1791022068899829200,50.72482934570313,0.3298669755458832,0.7096721529960632,0.9512691497802734
1791022068917083000,50.742082763671874,0.5302306413650513,1.041982650756836,0.9909753799438477
1791022068934336500,50.75933642578125,0.48991355299949646,0.9253074526786804,1.049007534980774
1791022068951590100,50.776590087890625,0.5864301919937134,1.3834559917449951,1.0667226314544678
1791022068968843800,50.79384375,0.7354812026023865,1.0077741146087646,1.2469277381896973
1791022068986097400,50.811097412109376,0.8900299668312073,1.3871212005615234,1.4576760530471802
1791022069003351000,50.82835107421875,0.9407317638397217,1.4329360723495483,1.5462514162063599
1791022069020604700,50.84560473632813,0.9932661056518555,1.3064870834350586,1.7209588289260864
1791022069037858600,50.862858642578125,1.0012073516845703,1.087186574935913,1.8303035497665405
1791022069055112200,50.8801123046875,0.9480621218681335,0.938746452331543,1.842520833015442
1791022069072365800,50.89736572265625,0.943786084651947,0.8849903345108032,1.8266384601593018
1791022069089619500,50.91461938476562,0.9663881063461304,0.8324559926986694,1.742339015007019
1791022069106873000,50.931873046875,1.163697361946106,0.5251910090446472,1.686139464378357
1791022069124126700,50.94912670898437,1.4324779510498047,0.2136499583721161,1.7038545608520508
1791022069141380400,50.96638037109375,1.5821397304534912,0.057268574833869934,1.7777692079544067
1791022069158634000,50.983634033203124,1.6670500040054321,0.2075413018465042,1.7985386848449707
1791022069175888000,51.00088793945312,1.7208061218261719,0.34926193952560425,1.7832670211791992
1791022069193141500,51.0181416015625,1.8075488805770874,0.249690979719162,1.7588324546813965
1791022069210395100,51.03539501953125,1.7794491052627563,0.281455934047699,1.726456642150879
1791022069227648800,51.052648681640626,1.5070034265518188,0.2887863218784332,1.6531528234481812
1791022069244902400,51.06990234375,1.1465932130813599,0.2759581506252289,1.4491239786148071
1791022069262156000,51.08715600585938,0.9957095980644226,0.291229784488678,1.0679444074630737
1791022069279409700,51.10440966796875,0.8820887207984924,0.09758564829826355,0.7673988938331604
1791022069296663300,51.12166333007813,0.7458658814430237,0.6436987519264221,0.8443678617477417
1791022069313917000,51.1389169921875,0.8148936033248901,0.763428270816803,0.7918334603309631
1791022069331170600,51.15617065429687,0.972496747970581,0.2435823380947113,0.5059487819671631
1791022069348424400,51.17342456054688,0.9877683520317078,0.027947064489126205,0.40088000893592834
1791022069365678000,51.19067797851562,0.6682860851287842,0.31322091817855835,0.5120574235916138
1791022069382931700,51.207931640625,0.26511532068252563,0.16600249707698822,0.448527455329895
1791022069400185300,51.225185302734374,0.010995565913617611,0.12996147572994232,0.3605629503726959
1791022069417439000,51.24243896484375,0.07147117704153061,0.23136503994464874,0.20601414144039154
1791022069434692600,51.259692626953125,0.22296564280986786,0.18310672044754028,0.026419902220368385
1791022069451946200,51.2769462890625,0.29504770040512085,0.13484840095043182,-0.08597921580076218
1791022069469200100,51.2942001953125,0.2419024556875229,-0.0539088174700737,-0.2851211428642273
1791022069486453800,51.311453857421874,0.13500112295150757,-0.2597702443599701,-0.5129737257957458
1791022069503707400,51.32870727539063,-0.03298669680953026,-0.41492989659309387,-0.7334958910942078
1791022069520961000,51.3459609375,-0.1496618688106537,-0.4454731345176697,-0.9332486391067505
1791022069538214700,51.36321459960938,-0.2419024556875229,-0.3159697949886322,-1.0963495969772339
1791022069555468300,51.38046826171875,-0.4508182108402252,-0.13454297184944153,-1.0132719278335571
1791022069572722000,51.39772192382812,-0.7202095985412598,0.48670652508735657,-0.6436987519264221
1791022069589975600,51.4149755859375,-0.49113526940345764,0.9454659819602966,-0.4787652790546417
1791022069607229200,51.43222924804687,-0.24251331388950348,0.7756455540657043,-0.5557342171669006
1791022069624482800,51.44948291015625,-0.23029601573944092,0.2551887631416321,-0.6296488642692566
1791022069641736400,51.466736328125,-0.2003636509180069,-0.1815795600414276,-0.6821832656860352
1791022069658990300,51.483990234375,-0.09834922850131989,-0.48884454369544983,-0.7463240623474121
1791022069676244000,51.501243896484375,-0.017104214057326317,-0.7667880058288574,-0.782365083694458
1791022069693497600,51.51849755859375,-0.014660755172371864,-0.8956804871559143,-1.0432043075561523
1791022069710751200,51.535751220703126,-0.2577849328517914,-0.6091849207878113,-1.3852885961532593
1791022069728004900,51.5530048828125,-0.5778780579566956,-0.2536616027355194,-1.2673916816711426
1791022069745258500,51.57025854492188,-0.8521563410758972,-0.44119709730148315,-1.172096848487854
1791022069762512100,51.58751220703125,-1.061682939529419,-0.2750418782234192,-1.6229150295257568
1791022069779765800,51.60476586914063,-1.3640609979629517,-0.16508620977401733,-2.0883939266204834
1791022069797019400,51.622019287109374,-1.5149446725845337,-0.15042544901371002,-2.0132575035095215
1791022069814273000,51.63927294921875,-1.2614357471466064,0.044440411031246185,-1.6241366863250732
1791022069831526700,51.656526611328125,-1.1441497802734375,0.07681624591350555,-1.7230968475341797
1791022069848780500,51.67378051757812,-1.2455532550811768,-0.2023489624261856,-1.8073961734771729
1791022069866034200,51.6910341796875,-1.40559983253479,-0.4967857897281647,-1.5862630605697632
1791022069883287800,51.708287841796874,-1.3402373790740967,-0.8901826739311218,-1.4567598104476929
1791022069900541400,51.72554150390625,-1.081230640411377,-1.0630574226379395,-1.2661700248718262
1791022069917795000,51.742795166015625,-1.0067051649093628,-1.095433235168457,-1.3840668201446533
1791022069935048700,51.76004858398438,-1.0018181800842285,-1.3764311075210571,-1.2680025100708008
1791022069952302300,51.77730224609375,-1.1227694749832153,-1.188895583152771,-1.3150391578674316
1791022069969556000,51.79455590820312,-1.164919137954712,-1.089935541152954,-1.53983736038208
1791022069986809600,51.8118095703125,-1.1221586465835571,-0.9799798130989075,-1.4439315795898438
1791022070004063200,51.82906323242187,-1.0152572393417358,-0.5364919900894165,-1.6033673286437988
1791022070021316900,51.84631689453125,-0.8759800791740417,-0.22067490220069885,-1.560606837272644
1791022070038570800,51.86357080078125,-0.8741474747657776,-0.04780016839504242,-1.3229804039001465
1791022070055824400,51.88082446289062,-0.7458658814430237,-0.5462658405303955,-1.0218240022659302
1791022070073078000,51.898078125,-0.6994401812553406,-0.6788234710693359,-0.8434515595436096
1791022070090331600,51.91533154296875,-0.6181951761245728,-0.11927134543657303,-0.9900590777397156
1791022070107585300,51.93258520507813,-0.3903425931930542,-0.0435241162776947,-0.772591233253479
1791022070124839000,51.9498388671875,-0.19608759880065918,0.3572031855583191,-0.671187698841095
1791022070142092500,51.96709252929688,-0.17898337543010712,0.26190826296806335,-0.453719824552536
1791022070159346200,51.98434619140625,-0.16859868168830872,0.3920224606990814,-0.2331976294517517
1791022070176599800,52.00159985351563,-0.010384701192378998,0.42745262384414673,0.1259908676147461
1791022070193853400,52.018853515625,0.10506874322891235,0.5196931958198547,0.24022257328033447
1791022070211107000,52.03610717773437,0.17592905461788177,0.6601921319961548,0.2994764447212219
1791022070228361000,52.05336083984375,0.3445277214050293,0.5129737257957458,0.490677148103714
1791022070245614600,52.07061450195312,0.500298261642456,0.7805324792861938,0.4228711426258087
1791022070262868200,52.0878681640625,0.5375609993934631,0.6675224900245667,0.7722858190536499
1791022070280121900,52.105121826171874,0.6530144214630127,0.6284271478652954,0.8840740323066711
1791022070297375500,52.12237548828125,0.7006618976593018,0.5465712547302246,1.0386228561401367
1791022070314629000,52.139629150390626,0.6829468011856079,0.33948808908462524,1.131474256515503
1791022070331882800,52.1568828125,0.7116574645042419,0.41157013177871704,1.16079580783844
1791022070349136400,52.17413647460938,0.7959567904472351,0.4634936451911926,1.328783631324768
1791022070366390000,52.19139013671875,0.8558215498924255,0.6919570565223694,1.4234676361083984
1791022070383643600,52.2086435546875,0.9407317638397217,0.7707586288452148,1.4613412618637085
1791022070400897300,52.225897216796874,1.0060943365097046,0.7560978531837463,1.54930579662323
1791022070418151200,52.24315112304687,1.1050543785095215,0.8391754627227783,1.6617048978805542
1791022070435404800,52.26040478515625,1.1233803033828735,1.0034980773925781,1.686139464378357
1791022070452658400,52.27765844726562,1.1209368705749512,1.0511455535888672,1.7148501873016357
1791022070469912000,52.294912109375,1.2046253681182861,1.0083850622177124,1.8052581548690796
1791022070487165700,52.31216577148437,1.2235621213912964,0.7512109875679016,1.8767293691635132
1791022070504419300,52.32941943359375,0.9615011811256409,0.9161444306373596,1.7673845291137695
1791022070521673000,52.3466728515625,0.9596685767173767,0.8122974634170532,1.6085597276687622
1791022070538926600,52.36392651367188,1.2620465755462646,0.3975202441215515,1.4772237539291382
1791022070556180200,52.38118017578125,1.4092650413513184,0.39446592330932617,1.383150577545166
1791022070573433900,52.39843383789062,1.331685185432434,0.22159120440483093,1.4155263900756836
1791022070590687500,52.4156875,1.3744457960128784,-0.1461493968963623,1.4259110689163208
1791022070607941000,52.43294116210937,1.431867003440857,-0.15347976982593536,1.4362958669662476
1791022070625194800,52.45019482421875,1.4679080247879028,-0.20967933535575867,1.4643956422805786
1791022070642448600,52.46744873046875,1.4110976457595825,-0.02153298258781433,1.4466805458068848
1791022070659702300,52.48470239257812,1.2461642026901245,0.22464552521705627,1.3984222412109375
1791022070676956000,52.501955810546875,1.0855066776275635,0.15256348252296448,1.2481495141983032
1791022070694209500,52.51920947265625,0.9364557266235352,0.0694858655333519,1.0972658395767212
1791022070711463200,52.536463134765626,0.778241753578186,0.03955349326133728,0.8608611822128296
1791022070728716800,52.553716796875,0.42394015192985535,0.1672242283821106,0.5823068618774414
1791022070745970400,52.57097045898438,0.17104214429855347,0.07742711156606674,0.2805396616458893
1791022070763224000,52.58822412109375,0.2211330533027649,-0.2756527364253998,0.11804962158203125
1791022070780477700,52.60547778320313,0.3640754222869873,-0.27626359462738037,0.2341139316558838
1791022070797731300,52.6227314453125,0.3854556679725647,-0.10399972647428513,0.38988444209098816
1791022070814985000,52.63998486328125,0.3530798554420471,-0.1003345400094986,0.25182899832725525
1791022070832238600,52.657238525390625,0.2669478952884674,-0.006872228812426329,0.05635227635502815
1791022070849492200,52.6744921875,0.18570289015769958,0.19471314549446106,-0.031612250953912735
1791022070866746000,52.69174609375,0.14110976457595825,0.3614792227745056,-0.07376192510128021
1791022070883999700,52.708999755859374,0.18875721096992493,0.3095557391643524,-0.14278964698314667
1791022070901253400,52.72625341796875,0.22235478460788727,0.2582430839538574,-0.27168211340904236
1791022070918507000,52.743507080078125,0.13561198115348816,0.04566214233636856,-0.3779725730419159
1791022070935760600,52.7607607421875,-0.033597562462091446,-0.3422369956970215,-0.3767508566379547
1791022070953014300,52.77801416015625,-0.14233149588108063,-0.4222602844238281,-0.37980517745018005
1791022070970268000,52.79526782226562,-0.1692095398902893,-0.03497200831770897,-0.5545125007629395
1791022070987521500,52.812521484375,-0.33169957995414734,-0.005650499369949102,-0.9051488637924194
1791022071004775200,52.82977514648437,-0.5784889459609985,0.15256348252296448,-1.1354448795318604
1791022071022028800,52.84702880859375,-0.8851430416107178,0.49403688311576843,-1.2490657567977905
1791022071039282400,52.864282470703124,-1.0525200366973877,0.6553052067756653,-1.3406955003738403
1791022071056536000,52.8815361328125,-1.0690133571624756,0.7017309069633484,-1.4170535802841187
1791022071073789700,52.898789794921875,-1.1026109457015991,0.6229293346405029,-1.3694061040878296
1791022071091043300,52.91604321289063,-1.2009601593017578,0.6149880886077881,-1.3669626712799072
1791022071108297200,52.933297119140626,-1.2217295169830322,0.43600472807884216,-1.409723162651062
1791022071125550800,52.95055078125,-1.0219768285751343,0.1207985132932663,-1.15132737159729
1791022071142804500,52.96780444335938,-0.8405499458312988,-0.32330018281936646,-0.93813556432724
1791022071160058000,52.98505810546875,-0.9639446139335632,-0.5010618567466736,-1.0847431421279907
1791022071177311700,53.00231176757813,-1.2944225072860718,-0.5309942364692688,-1.3987276554107666
1791022071194565400,53.0195654296875,-1.2675443887710571,-0.7588467597961426,-1.410944938659668
1791022071211819000,53.03681909179687,-1.028085470199585,-0.9408844709396362,-1.307708740234375
1791022071229072600,53.05407275390625,-0.8448259830474854,-1.205999732017517,-1.3449715375900269
1791022071246326300,53.071326171875,-0.8912517428398132,-1.1956150531768799,-1.6100867986679077
1791022071263580000,53.088579833984376,-0.925460159778595,-1.0386228561401367,-1.9540036916732788
1791022071280833500,53.10583349609375,-0.9224058389663696,-0.8761327862739563,-2.0108141899108887
1791022071298087200,53.12308715820313,-0.8949168920516968,-0.6195695996284485,-1.7310380935668945
1791022071315340800,53.1403408203125,-0.7929024696350098,-0.41676250100135803,-1.6070325374603271
1791022071332594400,53.15759448242188,-0.813671886920929,-0.35934120416641235,-1.9955425262451172
1791022071349848000,53.17484814453125,-1.0079269409179688,-0.8498656153678894,-2.101222038269043
1791022071367102000,53.19210205078125,-1.0757328271865845,-0.9744820594787598,-1.8782564401626587
1791022071384355600,53.20935546875,-0.9810488224029541,-0.4124864339828491,-1.992488145828247
1791022071401609000,53.22660888671875,-0.8998038172721863,-0.6378955245018005,-1.7285946607589722
1791022071418862600,53.243862548828126,-0.7232639193534851,-0.6513345837593079,-1.39139723777771
1791022071436116500,53.261116455078124,-0.5222893953323364,-0.4173733592033386,-1.4720313549041748
1791022071453370000,53.2783701171875,-0.2461785078048706,-0.5175551772117615,-1.254563570022583
1791022071470623700,53.295623779296875,0.020158538594841957,-0.5456549525260925,-0.7738129496574402
1791022071487877600,53.31287768554687,0.01954767294228077,-0.2542724609375,-0.6821832656860352
1791022071505131000,53.330131103515626,-0.04214967042207718,-0.5713112950325012,-0.4445568323135376
1791022071522384600,53.34738452148437,-0.10690133273601532,-0.5474875569343567,-0.14278964698314667
1791022071539638300,53.36463818359375,-0.007941242307424545,-0.09789107739925385,0.020311253145337105
1791022071556892000,53.38189184570312,0.053145237267017365,0.39446592330932617,-0.0206166859716177
1791022071574145500,53.3991455078125,-0.056199558079242706,0.24480405449867249,0.02458730712532997
1791022071591399200,53.416399169921874,-0.043371398001909256,0.32788166403770447,0.19685117900371552
1791022071608652800,53.43365283203125,-0.034208428114652634,0.4127918779850006,0.2707658112049103
1791022071625906400,53.450906494140625,0.056810423731803894,0.46227192878723145,0.3929387629032135
1791022071643160000,53.46816015625,0.17715078592300415,0.43050694465637207,0.6959276795387268
1791022071660413700,53.48541357421875,0.16554436087608337,0.4641045033931732,0.8009964227676392
1791022071677667300,53.50266723632812,0.13927717506885529,0.6253728270530701,0.8559742569923401
1791022071694921200,53.51992114257813,0.2706131041049957,0.5386300086975098,1.1155917644500732
1791022071712174800,53.5371748046875,0.3738492429256439,0.45738500356674194,1.3581050634384155
1791022071729428500,53.55442846679688,0.43982264399528503,0.39080074429512024,1.4613412618637085
1791022071746682000,53.57168212890625,0.45448338985443115,0.6736311316490173,1.4479022026062012
1791022071763935700,53.58893579101562,0.5723803043365479,0.9845613241195679,1.5273146629333496
1791022071781189400,53.606189453125,0.8057306408882141,1.0413717031478882,1.7062979936599731
1791022071798443000,53.62344311523437,0.915686309337616,0.9008728265762329,1.8296927213668823
1791022071815696600,53.640696533203126,0.9498947262763977,0.40057456493377686,1.9372049570083618
1791022071832950300,53.6579501953125,0.9828814268112183,0.22708898782730103,2.1192426681518555
1791022071850204000,53.67520385742188,0.9547816514968872,0.4396699368953705,2.1809399127960205
1791022071867457500,53.69245751953125,0.8710931539535522,0.7750346660614014,2.04532790184021
1791022071884711200,53.70971118164063,0.9126319885253906,0.7102830410003662,2.0080652236938477
1791022071901964800,53.72696484375,1.1759146451950073,0.708450436592102,2.0331106185913086
1791022071919218400,53.74421850585937,1.4770710468292236,0.6204859018325806,2.092364549636841
1791022071936472300,53.76147241210938,1.6951497793197632,0.35414886474609375,2.177274703979492
1791022071953725700,53.7787255859375,1.802051067352295,-0.12293653935194016,2.28539776802063
1791022071970979300,53.795979248046876,1.9010112285614014,-0.4967857897281647,2.363588571548462
1791022071988233000,53.81323291015625,1.990808367729187,-0.551152765750885,2.333045244216919
1791022072005486600,53.83048657226563,1.852752923965454,-0.4399753510951996,2.3324344158172607
1791022072022740200,53.847740234375,1.5693116188049316,0.3413206934928894,2.2096505165100098
1791022072039993900,53.86499389648438,1.2541054487228394,0.4970912039279938,1.7710497379302979
1791022072057247500,53.88224755859375,1.1972949504852295,0.32299473881721497,1.0618356466293335
1791022072074501000,53.89950122070312,1.1478148698806763,0.07009673118591309,0.7747292518615723
1791022072091755000,53.91675512695313,0.8338304162025452,0.2240346521139145,0.7405208349227905
1791022072109008400,53.93400830078125,0.5907062292098999,0.9149227142333984,0.5401571989059448
1791022072126262300,53.95126220703125,0.39767298102378845,0.6412553191184998,0.0062613640911877155
1791022072143516000,53.968515869140624,0.18142683804035187,0.15806126594543457,-0.3217730224132538
1791022072160769500,53.98576953125,-0.1081230640411377,-0.16386447846889496,-0.32849252223968506
1791022072178023200,54.003023193359375,-0.3750709891319275,-0.53221595287323,-0.14523309469223022
1791022072195276800,54.02027685546875,-0.43310311436653137,-0.4699077308177948,-0.2435823380947113
1791022072212530400,54.037530517578126,-0.43371400237083435,-0.18035782873630524,-0.5416843295097351
1791022072229784000,54.0547841796875,-0.4355465769767761,0.07315105944871902,-0.6693550944328308
1791022072247037700,54.07203759765625,-0.3964512348175049,-0.21700970828533173,-0.791528046131134
1791022072264291300,54.08929125976562,-0.23396120965480804,-0.31719154119491577,-0.9802852272987366
1791022072281545000,54.106544921875,-0.08918625861406326,-0.1314886510372162,-0.9118683934211731
1791022072298798600,54.123798583984374,-0.0922405794262886,0.09819651395082474,-0.7292198538780212
1791022072316052200,54.14105224609375,-0.1637117564678192,0.0591011680662632,-0.5929969549179077
1791022072333305900,54.158305908203126,-0.13561198115348816,0.09330959618091583,-0.4402807950973511
1791022072350559500,54.1755595703125,-0.13622283935546875,-0.0844520553946495,-0.48731738328933716
1791022072367813000,54.19281323242188,-0.2571740746498108,-0.0013744457392022014,-0.6088794469833374
1791022072385066800,54.21006665039062,-0.4361574649810791,0.3474293351173401,-0.6791289448738098
1791022072402320400,54.2273203125,-0.6524035930633545,0.6125446557998657,-0.7695369124412537
1791022072419574000,54.244573974609374,-0.7904590368270874,0.6876810193061829,-0.8226821422576904
1791022072436827600,54.26182763671875,-0.7079922556877136,0.47693267464637756,-0.8379537463188171
1791022072454081300,54.279081298828125,-0.5393936038017273,-0.1204930767416954,-0.9619593024253845
1791022072471335000,54.2963349609375,-0.5674933791160583,-0.6006327867507935,-1.162322998046875
1791022072488588500,54.313588623046876,-0.6872228980064392,-0.64278244972229,-1.362075686454773
1791022072505842200,54.33084228515625,-0.8106175661087036,-0.19501857459545135,-1.4054471254348755
1791022072523095800,54.348095703125,-0.8252783417701721,0.1311832070350647,-1.3248130083084106
1791022072540349400,54.36534936523437,-0.8301652073860168,0.03283398225903511,-1.1916444301605225
1791022072557603300,54.38260327148438,-0.9279035925865173,-0.14492766559123993,-1.0560325384140015
1791022072574856700,54.399856689453124,-1.084285020828247,-0.5371028780937195,-1.0206023454666138
1791022072592110600,54.41711059570312,-1.2058470249176025,-0.9616538882255554,-1.0065524578094482
1791022072609364200,54.4343642578125,-1.2815942764282227,-0.9347758293151855,-1.1568251848220825
1791022072626617900,54.45161791992187,-1.3695588111877441,-0.7704532146453857,-1.455538034439087
1791022072643871500,54.46887158203125,-1.3768892288208008,-0.7374665141105652,-1.5294526815414429
1791022072661125000,54.486125,-1.3109158277511597,-0.6604975461959839,-1.4103341102600098
1791022072678378800,54.50337866210938,-1.1789690256118774,-0.8052725195884705,-1.3364194631576538
1791022072695632400,54.52063232421875,-1.0195332765579224,-0.9091194868087769,-1.2655590772628784
1791022072712886000,54.53788598632813,-1.028085470199585,-0.8614720702171326,-1.302211046218872
1791022072730139600,54.5551396484375,-1.0427461862564087,-1.085659384727478,-1.1995856761932373
1791022072747393300,54.57239331054687,-1.110552191734314,-0.9689842462539673,-1.1507165431976318
1791022072764647000,54.58964697265625,-1.1044435501098633,-0.8938478827476501,-1.1684316396713257
1791022072781900500,54.60690063476562,-1.1129956245422363,-1.0416771173477173,-1.1476621627807617
1791022072799154200,54.624154296875,-1.1062761545181274,-0.9677625298500061,-1.1733185052871704
1791022072816407800,54.64140771484375,-1.081230640411377,-0.7136427760124207,-1.1568251848220825
1791022072833661400,54.65866137695313,-1.0415244102478027,-0.44180795550346375,-1.0377064943313599
1791022072850915000,54.6759150390625,-0.8662062287330627,0.15073087811470032,-1.2368484735488892
1791022072868168700,54.69316870117188,-0.7648026943206787,-0.521831214427948,-0.8880446553230286
1791022072885422300,54.71042236328125,-0.6169734001159668,-0.24999640882015228,-0.669965922832489
1791022072902676000,54.72767602539062,-0.46364638209342957,0.07315105944871902,-0.6644681692123413
1791022072919929600,54.7449296875,-0.3488037884235382,0.13912445306777954,-0.6094903349876404
1791022072937183200,54.76218334960937,-0.23884813487529755,0.2503018379211426,-0.38957902789115906
1791022072954436900,54.779436767578126,-0.185092031955719,-0.061850059777498245,-0.13179408013820648
1791022072971690500,54.7966904296875,0.017715077847242355,0.44211336970329285,-0.08170316368341446
1791022072988944100,54.81394409179688,0.1178968995809555,0.3633118271827698,0.12721258401870728
1791022073006197800,54.83119775390625,0.23884813487529755,0.33399030566215515,0.34345871210098267
1791022073023451400,54.84845141601563,0.30543237924575806,0.40118545293807983,0.5309942364692688
1791022073040705000,54.865705078125,0.26022839546203613,0.34498587250709534,0.6892082095146179
1791022073057958700,54.88295874023437,0.37812530994415283,0.5893318057060242,0.8907935619354248
1791022073075212300,54.90021240234375,0.35124725103378296,0.5074759125709534,1.0636682510375977
1791022073092466000,54.9174658203125,0.28038692474365234,0.4696022868156433,1.1754565238952637
1791022073109719600,54.934719482421876,0.33108872175216675,0.503810703754425,1.3391683101654053
1791022073126973200,54.95197314453125,0.36224281787872314,0.4353938698768616,1.4698933362960815
1791022073144226800,54.96922680664063,0.4111120104789734,0.4396699368953705,1.5798490047454834
1791022073161480400,54.98648046875,0.4312705397605896,0.6223185062408447,1.5780164003372192
1791022073178734000,55.00373413085938,0.4257727563381195,0.6101012229919434,1.6843068599700928
1791022073195987700,55.02098779296875,0.5790998339653015,0.5086976289749146,1.8028147220611572
1791022073213241300,55.03824145507812,0.7012727856636047,0.5178605914115906,1.842520833015442
1791022073230495200,55.0554951171875,0.6609556674957275,0.6846266984939575,1.82724928855896
1791022073247748600,55.07274853515625,0.6768381595611572,0.7884737253189087,1.8040363788604736
1791022073265002200,55.090002197265626,0.8466585874557495,0.6375901103019714,1.806479811668396
1791022073282256000,55.107255859375,1.0977239608764648,0.5160280466079712,1.7887648344039917
1791022073299509800,55.124509765625,1.221118688583374,0.5697841048240662,1.742339015007019
1791022073316763400,55.141763427734375,1.166751742362976,0.588110089302063,1.6818634271621704
1791022073334016800,55.15901684570313,1.2241730690002441,0.4799869954586029,1.624442219734192
1791022073351270400,55.1762705078125,1.278540015220642,0.3822486400604248,1.6103923320770264
1791022073368524300,55.19352416992187,1.3158026933670044,0.16478078067302704,1.5193734169006348
1791022073385778000,55.21077783203125,1.2547162771224976,0.09941824525594711,1.3972004652023315
1791022073403031300,55.22803125,1.1368193626403809,0.2991710305213928,1.3012946844100952
1791022073420285200,55.24528515625,1.240666389465332,0.18677189946174622,1.1601849794387817
1791022073437538800,55.262538818359374,1.40559983253479,-0.17486004531383514,1.0942115783691406
1791022073454792400,55.27979248046875,1.3109158277511597,-0.21212279796600342,1.0618356466293335
1791022073472045800,55.2970458984375,1.053130865097046,-0.15409064292907715,1.0019710063934326
1791022073489299700,55.3142998046875,0.860708475112915,-0.18890993297100067,0.8541416525840759
1791022073506553300,55.33155322265625,0.778241753578186,-0.18402300775051117,0.6604975461959839
1791022073523807000,55.34880688476562,0.6249146461486816,-0.25610506534576416,0.585972011089325
1791022073541060400,55.366060302734375,0.4789179861545563,-0.19135339558124542,0.449138343334198
1791022073558314200,55.38331420898437,0.3500255048274994,-0.03252854943275452,0.3917170464992523
1791022073575568000,55.40056787109375,0.24006985127925873,-0.027030766010284424,0.37033677101135254
1791022073592821500,55.417821533203124,0.17165300250053406,0.024892739951610565,0.304974228143692
1791022073610075100,55.4350751953125,0.07147117704153061,-0.01847865991294384,0.2029598206281662
1791022073627328800,55.452328857421875,0.0256563201546669,-0.22006404399871826,0.05757400393486023
1791022073644582400,55.46958251953125,0.02871064469218254,-0.26710063219070435,-0.04321868345141411
1791022073661836000,55.4868359375,0.01649334840476513,-0.17608177661895752,-0.064598947763443
1791022073679089700,55.50408959960937,0.029932374134659767,0.05482511222362518,-0.13240493834018707
1791022073696343300,55.52134326171875,-0.047036588191986084,0.11774418503046036,-0.24113887548446655
1791022073713597000,55.53859692382812,-0.10690133273601532,-0.055741410702466965,-0.41706791520118713
1791022073730850600,55.5558505859375,-0.1545487940311432,-0.012980876490473747,-0.4647153913974762
1791022073748104200,55.573104248046874,-0.21930044889450073,-0.07345648854970932,-0.38591381907463074
1791022073765357800,55.59035791015625,-0.16737695038318634,0.005955931730568409,-0.26618432998657227
1791022073782611500,55.607611572265625,-0.22296564280986786,0.027336198836565018,-0.29184064269065857
1791022073799865000,55.62486499023437,-0.46547895669937134,-0.03191768378019333,-0.3877464234828949
1791022073817118700,55.64211865234375,-0.7318159937858582,0.060933761298656464,-0.4634936451911926
1791022073834372400,55.65937231445312,-1.0177006721496582,0.09880737960338593,-0.5270236134529114
1791022073851626000,55.6766259765625,-1.258992314338684,0.09086613357067108,-0.4085158109664917
1791022073868879600,55.69387963867187,-1.3066397905349731,0.08903354406356812,-0.20693044364452362
1791022073886133200,55.71113330078125,-1.2779290676116943,-0.06856957077980042,-0.2655734717845917
1791022073903387000,55.728386962890625,-1.2932007312774658,-0.12843431532382965,-0.32360562682151794
1791022073920640500,55.745640625,-1.3823870420455933,-0.19929464161396027,-0.41034841537475586
1791022073937894100,55.76289404296875,-1.3878847360610962,-0.16569706797599792,-0.5025889873504639
1791022073955147800,55.78014770507812,-1.2614357471466064,-0.1821904182434082,-0.5306887626647949
1791022073972401400,55.7974013671875,-1.2021819353103638,-0.5615374445915222,-0.5502364635467529
1791022073989655000,55.81465502929687,-1.2345577478408813,-0.7472403645515442,-0.781143307685852
1791022074006908700,55.83190869140625,-1.2834268808364868,-0.5810851454734802,-1.1879792213439941
1791022074024162300,55.849162353515624,-1.3750566244125366,-0.14248420298099518,-1.5154027938842773
1791022074041416000,55.866416015625,-1.3109158277511597,-0.32330018281936646,-1.3510801792144775
1791022074058669600,55.883669677734375,-1.1081087589263916,-0.5383245944976807,-1.2747220993041992
1791022074075923200,55.90092309570313,-1.0861176252365112,-0.7961094975471497,-1.624747633934021
1791022074093176800,55.9181767578125,-1.0122029781341553,-0.7753401398658752,-1.763413906097412
1791022074110430500,55.93543041992187,-0.842382550239563,-0.41187557578086853,-1.9314017295837402
1791022074127684000,55.95268408203125,-0.6908880472183228,-0.7417425513267517,-1.7951788902282715
1791022074144937700,55.96993774414062,-0.5839866995811462,-0.49312058091163635,-1.921017050743103
1791022074162191400,55.98719140625,-0.574212908744812,-0.5010618567466736,-1.8684825897216797
1791022074179445000,56.004445068359374,-0.5302306413650513,-0.43753188848495483,-1.7817398309707642
1791022074196698600,56.02169873046875,-0.48991355299949646,-0.22189663350582123,-1.8165591955184937
1791022074213952300,56.0389521484375,-0.41416633129119873,-0.3831649422645569,-1.7121012210845947
1791022074231206000,56.05620581054688,-0.18753549456596375,-0.19135339558124542,-1.4335469007492065
1791022074248459300,56.073459228515624,0.01954767294228077,-0.2188423126935959,-1.382845163345337
1791022074265713200,56.09071313476562,0.09407317638397217,-0.3361283540725708,-1.2521201372146606
1791022074282966800,56.107966796875,0.11484257876873016,-0.2909243404865265,-1.2215768098831177
1791022074300220400,56.12522045898437,0.09162971377372742,-0.45219266414642334,-0.874605655670166
1791022074317473800,56.142473876953126,0.010384701192378998,-0.27137666940689087,-0.9039271473884583
1791022074334727700,56.159727783203124,-0.13072505593299866,-0.14981459081172943,-0.9008728265762329
1791022074351981300,56.17698120117188,-0.025045456364750862,-0.09911280870437622,-0.6094903349876404
1791022074369234700,56.19423461914062,0.06719512492418289,0.25763222575187683,-0.4964803457260132
1791022074386488300,56.21148828125,0.09040798991918564,0.2490801066160202,-0.12018764764070511
1791022074403742000,56.228741943359374,0.08552107214927673,0.22708898782730103,0.07101303339004517
1791022074420995600,56.24599560546875,-0.003665188793092966,0.35537058115005493,0.38072147965431213
1791022074438249200,56.263249267578125,0.01649334840476513,0.30344706773757935,0.6959276795387268
1791022074455502800,56.2805029296875,0.08429934084415436,0.3321577310562134,0.8443678617477417
1791022074472756500,56.297756591796876,0.18081597983837128,0.5203040838241577,1.0080796480178833
1791022074490010000,56.31501000976562,0.2877173125743866,0.41584619879722595,1.169347882270813
1791022074507263700,56.332263671875,0.38301220536231995,0.5795579552650452,1.1864521503448486
1791022074524517400,56.34951733398437,0.4318813979625702,0.6656898856163025,1.243262529373169
1791022074541771000,56.36677099609375,0.49541133642196655,0.39996370673179626,1.383150577545166
1791022074559024600,56.384024658203124,0.5320632457733154,0.47693267464637756,1.483943223953247
1791022074576278300,56.4012783203125,0.5442805290222168,0.539851725101471,1.5157082080841064
1791022074593532000,56.418531982421875,0.6908880472183228,0.8318451046943665,1.483943223953247
1791022074610785500,56.43578564453125,0.8839213252067566,0.9931133985519409,1.450345754623413
1791022074628039200,56.4530390625,1.1074978113174438,0.7982475757598877,1.4631738662719727
1791022074645292800,56.47029272460937,1.2913681268692017,0.8336777091026306,1.5053235292434692
1791022074662546400,56.48754638671875,1.386052131652832,0.6687442064285278,1.6384921073913574
1791022074679800000,56.50480004882812,1.470962405204773,0.7774781584739685,1.689193844795227
1791022074697053700,56.5220537109375,1.5192207098007202,1.0138828754425049,1.62199866771698
1791022074714307300,56.539307373046874,1.5693116188049316,0.606436014175415,1.5902336835861206
1791022074731561000,56.55656103515625,1.6420044898986816,0.4964803457260132,1.623220443725586
1791022074748814600,56.573814697265625,1.68354332447052,0.5374082922935486,1.7038545608520508
1791022074766068200,56.59106811523438,1.7623448371887207,0.2796233594417572,1.7502802610397339
1791022074783321900,56.60832177734375,1.8069380521774292,0.5068650245666504,1.743560791015625
1791022074800575500,56.62557543945312,1.7617340087890625,0.3877464234828949,1.5401427745819092
1791022074817829000,56.6428291015625,1.7641774415969849,-0.13209950923919678,1.1455241441726685
1791022074835082800,56.66008276367187,1.6853759288787842,-0.2683223485946655,0.6598866581916809
1791022074852336400,56.67733642578125,1.545487880706787,-0.6910407543182373,0.29153522849082947
1791022074869590000,56.694590087890624,1.2999202013015747,-0.5627591609954834,0.15958842635154724
1791022074886843600,56.71184375,0.9004147052764893,-0.2023489624261856,0.15836669504642487
1791022074904097300,56.72909716796875,0.5436696410179138,-0.1363755613565445,0.3990474045276642
1791022074921351000,56.74635083007813,0.3127627670764923,-0.30253079533576965,0.43753188848495483
1791022074938604500,56.7636044921875,0.17287473380565643,-0.28176137804985046,0.4540252387523651
1791022074955858200,56.78085815429687,0.0824667438864708,-0.10583232343196869,0.5328267812728882
1791022074973111800,56.79811181640625,0.09712749719619751,-0.21517711877822876,0.45158177614212036
1791022074990365400,56.81536547851562,0.1282816082239151,-0.3685041666030884,0.4143190383911133
1791022075007619000,56.832619140625,0.1380554437637329,-0.5059487819671631,0.2854265570640564
1791022075024872700,56.849872802734374,0.03543015569448471,-0.18585561215877533,0.08384118974208832
1791022075042126300,56.86712622070313,-0.12522727251052856,0.018784092739224434,-0.04199695214629173
1791022075059380000,56.8843798828125,-0.2528980076313019,-0.1766926348209381,-0.3205513060092926
1791022075076633600,56.90163354492187,-0.19853104650974274,0.05787943676114082,-0.6571378111839294
1791022075093887200,56.91888720703125,-0.2620609998703003,-0.4179842174053192,-1.0896300077438354
1791022075111140600,56.936140625,-0.25900667905807495,-0.41554075479507446,-1.1171189546585083
1791022075128394500,56.95339453125,-0.3023780584335327,0.02977965772151947,-0.7176133990287781
1791022075145647900,56.97064794921875,-0.49480047821998596,0.5703949928283691,-0.4647153913974762
1791022075162901500,56.98790161132813,-0.6206386089324951,0.9155336022377014,-0.5349648594856262
1791022075180155400,57.0051552734375,-0.729983389377594,0.6296488642692566,-0.6766854524612427
1791022075197408800,57.02240869140625,-0.8930842876434326,0.19043709337711334,-0.8593340516090393
1791022075214662400,57.039662353515624,-1.000596523284912,-0.29703301191329956,-0.9466876983642578
1791022075231916000,57.056916015625,-0.9285144805908203,-0.5853611826896667,-0.8593340516090393
1791022075249169700,57.074169677734375,-0.6151408553123474,-0.38072147965431213,-0.6491965651512146
1791022075266423300,57.09142333984375,-0.4147771894931793,-0.4436405599117279,-0.5948295593261719
1791022075283677000,57.108677001953126,-0.5216785073280334,-0.43692103028297424,-0.5673406720161438
1791022075300930600,57.1259306640625,-0.8637627959251404,-0.3104720115661621,-0.6272054314613342
1791022075318184200,57.14318408203125,-1.1111630201339722,-0.2078467458486557,-0.7371610999107361
1791022075335437800,57.16043774414062,-1.2162318229675293,-0.34468045830726624,-0.6094903349876404
1791022075352691500,57.17769140625,-1.1111630201339722,-0.7374665141105652,-0.5905535221099854
1791022075369945000,57.194945068359374,-1.0293071269989014,-0.7722858190536499,-0.8507819175720215
1791022075387198700,57.21219873046875,-1.0488548278808594,-0.6323977708816528,-1.2789981365203857
1791022075404452400,57.229452392578125,-1.174692988395691,-0.4992292523384094,-1.662621259689331
1791022075421706000,57.2467060546875,-1.2999202013015747,-0.19929464161396027,-1.9039127826690674
1791022075438959600,57.263959716796876,-1.4043781757354736,-0.22434009611606598,-1.7114903926849365
1791022075456213200,57.28121313476562,-1.2541054487228394,0.2331976294517517,-1.337030291557312
1791022075473467000,57.298466796875,-1.1227694749832153,-0.11927134543657303,-1.2936588525772095
1791022075490720500,57.31572045898437,-0.9969313144683838,-0.6586649417877197,-0.9631810188293457
1791022075507974100,57.33297412109375,-1.0665699243545532,-1.003192663192749,-1.0847431421279907
1791022075525227800,57.350227783203124,-1.286481261253357,-0.9708168506622314,-1.3834559917449951
1791022075542481400,57.3674814453125,-1.3206896781921387,-1.1699587106704712,-1.2527309656143188
1791022075559735000,57.384735107421875,-1.0946696996688843,-1.2053889036178589,-1.0584759712219238
1791022075576988700,57.40198876953125,-0.8943060636520386,-0.9628756046295166,-1.1311688423156738
1791022075594242300,57.4192421875,-0.7892373204231262,-0.902400016784668,-1.1702642440795898
1791022075611496000,57.43649584960937,-0.7874047160148621,-0.6391173005104065,-1.3193151950836182
1791022075628749300,57.453749267578125,-0.8729257583618164,-0.3367392122745514,-1.3150391578674316
1791022075646003200,57.47100317382812,-0.8338304162025452,-0.27259841561317444,-1.0132719278335571
1791022075663256800,57.4882568359375,-0.6866120100021362,0.004734201822429895,-0.9601266980171204
1791022075680510200,57.50551025390625,-0.5467239618301392,0.23564109206199646,-0.7573196291923523
1791022075697763800,57.52276391601563,-0.42394015192985535,0.6760746240615845,-0.6717985272407532
1791022075715017500,57.540017578125,-0.268169641494751,0.46166107058525085,-0.24663665890693665
1791022075732271000,57.55727099609375,-0.01588248461484909,0.641866147518158,-0.05238165333867073
1791022075749524700,57.574524658203124,0.13500112295150757,0.5416843295097351,-0.004123337101191282
1791022075766778400,57.5917783203125,0.27855435013771057,0.6589703559875488,0.16875138878822327
1791022075784032000,57.609031982421875,0.36712974309921265,0.845894992351532,0.10094540566205978
1791022075801285600,57.62628564453125,0.4324922561645508,0.4433351159095764,0.2890917658805847
1791022075818539300,57.643539306640626,0.4526508152484894,0.3779725730419159,0.5053378939628601
1791022075835793000,57.66079296875,0.4465421438217163,0.228921577334404,0.7527381181716919
1791022075853046500,57.67804663085938,0.5271763205528259,0.2631300091743469,0.9103412628173828
1791022075870300200,57.69530004882812,0.5180133581161499,0.3584249019622803,0.9317215085029602
1791022075887553800,57.7125537109375,0.5180133581161499,0.4017963111400604,1.1076505184173584
1791022075904807400,57.729807373046874,0.5693259835243225,0.48792824149131775,1.1919498443603516
1791022075922061000,57.74706103515625,0.6090322136878967,0.5325213670730591,1.3446661233901978
1791022075939314700,57.764314697265625,0.7531962990760803,0.6638572812080383,1.4607304334640503
1791022075956568300,57.781568359375,0.7635809779167175,0.6009382009506226,1.5254820585250854
1791022075973822000,57.798822021484376,0.7965676784515381,0.6815723776817322,1.6116139888763428
1791022075991075600,57.81607568359375,0.8839213252067566,0.6681333780288696,1.7246240377426147
1791022076008329200,57.8333291015625,0.9126319885253906,0.7396045327186584,1.7948734760284424
1791022076025582600,57.85058251953125,1.0158681869506836,0.8245147466659546,1.820529818534851
1791022076042836500,57.86783642578125,1.2241730690002441,0.8245147466659546,1.8364121913909912
1791022076060089900,57.88508984375,1.3585633039474487,0.6559160351753235,1.8907792568206787
1791022076077343500,57.90234350585938,1.508836030960083,0.8318451046943665,1.8620685338974
1791022076094597000,57.91959716796875,1.5045599937438965,0.8501710295677185,1.761886715888977
1791022076111850800,57.93685083007812,1.4740166664123535,0.6882919073104858,1.5529710054397583
1791022076129104400,57.9541044921875,1.370169758796692,0.4751000702381134,1.3672680854797363
1791022076146358000,57.97135791015625,1.378721833229065,-0.04657844081521034,1.2750275135040283
1791022076163611600,57.988611572265626,1.4269801378250122,-0.23777911067008972,1.2902991771697998
1791022076180865300,58.005865234375,1.4001020193099976,-0.16752967238426208,1.2133301496505737
1791022076198119000,58.02311889648438,1.3683371543884277,-0.11438442766666412,1.143080711364746
1791022076215372500,58.04037255859375,1.390328288078308,0.0383317656815052,1.047785758972168
1791022076232626200,58.05762622070313,1.423925757408142,0.10797034949064255,0.9934188723564148
1791022076249879800,58.0748798828125,1.2302817106246948,0.0334448479115963,0.9885319471359253
1791022076267133400,58.09213354492187,0.972496747970581,0.05177079141139984,0.9561560750007629
1791022076284387000,58.109386962890625,0.7770199775695801,0.16355904936790466,0.708145022392273
1791022076301640700,58.126640625,0.5125155448913574,0.22159120440483093,0.4094321131706238
1791022076318894300,58.143894287109376,0.2614501118659973,0.19593487679958344,0.2597702443599701
1791022076336148000,58.16114794921875,0.05864302068948746,-0.11988221108913422,0.19990549981594086
1791022076353401300,58.1784013671875,0.02932151034474373,-0.1302669197320938,0.07712167501449585
1791022076370655000,58.19565502929687,0.04764745384454727,-0.030085090547800064,-0.0591011680662632
1791022076387908600,58.21290869140625,0.009773836471140385,-0.18035782873630524,-0.25213444232940674
1791022076405162200,58.230162353515624,-0.06719512492418289,-0.04413498193025589,-0.3156643807888031
1791022076422416000,58.24741577148438,-0.14477495849132538,-0.025809036567807198,-0.35353797674179077
1791022076439669500,58.26466943359375,-0.1594357043504715,0.0694858655333519,-0.47265663743019104
1791022076456923100,58.28192309570313,-0.22724169492721558,0.05543597787618637,-0.5734493136405945
1791022076474176800,58.2991767578125,-0.34636032581329346,-0.017256930470466614,-0.6809614896774292
1791022076491430400,58.31643041992187,-0.4868592321872711,0.14706569910049438,-0.7420479655265808
1791022076508684000,58.33368408203125,-0.5815432667732239,0.2600756883621216,-0.743880569934845
1791022076525937700,58.35093774414062,-0.5418370366096497,0.3254382014274597,-0.6436987519264221
1791022076543191300,58.36819140625,-0.4508182108402252,0.31444263458251953,-0.4860956370830536
1791022076560445000,58.38544482421875,-0.40927940607070923,0.16600249707698822,-0.5740602016448975
1791022076577698600,58.40269848632813,-0.39767298102378845,0.11468986421823502,-0.7854194045066833
1791022076594952200,58.4199521484375,-0.4972439408302307,0.019394956529140472,-1.041982650756836
1791022076612205600,58.43720556640625,-0.6829468011856079,0.041386090219020844,-1.0041090250015259
1791022076629459500,58.45445947265625,-0.7648026943206787,0.021227551624178886,-0.7780889868736267
1791022076646713000,58.47171313476562,-0.8289434909820557,-0.31230461597442627,-0.8300125002861023
1791022076663966500,58.488966552734375,-1.0128138065338135,-0.5193877816200256,-1.0346522331237793
1791022076681220000,58.50622021484375,-1.183245062828064,-0.4436405599117279,-1.2270746231079102
1791022076698473700,58.5234736328125,-1.2534945011138916,-0.3208567202091217,-1.291215419769287
1791022076715727400,58.54072729492187,-1.1032217741012573,-0.4283689260482788,-1.096960425376892
1791022076732981000,58.55798095703125,-1.0262528657913208,-0.5566505193710327,-1.1042908430099487
1791022076750234600,58.57523461914062,-1.0873392820358276,-0.5114465355873108,-1.3028218746185303
1791022076767488300,58.59248828125,-1.043357014656067,-0.6989820003509521,-1.3645192384719849
1791022076784742000,58.609741943359374,-1.0079269409179688,-0.8846849203109741,-1.3413063287734985
1791022076801995500,58.62699560546875,-1.0042617321014404,-0.9347758293151855,-1.308930516242981
1791022076819249200,58.644249267578125,-1.0751219987869263,-0.9274454712867737,-1.493411660194397
1791022076836502800,58.66150268554688,-1.081230640411377,-0.9262236952781677,-1.5764893293380737
1791022076853756400,58.67875634765625,-0.953559935092926,-0.949436604976654,-1.409723162651062
1791022076871010000,58.69601000976562,-0.9101884961128235,-0.7478511929512024,-1.4756965637207031
1791022076888263700,58.713263671875,-0.9596685767173767,-0.735023021697998,-1.6668972969055176
1791022076905517300,58.73051733398437,-1.081230640411377,-0.5285507440567017,-1.8544327020645142
1791022076922770700,58.74777075195313,-1.1533126831054688,-0.5138899683952332,-1.725540280342102
1791022076940024300,58.7650244140625,-1.091004490852356,-0.6910407543182373,-1.4518728256225586
1791022076957278000,58.78227783203125,-1.0018181800842285,-0.3000873327255249,-1.5740457773208618
1791022076974531600,58.79953149414062,-0.9657772183418274,-0.347123920917511,-1.3070979118347168
1791022076991785200,58.81678515625,-0.8814778923988342,-0.4705185890197754,-0.9753983616828918
1791022077009038800,58.834038818359375,-0.6432406306266785,-0.7466294765472412,-0.836732029914856
1791022077026292500,58.85129248046875,-0.4355465769767761,-0.20418155193328857,-0.8135191798210144
1791022077043546000,58.868546142578126,-0.27916520833969116,0.26190826296806335,-0.6546943187713623
1791022077060799700,58.8857998046875,-0.0818558782339096,0.17333288490772247,-0.36392268538475037
1791022077078053400,58.90305346679688,-0.09896009415388107,0.21120649576187134,-0.208152174949646
1791022077095307000,58.92030712890625,-0.03298669680953026,0.2704603672027588,0.08200860023498535
1791022077112560600,58.937560546875,0.023823726922273636,0.6821832656860352,0.08384118974208832
1791022077129814300,58.954814208984374,0.08063415437936783,0.25579962134361267,0.4558578431606293
1791022077147067600,58.97206762695313,0.27916520833969116,0.4176788032054901,0.6837103962898254
1791022077164321300,58.9893212890625,0.2718348205089569,0.48365217447280884,0.800385594367981
1791022077181575000,59.00657495117188,0.3426951467990875,0.6210967898368835,0.9695951342582703
1791022077198828500,59.02382861328125,0.3738492429256439,0.671187698841095,1.0593922138214111
1791022077216082200,59.04108227539062,0.41783151030540466,0.5160280466079712,1.2102758884429932
1791022077233335800,59.058335693359375,0.47952884435653687,0.7958040833473206,1.2817469835281372
1791022077250589400,59.07558935546875,0.4557051360607147,1.0847431421279907,1.244484305381775
1791022077267843000,59.092843017578126,0.5900954008102417,0.86544269323349,1.412472128868103
1791022077285096700,59.1100966796875,0.7703005075454712,0.8397863507270813,1.4894410371780396
1791022077302350300,59.12735034179688,0.9578359723091125,0.6681333780288696,1.5267038345336914
1791022077319604000,59.14460400390625,1.100778341293335,0.6858484148979187,1.523038625717163
1791022077336857600,59.16185766601563,1.0293071269989014,0.9057597517967224,1.5126539468765259
1791022077354111000,59.179111083984374,1.018311619758606,0.9888373613357544,1.5438079833984375
1791022077371364900,59.19636474609375,1.1038326025009155,1.1152863502502441,1.5071561336517334
1791022077388618200,59.2136181640625,1.334128737449646,0.9833396077156067,1.4845541715621948
1791022077405871900,59.23087182617188,1.518609881401062,1.1097885370254517,1.4662281274795532
1791022077423125500,59.24812548828125,1.4911209344863892,0.8923207521438599,1.4882192611694336
1791022077440379100,59.26537915039062,1.61085045337677,0.48731738328933716,1.4735585451126099
1791022077457632800,59.2826328125,1.6322306394577026,0.2704603672027588,1.430798053741455
1791022077474886400,59.29988647460937,1.5552617311477661,0.18982623517513275,1.3330596685409546
1791022077492140000,59.31714013671875,1.4227041006088257,0.42134398221969604,1.2316560745239258
1791022077509393700,59.3343935546875,1.3555089235305786,0.5117519497871399,1.1565197706222534
1791022077526647300,59.35164721679688,1.472795009613037,0.38102689385414124,1.0642791986465454
1791022077543901000,59.36890087890625,1.5265511274337769,0.18371757864952087,0.9970840215682983
1791022077561154600,59.38615454101563,1.3628393411636353,0.12446369975805283,0.9500474333763123
1791022077578408200,59.403408203125,1.174692988395691,0.18310672044754028,0.8290961980819702
1791022077595661600,59.42066162109375,1.0775654315948486,-0.16081015765666962,0.6372846961021423
1791022077612915200,59.437915283203125,0.8570432662963867,-0.2548833191394806,0.5352702736854553
1791022077630168800,59.4551689453125,0.5943714380264282,-0.33490660786628723,0.5090031027793884
1791022077647422500,59.47242236328125,0.4618137776851654,-0.28787001967430115,0.388662725687027
1791022077664676000,59.48967602539062,0.47586366534233093,-0.07651081681251526,0.3104720115661621
1791022077681929700,59.5069296875,0.44898560643196106,-0.10399972647428513,0.32879796624183655
1791022077699183400,59.52418334960937,0.36835145950317383,-0.05696314200758934,0.2530507445335388
1791022077716437000,59.54143701171875,0.2211330533027649,0.10186170041561127,0.03130681812763214
1791022077733690600,59.558690673828124,0.0409279391169548,-0.08017600327730179,-0.16539163887500763
1791022077750944300,59.5759443359375,-0.16737695038318634,-0.3318522870540619,-0.31261005997657776
1791022077768198000,59.593197998046875,-0.31642794609069824,-0.23472478985786438,-0.44638943672180176
1791022077785451500,59.61045141601563,-0.3952295184135437,0.16355904936790466,-0.6314814686775208
1791022077802705000,59.627704833984374,-0.462424635887146,0.16661337018013,-0.7090612649917603
1791022077819958500,59.64495849609375,-0.4147771894931793,-0.039858926087617874,-0.6589703559875488
1791022077837212200,59.662212158203126,-0.27916520833969116,0.1513417512178421,-0.5099193453788757
1791022077854465800,59.6794658203125,-0.20647229254245758,0.1769980639219284,-0.5820014476776123
1791022077871719400,59.69671948242188,-0.19181154668331146,0.1672242283821106,-0.8373429179191589
1791022077888973000,59.71397314453125,-0.3597993552684784,0.11652245372533798,-1.0364848375320435
1791022077906226700,59.73122680664063,-0.7195987105369568,0.342542439699173,-0.9375247359275818
1791022077923480300,59.748480224609374,-0.8698714375495911,0.30772313475608826,-0.6443096399307251
1791022077940734000,59.76573388671875,-0.7476984858512878,-0.023365577682852745,-0.7005091905593872
1791022077957987300,59.7829873046875,-0.8191696405410767,-0.15347976982593536,-0.9656245112419128
1791022077975241200,59.8002412109375,-1.0690133571624756,-0.15042544901371002,-1.172096848487854
1791022077992494800,59.817494873046876,-1.062904715538025,-0.20723587274551392,-1.1042908430099487
1791022078009748200,59.83474829101562,-0.9602794051170349,-0.3153589367866516,-0.8575014472007751
1791022078027001900,59.852001953125,-0.9382883310317993,-0.2231183648109436,-1.1543817520141602
1791022078044255500,59.86925537109375,-1.0787872076034546,-0.0746782198548317,-1.4366012811660767
1791022078061509000,59.886509033203126,-1.05496346950531,-0.6629409790039062,-1.2466223239898682
1791022078078762800,59.9037626953125,-0.8900299668312073,-0.9659299254417419,-0.8709404468536377
1791022078096016400,59.92101635742188,-0.9364557266235352,-0.8663589954376221,-1.0682498216629028
1791022078113270000,59.93827001953125,-1.0030399560928345,-1.0581705570220947,-1.3510801792144775
1791022078130523600,59.95552368164063,-1.0470222234725952,-1.0667226314544678,-1.3364194631576538
1791022078147777300,59.97277734375,-1.1362085342407227,-0.7661771774291992,-1.435990333557129
1791022078165031000,59.99003100585937,-1.2205078601837158,-0.672104001045227,-1.6296344995498657
1791022078182284500,60.007284423828125,-1.314581036567688,-0.633619487285614,-1.8135048151016235
1791022078199538000,60.02453784179688,-1.2877029180526733,-0.4045451879501343,-1.8202242851257324
1791022078216791600,60.04179150390625,-1.1123847961425781,-0.6617192625999451,-1.4213296175003052
1791022078234045200,60.05904516601562,-1.046411395072937,-0.9506583213806152,-1.2344050407409668
1791022078251298800,60.076298828125,-1.0580178499221802,-0.6861538887023926,-1.4549272060394287
1791022078268552400,60.09355249023437,-1.0885610580444336,-0.2701549530029297,-1.5221222639083862
1791022078285806000,60.11080615234375,-0.9896009564399719,-0.755181610584259,-1.0199915170669556
1791022078303059700,60.128059814453124,-0.9303470849990845,-0.6226239204406738,-0.9356921315193176
1791022078320313300,60.14531323242188,-0.8313869833946228,-0.6183478832244873,-0.9796743988990784
1791022078337567000,60.16256689453125,-0.6438514590263367,-0.4534143805503845,-0.8868229389190674
1791022078354820400,60.1798203125,-0.5467239618301392,-0.30314165353775024,-0.7640390992164612
1791022078372074000,60.197073974609374,-0.4043924808502197,-0.04841103404760361,-0.6430879235267639
1791022078389327600,60.21432763671875,-0.31642794609069824,0.12873975932598114,-0.5288561582565308
1791022078406581200,60.231581298828125,-0.16615521907806396,0.1617264449596405,-0.12690715491771698
1791022078423835000,60.2488349609375,-0.021991131827235222,0.6779071688652039,-0.16050471365451813
1791022078441088500,60.266088623046876,0.07574722915887833,0.35537058115005493,0.0642935186624527
1791022078458342100,60.28334204101562,0.3237583339214325,0.4738783538341522,0.3568977415561676
1791022078475595800,60.300595703125,0.45509424805641174,0.37858346104621887,0.5523744821548462
1791022078492849400,60.31784936523437,0.5558869242668152,0.5270236134529114,0.6317868828773499
1791022078510103000,60.33510302734375,0.6145299673080444,0.6174315810203552,0.6714931130409241
1791022078527356400,60.3523564453125,0.6847794055938721,0.49220430850982666,0.8797979950904846
1791022078544610000,60.36961010742188,0.749531090259552,0.597273051738739,1.0221295356750488
1791022078561863700,60.38686376953125,0.739757239818573,0.7353284955024719,1.068555235862732
1791022078579117300,60.40411743164063,0.740368127822876,1.0199915170669556,1.1278090476989746
1791022078596371000,60.421370849609374,0.870482325553894,1.0065524578094482,1.3141229152679443
1791022078613624600,60.43862451171875,1.0213658809661865,0.7921388745307922,1.4955496788024902
1791022078630878200,60.455878173828125,1.0781763792037964,0.6644681692123413,1.616500973701477
1791022078648131800,60.4731318359375,1.0677915811538696,0.6369792222976685,1.6568180322647095
1791022078665385500,60.49038549804688,1.0592395067214966,0.817184329032898,1.5682425498962402
1791022078682639000,60.50763916015625,1.0867284536361694,0.9888373613357544,1.466839075088501
1791022078699892700,60.52489282226563,1.2382229566574097,0.8874338269233704,1.4967714548110962
1791022078717146000,60.54214599609375,1.3616175651550293,0.8788816928863525,1.5822924375534058
1791022078734399700,60.55939965820313,1.4117084741592407,0.836121141910553,1.6580396890640259
1791022078751653400,60.5766533203125,1.5406010150909424,0.6333140730857849,1.6751439571380615
1791022078768907000,60.59390698242188,1.6151264905929565,0.19654574990272522,1.6171118021011353
1791022078786160600,60.61116064453125,1.5094468593597412,0.29733842611312866,1.5401427745819092
1791022078803414300,60.62841430664062,1.2479966878890991,0.393244206905365,1.4033091068267822
1791022078820668000,60.64566796875,1.258992314338684,0.2900080680847168,1.208443284034729
1791022078837921500,60.66292163085937,1.2834268808364868,0.11285726726055145,1.124754786491394
1791022078855175200,60.680175048828126,1.3518437147140503,-0.11438442766666412,1.0471749305725098
1791022078872428500,60.69742846679687,1.3530654907226562,-0.14859285950660706,1.0502293109893799
1791022078889682200,60.71468212890625,1.3665045499801636,-0.18952079117298126,1.023962140083313
1791022078906935800,60.73193579101562,1.3274091482162476,-0.11499529331922531,0.8437569737434387
1791022078924189400,60.749189453125,1.1294889450073242,0.09208786487579346,0.6556106209754944
1791022078941443000,60.766443115234374,0.8625410795211792,-0.06246092543005943,0.4699077308177948
1791022078958696700,60.78369677734375,0.6120865345001221,-0.2799287736415863,0.29886558651924133
1791022078975950600,60.80095068359375,0.3555232882499695,-0.3269653618335724,0.2652680277824402
1791022078993204000,60.81820385742188,0.1594357043504715,-0.1773035079240799,0.2787070572376251
1791022079010457600,60.83545751953125,0.08002328872680664,-0.18341214954853058,0.20662501454353333
1791022079027711000,60.8527109375,0.0769689604640007,-0.3257436454296112,0.05635227635502815
1791022079044964600,60.869964599609375,0.13927717506885529,-0.20967933535575867,-0.11713331937789917
1791022079062218200,60.88721826171875,0.11606431007385254,-0.14920371770858765,-0.1769980639219284
1791022079079471900,60.904471923828126,0.033597562462091446,-0.26282456517219543,-0.12873975932598114
1791022079096725500,60.9217255859375,-0.004886918235570192,-0.033139415085315704,-0.08414662629365921
1791022079113979100,60.93897924804688,-0.10873392969369888,0.04627300798892975,-0.19898919761180878
1791022079131232800,60.95623266601562,-0.16126830875873566,0.1366809904575348,-0.29367324709892273
1791022079148486100,60.973486083984376,-0.21502439677715302,0.024892739951610565,-0.23747368156909943
1791022079165739800,60.99073974609375,-0.3035998046398163,-0.11377356201410294,-0.2704603672027588
1791022079182993700,61.00799365234375,-0.38667741417884827,-0.0850629210472107,-0.4488328993320465
1791022079200247000,61.0252470703125,-0.49418962001800537,-0.006872228812426329,-0.651639997959137
1791022079217500700,61.04250073242188,-0.6120865345001221,0.22098033130168915,-0.7359393239021301
1791022079234754300,61.05975439453125,-0.7562506198883057,0.24480405449867249,-0.6858484148979187
1791022079252008000,61.07700805664062,-0.8943060636520386,-0.0032070400193333626,-0.7060069441795349
1791022079269261600,61.094261474609375,-0.9932661056518555,-0.10277800261974335,-0.9326378107070923
1791022079286515200,61.11151513671875,-1.1417062282562256,-0.15286891162395477,-1.3199260234832764
1791022079303768800,61.128768798828126,-1.1801908016204834,0.0383317656815052,-1.3229804039001465
1791022079321022200,61.14602221679687,-1.0946696996688843,-0.4332558512687683,-0.9980003237724304
1791022079338275800,61.16327587890625,-0.9816597104072571,-0.36972591280937195,-0.8849903345108032
1791022079355529500,61.18052954101562,-0.9737184643745422,-0.4436405599117279,-1.1348340511322021
1791022079372783000,61.197783203125,-1.1423171758651733,-0.6647735834121704,-1.5361721515655518
1791022079390036700,61.21503662109375,-1.2382229566574097,-0.7203623056411743,-1.5612176656723022
1791022079407290400,61.23229028320313,-1.1398736238479614,-0.8443678617477417,-1.4048362970352173
1791022079424544000,61.2495439453125,-0.9743293523788452,-0.726470947265625,-1.354134440422058
1791022079441797600,61.26679760742188,-0.9388991594314575,-0.5621483325958252,-1.4940224885940552
1791022079459051300,61.28405126953125,-1.0885610580444336,-0.6513345837593079,-1.6742275953292847
1791022079476304600,61.3013046875,-1.2834268808364868,-0.7111993432044983,-1.578932762145996
1791022079493558300,61.318558349609376,-1.3878847360610962,-0.7441860437393188,-1.392619013786316
1791022079510812000,61.33581201171875,-1.2999202013015747,-0.6079631447792053,-1.253341794013977
1791022079528065500,61.3530654296875,-1.25715970993042,-0.6629409790039062,-1.2563961744308472
1791022079545319200,61.37031909179687,-1.2455532550811768,-0.910952091217041,-1.2118029594421387
1791022079562572800,61.38757275390625,-1.186299443244934,-0.8694133162498474,-1.271667718887329
1791022079579826400,61.404826416015624,-1.0781763792037964,-1.0813833475112915,-1.1751511096954346
1791022079597079800,61.42207983398438,-0.962722897529602,-0.8822414875030518,-1.1116211414337158
1791022079614333400,61.43933349609375,-0.8900299668312073,-0.5334376692771912,-1.167820692062378
1791022079631587000,61.45658715820313,-0.8466585874557495,-0.512668251991272,-0.9973894953727722
1791022079648840700,61.4738408203125,-0.7415898442268372,-0.2793179154396057,-0.9143118858337402
1791022079666094300,61.49109423828125,-0.5705476999282837,-0.13454297184944153,-0.7976366877555847
1791022079683348000,61.508347900390625,-0.3756818473339081,0.10369429737329483,-0.753043532371521
1791022079700601600,61.5256015625,-0.20647229254245758,0.03527744114398956,-0.558788537979126
1791022079717855200,61.542855224609376,-0.12156209349632263,-0.09361502528190613,-0.3871355652809143
1791022079735108900,61.56010888671875,-0.1484401375055313,0.03894263133406639,-0.2631300091743469
1791022079752362500,61.57736254882813,0.014049889519810677,0.11713331937789917,0.036193739622831345
1791022079769616000,61.59461596679687,0.1288924664258957,0.5838339924812317,0.16752967238426208
1791022079786869500,61.611869384765626,0.2461785078048706,0.4702131748199463,0.5303833484649658
1791022079804123100,61.629123046875,0.36774060130119324,0.836121141910553,0.7765618562698364
1791022079821376800,61.64637670898438,0.3799578845500946,0.5648971796035767,0.9097303748130798
1791022079838630400,61.66363037109375,0.49663305282592773,0.6467530727386475,1.0038034915924072
1791022079855884000,61.68088403320313,0.6041452884674072,0.9350812435150146,1.0007492303848267
1791022079873137400,61.698137451171874,0.6420188546180725,1.0480912923812866,1.16079580783844
1791022079890391000,61.71539111328125,0.7837395071983337,1.0230457782745361,1.3782637119293213
1791022079907644700,61.732644775390625,0.8570432662963867,0.7609847784042358,1.5584688186645508
1791022079924898300,61.74989819335938,0.8185588121414185,0.7835868000984192,1.5346450805664062
1791022079942152000,61.76715185546875,0.8155044913291931,0.8403972387313843,1.474169373512268
1791022079959405600,61.78440551757812,0.9315688014030457,0.5294670462608337,1.6262747049331665
1791022079976659200,61.8016591796875,1.053130865097046,0.4689914286136627,1.7655519247055054
1791022079993912800,61.81891284179687,1.0702351331710815,0.6259836554527283,1.7258456945419312
1791022080011166500,61.83616650390625,1.0238093137741089,0.7304415702819824,1.6372703313827515
1791022080028419800,61.853419921875,1.0500766038894653,0.8385646343231201,1.5645774602890015
1791022080045673500,61.87067358398438,1.2034035921096802,0.6137663722038269,1.5450297594070435
1791022080062927000,61.88792700195312,1.4660754203796387,0.6669116020202637,1.5370885133743286
1791022080080180700,61.9051806640625,1.5106686353683472,0.8165735006332397,1.5004366636276245
1791022080097434400,61.922434326171874,1.564424753189087,0.8379537463188171,1.427743673324585
1791022080114688000,61.93968798828125,1.5705333948135376,0.7750346660614014,1.3935352563858032
1791022080131941400,61.95694140625,1.729358196258545,0.23686282336711884,1.253036379814148
1791022080149195000,61.97419506835938,1.8466442823410034,-0.09300415962934494,1.1754565238952637
1791022080166448600,61.99144873046875,1.6817107200622559,-0.5658134818077087,1.1772891283035278
1791022080183702300,62.00870239257812,1.3811652660369873,-0.4027126133441925,1.123533010482788
1791022080200956000,62.025955810546876,1.1783581972122192,-0.03252854943275452,0.9549343585968018
1791022080218209500,62.04320947265625,1.0274745225906372,-0.07345648854970932,0.8046616315841675
1791022080235463200,62.06046313476563,0.7855721116065979,-0.061850059777498245,0.8394809365272522
1791022080252716800,62.077716796875,0.6817250847816467,0.09758564829826355,0.6867647171020508
1791022080269970400,62.09497045898438,0.46914416551589966,0.1360701322555542,0.4027126133441925
1791022080287223800,62.112223876953124,0.29565855860710144,-0.17608177661895752,0.24266603589057922
1791022080304477400,62.1294775390625,0.1905898153781891,-0.2805396616458893,0.3782780170440674
1791022080321731000,62.14673095703125,0.12095122784376144,-0.40698865056037903,0.36544984579086304
1791022080338984700,62.16398461914063,0.06902772188186646,-0.40149086713790894,0.19013166427612305
1791022080356238300,62.18123828125,0.0720820426940918,-0.356286883354187,0.025809036567807198
1791022080373492000,62.19849194335937,0.03298669680953026,-0.3098611533641815,-0.04260781779885292
1791022080390745600,62.21574560546875,0.0409279391169548,0.12263110280036926,0.03558287397027016
1791022080407999000,62.2329990234375,-0.008552107028663158,0.27168211340904236,0.03252854943275452
1791022080425252600,62.250252685546876,-0.09468404203653336,0.13240493834018707,-0.17027856409549713
1791022080442506200,62.26750634765625,-0.21746785938739777,-0.052076224237680435,-0.4030180275440216
1791022080459759900,62.284759765625,-0.35063639283180237,-0.13881902396678925,-0.513584554195404
1791022080477013500,62.30201342773437,-0.46608981490135193,0.19532401859760284,-0.5465712547302246
1791022080494267100,62.31926708984375,-0.6249146461486816,0.19043709337711334,-0.6430879235267639
1791022080511520500,62.3365205078125,-0.6493492722511292,0.3883572816848755,-0.6113229393959045
1791022080528774400,62.3537744140625,-0.7434224486351013,0.2790125012397766,-0.6669116020202637
1791022080546027800,62.37102783203125,-0.8588758707046509,0.402407169342041,-0.781754195690155
1791022080563281400,62.38828149414063,-0.9859357476234436,0.21670427918434143,-1.0053306818008423
1791022080580535000,62.40553515625,-1.0060943365097046,-0.0642935186624527,-1.254563570022583
1791022080597788700,62.42278857421875,-0.8045089244842529,0.2802342176437378,-1.143997073173523
1791022080615042300,62.440042236328125,-0.6505709886550903,0.18860450387001038,-0.9815070033073425
1791022080632296000,62.4572958984375,-0.6713404059410095,-0.32330018281936646,-0.7133373618125916
1791022080649549600,62.474549560546876,-0.7812960743904114,-0.6275108456611633,-0.7652608752250671
1791022080666803000,62.49180297851562,-0.963333785533905,-0.5816959738731384,-1.0456477403640747
1791022080684056600,62.509056640625,-0.9798271059989929,-0.6287325620651245,-1.143997073173523
1791022080701310200,62.52631030273437,-0.8497129082679749,-0.7790052890777588,-1.1494947671890259
1791022080718563800,62.543563720703126,-0.8680388331413269,-0.4082103967666626,-1.4139991998672485
1791022080735817500,62.5608173828125,-1.053741693496704,-0.2231183648109436,-1.670562505722046
1791022080753071000,62.57807104492188,-1.3054180145263672,-0.15775582194328308,-1.9607232809066772
1791022080770324500,62.59532446289062,-1.414151906967163,-0.045967575162649155,-1.9967643022537231
1791022080787578000,62.612578125,-1.3530654907226562,-0.22067490220069885,-1.7878484725952148
1791022080804831700,62.629831787109374,-1.1911863088607788,-0.625067412853241,-1.5239548683166504
1791022080822085400,62.64708544921875,-1.084285020828247,-0.6556106209754944,-1.6436843872070312
1791022080839339000,62.664339111328125,-0.972496747970581,-0.9176716208457947,-1.603978157043457
1791022080856592600,62.68159252929688,-0.8057306408882141,-1.2585341930389404,-1.5160136222839355
1791022080873846300,62.69884619140625,-0.7324268817901611,-1.0746638774871826,-1.6589560508728027
1791022080891100000,62.71609985351562,-0.7379246354103088,-0.9506583213806152,-1.613752007484436
1791022080908353300,62.733353271484376,-0.8069523572921753,-0.46257734298706055,-1.5386157035827637
1791022080925607000,62.75060693359375,-0.9071341753005981,-0.5578722357749939,-1.302211046218872
1791022080942860500,62.76786059570313,-0.8808670043945312,-0.5358811020851135,-1.0890191793441772
1791022080960114200,62.7851142578125,-0.7428115606307983,-0.2793179154396057,-0.9375247359275818
1791022080977367800,62.80236791992188,-0.5711585879325867,0.06215549260377884,-0.7896954417228699
1791022080994621400,62.819621337890624,-0.46364638209342957,0.24541492760181427,-0.7249437570571899
1791022081011874800,62.83687475585938,-0.28466299176216125,-0.21395538747310638,-0.24663665890693665
1791022081029128400,62.85412841796875,-0.17776164412498474,0.3150535225868225,-0.23258677124977112
1791022081046382000,62.87138208007813,-0.15821397304534912,0.5123628377914429,-0.15928299725055695
1791022081063635700,62.8886357421875,-0.01954767294228077,0.3627009689807892,0.028863361105322838
1791022081080889300,62.90588940429687,0.12583814561367035,0.34987279772758484,0.27809619903564453
1791022081098143000,62.92314306640625,0.1747073233127594,0.2863428592681885,0.4589121639728546
1791022081115396400,62.94039624023438,0.29993459582328796,0.3272708058357239,0.5890263915061951
1791022081132650000,62.95764990234375,0.401949018239975,0.27656903862953186,0.7851139307022095
1791022081149903600,62.97490356445312,0.46914416551589966,0.5031998753547668,0.8345940113067627
1791022081167157200,62.9921572265625,0.49602219462394714,0.6980656981468201,0.9445496797561646
1791022081184411000,63.00941088867187,0.5027416944503784,0.6681333780288696,1.1943933963775635
1791022081201664500,63.02666455078125,0.6059778332710266,1.0034980773925781,1.2457059621810913
1791022081218918100,63.043918212890624,0.6145299673080444,0.9540180563926697,1.3214532136917114
1791022081236171800,63.061171875,0.748920202255249,0.7145590782165527,1.5053235292434692
1791022081253425200,63.07842504882812,0.8729257583618164,0.4708240330219269,1.521206021308899
1791022081270678800,63.0956787109375,0.8747583627700806,0.5661189556121826,1.494938850402832
1791022081287932400,63.112932373046874,0.8851430416107178,0.669965922832489,1.624442219734192
1791022081305186000,63.13018603515625,1.0128138065338135,0.6308705806732178,1.7753257751464844
1791022081322439700,63.147439697265625,1.1074978113174438,0.8605557680130005,1.8315253257751465
1791022081339693300,63.164693359375,1.2748748064041138,0.985783040523529,1.8877248764038086
1791022081356946700,63.18194677734375,1.4398082494735718,0.5630646347999573,1.9763002395629883
1791022081374200300,63.19920043945312,1.5583161115646362,0.7622065544128418,1.8364121913909912
1791022081391454000,63.216453857421875,1.4996730089187622,0.8581122756004333,1.5694643259048462
1791022081408707600,63.23370751953125,1.4776818752288818,0.4329504072666168,1.4130829572677612
1791022081425961200,63.250961181640626,1.3530654907226562,0.33826637268066406,1.3281728029251099
1791022081443214600,63.26821459960937,1.2565488815307617,0.2490801066160202,1.1870629787445068
1791022081460468200,63.28546826171875,1.268766164779663,0.08597921580076218,1.0752747058868408
1791022081477721900,63.30272192382812,1.3176352977752686,0.06215549260377884,1.0257946252822876
1791022081494975500,63.3199755859375,1.4123194217681885,0.18677189946174622,1.0099122524261475
1791022081512229000,63.33722900390625,1.4294235706329346,0.3523162603378296,0.9915862679481506
1791022081529482800,63.35448266601563,1.3151918649673462,0.3712530732154846,0.8596394658088684
1791022081546736400,63.371736328125,1.1044435501098633,0.054214250296354294,0.6446150541305542
1791022081563990000,63.38898999023438,0.8826996088027954,-0.18524473905563354,0.5102248191833496
1791022081581243400,63.406243408203125,0.7128791809082031,0.04627300798892975,0.4644099473953247
1791022081598497000,63.4234970703125,0.5925388336181641,0.11224640160799026,0.29764387011528015
1791022081615750700,63.440750732421876,0.4557051360607147,0.009621120058000088,0.052687086164951324
1791022081633004300,63.45800439453125,0.38179048895835876,-0.2286161482334137,-0.11163553595542908
1791022081650258000,63.4752578125,0.2822195291519165,-0.29275694489479065,-0.13362666964530945
1791022081667511600,63.49251147460937,0.08857539296150208,-0.13881902396678925,-0.12690715491771698
1791022081684765000,63.509764892578126,-0.08368847519159317,-0.3202458620071411,-0.1818849891424179
1791022081702018600,63.5270185546875,-0.053145237267017365,-0.2994764447212219,-0.3321577310562134
1791022081719272200,63.54427221679688,0.029932374134659767,-0.10155627131462097,-0.5251910090446472
1791022081736525800,63.56152587890625,-0.017104214057326317,0.14828743040561676,-0.4799869954586029
1791022081753779500,63.57877954101563,-0.09957095980644226,0.016340631991624832,-0.3223838806152344
1791022081771033000,63.596033203125,-0.024434590712189674,-0.12110394239425659,-0.27656903862953186
1791022081788286500,63.61328637695313,-0.06841685622930527,-0.2084576040506363,-0.4176788032054901
1791022081805540000,63.6305400390625,-0.2101374864578247,-0.1461493968963623,-0.6296488642692566
1791022081822793700,63.64779370117188,-0.4043924808502197,0.20570871233940125,-0.6333140730857849
1791022081840047400,63.66504736328125,-0.5564978122711182,0.4592176079750061,-0.5716167092323303
1791022081857301000,63.68230102539062,-0.6982184648513794,0.3065013885498047,-0.680350661277771
1791022081874554600,63.6995546875,-0.7360920310020447,-0.036193739622831345,-0.9045380353927612
1791022081891808300,63.71680834960937,-0.8112284541130066,-0.42592546343803406,-1.1128429174423218
1791022081909062000,63.734061767578126,-0.8759800791740417,-0.25671592354774475,-1.1953096389770508
1791022081926315300,63.75131518554687,-0.94439697265625,0.05482511222362518,-1.1830923557281494
1791022081943569000,63.76856884765625,-1.063515543937683,-0.11927134543657303,-1.1879792213439941
1791022081960822500,63.78582250976562,-1.1343759298324585,-0.2994764447212219,-0.8898772597312927
1791022081978076200,63.803076171875,-0.9712749719619751,-0.41615164279937744,-0.7597630620002747
1791022081995329800,63.820329833984374,-0.8008437156677246,-0.57008957862854,-1.2325724363327026
1791022082012583200,63.83758325195313,-0.9779945015907288,-0.6885973215103149,-1.3657408952713013
1791022082029836800,63.8548369140625,-1.3310743570327759,-0.5371028780937195,-1.643073558807373
1791022082047090400,63.87209033203125,-1.415373682975769,-0.2182314395904541,-1.6894992589950562
1791022082064344000,63.889343994140624,-1.1087195873260498,-0.4534143805503845,-1.4445425271987915
1791022082081597700,63.90659765625,-0.9999856352806091,-0.49189886450767517,-1.4512619972229004
1791022082098851300,63.923851318359375,-1.1380411386489868,-0.3672824501991272,-1.6754493713378906
1791022082116104700,63.94110473632813,-1.3017528057098389,-0.39110618829727173,-1.7823506593704224
1791022082133358300,63.9583583984375,-1.2082905769348145,-0.6378955245018005,-1.42927086353302
1791022082150612000,63.97561206054687,-1.0403027534484863,-0.9268345832824707,-1.2606722116470337
1791022082167865600,63.992865478515625,-0.9395100474357605,-0.9476040005683899,-1.3162609338760376
1791022082185119200,64.010119140625,-0.9071341753005981,-0.7661771774291992,-1.4420989751815796
1791022082202372900,64.02737280273438,-0.8772017955780029,-0.716697096824646,-1.3229804039001465
1791022082219626200,64.04462622070312,-0.8637627959251404,-0.8498656153678894,-1.093906044960022
1791022082236880000,64.0618798828125,-0.8655954003334045,-0.744796872138977,-1.1745402812957764
1791022082254133500,64.07913354492187,-0.8600975871086121,-0.6360629796981812,-1.1782054901123047
1791022082271387100,64.09638720703126,-0.9590576887130737,-0.1406516134738922,-1.0957386493682861
1791022082288640800,64.11364086914062,-0.9902117848396301,-0.12232567369937897,-0.8532254099845886
1791022082305894400,64.13089428710937,-0.8295543789863586,-0.14431680738925934,-0.6840158104896545
1791022082323148000,64.14814794921875,-0.6817250847816467,-0.2890917658805847,-0.4280634820461273
1791022082340401400,64.1654013671875,-0.5082395076751709,-0.14431680738925934,-0.24174973368644714
1791022082357655000,64.18265502929688,-0.4147771894931793,0.39446592330932617,-0.228921577334404
1791022082374908700,64.19990869140625,-0.34574946761131287,0.2234237939119339,-0.025503603741526604
1791022082392162300,64.21716235351562,-0.19792018830776215,0.4897608458995819,0.10644318908452988
1791022082409416000,64.234416015625,-0.11972949653863907,0.43661558628082275,0.295811265707016
1791022082426669300,64.25166943359375,0.11484257876873016,0.443945974111557,0.6470585465431213
1791022082443923000,64.2689228515625,0.26389357447624207,0.7848085165023804,0.8028290271759033
1791022082461176600,64.28617651367188,0.3384190797805786,0.8629992008209229,1.0190751552581787
1791022082478430200,64.30343017578124,0.42394015192985535,1.0719150304794312,1.0398445129394531
1791022082495683800,64.32068383789063,0.5082395076751709,0.7243329286575317,1.2102758884429932
1791022082512937500,64.3379375,0.6078104376792908,0.9955568909645081,1.3135119676589966
1791022082530190800,64.35519091796876,0.7434224486351013,0.9063706398010254,1.3587160110473633
1791022082547444500,64.37244458007812,0.7874047160148621,0.938746452331543,1.4246894121170044
1791022082564698000,64.38969799804687,0.8093958497047424,1.1617120504379272,1.409417748451233
1791022082581951700,64.40695166015625,0.9315688014030457,0.8996511101722717,1.5431971549987793
1791022082599205400,64.42420532226562,1.0971131324768066,0.9112575054168701,1.5914554595947266
1791022082616458800,64.44145874023438,1.2437206506729126,0.7218894362449646,1.6464333534240723
1791022082633712400,64.45871240234375,1.2412772178649902,0.6663007736206055,1.605505347251892
1791022082650966000,64.47596606445312,1.230892539024353,0.6577486395835876,1.6061161756515503
1791022082668219600,64.4932197265625,1.334128737449646,0.4702131748199463,1.6507093906402588
1791022082685473300,64.51047338867187,1.4966187477111816,0.4091266989707947,1.5981749296188354
1791022082702726700,64.5277265625,1.452636480331421,0.8581122756004333,1.4931062459945679
1791022082719980500,64.54498046875,1.4019346237182617,0.9692896604537964,1.3984222412109375
1791022082737234000,64.56223388671874,1.5027273893356323,0.8452841639518738,1.3361139297485352
1791022082754487600,64.57948754882813,1.528383731842041,0.6730202436447144,1.297629475593567
1791022082771741200,64.5967412109375,1.5228859186172485,0.5490147471427917,1.1485785245895386
1791022082788994800,64.61399487304688,1.4404191970825195,0.24602578580379486,1.0496183633804321
1791022082806248400,64.63124853515625,1.453247308731079,0.011453714221715927,0.9066760540008545
1791022082823501800,64.64850170898437,1.3463460206985474,0.018784092739224434,0.9250019788742065
1791022082840755500,64.66575537109375,1.202792763710022,0.15012001991271973,0.9329432249069214
1791022082858009000,64.68300903320312,1.1026109457015991,0.32299473881721497,0.809548556804657
1791022082875262700,64.7002626953125,1.053741693496704,0.41095927357673645,0.6299542784690857
1791022082892516400,64.71751635742187,1.0329723358154297,0.3223838806152344,0.5560396909713745
1791022082909770000,64.73477001953125,0.8845322132110596,0.12996147572994232,0.47845983505249023
1791022082927023400,64.7520234375,0.6157516837120056,0.013286309316754341,0.3507890999317169
1791022082944277000,64.76927709960937,0.3970620930194855,0.011453714221715927,0.14981459081172943
1791022082961530600,64.78653051757813,0.3133736252784729,-0.1718057245016098,0.06307178735733032
1791022082978784300,64.8037841796875,0.2669478952884674,-0.13881902396678925,0.07773254066705704
1791022082996038000,64.82103784179688,0.23335035145282745,-0.0850629210472107,-0.025503603741526604
1791022083013291300,64.83829125976563,0.20708316564559937,-0.1302669197320938,-0.2338084876537323
1791022083030545000,64.855544921875,0.08979712426662445,-0.25610506534576416,-0.3669770061969757
1791022083047798500,64.87279858398438,-0.014049889519810677,-0.2383899837732315,-0.494647741317749
1791022083065052200,64.89005224609375,-0.08429934084415436,0.044440411031246185,-0.6760746240615845
1791022083082305800,64.90730590820313,-0.23029601573944092,0.064598947763443,-0.8947641849517822
1791022083099559400,64.92455932617187,-0.3536907136440277,0.0743727833032608,-0.8856012225151062
1791022083116812800,64.94181274414062,-0.2718348205089569,0.4017963111400604,-0.7762564420700073
1791022083134066400,64.95906640625,-0.16126830875873566,0.42195484042167664,-0.7512109875679016
1791022083151320000,64.97632006835937,-0.15149445831775665,0.21975859999656677,-0.8037453293800354
1791022083168573700,64.99357373046875,-0.16798780858516693,0.08048143237829208,-0.8770490884780884
1791022083185827300,65.01082739257812,-0.25350889563560486,-0.07895427197217941,-1.0822997093200684
1791022083203081000,65.0280810546875,-0.42455101013183594,0.013286309316754341,-1.1470513343811035
1791022083220334600,65.04533447265625,-0.6139190793037415,0.005955931730568409,-1.0083850622177124
1791022083237588000,65.062587890625,-0.7171552777290344,0.1153007298707962,-0.9845613241195679
1791022083254841600,65.07984155273438,-0.8998038172721863,0.21181736886501312,-1.1488839387893677
1791022083272095200,65.09709521484375,-1.0708459615707397,-0.02764163166284561,-1.22402024269104
1791022083289348900,65.11434887695313,-1.035415768623352,-0.40698865056037903,-1.1140646934509277
1791022083306602500,65.1316025390625,-0.9682206511497498,-0.4656316637992859,-1.1843141317367554
1791022083323856000,65.14885595703124,-1.01708984375,-0.4595230221748352,-1.2863285541534424
1791022083341109500,65.16610961914063,-0.9749401807785034,-0.7252492308616638,-1.271667718887329
1791022083358363100,65.18336303710937,-1.0030399560928345,-0.7252492308616638,-1.35657799243927
1791022083375616800,65.20061669921876,-1.173471212387085,-0.7283035516738892,-1.5251766443252563
1791022083392870400,65.21787036132812,-1.2712095975875854,-0.780837893486023,-1.3920080661773682
1791022083410123800,65.23512377929687,-1.2315033674240112,-0.9091194868087769,-1.3602432012557983
1791022083427377400,65.25237744140625,-1.1239912509918213,-1.1082614660263062,-1.2606722116470337
1791022083444631000,65.26963110351562,-1.0848958492279053,-1.3501639366149902,-1.15132737159729
1791022083461884700,65.286884765625,-1.1294889450073242,-1.3581050634384155,-1.1397209167480469
1791022083479138300,65.30413818359375,-1.191797137260437,-1.2646428346633911,-1.3675734996795654
1791022083496391700,65.3213916015625,-1.255937933921814,-1.1394155025482178,-1.366351842880249
1791022083513645300,65.33864526367188,-1.296255111694336,-0.8211549520492554,-1.2783873081207275
1791022083530899000,65.35589892578125,-1.2168426513671875,-0.9561560750007629,-1.1672098636627197
1791022083548152600,65.37315258789063,-1.1056652069091797,-0.9256128668785095,-1.0877974033355713
1791022083565406200,65.39040625,-1.0409135818481445,-0.6824886798858643,-1.1097885370254517
1791022083582659600,65.40765966796874,-1.1160500049591064,-0.46624255180358887,-1.1501057147979736
1791022083599913200,65.42491333007813,-1.12765634059906,-0.5175551772117615,-0.9509637355804443
1791022083617166800,65.44216674804687,-1.0696241855621338,-0.5755873322486877,-0.7646499872207642
1791022083634420500,65.45942041015626,-0.9486730098724365,-0.37461283802986145,-0.6400335431098938
1791022083651674000,65.47667407226562,-0.7892373204231262,-0.06307178735733032,-0.5325213670730591
1791022083668927700,65.493927734375,-0.7269290685653687,0.015729768201708794,-0.3877464234828949
1791022083686181400,65.51118139648437,-0.5522217750549316,-0.2188423126935959,-0.009010255336761475
1791022083703434800,65.52843481445312,-0.3854556679725647,0.40973755717277527,0.017256930470466614
1791022083720688400,65.5456884765625,-0.43982264399528503,0.2600756883621216,0.10705405473709106
1791022083737942000,65.56294189453125,-0.2626718580722809,0.10186170041561127,0.378888875246048
1791022083755195600,65.58019555664063,-0.27366742491722107,0.0102319847792387,0.5566505193710327
1791022083772449300,65.59744921875,-0.24984370172023773,0.21120649576187134,0.7924443483352661
1791022083789702700,65.61470263671875,-0.15699224174022675,0.47693267464637756,0.9860884547233582
1791022083806956300,65.63195629882813,0.007941242307424545,0.4353938698768616,1.2322670221328735
1791022083824210000,65.6492099609375,0.1337793916463852,0.7017309069633484,1.3300052881240845
1791022083841463600,65.66646362304688,0.07086031138896942,1.124449372291565,1.3807071447372437
1791022083858717200,65.68371728515625,0.05864302068948746,0.9552397727966309,1.6488767862319946
1791022083875970600,65.70097045898437,0.143553227186203,0.8770490884780884,1.7105741500854492
1791022083893224200,65.71822412109375,0.23518294095993042,0.8067996501922607,1.7136284112930298
1791022083910477800,65.73547778320312,0.37140578031539917,0.4592176079750061,1.7453933954238892
1791022083927731500,65.7527314453125,0.5094612240791321,0.6119337677955627,1.7026329040527344
1791022083944985000,65.76998510742187,0.6346884965896606,0.8984293937683105,1.7313435077667236
1791022083962239000,65.78723901367188,0.8466585874557495,0.8709404468536377,1.8742858171463013
1791022083979492000,65.8044921875,0.9779945015907288,1.0261001586914062,1.8217514753341675
1791022083996745700,65.82174584960937,1.0323615074157715,0.947909414768219,1.7405065298080444
1791022084013999400,65.83899926757813,1.2137882709503174,0.7322741746902466,1.7844886779785156
1791022084031253000,65.8562529296875,1.3103049993515015,0.5887209177017212,1.846796989440918
1791022084048506400,65.87350634765625,1.3738348484039307,0.5068650245666504,1.8504620790481567
1791022084065760000,65.89076000976563,1.2009601593017578,0.6345357894897461,1.6586506366729736
1791022084083013600,65.908013671875,1.2925899028778076,0.5288561582565308,1.3593268394470215
1791022084100267300,65.92526733398438,1.4624103307724,0.3969093859195709,1.3141229152679443
1791022084117521000,65.94252099609375,1.4581341743469238,0.02306014485657215,1.4228568077087402
1791022084134774300,65.95977416992187,1.4043781757354736,0.08720094710588455,1.402698278427124
1791022084152028000,65.97702783203125,1.378721833229065,0.03283398225903511,1.2524255514144897
1791022084169281500,65.99428149414062,1.3182462453842163,-0.28787001967430115,1.049007534980774
1791022084186535200,66.01153515625,1.2009601593017578,-0.3104720115661621,0.9665408134460449
1791022084203788800,66.02878881835937,1.0958913564682007,-0.2903134822845459,0.9457713961601257
1791022084221042200,66.04604223632812,0.9083559513092041,-0.17058399319648743,0.9317215085029602
1791022084238296000,66.06329614257812,0.6805033683776855,-0.17058399319648743,0.8901826739311218
1791022084255549400,66.08054956054687,0.5418370366096497,-0.18524473905563354,0.8052725195884705
1791022084272803000,66.09780297851563,0.370184063911438,-0.02153298258781433,0.6989820003509521
1791022084290056700,66.115056640625,0.20769402384757996,-0.10888664424419403,0.6122392416000366
1791022084307310300,66.13231030273438,0.09957095980644226,-0.22250749170780182,0.6226239204406738
1791022084324564000,66.14956396484375,0.06230820715427399,-0.3410152494907379,0.6006327867507935
1791022084341817300,66.1668173828125,-0.002443459117785096,-0.28848087787628174,0.5254964232444763
1791022084359071000,66.18407104492188,-0.0616973415017128,-0.3306305706501007,0.38560840487480164
1791022084376324600,66.20132470703125,-0.04825831577181816,-0.4503600597381592,0.14309507608413696
1791022084393578200,66.218578125,-0.047036588191986084,-0.25121814012527466,-0.08048143237829208
1791022084410832000,66.23583178710938,-0.18387030065059662,-0.023976443335413933,-0.16050471365451813
1791022084428085200,66.25308520507812,-0.3426951467990875,-0.01847865991294384,-0.2533561587333679
1791022084445339000,66.2703388671875,-0.38667741417884827,0.24663665890693665,-0.3266599476337433
1791022084462592500,66.28759252929687,-0.37140578031539917,0.29733842611312866,-0.2545779049396515
1791022084479846100,66.30484619140626,-0.3433060050010681,0.18432845175266266,-0.21548254787921906
1791022084497099800,66.32209985351562,-0.28466299176216125,0.2594648003578186,-0.4329504072666168
1791022084514353200,66.33935327148437,-0.3329212963581085,0.3156643807888031,-0.8898772597312927
1791022084531606800,66.35660668945313,-0.5687150955200195,0.49892380833625793,-0.7872520089149475
1791022084548860400,66.3738603515625,-0.768467903137207,0.43111783266067505,-0.5374082922935486
1791022084566114000,66.39111401367188,-0.7880155444145203,0.24236060678958893,-0.5923861265182495
1791022084583367700,66.40836767578125,-0.7990111112594604,-0.03191768378019333,-0.8153517842292786
1791022084600621000,66.42562109375,-0.8643736839294434,-0.1204930767416954,-0.9112575054168701
1791022084617874700,66.44287475585938,-0.8881973624229431,-0.012370011769235134,-0.864220917224884
1791022084635128300,66.46012841796875,-0.8588758707046509,-0.09789107739925385,-0.8153517842292786
1791022084652382000,66.4773818359375,-0.9376774430274963,-0.03191768378019333,-0.9204205274581909
1791022084669635600,66.49463549804688,-1.1429280042648315,0.027336198836565018,-1.1635446548461914
1791022084686889000,66.51188891601562,-1.2980875968933105,-0.1974620372056961,-1.3840668201446533
1791022084704142600,66.529142578125,-1.3561197519302368,-0.2701549530029297,-1.5520546436309814
1791022084721396200,66.54639624023437,-1.3017528057098389,-0.2848156988620758,-1.696218729019165
1791022084738649900,66.56364990234376,-0.9193515181541443,-0.35445427894592285,-1.484859585762024
1791022084755903500,66.58090356445312,-0.5937605500221252,-0.5279398560523987,-1.180648922920227
1791022084773156900,66.59815698242187,-0.6322450637817383,-0.522442102432251,-1.4030036926269531
1791022084790410500,66.61541040039063,-0.9706641435623169,-0.304974228143692,-2.034027099609375
1791022084807664000,66.6326640625,-1.1520910263061523,-0.5584831237792969,-1.7756311893463135
1791022084824917800,66.64991772460938,-1.0012073516845703,-0.6757691502571106,-1.3767365217208862
1791022084842171400,66.66717138671875,-1.0500766038894653,-0.4027126133441925,-1.652847409248352
1791022084859425000,66.68442504882813,-1.3921607732772827,-0.26160284876823425,-2.128710985183716
1791022084876678400,66.70167846679688,-1.2565488815307617,-0.8352048993110657,-1.5251766443252563
1791022084893932000,66.71893212890625,-1.0079269409179688,-0.8077159523963928,-1.2692242860794067
1791022084911185700,66.736185546875,-0.9999856352806091,-0.8516982197761536,-1.5544981956481934
1791022084928439300,66.75343920898437,-0.9596685767173767,-0.847422182559967,-1.457370638847351
1791022084945693000,66.77069287109374,-0.8313869833946228,-0.7838922142982483,-1.1494947671890259
1791022084962946300,66.7879462890625,-0.7183769941329956,-0.5083922147750854,-1.0920735597610474
1791022084980200000,66.80519995117187,-0.6597339510917664,-0.22617268562316895,-1.0945169925689697
1791022084997453600,66.82245361328125,-0.5534434914588928,-0.027030766010284424,-0.9973894953727722
1791022085014707200,66.83970727539062,-0.4734202027320862,-0.16814053058624268,-0.7053961157798767
1791022085031960800,66.8569609375,-0.360410213470459,-0.4405862092971802,-0.5361865758895874
1791022085049214200,66.87421411132813,-0.20158538222312927,-0.19929464161396027,-0.425009161233902
1791022085066467800,66.8914677734375,-0.1496618688106537,0.18677189946174622,-0.25641047954559326
1791022085083721500,66.90872143554688,-0.056199558079242706,0.4195113778114319,-0.09636391699314117
1791022085100975000,66.92597509765625,0.14477495849132538,0.5618428587913513,0.3019199073314667
1791022085118228700,66.94322875976563,0.28038692474365234,0.32788166403770447,0.6079631447792053
1791022085135482000,66.96048217773438,0.40255987644195557,0.6314814686775208,0.8040507435798645
1791022085152735700,66.97773583984375,0.5302306413650513,0.7200568318367004,0.6843212842941284
1791022085169989400,66.9949892578125,0.6249146461486816,0.2087630331516266,0.7845031023025513
1791022085187243000,67.01224291992187,0.6059778332710266,0.6394227147102356,0.7838922142982483
1791022085204496600,67.02949658203126,0.5943714380264282,0.29856017231941223,1.1485785245895386
1791022085221750000,67.04675,0.6750055551528931,0.7334958910942078,1.315955400466919
1791022085239003600,67.06400366210937,0.7147117853164673,0.836732029914856,1.2017236948013306
1791022085256257300,67.08125732421875,0.6792816519737244,0.781143307685852,1.2664754390716553
1791022085273511000,67.09851098632812,0.8051197528839111,0.5765036344528198,1.493717074394226
1791022085290764500,67.1157646484375,0.9969313144683838,0.47815442085266113,1.62505304813385
1791022085308018000,67.13301782226563,1.0103703737258911,0.7609847784042358,1.642768144607544
1791022085325271600,67.150271484375,1.0103703737258911,0.856279730796814,1.6775873899459839
1791022085342525200,67.16752514648438,1.201570987701416,0.8923207521438599,1.7569998502731323
1791022085359778800,67.18477880859375,1.4886775016784668,0.6174315810203552,1.8498512506484985
1791022085377032200,67.2020322265625,1.7189735174179077,0.6394227147102356,1.8590142726898193
1791022085394285800,67.21928588867188,1.5809180736541748,1.1458295583724976,1.8755075931549072
1791022085411539500,67.23653955078125,1.5790854692459106,1.0798561573028564,1.7710497379302979
1791022085428793000,67.25379296875,1.712864875793457,0.6626355648040771,1.670867919921875
1791022085446046500,67.27104638671875,1.7275255918502808,0.3309359848499298,1.6391029357910156
1791022085463300000,67.28830004882812,1.5949679613113403,0.2179260104894638,1.5987858772277832
1791022085480554000,67.30555395507812,1.426369309425354,0.01511890348047018,1.4497348070144653
1791022085497807400,67.32280737304687,1.3768892288208008,0.27717989683151245,1.3330596685409546
1791022085515061000,67.34006103515625,1.5473204851150513,0.32910341024398804,1.2224931716918945
1791022085532314600,67.35731469726562,1.6084070205688477,0.12751802802085876,1.0972658395767212
1791022085549568300,67.374568359375,1.323133111000061,0.3468184769153595,0.9579886794090271
1791022085566822000,67.39182177734375,0.9828814268112183,0.1415679156780243,0.6635518670082092
1791022085584075300,67.4090751953125,0.6872228980064392,-0.010537417605519295,0.35323256254196167
1791022085601329000,67.42632885742188,0.5412262082099915,0.046883873641490936,0.25243985652923584
1791022085618582500,67.44358251953125,0.47097674012184143,-0.0691804364323616,0.3520108163356781
1791022085635836200,67.46083618164063,0.4147771894931793,-0.17547090351581573,0.3617846667766571
1791022085653089500,67.47808959960938,0.42088583111763,-0.08384118974208832,0.3251327872276306
1791022085670343200,67.49534326171874,0.3543015718460083,-0.3715584874153137,0.26099199056625366
1791022085687596800,67.5125966796875,0.2889390289783478,-0.1773035079240799,0.2493855506181717
1791022085704850400,67.52985034179687,0.14233149588108063,-0.011759147047996521,0.1510363221168518
1791022085722104000,67.54710400390626,0.030543239787220955,-0.12660172581672668,-0.007788525894284248
1791022085739357400,67.564357421875,0.018325943499803543,0.027336198836565018,-0.06520981341600418
1791022085756611000,67.58161108398437,-0.025045456364750862,-0.07223475724458694,-0.16844595968723297
1791022085773864700,67.59886474609375,-0.040317077189683914,0.03649916872382164,-0.2484692484140396
1791022085791118300,67.61611840820312,-0.15088360011577606,-0.01908952370285988,-0.4335612654685974
1791022085808372000,67.6333720703125,-0.2406807243824005,-0.014202605932950974,-0.6320923566818237
1791022085825625300,67.65062524414063,-0.2987128794193268,0.21975859999656677,-0.6821832656860352
1791022085842879000,67.66787890625,-0.4111120104789734,0.18371757864952087,-0.6937896609306335
1791022085860132600,67.68513256835938,-0.5668824911117554,0.3712530732154846,-0.8587231636047363
1791022085877386200,67.70238623046875,-0.8008437156677246,0.6125446557998657,-1.1653772592544556
1791022085894639900,67.71963989257813,-1.0574069023132324,0.8959859013557434,-1.161101222038269
1791022085911893200,67.73689331054688,-1.0769546031951904,0.9680679440498352,-0.957683265209198
1791022085929147000,67.75414697265624,-0.9217949509620667,0.47265663743019104,-0.9088140726089478
1791022085946400500,67.771400390625,-0.8295543789863586,-0.04413498193025589,-0.9607375860214233
1791022085963654100,67.78865405273437,-0.9217949509620667,-0.38988444209098816,-1.087186574935913
1791022085980907500,67.80590747070312,-1.0225876569747925,-0.347123920917511,-0.9845613241195679
1791022085998161200,67.8231611328125,-0.8558215498924255,-0.29886558651924133,-1.077412724494934
1791022086015414800,67.84041479492187,-0.7562506198883057,-0.36544984579086304,-1.2411245107650757
1791022086032668400,67.85766845703125,-0.8558215498924255,-0.3416261374950409,-1.2692242860794067
1791022086049922000,67.87492211914062,-1.0018181800842285,-0.3416261374950409,-1.4414881467819214
1791022086067175400,67.89217553710938,-1.2748748064041138,-0.3733910918235779,-1.6754493713378906
1791022086084429000,67.90942895507813,-1.4941751956939697,-0.12110394239425659,-1.9234604835510254
1791022086101682700,67.9266826171875,-1.5289945602416992,0.021838415414094925,-1.965610146522522
1791022086118936300,67.94393627929688,-1.3842196464538574,-0.03191768378019333,-1.7389793395996094
1791022086136190000,67.96118994140625,-1.2528836727142334,-0.48701193928718567,-1.4286600351333618
1791022086153443300,67.978443359375,-1.2638791799545288,-0.8150463104248047,-1.494633436203003
1791022086170697000,67.99569702148438,-1.3451242446899414,-0.5077813267707825,-1.8348851203918457
1791022086187950600,68.01295068359374,-1.3182462453842163,-0.15897755324840546,-1.7456988096237183
1791022086205204200,68.03020434570313,-1.1349867582321167,-0.4503600597381592,-1.3761255741119385
1791022086222457900,68.04745776367187,-0.9920443892478943,-0.7783944606781006,-1.1763728857040405
1791022086239711500,68.06471142578125,-0.9816597104072571,-0.8651372194290161,-1.2392919063568115
1791022086256964900,68.08196484375,-0.9553925395011902,-0.6708822250366211,-1.2136355638504028
1791022086274218500,68.09921850585937,-0.7654135823249817,-1.2591450214385986,-0.8080213665962219
1791022086291472100,68.11647216796875,-0.5381718873977661,-1.532812476158142,-0.40607234835624695
1791022086308725500,68.1337255859375,-0.41416633129119873,-0.6898190379142761,-0.8000801205635071
1791022086325979400,68.1509794921875,-0.5839866995811462,-0.9268345832824707,-0.7237220406532288
1791022086343232800,68.16823266601563,-0.665842592716217,-0.22495095431804657,-0.5526798963546753
1791022086360486400,68.185486328125,-0.6896663308143616,0.6644681692123413,-0.8996511101722717
1791022086377740000,68.20273999023438,-0.6249146461486816,0.504421591758728,-0.383470356464386
1791022086394993700,68.21999365234375,-0.31459537148475647,0.383470356464386,-0.01511890348047018
1791022086412247000,68.2372470703125,0.04459312930703163,0.578336238861084,-0.00045814859913662076
1791022086429500700,68.25450073242187,0.07513637095689774,0.7322741746902466,0.012370011769235134
1791022086446754300,68.27175439453126,0.21258094906806946,0.6998983025550842,0.0001527161948615685
1791022086464008000,68.28900805664063,0.23396120965480804,0.48181959986686707,-0.017562363296747208
1791022086481261600,68.30626147460937,0.40744680166244507,-0.06307178735733032,0.25549420714378357
1791022086498515000,68.32351489257813,0.6420188546180725,0.2942841053009033,0.3202458620071411
1791022086515768600,68.3407685546875,0.6896663308143616,0.31383177638053894,0.42531460523605347
1791022086533022200,68.35802221679687,0.7715222239494324,0.9442442059516907,0.5981893539428711
1791022086550275800,68.37527587890625,0.9095776677131653,0.5820014476776123,0.8663589954376221
1791022086567529200,68.392529296875,1.0024291276931763,0.3510945439338684,1.124754786491394
1791022086584782800,68.40978295898438,1.102000117301941,0.7389936447143555,1.1143701076507568
1791022086602036500,68.42703637695313,0.8839213252067566,1.057865023612976,1.0093013048171997
1791022086619290000,68.4442900390625,0.8283326625823975,1.0157153606414795,1.2127193212509155
1791022086636543700,68.46154370117188,1.0470222234725952,0.6565269231796265,1.457065224647522
1791022086653797000,68.47879711914062,1.2431098222732544,0.7750346660614014,1.5181516408920288
1791022086671050800,68.49605078125,1.1911863088607788,1.292437195777893,1.501658320426941
1791022086688304400,68.51330444335937,1.1655299663543701,0.9656245112419128,1.6397137641906738
1791022086705558000,68.53055810546876,1.3054180145263672,0.6382009983062744,1.7759366035461426
1791022086722811600,68.54781176757812,1.5949679613113403,0.45249807834625244,1.7179044485092163
1791022086740065000,68.56506494140625,1.5674790143966675,0.6143772602081299,1.6073379516601562
1791022086757318700,68.58231860351563,1.4385865926742554,0.8287907838821411,1.5028800964355469
1791022086774572300,68.599572265625,1.5693116188049316,0.27779075503349304,1.364824652671814
1791022086791826000,68.61682592773437,1.6236785650253296,0.27107125520706177,1.2395973205566406
1791022086809079600,68.63407958984375,1.580307126045227,-0.07834340631961823,1.2481495141983032
1791022086826333000,68.6513330078125,1.4471386671066284,-0.15958842635154724,1.2762492895126343
1791022086843586600,68.66858666992188,1.3353503942489624,0.0902552679181099,1.1614066362380981
1791022086860840200,68.68584008789063,1.3683371543884277,-0.0844520553946495,0.9799798130989075
1791022086878093800,68.70309375,1.3506220579147339,0.20082180202007294,0.8510873317718506
1791022086895347200,68.72034716796875,1.3768892288208008,0.16844595968723297,0.7429642677307129
1791022086912600800,68.73760083007812,1.3164136409759521,0.04810560122132301,0.6226239204406738
1791022086929854500,68.7548544921875,1.1282672882080078,0.06154462695121765,0.5908589363098145
1791022086947108000,68.77210815429687,0.9694424271583557,-0.13393209874629974,0.49250972270965576
1791022086964361700,68.78936181640626,0.8216131329536438,-0.20112723112106323,0.4271472096443176
1791022086981615000,68.80661499023438,0.665842592716217,-0.3324631452560425,0.33001968264579773
1791022086998868700,68.82386865234375,0.472198486328125,-0.3874409794807434,0.2188423126935959
1791022087016122400,68.84112231445313,0.2834412455558777,-0.1406516134738922,0.18035782873630524
1791022087033376000,68.8583759765625,0.09651663154363632,-0.22495095431804657,0.08261945843696594
1791022087050629400,68.87562939453124,0.04214967042207718,-0.33979353308677673,-0.03527744114398956
1791022087067883000,68.89288305664063,0.0513126403093338,-0.47174033522605896,-0.2490801066160202
1791022087085136600,68.91013671875,0.028099779039621353,-0.21945317089557648,-0.3627009689807892
1791022087102390300,68.92739038085938,-0.09957095980644226,-0.10705405473709106,-0.4390590488910675
1791022087119644000,68.94464379882812,-0.09712749719619751,0.04016435891389847,-0.42562004923820496
1791022087136897300,68.96189721679687,-0.10140355676412582,0.03527744114398956,-0.3816377818584442
1791022087154151000,68.97915087890625,-0.2009745091199875,-0.21456626057624817,-0.47815442085266113
1791022087171404500,68.99640454101562,-0.22846342623233795,-0.2078467458486557,-0.5813905596733093
1791022087188658200,69.013658203125,-0.2779434621334076,-0.0850629210472107,-0.6656898856163025
1791022087205911600,69.03091162109375,-0.42821621894836426,0.28267768025398254,-0.7921388745307922
1791022087223165400,69.04816552734376,-0.6695078015327454,0.5367974042892456,-0.7793107628822327
1791022087240418800,69.06541870117188,-0.9303470849990845,0.5099193453788757,-0.8709404468536377
1791022087257672400,69.08267236328125,-1.0329723358154297,0.49342602491378784,-1.0010546445846558
1791022087274926000,69.09992602539063,-1.1129956245422363,0.1776089370250702,-1.2050834894180298
1791022087292179700,69.1171796875,-1.1979057788848877,0.07315105944871902,-1.2649482488632202
1791022087309433300,69.13443334960938,-1.2779290676116943,-0.011148282326757908,-1.136055827140808
1791022087326686700,69.15168676757813,-1.3158026933670044,-0.15531237423419952,-1.07863450050354
1791022087343940400,69.1689404296875,-1.1441497802734375,-0.29825472831726074,-1.126281976699829
1791022087361194000,69.18619409179688,-1.0653481483459473,-0.6959276795387268,-1.2472331523895264
1791022087378447600,69.20344750976562,-1.1618647575378418,-0.523052990436554,-1.4231622219085693
1791022087395701000,69.22070092773437,-1.2736530303955078,-0.2652680277824402,-1.6216932535171509
1791022087412954600,69.23795458984375,-1.2534945011138916,-0.3776671588420868,-1.503185510635376
1791022087430208300,69.25520825195312,-1.138651967048645,-0.521831214427948,-1.4329360723495483
1791022087447462000,69.2724619140625,-1.053741693496704,-0.6604975461959839,-1.4995203018188477
1791022087464715500,69.28971557617187,-1.0983349084854126,-0.634230375289917,-1.6589560508728027
1791022087481969000,69.30696899414062,-1.155145287513733,-0.7136427760124207,-1.754861831665039
1791022087499222500,69.32422241210938,-1.0928370952606201,-0.6757691502571106,-1.6192498207092285
1791022087516476200,69.34147607421875,-1.0164790153503418,-0.6232348084449768,-1.511737585067749
1791022087533729800,69.35872973632813,-1.0134246349334717,-0.8107702732086182,-1.5154027938842773
1791022087550983200,69.37598315429688,-1.0103703737258911,-1.0618356466293335,-1.6027565002441406
1791022087568236800,69.39323681640624,-0.953559935092926,-0.8852958083152771,-1.5978695154190063
1791022087585490400,69.41049047851563,-0.8454368710517883,-0.8266527652740479,-1.4659227132797241
1791022087602744000,69.427744140625,-0.7342594861984253,-0.6904299259185791,-1.4176644086837769
1791022087619997700,69.44499780273438,-0.729983389377594,-0.5181660652160645,-1.3425281047821045
1791022087637251000,69.4622509765625,-0.656679630279541,-0.6299542784690857,-1.067638874053955
1791022087654504700,69.47950463867187,-0.5864301919937134,-0.40515607595443726,-1.0206023454666138
1791022087671758300,69.49675830078125,-0.5015199780464172,-0.3831649422645569,-0.7579304575920105
1791022087689012000,69.51401196289062,-0.37690356373786926,0.04260781779885292,-0.7194460034370422
1791022087706265300,69.53126538085938,-0.2412915825843811,0.060322895646095276,-0.4842630624771118
1791022087723519000,69.54851904296875,-0.09590577334165573,0.009010255336761475,-0.17577634751796722
1791022087740772600,69.56577270507813,-0.04276053607463837,0.044440411031246185,-0.04566214233636856
1791022087758026200,69.58302612304688,0.06291907280683517,0.4329504072666168,0.0062613640911877155
1791022087775279600,69.60027954101562,0.11728604137897491,0.1568395346403122,0.27198755741119385
1791022087792533200,69.617533203125,0.2620609998703003,0.2649625837802887,0.5016726851463318
1791022087809787000,69.63478686523437,0.21319180727005005,0.3510945439338684,0.4271472096443176
1791022087827040500,69.65204052734374,0.2315177470445633,0.2441931962966919,0.7050906419754028
1791022087844294100,69.66929418945313,0.3842339515686035,0.21059563755989075,0.847422182559967
1791022087861547500,69.68654760742187,0.4667007029056549,0.25213444232940674,0.9836450219154358
1791022087878801200,69.70380126953125,0.45509424805641174,0.30894485116004944,1.0435097217559814
1791022087896054800,69.7210546875,0.5412262082099915,0.3107774555683136,1.1479676961898804
1791022087913308400,69.73830834960937,0.7269290685653687,0.2991710305213928,1.3672680854797363
1791022087930562000,69.75556201171875,0.870482325553894,0.5306887626647949,1.5529710054397583
1791022087947815400,69.7728154296875,0.8845322132110596,0.7304415702819824,1.6733113527297974
1791022087965069000,69.79006909179688,0.8991929292678833,0.8483384847640991,1.7197370529174805
1791022087982322700,69.80732275390625,0.9755510687828064,0.7622065544128418,1.8254166841506958
1791022087999576300,69.82457641601563,1.0262528657913208,0.7310523986816406,1.8950552940368652
1791022088016829700,69.84182958984375,0.9541707634925842,0.9277508854866028,1.8419100046157837
1791022088034083300,69.85908325195312,0.9621120095252991,0.8831577301025391,1.800982117652893
1791022088051337000,69.8763369140625,1.1380411386489868,0.9173662066459656,1.687361240386963
1791022088068590600,69.89359057617187,1.3768892288208008,0.7047852277755737,1.6103923320770264
1791022088085844000,69.91084399414062,1.5558725595474243,0.42745262384414673,1.5896228551864624
1791022088103097600,69.92809765625,1.5754202604293823,0.2698495090007782,1.6788091659545898
1791022088120351200,69.94535131835937,1.5063925981521606,0.0847574844956398,1.7001893520355225
1791022088137604900,69.96260498046875,1.5406010150909424,0.07498364895582199,1.6647592782974243
1791022088154858500,69.9798583984375,1.656665325164795,0.15256348252296448,1.718515396118164
1791022088172112000,69.99711181640625,1.9272783994674683,0.051159925758838654,1.8241949081420898
1791022088189365500,70.01436547851563,2.0476186275482178,0.17638720571994781,2.1497857570648193
1791022088206619100,70.031619140625,2.056781768798828,0.35475972294807434,2.587165117263794
1791022088223872800,70.04887280273438,1.904065489768982,0.47754353284835815,2.797302484512329
1791022088241126100,70.06612622070313,1.4831796884536743,-0.18402300775051117,2.5657846927642822
1791022088258379800,70.0833798828125,1.1966841220855713,-0.2231183648109436,2.2585198879241943
1791022088275633400,70.10063330078125,1.18446683883667,-0.5138899683952332,1.8480186462402344
1791022088292887000,70.11788696289062,1.4117084741592407,-0.6024653911590576,1.6085597276687622
1791022088310140700,70.135140625,1.6114612817764282,-0.7050906419754028,1.149800181388855
1791022088327394000,70.15239404296875,1.4691298007965088,-0.2994764447212219,0.5474875569343567
1791022088344647700,70.16964770507812,0.6438514590263367,0.15439607203006744,-0.3474293351173401
1791022088361901300,70.1869013671875,-0.31642794609069824,0.33887723088264465,-0.8318451046943665
1791022088379155000,70.20415502929687,-0.9010255336761475,0.5312996506690979,-1.1757619380950928
1791022088396408300,70.221408203125,-1.1447606086730957,0.21975859999656677,-1.494633436203003
1791022088413662200,70.238662109375,-1.2608249187469482,-0.615293562412262,-1.4995203018188477
1791022088430915600,70.25591552734375,-1.2913681268692017,-1.3519964218139648,-1.2820523977279663
1791022088448169200,70.27316918945313,-1.196073293685913,-1.6323834657669067,-0.966846227645874
1791022088465422800,70.2904228515625,-0.9865466356277466,-1.3959786891937256,-0.6180424690246582
1791022088482676500,70.30767651367188,-0.7629700899124146,-0.8211549520492554,-0.2796233594417572
1791022088499929900,70.32492993164063,-0.4673115611076355,0.1519526094198227,-0.2124282270669937
1791022088517183500,70.34218359375,-0.3396408259868622,0.3156643807888031,-0.8733839392662048
1791022088534437000,70.35943701171875,-0.6102539300918579,0.2857320010662079,-1.9173518419265747
1791022088551690800,70.37669067382812,-1.9016220569610596,2.5043928623199463,-1.3162609338760376
1791022088568944000,70.39394409179687,-2.657261848449707,3.227046012878418,-0.01695149764418602
1791022088586197800,70.41119775390625,-1.5931353569030762,1.8306090831756592,-1.1201733350753784
1791022088603451400,70.42845141601562,-0.9450078010559082,0.38469210267066956,-1.6852232217788696
1791022088620705000,70.445705078125,-0.4868592321872711,-0.4760163724422455,-1.2191333770751953
1791022088637958700,70.46295874023437,-0.07452550530433655,-0.9439387917518616,-0.8116865754127502
1791022088655212000,70.4802119140625,0.0616973415017128,-1.2652536630630493,-0.6663007736206055
1791022088672465700,70.49746557617188,0.1954767256975174,-1.632994294166565,-0.7053961157798767
1791022088689719300,70.51471923828124,0.09346231073141098,-1.5260928869247437,-0.8428406715393066
1791022088706973000,70.53197290039063,-0.3298669755458832,-0.9915862679481506,-1.00288724899292
1791022088724226300,70.54922631835937,-0.6511818766593933,-0.5926915407180786,-0.957072377204895
1791022088741480000,70.56647998046876,-0.8619301915168762,-0.3513999581336975,-0.966846227645874
1791022088758733600,70.58373364257812,-1.1325433254241943,-0.19624030590057373,-1.374903917312622
1791022088775987200,70.6009873046875,-1.5509856939315796,-0.19074252247810364,-1.660788655281067
1791022088793240800,70.61824072265625,-1.638950228691101,-0.1308777779340744,-1.7957897186279297
1791022088810494200,70.635494140625,-1.5094468593597412,0.11224640160799026,-2.011425018310547
1791022088827747800,70.65274780273438,-1.6242893934249878,-0.03436114266514778,-2.1299328804016113
1791022088845001500,70.67000146484375,-1.701869249343872,-0.42164942622184753,-1.5911500453948975
1791022088862255000,70.68725512695312,-1.5277727842330933,0.1366809904575348,-1.2637264728546143
1791022088879508500,70.70450854492188,-1.4110976457595825,0.10247256606817245,-1.5636610984802246
1791022088896762000,70.72176220703125,-1.2547162771224976,-0.490677148103714,-1.310152292251587
1791022088914015700,70.739015625,-1.2266165018081665,-0.212733656167984,-1.15132737159729
1791022088931269400,70.75626928710938,-1.2241730690002441,-0.21090106666088104,-0.9460768103599548
1791022088948522800,70.77352270507812,-1.1893537044525146,-0.5438223481178284,-0.9680679440498352
1791022088965776400,70.7907763671875,-1.1209368705749512,-1.3067924976348877,-0.6583595275878906
1791022088983030000,70.80803002929687,-0.9382883310317993,-1.346498727798462,-0.4793761372566223
1791022089000283600,70.82528369140626,-0.8185588121414185,-1.2536472082138062,-0.495258629322052
1791022089017537300,70.84253735351562,-0.7098248600959778,-1.2389864921569824,-0.33826637268066406
1791022089034790700,70.85979077148437,-0.5937605500221252,-0.5951350331306458,-0.37552911043167114
1791022089052044300,70.87704418945313,-0.5247328281402588,0.047494735568761826,-0.4280634820461273
1791022089069298000,70.8942978515625,-0.5247328281402588,0.5850557684898376,-0.3779725730419159
1791022089086551600,70.91155151367188,-0.574212908744812,0.9234748482704163,-0.27656903862953186
1791022089103805000,70.92880493164063,-0.5051851868629456,0.9167553186416626,-0.11468986421823502
1791022089121058600,70.94605859375,-0.22235478460788727,0.8452841639518738,-0.06643154472112656
1791022089138312200,70.96331225585938,-0.08368847519159317,0.5948295593261719,0.0691804364323616
1791022089155565800,70.98056591796875,0.07513637095689774,0.5728384256362915,0.24205516278743744
1791022089172819200,70.99781909179687,0.16065743565559387,0.5984947681427002,0.3416261374950409
1791022089190072800,71.01507275390625,0.33047783374786377,0.7237220406532288,0.39110618829727173
1791022089207326500,71.03232641601562,0.5674933791160583,0.846505880355835,0.4912880063056946
1791022089224580000,71.049580078125,0.7806851863861084,0.7786998748779297,0.744796872138977
1791022089241833700,71.06683374023437,0.953559935092926,0.9271399974822998,0.8321505188941956
1791022089259087000,71.08408715820312,1.0690133571624756,0.8513928055763245,0.88285231590271
1791022089276340700,71.1013408203125,1.153923511505127,0.8703296184539795,0.9732602834701538
1791022089293594400,71.11859448242187,1.2565488815307617,0.6748528480529785,1.1302525997161865
1791022089310848000,71.13584790039063,1.2974767684936523,0.4298960864543915,1.2964078187942505
1791022089328101400,71.15310131835938,1.2400555610656738,0.37430739402770996,1.4540108442306519
1791022089345355000,71.17035498046874,1.1160500049591064,0.44700029492378235,1.529758095741272
1791022089362608600,71.18760864257813,1.0861176252365112,0.22769984602928162,1.606727123260498
1791022089379862300,71.2048623046875,1.1698060035705566,0.46838057041168213,1.6421571969985962
1791022089397115600,71.22211572265626,1.166751742362976,0.7163916826248169,1.707519769668579
1791022089414369300,71.23936938476562,1.2070688009262085,0.8019127249717712,1.806479811668396
1791022089431623000,71.25662280273437,1.2968659400939941,0.8923207521438599,1.8779510259628296
1791022089448876500,71.27387646484375,1.351232886314392,0.588110089302063,1.9634721279144287
1791022089466130200,71.29113012695312,1.4508038759231567,0.3633118271827698,1.9359831809997559
1791022089483383600,71.30838354492188,1.4929535388946533,0.3584249019622803,1.872453212738037
1791022089500637200,71.32563720703125,1.479514479637146,0.2032652497291565,1.670867919921875
1791022089517890800,71.34289086914063,1.2437206506729126,0.46288278698921204,1.3587160110473633
1791022089535144400,71.36014453125,1.1368193626403809,0.3663661479949951,1.0123556852340698
1791022089552397800,71.37739770507812,1.1991275548934937,0.16661337018013,0.8437569737434387
1791022089569651500,71.3946513671875,1.3530654907226562,-0.24633121490478516,0.7918334603309631
1791022089586905000,71.41190502929688,1.4679080247879028,-0.4283689260482788,0.8034399151802063
1791022089604158700,71.42915869140624,1.469740629196167,-0.10338886082172394,0.7521272301673889
1791022089621412000,71.446412109375,1.3542872667312622,-0.039858926087617874,0.5841394662857056
1791022089638665700,71.46366577148437,1.1331541538238525,0.007177661173045635,0.490066260099411
1791022089655919400,71.48091943359375,0.8558215498924255,-0.01908952370285988,0.45219266414642334
1791022089673173000,71.49817309570312,0.5668824911117554,0.125074565410614,0.3092502951622009
1791022089690426400,71.51542626953125,0.3402516841888428,0.2240346521139145,0.08567378669977188
1791022089707680000,71.53267993164063,0.09712749719619751,-0.0642935186624527,0.09300415962934494
1791022089724933600,71.54993359375,-0.050090912729501724,-0.3513999581336975,0.07406735420227051
1791022089742187300,71.56718725585938,-0.06841685622930527,-0.21517711877822876,0.12293653935194016
1791022089759441000,71.58444091796875,-0.12522727251052856,-0.6042979955673218,0.017256930470466614
1791022089776694300,71.6016943359375,-0.19425499439239502,-0.4760163724422455,-0.05604684352874756
1791022089793948000,71.61894799804688,-0.35124725103378296,-0.08139773458242416,-0.09819651395082474
1791022089811201500,71.63620141601562,-0.5216785073280334,0.03955349326133728,-0.2857320010662079
1791022089828455200,71.653455078125,-0.5790998339653015,0.37064221501350403,-0.31932955980300903
1791022089845708500,71.67070849609375,-0.665842592716217,-0.2860374450683594,-0.383470356464386
1791022089862962200,71.68796215820312,-0.721431314945221,-0.3935496211051941,-0.5258018374443054
1791022089880215800,71.7052158203125,-0.8063415288925171,0.10247256606817245,-0.5416843295097351
1791022089897469400,71.72246948242187,-0.9944878816604614,0.4176788032054901,-0.34987279772758484
1791022089914722800,71.73972290039063,-1.0653481483459473,0.301003634929657,-0.4237874448299408
1791022089931976400,71.7569765625,-1.0861176252365112,-0.04474584385752678,-0.5795579552650452
1791022089949230000,71.77422998046875,-1.1789690256118774,-0.44241881370544434,-0.6840158104896545
1791022089966483700,71.79148364257813,-1.2467750310897827,-0.4350884258747101,-0.8587231636047363
1791022089983737300,71.8087373046875,-0.9944878816604614,-0.23716825246810913,-1.0285435914993286
1791022090000990700,71.82599072265624,-0.5699368119239807,-0.1718057245016098,-1.2270746231079102
1791022090018244400,71.84324438476563,-0.3274235129356384,-0.036804601550102234,-1.4518728256225586
1791022090035498000,71.860498046875,-0.3848448097705841,0.16661337018013,-1.5331178903579712
1791022090052751600,71.87775170898438,-0.8161153197288513,0.586888313293457,-1.6565126180648804
1791022090070005000,71.8950048828125,-1.3023637533187866,0.4237874448299408,-1.3950624465942383
1791022090087258600,71.91225854492187,-1.4862339496612549,0.20143266022205353,-0.9888373613357544
1791022090104512300,71.92951220703125,-1.3390156030654907,-0.18280129134655,-1.1946988105773926
1791022090121766000,71.94676586914062,-1.2302817106246948,-0.8962913751602173,-1.1030690670013428
1791022090139019300,71.96401928710938,-1.2809834480285645,-0.5358811020851135,-1.0468695163726807
1791022090156273200,71.98127319335937,-1.1527018547058105,-0.305585116147995,-1.2246311902999878
1791022090173526500,71.99852661132813,-0.7629700899124146,-0.19501857459545135,-0.9558506608009338
1791022090190780200,72.0157802734375,-0.22479823231697083,0.15561780333518982,-0.689513623714447
1791022090208033500,72.03303344726562,-0.03481929376721382,0.2338084876537323,-0.6388118267059326
1791022090225287400,72.05028735351563,-0.277332603931427,-0.9964731931686401,-0.064598947763443
1791022090242540800,72.06754077148437,-0.7202095985412598,-1.5065453052520752,0.12782345712184906
1791022090259794400,72.08479443359376,-1.0739002227783203,-1.753334641456604,-0.44211336970329285
1791022090277048000,72.10204809570313,-1.2791508436203003,-1.993404507637024,-0.6864593029022217
1791022090294301700,72.1193017578125,-1.230892539024353,-2.0496039390563965,-0.7011200785636902
1791022090311555000,72.13655517578125,-0.9046907424926758,-1.8938335180282593,-0.8984293937683105
1791022090328808700,72.15380859375,-0.6053670048713684,-1.2634210586547852,-1.114675521850586
1791022090346062300,72.17106225585937,-0.7189878225326538,-0.490066260099411,-1.106734275817871
1791022090363315700,72.18831567382813,-1.1490366458892822,0.3761399984359741,-1.2032508850097656
1791022090380569300,72.2055693359375,-1.2932007312774658,0.6742420196533203,-0.9839504361152649
1791022090397823000,72.22282299804688,-0.8772017955780029,0.3168860971927643,-0.5233584046363831
1791022090415076600,72.24007666015625,-0.4972439408302307,0.18371757864952087,-0.6131555438041687
1791022090432330000,72.257330078125,-0.35674503445625305,0.7200568318367004,-0.7035635113716125
1791022090449583900,72.274583984375,-0.22296564280986786,0.3877464234828949,-0.45616328716278076
1791022090466837200,72.29183715820312,-0.27000224590301514,0.05238165333867073,-0.5557342171669006
1791022090484091000,72.3090908203125,-0.370184063911438,0.20693044364452362,-0.49831295013427734
1791022090501344300,72.32634423828125,-0.22663083672523499,0.5154171586036682,-0.37980517745018005
1791022090518598100,72.34359814453126,-0.2571740746498108,0.9839504361152649,-0.34315329790115356
1791022090535851500,72.3608515625,-0.0873536616563797,0.6143772602081299,0.08811724185943604
1791022090553105200,72.37810522460937,0.4043924808502197,0.26618432998657227,0.3526217043399811
1791022090570358800,72.39535888671875,0.4874700903892517,0.7640390992164612,0.7557924389839172
1791022090587612400,72.4126123046875,0.4257727563381195,0.7133373618125916,0.8852958083152771
1791022090604865800,72.42986572265625,0.37690356373786926,0.7622065544128418,0.8645263910293579
1791022090622119400,72.44711938476563,0.43493571877479553,0.8568905591964722,0.8645263910293579
1791022090639373000,72.464373046875,0.6267472505569458,0.7273872494697571,0.9775363802909851
1791022090656626700,72.48162670898438,0.8405499458312988,0.9283617734909058,1.1571305990219116
1791022090673880000,72.49888012695313,0.9566142559051514,0.6620246767997742,1.3715441226959229
1791022090691133700,72.5161337890625,1.0372483730316162,0.351705402135849,1.5004366636276245
1791022090708387300,72.53338720703125,1.1331541538238525,0.43050694465637207,1.6433789730072021
1791022090725641000,72.55064086914062,1.3408482074737549,0.15378521382808685,1.7307326793670654
1791022090742894600,72.56789453125,1.4269801378250122,0.7121156454086304,1.7869322299957275
1791022090760148000,72.58514794921875,1.4343105554580688,1.0847431421279907,1.8529056310653687
1791022090777402000,72.60240209960938,1.552207350730896,0.9992220401763916,1.8394665718078613
1791022090794655200,72.6196552734375,1.6249003410339355,1.141553521156311,1.744782567024231
1791022090811908900,72.63690893554687,1.693317174911499,1.1116211414337158,1.6488767862319946
1791022090829162200,72.65416235351563,1.6609413623809814,1.2576178312301636,1.529758095741272
1791022090846416000,72.67141577148438,1.4770710468292236,1.4567598104476929,1.2078323364257812
1791022090863669500,72.68866943359374,1.4233149290084839,0.9949460029602051,0.9274454712867737
1791022090880923100,72.70592309570313,1.4453060626983643,0.8403972387313843,0.7319687008857727
1791022090898176500,72.72317651367187,1.451414704322815,0.5172497630119324,0.6751583218574524
1791022090915430100,72.74043017578126,1.2638791799545288,0.4812087416648865,0.6323977708816528
1791022090932683800,72.75768383789062,1.1087195873260498,0.3303251266479492,0.2854265570640564
1791022090949937400,72.7749375,1.0311397314071655,0.24541492760181427,0.15225805342197418
1791022090967190800,72.79219067382813,0.9395100474357605,-0.4644099473953247,0.15592323243618011
1791022090984444400,72.8094443359375,0.8784235715866089,-0.687986433506012,0.37400195002555847
1791022091001698000,72.82669799804688,0.8936951756477356,-0.20906847715377808,0.5199986696243286
1791022091018951700,72.84395166015625,0.9413426518440247,0.009621120058000088,0.36544984579086304
1791022091036205000,72.861205078125,0.9089667797088623,-0.026419902220368385,0.2603811025619507
1791022091053458700,72.87845874023438,0.7428115606307983,-0.22617268562316895,0.2176205813884735
1791022091070712300,72.89571240234375,0.49663305282592773,-0.1418733447790146,0.16569706797599792
1791022091087966000,72.91296606445313,0.2315177470445633,-0.3208567202091217,0.02519817277789116
1791022091105219600,72.93021948242188,0.1496618688106537,-0.47296205163002014,-0.09208786487579346
1791022091122473000,72.94747290039062,0.1490510106086731,-0.26710063219070435,-0.14706569910049438
1791022091139726600,72.9647265625,0.03787361457943916,-0.32268932461738586,-0.2606865465641022
1791022091156980200,72.98198022460937,-0.10079269111156464,-0.023976443335413933,-0.22953243553638458
1791022091174233900,72.99923388671876,-0.26022839546203613,-0.1571449637413025,-0.36453354358673096
1791022091191487200,73.0164873046875,-0.3182605504989624,0.20631958544254303,-0.3969093859195709
1791022091208740900,73.03374096679687,-0.2467893660068512,0.22708898782730103,-0.3822486400604248
1791022091225994500,73.05099438476563,-0.14110976457595825,-0.0844520553946495,-0.40118545293807983
1791022091243248000,73.068248046875,-0.07513637095689774,-0.055741410702466965,-0.3578140437602997
1791022091260501500,73.08550146484374,-0.09346231073141098,-0.007483093533664942,-0.3529271185398102
1791022091277755100,73.10275512695313,-0.17287473380565643,0.07376192510128021,-0.3352120518684387
1791022091295008800,73.1200087890625,-0.1802051067352295,0.08292489498853683,-0.3969093859195709
1791022091312262400,73.13726245117188,-0.18081597983837128,-0.22128576040267944,-0.4744892120361328
1791022091329515800,73.15451586914062,-0.2822195291519165,-0.44669488072395325,-0.49770209193229675
1791022091346769400,73.17176928710937,-0.43432486057281494,-0.37033677101135254,-0.5642863512039185
1791022091364023000,73.18902294921875,-0.6530144214630127,-0.23716825246810913,-0.6974548697471619
1791022091381276700,73.20627661132812,-0.9040798544883728,0.03527744114398956,-0.8379537463188171
1791022091398530000,73.22353002929688,-1.147204041481018,0.24052800238132477,-1.0706932544708252
1791022091415783700,73.24078369140625,-1.4691298007965088,0.34437501430511475,-1.4085015058517456
1791022091433037300,73.25803735351562,-1.6658282279968262,0.4079049527645111,-1.5184571743011475
1791022091450291000,73.275291015625,-1.722638726234436,0.22647811472415924,-1.3736821413040161
1791022091467544300,73.29254443359375,-1.618180751800537,0.22220206260681152,-1.1916444301605225
1791022091484798000,73.3097978515625,-1.3842196464538574,0.1305723488330841,-1.0792453289031982
1791022091502051600,73.32705151367188,-1.2174534797668457,-0.458301305770874,-1.0957386493682861
1791022091519305200,73.34430517578124,-1.2510510683059692,-0.7234166264533997,-1.093906044960022
1791022091536558600,73.36155859375,-1.2498292922973633,-1.1534653902053833,-1.1501057147979736
1791022091553812200,73.37881225585937,-1.2150100469589233,-1.2426517009735107,-1.179427146911621
1791022091571065900,73.39606591796876,-1.1209368705749512,-1.0795507431030273,-1.187368392944336
1791022091588319500,73.41331958007812,-1.1136064529418945,-1.0630574226379395,-1.300378441810608
1791022091605572900,73.43057275390625,-1.08978271484375,-1.1589632034301758,-1.2148573398590088
1791022091622826500,73.44782641601563,-1.0067051649093628,-1.152854561805725,-1.1348340511322021
1791022091640080100,73.465080078125,-1.043357014656067,-0.9060651659965515,-1.1476621627807617
1791022091657333800,73.48233374023438,-1.1313215494155884,-0.735633909702301,-1.2472331523895264
1791022091674587100,73.49958715820313,-1.2101231813430786,-0.6647735834121704,-1.2704460620880127
1791022091691840800,73.5168408203125,-1.1997383832931519,-0.5542070865631104,-1.1501057147979736
1791022091709094400,73.53409448242188,-1.1062761545181274,-0.36422812938690186,-1.0902409553527832
1791022091726348000,73.55134814453125,-0.9950987100601196,-0.049021899700164795,-1.1152863502502441
1791022091743601700,73.5686015625,-0.916297197341919,-0.09911280870437622,-0.9527963399887085
1791022091760855000,73.58585498046875,-0.8552106618881226,-0.20479241013526917,-0.8471167087554932
1791022091778108700,73.60310864257812,-0.7660244107246399,-0.29886558651924133,-0.8098539710044861
1791022091795362300,73.6203623046875,-0.5748237371444702,-0.5065596103668213,-0.5258018374443054
1791022091812616000,73.63761596679687,-0.34208428859710693,-0.2854265570640564,-0.42745262384414673
1791022091829869300,73.65486938476562,-0.20280711352825165,-0.0539088174700737,-0.3669770061969757
1791022091847123000,73.672123046875,-0.12034036219120026,0.2503018379211426,-0.26740604639053345
1791022091864376600,73.68937646484375,-0.007330377586185932,0.3407098352909088,-0.05482511222362518
1791022091881630200,73.70663012695313,0.13927717506885529,0.49220430850982666,0.12110394239425659
1791022091898883600,73.72388354492188,0.19120067358016968,0.679739773273468,0.31780239939689636
1791022091916137200,73.74113720703124,0.3078758418560028,0.817184329032898,0.4802924394607544
1791022091933390800,73.75839086914063,0.3909534513950348,0.928972601890564,0.5939132571220398
1791022091950644500,73.77564453125,0.4105011224746704,0.7292198538780212,0.7460185885429382
1791022091967897900,73.79289794921876,0.5088503360748291,0.4793761372566223,0.8547525405883789
1791022091985151500,73.8101513671875,0.593149721622467,0.45188722014427185,0.901178240776062
1791022092002405000,73.82740502929687,0.675616443157196,0.45677414536476135,0.9573778510093689
1791022092019658800,73.84465869140625,0.7831286191940308,0.7365502119064331,1.0233511924743652
1791022092036912000,73.861912109375,0.9071341753005981,0.8122974634170532,1.1033744812011719
1791022092054165800,73.87916577148438,1.0012073516845703,0.8214604258537292,1.2231040000915527
1791022092071419400,73.89641943359375,1.0952805280685425,0.763428270816803,1.327561855316162
1791022092088673000,73.91367309570313,1.1826342344284058,0.856279730796814,1.412472128868103
1791022092105926400,73.93092651367188,1.2119556665420532,0.8623883724212646,1.4845541715621948
1791022092123180000,73.94817993164062,1.2553271055221558,0.919198751449585,1.5560252666473389
1791022092140433700,73.96543359375,1.3292417526245117,0.7212786078453064,1.6268856525421143
1791022092157687300,73.98268725585937,1.352454662322998,0.883768618106842,1.5517492294311523
1791022092174940700,73.99994067382812,1.386052131652832,0.7970257997512817,1.319009780883789
1791022092192194300,74.0171943359375,1.4184280633926392,0.6919570565223694,1.1015418767929077
1791022092209448000,74.03444799804687,1.5381574630737305,0.7170025110244751,0.9970840215682983
1791022092226701600,74.05170166015625,1.7091996669769287,0.39141160249710083,1.0251837968826294
1791022092243955000,74.06895483398438,1.8350378274917603,0.34193155169487,1.0887137651443481
1791022092261208600,74.08620849609375,1.8087706565856934,0.45616328716278076,1.0990984439849854
1791022092278462200,74.10346215820313,1.64872407913208,0.21120649576187134,0.9891427755355835
1791022092295715800,74.1207158203125,1.4703515768051147,0.08720094710588455,0.8510873317718506
1791022092312969200,74.13796923828124,1.3781108856201172,-0.26771149039268494,0.725860059261322
1791022092330222800,74.15522290039063,1.320078730583191,-0.5346593856811523,0.6818777918815613
1791022092347476500,74.1724765625,1.183245062828064,-0.33490660786628723,0.7912226319313049
1791022092364730000,74.18973022460938,1.0891718864440918,-0.0691804364323616,0.74540776014328
1791022092381983500,74.2069833984375,1.1062761545181274,0.19960007071495056,0.5566505193710327
1791022092399237000,74.22423706054687,1.1221586465835571,0.021838415414094925,0.4760163724422455
1791022092416490800,74.24149072265625,0.9181297421455383,-0.19440771639347076,0.4607447683811188
1791022092433744400,74.25874438476562,0.6145299673080444,-0.22434009611606598,0.337350070476532
1791022092450997800,74.27599780273438,0.3946186602115631,-0.34956738352775574,0.1718057245016098
1791022092468251400,74.29325146484375,0.23945899307727814,-0.43020153045654297,0.1980729103088379
1791022092485505000,74.31050512695313,0.18081597983837128,-0.46624255180358887,0.2176205813884735
1791022092502758700,74.32775854492188,0.18875721096992493,-0.2744309902191162,0.14798198640346527
1791022092520012000,74.34501196289062,0.1533270627260208,-0.16814053058624268,0.0691804364323616
1791022092537265700,74.362265625,0.06597339361906052,-0.3819431960582733,-0.10125083476305008
1791022092554519300,74.37951928710937,-0.023212861269712448,-0.1565341055393219,-0.2698495090007782
1791022092571773000,74.39677294921874,-0.20647229254245758,-0.02214384824037552,-0.4134027361869812
1791022092589026300,74.4140263671875,-0.34208428859710693,-0.07834340631961823,-0.4848739206790924
1791022092606280000,74.43128002929687,-0.3659079968929291,-0.13759729266166687,-0.514195442199707
1791022092623533600,74.44853344726563,-0.38667741417884827,-0.09239330142736435,-0.558788537979126
1791022092640787200,74.465787109375,-0.41844236850738525,0.10919208079576492,-0.523969292640686
1791022092658040600,74.48304052734375,-0.4269944727420807,0.3669770061969757,-0.505032479763031
1791022092675294200,74.50029418945313,-0.5149590373039246,0.42562004923820496,-0.6039925217628479
1791022092692547800,74.5175478515625,-0.62857985496521,0.360868364572525,-0.7469348907470703
1791022092709801500,74.53480151367188,-0.711046576499939,0.13362666964530945,-0.8495602011680603
1791022092727054800,74.55205493164063,-0.833219587802887,0.11957678198814392,-0.9735657572746277
1791022092744308500,74.56930859375,-0.9315688014030457,0.17333288490772247,-1.0163263082504272
1791022092761562000,74.58656201171875,-1.0348049402236938,-0.049632761627435684,-0.9540180563926697
1791022092778815700,74.60381567382812,-1.1136064529418945,-0.05451968312263489,-0.8355103135108948
1791022092796069000,74.62106909179687,-1.148425817489624,-0.16264274716377258,-0.8513928055763245
1791022092813322800,74.63832275390625,-1.25715970993042,-0.18096868693828583,-1.0450369119644165
1791022092830576400,74.65557641601562,-1.2919789552688599,0.0798705667257309,-1.0987930297851562
1791022092847830000,74.672830078125,-1.1985167264938354,-0.2860374450683594,-0.976620078086853
1791022092865083400,74.69008349609375,-1.1545344591140747,-0.6513345837593079,-1.0034980773925781
1791022092882337000,74.7073369140625,-1.2260055541992188,-0.6940951347351074,-1.095127820968628
1791022092899590700,74.72459057617188,-1.3457350730895996,-0.7276926636695862,-1.2270746231079102
1791022092916844300,74.74184423828125,-1.296255111694336,-0.6653844714164734,-1.1220059394836426
1791022092934097700,74.75909765625,-1.2553271055221558,-0.5841394662857056,-1.039539098739624
1791022092951351300,74.77635131835937,-1.3744457960128784,-0.7313578724861145,-1.1953096389770508
1791022092968605000,74.79360498046876,-1.4471386671066284,-0.8064942359924316,-1.2417353391647339
1791022092985858600,74.81085864257813,-1.5320488214492798,-0.6134609580039978,-1.4274382591247559
1791022093003112000,74.82811181640625,-1.4391974210739136,-0.5456549525260925,-1.3529127836227417
1791022093020365600,74.84536547851563,-1.3384047746658325,-0.3507890999317169,-1.0987930297851562
1791022093037619200,74.862619140625,-1.276707410812378,-0.818711519241333,-0.9472985863685608
1791022093054872800,74.87987280273437,-1.2284491062164307,-1.0551161766052246,-0.9399681687355042
1791022093072126200,74.89712622070313,-1.2150100469589233,-0.8058833479881287,-1.1268928050994873
1791022093089379800,74.9143798828125,-1.1948515176773071,-0.799774706363678,-0.9552397727966309
1791022093106633500,74.93163354492188,-1.1307107210159302,-0.541378915309906,-0.9051488637924194
1791022093123886800,74.94888696289063,-1.0115920305252075,-0.716086208820343,-0.7090612649917603
1791022093141140500,74.96614038085937,-0.758083164691925,-0.7020363211631775,-0.5752819180488586
1791022093158394000,74.98339404296875,-0.6255255341529846,-0.3416261374950409,-0.6229293346405029
1791022093175647700,75.00064770507812,-0.5057960152626038,-0.1766926348209381,-0.47326749563217163
1791022093192901400,75.0179013671875,-0.370184063911438,-0.0948367565870285,-0.32910341024398804
1791022093210154800,75.03515478515625,-0.20158538222312927,-0.017256930470466614,-0.11163553595542908
1791022093227408400,75.05240844726562,-0.07147117704153061,0.2130390852689743,-0.05971203371882439
1791022093244662000,75.069662109375,-0.029932374134659767,0.25579962134361267,0.029474224895238876
1791022093261915400,75.08691528320313,0.18753549456596375,0.42134398221969604,0.2738201320171356
1791022093279169000,75.1041689453125,0.26511532068252563,0.5203040838241577,0.33857181668281555
1791022093296422700,75.12142260742188,0.3445277214050293,0.6107120513916016,0.46685341000556946
1791022093313676300,75.13867626953125,0.5180133581161499,0.7463240623474121,0.7032580971717834
1791022093330929700,75.1559296875,0.5693259835243225,0.4970912039279938,0.7588467597961426
1791022093348183300,75.17318334960937,0.5864301919937134,0.7921388745307922,0.8834632039070129
1791022093365437000,75.19043701171876,0.5717694163322449,0.6858484148979187,0.9671516418457031
1791022093382690600,75.20769067382813,0.5980366468429565,0.8477275967597961,1.0398445129394531
1791022093399944200,75.22494409179687,0.7079922556877136,0.7279980778694153,1.144302487373352
1791022093417197600,75.24219750976563,0.7929024696350098,0.855668842792511,1.225547432899475
1791022093434451200,75.259451171875,0.9279035925865173,0.9234748482704163,1.4063634872436523
1791022093451704800,75.27670483398437,1.0665699243545532,0.8929315805435181,1.51143217086792
1791022093468958200,75.29395825195313,1.1001675128936768,0.6485856771469116,1.5303690433502197
1791022093486211800,75.3112119140625,1.0586286783218384,0.9155336022377014,1.559079647064209
1791022093503465500,75.32846557617188,1.2058470249176025,0.6876810193061829,1.5462514162063599
1791022093520719000,75.34571899414063,1.352454662322998,0.8758273720741272,1.4924954175949097
1791022093537972500,75.36297241210937,1.4917317628860474,1.2234094142913818,1.4796671867370605
1791022093555226000,75.38022607421875,1.6053526401519775,1.1556034088134766,1.5041017532348633
1791022093572479700,75.39747973632812,1.6609413623809814,1.1158971786499023,1.4356849193572998
1791022093589733400,75.4147333984375,1.6792672872543335,0.6693550944328308,1.3019055128097534
1791022093606986800,75.43198681640625,1.6151264905929565,0.3046688139438629,1.2176061868667603
1791022093624240400,75.44924047851562,1.5228859186172485,0.42073312401771545,1.1632392406463623
1791022093641494000,75.46649389648438,1.5583161115646362,0.17944152653217316,1.0532835721969604
1791022093658747600,75.48374755859375,1.6530001163482666,0.03588830679655075,0.9720385670661926
1791022093676001000,75.5010009765625,1.658497929573059,-0.08628465235233307,0.9909753799438477
1791022093693254700,75.51825463867188,1.5784746408462524,-0.29886558651924133,0.9958623051643372
1791022093710508300,75.53550830078125,1.4520255327224731,-0.06001746281981468,0.8743002414703369
1791022093727762000,75.55276196289063,1.2993093729019165,0.18921536207199097,0.6953168511390686
1791022093745015300,75.57001538085937,1.155145287513733,0.02916879393160343,0.6189587116241455
1791022093762269000,75.58726904296876,0.9779945015907288,-0.08933897316455841,0.7240274548530579
1791022093779522600,75.6045224609375,0.8258891701698303,-0.2793179154396057,0.633619487285614
1791022093796776200,75.62177612304687,0.6841685771942139,-0.37949973344802856,0.3404043912887573
1791022093814029600,75.63902954101563,0.5424479246139526,-0.5334376692771912,0.18646647036075592
1791022093831283200,75.656283203125,0.40927940607070923,-0.4894554018974304,0.23228132724761963
1791022093848536800,75.67353686523437,0.2260199636220932,-0.17119485139846802,0.31841325759887695
1791022093865790500,75.69079052734375,0.08002328872680664,-0.26710063219070435,0.12965604662895203
1791022093883043800,75.7080439453125,0.030543239787220955,-0.014813470654189587,-0.03527744114398956
1791022093900297500,75.72529736328126,-0.09590577334165573,-0.26648977398872375,-0.15928299725055695
1791022093917551000,75.74255102539063,-0.2315177470445633,-0.08323032408952713,-0.20998476445674896
1791022093934804700,75.7598046875,-0.3787361681461334,0.2582430839538574,-0.26618432998657227
1791022093952058000,75.77705810546875,-0.4673115611076355,0.08720094710588455,-0.42073312401771545
1791022093969311700,75.79431176757812,-0.4251618981361389,0.18005239963531494,-0.4757109582424164
1791022093986565400,75.8115654296875,-0.3659079968929291,0.16661337018013,-0.4298960864543915
1791022094003819000,75.82881909179687,-0.44409868121147156,0.15989385545253754,-0.45799586176872253
1791022094021072400,75.846072265625,-0.5051851868629456,0.29306238889694214,-0.569173276424408
1791022094038326000,75.86332592773438,-0.5271763205528259,0.24174973368644714,-0.7860302329063416
1791022094055579600,75.88057958984375,-0.5485565662384033,0.3724747896194458,-0.9240856766700745
1791022094072833300,75.89783325195313,-0.6133082509040833,0.36880961060523987,-0.8520036339759827
1791022094090086700,75.91508666992188,-0.8026763200759888,0.2435823380947113,-0.7023417949676514
1791022094107340300,75.93234033203125,-0.8924734592437744,0.16478078067302704,-0.651029109954834
1791022094124594000,75.94959399414063,-1.0030399560928345,-0.10766492038965225,-0.8788816928863525
1791022094141847600,75.96684765625,-1.1594213247299194,-0.2029598206281662,-1.0835213661193848
1791022094159101000,75.98410083007812,-1.2644901275634766,-0.10277800261974335,-1.0792453289031982
1791022094176354600,76.0013544921875,-1.2681553363800049,-0.09544762223958969,-1.1012364625930786
1791022094193608200,76.01860815429687,-1.191797137260437,-0.0539088174700737,-1.0218240022659302
1791022094210861600,76.03586157226563,-1.249218463897705,-0.3452913165092468,-1.1293362379074097
1791022094228115200,76.053115234375,-1.2718204259872437,-0.45219266414642334,-1.2075269222259521
1791022094245368800,76.07036889648438,-1.2919789552688599,-0.39538222551345825,-1.264337420463562
1791022094262622500,76.08762255859375,-1.2516618967056274,-0.7240274548530579,-1.3144283294677734
1791022094279875800,76.10487573242187,-1.1979057788848877,-0.6128500699996948,-1.1470513343811035
1791022094297129500,76.12212939453126,-1.3658936023712158,-0.5719221234321594,-1.300378441810608
1791022094314383000,76.13938305664063,-1.5198315382003784,-0.6006327867507935,-1.3834559917449951
1791022094331636700,76.15663671875,-1.543655276298523,-0.6262891292572021,-1.3932298421859741
1791022094348890000,76.17389013671875,-1.459966778755188,-0.6415607333183289,-1.3119847774505615
1791022094366143700,76.19114379882812,-1.3390156030654907,-0.6947059631347656,-1.1012364625930786
1791022094383397400,76.2083974609375,-1.296255111694336,-0.7435751557350159,-1.1238384246826172
1791022094400651000,76.22565112304687,-1.2779290676116943,-0.9280562996864319,-1.190422773361206
1791022094417904400,76.242904296875,-1.2724313735961914,-0.706923246383667,-1.1635446548461914
1791022094435158000,76.26015795898438,-1.2137882709503174,-0.8321505188941956,-0.8923207521438599
1791022094452411600,76.27741162109375,-1.062904715538025,-0.9188933372497559,-0.7383828163146973
1791022094469665300,76.29466528320313,-0.8735366463661194,-0.5071704983711243,-0.8764382600784302
1791022094486918700,76.31191870117188,-0.7312051653862,-0.2237292230129242,-0.754265308380127
1791022094504172300,76.32917236328124,-0.5864301919937134,0.08659008145332336,-0.7035635113716125
1791022094521426000,76.34642602539063,-0.4874700903892517,-0.09911280870437622,-0.4812087416648865
1791022094538679600,76.36367944335937,-0.4520399272441864,0.2637408673763275,-0.40118545293807983
1791022094555933000,76.38093286132812,-0.35613417625427246,0.24785839021205902,-0.27840161323547363
1791022094573186600,76.3981865234375,-0.10079269111156464,0.4689914286136627,-0.13545925915241241
1791022094590440200,76.41544018554687,-0.007941242307424545,0.2851211428642273,0.10338886082172394
1791022094607693800,76.43269384765625,0.037262752652168274,0.15317434072494507,0.2701549530029297
1791022094624947200,76.449947265625,0.1178968995809555,0.21181736886501312,0.30802857875823975
1791022094642200800,76.46720092773438,0.287106454372406,0.22159120440483093,0.5059487819671631
1791022094659454500,76.48445434570313,0.4575377106666565,0.4696022868156433,0.6061305999755859
1791022094676708000,76.5017080078125,0.5283980369567871,0.4586067199707031,0.7301361560821533
1791022094693961500,76.51896142578126,0.5949822664260864,0.48792824149131775,0.8706350326538086
1791022094711215000,76.53621508789062,0.7183769941329956,0.5441278219223022,0.9659299254417419
1791022094728468700,76.55346875,0.8729257583618164,0.44700029492378235,1.0349576473236084
1791022094745722400,76.57072241210938,1.0054833889007568,0.753654420375824,1.1143701076507568
1791022094762975700,76.58797583007812,1.071456789970398,0.8593340516090393,1.2731949090957642
1791022094780229400,76.6052294921875,1.1319323778152466,0.9283617734909058,1.391702651977539
1791022094797483000,76.62248291015625,1.2107340097427368,0.9332486391067505,1.4894410371780396
1791022094814736600,76.63973657226562,1.2748748064041138,0.8856012225151062,1.5731295347213745
1791022094831990000,76.65698999023438,1.4080432653427124,0.9815070033073425,1.6366595029830933
1791022094849243600,76.67424365234375,1.434921383857727,1.0230457782745361,1.7527238130569458
1791022094866497000,76.6914970703125,1.4679080247879028,0.9112575054168701,1.7374521493911743
1791022094883750700,76.70875073242188,1.5027273893356323,1.088408350944519,1.5462514162063599
1791022094901004300,76.72600439453124,1.4929535388946533,0.8929315805435181,1.3422226905822754
1791022094918258000,76.7432578125,1.617569923400879,0.7664825916290283,1.1174243688583374
1791022094935511300,76.76051123046875,1.6713260412216187,0.4970912039279938,1.029459834098816
1791022094952765000,76.77776489257812,1.748905897140503,0.20570871233940125,0.975092887878418
1791022094970018600,76.7950185546875,1.6676608324050903,0.19593487679958344,0.9427170753479004
1791022094987272200,76.81227221679687,1.6646065711975098,-0.14920371770858765,0.8199332356452942
1791022095004525600,76.82952563476563,1.7140865325927734,-0.03558287397027016,0.6971494555473328
1791022095021779200,76.846779296875,1.7079778909683228,-0.05940660089254379,0.6513345837593079
1791022095039032800,76.86403271484374,1.5375466346740723,0.002901607658714056,0.7496837973594666
1791022095056286500,76.88128637695313,1.3811652660369873,0.2637408673763275,0.7276926636695862
1791022095073539800,76.89853979492187,1.2137882709503174,0.3107774555683136,0.5835285782814026
1791022095090793500,76.91579345703126,1.0403027534484863,0.3877464234828949,0.5377137064933777
1791022095108047000,76.93304711914062,0.9926552772521973,0.14706569910049438,0.5609265565872192
1791022095125300700,76.95030078125,0.8649845123291016,-0.0435241162776947,0.6073523163795471
1791022095142554000,76.96755419921875,0.5925388336181641,-0.24205516278743744,0.39477136731147766
1791022095159807700,76.98480786132812,0.3292561173439026,-0.24266603589057922,0.22495095431804657
1791022095177061400,77.00206127929688,0.12217295914888382,-0.32391104102134705,0.1461493968963623
1791022095194315000,77.01931494140625,0.04886918142437935,-0.4240928590297699,0.036804601550102234
1791022095211568400,77.036568359375,-0.024434590712189674,-0.6214022040367126,-0.06215549260377884
1791022095228822000,77.05382202148438,-0.07880155742168427,-0.615293562412262,-0.19837833940982819
1791022095246075600,77.07107568359375,-0.13072505593299866,-0.2548833191394806,-0.22036947309970856
1791022095263329300,77.08832934570313,-0.21197007596492767,-0.4143190383911133,-0.3211621642112732
1791022095280582700,77.10558276367188,-0.21991132199764252,-0.1773035079240799,-0.46288278698921204
1791022095297836300,77.12283618164062,-0.30115634202957153,0.0639880821108818,-0.5331322550773621
1791022095315090000,77.14008984375,-0.370184063911438,0.249690979719162,-0.5294670462608337
1791022095332343600,77.15734350585937,-0.38850998878479004,0.5410735011100769,-0.43600472807884216
1791022095349597000,77.17459692382812,-0.46425724029541016,0.5887209177017212,-0.4091266989707947
1791022095366850600,77.1918505859375,-0.6579013466835022,0.6937896609306335,-0.46776971220970154
1791022095384104200,77.20910424804687,-0.8203914165496826,0.6522508859634399,-0.5710058808326721
1791022095401357800,77.22635791015625,-0.9138537049293518,0.2704603672027588,-0.6632464528083801
1791022095418611200,77.24361108398438,-0.8631519079208374,-0.058795735239982605,-0.670576810836792
1791022095435864800,77.26086474609374,-0.8374956250190735,-0.3208567202091217,-0.8220712542533875
1791022095453118500,77.27811840820313,-0.9822705388069153,-0.24999640882015228,-0.967457115650177
1791022095470372000,77.2953720703125,-1.0836740732192993,-0.12904518842697144,-1.070082426071167
1791022095487625500,77.31262548828126,-1.176525592803955,0.0792597085237503,-1.152549147605896
1791022095504879000,77.32987915039062,-1.3536763191223145,0.35414886474609375,-1.3406955003738403
1791022095522132700,77.3471328125,-1.4752384424209595,0.29733842611312866,-1.4830269813537598
1791022095539386000,77.36438623046875,-1.5112794637680054,-0.12660172581672668,-1.365130066871643
1791022095556639700,77.3816396484375,-1.4495820999145508,-0.4534143805503845,-1.4561488628387451
1791022095573893400,77.39889331054688,-1.505781650543213,-0.3165806829929352,-1.8153374195098877
1791022095591147000,77.41614697265625,-1.5210533142089844,-0.27626359462738037,-1.9075779914855957
1791022095608400400,77.433400390625,-1.3500111103057861,-0.6159043908119202,-1.5080723762512207
1791022095625654000,77.45065405273438,-1.3365721702575684,-0.6378955245018005,-1.3333650827407837
1791022095642907600,77.46790771484375,-1.4049890041351318,-0.6788234710693359,-1.4176644086837769
1791022095660161300,77.48516137695313,-1.3720022439956665,-0.8486438989639282,-1.3028218746185303
1791022095677414700,77.50241455078125,-1.3109158277511597,-1.1082614660263062,-1.1629338264465332
1791022095694668300,77.51966821289062,-1.3371829986572266,-1.4888302087783813,-1.2148573398590088
1791022095711922000,77.536921875,-1.360395908355713,-1.2866339683532715,-1.2655590772628784
1791022095729175600,77.55417553710937,-1.3713914155960083,-0.5163334608078003,-1.2008074522018433
1791022095746429000,77.57142895507812,-1.2675443887710571,-0.735023021697998,-0.8605557680130005
1791022095763682600,77.5886826171875,-1.1557561159133911,-1.0270164012908936,-0.6235402226448059
1791022095780936200,77.60593627929687,-1.074511170387268,-0.4912880063056946,-0.7579304575920105
1791022095798189800,77.62318994140625,-0.9230166673660278,0.0102319847792387,-0.781754195690155
1791022095815443200,77.64044311523438,-0.832608699798584,-0.058795735239982605,-0.616209864616394
1791022095832696800,77.65769677734374,-0.49113526940345764,-0.13332124054431915,-0.33826637268066406
1791022095849950500,77.67495043945313,-0.39767298102378845,0.05971203371882439,-0.3657552897930145
1791022095867204000,77.6922041015625,-0.20891575515270233,0.013286309316754341,-0.1519526094198227
1791022095884457500,77.70945751953126,-0.11239911615848541,0.06276635825634003,-0.1879936307668686
1791022095901711000,77.72671118164062,0.13072505593299866,-0.2084576040506363,0.1259908676147461
1791022095918964700,77.74396484375,0.32559093832969666,0.1672242283821106,0.16997312009334564
1791022095936218400,77.76121826171875,0.4105011224746704,0.09758564829826355,0.1925751268863678
1791022095953471700,77.7784716796875,0.5937605500221252,0.21426081657409668,0.48334676027297974
1791022095970725400,77.79572534179688,0.8093958497047424,0.1262962967157364,0.6604975461959839
1791022095987979000,77.81297900390625,0.850934624671936,0.5392408967018127,0.7600684762001038
1791022096005232600,77.83023266601562,0.7641918659210205,1.0401500463485718,0.837648332118988
1791022096022486000,77.84748608398438,0.7513636946678162,1.068860650062561,0.8596394658088684
1791022096039739600,77.86473974609375,0.9279035925865173,0.7670934200286865,0.9585995674133301
1791022096056993300,77.8819931640625,1.0916153192520142,0.680350661277771,1.0697768926620483
1791022096074247000,77.89924682617188,1.1252129077911377,1.3907864093780518,1.2023346424102783
1791022096091500300,77.91650024414062,1.296255111694336,1.307708740234375,1.338557481765747
1791022096108754000,77.93375390625,1.6041308641433716,1.4793617725372314,1.5059343576431274
1791022096126007600,77.95100756835937,1.8319834470748901,1.31870436668396,1.6409355401992798
1791022096143261000,77.96826098632812,1.9480477571487427,1.1580469608306885,1.6195552349090576
1791022096160514600,77.9855146484375,1.8747440576553345,1.4561488628387451,1.5725187063217163
1791022096177768200,78.00276831054687,1.848476767539978,0.6846266984939575,1.3910918235778809
1791022096195021800,78.02002172851563,1.7647883892059326,0.836732029914856,1.1846195459365845
1791022096212275200,78.03727514648438,1.6988149881362915,0.6565269231796265,1.1198678016662598
1791022096229528800,78.05452880859374,1.6407828330993652,0.5532907843589783,1.0453423261642456
1791022096246782500,78.07178247070313,1.6713260412216187,0.37858346104621887,0.9176716208457947
1791022096264036000,78.0890361328125,1.7330234050750732,-0.23167046904563904,0.799774706363678
1791022096281289500,78.10628955078126,1.7256929874420166,-0.2231183648109436,0.6800451874732971
1791022096298543000,78.12354321289062,1.5943571329116821,-0.13698641955852509,0.6293434500694275
1791022096315796700,78.14079663085937,1.5302162170410156,-0.1931859850883484,0.5053378939628601
1791022096333050400,78.15805029296875,1.390328288078308,-0.18096868693828583,0.49373146891593933
1791022096350303700,78.1753037109375,1.1282672882080078,-0.3098611533641815,0.5309942364692688
1791022096367557400,78.19255737304688,0.8717040419578552,-0.5645917654037476,0.490066260099411
1791022096384811000,78.20981103515625,0.7067705392837524,-0.6183478832244873,0.37400195002555847
1791022096402064600,78.22706469726562,0.5772672295570374,-0.6898190379142761,0.35506516695022583
1791022096419318000,78.24431811523438,0.5204567909240723,-0.6592758297920227,0.5010618567466736
1791022096436571600,78.26157153320312,0.39400777220726013,-0.7179188132286072,0.5786416530609131
1791022096453825300,78.2788251953125,0.27916520833969116,-0.726470947265625,0.5615374445915222
1791022096471079000,78.29607885742188,0.2260199636220932,-0.9030108451843262,0.3666715919971466
1791022096488332300,78.31333227539062,0.14049890637397766,-0.6085740327835083,0.30314165353775024
1791022096505586000,78.3305859375,-0.056810423731803894,-0.6659952998161316,0.2188423126935959
1791022096522839600,78.34783959960937,-0.14660754799842834,-0.550541877746582,0.06490438431501389
1791022096540093200,78.36509326171876,-0.28038692474365234,-0.314748078584671,-0.08903354406356812
1791022096557346600,78.3823466796875,-0.4862483739852905,-0.22983787953853607,-0.24663665890693665
1791022096574600200,78.39960009765625,-0.5271763205528259,0.08292489498853683,-0.24236060678958893
1791022096591853800,78.41685375976563,-0.5387827157974243,0.10125083476305008,-0.24724751710891724
1791022096609107500,78.434107421875,-0.6322450637817383,0.16600249707698822,-0.3315468728542328
1791022096626360800,78.45136083984374,-0.7037162184715271,0.342542439699173,-0.39446592330932617
1791022096643614500,78.46861450195313,-0.8197805285453796,0.25274530053138733,-0.3926333487033844
1791022096660868000,78.4858681640625,-0.9480621218681335,0.2234237939119339,-0.37430739402770996
1791022096678121700,78.50312182617188,-1.0042617321014404,0.09330959618091583,-0.42562004923820496
1791022096695375000,78.520375,-1.0641264915466309,-0.042913250625133514,-0.54962557554245
1791022096712628700,78.53762866210937,-1.1447606086730957,-0.1669187992811203,-0.6107120513916016
1791022096729882400,78.55488232421875,-1.2003493309020996,-0.4454731345176697,-0.6779071688652039
1791022096747136000,78.57213598632812,-1.2345577478408813,-0.3355174660682678,-0.7432697415351868
1791022096764389400,78.58938940429688,-1.3371829986572266,-0.1870773434638977,-0.9845613241195679
1791022096781643000,78.60664306640625,-1.3738348484039307,-0.09361502528190613,-1.1446079015731812
1791022096798896600,78.62389672851563,-1.380554437637329,-0.27198755741119385,-1.2105813026428223
1791022096816150300,78.641150390625,-1.4471386671066284,-0.2793179154396057,-1.2771655321121216
1791022096833403600,78.65840356445312,-1.5723659992218018,-0.1980729103088379,-1.4610358476638794
1791022096850657300,78.6756572265625,-1.4721840620040894,-0.5633700489997864,-1.4811943769454956
1791022096867911000,78.69291088867188,-1.2608249187469482,-0.8938478827476501,-1.274111270904541
1791022096885164500,78.71016455078124,-1.2614357471466064,-0.7881683111190796,-1.2576178312301636
1791022096902418000,78.72741796875,-1.378721833229065,-0.595745861530304,-1.3810125589370728
1791022096919671600,78.74467163085937,-1.4471386671066284,-1.0337358713150024,-1.2496765851974487
1791022096936925200,78.76192529296875,-1.37078058719635,-1.1198678016662598,-0.9912807941436768
1791022096954178800,78.7791787109375,-1.4355322122573853,-0.6006327867507935,-1.1653772592544556
1791022096971432200,78.79643212890625,-1.4862339496612549,-0.43631017208099365,-1.2606722116470337
1791022096988685800,78.81368579101563,-1.4355322122573853,-0.615293562412262,-1.0199915170669556
1791022097005939500,78.830939453125,-1.3170244693756104,-0.8101593852043152,-0.7713695168495178
1791022097023193300,78.848193359375,-1.3066397905349731,-0.6904299259185791,-0.8770490884780884
1791022097040446500,78.86544653320313,-1.3280199766159058,-0.3452913165092468,-0.8214604258537292
1791022097057700000,78.8827001953125,-1.1685843467712402,-0.3404043912887573,-0.39141160249710083
1791022097074953700,78.89995361328126,-0.9224058389663696,-0.25243985652923584,-0.25091269612312317
1791022097092207400,78.91720727539062,-0.8118392825126648,0.12996147572994232,-0.4329504072666168
1791022097109460700,78.93446069335937,-0.5986474752426147,-0.09605848789215088,-0.08536835014820099
1791022097126714400,78.95171435546875,-0.39889469742774963,0.12996147572994232,0.020311253145337105
1791022097143968000,78.96896801757812,-0.3017672002315521,0.16050471365451813,0.07406735420227051
1791022097161221600,78.9862216796875,-0.1740964651107788,0.30833399295806885,0.15592323243618011
1791022097178475000,79.00347509765625,0.09590577334165573,0.3321577310562134,0.3837758004665375
1791022097195728600,79.02072875976563,0.3549124300479889,0.5655080676078796,0.5389354228973389
1791022097212982300,79.03798217773438,0.4557051360607147,0.8599448800086975,0.5163334608078003
1791022097230236000,79.05523583984375,0.5766563415527344,1.060308575630188,0.5609265565872192
1791022097247489300,79.0724892578125,0.8191696405410767,0.9466876983642578,0.6940951347351074
1791022097264743000,79.08974291992187,0.9682206511497498,0.6925679445266724,0.7276926636695862
1791022097281996500,79.10699658203124,1.0555742979049683,0.8862120509147644,0.8132137656211853
1791022097299250200,79.12425024414063,1.0989457368850708,1.253341794013977,0.8547525405883789
1791022097316503600,79.14150366210937,1.2235621213912964,1.2930480241775513,0.8804088830947876
1791022097333757200,79.15875708007812,1.4312561750411987,0.919198751449585,0.9769254922866821
1791022097351010800,79.1760107421875,1.5851941108703613,0.8965967893600464,1.0972658395767212
1791022097368264200,79.19326416015625,1.6071852445602417,0.8416189551353455,1.1565197706222534
1791022097385517800,79.21051782226563,1.5858049392700195,1.1207841634750366,1.1473567485809326
1791022097402771500,79.227771484375,1.6255111694335938,1.0346522331237793,1.1308634281158447
1791022097420025000,79.24502514648438,1.8093814849853516,0.772591233253479,1.123533010482788
1791022097437278500,79.26227856445313,1.9181153774261475,1.326034665107727,1.1809543371200562
1791022097454532000,79.27953198242187,1.9468261003494263,1.0169371366500854,1.1577414274215698
1791022097471785700,79.29678564453125,1.9315544366836548,1.1403318643569946,0.9384410381317139
1791022097489039400,79.31403930664062,1.941939115524292,0.7750346660614014,0.8229875564575195
1791022097506292700,79.33129272460937,1.8857395648956299,0.6314814686775208,0.7429642677307129
1791022097523546400,79.34854638671875,1.7831143140792847,0.29672756791114807,0.6556106209754944
1791022097540800000,79.36580004882812,1.7861685752868652,-0.21029019355773926,0.48762279748916626
1791022097558053600,79.3830537109375,1.7189735174179077,-0.25243985652923584,0.46746426820755005
1791022097575307000,79.40030712890625,1.5607595443725586,-0.2964221239089966,0.5053378939628601
1791022097592560600,79.417560546875,1.414151906967163,0.05177079141139984,0.5193877816200256
1791022097609814300,79.43481420898438,1.29503333568573,0.01695149764418602,0.48212501406669617
1791022097627068000,79.45206787109375,1.1722495555877686,-0.07162389904260635,0.45280352234840393
1791022097644321300,79.4693212890625,0.9266818761825562,-0.3251327872276306,0.4143190383911133
1791022097661575000,79.48657495117187,0.5467239618301392,-0.5590940117835999,0.3917170464992523
1791022097678828500,79.50382861328124,0.3170388340950012,-0.7429642677307129,0.3019199073314667
1791022097696082000,79.52108203125,0.28038692474365234,-0.7179188132286072,0.19929464161396027
1791022097713335600,79.53833544921875,0.24740023910999298,-0.7814487814903259,0.15225805342197418
1791022097730589200,79.55558911132813,0.13927717506885529,-0.6995928883552551,0.19990549981594086
1791022097747842800,79.5728427734375,-0.004276053514331579,-0.6348412036895752,0.191964253783226
1791022097765096400,79.59009643554687,-0.12522727251052856,-0.5755873322486877,0.03191768378019333
1791022097782349800,79.60734985351563,-0.29138249158859253,-0.38988444209098816,-0.12935061752796173
1791022097799603500,79.624603515625,-0.4685332775115967,-0.24694208800792694,-0.22464552521705627
1791022097816857000,79.64185717773438,-0.573602020740509,0.006566796451807022,-0.22647811472415924
1791022097834110700,79.65911083984375,-0.647516667842865,-0.07712167501449585,-0.2594648003578186
1791022097851364000,79.67636401367187,-0.6133082509040833,0.028557928279042244,-0.30344706773757935
1791022097868617700,79.69361767578125,-0.5723803043365479,0.10980294644832611,-0.4243983030319214
1791022097885871400,79.71087133789062,-0.6524035930633545,0.1049160286784172,-0.5551233887672424
1791022097903125000,79.728125,-0.8026763200759888,0.17455461621284485,-0.5056433081626892
1791022097920378400,79.74537841796875,-1.0225876569747925,0.08353576064109802,-0.5856665968894958
1791022097937632000,79.76263208007812,-1.2620465755462646,0.16600249707698822,-0.6504182815551758
1791022097954885600,79.7798857421875,-1.360395908355713,-0.036193739622831345,-0.7066178321838379
1791022097972139300,79.79713916015625,-1.360395908355713,-0.2390008419752121,-0.699287474155426
1791022097989392600,79.814392578125,-1.3683371543884277,-0.31230461597442627,-0.7683151960372925
1791022098006646300,79.83164624023438,-1.3536763191223145,-0.34406960010528564,-0.8917098641395569
1791022098023900000,79.84889990234375,-1.33290696144104,-0.43142324686050415,-0.986393928527832
1791022098041153500,79.86615356445313,-1.3665045499801636,-0.46685341000556946,-1.1238384246826172
1791022098058407000,79.88340698242187,-1.609628677368164,-0.2890917658805847,-1.328478217124939
1791022098075660500,79.90066064453126,-1.8002184629440308,-0.20173808932304382,-1.4085015058517456
1791022098092914200,79.9179140625,-1.6365067958831787,-0.4228711426258087,-1.2423462867736816
1791022098110167800,79.93516772460937,-1.4886775016784668,-0.6776017546653748,-1.215468168258667
1791022098127421200,79.95242114257813,-1.5063925981521606,-0.929888904094696,-1.1745402812957764
1791022098144674800,79.9696748046875,-1.6084070205688477,-1.2286018133163452,-1.2582287788391113
1791022098161928400,79.98692846679687,-1.6694934368133545,-1.003192663192749,-1.4127775430679321
1791022098179182000,80.00418212890625,-1.6132938861846924,-0.6207913160324097,-1.170875072479248
1791022098196435500,80.021435546875,-1.499062180519104,-0.16814053058624268,-0.9637919068336487
1791022098213689000,80.03868920898438,-1.3335177898406982,-0.6262891292572021,-0.9796743988990784
1791022098230942700,80.05594262695313,-1.221118688583374,-0.9714277386665344,-0.9179770350456238
1791022098248196400,80.0731962890625,-1.1410953998565674,-1.023962140083313,-0.8917098641395569
1791022098265449700,80.09044970703125,-1.0867284536361694,-1.0337358713150024,-0.9155336022377014
1791022098282703400,80.10770336914062,-0.9450078010559082,-0.9573778510093689,-0.7670934200286865
1791022098299957000,80.12495703125,-0.7666352987289429,-0.7270817756652832,-0.6345357894897461
1791022098317210600,80.14221069335937,-0.6921098232269287,0.053603384643793106,-0.6919570565223694
1791022098334464000,80.15946411132812,-0.6847794055938721,0.4189005196094513,-0.48853909969329834
1791022098351717600,80.17671752929688,-0.40255987644195557,0.453719824552536,-0.125074565410614
1791022098368971300,80.19397119140625,-0.164322629570961,0.6363683938980103,-0.10430516302585602
1791022098386225000,80.21122485351563,-0.009773836471140385,0.17577634751796722,0.11682789027690887
1791022098403478300,80.22847827148438,0.20463970303535461,0.22159120440483093,0.39965829253196716
1791022098420732000,80.24573193359375,0.29077163338661194,0.3468184769153595,0.4240928590297699
1791022098437985500,80.26298559570313,0.3897317349910736,0.7017309069633484,0.49739664793014526
1791022098455239200,80.2802392578125,0.5210676789283752,0.7310523986816406,0.6311760544776917
1791022098472492800,80.29749291992188,0.7910698652267456,0.6186532974243164,0.9353867173194885
1791022098489746200,80.31474609375,0.9767727851867676,0.7060069441795349,1.0343468189239502
1791022098506999800,80.33199975585937,0.9388991594314575,0.9546289443969727,0.9121738076210022
1791022098524253400,80.34925341796875,0.9834923148155212,1.2276854515075684,1.0545053482055664
1791022098541506800,80.3665068359375,1.1728603839874268,0.8294016718864441,1.3776527643203735
1791022098558760400,80.38376049804687,1.2901464700698853,0.5221366882324219,1.5028800964355469
1791022098576014000,80.40101416015625,1.2913681268692017,1.0566433668136597,1.4314088821411133
1791022098593267700,80.41826782226562,1.4007129669189453,1.448818564414978,1.363602876663208
1791022098610521000,80.43552099609374,1.6462805271148682,1.2008074522018433,1.307403326034546
1791022098627774700,80.45277465820313,1.9193371534347534,1.3400845527648926,1.3232858180999756
1791022098645028400,80.4700283203125,2.031736373901367,1.6559016704559326,1.3935352563858032
1791022098662282000,80.48728198242188,2.0861032009124756,0.967457115650177,1.3324488401412964
1791022098679535400,80.50453540039062,2.120922565460205,0.9980003237724304,1.224936604499817
1791022098696789000,80.5217890625,2.10687255859375,0.6119337677955627,1.1271982192993164
1791022098714042600,80.53904272460937,2.017686367034912,0.6394227147102356,1.0630574226379395
1791022098731296300,80.55629614257812,1.8087706565856934,0.606436014175415,0.9543235301971436
1791022098748550000,80.5735498046875,1.8674136400222778,0.12751802802085876,0.7661771774291992
1791022098765803300,80.59080322265625,1.9083415269851685,0.018784092739224434,0.7301361560821533
1791022098783057000,80.60805688476563,1.7959424257278442,-0.12354740500450134,0.7338013052940369
1791022098800310500,80.625310546875,1.619402527809143,-0.20357069373130798,0.6311760544776917
1791022098817564200,80.64256420898438,1.4062107801437378,-0.15592323243618011,0.503505289554596
1791022098834817500,80.65981762695313,1.229670763015747,-0.24022257328033447,0.4240928590297699
1791022098852071200,80.6770712890625,1.0604612827301025,-0.18890993297100067,0.36972591280937195
1791022098869324800,80.69432470703126,0.9077450633049011,-0.2897026240825653,0.21212279796600342
1791022098886578400,80.71157836914062,0.7379246354103088,-0.4033234715461731,0.12171480804681778
1791022098903831800,80.72883178710937,0.6029235124588013,-0.5865828990936279,0.10277800261974335
1791022098921085400,80.74608544921875,0.39889469742774963,-0.5658134818077087,0.12232567369937897
1791022098938339000,80.76333911132812,0.2406807243824005,-0.560315728187561,0.028863361105322838
1791022098955592700,80.7805927734375,0.08857539296150208,-0.22250749170780182,-0.04260781779885292
1791022098972846000,80.79784619140625,-0.1130099818110466,-0.18035782873630524,-0.0694858655333519
1791022098990099700,80.815099609375,-0.25411975383758545,-0.027030766010284424,-0.0896444097161293
1791022099007353300,80.83235327148438,-0.35185810923576355,0.03222311660647392,-0.20570871233940125
1791022099024607000,80.84960693359375,-0.43982264399528503,0.05604684352874756,-0.34193155169487
1791022099041860400,80.8668603515625,-0.5522217750549316,0.2600756883621216,-0.3761399984359741
1791022099059114000,80.88411401367188,-0.6340776681900024,0.29672756791114807,-0.35537058115005493
1791022099076367600,80.90136767578124,-0.6462949514389038,0.14950916171073914,-0.2503018379211426
1791022099093621200,80.91862133789063,-0.637742817401886,0.025503603741526604,-0.16783510148525238
1791022099110874600,80.93587451171875,-0.6078104376792908,0.09392046183347702,-0.34193155169487
1791022099128128300,80.95312817382812,-0.7098248600959778,0.29733842611312866,-0.6382009983062744
1791022099145382000,80.9703818359375,-0.9217949509620667,0.44150251150131226,-0.6436987519264221
1791022099162635500,80.98763549804687,-1.1704169511795044,0.21548254787921906,-0.5325213670730591
1791022099179889000,81.00488891601563,-1.3005311489105225,-0.10399972647428513,-0.7145590782165527
1791022099197142500,81.022142578125,-1.3933825492858887,-0.141262486577034,-0.9631810188293457
1791022099214396200,81.03939624023438,-1.517388105392456,0.10919208079576492,-1.1519381999969482
1791022099231649800,81.05664990234375,-1.5424336194992065,0.11713331937789917,-1.152549147605896
1791022099248903200,81.07390307617187,-1.5222749710083008,-0.06368265300989151,-1.0682498216629028
1791022099266156800,81.09115673828126,-1.5216641426086426,-0.22006404399871826,-1.0737475156784058
1791022099283410400,81.10841040039062,-1.527161955833435,-0.24999640882015228,-1.3516910076141357
1791022099300664000,81.1256640625,-1.7275255918502808,-0.44241881370544434,-1.595426082611084
1791022099317917400,81.14291748046875,-1.8747440576553345,-0.7509055137634277,-1.585652232170105
1791022099335171000,81.16017114257812,-1.6762129068374634,-0.6415607333183289,-1.4048362970352173
1791022099352424700,81.1774248046875,-1.5406010150909424,-0.6177369952201843,-1.4463751316070557
1791022099369678300,81.19467822265625,-1.5528182983398438,-0.6940951347351074,-1.5428917407989502
1791022099386931700,81.211931640625,-1.694538950920105,-0.7234166264533997,-1.4952442646026611
1791022099404185300,81.22918530273438,-1.6609413623809814,-0.7344121932983398,-1.327256441116333
1791022099421439000,81.24643896484375,-1.5638138055801392,-0.6849321126937866,-1.2093595266342163
1791022099438692600,81.26369262695313,-1.5613703727722168,-0.595745861530304,-1.3144283294677734
1791022099455946200,81.2809462890625,-1.4972295761108398,-0.4955640435218811,-1.2008074522018433
1791022099473199600,81.29819970703124,-1.2877029180526733,-0.6189587116241455,-0.9143118858337402
1791022099490453200,81.31545336914063,-1.1911863088607788,-0.5682569742202759,-0.9332486391067505
1791022099507707000,81.33270678710937,-1.1117738485336304,-0.6464476585388184,-0.846505880355835
1791022099524960500,81.34996044921876,-0.870482325553894,-0.6452259421348572,-0.5826122760772705
1791022099542214000,81.3672138671875,-0.6071996092796326,-0.43569931387901306,-0.3993528485298157
1791022099559467500,81.38446752929687,-0.41416633129119873,0.03955349326133728,-0.3199404180049896
1791022099576721200,81.40172119140625,-0.3341430425643921,0.33399030566215515,-0.26190826296806335
1791022099593974800,81.41897485351562,0.023212861269712448,0.393244206905365,0.049632761627435684
1791022099611228200,81.43622827148438,0.2101374864578247,0.3095557391643524,0.1406516134738922
1791022099628481800,81.45348168945313,0.328645259141922,0.48853909969329834,0.39599308371543884
1791022099645735400,81.4707353515625,0.4166097939014435,0.48792824149131775,0.42592546343803406
1791022099662989000,81.48798901367188,0.46425724029541016,0.5025889873504639,0.6739365458488464
1791022099680242400,81.50524243164062,0.6200277805328369,0.6400335431098938,0.8168789148330688
1791022099697496000,81.52249609375,0.7409789562225342,0.6467530727386475,0.9573778510093689
1791022099714749700,81.53974975585938,0.9327905178070068,0.6919570565223694,1.0752747058868408
1791022099732003300,81.55700341796874,1.1410953998565674,0.773202121257782,1.1229221820831299
1791022099749256700,81.57425659179688,1.2437206506729126,1.060308575630188,1.1882847547531128
1791022099766510300,81.59151025390625,1.3457350730895996,1.26189386844635,1.2640318870544434
1791022099783764000,81.60876391601562,1.5021164417266846,1.022434949874878,1.3947570323944092
1791022099801017600,81.626017578125,1.6731586456298828,1.1488839387893677,1.422245979309082
1791022099818271200,81.64327124023437,1.7996076345443726,1.1250602006912231,1.417969822883606
1791022099835524600,81.66052465820313,1.8625266551971436,1.3858994245529175,1.440571904182434
1791022099852778200,81.6777783203125,1.9578216075897217,1.264337420463562,1.4662281274795532
1791022099870032000,81.69503198242188,2.134361505508423,1.4182753562927246,1.3794853687286377
1791022099887285500,81.71228540039063,2.322507858276367,0.8605557680130005,1.2298234701156616
1791022099904539000,81.72953881835937,2.4465134143829346,0.6180424690246582,1.1045962572097778
1791022099921792500,81.74679248046876,2.4373505115509033,0.40546149015426636,1.0514509677886963
1791022099939046100,81.76404614257812,2.268141031265259,-0.0007635809597559273,0.9812015295028687
1791022099956299800,81.7812998046875,2.014021158218384,0.15745039284229279,0.8651372194290161
1791022099973553200,81.79855322265625,1.860694169998169,-0.2182314395904541,0.6317868828773499
1791022099990806800,81.81580688476562,1.896124243736267,-0.191964253783226,0.4271472096443176
1791022100008060400,81.83306030273438,1.8649702072143555,-0.3202458620071411,0.31291547417640686
1791022100025314000,81.85031396484375,1.637117624282837,-0.3611738085746765,0.3605629503726959
1791022100042567400,81.8675673828125,1.2076796293258667,-0.19379685819149017,0.26221370697021484
1791022100059821000,81.88482104492188,0.8973603844642639,-0.3306305706501007,0.04474584385752678
1791022100077074700,81.90207470703125,0.7116574645042419,-0.39599308371543884,0.03558287397027016
1791022100094328300,81.91932836914063,0.5980366468429565,-0.24816381931304932,0.17608177661895752
1791022100111581700,81.93658178710938,0.5271763205528259,-0.14920371770858765,0.23594652116298676
1791022100128835300,81.95383544921874,0.4404335021972656,-0.32879796624183655,0.18829907476902008
1791022100146089000,81.9710888671875,0.2620609998703003,-0.5981893539428711,0.1931859850883484
1791022100163342600,81.98834252929687,0.0360410213470459,-0.7429642677307129,0.11194097250699997
1791022100180596000,82.00559594726562,-0.14477495849132538,-0.5517635941505432,-0.018784092739224434
1791022100197849600,82.022849609375,-0.24862197041511536,-0.6354520916938782,-0.18982623517513275
1791022100215103200,82.04010327148437,-0.24740023910999298,-0.46257734298706055,-0.291229784488678
1791022100232356900,82.05735693359375,-0.32131487131118774,-0.4540252387523651,-0.4396699368953705
1791022100249610500,82.07461059570312,-0.41233372688293457,0.02916879393160343,-0.5233584046363831
1791022100266863900,82.09186376953124,-0.4728093445301056,0.23625195026397705,-0.6101012229919434
1791022100284117500,82.10911743164063,-0.47036588191986084,0.3058905303478241,-0.5807796716690063
1791022100301371100,82.12637109375,-0.46547895669937134,0.36392268538475037,-0.5367974042892456
1791022100318624800,82.14362475585938,-0.5986474752426147,0.23747368156909943,-0.698676586151123
1791022100335878100,82.16087817382812,-0.861319363117218,0.3260490894317627,-0.8135191798210144
1791022100353131800,82.1781318359375,-1.1612539291381836,0.16355904936790466,-0.8074105381965637
1791022100370385400,82.19538549804687,-1.3713914155960083,0.16661337018013,-0.8868229389190674
1791022100387639000,82.21263916015624,-1.4489712715148926,0.002290742937475443,-1.0963495969772339
1791022100404892400,82.22989233398438,-1.361006736755371,-0.08323032408952713,-0.9912807941436768
1791022100422146000,82.24714599609375,-1.2382229566574097,-0.25671592354774475,-0.8086322546005249
1791022100439399700,82.26439965820313,-1.186299443244934,-0.22128576040267944,-0.7481566667556763
1791022100456653300,82.2816533203125,-1.2724313735961914,-0.39477136731147766,-0.8391754627227783
1791022100473906700,82.29890673828125,-1.4306453466415405,-0.6006327867507935,-0.9094249606132507
1791022100491160300,82.31616040039063,-1.6065744161605835,-0.7099775671958923,-0.9821178317070007
1791022100508414000,82.3334140625,-1.7122539281845093,-0.9072869420051575,-1.0462586879730225
1791022100525667600,82.35066748046874,-1.6982040405273438,-0.7118101716041565,-0.9931133985519409
1791022100542921000,82.3679208984375,-1.758679747581482,-0.5829176902770996,-1.1519381999969482
1791022100560174600,82.38517456054687,-1.8338160514831543,-0.7380773425102234,-1.2478439807891846
1791022100577428200,82.40242822265625,-1.777005672454834,-0.7588467597961426,-1.2130247354507446
1791022100594681900,82.41968188476562,-1.7415754795074463,-0.3727802336215973,-1.2081378698349
1791022100611935500,82.436935546875,-1.7165300846099854,-0.17486004531383514,-1.2429571151733398
1791022100629188900,82.45418896484375,-1.6682716608047485,-0.3428478538990021,-1.170875072479248
1791022100646442500,82.4714423828125,-1.543655276298523,-0.3410152494907379,-0.9839504361152649
1791022100663696100,82.48869604492188,-1.4691298007965088,-0.2903134822845459,-0.855057954788208
1791022100680949800,82.50594970703125,-1.4886775016784668,-0.32818710803985596,-0.7701478004455566
1791022100698203100,82.523203125,-1.4508038759231567,-0.22067490220069885,-0.5349648594856262
1791022100715456800,82.54045678710938,-1.3432916402816772,-0.21029019355773926,-0.24113887548446655
1791022100732710400,82.55771044921875,-1.145371437072754,-0.26099199056625366,-0.10980294644832611
1791022100749964000,82.57496411132813,-0.9395100474357605,-0.35017824172973633,0.0038179049734026194
1791022100767217400,82.59221752929687,-0.638353705406189,-0.14431680738925934,0.14309507608413696
1791022100784471000,82.60947094726562,-0.5070177912712097,0.10613775253295898,0.12232567369937897
1791022100801724700,82.626724609375,-0.32192572951316833,0.005345067009329796,0.2787070572376251
1791022100818978300,82.64397827148437,-0.033597562462091446,0.1971566081047058,0.5792525410652161
1791022100836232000,82.66123193359375,0.20158538222312927,0.5251910090446472,0.53221595287323
1791022100853485300,82.6784853515625,0.32009315490722656,0.6791289448738098,0.448527455329895
1791022100870739000,82.69573901367187,0.5406153202056885,0.7151699662208557,0.6568323373794556
1791022100887992600,82.71299267578125,0.7739656567573547,0.351705402135849,0.8217658400535583
