time,seconds_elapsed,z,y,x
1790107841487657200,0.0546572265625,0.6683314442634583,-0.3261171281337738,-0.21791954338550568
1790107841497601300,0.064601318359375,0.6802735924720764,-0.20155255496501923,-0.0612601600587368
1790107841507545300,0.07454541015625,0.6787531971931458,-0.035162780433893204,0.15180790424346924
1790107841517490200,0.084490234375,0.5980730056762695,0.13347284495830536,0.33727869391441345
1790107841527434200,0.094434326171875,0.47510847449302673,0.2959837317466736,0.5106102824211121
1790107841537378300,0.10437841796875,0.3559066951274872,0.3883852958679199,0.651688277721405
1790107841547323100,0.1143232421875,0.3037921190261841,0.442367285490036,0.7343288660049438
1790107841557267200,0.12426708984375,0.29144302010536194,0.33273640275001526,0.7409220337867737
1790107841567211300,0.134211181640625,0.2966838777065277,0.1679953932762146,0.6931273341178894
1790107841577155300,0.1441552734375,0.3153230547904968,0.128624826669693,0.614928662776947
1790107841587100200,0.15410009765625,0.36785924434661865,0.1701059490442276,0.5106840133666992
1790107841597044200,0.164044189453125,0.4546210467815399,0.23282605409622192,0.43334558606147766
1790107841606988300,0.17398828125,0.5484095811843872,0.29430752992630005,0.41649842262268066
1790107841616932900,0.183932861328125,0.5887314081192017,0.3510086238384247,0.4280296266078949
1790107841626877000,0.193876953125,0.6049487590789795,0.3708246648311615,0.44822466373443604
1790107841636820700,0.20382080078125,0.5837910175323486,0.25506797432899475,0.47531405091285706
1790107841646765000,0.21376513671875,0.49655917286872864,0.06108838692307472,0.5056767463684082
1790107841656710000,0.2237099609375,0.3928458094596863,-0.009718406945466995,0.49507153034210205
1790107841666654000,0.233654052734375,0.32228216528892517,-0.033127594739198685,0.41355350613594055
1790107841676597800,0.24359765625,0.303724467754364,-0.09649484604597092,0.2886728048324585
1790107841686543000,0.253543212890625,0.31786319613456726,-0.14937324821949005,0.1425267904996872
1790107841696487000,0.26348681640625,0.33944785594940186,-0.16595488786697388,-0.044622063636779785
1790107841706431000,0.273430908203125,0.3918154537677765,-0.20318986475467682,-0.22263360023498535
1790107841716375800,0.283375732421875,0.45129233598709106,-0.2271798849105835,-0.35967373847961426
1790107841726319900,0.29331982421875,0.48726579546928406,-0.24479509890079498,-0.45785996317863464
1790107841736264000,0.303263916015625,0.48348891735076904,-0.24859197437763214,-0.4819543957710266
1790107841746208000,0.3132080078125,0.4416746199131012,-0.19336865842342377,-0.43088799715042114
1790107841756152800,0.32315283203125,0.40205690264701843,-0.09234937280416489,-0.32745563983917236
1790107841766097000,0.333096923828125,0.38808223605155945,0.006711964961141348,-0.2022939771413803
1790107841776040700,0.343040771484375,0.39604002237319946,0.036249350756406784,-0.07834220677614212
1790107841785986000,0.352986083984375,0.4055698812007904,0.026506176218390465,0.046236470341682434
1790107841795929900,0.362929931640625,0.40659570693969727,-0.029401564970612526,0.15243934094905853
1790107841805874000,0.3728740234375,0.3830712139606476,-0.10982423275709152,0.2579798698425293
1790107841815817700,0.382817626953125,0.3388268053531647,-0.15634272992610931,0.3343138098716736
1790107841825763000,0.39276318359375,0.3271610736846924,-0.1291273534297943,0.3603893518447876
1790107841835707000,0.402706787109375,0.3746146261692047,-0.12744717299938202,0.327039897441864
1790107841845651000,0.41265087890625,0.4514276385307312,-0.17086894810199738,0.2410709410905838
1790107841855595800,0.422595703125,0.5392568111419678,-0.21640634536743164,0.15802238881587982
1790107841865539800,0.432539794921875,0.6147869825363159,-0.21387313306331635,0.11584404110908508
1790107841875484000,0.44248388671875,0.6504080891609192,-0.19265839457511902,0.11350206285715103
1790107841885429000,0.452428955078125,0.6606756448745728,-0.23978357017040253,0.1380675882101059
1790107841895372800,0.462372802734375,0.6531863212585449,-0.32415303587913513,0.18417489528656006
1790107841905316900,0.47231689453125,0.6282191872596741,-0.4021115005016327,0.2425074428319931
1790107841915260700,0.4822607421875,0.5781738758087158,-0.44296783208847046,0.29082465171813965
1790107841925206000,0.4922060546875,0.4892154932022095,-0.43046191334724426,0.2856839597225189
1790107841935149800,0.50214990234375,0.39193475246429443,-0.3957614600658417,0.2244301736354828
1790107841945094000,0.512093994140625,0.2576533854007721,-0.2962777316570282,0.15460848808288574
1790107841955038700,0.522038818359375,0.19920924305915833,-0.4014158844947815,0.10007093846797943
1790107841964983000,0.531983154296875,0.15586496889591217,-0.3320322632789612,-0.013621802441775799
1790107841974926800,0.5419267578125,0.15339460968971252,-0.34380611777305603,-0.10679648816585541
1790107841984871000,0.551870849609375,0.13965536653995514,-0.34906452894210815,-0.1627870500087738
1790107841994815700,0.561815673828125,0.11113131791353226,-0.4099574387073517,-0.1808885633945465
1790107842004759800,0.571759765625,0.07167737931013107,-0.5320284962654114,-0.15095356106758118
1790107842014703900,0.581703857421875,0.04448144882917404,-0.6555882096290588,-0.09457710385322571
1790107842024649000,0.59164892578125,0.045528069138526917,-0.8975521326065063,-0.09428282827138901
1790107842034592800,0.6015927734375,-0.01116130780428648,-1.1876596212387085,-0.24086320400238037
1790107842044536800,0.611536865234375,-0.09136346727609634,-0.9827687740325928,-0.27436044812202454
1790107842054481000,0.62148095703125,-0.17196324467658997,-0.5229132771492004,-0.14276008307933807
1790107842064426000,0.631426025390625,-0.2820111811161041,-0.17375448346138,0.016393886879086494
1790107842074369800,0.641369873046875,-0.39285674691200256,-0.08089324831962585,0.10950279235839844
1790107842084313900,0.65131396484375,-0.4967924654483795,-0.2010345757007599,0.11417610943317413
1790107842094258700,0.6612587890625,-0.5744132399559021,-0.37449902296066284,0.0680227279663086
1790107842104203000,0.671203125,-0.653180718421936,-0.4837898313999176,-0.01853480190038681
1790107842114147000,0.68114697265625,-0.7497965097427368,-0.5459999442100525,-0.13889184594154358
1790107842124091000,0.6910908203125,-0.8362264633178711,-0.6040611267089844,-0.28124284744262695
1790107842134035700,0.70103564453125,-0.8941315412521362,-0.637861430644989,-0.4101121425628662
1790107842143979800,0.710979736328125,-0.931429922580719,-0.6375828385353088,-0.5149900913238525
1790107842153924000,0.720924072265625,-0.9419150352478027,-0.5620103478431702,-0.5942838788032532
1790107842163869000,0.730868896484375,-0.9087440371513367,-0.4310975968837738,-0.6678882837295532
1790107842173813000,0.74081298828125,-0.8516411185264587,-0.32906976342201233,-0.7469652891159058
1790107842183756800,0.7507568359375,-0.7816953063011169,-0.2693116366863251,-0.8383417725563049
1790107842193702000,0.760701904296875,-0.5075138211250305,-0.23258663713932037,-0.9458131194114685
1790107842203646000,0.77064599609375,0.05216972902417183,-0.14642485976219177,-1.0256723165512085
1790107842213590000,0.780590087890625,0.4148235619068146,0.013626595959067345,-1.0715221166610718
1790107842223533800,0.790533935546875,0.49020618200302124,-0.0014032195322215557,-1.0568715333938599
1790107842233479000,0.80047900390625,0.5370370745658875,-0.06857213377952576,-0.8827159404754639
1790107842243423000,0.810423095703125,0.510850191116333,-0.11250204592943192,-0.6744567155838013
1790107842253367000,0.820366943359375,0.42718249559402466,-0.1309817135334015,-0.5284217596054077
1790107842263312000,0.830311767578125,0.38775280117988586,-0.09478696435689926,-0.43763458728790283
1790107842273256000,0.840255859375,0.38386884331703186,0.01362526509910822,-0.413520485162735
1790107842283199700,0.85019970703125,0.3877551853656769,0.12777847051620483,-0.46860581636428833
1790107842293144800,0.860144775390625,0.39987948536872864,0.22628027200698853,-0.5597469210624695
1790107842303089000,0.8700888671875,0.39503785967826843,0.3045782744884491,-0.6812486052513123
1790107842313033000,0.880032958984375,0.37349823117256165,0.3673955798149109,-0.8443661332130432
1790107842322976800,0.889976806640625,0.3643673062324524,0.35743990540504456,-1.0221582651138306
1790107842332921900,0.899921875,0.37364521622657776,0.2754978835582733,-1.1601091623306274
1790107842342866000,0.909865966796875,0.3967902362346649,0.19406268000602722,-1.2107923030853271
1790107842352810000,0.91981005859375,0.41113296151161194,0.22333961725234985,-1.1599153280258179
1790107842362754800,0.9297548828125,0.4201118052005768,0.3554542362689972,-1.0609205961227417
1790107842372699000,0.939698974609375,0.4726165533065796,0.5206496119499207,-0.9137657284736633
1790107842382643000,0.949642822265625,0.5757501125335693,0.722601592540741,-0.7239819169044495
1790107842392587000,0.9595869140625,0.7036955952644348,0.8841825127601624,-0.5317355394363403
1790107842402531800,0.96953173828125,0.8517382740974426,1.0841704607009888,-0.34404313564300537
1790107842412476000,0.979475830078125,1.0041099786758423,1.2912768125534058,-0.22023622691631317
1790107842422419700,0.989419677734375,1.0783871412277222,1.246646523475647,-0.246249720454216
1790107842432365000,0.999364990234375,0.9932464361190796,0.8769422173500061,-0.412445604801178
1790107842442308900,1.009308837890625,0.7896789312362671,0.26017218828201294,-0.6379114985466003
1790107842452253000,1.0192529296875,0.5068961977958679,-0.35494929552078247,-0.8357223272323608
1790107842462197800,1.02919775390625,0.23049739003181458,-0.7600419521331787,-0.999945878982544
1790107842472142000,1.03914208984375,0.005367867648601532,-0.8560837507247925,-1.158948540687561
1790107842482086000,1.0490859375,-0.1298655867576599,-0.6534166932106018,-1.290745735168457
1790107842492030000,1.059030029296875,-0.2135130763053894,-0.3617140054702759,-1.334143877029419
1790107842501974800,1.068974853515625,-0.22171401977539062,-0.02870834432542324,-1.2084234952926636
1790107842511918800,1.0789189453125,-0.11238912492990494,0.23521704971790314,-0.9252862930297852
1790107842521863000,1.08886279296875,0.06439230591058731,0.30818605422973633,-0.5342966914176941
1790107842531808000,1.09880810546875,0.2012348473072052,0.18446677923202515,-0.12722718715667725
1790107842541751800,1.108751708984375,0.20967945456504822,0.04175969585776329,0.18095140159130096
1790107842551696000,1.11869580078125,0.11828643083572388,-0.03371801599860191,0.3082209527492523
1790107842561639700,1.1286396484375,-0.022589731961488724,-0.08350208401679993,0.32215994596481323
1790107842571585000,1.1385849609375,-0.1901198774576187,-0.022905582562088966,0.2685947120189667
1790107842581528800,1.14852880859375,-0.36667147278785706,0.14164341986179352,0.16662946343421936
1790107842591473000,1.158472900390625,-0.5326279401779175,0.34948715567588806,0.04440421611070633
1790107842601417700,1.168417724609375,-0.6542438864707947,0.49577805399894714,-0.06430309265851974
1790107842611362000,1.178362060546875,-0.7039659023284912,0.5196136236190796,-0.10314635932445526
1790107842621306000,1.18830615234375,-0.7007764577865601,0.4919266104698181,-0.07182438671588898
1790107842631251200,1.198251220703125,-0.6705333590507507,0.4522225856781006,-0.011565309949219227
1790107842641195000,1.208195068359375,-0.6542537212371826,0.3219764530658722,0.07085899263620377
1790107842651139300,1.218139404296875,-0.7156047224998474,0.16906945407390594,0.16720257699489594
1790107842661083100,1.228083251953125,-0.8205372095108032,0.18227925896644592,0.24383077025413513
1790107842671028200,1.2380283203125,-0.897214949131012,0.30903640389442444,0.29051706194877625
1790107842680972000,1.247971923828125,-0.9199394583702087,0.4341184198856354,0.3240286707878113
1790107842690916000,1.257916015625,-0.8851526975631714,0.5879543423652649,0.29080867767333984
1790107842700861200,1.267861083984375,-0.7844244837760925,0.6352853775024414,0.19654181599617004
1790107842710805200,1.27780517578125,-0.6452215909957886,0.599313497543335,0.17311425507068634
1790107842720749000,1.2877490234375,-0.5180255770683289,0.559790849685669,0.21998350322246552
1790107842730693000,1.297693115234375,-0.3867778182029724,0.5485858917236328,0.24772724509239197
1790107842740638200,1.30763818359375,-0.25151240825653076,0.47184503078460693,0.27702653408050537
1790107842750582300,1.317582275390625,-0.1410985291004181,0.24331384897232056,0.32911184430122375
1790107842760526000,1.327526123046875,-0.06910210847854614,-0.12542715668678284,0.39484184980392456
1790107842770471200,1.33747119140625,0.2728525698184967,-0.5738728642463684,0.679860532283783
1790107842780415000,1.3474150390625,0.4059043526649475,-1.2514406442642212,1.235656976699829
1790107842790359300,1.357359375,-0.22819854319095612,-1.891094446182251,0.8641811013221741
1790107842800304000,1.36730419921875,-0.20430706441402435,-2.1717169284820557,0.37367504835128784
1790107842810248200,1.377248291015625,0.16646407544612885,-1.6005730628967285,0.3617688715457916
1790107842820192000,1.38719189453125,0.432576984167099,-1.4829429388046265,0.021089306101202965
1790107842830136000,1.397135986328125,0.8046586513519287,-1.4991458654403687,0.008069644682109356
1790107842840081200,1.4070810546875,1.3013912439346313,-1.902595043182373,0.35655492544174194
1790107842850025200,1.417025146484375,1.7940112352371216,-2.7657036781311035,1.0445506572723389
1790107842859969000,1.426968994140625,2.2005856037139893,-3.773561477661133,1.932419776916504
1790107842869914000,1.4369140625,2.3813700675964355,-4.5868377685546875,2.7579615116119385
1790107842879858200,1.446858154296875,2.184887409210205,-4.970114707946777,3.088346004486084
1790107842889802200,1.45680224609375,1.9130468368530273,-4.80500602722168,2.756211996078491
1790107842899746300,1.466746337890625,1.9778947830200195,-4.353597164154053,2.2179415225982666
1790107842909691100,1.476691162109375,2.1630303859710693,-4.291050910949707,1.7766640186309814
1790107842919635000,1.486635009765625,2.4245288372039795,-4.617845058441162,1.5766280889511108
1790107842929579300,1.496579345703125,2.7607975006103516,-5.407272815704346,1.8299157619476318
1790107842939524000,1.506524169921875,3.0948450565338135,-6.466087818145752,2.5427334308624268
1790107842949468200,1.51646826171875,3.360062837600708,-7.481527328491211,3.3768577575683594
1790107842959412200,1.526412109375,3.590325117111206,-7.97789192199707,4.061484336853027
1790107842969357300,1.536357421875,3.5701003074645996,-6.967975616455078,3.8286921977996826
1790107842979301000,1.546301025390625,3.0637595653533936,-5.835507869720459,3.004439353942871
1790107842989245200,1.5562451171875,2.7551329135894775,-5.045894622802734,1.9222286939620972
1790107842999189200,1.566189208984375,2.56581711769104,-4.043291091918945,0.8401042819023132
1790107843009134000,1.576134033203125,2.4731125831604004,-3.0762596130371094,-0.11182507127523422
1790107843019078100,1.586078125,2.7156357765197754,-2.567007541656494,-0.4487037658691406
1790107843029022200,1.596022216796875,2.5314199924468994,-1.8808647394180298,-1.033029556274414
1790107843038967000,1.605967041015625,2.830227851867676,-1.240014910697937,-1.3560600280761719
1790107843048911000,1.6159111328125,2.4286623001098633,-1.2333663702011108,-1.35029137134552
1790107843058855200,1.625855224609375,2.588529348373413,-1.2402615547180176,-1.2515922784805298
1790107843068799200,1.63579931640625,2.800283193588257,-1.101423740386963,-0.627930223941803
1790107843078744000,1.645744140625,2.7546656131744385,-0.38924363255500793,-0.569188117980957
1790107843088688000,1.655688232421875,2.438281297683716,-0.2225145697593689,-0.5349196195602417
1790107843098632200,1.665632080078125,2.4995129108428955,-0.2593383491039276,-0.2854309380054474
1790107843108577300,1.675577392578125,2.5002248287200928,-0.36086446046829224,-0.06925816833972931
1790107843118521000,1.68552099609375,2.6484057903289795,-0.8302351236343384,0.05712081119418144
1790107843128465200,1.695465087890625,2.6890997886657715,-1.1180543899536133,0.13160809874534607
1790107843138410000,1.705409912109375,2.65921688079834,-1.3202905654907227,0.053220875561237335
1790107843148354000,1.71535400390625,2.5106637477874756,-1.4405754804611206,-0.3524613678455353
1790107843158298400,1.72529833984375,2.193457841873169,-1.327049732208252,-1.3125027418136597
1790107843168242200,1.7352421875,2.0710418224334717,-0.7801839709281921,-1.9049663543701172
1790107843178187000,1.74518701171875,1.8230583667755127,-0.14423973858356476,-1.693563461303711
1790107843188131000,1.755131103515625,1.5691890716552734,0.18476611375808716,-1.4363993406295776
1790107843198075100,1.7650751953125,1.3602571487426758,0.19570451974868774,-0.683504045009613
1790107843208020200,1.775020263671875,1.013266682624817,-0.4538295567035675,0.09606794267892838
1790107843217964300,1.78496435546875,0.4770001173019409,-1.777076005935669,1.334324598312378
1790107843227908000,1.794908203125,-0.04166009649634361,-2.243364095687866,1.5721545219421387
1790107843237852200,1.80485205078125,-0.07146512717008591,-1.4099403619766235,0.42748475074768066
1790107843247797200,1.81479736328125,0.034823227673769,-0.323003351688385,-1.3310798406600952
1790107843257741300,1.8247412109375,-0.037575338035821915,0.06105882674455643,-1.8789280652999878
1790107843267685000,1.83468505859375,-0.5612526535987854,-0.12452275305986404,-1.4874305725097656
1790107843277630200,1.844630126953125,-0.9668611884117126,-0.3614506125450134,-1.1782413721084595
1790107843287574000,1.854573974609375,-1.1715381145477295,-0.1079416498541832,-1.2669661045074463
1790107843297518300,1.864518310546875,-1.4012075662612915,-0.20188331604003906,-1.4239202737808228
1790107843307463200,1.874463134765625,-1.7690529823303223,-0.6798424124717712,-1.371429681777954
1790107843317407200,1.8844072265625,-2.0475995540618896,-1.3104726076126099,-1.3430774211883545
1790107843327351000,1.89435107421875,-2.2180898189544678,-1.7623116970062256,-1.244733214378357
1790107843337295000,1.904295166015625,-2.2816600799560547,-1.6888043880462646,-1.2243491411209106
1790107843347240200,1.914240234375,-2.069485664367676,-1.4409054517745972,-1.1720830202102661
1790107843357184300,1.924184326171875,-1.5989906787872314,-1.4595019817352295,-1.043211579322815
1790107843367128000,1.934128173828125,-0.7301802039146423,-2.302217960357666,-1.0297447443008423
1790107843377073400,1.944073486328125,-1.0093774795532227,-2.060713529586792,-0.815996527671814
1790107843387017200,1.954017333984375,-0.6690345406532288,-0.7860775589942932,-0.4423273503780365
1790107843396961300,1.963961181640625,-0.07550940662622452,0.3391439616680145,-0.874416172504425
1790107843406906000,1.973906005859375,0.6940445303916931,0.625539243221283,-1.2440447807312012
1790107843416850200,1.98385009765625,1.331996202468872,0.4151548445224762,-1.4032886028289795
1790107843426794000,1.9937939453125,2.221522569656372,0.45608630776405334,-1.0692315101623535
1790107843436738300,2.00373828125,2.6895408630371094,0.11323601007461548,-0.724902868270874
1790107843446683100,2.01368310546875,3.0402064323425293,-0.2895423471927643,-0.19818419218063354
1790107843456627200,2.023627197265625,3.0390737056732178,-0.5437650084495544,-0.059594620019197464
1790107843466571000,2.033571044921875,2.9335765838623047,-0.4424828886985779,0.07115620374679565
1790107843476516400,2.043516357421875,2.7698616981506348,0.27603718638420105,0.23965945839881897
1790107843486460200,2.053460205078125,2.5460054874420166,-0.020493557676672935,0.49473994970321655
1790107843496404200,2.063404296875,1.911932349205017,-0.29654592275619507,0.4162060022354126
1790107843506348000,2.07334814453125,1.3575330972671509,-0.17551963031291962,0.06173340603709221
1790107843516293400,2.08329345703125,0.8155339360237122,-0.2496362030506134,-0.34750309586524963
1790107843526237200,2.0932373046875,0.8131645321846008,-0.27340543270111084,-0.5859630703926086
1790107843536181200,2.10318115234375,1.2257803678512573,-0.7447764277458191,-0.589069128036499
1790107843546126000,2.1131259765625,1.2807892560958862,-0.35481321811676025,-0.7506631016731262
1790107843556070100,2.123070068359375,1.5180736780166626,0.3263789117336273,-0.7351294159889221
1790107843566014000,2.133013916015625,1.9942607879638672,0.5150651931762695,-0.5449575781822205
1790107843575959300,2.142959228515625,2.578225612640381,0.323677659034729,-0.324868381023407
1790107843585903000,2.152903076171875,3.0226857662200928,-0.24144510924816132,-0.0282132625579834
1790107843595847200,2.16284716796875,2.933806896209717,-0.8369345664978027,0.24563133716583252
1790107843605791000,2.172791015625,2.626953601837158,-1.1069079637527466,0.26977208256721497
1790107843615737000,2.182737060546875,2.5550055503845215,-1.321740746498108,0.22135715186595917
1790107843625681000,2.192680908203125,2.6818289756774902,-1.6744542121887207,0.2684040367603302
1790107843635625000,2.202625,2.7065987586975098,-1.6712355613708496,0.28030702471733093
1790107843645569800,2.21256982421875,2.5249340534210205,-1.5200018882751465,0.6158632040023804
1790107843655514000,2.22251416015625,2.423748254776001,-0.7346665263175964,0.8396928310394287
1790107843665458000,2.2324580078125,2.699730157852173,-0.2024625539779663,0.8001957535743713
1790107843675402000,2.242402099609375,2.956414222717285,-0.22560462355613708,0.4361884891986847
1790107843685346800,2.252346923828125,3.1521835327148438,0.13647182285785675,0.01101430132985115
1790107843695291000,2.262290771484375,2.9085919857025146,0.24342916905879974,-0.5442121624946594
1790107843705235000,2.27223486328125,2.1347241401672363,-0.43245288729667664,-0.3592875897884369
1790107843715180000,2.282179931640625,1.3497710227966309,-0.7991490960121155,-0.00708693778142333
1790107843725123800,2.292123779296875,0.9537139534950256,-0.9083791971206665,0.15093359351158142
1790107843735068000,2.30206787109375,0.8250427842140198,-1.1668895483016968,0.23616832494735718
1790107843745013000,2.312012939453125,0.8362253904342651,-1.3593988418579102,0.2523278594017029
1790107843754957000,2.32195703125,0.9491780400276184,-1.3501933813095093,0.16356949508190155
1790107843764900900,2.33190087890625,1.088775396347046,-1.1948192119598389,-0.002996056107804179
1790107843774845000,2.341844970703125,1.0574251413345337,-1.0394301414489746,-0.19110098481178284
1790107843784790000,2.3517900390625,0.663650393486023,-0.8194035291671753,-0.40179458260536194
1790107843794734000,2.361734130859375,0.10831049084663391,-0.6442319750785828,-0.40726205706596375
1790107843804678000,2.371677978515625,-0.2717097997665405,-0.5837369561195374,-0.31024760007858276
1790107843814623000,2.381623046875,-0.23021535575389862,-0.6418883800506592,-0.28453078866004944
1790107843824566800,2.39156689453125,-0.13314740359783173,-0.45213016867637634,-0.34245428442955017
1790107843834510800,2.4015107421875,-0.15961602330207825,-0.2501659095287323,-0.3682187795639038
1790107843844456000,2.4114560546875,0.12726899981498718,-0.2242155224084854,-0.5111831426620483
1790107843854400000,2.42139990234375,0.3978445827960968,-0.242010235786438,-0.5880765914916992
1790107843864343800,2.43134375,0.758746325969696,-0.2270938754081726,-0.6017971634864807
1790107843874287900,2.441287841796875,0.9818826913833618,-0.029564816504716873,-0.5010567307472229
1790107843884233000,2.45123291015625,1.0355685949325562,0.16010285913944244,-0.3094633221626282
1790107843894177000,2.461177001953125,0.9211472272872925,-0.3767733871936798,-0.09317415207624435
1790107843904120800,2.471120849609375,1.0656535625457764,-1.3282963037490845,0.004780374001711607
1790107843914066000,2.48106591796875,1.02279531955719,-1.4214246273040771,0.31312569975852966
1790107843924010000,2.491010009765625,1.093937635421753,-0.6813015937805176,0.5457128882408142
1790107843933954000,2.5009541015625,1.5916123390197754,0.7734922170639038,0.7970721125602722
1790107843943897900,2.51089794921875,2.102515935897827,1.8028995990753174,1.3048466444015503
1790107843953843000,2.520843017578125,2.414280414581299,2.3332762718200684,1.8849982023239136
1790107843963786800,2.530786865234375,2.2944836616516113,3.0593438148498535,2.172022819519043
1790107843973730800,2.540730712890625,1.988674283027649,4.372719764709473,1.856060266494751
1790107843983676000,2.550676025390625,2.627424716949463,5.22631311416626,-0.08259714394807816
1790107843993620000,2.560619873046875,2.98205828666687,5.339741230010986,-1.562330961227417
1790107844003563800,2.570563720703125,3.5071053504943848,5.0713043212890625,-3.0724830627441406
1790107844013509000,2.580509033203125,3.0686092376708984,4.237723350524902,-3.6759562492370605
1790107844023453000,2.590452880859375,0.7649983167648315,1.3899037837982178,-0.007792941760271788
1790107844033397000,2.60039697265625,-0.08674794435501099,-0.48742613196372986,0.5953832268714905
1790107844043340800,2.6103408203125,1.8395417928695679,-1.8738884925842285,-0.22263041138648987
1790107844053286000,2.620285888671875,-0.4781452715396881,-1.3379143476486206,0.17979319393634796
1790107844063230000,2.63022998046875,-1.3872448205947876,-0.9625383019447327,0.2695712745189667
1790107844073174000,2.640174072265625,-1.6244102716445923,-0.17503519356250763,0.27140727639198303
1790107844083118800,2.650118896484375,-1.5481863021850586,0.30978500843048096,0.18947219848632812
1790107844093063000,2.66006298828125,-1.7127002477645874,0.35722842812538147,-0.0321507453918457
1790107844103006700,2.6700068359375,-1.9702779054641724,0.11948298662900925,-0.37602344155311584
1790107844112952000,2.6799521484375,-2.2357826232910156,-0.17638808488845825,-0.5744909644126892
1790107844122896000,2.689895751953125,-2.4646575450897217,-0.46959465742111206,-0.5893871188163757
1790107844132840000,2.69983984375,-2.561415910720825,-0.7302877902984619,-0.40608838200569153
1790107844142784000,2.709783935546875,-2.658588171005249,-0.8140977025032043,-0.13518285751342773
1790107844152729000,2.71972900390625,-2.8794829845428467,-0.6214728951454163,0.034747060388326645
1790107844162673000,2.7296728515625,-3.199320077896118,-0.3260420262813568,0.15317437052726746
1790107844172617000,2.739616943359375,-3.5392251014709473,-0.016638631001114845,0.5070922374725342
1790107844182561800,2.749561767578125,-3.9349215030670166,-0.45125558972358704,1.3018125295639038
1790107844192505900,2.759505859375,-4.230171203613281,-0.543123185634613,1.7352060079574585
1790107844202450000,2.769449951171875,-4.417454719543457,0.07340656965970993,1.7599796056747437
1790107844212394000,2.77939404296875,-4.284024238586426,1.202884316444397,1.2964673042297363
1790107844222338800,2.7893388671875,-3.4062089920043945,1.6354022026062012,0.6265991926193237
1790107844232283000,2.799282958984375,-1.9118937253952026,1.4648315906524658,-0.3875565230846405
1790107844242227000,2.80922705078125,-0.7099406719207764,1.3086557388305664,-1.1920934915542603
1790107844252172000,2.819172119140625,-0.5099652409553528,1.4623795747756958,-0.9646432995796204
1790107844262115800,2.82911572265625,-0.9138568043708801,1.2638685703277588,-0.05814319849014282
1790107844272060000,2.839059814453125,-1.1027114391326904,0.3254004716873169,0.5131714344024658
1790107844282004700,2.849004638671875,-1.0570605993270874,-0.374598890542984,0.45001962780952454
1790107844291949000,2.858948974609375,-1.0326892137527466,-0.6670821905136108,0.11478011310100555
1790107844301893000,2.86889306640625,-1.0601873397827148,-0.8022050857543945,-0.19688856601715088
1790107844311837000,2.8788369140625,-1.0872951745986938,-0.8595738410949707,-0.36038294434547424
1790107844321781800,2.88878173828125,-1.0464372634887695,-0.8130843639373779,-0.3896569609642029
1790107844331725800,2.898725830078125,-0.98903888463974,-0.6708691716194153,-0.30948248505592346
1790107844341670100,2.908670166015625,-0.9413297176361084,-0.5370512008666992,-0.13796480000019073
1790107844351615000,2.918614990234375,-0.9027213454246521,-0.3587475121021271,0.0686352550983429
1790107844361559000,2.92855908203125,-0.88241046667099,-0.1494842916727066,0.21306248009204865
1790107844371502800,2.9385029296875,-0.8976269364356995,0.10551683604717255,0.24144858121871948
1790107844381448000,2.948447998046875,-0.9094439148902893,0.2862871587276459,0.1617276519536972
1790107844391392000,2.95839208984375,-0.9328160881996155,0.4033043086528778,0.1103249117732048
1790107844401336000,2.968336181640625,-0.9727949500083923,0.38073694705963135,0.08247783035039902
1790107844411280000,2.97827978515625,-1.0214698314666748,0.18482257425785065,0.0733940526843071
1790107844421225000,2.988224853515625,-1.0614979267120361,0.008429969660937786,0.048232775181531906
1790107844431169000,2.9981689453125,-1.0515531301498413,-0.08530078083276749,-0.02569311298429966
1790107844441113000,3.008113037109375,-1.032285451889038,-0.008207862265408039,-0.05337480828166008
1790107844451058000,3.018057861328125,-0.9760674238204956,0.015896940603852272,-0.043355997651815414
1790107844461002000,3.028001953125,-0.8949019908905029,-0.1271720677614212,-0.02160782366991043
1790107844470945800,3.03794580078125,-0.819058358669281,-0.22799934446811676,0.014283065684139729
1790107844480890000,3.04789013671875,-0.7131298184394836,-0.17509432137012482,-0.031857799738645554
1790107844490835000,3.0578349609375,-0.6566148996353149,-0.040520526468753815,-0.07358153909444809
1790107844500779000,3.067779052734375,-0.6169306039810181,0.11691223829984665,-0.044565603137016296
1790107844510722800,3.077722900390625,-0.5823771357536316,0.28598275780677795,0.010696053504943848
1790107844520668000,3.08766796875,-0.5489699244499207,0.26870018243789673,0.11905980855226517
1790107844530612000,3.097612060546875,-0.3980371057987213,0.16433142125606537,0.1943630874156952
1790107844540556000,3.10755615234375,-0.24612988531589508,0.36678120493888855,0.18875446915626526
1790107844550499800,3.117499755859375,-0.19940844178199768,0.5696030259132385,0.19110257923603058
1790107844560445000,3.12744482421875,-0.21085551381111145,0.5461975336074829,0.26481062173843384
1790107844570389000,3.137388916015625,-0.20593984425067902,0.5060400366783142,0.3441842794418335
1790107844580333000,3.1473330078125,-0.13614238798618317,0.5382072925567627,0.37980273365974426
1790107844590278000,3.15727783203125,-0.1104266420006752,0.42908692359924316,0.37340155243873596
1790107844600222000,3.167221923828125,-0.12311367690563202,0.3714902102947235,0.3950873911380768
1790107844610165800,3.177165771484375,-0.10563774406909943,0.3218901455402374,0.4274437427520752
1790107844620110000,3.187110107421875,-0.03436250239610672,0.3087032437324524,0.4378838539123535
1790107844630054100,3.19705419921875,0.052314069122076035,0.2824748456478119,0.4578027129173279
1790107844639998200,3.206998291015625,0.1548556238412857,0.18921412527561188,0.48318344354629517
1790107844649942300,3.2169423828125,0.23859766125679016,0.08069217950105667,0.5301594734191895
1790107844659887000,3.22688720703125,0.3043154180049896,0.0686272606253624,0.5669185519218445
1790107844669831000,3.236830810546875,0.367536723613739,0.03421522676944733,0.5963555574417114
1790107844679775200,3.246775146484375,0.4398505985736847,-0.0033774208277463913,0.6248817443847656
1790107844689720000,3.256719970703125,0.5319278240203857,0.03690129145979881,0.6512510180473328
1790107844699664100,3.2666640625,0.6140085458755493,0.07660609483718872,0.6813271641731262
1790107844709608200,3.276608154296875,0.6867061853408813,0.12407854199409485,0.7078522443771362
1790107844719553300,3.28655322265625,0.7477948665618896,0.18980881571769714,0.699653685092926
1790107844729497000,3.2964970703125,0.8057356476783752,0.2529433071613312,0.7070519328117371
1790107844739441200,3.306441162109375,0.8584864735603333,0.28827306628227234,0.7327285408973694
1790107844749385200,3.31638525390625,0.9220489263534546,0.30169007182121277,0.7352843880653381
1790107844759330000,3.326330078125,0.9911859631538391,0.27368560433387756,0.6838750243186951
1790107844769274000,3.336274169921875,1.0531054735183716,0.21456262469291687,0.60155189037323
1790107844779218200,3.34621826171875,1.0832085609436035,0.24258413910865784,0.5523492097854614
1790107844789163000,3.3561630859375,1.0934460163116455,0.23312540352344513,0.5072986483573914
1790107844799107000,3.366107177734375,1.1038017272949219,0.1902029663324356,0.45063480734825134
1790107844809051100,3.376051025390625,1.130178689956665,0.19268237054347992,0.3886454701423645
1790107844818996200,3.385996337890625,1.1763736009597778,0.21008053421974182,0.32891663908958435
1790107844828940000,3.39593994140625,1.2414442300796509,0.24747397005558014,0.2771482467651367
1790107844838884000,3.405884033203125,1.3237167596817017,0.2584003806114197,0.24360786378383636
1790107844848828200,3.415828125,1.3903253078460693,0.2761823236942291,0.2234320193529129
1790107844858773200,3.425773193359375,1.439293622970581,0.2299724817276001,0.1936648041009903
1790107844868717300,3.43571728515625,1.4815891981124878,0.16338759660720825,0.16435672342777252
1790107844878661000,3.4456611328125,1.500858187675476,0.1361788809299469,0.11936021596193314
1790107844888606000,3.45560595703125,1.5050804615020752,0.09760352224111557,0.04488198831677437
1790107844898550000,3.465550048828125,1.483819603919983,0.10424970835447311,-0.04574858024716377
1790107844908494300,3.475494384765625,1.4508254528045654,0.11763022840023041,-0.12818433344364166
1790107844918438100,3.485438232421875,1.4297113418579102,0.16797834634780884,-0.16589362919330597
1790107844928383200,3.49538330078125,1.442193627357483,0.26517945528030396,-0.1519908607006073
1790107844938327000,3.5053271484375,1.5054622888565063,0.39417633414268494,-0.1253102570772171
1790107844948271000,3.51527099609375,1.5981863737106323,0.5413351655006409,-0.12315894663333893
1790107844958216200,3.52521630859375,1.6792594194412231,0.6556665301322937,-0.15356957912445068
1790107844968160300,3.53516015625,1.7340811491012573,0.6944597363471985,-0.21104513108730316
1790107844978104000,3.54510400390625,1.7611393928527832,0.740894079208374,-0.27086344361305237
1790107844988049200,3.555049072265625,1.7975621223449707,0.8190626502037048,-0.30473726987838745
1790107844997993200,3.5649931640625,1.8198554515838623,0.8573623895645142,-0.32474640011787415
1790107845007937300,3.574937255859375,1.8091721534729004,0.8856467008590698,-0.33297982811927795
1790107845017881000,3.584881103515625,1.766028642654419,0.827573835849762,-0.32102862000465393
1790107845027826200,3.594826171875,1.698111653327942,0.6857964396476746,-0.3189236521720886
1790107845037770000,3.60477001953125,1.5856311321258545,0.6571645736694336,-0.3256012797355652
1790107845047714300,3.61471435546875,1.4234566688537598,0.584588885307312,-0.34265509247779846
1790107845057659100,3.6246591796875,1.2548359632492065,0.46505823731422424,-0.3366294205188751
1790107845067603200,3.634603271484375,1.112463355064392,0.4487881660461426,-0.3229396939277649
1790107845077547000,3.644547119140625,0.9889203906059265,0.5246805548667908,-0.33901268243789673
1790107845087492400,3.654492431640625,0.8861993551254272,0.5447559952735901,-0.3244830071926117
1790107845097436200,3.664436279296875,0.8115147352218628,0.4760131537914276,-0.28268203139305115
1790107845107380200,3.674380126953125,0.749413251876831,0.3824480473995209,-0.19383923709392548
1790107845117324000,3.684323974609375,0.69562166929245,0.23868395388126373,-0.14079706370830536
1790107845127269000,3.69426904296875,0.6169388294219971,0.09669751673936844,-0.10448352992534637
1790107845137213200,3.704213134765625,0.5207254886627197,-0.002620816696435213,-0.06107480451464653
1790107845147157200,3.7141572265625,0.38110634684562683,-0.03404638543725014,-0.049621615558862686
1790107845157102000,3.72410205078125,0.19106103479862213,0.04405534267425537,-0.013727263547480106
1790107845167046100,3.734046142578125,0.12083853781223297,0.17438484728336334,0.052018992602825165
1790107845176990000,3.743989990234375,0.1499040126800537,0.3177010118961334,0.1470770686864853
1790107845186935300,3.753935302734375,0.17038877308368683,0.4587090015411377,0.12700535356998444
1790107845196879000,3.763879150390625,0.16555088758468628,0.20573292672634125,-0.00603472301736474
1790107845206823200,3.7738232421875,0.2340007722377777,-0.3326999247074127,0.06365274637937546
1790107845216767000,3.78376708984375,0.38037821650505066,-0.8567855358123779,0.12962457537651062
1790107845226712300,3.79371240234375,0.3992038369178772,-1.001137375831604,0.17651671171188354
1790107845236656000,3.80365625,0.35610857605934143,-0.8751727938652039,0.1734767109155655
1790107845246600200,3.81360009765625,0.27676182985305786,-0.6449151039123535,0.11235637217760086
1790107845256545000,3.823544921875,0.1765366792678833,-0.6281435489654541,0.10536077618598938
1790107845266489000,3.833489013671875,0.0894225537776947,-0.6450847387313843,0.1749747395515442
1790107845276433200,3.84343310546875,-0.008359395898878574,-0.7552351951599121,0.24791818857192993
1790107845286377200,3.853377197265625,-0.13738848268985748,-0.8597309589385986,0.26712092757225037
1790107845296322000,3.863322021484375,-0.28259894251823425,-0.8261637091636658,0.25601980090141296
1790107845306266000,3.87326611328125,-0.4250713884830475,-0.8440305590629578,0.20991568267345428
1790107845316210000,3.8832099609375,-0.5943158268928528,-0.710336446762085,0.1576298475265503
1790107845326155300,3.8931552734375,-0.7810108661651611,-0.5857657194137573,0.10497914254665375
1790107845336099000,3.90309912109375,-0.9454847574234009,-0.5295027494430542,0.06804908812046051
1790107845346043100,3.913043212890625,-1.1034784317016602,-0.4555262327194214,0.03552230820059776
1790107845355988000,3.922988037109375,-1.1732285022735596,-0.4181368052959442,-0.002822684356942773
1790107845365932300,3.932932373046875,-1.2012497186660767,-0.3377862870693207,-0.024232102558016777
1790107845375876000,3.9428759765625,-1.2357594966888428,-0.22808855772018433,-0.01570865511894226
1790107845385820200,3.952820068359375,-1.2177211046218872,-0.3137797713279724,-0.03771115839481354
1790107845395765000,3.962764892578125,-1.2076658010482788,-0.3762607276439667,-0.06738676130771637
1790107845405709000,3.972708984375,-1.1219980716705322,-0.3844717741012573,-0.06792312115430832
1790107845415653000,3.982653076171875,-1.017488956451416,-0.3601565957069397,-0.051053330302238464
1790107845425598200,3.99259814453125,-0.9108564853668213,-0.3565804958343506,-0.027108583599328995
1790107845435542000,4.0025419921875,-0.7960271239280701,-0.35506463050842285,-0.005456284619867802
1790107845445486000,4.012486083984375,-0.7070831060409546,-0.4400511384010315,-0.009759419597685337
1790107845455430100,4.02243017578125,-0.6098857522010803,-0.5786846876144409,-0.02400067448616028
1790107845465375200,4.032375244140625,-0.5111846923828125,-0.4995746612548828,-0.024095483124256134
1790107845475319000,4.042319091796875,-0.4410325288772583,-0.25985315442085266,0.029798641800880432
1790107845485263000,4.05226318359375,-0.4380955994129181,-0.18124142289161682,0.0887993797659874
1790107845495208000,4.0622080078125,-0.4463718831539154,-0.22017045319080353,0.13823163509368896
1790107845505152300,4.07215234375,-0.4786480665206909,-0.1895185261964798,0.14137044548988342
1790107845515096000,4.082095947265625,-0.5260515213012695,-0.10196391493082047,0.08324748277664185
1790107845525041200,4.092041259765625,-0.5639264583587646,-0.1117427796125412,0.005495699122548103
1790107845534985000,4.10198486328125,-0.5928366780281067,-0.24096441268920898,-0.04487293213605881
1790107845544929000,4.111928955078125,-0.5465688109397888,-0.345907062292099,-0.06568979471921921
1790107845554873300,4.121873291015625,-0.49847131967544556,-0.3865610361099243,-0.07408807426691055
1790107845564818200,4.131818115234375,-0.4958435595035553,-0.4168981611728668,-0.1052934005856514
1790107845574762000,4.141761962890625,-0.5053358674049377,-0.4123825132846832,-0.1419305056333542
1790107845584706000,4.1517060546875,-0.5016396641731262,-0.3465331792831421,-0.15068964660167694
1790107845594651100,4.161651123046875,-0.5060349702835083,-0.26960352063179016,-0.11189936846494675
1790107845604595200,4.17159521484375,-0.5151767730712891,-0.1511077582836151,-0.0694270133972168
1790107845614539300,4.181539306640625,-0.49956241250038147,-0.074774369597435,-0.06506794691085815
1790107845624483800,4.19148388671875,-0.47709599137306213,-0.07980268448591232,-0.1011870726943016
1790107845634428000,4.201427978515625,-0.45858755707740784,-0.12333685159683228,-0.15702104568481445
1790107845644371700,4.211371826171875,-0.46681591868400574,-0.11177979409694672,-0.23411476612091064
1790107845654315800,4.221315673828125,-0.49763160943984985,-0.04560743272304535,-0.31358668208122253
1790107845664260900,4.2312607421875,-0.5347824692726135,0.015262842178344727,-0.38390693068504333
1790107845674205000,4.241204833984375,-0.5857521295547485,-0.030244188383221626,-0.44017526507377625
1790107845684148700,4.251148681640625,-0.6273353099822998,-0.12251818925142288,-0.4717395603656769
1790107845694093800,4.26109375,-0.6795675754547119,-0.22749947011470795,-0.49284911155700684
1790107845704037600,4.27103759765625,-0.7204779982566833,-0.3601760268211365,-0.5110132098197937
1790107845713982000,4.28098193359375,-0.7748648524284363,-0.479125052690506,-0.5162718892097473
1790107845723925800,4.29092578125,-0.8355939388275146,-0.5390677452087402,-0.5173102617263794
1790107845733870800,4.300870849609375,-0.8576233386993408,-0.5558496713638306,-0.532893180847168
1790107845743814700,4.310814697265625,-0.8905254006385803,-0.49689340591430664,-0.5611299276351929
1790107845753758700,4.3207587890625,-0.8769765496253967,-0.4617740213871002,-0.5937493443489075
1790107845763703800,4.330703857421875,-0.8639443516731262,-0.3589608371257782,-0.5865162014961243
1790107845773648000,4.34064794921875,-0.8750510811805725,-0.13853923976421356,-0.5558342337608337
1790107845783591700,4.350591796875,-0.8650373220443726,0.0837007537484169,-0.4459202289581299
1790107845793536800,4.360536865234375,-0.8900313377380371,0.33058086037635803,-0.34771934151649475
1790107845803480800,4.370480712890625,-0.8732121586799622,0.5050671696662903,-0.3181532025337219
1790107845813425000,4.3804248046875,-0.8652597069740295,0.579879641532898,-0.3062251806259155
1790107845823368700,4.39036865234375,-0.9284234642982483,0.561278760433197,-0.3892444372177124
1790107845833313800,4.400313720703125,-0.899600088596344,0.30526962876319885,-0.35986337065696716
1790107845843257600,4.410257568359375,-0.969609260559082,0.11094489693641663,-0.3984033167362213
1790107845853202000,4.420201904296875,-1.0826060771942139,-0.024863537400960922,-0.4124078154563904
1790107845863146800,4.430146728515625,-1.148315668106079,-0.06462879478931427,-0.3738012909889221
1790107845873090800,4.4400908203125,-1.1189707517623901,-0.08619321137666702,-0.2973563075065613
1790107845883034600,4.45003466796875,-1.0694432258605957,-0.026565831154584885,-0.2419537752866745
1790107845892980000,4.45997998046875,-1.1099493503570557,0.09785731881856918,-0.23753532767295837
1790107845902923800,4.469923828125,-1.139662742614746,0.2361946851015091,-0.17066654562950134
1790107845912867800,4.479867919921875,-1.099683403968811,0.2625221610069275,-0.15249685943126678
1790107845922811600,4.489811767578125,-1.1046991348266602,0.26654568314552307,-0.10824284702539444
1790107845932756700,4.4997568359375,-1.219908356666565,0.21956723928451538,-0.20994152128696442
1790107845942700800,4.50970068359375,-1.2494449615478516,0.04812358692288399,-0.18470247089862823
1790107845952644900,4.519644775390625,-1.1887961626052856,-0.2652148902416229,-0.238051176071167
1790107845962589700,4.529589599609375,-1.184123158454895,-0.32104194164276123,-0.22300511598587036
1790107845972533800,4.53953369140625,-1.1224888563156128,-0.1727249026298523,-0.20244604349136353
1790107845982477600,4.5494775390625,-1.063079833984375,-0.09143990278244019,-0.21032634377479553
1790107845992422000,4.559421875,-0.9718066453933716,-0.20533877611160278,-0.20755824446678162
1790107846002366700,4.56936669921875,-0.8564336895942688,-0.3334924876689911,-0.11180216819047928
1790107846012310800,4.579310791015625,-0.7967384457588196,-0.2786089777946472,-0.042985282838344574
1790107846022254600,4.589254638671875,-0.7322733998298645,-0.19731466472148895,-0.02803083509206772
1790107846032200000,4.599199951171875,-0.5802159905433655,-0.09376218169927597,0.06712604314088821
1790107846042143700,4.609143798828125,-0.4827970266342163,0.020168118178844452,0.1457822322845459
1790107846052087800,4.619087890625,-0.3688720464706421,0.07109947502613068,0.24847851693630219
1790107846062032600,4.62903271484375,-0.3223429024219513,0.19974879920482635,0.3601650893688202
1790107846071976700,4.638976806640625,-0.29403480887413025,0.26949644088745117,0.4329841732978821
1790107846081920800,4.648920654296875,-0.21417993307113647,0.2704589068889618,0.5304441452026367
1790107846091864800,4.65886474609375,-0.12690389156341553,0.329091876745224,0.5436779260635376
1790107846101809700,4.6688095703125,-0.0686805248260498,0.42143645882606506,0.5082514882087708
1790107846111753700,4.678753662109375,0.012147210538387299,0.5069082379341125,0.5616228580474854
1790107846121697800,4.68869775390625,0.11949257552623749,0.600877046585083,0.6356552839279175
1790107846131643000,4.698642822265625,0.21554507315158844,0.5985622406005859,0.6682526469230652
1790107846141586700,4.708586669921875,0.3089008629322052,0.48789748549461365,0.6653902530670166
1790107846151530800,4.71853076171875,0.42181727290153503,0.4008669853210449,0.6276775002479553
1790107846161475600,4.7284755859375,0.5369340181350708,0.3692283630371094,0.5734643340110779
1790107846171420000,4.738419921875,0.6397469639778137,0.3665391206741333,0.5395287275314331
1790107846181363700,4.74836376953125,0.7502473592758179,0.32746440172195435,0.5753865838050842
1790107846191307800,4.758307861328125,0.8401221036911011,0.2877095341682434,0.6392553448677063
1790107846201252600,4.768252685546875,0.9273645877838135,0.23434299230575562,0.6990206837654114
1790107846211196700,4.77819677734375,1.0171842575073242,0.1959492713212967,0.7359850406646729
1790107846221140700,4.788140625,1.0931642055511475,0.20165163278579712,0.7615489959716797
1790107846231085800,4.7980859375,1.1595160961151123,0.1573459506034851,0.7219270467758179
1790107846241029600,4.808029541015625,1.2201629877090454,0.13508005440235138,0.7128856182098389
1790107846250973700,4.8179736328125,1.2937157154083252,0.1167236864566803,0.729912519454956
1790107846260917800,4.827917724609375,1.3590896129608154,0.10590273141860962,0.7479570508003235
1790107846270862800,4.83786279296875,1.4303933382034302,0.1296650469303131,0.7351664304733276
1790107846280806700,4.847806640625,1.5220260620117188,0.19746194779872894,0.7175077795982361
1790107846290750700,4.857750732421875,1.6164036989212036,0.26644766330718994,0.6857786178588867
1790107846300695600,4.867695556640625,1.705499291419983,0.30341261625289917,0.6488954424858093
1790107846310639900,4.877639892578125,1.7974811792373657,0.3181188404560089,0.6258846521377563
1790107846320584000,4.887583984375,1.9049934148788452,0.3409937918186188,0.612003743648529
1790107846330528800,4.89752880859375,1.9957643747329712,0.37473711371421814,0.6112162470817566
1790107846340472600,4.90747265625,2.0641984939575195,0.3927938938140869,0.5873649716377258
1790107846350416600,4.917416748046875,2.130803346633911,0.3405629098415375,0.5658743381500244
1790107846360361000,4.92736083984375,2.1659576892852783,0.42617979645729065,0.5689316391944885
1790107846370305800,4.937305908203125,2.1949758529663086,0.49497750401496887,0.4758608043193817
1790107846380249900,4.947249755859375,2.204270124435425,0.5258437991142273,0.3002338707447052
1790107846390193700,4.957193603515625,2.1403400897979736,0.5417263507843018,0.17924565076828003
1790107846400138800,4.967138671875,2.080732822418213,0.3518166244029999,0.07749905437231064
1790107846410082800,4.977082763671875,2.011475086212158,0.17111502587795258,0.033487651497125626
1790107846420027000,4.98702685546875,1.917168378829956,0.03934687376022339,0.07087310403585434
1790107846429971700,4.9969716796875,1.839620590209961,-0.10617570579051971,0.14521658420562744
1790107846439915800,5.006915771484375,1.7979069948196411,-0.21112263202667236,0.17362745106220245
1790107846449859800,5.01685986328125,1.7573754787445068,-0.28641337156295776,0.14186260104179382
1790107846459804000,5.026803955078125,1.718347191810608,-0.3637273609638214,0.10323876887559891
1790107846469748700,5.036748779296875,1.7256317138671875,-0.31825360655784607,0.07366250455379486
1790107846479692800,5.04669287109375,1.681443214416504,-0.197457417845726,0.06183726713061333
1790107846489636600,5.05663671875,1.5635735988616943,-0.07852223515510559,0.09322528541088104
1790107846499581700,5.066581787109375,1.4300516843795776,0.0811702162027359,0.13912007212638855
1790107846509525800,5.07652587890625,1.3053268194198608,0.3058680295944214,0.15881095826625824
1790107846519469800,5.0864697265625,1.1723695993423462,0.43576693534851074,0.1481577754020691
1790107846529413600,5.09641357421875,1.00994074344635,0.28461283445358276,0.14977698028087616
1790107846539359000,5.10635888671875,0.8193249702453613,0.11308474093675613,0.13493464887142181
1790107846549302800,5.116302734375,0.6416540145874023,0.03870505094528198,0.11103224754333496
1790107846559246800,5.126246826171875,0.5121631622314453,-0.08261791616678238,0.08310793340206146
1790107846569191700,5.136191650390625,0.4105401337146759,-0.25601711869239807,0.07712914049625397
1790107846579135700,5.1461357421875,0.3288463354110718,-0.4255257248878479,0.11223812401294708
1790107846589079800,5.156079833984375,0.2882397770881653,-0.6875251531600952,0.1870386004447937
1790107846599025000,5.16602490234375,0.22435081005096436,-0.62157142162323,0.13665451109409332
1790107846608968700,5.17596875,0.13412344455718994,-0.30163973569869995,0.17592282593250275
1790107846618913000,5.1859130859375,0.06781846284866333,0.1455255001783371,0.28679075837135315
1790107846628857000,5.195857177734375,0.054795872420072556,0.38560229539871216,0.33037206530570984
1790107846638802200,5.20580224609375,-0.009576727636158466,0.014974954538047314,0.22976341843605042
1790107846648746000,5.21574609375,-0.05122803524136543,-0.5186530351638794,0.14543016254901886
1790107846658690000,5.22568994140625,-0.030724355950951576,-0.6391139030456543,0.14169082045555115
1790107846668635100,5.23563525390625,-0.062434613704681396,-0.5338404774665833,0.15299540758132935
1790107846678579200,5.2455791015625,-0.1403999924659729,-0.7006904482841492,0.13423743844032288
1790107846688523000,5.25552294921875,-0.21355915069580078,-0.9961639046669006,0.14093048870563507
1790107846698468000,5.265468017578125,-0.3019968867301941,-1.117853045463562,0.18924662470817566
1790107846708412000,5.275411865234375,-0.43433812260627747,-1.0380765199661255,0.2379867285490036
1790107846718356200,5.285356201171875,-0.6285531520843506,-0.9140863418579102,0.25560835003852844
1790107846728300000,5.295300048828125,-0.8155291676521301,-0.766221821308136,0.24192900955677032
1790107846738245000,5.3052451171875,-0.9849461317062378,-0.5424312949180603,0.19219979643821716
1790107846748189000,5.31518896484375,-1.1334866285324097,-0.33401578664779663,0.10015696287155151
1790107846758133000,5.325133056640625,-1.2282078266143799,-0.23555660247802734,0.00953944306820631
1790107846768078000,5.335078125,-1.284472942352295,-0.26373469829559326,-0.08953893929719925
1790107846778022100,5.345022216796875,-1.2992603778839111,-0.2542687654495239,-0.1417107880115509
1790107846787966000,5.354966064453125,-1.3003523349761963,-0.27574875950813293,-0.18138283491134644
1790107846797911000,5.3649111328125,-1.289024829864502,-0.32489100098609924,-0.23249289393424988
1790107846807855000,5.374855224609375,-1.2440972328186035,-0.3825697600841522,-0.2736659049987793
1790107846817799200,5.384799072265625,-1.1617989540100098,-0.36336222290992737,-0.28058719635009766
1790107846827743000,5.394742919921875,-1.0563430786132812,-0.2878762483596802,-0.2643810510635376
1790107846837688000,5.40468798828125,-0.928439736366272,-0.2054825872182846,-0.23678778111934662
1790107846847632000,5.4146318359375,-0.8064600229263306,-0.24536928534507751,-0.2137216031551361
1790107846857576200,5.424576171875,-0.6962307095527649,-0.3218565881252289,-0.17781154811382294
1790107846867521000,5.43452099609375,-0.5865889191627502,-0.40798747539520264,-0.10680927336215973
1790107846877465000,5.444465087890625,-0.49435994029045105,-0.4691440463066101,-0.01840164326131344
1790107846887409000,5.454408935546875,-0.4138011634349823,-0.4395528733730316,0.08973920345306396
1790107846897353000,5.46435302734375,-0.3618255853652954,-0.3666086196899414,0.18841411173343658
1790107846907298000,5.474298095703125,-0.3409583866596222,-0.35071009397506714,0.1959894746541977
1790107846917242000,5.4842421875,-0.31990957260131836,-0.32449764013290405,0.12618429958820343
1790107846927186000,5.49418603515625,-0.3067657947540283,-0.24961408972740173,0.055215850472450256
1790107846937131000,5.504131103515625,-0.3341127336025238,-0.1934964954853058,0.02478444203734398
1790107846947075000,5.514074951171875,-0.35896241664886475,-0.109303317964077,0.01853666640818119
1790107846957019100,5.52401904296875,-0.3534243702888489,-0.03206206113100052,0.01763092540204525
1790107846966964000,5.5339638671875,-0.34495657682418823,-0.017075123265385628,0.029564283788204193
1790107846976908000,5.543907958984375,-0.34371528029441833,-0.03462136164307594,0.06307856738567352
1790107846986851800,5.553851806640625,-0.37178686261177063,-0.03392680734395981,0.04463830962777138
1790107846996796200,5.563796142578125,-0.43354344367980957,-0.004995291121304035,-0.0007850998663343489
1790107847006741000,5.573740966796875,-0.51667320728302,0.052873335778713226,-0.04922853410243988
1790107847016685000,5.58368505859375,-0.6003699898719788,0.10401535034179688,-0.11539264023303986
1790107847026628900,5.59362890625,-0.6603363752365112,0.11446026712656021,-0.18872703611850739
1790107847036574200,5.60357421875,-0.6931366920471191,0.09658832103013992,-0.2340116947889328
1790107847046518000,5.61351806640625,-0.7239646315574646,0.10376367717981339,-0.25458967685699463
1790107847056462000,5.623462158203125,-0.7507333755493164,0.1820925772190094,-0.27604836225509644
1790107847066407000,5.633406982421875,-0.7704740762710571,0.2917780578136444,-0.3130023777484894
1790107847076351000,5.64335107421875,-0.7967594861984253,0.3654477596282959,-0.3459094762802124
1790107847086295000,5.653294921875,-0.8265546560287476,0.3364744186401367,-0.3708297312259674
1790107847096239000,5.663239013671875,-0.8465414047241211,0.24777917563915253,-0.3882406949996948
1790107847106184000,5.673183837890625,-0.8525788187980652,0.05066530779004097,-0.4269116520881653
1790107847116128000,5.6831279296875,-0.8725402355194092,-0.1683349460363388,-0.48530304431915283
1790107847126071800,5.69307177734375,-0.8929752111434937,-0.27087730169296265,-0.5168769359588623
1790107847136017200,5.70301708984375,-0.9154024720191956,-0.2652817368507385,-0.5030170679092407
1790107847145961000,5.7129609375,-0.9372255206108093,-0.16210980713367462,-0.4386380612850189
1790107847155905000,5.722905029296875,-0.958988606929779,-0.03271879628300667,-0.36926060914993286
1790107847165850000,5.73285009765625,-0.9592980742454529,0.10121423751115799,-0.3454554080963135
1790107847175794200,5.742794189453125,-0.9472177028656006,0.11121973395347595,-0.3873178958892822
1790107847185738000,5.752738037109375,-0.9485213160514832,0.03645468130707741,-0.4508710503578186
1790107847195682000,5.76268212890625,-0.9631505608558655,-0.12850338220596313,-0.5382214188575745
1790107847205627000,5.772626953125,-0.9868412613868713,-0.2808460593223572,-0.5999271273612976
1790107847215571000,5.782571044921875,-0.9686196446418762,-0.32235434651374817,-0.589078426361084
1790107847225515000,5.792514892578125,-0.9189208149909973,-0.20877611637115479,-0.4934470057487488
1790107847235460000,5.802460205078125,-0.9323801398277283,0.050827495753765106,-0.3529127836227417
1790107847245404000,5.81240380859375,-1.0362154245376587,0.38863882422447205,-0.24134577810764313
1790107847255348000,5.822347900390625,-1.114188551902771,0.6282815337181091,-0.16635754704475403
1790107847265293000,5.83229296875,-1.1321907043457031,0.7130925059318542,-0.10036442428827286
1790107847275237000,5.842237060546875,-1.1496080160140991,0.6608463525772095,-0.060022857040166855
1790107847285181000,5.852180908203125,-1.1449185609817505,0.4626970589160919,-0.11395213752985
1790107847295125000,5.862125,-1.1396023035049438,0.23548921942710876,-0.23589961230754852
1790107847305070000,5.872070068359375,-1.1722856760025024,-0.026148779317736626,-0.2676095962524414
1790107847315014100,5.88201416015625,-1.1729443073272705,-0.07365504652261734,-0.2527097463607788
1790107847324958200,5.891958251953125,-1.1392065286636353,0.07672380656003952,-0.16804386675357819
1790107847334903000,5.901903076171875,-1.040000557899475,0.11530022323131561,-0.10945884883403778
1790107847344846800,5.911846923828125,-0.9220691919326782,-0.1278328001499176,-0.1677519828081131
1790107847354791200,5.921791259765625,-0.8203542828559875,-0.48927515745162964,-0.23612651228904724
1790107847364735200,5.9317353515625,-0.7267473340034485,-0.7518143653869629,-0.22036778926849365
1790107847374680000,5.94168017578125,-0.6372952461242676,-0.6475950479507446,-0.15247182548046112
1790107847384624000,5.9516240234375,-0.5058898329734802,-0.29420074820518494,-0.12916597723960876
1790107847394568000,5.96156787109375,-0.43041449785232544,0.01212883461266756,-0.06828398257493973
1790107847404513000,5.971512939453125,-0.33413615822792053,0.12954974174499512,-0.0225007813423872
1790107847414457000,5.98145703125,-0.23726874589920044,0.1611422896385193,0.033177927136421204
1790107847424401200,5.991401123046875,-0.1751803308725357,0.17790955305099487,0.17442665994167328
1790107847434346000,6.001345947265625,-0.14853593707084656,0.30281978845596313,0.292813241481781
1790107847444290000,6.0112900390625,-0.09580721706151962,0.4774259626865387,0.36187857389450073
1790107847454234000,6.021234130859375,-0.04290299117565155,0.5793136954307556,0.40475761890411377
1790107847464178200,6.03117822265625,0.002855441300198436,0.5571780204772949,0.4297407269477844
1790107847474123000,6.041123046875,0.08873945474624634,0.5300686359405518,0.451774924993515
1790107847484067000,6.051067138671875,0.19737352430820465,0.532290518283844,0.42778488993644714
1790107847494011100,6.06101123046875,0.3061276972293854,0.4633775055408478,0.4007048010826111
1790107847503956000,6.0709560546875,0.4249321222305298,0.3543783128261566,0.4016001522541046
1790107847513900000,6.080900146484375,0.5411165356636047,0.31750258803367615,0.3980770707130432
1790107847523844000,6.090843994140625,0.658927321434021,0.35519057512283325,0.36930614709854126
1790107847533789200,6.1007890625,0.761817216873169,0.38055720925331116,0.3569866120815277
1790107847543733000,6.11073291015625,0.8356485366821289,0.3835503160953522,0.39962783455848694
1790107847553677000,6.120677001953125,0.9135132431983948,0.43082621693611145,0.45936307311058044
1790107847563621000,6.13062109375,0.9952366352081299,0.397499680519104,0.49863216280937195
1790107847573566000,6.14056591796875,1.059177279472351,0.3579203188419342,0.5032730102539062
1790107847583510300,6.15051025390625,1.1199053525924683,0.3887709081172943,0.5007597804069519
1790107847593454000,6.1604541015625,1.199493646621704,0.4156635105609894,0.4959924519062042
1790107847603399000,6.17039892578125,1.2932499647140503,0.4005415439605713,0.466196209192276
1790107847613343000,6.180343017578125,1.3862539529800415,0.32136818766593933,0.4311729669570923
1790107847623287000,6.190287109375,1.477447509765625,0.2587575316429138,0.3820805251598358
1790107847633230800,6.20023095703125,1.5517712831497192,0.19977383315563202,0.2961179316043854
1790107847643176000,6.210176025390625,1.610998272895813,0.1086103692650795,0.2260805368423462
1790107847653119700,6.22011962890625,1.6476266384124756,-0.004947620443999767,0.18722128868103027
1790107847663064000,6.23006396484375,1.7003809213638306,-0.07332853972911835,0.17976151406764984
1790107847673009000,6.2400087890625,1.771183967590332,-0.06646957248449326,0.20226016640663147
1790107847682953000,6.249952880859375,1.8435149192810059,-0.0647403821349144,0.20174510776996613
1790107847692896800,6.259896728515625,1.890723705291748,-0.08716579526662827,0.19072787463665009
1790107847702842000,6.269842041015625,1.876006007194519,-0.07395464926958084,0.18238365650177002
1790107847712786000,6.279785888671875,1.866071105003357,-0.03766988217830658,0.16204296052455902
1790107847722730000,6.28972998046875,1.8952080011367798,0.009467537514865398,0.16725504398345947
1790107847732673800,6.299673828125,1.9316961765289307,0.10354609787464142,0.20327907800674438
1790107847742619100,6.309619140625,1.9434095621109009,0.05253884196281433,0.18282628059387207
1790107847752563000,6.31956298828125,1.907556176185608,-0.14758625626564026,0.13572320342063904
1790107847762507000,6.329507080078125,1.8049973249435425,-0.39941343665122986,0.06638967245817184
1790107847772451800,6.339451904296875,1.6487233638763428,-0.7103529572486877,-0.026196716353297234
1790107847782396000,6.34939599609375,1.4209200143814087,-0.9961181282997131,-0.10402333736419678
1790107847792339700,6.359339599609375,1.14810049533844,-1.2204138040542603,-0.17000128328800201
1790107847802285000,6.36928515625,0.9650065302848816,-1.4174644947052002,-0.23699763417243958
1790107847812228900,6.379228759765625,0.8876789808273315,-1.5620228052139282,-0.1894756555557251
1790107847822173000,6.3891728515625,0.8638631105422974,-1.3600881099700928,-0.13542307913303375
1790107847832116700,6.39911669921875,0.8068589568138123,-0.930006206035614,-0.10073566436767578
1790107847842062000,6.40906201171875,0.7287769317626953,-0.40156686305999756,-0.07423587888479233
1790107847852006000,6.419005859375,0.6304287910461426,0.06900303810834885,0.01673423871397972
1790107847861950000,6.428949951171875,0.5376927256584167,0.5398525595664978,0.2911767065525055
1790107847871894800,6.438894775390625,0.5379167199134827,0.7954190969467163,0.5408259630203247
1790107847881839000,6.448839111328125,0.5527127385139465,0.7133753895759583,0.4808014929294586
1790107847891783000,6.458782958984375,0.5152623057365417,0.046959519386291504,0.30149751901626587
1790107847901727000,6.46872705078125,0.552989661693573,-0.7588089108467102,0.2644343078136444
1790107847911671800,6.478671875,0.745677649974823,-1.0898650884628296,0.29098230600357056
1790107847921616000,6.488615966796875,0.8823979496955872,-1.020856499671936,0.3639262914657593
1790107847931560000,6.498559814453125,0.8708289265632629,-0.8739655613899231,0.3437238037586212
1790107847941505000,6.508505126953125,0.7081867456436157,-0.9559592604637146,0.2612086832523346
1790107847951448800,6.51844873046875,0.493248850107193,-1.1779544353485107,0.1598282754421234
1790107847961393000,6.528392822265625,0.3093421459197998,-1.1964421272277832,0.12626659870147705
1790107847971338000,6.538337890625,0.1688566654920578,-1.035438060760498,0.15947487950325012
1790107847981282000,6.548281982421875,0.011504323221743107,-0.8893935084342957,0.2069569081068039
1790107847991225900,6.558225830078125,-0.1573326289653778,-0.7536082863807678,0.2536868751049042
1790107848001170000,6.568169921875,-0.28448978066444397,-0.5547292828559875,0.2903362214565277
1790107848011114800,6.57811474609375,-0.39422160387039185,-0.436420202255249,0.28697478771209717
1790107848021059000,6.58805908203125,-0.5192522406578064,-0.46392345428466797,0.25097230076789856
1790107848031003000,6.5980029296875,-0.6296956539154053,-0.5609235167503357,0.20338667929172516
1790107848040948000,6.607947998046875,-0.6766713857650757,-0.4706982672214508,0.20033682882785797
1790107848050891800,6.617891845703125,-0.7045493721961975,-0.3239668905735016,0.201363205909729
1790107848060835800,6.6278359375,-0.7640185952186584,-0.35703882575035095,0.14990933239459991
1790107848070781000,6.637781005859375,-0.8153621554374695,-0.4632161259651184,0.08165198564529419
1790107848080725000,6.64772509765625,-0.8384650945663452,-0.39982783794403076,0.07580741494894028
1790107848090668800,6.657668701171875,-0.8413373231887817,-0.22907499969005585,0.08587149530649185
1790107848100612900,6.66761279296875,-0.8529873490333557,-0.1299571990966797,0.06771832704544067
1790107848110558000,6.677557861328125,-0.8862200975418091,-0.20830845832824707,0.00845553632825613
1790107848120502000,6.687501953125,-0.884514331817627,-0.22800147533416748,-0.027467310428619385
1790107848130446000,6.697446044921875,-0.8396443724632263,-0.021412348374724388,-0.009489375166594982
1790107848140391000,6.707390869140625,-0.8010730147361755,0.2552035450935364,-0.011957593262195587
1790107848150334700,6.717334716796875,-0.8106052279472351,0.3044437766075134,-0.09830979257822037
1790107848160279000,6.727279052734375,-0.8373436331748962,0.23481330275535583,-0.197048619389534
1790107848170223000,6.73722314453125,-0.8469659090042114,0.2134784609079361,-0.23568841814994812
1790107848180168000,6.74716796875,-0.8565983176231384,0.14897723495960236,-0.2677110731601715
1790107848190112000,6.757112060546875,-0.8349718451499939,0.09004627168178558,-0.2873271107673645
1790107848200055800,6.767055908203125,-0.8100864887237549,0.08147222548723221,-0.32781460881233215
1790107848210001000,6.7770009765625,-0.8042306900024414,0.03796682134270668,-0.3593520522117615
1790107848219945000,6.786945068359375,-0.8262007236480713,0.054848868399858475,-0.4002363681793213
1790107848229889000,6.796888916015625,-0.8168375492095947,0.13015080988407135,-0.437470018863678
1790107848239833900,6.806833740234375,-0.823610782623291,0.1519802063703537,-0.4554647207260132
1790107848249778000,6.81677783203125,-0.8293203115463257,0.13910914957523346,-0.45550599694252014
1790107848259722000,6.826721923828125,-0.8075774908065796,0.1480158269405365,-0.4301058351993561
1790107848269666000,6.836666015625,-0.7979938387870789,0.17361679673194885,-0.41232338547706604
1790107848279611000,6.84661083984375,-0.8077061176300049,0.18598425388336182,-0.41306987404823303
1790107848289555000,6.856554931640625,-0.788345456123352,0.2486657351255417,-0.435789555311203
1790107848299499000,6.8664990234375,-0.773775577545166,0.33063358068466187,-0.4182603657245636
1790107848309443800,6.87644384765625,-0.7863734364509583,0.3439858555793762,-0.3700057566165924
1790107848319388000,6.886387939453125,-0.8244464993476868,0.2745990753173828,-0.33778202533721924
1790107848329332000,6.89633203125,-0.8883194923400879,0.20492278039455414,-0.3284420669078827
1790107848339277000,6.906277099609375,-0.9585659503936768,0.10688330978155136,-0.3234859108924866
1790107848349220900,6.916220947265625,-1.0738496780395508,-0.05115293338894844,-0.3410593271255493
1790107848359165000,6.9261650390625,-1.2278010845184326,-0.1788424551486969,-0.3752431273460388
1790107848369109000,6.93610888671875,-1.3424214124679565,-0.2215864509344101,-0.3946740925312042
1790107848379053800,6.9460537109375,-1.4046571254730225,-0.2305581122636795,-0.41078832745552063
1790107848388998100,6.955998046875,-1.4502438306808472,-0.24430029094219208,-0.4223496615886688
1790107848398942000,6.96594189453125,-1.4775968790054321,-0.259533554315567,-0.439636766910553
1790107848408886800,6.97588671875,-1.4804328680038452,-0.22643500566482544,-0.4308033287525177
1790107848418830800,6.985830810546875,-1.42582106590271,-0.15649160742759705,-0.3999519348144531
1790107848428775000,6.99577490234375,-1.3577580451965332,-0.09112618118524551,-0.3570561408996582
1790107848438720000,7.005719970703125,-1.263098955154419,-0.017067933455109596,-0.28332996368408203
1790107848448664000,7.0156640625,-1.2472683191299438,-0.05251380801200867,-0.22607308626174927
1790107848458607900,7.02560791015625,-1.2930139303207397,-0.15651477873325348,-0.24927587807178497
1790107848468552000,7.035552001953125,-1.3431665897369385,-0.24651017785072327,-0.29401031136512756
1790107848478497000,7.0454970703125,-1.3678972721099854,-0.2816290259361267,-0.3053806722164154
1790107848488441000,7.055441162109375,-1.379288673400879,-0.23649854958057404,-0.2815432548522949
1790107848498385000,7.065385009765625,-1.3769956827163696,-0.07831531018018723,-0.2270059883594513
1790107848508330000,7.075330078125,-1.3753687143325806,0.11086925864219666,-0.13166242837905884
1790107848518273800,7.085273681640625,-1.3754417896270752,0.21146297454833984,-0.01846715807914734
1790107848528218000,7.095218017578125,-1.2730448246002197,0.14792181551456451,0.07028321921825409
1790107848538162000,7.105161865234375,-1.1467806100845337,-0.1279824674129486,0.16886545717716217
1790107848548107000,7.11510693359375,-1.0401087999343872,-0.3143693804740906,0.27465713024139404
1790107848558050800,7.12505078125,-0.9653332829475403,-0.16198517382144928,0.2846849858760834
1790107848567995000,7.134994873046875,-0.8752108812332153,0.04007577896118164,0.25087082386016846
1790107848577940000,7.14493994140625,-0.7541486024856567,0.08162961155176163,0.3268851637840271
1790107848587884000,7.154884033203125,-0.6771531701087952,-0.06481015682220459,0.40662848949432373
1790107848597827800,7.164827880859375,-0.5825566053390503,-0.21299563348293304,0.47420671582221985
1790107848607773000,7.17477294921875,-0.4857712388038635,-0.2720027565956116,0.5813875198364258
1790107848617717000,7.184717041015625,-0.4212271273136139,-0.19491036236286163,0.6869102120399475
1790107848627661300,7.194661376953125,-0.37434643507003784,-0.19937223196029663,0.746128499507904
1790107848637605000,7.204605224609375,-0.3119725286960602,-0.1860407143831253,0.7567889094352722
1790107848647550500,7.214550537109375,-0.20548099279403687,-0.1340922862291336,0.7203294038772583
1790107848657494300,7.224494384765625,-0.07383187860250473,-0.11278833448886871,0.7078919410705566
1790107848667438300,7.234438232421875,0.04019935056567192,-0.15378956496715546,0.7455686926841736
1790107848677383200,7.244383056640625,0.1537133902311325,-0.18075832724571228,0.7738666534423828
1790107848687327200,7.2543271484375,0.27033960819244385,-0.14219841361045837,0.7696151733398438
1790107848697271300,7.264271240234375,0.3800796866416931,-0.02659912034869194,0.7671445608139038
1790107848707216400,7.27421630859375,0.49375271797180176,0.09258373081684113,0.806130051612854
1790107848717160200,7.28416015625,0.6065924763679504,0.20359653234481812,0.9127249717712402
1790107848727104300,7.294104248046875,0.7324161529541016,0.2854788899421692,1.0179085731506348
1790107848737048000,7.304048095703125,0.846551239490509,0.32635360956192017,1.0590829849243164
1790107848746993400,7.313993408203125,0.9347519874572754,0.31584450602531433,1.050156593322754
1790107848756937200,7.323937255859375,1.0117708444595337,0.2722128927707672,1.0461623668670654
1790107848766881300,7.33388134765625,1.0933141708374023,0.21657304465770721,1.0749706029891968
1790107848776826000,7.343826171875,1.176945447921753,0.15397918224334717,1.0717028379440308
1790107848786770400,7.3537705078125,1.252259612083435,0.09087318181991577,1.0383204221725464
1790107848796714200,7.36371435546875,1.329245686531067,0.007324757985770702,0.9903033971786499
1790107848806659300,7.373659423828125,1.423515796661377,0.01152802538126707,0.9478216767311096
1790107848816603100,7.38360302734375,1.52947199344635,0.04087020084261894,0.8810405135154724
1790107848826547200,7.393547119140625,1.6300119161605835,0.055687762796878815,0.8158040046691895
1790107848836491300,7.4034912109375,1.7069562673568726,0.03864672780036926,0.7600363492965698
1790107848846436400,7.413436279296875,1.7563995122909546,0.05488748475909233,0.7144851088523865
1790107848856380200,7.423380126953125,1.792854905128479,0.10140091925859451,0.6497620344161987
1790107848866324200,7.43332421875,1.818242073059082,0.07477730512619019,0.5463110208511353
1790107848876269300,7.443269287109375,1.8248701095581055,0.013689979910850525,0.4572993814945221
1790107848886213400,7.45321337890625,1.8648439645767212,-0.04398157075047493,0.3769510090351105
1790107848896157200,7.4631572265625,1.9200605154037476,-0.15071095526218414,0.3075122833251953
1790107848906101200,7.473101318359375,1.9798860549926758,-0.2878168821334839,0.25728240609169006
1790107848916046000,7.483046142578125,2.044710874557495,-0.46336764097213745,0.20476406812667847
1790107848925990400,7.492990478515625,2.0473835468292236,-0.7053456902503967,0.139049232006073
1790107848935934200,7.502934326171875,2.00093412399292,-0.8883367776870728,0.06309933960437775
1790107848945879300,7.51287939453125,1.9733935594558716,-1.1392854452133179,0.036426715552806854
1790107848955823000,7.522822998046875,1.8660486936569214,-1.4990129470825195,0.06055362522602081
1790107848965767200,7.53276708984375,1.641917109489441,-1.7066023349761963,0.045514222234487534
1790107848975712300,7.542712158203125,1.4771041870117188,-1.7464320659637451,-0.010683802887797356
1790107848985656300,7.55265625,1.3435375690460205,-1.5829355716705322,-0.12758885324001312
1790107848995600100,7.56260009765625,1.1970043182373047,-1.2833133935928345,-0.0867181196808815
1790107849005544200,7.572544189453125,1.0607324838638306,-0.9634973406791687,0.11083437502384186
1790107849015489300,7.5824892578125,0.9281816482543945,-0.4485439658164978,0.29662713408470154
1790107849025433300,7.592433349609375,0.6888132691383362,0.1772053986787796,0.5429553985595703
1790107849035377200,7.602377197265625,0.5111327767372131,0.7293828129768372,0.8997511267662048
1790107849045322200,7.612322265625,0.5197883248329163,0.9648603200912476,1.1271544694900513
1790107849055266000,7.62226611328125,0.5689470767974854,0.8184738159179688,0.9387440085411072
1790107849065210400,7.63221044921875,0.5655717849731445,0.13177719712257385,0.640845775604248
1790107849075154400,7.642154541015625,0.5346633791923523,-0.6363421082496643,0.5992514491081238
1790107849085099300,7.652099365234375,0.5987891554832458,-1.1016520261764526,0.6708484292030334
1790107849095043000,7.66204296875,0.741640567779541,-1.1878741979599,0.6825359463691711
1790107849104987100,7.671987060546875,0.7418195009231567,-1.0703330039978027,0.632402241230011
1790107849114932200,7.68193212890625,0.6329388618469238,-0.8896137475967407,0.5814956426620483
1790107849124876300,7.691876220703125,0.48860830068588257,-0.9062929153442383,0.5046746134757996
1790107849134820000,7.701820068359375,0.30569785833358765,-1.023345947265625,0.5008372664451599
1790107849144765200,7.71176513671875,0.13972167670726776,-1.0020450353622437,0.5227111577987671
1790107849154709200,7.721709228515625,-0.039619848132133484,-0.9029615521430969,0.48722586035728455
1790107849164653300,7.7316533203125,-0.2411862462759018,-0.7652215361595154,0.4251936376094818
1790107849174597400,7.741597412109375,-0.4509293735027313,-0.6342616081237793,0.34377121925354004
1790107849184542200,7.751542236328125,-0.6222744584083557,-0.4146651029586792,0.2741609811782837
1790107849194486000,7.761486083984375,-0.7637189626693726,-0.2117687165737152,0.19083067774772644
1790107849204430300,7.771430419921875,-0.9217493534088135,-0.32482922077178955,0.06312970072031021
1790107849214375200,7.781375244140625,-1.0214991569519043,-0.42534545063972473,0.0054216631688177586
1790107849224319200,7.7913193359375,-1.0383025407791138,-0.24406273663043976,0.054542869329452515
1790107849234263300,7.80126318359375,-1.0476140975952148,-0.01913907378911972,0.08392419666051865
1790107849244208400,7.81120849609375,-1.0675278902053833,0.1029287800192833,0.06966749578714371
1790107849254152200,7.821152099609375,-1.0947389602661133,0.07542072236537933,0.025912823155522346
1790107849264096300,7.83109619140625,-1.0923967361450195,0.15096208453178406,0.023786289617419243
1790107849274040300,7.841040283203125,-1.0380884408950806,0.39530524611473083,0.07507637143135071
1790107849283985200,7.850985107421875,-1.007785439491272,0.4119132459163666,0.06448019295930862
1790107849293929200,7.86092919921875,-0.994720995426178,0.14039279520511627,-0.011314972303807735
1790107849303873300,7.870873291015625,-0.9096159934997559,0.17979080975055695,-0.00472577940672636
1790107849313818000,7.880818115234375,-0.74463951587677,0.6406553387641907,0.13546621799468994
1790107849323762200,7.89076220703125,-0.7322733998298645,0.5320505499839783,0.12569774687290192
1790107849333706200,7.900706298828125,-0.8022897839546204,0.15890230238437653,0.03985686972737312
1790107849343650300,7.910650390625,-0.8533836007118225,-0.0995636060833931,-0.015306252054870129
1790107849353595100,7.92059521484375,-0.8762063384056091,-0.1508595496416092,-0.03575879707932472
1790107849363539200,7.930539306640625,-0.8613107800483704,0.04488598182797432,0.022043516859412193
1790107849373483300,7.940483154296875,-0.8602388501167297,0.1382279098033905,0.09825120121240616
1790107849383428400,7.950428466796875,-0.8945299983024597,-0.03187564015388489,0.10178468376398087
1790107849393372400,7.960372314453125,-0.9647889733314514,-0.19520384073257446,0.06456620991230011
1790107849403316200,7.970316162109375,-1.0545744895935059,-0.09928610920906067,0.037040043622255325
1790107849413261000,7.980260986328125,-1.0789655447006226,0.08259234577417374,-0.08302325010299683
1790107849423205000,7.990205078125,-1.0828295946121216,0.024928253144025803,-0.29844236373901367
1790107849433149400,8.0001494140625,-1.1716140508651733,-0.09836358577013016,-0.5210959315299988
1790107849443093200,8.01009326171875,-1.2773679494857788,-0.022661102935671806,-0.6503849625587463
1790107849453038300,8.020038330078124,-1.3379113674163818,0.09820779412984848,-0.604085385799408
1790107849462982100,8.029982177734375,-1.3337560892105103,0.20516939461231232,-0.40938085317611694
1790107849472926200,8.03992626953125,-1.2835725545883179,0.15045075118541718,-0.19347013533115387
1790107849482871300,8.049871337890625,-1.2136847972869873,-0.02014761231839657,-0.08473805338144302
1790107849492815400,8.0598154296875,-1.1158394813537598,-0.17967627942562103,-0.08757618814706802
1790107849502759200,8.06975927734375,-1.0162761211395264,-0.2221108227968216,-0.2439788430929184
1790107849512704300,8.079704345703124,-0.8989761471748352,-0.13717542588710785,-0.528706431388855
1790107849522648300,8.0896484375,-0.7626595497131348,-0.021950839087367058,-0.7488508224487305
1790107849532592400,8.09959228515625,-0.6808909177780151,0.056603092700242996,-0.6899605989456177
1790107849542536200,8.1095361328125,-0.6723008751869202,0.24633601307868958,-0.3387695252895355
1790107849552481300,8.119481201171874,-0.7049261927604675,0.5215505361557007,0.10517408698797226
1790107849562425000,8.129425048828125,-0.8347532153129578,0.5890025496482849,0.41130444407463074
1790107849572369400,8.139369384765626,-1.081972360610962,0.37355732917785645,0.3424566686153412
1790107849582314200,8.149314208984375,-1.2827833890914917,-0.035291410982608795,0.04247741773724556
1790107849592258300,8.15925830078125,-1.1482315063476562,-0.5221665501594543,-0.26907992362976074
1790107849602202000,8.1692021484375,-0.9949801564216614,-1.010395884513855,-0.4513362944126129
1790107849612147500,8.1791474609375,-0.9761462807655334,-1.3660626411437988,-0.5999966263771057
1790107849622091000,8.189091064453125,-1.0241345167160034,-1.2813853025436401,-0.7110142111778259
1790107849632035000,8.19903515625,-1.1035326719284058,-0.7357150316238403,-0.7331677079200745
1790107849641979100,8.208979248046875,-1.2177317142486572,-0.021335115656256676,-0.6833918690681458
1790107849651924200,8.21892431640625,-1.3491309881210327,0.5120837688446045,-0.5358163118362427
1790107849661868000,8.228867919921875,-1.3680589199066162,0.6344448328018188,-0.21809610724449158
1790107849671812000,8.23881201171875,-1.3383694887161255,0.3688046634197235,0.1704005002975464
1790107849681757200,8.248757080078125,-1.1134902238845825,0.327334463596344,0.45659658312797546
1790107849691701200,8.258701171875,-0.9489045143127441,0.7927767038345337,0.552383303642273
1790107849701645000,8.26864501953125,-0.8857133388519287,1.261389970779419,0.5447738170623779
1790107849711589000,8.278589111328126,-0.8605338931083679,1.4115139245986938,0.525412380695343
1790107849721534000,8.288533935546875,-0.8703287839889526,1.1982896327972412,0.549403727054596
1790107849731478300,8.298478271484376,-0.9199780821800232,0.8313754796981812,0.5910071134567261
1790107849741422000,8.308422119140625,-0.9189817905426025,0.5500847101211548,0.5508274435997009
1790107849751367200,8.3183671875,-0.8334745764732361,0.3154942989349365,0.4799543619155884
1790107849761311000,8.32831103515625,-0.7692535519599915,0.07826471328735352,0.40010133385658264
1790107849771255000,8.338255126953126,-0.7304654121398926,-0.11157099902629852,0.2822692394256592
1790107849781200100,8.3482001953125,-0.6538827419281006,-0.16285470128059387,0.16784413158893585
1790107849791144200,8.358144287109376,-0.5438119173049927,-0.2310185730457306,0.10191331803798676
1790107849801088000,8.368087890625,-0.4450506865978241,-0.32691100239753723,0.05765131115913391
1790107849811032000,8.378031982421875,-0.34744319319725037,-0.25848427414894104,-0.005119927227497101
1790107849820977200,8.38797705078125,-0.2596134543418884,-0.022774821147322655,-0.059607669711112976
1790107849830921200,8.397921142578125,-0.14133502542972565,0.30442196130752563,-0.08532794564962387
1790107849840865000,8.407864990234375,-0.054900798946619034,0.4065810739994049,-0.057439323514699936
1790107849850810000,8.41781005859375,-0.03199628368020058,0.2599828541278839,-0.06543946266174316
1790107849860754000,8.42775390625,0.05516871437430382,0.11807497590780258,-0.15369874238967896
1790107849870698200,8.4376982421875,0.1659546196460724,-0.02502865344285965,-0.2742914855480194
1790107849880642000,8.44764208984375,0.22231030464172363,-0.0010330402292311192,-0.3021305501461029
1790107849890587100,8.457587158203125,0.22620490193367004,0.22477611899375916,-0.2236621230840683
1790107849900531000,8.467531005859374,0.2105196863412857,0.4208122193813324,-0.12730468809604645
1790107849910475000,8.47747509765625,0.19938448071479797,0.3992413878440857,-0.12657232582569122
1790107849920420000,8.487420166015625,0.21340228617191315,0.17488312721252441,-0.19552955031394958
1790107849930364200,8.4973642578125,0.22221975028514862,-0.07512031495571136,-0.2726195454597473
1790107849940308000,8.507307861328124,0.19917941093444824,-0.14523868262767792,-0.2946625351905823
1790107849950253000,8.517253173828125,0.11523125320672989,-0.0659201592206955,-0.289010226726532
1790107849960197000,8.527197021484374,0.005691708065569401,0.0789928212761879,-0.2733937203884125
1790107849970141200,8.53714111328125,-0.0953424945473671,0.14078082144260406,-0.2598020136356354
1790107849980085200,8.547085205078124,-0.15352457761764526,0.025590848177671432,-0.2530146837234497
1790107849990030000,8.557030029296875,-0.17710527777671814,-0.06564559042453766,-0.279777854681015
1790107849999974000,8.566973876953124,-0.2006220519542694,-0.09002469480037689,-0.32399776577949524
1790107850009918200,8.576918212890625,-0.21217350661754608,-0.13499882817268372,-0.3635246753692627
1790107850019863000,8.586863037109374,-0.1825554370880127,-0.16304165124893188,-0.4021298587322235
1790107850029807000,8.59680712890625,-0.1278224140405655,-0.19163919985294342,-0.4195525348186493
1790107850039751200,8.606751220703124,-0.04423963278532028,-0.21902981400489807,-0.3975827693939209
1790107850049696300,8.6166962890625,0.034881819039583206,-0.2328774631023407,-0.34511372447013855
1790107850059640000,8.62664013671875,0.07350697368383408,-0.19399717450141907,-0.3091764748096466
1790107850069584100,8.636584228515625,0.08153294026851654,-0.1817825734615326,-0.30074572563171387
1790107850079528200,8.646528076171874,0.06377524882555008,-0.17969226837158203,-0.28987255692481995
1790107850089473300,8.656473388671875,0.0394696444272995,-0.18706975877285004,-0.25461605191230774
1790107850099417000,8.6664169921875,0.02864176407456398,-0.19675514101982117,-0.2102845311164856
1790107850109361200,8.676361083984375,0.031062578782439232,-0.1997820883989334,-0.17811860144138336
1790107850119306000,8.686305908203124,0.011027883738279343,-0.19114865362644196,-0.17459072172641754
1790107850129250000,8.69625,-0.006711698602885008,-0.2610662281513214,-0.18209896981716156
1790107850139194000,8.706194091796876,-0.02707076631486416,-0.3447592556476593,-0.1452658474445343
1790107850149139200,8.71613916015625,0.007451790850609541,-0.41260939836502075,-0.05700736120343208
1790107850159083000,8.7260830078125,0.06135283783078194,-0.42916548252105713,0.03737080842256546
1790107850169027000,8.736027099609375,0.0833369642496109,-0.4227946698665619,0.1103275716304779
1790107850178971100,8.74597119140625,0.06671937555074692,-0.3671092987060547,0.12501730024814606
1790107850188916200,8.755916259765625,0.04324867203831673,-0.21730142831802368,0.1079256683588028
1790107850198860300,8.7658603515625,0.03249509260058403,-0.06090942397713661,0.08925877511501312
1790107850208804000,8.77580419921875,0.03556837886571884,0.014740063808858395,0.1052049845457077
1790107850218749000,8.7857490234375,0.026327744126319885,0.0018940401496365666,0.14426583051681519
1790107850228693200,8.795693359375,0.009333580732345581,-0.016944628208875656,0.1953631043434143
1790107850238637300,8.80563720703125,0.0038211036007851362,0.010004697367548943,0.243202805519104
1790107850248581000,8.8155810546875,0.010779144242405891,0.0437469482421875,0.28775960206985474
1790107850258526200,8.825526123046876,0.037692517042160034,0.046361107379198074,0.3450777530670166
1790107850268470000,8.835469970703125,0.08997835963964462,0.04170643538236618,0.4192177653312683
1790107850278414000,8.8454140625,0.15315572917461395,0.057255033403635025,0.5205854177474976
1790107850288359200,8.855359130859375,0.1898423731327057,0.060628991574048996,0.6563845276832581
1790107850298303200,8.86530322265625,0.2175253927707672,0.18508170545101166,0.8124484419822693
1790107850308247000,8.8752470703125,0.28740087151527405,0.4632536768913269,0.9231975674629211
1790107850318192000,8.885192138671876,0.3541346490383148,0.6679146885871887,0.9235072731971741
1790107850328136200,8.89513623046875,0.3989061117172241,0.6256473660469055,0.8870848417282104
1790107850338080300,8.905080322265626,0.422523558139801,0.39293211698532104,0.882864773273468
1790107850348024000,8.915024169921875,0.450509637594223,0.19964680075645447,0.8685380220413208
1790107850357969200,8.92496923828125,0.49119049310684204,0.08237956464290619,0.8281149864196777
1790107850367913200,8.934913330078125,0.5468263030052185,0.06401386857032776,0.7715893983840942
1790107850377857300,8.944857177734375,0.6096590757369995,0.10240280628204346,0.745678186416626
1790107850387802000,8.954802001953125,0.6741440892219543,0.1463630646467209,0.7532639503479004
1790107850397746200,8.96474609375,0.757716715335846,0.19787846505641937,0.8025398850440979
1790107850407690000,8.97468994140625,0.8652871251106262,0.2560693323612213,0.8748324513435364
1790107850417635300,8.98463525390625,0.9929742813110352,0.27322354912757874,0.9357578158378601
1790107850427579100,8.9945791015625,1.1328024864196777,0.2590712308883667,0.9638988971710205
1790107850437523200,9.004523193359375,1.2741981744766235,0.26349368691444397,0.9485151767730713
1790107850447467000,9.014467041015624,1.4091354608535767,0.27460119128227234,0.8792527318000793
1790107850457412400,9.024412353515626,1.5345749855041504,0.21016521751880646,0.785493791103363
1790107850467356200,9.034356201171875,1.6496000289916992,0.10795789211988449,0.7201815843582153
1790107850477300200,9.04430029296875,1.747348666191101,0.0010327738709747791,0.6888692378997803
1790107850487245000,9.0542451171875,1.843798041343689,-0.08849924057722092,0.6755006909370422
1790107850497189000,9.064189208984375,1.9251176118850708,-0.186832994222641,0.6724564433097839
1790107850507133200,9.07413330078125,1.9985545873641968,-0.30651411414146423,0.6696749925613403
1790107850517077200,9.0840771484375,2.0677783489227295,-0.4765854477882385,0.6680307984352112
1790107850527022000,9.09402197265625,2.1222221851348877,-0.6711245775222778,0.6160067319869995
1790107850536966100,9.103966064453125,2.1501550674438477,-0.7990742921829224,0.5734542012214661
1790107850546910000,9.113909912109374,2.1438424587249756,-0.9669343829154968,0.5761842131614685
1790107850556855300,9.123855224609375,2.006967067718506,-1.0871726274490356,0.6315774321556091
1790107850566799000,9.133799072265624,1.7387733459472656,-1.05194091796875,0.7780550122261047
1790107850576743200,9.1437431640625,1.4705696105957031,-0.7693869471549988,0.9510321021080017
1790107850586688000,9.15368798828125,1.3707300424575806,-0.29763782024383545,0.9797244668006897
1790107850596632300,9.16363232421875,1.386243462562561,0.13336125016212463,0.8845961093902588
1790107850606576000,9.173576171875,1.3549593687057495,0.4608626961708069,0.7883880734443665
1790107850616520200,9.183520263671875,1.3649379014968872,0.4897465407848358,0.7186175584793091
1790107850626464500,9.193464599609374,1.3852407932281494,0.25599849224090576,0.741273820400238
1790107850636408600,9.20340869140625,1.3969910144805908,-0.3422950208187103,0.76869136095047
1790107850646352600,9.2133525390625,1.335120677947998,-0.9081019759178162,0.687623143196106
1790107850656297700,9.223297607421875,1.1545392274856567,-0.997702956199646,0.5464521646499634
1790107850666241500,9.233241455078126,0.93515545129776,-0.9222822189331055,0.49150076508522034
1790107850676185600,9.243185546875,0.7052735090255737,-0.7869665026664734,0.5095585584640503
1790107850686130400,9.25313037109375,0.5215888619422913,-0.7254530787467957,0.542229950428009
1790107850696074800,9.26307470703125,0.3437725603580475,-0.687770426273346,0.5815430283546448
1790107850706018600,9.2730185546875,0.22586987912654877,-0.5319243669509888,0.615981936454773
1790107850715962600,9.282962646484375,0.2570895850658417,-0.3925219774246216,0.6216393113136292
1790107850725907500,9.292907470703126,0.3824975788593292,-0.5501044392585754,0.5970208048820496
1790107850735851500,9.3028515625,0.4159996211528778,-0.6808485984802246,0.5641217231750488
1790107850745795800,9.3127958984375,0.3804352283477783,-0.6121688485145569,0.5494423508644104
1790107850755740700,9.32274072265625,0.2869854271411896,-0.46708887815475464,0.552903413772583
1790107850765684500,9.3326845703125,0.14464133977890015,-0.32009226083755493,0.5731487274169922
1790107850775628500,9.342628662109375,0.006047772243618965,-0.31412944197654724,0.5693827867507935
1790107850785573600,9.35257373046875,-0.09863203763961792,-0.17990052700042725,0.562774658203125
1790107850795517700,9.362517578125,-0.19488027691841125,-0.02791392244398594,0.5347736477851868
1790107850805461800,9.372461669921876,-0.3017161786556244,-0.024100275710225105,0.46614372730255127
1790107850815405600,9.382405517578125,-0.39037519693374634,-0.053415555506944656,0.3888944983482361
1790107850825350400,9.392350341796876,-0.4497402608394623,-0.03765816241502762,0.33115261793136597
1790107850835294700,9.402294677734375,-0.48044678568840027,-0.014977085404098034,0.2911684513092041
1790107850845238800,9.41223876953125,-0.5053452253341675,-0.09212140738964081,0.260761559009552
1790107850855183600,9.42218359375,-0.5319315195083618,-0.1774490922689438,0.2585764229297638
1790107850865127700,9.432127685546876,-0.5615783929824829,-0.19650720059871674,0.2831616699695587
1790107850875071500,9.442071533203125,-0.5843443870544434,-0.117970310151577,0.30220088362693787
1790107850885016600,9.4520166015625,-0.606259286403656,0.013109143823385239,0.30569255352020264
1790107850894960600,9.461960693359375,-0.6412782669067383,0.08713357150554657,0.28504398465156555
1790107850904904700,9.47190478515625,-0.6875906586647034,0.05952138453722,0.22312922775745392
1790107850914848500,9.4818486328125,-0.7242791652679443,-0.0021784657146781683,0.14692632853984833
1790107850924793600,9.491793701171876,-0.7324249744415283,0.031256191432476044,0.09769806265830994
1790107850934737700,9.501737548828125,-0.7190670967102051,0.13979464769363403,0.06311212480068207
1790107850944681700,9.511681640625,-0.729385495185852,0.12377840280532837,0.016687633469700813
1790107850954626600,9.52162646484375,-0.7426938414573669,0.04607082158327103,-0.017401626333594322
1790107850964570600,9.531570556640625,-0.7641240358352661,0.09382316470146179,-0.03598782792687416
1790107850974514700,9.5415146484375,-0.8245615363121033,0.16843003034591675,-0.105836421251297
1790107850984458800,9.551458740234375,-0.9154570698738098,0.31407830119132996,-0.1787436455488205
1790107850994403600,9.561403564453125,-1.008230209350586,0.4344121813774109,-0.25578996539115906
1790107851004347600,9.57134765625,-1.094919204711914,0.445649653673172,-0.3462524712085724
1790107851014291500,9.58129150390625,-1.1727176904678345,0.520107626914978,-0.4222681522369385
1790107851024236800,9.59123681640625,-1.2176947593688965,0.6581464409828186,-0.5018958449363708
1790107851034180600,9.6011806640625,-1.2595844268798828,0.7218202352523804,-0.615369975566864
1790107851044124700,9.611124755859375,-1.2760307788848877,0.7013735771179199,-0.7352007627487183
1790107851054069500,9.621069580078125,-1.2354973554611206,0.706379771232605,-0.7785966992378235
1790107851064013800,9.631013916015625,-1.118952989578247,0.7835366129875183,-0.7236341238021851
1790107851073957600,9.64095751953125,-1.0254895687103271,0.6881563067436218,-0.6945372223854065
1790107851083901700,9.650901611328125,-0.9729797840118408,0.5855963826179504,-0.7279186248779297
1790107851093846500,9.660846435546874,-0.9355484843254089,0.6041924357414246,-0.7416128516197205
1790107851103790600,9.67079052734375,-0.9155215620994568,0.6122633814811707,-0.7439172863960266
1790107851113734700,9.680734619140624,-0.9121294617652893,0.4745420217514038,-0.7779461145401001
1790107851123679700,9.6906796875,-0.9238942265510559,0.29948070645332336,-0.8471121191978455
1790107851133623600,9.70062353515625,-0.9244154095649719,0.1914655715227127,-0.8992919921875
1790107851143567600,9.710567626953125,-0.9400684237480164,0.13906574249267578,-0.9126266837120056
1790107851153512700,9.7205126953125,-0.9732359647750854,0.1112959012389183,-0.9206260442733765
1790107851163456800,9.730456787109375,-1.0479775667190552,0.11147512495517731,-0.9251081347465515
1790107851173400600,9.740400634765624,-1.1064307689666748,0.1853642612695694,-0.9001577496528625
1790107851183344600,9.7503447265625,-1.1608649492263794,0.2027917206287384,-0.8586039543151855
1790107851193289500,9.76028955078125,-1.2120951414108276,0.1358529031276703,-0.8468695282936096
1790107851203233800,9.77023388671875,-1.2735183238983154,-0.013895309530198574,-0.8130782842636108
1790107851213177600,9.780177490234376,-1.3213616609573364,-0.23059938848018646,-0.7913415431976318
1790107851223122700,9.790122802734375,-1.2861837148666382,-0.3058675229549408,-0.828015148639679
1790107851233066500,9.80006640625,-1.216248631477356,-0.14949068427085876,-0.8202469348907471
1790107851243010600,9.810010498046875,-1.1675337553024292,0.07171893119812012,-0.7147711515426636
1790107851252954600,9.81995458984375,-1.1613808870315552,0.16969715058803558,-0.6803620457649231
1790107851262899700,9.829899658203125,-1.1550593376159668,0.28606876730918884,-0.6813913583755493
1790107851272843500,9.839843505859376,-1.1618295907974243,0.399323433637619,-0.5622737407684326
1790107851282787600,9.84978759765625,-1.1648645401000977,0.4618845283985138,-0.36345037817955017
1790107851292732700,9.859732666015624,-1.1003038883209229,0.3896596133708954,-0.2453192174434662
1790107851302676700,9.8696767578125,-1.09012770652771,0.3808229863643646,-0.28464797139167786
1790107851312620500,9.87962060546875,-1.0963040590286255,0.4216228723526001,-0.3552883267402649
1790107851322565600,9.889565673828125,-1.0222599506378174,0.2793826460838318,-0.3858523666858673
1790107851332509400,9.899509521484376,-0.892570972442627,-0.026701118797063828,-0.2851526439189911
1790107851342453800,9.909453857421875,-0.7253425717353821,-0.004038683604449034,-0.11061359941959381
1790107851352397600,9.9193974609375,-0.6223956346511841,0.486377090215683,0.0037878139410167933
1790107851362342700,9.9293427734375,-0.589443564414978,1.1524083614349365,0.03504160791635513
1790107851372286500,9.939286376953126,-0.5565194487571716,1.3763586282730103,0.055452607572078705
1790107851382230500,9.94923046875,-0.4293556213378906,1.095886468887329,0.09099728614091873
1790107851392175600,9.959175537109376,-0.28399255871772766,0.7526947855949402,0.132024884223938
1790107851402119700,9.96911962890625,-0.20548711717128754,0.6526720523834229,0.20829381048679352
1790107851412063500,9.9790634765625,-0.17643389105796814,0.7658383250236511,0.25560247898101807
1790107851422007600,9.989007568359375,-0.13434796035289764,0.7547121644020081,0.29081904888153076
1790107851431952600,9.99895263671875,-0.054967645555734634,0.6379738450050354,0.3124881386756897
1790107851441896700,10.008896728515625,0.05867130309343338,0.6733214259147644,0.2955365777015686
1790107851451840500,10.018840576171876,0.1521570384502411,0.8159299492835999,0.2546461224555969
1790107851461785600,10.02878564453125,0.2381577044725418,0.8697532415390015,0.24711018800735474
1790107851471729400,10.0387294921875,0.3134891986846924,0.7784350514411926,0.27630457282066345
1790107851481673700,10.048673828125,0.39931970834732056,0.6395229697227478,0.3274220824241638
1790107851491618600,10.05861865234375,0.5056266784667969,0.6866635680198669,0.3424026072025299
1790107851501562600,10.068562744140625,0.616794228553772,0.7923628687858582,0.3247477114200592
1790107851511506400,10.07850634765625,0.7270136475563049,0.8904726505279541,0.2888405919075012
1790107851521450500,10.088450439453124,0.8291781544685364,0.9733906984329224,0.22656549513339996
1790107851531395600,10.0983955078125,0.9266951084136963,1.0508897304534912,0.1896120011806488
1790107851541339600,10.108339599609375,1.0405648946762085,1.043933629989624,0.22112758457660675
1790107851551283700,10.11828369140625,1.1445778608322144,1.0285098552703857,0.24751845002174377
1790107851561228500,10.128228515625,1.2464277744293213,1.1444308757781982,0.2222871333360672
1790107851571172600,10.138172607421875,1.3261847496032715,1.197290062904358,0.2270675003528595
1790107851581116700,10.14811669921875,1.3789196014404297,1.0709813833236694,0.2648867964744568
1790107851591061500,10.1580615234375,1.4370691776275635,0.8269280195236206,0.2604757845401764
1790107851601005600,10.168005615234375,1.4883594512939453,0.7398014068603516,0.1520550400018692
1790107851610949600,10.17794970703125,1.5625392198562622,0.8583400249481201,-0.0031214910559356213
1790107851620893700,10.187893798828124,1.6410152912139893,0.9607795476913452,-0.11171534657478333
1790107851630839300,10.19783935546875,1.7183663845062256,0.8504400253295898,-0.18042996525764465
1790107851640783400,10.207783447265625,1.7942885160446167,0.6759600639343262,-0.24226216971874237
1790107851650727200,10.21772705078125,1.889447569847107,0.6366220116615295,-0.2781165838241577
1790107851660672300,10.22767236328125,1.9613946676254272,0.6094651818275452,-0.2985680401325226
1790107851670616000,10.237615966796875,1.989729404449463,0.4671892821788788,-0.29640236496925354
1790107851680560400,10.247560302734374,1.9899789094924927,0.2928995192050934,-0.3248838186264038
1790107851690505200,10.257505126953125,2.004141330718994,0.14556598663330078,-0.40317675471305847
1790107851700449300,10.26744921875,2.0023043155670166,-0.0014053500490263104,-0.4636824429035187
1790107851710393000,10.27739306640625,1.9804341793060303,-0.21465611457824707,-0.42356669902801514
1790107851720337200,10.287337158203124,1.9336389303207397,-0.4584333598613739,-0.35209837555885315
1790107851730282200,10.2972822265625,1.8453516960144043,-0.4948994815349579,-0.29000920057296753
1790107851740226300,10.307226318359374,1.6977553367614746,-0.4052359163761139,-0.31117865443229675
1790107851750170000,10.317170166015625,1.5042492151260376,-0.34895798563957214,-0.37457865476608276
1790107851760115200,10.327115234375,1.3184266090393066,-0.3669159412384033,-0.45284125208854675
1790107851770059300,10.337059326171875,1.2120320796966553,-0.24174870550632477,-0.48245638608932495
1790107851780003300,10.34700341796875,1.110015630722046,0.005019792355597019,-0.44945237040519714
1790107851789947400,10.356947509765625,0.9833924770355225,0.2912387549877167,-0.34523969888687134
1790107851799892200,10.366892333984374,0.9185471534729004,0.6892037391662598,-0.1993253529071808
1790107851809836000,10.3768359375,0.8773823976516724,1.182918667793274,-0.05711042508482933
1790107851819780400,10.3867802734375,0.8482538461685181,1.2277284860610962,0.05375777184963226
1790107851829725200,10.39672509765625,0.8718219995498657,0.7140472531318665,-0.015149657614529133
1790107851839669200,10.406669189453124,0.8187345266342163,0.14503495395183563,-0.1427536904811859
1790107851849613300,10.41661328125,0.8001246452331543,-0.16048873960971832,-0.16069966554641724
1790107851859558400,10.426558349609374,0.8938159942626953,-0.270920991897583,-0.16524861752986908
1790107851869502200,10.436502197265625,0.8974021673202515,-0.2148396074771881,-0.15010668337345123
1790107851879446300,10.4464462890625,0.9233821034431458,-0.08831095695495605,-0.07569422572851181
1790107851889390300,10.456390380859375,0.8941009640693665,-0.051358796656131744,-0.06548606604337692
1790107851899335200,10.466335205078124,0.7704828381538391,-0.1274932473897934,-0.12983283400535583
1790107851909279200,10.476279296875,0.6172000765800476,-0.21373119950294495,-0.19928327202796936
1790107851919223300,10.486223388671876,0.5094110369682312,-0.1492193043231964,-0.2671765685081482
1790107851929168100,10.496168212890625,0.34769299626350403,-0.32782527804374695,-0.3781092166900635
1790107851939112200,10.5061123046875,0.14625787734985352,-0.5526857972145081,-0.49504515528678894
1790107851949056300,10.51605615234375,0.01787726767361164,-0.36485812067985535,-0.5382384061813354
1790107851959001300,10.52600146484375,-0.11431165784597397,0.03953036665916443,-0.5448915362358093
1790107851968945200,10.535945068359375,-0.3001827299594879,0.08597935736179352,-0.5664868354797363
1790107851978889200,10.54588916015625,-0.4766656160354614,-0.07185661047697067,-0.5745192170143127
1790107851988833300,10.555833251953125,-0.5802212953567505,0.10695281624794006,-0.5152385830879211
1790107851998778400,10.5657783203125,-0.6883421540260315,0.29462072253227234,-0.49698951840400696
1790107852008722400,10.575722412109375,-0.7868005633354187,0.3075421154499054,-0.5429223775863647
1790107852018666200,10.585666259765626,-0.857609212398529,0.14436542987823486,-0.6212939023971558
1790107852028611000,10.595611083984375,-0.8704839944839478,0.13790194690227509,-0.6282892227172852
1790107852038555100,10.60555517578125,-0.824662446975708,0.49038994312286377,-0.5474393963813782
1790107852048499500,10.61549951171875,-0.840493381023407,0.47070813179016113,-0.5891431570053101
1790107852058444300,10.6254443359375,-0.8670224547386169,0.1577177196741104,-0.713325023651123
1790107852068388000,10.63538818359375,-0.8147677779197693,0.29163503646850586,-0.7112650871276855
1790107852078332200,10.645332275390626,-0.721771776676178,0.9838398694992065,-0.5675010085105896
1790107852088276200,10.655276123046875,-0.7558754086494446,0.9822142720222473,-0.5880882740020752
1790107852098221300,10.66522119140625,-0.8087727427482605,0.4864490032196045,-0.6755036115646362
1790107852108165400,10.675165283203125,-0.8084132075309753,0.18625536561012268,-0.6742977499961853
1790107852118109200,10.685109130859376,-0.8037849068641663,0.31085214018821716,-0.6206803321838379
1790107852128054000,10.695053955078125,-0.8333787322044373,0.5597525238990784,-0.603718638420105
1790107852137998300,10.704998291015626,-0.8791036009788513,0.5470595955848694,-0.6697487831115723
1790107852147942400,10.7149423828125,-0.9198619723320007,0.3474021852016449,-0.7345959544181824
1790107852157886200,10.72488623046875,-0.9894897937774658,0.23619762063026428,-0.7645959258079529
1790107852167831300,10.734831298828125,-1.0891921520233154,0.24548566341400146,-0.7958816885948181
1790107852177775000,10.744775146484375,-1.1884151697158813,0.2482268512248993,-0.8362711668014526
1790107852187719400,10.754719482421875,-1.2428772449493408,0.17911408841609955,-0.8671231269836426
1790107852197664300,10.764664306640626,-1.2457013130187988,0.12309662997722626,-0.8582177758216858
1790107852207608300,10.7746083984375,-1.201985478401184,0.08612609654664993,-0.8353052735328674
1790107852217552100,10.78455224609375,-1.179412603378296,-0.0901583880186081,-0.9001521468162537
1790107852227496200,10.79449609375,-1.1630074977874756,-0.281386137008667,-1.0110912322998047
1790107852237441300,10.804441162109375,-1.1523481607437134,-0.3311920464038849,-1.0867066383361816
1790107852247385300,10.81438525390625,-1.1531494855880737,-0.25184395909309387,-1.0947905778884888
1790107852257329200,10.8243291015625,-1.1404359340667725,-0.14961452782154083,-1.0919077396392822
1790107852267274200,10.834274169921875,-1.112685203552246,-0.020480507984757423,-1.0994540452957153
1790107852277218300,10.84421826171875,-1.124502182006836,0.07278898358345032,-1.1263597011566162
1790107852287162400,10.854162353515624,-1.1812940835952759,0.041068073362112045,-1.1865642070770264
1790107852297107200,10.864107177734375,-1.2330323457717896,-0.07161373645067215,-1.2439841032028198
1790107852307051300,10.87405126953125,-1.245678186416626,-0.17782938480377197,-1.2696501016616821
1790107852316995000,10.8839951171875,-1.231422781944275,-0.23202630877494812,-1.2717853784561157
1790107852326939400,10.893939453125,-1.2102069854736328,-0.18579569458961487,-1.2997291088104248
1790107852336884200,10.90388427734375,-1.216187596321106,-0.2216048240661621,-1.3446813821792603
1790107852346828300,10.913828369140624,-1.2248802185058594,-0.2771591544151306,-1.3506053686141968
1790107852356772000,10.923772216796875,-1.220062494277954,-0.27145200967788696,-1.2504438161849976
1790107852366717400,10.933717529296874,-1.1748346090316772,-0.19578973948955536,-1.1578118801116943
1790107852376661200,10.9436611328125,-1.1062190532684326,-0.07609103620052338,-1.0992037057876587
1790107852386605300,10.953605224609374,-1.0283203125,0.03629515692591667,-1.0980207920074463
1790107852396550100,10.963550048828125,-1.0277622938156128,0.3125895857810974,-1.0393785238265991
1790107852406494200,10.973494140625,-1.0607298612594604,0.4833911657333374,-0.9569981694221497
1790107852416438300,10.983438232421875,-1.060559630393982,0.5639139413833618,-0.8589743971824646
1790107852426382300,10.99338232421875,-1.0820345878601074,0.4548279643058777,-0.8040748834609985
1790107852436327200,11.0033271484375,-1.0956138372421265,0.2518034875392914,-0.7715390920639038
1790107852446271200,11.013271240234374,-1.1151201725006104,-0.05591413006186485,-0.747694730758667
1790107852456215000,11.023215087890625,-1.1658400297164917,-0.23411662876605988,-0.6663215756416321
1790107852466160400,11.033160400390624,-1.150424599647522,-0.2518881559371948,-0.602972149848938
1790107852476104200,11.043104248046875,-1.075015902519226,-0.272796630859375,-0.570313572883606
1790107852486048300,11.05304833984375,-1.0161861181259155,-0.1506638079881668,-0.5104270577430725
1790107852495993000,11.0629931640625,-0.9448552131652832,0.03942570462822914,-0.4163428843021393
1790107852505937400,11.0729375,-0.8413026928901672,0.049800045788288116,-0.30919885635375977
1790107852515881200,11.082881103515625,-0.7151170969009399,-0.1385541558265686,-0.1536840945482254
1790107852525825300,11.0928251953125,-0.6532731652259827,-0.3261362910270691,0.027529096230864525
1790107852535770000,11.10277001953125,-0.5623541474342346,-0.20504502952098846,0.12434832006692886
1790107852545714200,11.112714111328126,-0.41657406091690063,0.0018314558546990156,0.13024163246154785
1790107852555658200,11.122658203125,-0.27759885787963867,-0.044135767966508865,0.11375053226947784
1790107852565603300,11.132603271484374,-0.18636135756969452,-0.15609079599380493,0.10263503342866898
1790107852575547100,11.142547119140625,-0.13957200944423676,-0.16929368674755096,0.1372840851545334
1790107852585491200,11.1524912109375,-0.07488169521093369,-0.03458407521247864,0.19521716237068176
1790107852595436300,11.162436279296875,-0.010145312175154686,0.08488213270902634,0.2758379876613617
1790107852605380400,11.17238037109375,0.03500938415527344,0.13973340392112732,0.36838576197624207
1790107852615324200,11.18232421875,0.10852248221635818,0.11791172623634338,0.4634973406791687
1790107852625268000,11.19226806640625,0.2210966944694519,0.1075163409113884,0.5048215985298157
1790107852635212800,11.202212890625,0.35236072540283203,0.06914551556110382,0.5203779339790344
1790107852645156900,11.212156982421876,0.49454447627067566,0.0068022459745407104,0.5426675081253052
1790107852655101000,11.222100830078125,0.630174994468689,-0.06936469674110413,0.5799118280410767
1790107852665046000,11.2320458984375,0.7565957903862,-0.12765516340732574,0.6517876386642456
1790107852674989800,11.24198974609375,0.8482807278633118,-0.05452129989862442,0.6907001733779907
1790107852684934000,11.251933837890626,0.9304805397987366,-0.0031846079509705305,0.6883105039596558
1790107852694878000,11.2618779296875,0.9932677149772644,-0.016349146142601967,0.7105864882469177
1790107852704822800,11.27182275390625,1.0700732469558716,-0.059487294405698776,0.73724365234375
1790107852714767000,11.28176708984375,1.14757239818573,-0.09951727092266083,0.7618518471717834
1790107852724711000,11.2917109375,1.2568756341934204,0.03381974995136261,0.7897721529006958
1790107852734655700,11.30165576171875,1.3811006546020508,0.20370039343833923,0.8117413520812988
1790107852744599800,11.311599853515625,1.4787760972976685,0.2865601181983948,0.8577319979667664
1790107852754543900,11.3215439453125,1.5345035791397095,0.22332443296909332,0.8977446556091309
1790107852764489000,11.331489013671876,1.5478918552398682,0.17022313177585602,0.9027173519134521
1790107852774433000,11.34143310546875,1.569596290588379,0.2396211177110672,0.8736196160316467
1790107852784376800,11.351376953125,1.6272486448287964,0.36992746591567993,0.8394526243209839
1790107852794321000,11.36132080078125,1.7274508476257324,0.49529576301574707,0.7895015478134155
1790107852804266000,11.371265869140625,1.8493655920028687,0.5432747602462769,0.6771092414855957
1790107852814210000,11.3812099609375,1.9500640630722046,0.442810982465744,0.5510346293449402
1790107852824153900,11.39115380859375,1.9937875270843506,0.3186866343021393,0.4465484619140625
1790107852834098700,11.4010986328125,2.0164244174957275,0.2652122378349304,0.4070354104042053
1790107852844042800,11.411042724609375,2.0472030639648438,0.08765555173158646,0.36873090267181396
1790107852853987000,11.420987060546874,2.0782480239868164,-0.15814462304115295,0.31724879145622253
1790107852863932000,11.430931884765625,2.0933587551116943,-0.35342010855674744,0.28279629349708557
1790107852873876000,11.4408759765625,2.093873977661133,-0.5060914158821106,0.25116166472435
1790107852883819800,11.45081982421875,2.0814402103424072,-0.6367013454437256,0.20812231302261353
1790107852893763800,11.460763916015624,2.028217315673828,-0.7253928780555725,0.2014891803264618
1790107852903709000,11.470708984375,1.9195129871368408,-0.7964997887611389,0.1618538796901703
1790107852913653000,11.480653076171874,1.7585102319717407,-0.9106759428977966,0.06743762642145157
1790107852923596800,11.4905966796875,1.5790361166000366,-0.9713925123214722,-0.04092026874423027
1790107852933542000,11.5005419921875,1.3344615697860718,-0.8656181693077087,-0.13561269640922546
1790107852943486000,11.51048583984375,1.0775171518325806,-0.5404533743858337,-0.1423097401857376
1790107852953430000,11.520429931640624,0.9022248983383179,-0.15842239558696747,-0.031673774123191833
1790107852963373800,11.530373779296875,0.8331944346427917,0.21392907202243805,0.16756422817707062
1790107852973319000,11.54031884765625,0.8150351643562317,0.5024769902229309,0.41403260827064514
1790107852983262700,11.5502626953125,0.8679753541946411,0.5535417795181274,0.49576154351234436
1790107852993207000,11.56020703125,0.880330502986908,0.26763758063316345,0.4232844114303589
1790107853003152000,11.57015185546875,0.8582214713096619,-0.363912969827652,0.33341658115386963
1790107853013096000,11.580095947265624,0.8864773511886597,-0.8689196705818176,0.3438332676887512
1790107853023039700,11.590039794921875,0.9451438784599304,-0.7809336185455322,0.4086546003818512
1790107853032985000,11.599985107421874,0.9960994720458984,-0.5118571519851685,0.46994566917419434
1790107853042929000,11.609928955078125,1.0223268270492554,-0.7481604814529419,0.477294385433197
1790107853052873000,11.619873046875,0.9441452026367188,-0.9573366045951843,0.5115746259689331
1790107853062816800,11.629816650390625,0.8475393056869507,-0.9203692674636841,0.5373201966285706
1790107853072761900,11.639761962890624,0.7631067037582397,-0.8929821252822876,0.49218493700027466
1790107853082706000,11.649705810546875,0.6334328651428223,-0.9325447082519531,0.3675420582294464
1790107853092650000,11.65964990234375,0.45113202929496765,-0.953020453453064,0.2178039699792862
1790107853102594800,11.6695947265625,0.2517677843570709,-0.7277860045433044,0.1252407431602478
1790107853112539000,11.679538818359376,0.016952352598309517,-0.44563207030296326,0.10388857871294022
1790107853122482700,11.689482666015625,-0.1992121785879135,-0.32063260674476624,0.12535712122917175
1790107853132428000,11.699427978515626,-0.3948136270046234,-0.4693693518638611,0.13433782756328583
1790107853142371800,11.709371826171875,-0.5375827550888062,-0.5182934999465942,0.1395150125026703
1790107853152316000,11.71931591796875,-0.6449875235557556,-0.2877958416938782,0.1313694715499878
1790107853162259700,11.729259765625,-0.7764773368835449,-0.14144420623779297,0.031186148524284363
1790107853172205000,11.739205078125,-0.935609757900238,-0.1968930959701538,-0.11120375245809555
1790107853182148900,11.74914892578125,-1.0899004936218262,-0.29850253462791443,-0.2281189262866974
1790107853192093000,11.759093017578126,-1.2008742094039917,-0.2302076369524002,-0.2859574556350708
1790107853202037800,11.769037841796875,-1.2661149501800537,0.08264774084091187,-0.3044877350330353
1790107853211981800,11.77898193359375,-1.3221361637115479,0.33308422565460205,-0.3439134359359741
1790107853221926000,11.78892578125,-1.389136552810669,0.260090172290802,-0.42192167043685913
1790107853231871000,11.79887109375,-1.4059314727783203,0.12186891585588455,-0.454800546169281
1790107853241814800,11.808814697265625,-1.3364440202713013,0.14471377432346344,-0.3955790102481842
1790107853251758800,11.8187587890625,-1.2095249891281128,0.2864394783973694,-0.2843068242073059
1790107853261702700,11.82870263671875,-1.0924246311187744,0.3158266544342041,-0.20659072697162628
1790107853271648000,11.83864794921875,-0.9961317181587219,0.15694621205329895,-0.1762104481458664
1790107853281591800,11.848591796875,-0.9089869260787964,-0.04357703775167465,-0.16820712387561798
1790107853291536000,11.858535888671875,-0.8091727495193481,-0.18477889895439148,-0.14147137105464935
1790107853301480700,11.868480712890625,-0.7218015789985657,-0.30885958671569824,-0.1167958602309227
1790107853311425000,11.878425048828126,-0.6682853698730469,-0.4199804961681366,-0.15238900482654572
1790107853321368800,11.888368896484375,-0.6053301095962524,-0.45981818437576294,-0.2220381200313568
1790107853331314000,11.89831396484375,-0.5828163027763367,-0.3239671587944031,-0.2559521496295929
1790107853341257700,11.9082578125,-0.6287342309951782,-0.06041460856795311,-0.26483938097953796
1790107853351201800,11.918201904296875,-0.7131223678588867,0.14207272231578827,-0.32149332761764526
1790107853361145900,11.928145751953124,-0.7759412527084351,0.2191813588142395,-0.42846986651420593
1790107853371091000,11.938091064453126,-0.8366381525993347,0.2881939709186554,-0.5064312219619751
1790107853381034800,11.94803466796875,-0.9039705991744995,0.3024304211139679,-0.5231846570968628
1790107853390978800,11.957978759765625,-0.9518694281578064,0.26269927620887756,-0.5419135689735413
1790107853400924000,11.967923828125,-0.9817213416099548,0.2676474153995514,-0.5903080105781555
1790107853410868000,11.977867919921875,-1.0272603034973145,0.34775370359420776,-0.6396103501319885
1790107853420811800,11.987811767578124,-1.0985283851623535,0.3851785659790039,-0.686953067779541
1790107853430755800,11.997755859375,-1.1871986389160156,0.34348759055137634,-0.7192990183830261
1790107853440700700,12.00770068359375,-1.2962411642074585,0.23865678906440735,-0.7309271693229675
1790107853450645000,12.01764501953125,-1.382655143737793,0.13660764694213867,-0.7282214164733887
1790107853460589000,12.027589111328124,-1.4357354640960693,0.11658653616905212,-0.7543891072273254
1790107853470534000,12.037533935546875,-1.4263017177581787,0.0940260961651802,-0.8041744828224182
1790107853480477700,12.047477783203124,-1.3777538537979126,0.10594294220209122,-0.8812903165817261
1790107853490421800,12.057421875,-1.3431758880615234,0.20581015944480896,-0.9313992857933044
1790107853500366800,12.067366943359374,-1.3556885719299316,0.38035160303115845,-0.8944969177246094
1790107853510311000,12.077310791015625,-1.4060337543487549,0.5713657736778259,-0.7348231077194214
1790107853520255000,12.0872548828125,-1.443308711051941,0.6280378103256226,-0.5975443720817566
1790107853530198800,12.09719873046875,-1.4226832389831543,0.48814889788627625,-0.6127941608428955
1790107853540143900,12.107143798828124,-1.3949648141860962,0.24979598820209503,-0.6871626973152161
1790107853550088000,12.117087890625,-1.358870506286621,0.03721155226230621,-0.6976115703582764
1790107853560032000,12.127031982421874,-1.3355363607406616,-0.016020245850086212,-0.6099621653556824
1790107853569976800,12.136976806640625,-1.3126391172409058,0.019119631499052048,-0.5278121829032898
1790107853579921000,12.1469208984375,-1.2968316078186035,0.08106795698404312,-0.5084059834480286
1790107853589865000,12.156864990234375,-1.263393759727478,0.11974211037158966,-0.4557483494281769
1790107853599809800,12.166809814453124,-1.187847375869751,0.12487109750509262,-0.372504860162735
1790107853609753900,12.17675390625,-1.1723003387451172,0.08066528290510178,-0.3283166289329529
1790107853619698000,12.186697998046874,-1.169409990310669,0.02237827703356743,-0.33945369720458984
1790107853629641700,12.196641845703125,-1.1596583127975464,-0.1061975434422493,-0.35469868779182434
1790107853639586800,12.2065869140625,-1.0539829730987549,-0.22352071106433868,-0.29632753133773804
1790107853649531000,12.21653076171875,-0.9044752717018127,-0.16350983083248138,-0.13005253672599792
1790107853659475000,12.226474853515626,-0.7256029844284058,0.011874768882989883,0.06714174896478653
1790107853669419800,12.236419677734375,-0.5731431841850281,0.2151796817779541,0.2058626115322113
1790107853679363800,12.24636376953125,-0.4822353422641754,0.422712117433548,0.22764727473258972
1790107853689308000,12.256307861328125,-0.33308687806129456,0.433322936296463,0.15935850143432617
1790107853699252700,12.266252685546876,-0.1736452877521515,0.2104128897190094,0.12968608736991882
1790107853709196800,12.27619677734375,-0.09559443593025208,0.034269824624061584,0.19698922336101532
1790107853719140900,12.286140869140626,-0.05609256401658058,0.10600073635578156,0.25624802708625793
1790107853729085000,12.2960849609375,0.018190188333392143,0.2250400334596634,0.2876136600971222
1790107853739029800,12.30602978515625,0.14762434363365173,0.2541257441043854,0.30242112278938293
1790107853748973800,12.315973876953125,0.292032390832901,0.34201911091804504,0.2874442934989929
1790107853758918000,12.32591796875,0.42682507634162903,0.43821942806243896,0.2889396548271179
1790107853768863000,12.335863037109375,0.5477520227432251,0.4541613757610321,0.29298287630081177
1790107853778807000,12.34580712890625,0.6511948108673096,0.43838533759117126,0.30683237314224243
1790107853788750800,12.355750732421875,0.7577952742576599,0.41637858748435974,0.3198738694190979
1790107853798695700,12.36569580078125,0.8616803884506226,0.4151764214038849,0.3230459690093994
1790107853808639700,12.3756396484375,0.956829845905304,0.4910256564617157,0.32071810960769653
1790107853818584000,12.385583984375,1.0325658321380615,0.6175793409347534,0.30897489190101624
1790107853828527900,12.39552783203125,1.0913794040679932,0.6849104166030884,0.3147915005683899
1790107853838473000,12.405472900390626,1.1314128637313843,0.6598122715950012,0.3670800030231476
1790107853848416800,12.415416748046875,1.1709208488464355,0.5874382257461548,0.42345407605171204
1790107853858360800,12.42536083984375,1.2325782775878906,0.6098651885986328,0.4303481876850128
1790107853868306000,12.435305908203125,1.3253165483474731,0.7471216320991516,0.3729184567928314
1790107853878250000,12.44525,1.424269676208496,0.8148607015609741,0.34045079350471497
1790107853888193800,12.45519384765625,1.5315855741500854,0.7548080086708069,0.3535812497138977
1790107853898137900,12.465137939453125,1.6353356838226318,0.6373740434646606,0.394431471824646
1790107853908083000,12.4750830078125,1.7136149406433105,0.589596152305603,0.4029703438282013
1790107853918027000,12.485027099609376,1.7884758710861206,0.509864330291748,0.359469473361969
1790107853927970800,12.494970703125,1.844009518623352,0.4309588372707367,0.2796878516674042
1790107853937916000,12.504916015625,1.8903309106826782,0.37750759720802307,0.2160974144935608
1790107853947859700,12.514859619140625,1.9473313093185425,0.31318721175193787,0.19427520036697388
1790107853957804000,12.524803955078125,2.0221197605133057,0.2415495067834854,0.2029038518667221
1790107853967748900,12.534748779296875,2.1115105152130127,0.2788369655609131,0.23869699239730835
1790107853977693000,12.54469287109375,2.183650016784668,0.26889216899871826,0.23859606683254242
1790107853987636700,12.55463671875,2.246556043624878,0.10962662845849991,0.1537243127822876
1790107853997580800,12.564580810546875,2.3288187980651855,-0.18328966200351715,0.08040269464254379
1790107854007526000,12.57452587890625,2.34788179397583,-0.5073689222335815,0.05116704851388931
1790107854017470000,12.584469970703125,2.197993040084839,-0.814936101436615,-0.005042162723839283
1790107854027413800,12.594413818359374,1.9808099269866943,-1.0481266975402832,-0.02792564034461975
1790107854037358800,12.60435888671875,1.744329810142517,-1.129744052886963,-0.00047857005847617984
1790107854047303000,12.614302978515624,1.5154848098754883,-1.086240291595459,0.007540740538388491
1790107854057247000,12.6242470703125,1.3618401288986206,-0.9102921485900879,-0.0681002214550972
1790107854067191800,12.63419189453125,1.2640113830566406,-0.5945014357566833,-0.1723528653383255
1790107854077136000,12.644135986328125,1.1373910903930664,-0.17004629969596863,-0.15779948234558105
1790107854087079700,12.65407958984375,1.0213342905044556,0.331152081489563,0.03900598734617233
1790107854097024000,12.66402392578125,1.002622365951538,0.7921255826950073,0.2807733416557312
1790107854106968800,12.67396875,1.0535383224487305,0.9977474212646484,0.4209546744823456
1790107854116913000,12.683912841796875,1.0809352397918701,0.7998617887496948,0.32242491841316223
1790107854126856700,12.693856689453124,1.009339690208435,0.08271298557519913,0.13181981444358826
1790107854136802000,12.703802001953125,0.8904665112495422,-0.5929669141769409,0.024754082784056664
1790107854146745900,12.713745849609374,0.8445680141448975,-0.7128576636314392,0.11069508641958237
1790107854156690000,12.72368994140625,0.8309659361839294,-0.41221606731414795,0.2721521556377411
1790107854166634800,12.733634765625,0.76936274766922,-0.2009967565536499,0.2764829993247986
1790107854176578800,12.743578857421875,0.6830856204032898,-0.5459261536598206,0.11961507797241211
1790107854186523000,12.75352294921875,0.537817120552063,-0.7961224317550659,0.010298443958163261
1790107854196467000,12.763467041015625,0.3625795245170593,-0.7965427041053772,-0.05415111780166626
1790107854206411800,12.773411865234374,0.10321533679962158,-0.6640733480453491,-0.1182619258761406
1790107854216355800,12.78335595703125,-0.16282141208648682,-0.249034583568573,-0.1432546228170395
1790107854226299600,12.793299560546876,-0.38175642490386963,0.1367003172636032,-0.13482359051704407
1790107854236245000,12.803244873046875,-0.5635818839073181,0.3225458264350891,-0.12607911229133606
1790107854246188800,12.813188720703126,-0.6935699582099915,0.35469284653663635,-0.13620524108409882
1790107854256132900,12.8231328125,-0.7804388403892517,0.3086017668247223,-0.15235064923763275
1790107854266078000,12.833077880859374,-0.8435019254684448,0.2662316858768463,-0.16931472718715668
1790107854276022000,12.84302197265625,-0.9327801465988159,0.16151246428489685,-0.19940339028835297
1790107854285965800,12.8529658203125,-1.0057296752929688,0.22666829824447632,-0.18265795707702637
1790107854295910000,12.862909912109375,-1.0852158069610596,0.25281840562820435,-0.16505366563796997
1790107854305854700,12.872854736328126,-1.1326346397399902,0.284601092338562,-0.17448657751083374
1790107854315799000,12.882799072265625,-1.155959963798523,0.19461874663829803,-0.20716597139835358
1790107854325742800,12.892742919921876,-1.1491987705230713,0.10824418067932129,-0.2418198138475418
1790107854335688000,12.90268798828125,-1.098405122756958,0.05584435537457466,-0.242213174700737
1790107854345631700,12.9126318359375,-1.0203750133514404,0.028065722435712814,-0.2078661173582077
1790107854355575800,12.922575927734375,-0.9425067901611328,-0.09289771318435669,-0.20714598894119263
1790107854365520000,12.932519775390626,-0.868286669254303,-0.1865251362323761,-0.21226751804351807
1790107854375465000,12.94246484375,-0.7973150014877319,-0.12780509889125824,-0.20478883385658264
1790107854385408800,12.95240869140625,-0.7481014132499695,-0.0488080196082592,-0.22115129232406616
1790107854395352800,12.962352783203125,-0.7221035957336426,0.012346947565674782,-0.26887860894203186
1790107854405298000,12.9722978515625,-0.7183421850204468,0.08237024396657944,-0.32610833644866943
1790107854415242000,12.982241943359375,-0.7194417715072632,0.05668538436293602,-0.3638189733028412
1790107854425185800,12.992185791015626,-0.7744320631027222,-0.0026373283471912146,-0.341310977935791
1790107854435131000,13.002130859375,-0.8334128260612488,-0.07954995334148407,-0.29097431898117065
1790107854445074700,13.01207470703125,-0.894133448600769,-0.1300613284111023,-0.24684493243694305
1790107854455019000,13.02201904296875,-0.963922917842865,-0.10433413088321686,-0.23279063403606415
1790107854464963000,13.031963134765626,-1.049094796180725,-0.042641203850507736,-0.27711203694343567
1790107854474908000,13.041907958984375,-1.1405099630355835,0.03172517195343971,-0.3726119101047516
1790107854484851700,13.051851806640625,-1.2230005264282227,0.04387238249182701,-0.4736652970314026
1790107854494795800,13.061795654296875,-1.2942882776260376,0.05645528808236122,-0.5208359956741333
1790107854504740900,13.071740966796876,-1.329447627067566,0.04893931373953819,-0.5198884606361389
1790107854514685000,13.081684814453125,-1.3351060152053833,-0.011217234656214714,-0.4997538924217224
1790107854524629000,13.09162890625,-1.284695029258728,-0.13077639043331146,-0.4734511971473694
1790107854534573800,13.10157373046875,-1.2291276454925537,-0.23867462575435638,-0.4701078534126282
1790107854544518000,13.111517822265625,-1.191737174987793,-0.33999326825141907,-0.4726865887641907
1790107854554462000,13.1214619140625,-1.1756482124328613,-0.45599523186683655,-0.4994039535522461
1790107854564406000,13.131406005859375,-1.2088676691055298,-0.5204719305038452,-0.5674911141395569
1790107854574350800,13.141350830078125,-1.249144196510315,-0.46468618512153625,-0.6749563217163086
1790107854584295000,13.151294921875,-1.294927716255188,-0.2273135781288147,-0.7198042273521423
1790107854594239000,13.161239013671874,-1.3704112768173218,-0.013353089801967144,-0.6138607859611511
1790107854604183800,13.171183837890625,-1.4540199041366577,-0.08834024518728256,-0.4191972613334656
1790107854614127900,13.1811279296875,-1.478279948234558,-0.16914002597332,-0.29850146174430847
1790107854624072000,13.191072021484375,-1.4806104898452759,-0.251311331987381,-0.2649539113044739
1790107854634016800,13.201016845703125,-1.5179443359375,-0.4202638566493988,-0.2734912037849426
1790107854643960800,13.2109609375,-1.5149517059326172,-0.543123722076416,-0.33693620562553406
1790107854653904600,13.220904541015624,-1.4763456583023071,-0.4986007511615753,-0.3837660253047943
1790107854663849000,13.230848876953125,-1.4271047115325928,-0.3725179135799408,-0.35064882040023804
1790107854673793800,13.240793701171874,-1.4363362789154053,-0.3047684133052826,-0.2931429147720337
1790107854683737900,13.25073779296875,-1.4523402452468872,-0.275634229183197,-0.25808534026145935
1790107854693681700,13.260681640625,-1.4287840127944946,-0.3543753921985626,-0.26711931824684143
1790107854703626800,13.270626708984375,-1.393635869026184,-0.481997013092041,-0.2612731456756592
1790107854713570800,13.28057080078125,-1.3344122171401978,-0.6065101623535156,-0.25937190651893616
1790107854723515000,13.290514892578125,-1.15378737449646,-0.678876519203186,-0.2055819183588028
1790107854733458700,13.300458740234374,-0.9420290589332581,-0.6150493025779724,-0.07935953885316849
1790107854743404000,13.310404052734375,-0.781627893447876,-0.3946349322795868,0.07330483943223953
1790107854753347800,13.320347900390624,-0.7220974564552307,-0.172746479511261,0.15109017491340637
1790107854763292000,13.3302919921875,-0.6438894867897034,0.042391665279865265,0.245541051030159
1790107854773236700,13.34023681640625,-0.5301626920700073,0.37154531478881836,0.36291640996932983
1790107854783180800,13.350180908203125,-0.3657929003238678,0.7148286700248718,0.43820610642433167
1790107854793124900,13.360124755859376,-0.2297501116991043,0.8211976885795593,0.5291975140571594
1790107854803070000,13.370070068359375,-0.1428636759519577,0.6204419732093811,0.6368837952613831
1790107854813013800,13.380013671875,-0.02815254218876362,0.44678494334220886,0.7000464797019958
1790107854822957800,13.389957763671875,0.08633462339639664,0.43098708987236023,0.7114275097846985
1790107854832901600,13.399901611328126,0.22381071746349335,0.5099460482597351,0.688599705696106
1790107854842847000,13.409846923828125,0.4066620469093323,0.7422669529914856,0.6200845837593079
1790107854852790800,13.419790771484376,0.6088348627090454,1.2243534326553345,0.5563473701477051
1790107854862734800,13.42973486328125,0.7067534327507019,1.2723408937454224,0.6833303570747375
1790107854872679700,13.4396796875,0.79820317029953,1.10163152217865,0.8248142600059509
1790107854882624000,13.4496240234375,0.8995375037193298,1.0283421277999878,0.7874535918235779
1790107854892567800,13.45956787109375,0.9814321398735046,0.9880316853523254,0.6514560580253601
1790107854902513000,13.469512939453125,1.0389819145202637,0.9221682548522949,0.608796238899231
1790107854912456700,13.479456787109376,1.0983712673187256,0.8596580028533936,0.5940250158309937
1790107854922400800,13.48940087890625,1.179641604423523,0.7651680111885071,0.5742174983024597
1790107854932344800,13.4993447265625,1.239396572113037,0.6548593044281006,0.5259013175964355
1790107854942290000,13.5092900390625,1.2931809425354004,0.6081690788269043,0.41895970702171326
1790107854952233700,13.519233642578126,1.3756356239318848,0.6413304805755615,0.3454916179180145
1790107854962177800,13.529177734375,1.472991943359375,0.6976131796836853,0.31921419501304626
1790107854972123000,13.539122802734376,1.5622934103012085,0.7457197308540344,0.2873537540435791
1790107854982067000,13.54906689453125,1.6167374849319458,0.5986511707305908,0.22710426151752472
1790107854992010800,13.5590107421875,1.672400712966919,0.34292325377464294,0.1708122193813324
1790107855001955800,13.568955810546875,1.7380462884902954,0.2545745074748993,0.10320921242237091
1790107855011899600,13.578899658203126,1.8408606052398682,0.3404654264450073,0.021214740350842476
1790107855021844000,13.588843994140625,1.9912912845611572,0.3867354691028595,-0.05008420720696449
1790107855031787800,13.598787841796875,2.0984604358673096,0.268350750207901,-0.09954310208559036
1790107855041732900,13.60873291015625,2.157663583755493,0.12240847200155258,-0.14112356305122375
1790107855051676700,13.6186767578125,2.217982769012451,0.16341422498226166,-0.18122971057891846
1790107855061620700,13.628620849609375,2.2863762378692627,0.24746571481227875,-0.15159085392951965
1790107855071565800,13.63856591796875,2.3117072582244873,0.18415412306785583,-0.007384412921965122
1790107855081510000,13.648510009765625,2.2393712997436523,-0.011053982190787792,0.1166595071554184
1790107855091453700,13.65845361328125,2.1031856536865234,-0.24822711944580078,0.04349980503320694
1790107855101398800,13.668398681640625,1.9868100881576538,-0.4948957562446594,-0.12574034929275513
1790107855111342800,13.6783427734375,1.9209250211715698,-0.7156510353088379,-0.2243177890777588
1790107855121287000,13.688286865234375,1.866377353668213,-0.774898111820221,-0.2685238718986511
1790107855131230700,13.698230712890625,1.860683798789978,-0.7584682703018188,-0.32704657316207886
1790107855141175800,13.70817578125,1.8337501287460327,-0.7407765984535217,-0.28570711612701416
1790107855151119600,13.71811962890625,1.7139487266540527,-0.594377338886261,-0.0596311055123806
1790107855161064000,13.72806396484375,1.4864606857299805,-0.3410601317882538,0.14315423369407654
1790107855171008800,13.7380087890625,1.2418397665023804,0.0049345712177455425,0.14564988017082214
1790107855180952800,13.747952880859375,0.9801324605941772,0.1568434089422226,-0.004297542851418257
1790107855190896600,13.757896728515625,0.6889986395835876,0.24514317512512207,-0.0417594313621521
1790107855200840700,13.7678408203125,0.5888097286224365,0.3510102331638336,0.19510796666145325
1790107855210785800,13.777785888671875,0.747249960899353,0.06926988810300827,0.43611791729927063
1790107855220729900,13.787729736328124,0.8853535056114197,-0.5609186887741089,0.5201611518859863
1790107855230673700,13.797673583984375,0.8763496279716492,-0.713249146938324,0.5694179534912109
1790107855240618800,13.80761865234375,0.9027122855186462,-0.3759898841381073,0.5677214860916138
1790107855250562800,13.817562744140625,0.9098790884017944,-0.36114248633384705,0.45841923356056213
1790107855260507000,13.8275068359375,0.7267100811004639,-0.6950461864471436,0.25296273827552795
1790107855270451700,13.83745166015625,0.50396329164505,-0.8105540871620178,0.024172447621822357
1790107855280395800,13.847395751953124,0.35280174016952515,-0.28689780831336975,-0.12503115832805634
1790107855290339600,13.857339599609375,0.14382827281951904,0.08502088487148285,-0.21556690335273743
1790107855300284000,13.867283935546874,-0.1133425384759903,-0.1148325726389885,-0.24513651430606842
1790107855310228700,13.877228759765625,-0.35750648379325867,-0.47719666361808777,-0.21162116527557373
1790107855320172800,13.8871728515625,-0.3823377788066864,0.11515188962221146,-0.0780804231762886
1790107855330116900,13.897116943359375,-0.5555694699287415,-0.0020849888678640127,-0.1931106001138687
1790107855340062000,13.90706201171875,-0.6548473238945007,0.21852141618728638,-0.2057313174009323
1790107855350005800,13.917005859375,-0.7659299373626709,0.25611087679862976,-0.19783452153205872
1790107855359949800,13.92694970703125,-0.9388638734817505,-0.14521338045597076,-0.3251248300075531
1790107855369894700,13.936894775390625,-1.022585391998291,-0.1765422821044922,-0.36762329936027527
1790107855379838700,13.946838623046874,-1.0205938816070557,0.09669538587331772,-0.33250099420547485
1790107855389782800,13.95678271484375,-1.0877406597137451,-0.12581971287727356,-0.42419761419296265
1790107855399726800,13.966726806640626,-1.0888805389404297,-0.019780894741415977,-0.40167471766471863
1790107855409671700,13.976671630859375,-1.0423191785812378,0.3373199701309204,-0.3027747869491577
1790107855419615700,13.98661572265625,-0.9999921917915344,0.45444393157958984,-0.2609831392765045
1790107855429559800,13.996559814453125,-0.9600876569747925,0.3991950750350952,-0.2943733036518097
1790107855439505000,14.0065048828125,-0.9285771250724792,0.17858891189098358,-0.3806740939617157
1790107855449448700,14.01644873046875,-0.9102351665496826,-0.06339521706104279,-0.4900868833065033
1790107855459392800,14.026392822265626,-0.845955491065979,0.24338363111019135,-0.46297216415405273
1790107855469337600,14.036337646484375,-0.7936329245567322,0.8134907484054565,-0.3346102237701416
1790107855479282000,14.046281982421876,-0.8248584866523743,0.6684518456459045,-0.33255237340927124
1790107855489226000,14.05622607421875,-0.8020058870315552,0.21436342597007751,-0.38157424330711365
1790107855499169800,14.066169677734376,-0.7743215560913086,-0.07238125801086426,-0.4307844042778015
1790107855509114600,14.076114501953125,-0.8668397665023804,-0.10210266709327698,-0.4595300257205963
1790107855519058700,14.08605859375,-0.9659737944602966,0.10588622093200684,-0.41651758551597595
1790107855529003000,14.0960029296875,-1.0366718769073486,0.13523559272289276,-0.376017302274704
1790107855538947800,14.10594775390625,-1.028872013092041,0.048589106649160385,-0.2950492203235626
1790107855548892000,14.115891845703125,-1.0529265403747559,-0.021997444331645966,-0.2585841417312622
1790107855558835700,14.125835693359376,-1.1813870668411255,-0.047926511615514755,-0.3646964728832245
1790107855568780800,14.13578076171875,-1.3005435466766357,0.06780887395143509,-0.5006234049797058
1790107855578724900,14.145724853515626,-1.3403774499893188,0.25011929869651794,-0.5571183562278748
1790107855588669000,14.1556689453125,-1.3157938718795776,0.31634384393692017,-0.5506381392478943
1790107855598612700,14.16561279296875,-1.3266518115997314,0.29891160130500793,-0.5206759572029114
1790107855608557800,14.175557861328125,-1.3976833820343018,0.19409756362438202,-0.4513237774372101
1790107855618502000,14.185501953125,-1.4900364875793457,-0.037702370434999466,-0.4085504710674286
1790107855628446200,14.1954462890625,-1.5290709733963013,-0.27486273646354675,-0.3631254732608795
1790107855638391000,14.20539111328125,-1.4404973983764648,-0.39740169048309326,-0.3090079128742218
1790107855648335000,14.215335205078125,-1.374779462814331,-0.3833596408367157,-0.2996671497821808
1790107855658279200,14.225279052734376,-1.3678834438323975,-0.38233697414398193,-0.36332762241363525
1790107855668224000,14.23522412109375,-1.433687686920166,-0.2755831182003021,-0.45999637246131897
1790107855678168000,14.24516796875,-1.4903275966644287,-0.09531240165233612,-0.5271943211555481
1790107855688112000,14.255112060546875,-1.5000801086425781,-0.04892519861459732,-0.5625035762786865
1790107855698056200,14.26505615234375,-1.4676108360290527,-0.1728745698928833,-0.5628952980041504
1790107855708001000,14.2750009765625,-1.4188348054885864,-0.40906232595443726,-0.5592105388641357
1790107855717945000,14.284945068359375,-1.3869681358337402,-0.5643184781074524,-0.5432167053222656
1790107855727889200,14.29488916015625,-1.37076735496521,-0.619484007358551,-0.5201444029808044
1790107855737834200,14.304834228515626,-1.3774868249893188,-0.6003865003585815,-0.48334801197052
1790107855747778300,14.3147783203125,-1.3929024934768677,-0.6054137349128723,-0.44730639457702637
1790107855757722000,14.32472216796875,-1.3767764568328857,-0.5728152990341187,-0.353528767824173
1790107855767667000,14.3346669921875,-1.36659574508667,-0.44406798481941223,-0.2706882059574127
1790107855777611000,14.344611083984375,-1.3038560152053833,-0.23049499094486237,-0.23044200241565704
1790107855787555300,14.354555419921875,-1.2641407251358032,0.0019060244085267186,-0.25207751989364624
1790107855797499100,14.3644990234375,-1.2432948350906372,-0.05663664638996124,-0.3107594847679138
1790107855807444000,14.37444384765625,-1.2168179750442505,-0.36545440554618835,-0.2888033092021942
1790107855817388000,14.384387939453125,-1.0802279710769653,-0.6506333947181702,-0.20385858416557312
1790107855827332000,14.39433203125,-0.882632315158844,-0.7798092365264893,-0.10804524272680283
1790107855837277200,14.404277099609375,-0.657365083694458,-0.6108756065368652,0.023661388084292412
1790107855847221200,14.41422119140625,-0.5028641819953918,-0.2927338778972626,0.17770607769489288
1790107855857165000,14.4241650390625,-0.44992509484291077,-0.014087323099374771,0.27684199810028076
1790107855867110000,14.43410986328125,-0.37027207016944885,0.09937266260385513,0.33752769231796265
1790107855877054200,14.44405419921875,-0.18459726870059967,0.1722860187292099,0.3307425081729889
1790107855886998300,14.453998291015624,0.06372252106666565,0.41099873185157776,0.3566451966762543
1790107855896942000,14.463942138671875,0.21225659549236298,0.6223368048667908,0.4763742685317993
1790107855906887200,14.47388720703125,0.29318925738334656,0.5884600877761841,0.5880318284034729
1790107855916831000,14.4838310546875,0.3463568687438965,0.38268133997917175,0.6801137924194336
1790107855926775300,14.493775390625,0.46422040462493896,0.22986595332622528,0.6532156467437744
1790107855936720100,14.50372021484375,0.6334158182144165,0.21112288534641266,0.5493353009223938
1790107855946664200,14.513664306640624,0.7924752235412598,0.4684891700744629,0.39133819937705994
1790107855956608000,14.52360791015625,0.9289963245391846,0.7860034704208374,0.388683021068573
1790107855966553000,14.533552978515624,1.0388538837432861,0.9778280854225159,0.5414861440658569
1790107855976497200,14.5434970703125,1.1525559425354004,0.9627715945243835,0.6493039727210999
1790107855986441200,14.553441162109374,1.247647762298584,0.7628936767578125,0.6631542444229126
1790107855996385000,14.563385009765625,1.3095237016677856,0.5646809339523315,0.6451696753501892
1790107856006330000,14.573330078125,1.378537654876709,0.534381091594696,0.6065368056297302
1790107856016274200,14.583274169921875,1.451992154121399,0.6391221880912781,0.5566715002059937
1790107856026218200,14.59321826171875,1.5026702880859375,0.6586716175079346,0.5250027775764465
1790107856036163000,14.6031630859375,1.517732858657837,0.4672878384590149,0.4813525080680847
1790107856046107100,14.613107177734374,1.5211718082427979,0.19521716237068176,0.40964797139167786
1790107856056051000,14.623051025390625,1.5693249702453613,0.1171330139040947,0.35779303312301636
1790107856065996300,14.632996337890624,1.660953164100647,0.267342209815979,0.30837514996528625
1790107856075940000,14.642940185546875,1.7511423826217651,0.35669606924057007,0.3015470504760742
1790107856085884200,14.65288427734375,1.8223716020584106,0.2646510899066925,0.32584547996520996
1790107856095828000,14.662827880859375,1.9016237258911133,0.0853191614151001,0.3504067361354828
1790107856105773300,14.672773193359374,1.9868712425231934,-0.025352494791150093,0.3706561028957367
1790107856115717000,14.682717041015625,2.084348201751709,-0.08571863174438477,0.3575301766395569
1790107856125661200,14.6926611328125,2.2017428874969482,-0.01979767344892025,0.3396854102611542
1790107856135606000,14.70260595703125,2.3142457008361816,0.04391073063015938,0.30150899291038513
1790107856145550000,14.712550048828126,2.407428026199341,0.015800533816218376,0.23986852169036865
1790107856155494100,14.722494140625,2.4278366565704346,-0.2357291728258133,0.14989815652370453
1790107856165439200,14.732439208984376,2.379788398742676,-0.6151918172836304,0.017971277236938477
1790107856175383000,14.742383056640625,2.2707133293151855,-0.7253603935241699,-0.08829071372747421
1790107856185327000,14.7523271484375,2.066228151321411,-0.6813023686408997,-0.024167388677597046
1790107856195271000,14.76227099609375,1.7355101108551025,-0.7985802888870239,0.04784581810235977
1790107856205216300,14.77221630859375,1.5022345781326294,-1.1306452751159668,0.08485976606607437
1790107856215160000,14.78216015625,1.4268399477005005,-1.2359699010849,0.11962919682264328
1790107856225104100,14.792104248046876,1.415679931640625,-0.9178853631019592,0.14821156859397888
1790107856235049200,14.80204931640625,1.3769605159759521,-0.36218830943107605,0.19186663627624512
1790107856244993300,14.8119931640625,1.3013970851898193,0.1863752007484436,0.23925945162773132
1790107856254937000,14.82193701171875,1.1434180736541748,0.6748415231704712,0.2631770372390747
1790107856264882200,14.831882080078126,0.925670862197876,0.7695574164390564,0.3861008286476135
1790107856274826000,14.841825927734375,0.7632880806922913,0.5118369460105896,0.49389412999153137
1790107856284770000,14.85177001953125,0.7496659755706787,-0.07479461282491684,0.36555615067481995
1790107856294714000,14.861714111328125,0.7700862884521484,-0.42670097947120667,0.21161291003227234
1790107856304659200,14.8716591796875,0.8258012533187866,-0.1817183941602707,0.29767829179763794
1790107856314603000,14.88160302734375,0.8668125867843628,-0.10841649025678635,0.438514769077301
1790107856324547000,14.891547119140625,0.7400623559951782,-0.6196760535240173,0.34602317214012146
1790107856334492200,14.9014921875,0.5222291350364685,-0.9608660936355591,0.21612830460071564
1790107856344436200,14.911436279296876,0.3311965763568878,-0.9085919857025146,0.11150096356868744
1790107856354380000,14.921380126953125,0.18059268593788147,-0.5667605996131897,0.10131916403770447
1790107856364324000,14.931323974609375,0.07150986790657043,-0.2567548155784607,0.2097090184688568
1790107856374269200,14.941269287109375,-0.17213182151317596,-0.4580799639225006,0.17188866436481476
1790107856384213200,14.951213134765625,-0.6036674976348877,-1.2123526334762573,-0.06447193026542664
1790107856394157000,14.961156982421874,-0.65407395362854,-0.04379408434033394,0.020125508308410645
1790107856404102100,14.97110205078125,-0.7040750980377197,1.0875563621520996,0.10386887192726135
1790107856414046000,14.9810458984375,-0.7735012769699097,0.8134055733680725,0.032468460500240326
1790107856423990000,14.990989990234375,-0.9477596282958984,-0.44725874066352844,-0.14163276553153992
1790107856433935000,15.00093505859375,-1.0570765733718872,-1.090862512588501,-0.21323370933532715
1790107856443879200,15.010879150390625,-1.105426549911499,-0.5515060424804688,-0.11896687000989914
1790107856453823000,15.020822998046874,-1.1906745433807373,0.16116918623447418,-0.11419661343097687
1790107856463768300,15.030768310546875,-1.2786973714828491,0.6384683847427368,-0.15209339559078217
1790107856473712000,15.040712158203124,-1.3546080589294434,0.6700156331062317,-0.1667327880859375
1790107856483656200,15.05065625,-1.4103864431381226,0.15494191646575928,-0.22632580995559692
1790107856493600300,15.060600341796874,-1.3455448150634766,0.2942960858345032,-0.1286703646183014
1790107856503545000,15.070545166015625,-1.28843092918396,0.016578976064920425,-0.1805519312620163
1790107856513489200,15.0804892578125,-1.1622400283813477,-0.2135154753923416,-0.284264475107193
1790107856523433200,15.09043310546875,-0.899151086807251,0.4857259690761566,-0.1726633906364441
1790107856533378000,15.1003779296875,-0.8119162917137146,1.276104211807251,-0.00039254993316717446
1790107856543322000,15.110322021484375,-0.9201818108558655,0.6981391310691833,-0.11936953663825989
1790107856553266200,15.12026611328125,-0.917971134185791,-0.06282849609851837,-0.27977731823921204
1790107856563211300,15.130211181640625,-0.8786042928695679,-0.3994094431400299,-0.39606133103370667
1790107856573155000,15.140155029296874,-0.8013840317726135,-0.009269664995372295,-0.30208101868629456
1790107856583099100,15.15009912109375,-0.6871906518936157,0.6308256387710571,-0.09477391093969345
1790107856593043200,15.160043212890624,-0.7913745641708374,0.17926377058029175,-0.1308126002550125
1790107856602988300,15.16998828125,-0.9293422698974609,-0.5810726881027222,-0.21973182260990143
1790107856612932000,15.17993212890625,-1.1698603630065918,-0.8273674249649048,-0.2885785400867462
1790107856622876200,15.189876220703125,-1.418816089630127,-0.4811791479587555,-0.3770895004272461
1790107856632821500,15.199821533203124,-1.4689223766326904,0.25878840684890747,-0.46899303793907166
1790107856642765600,15.209765625,-1.478125810623169,0.35028132796287537,-0.5524200201034546
1790107856652709400,15.21970947265625,-1.4563935995101929,0.02322729118168354,-0.5377177596092224
1790107856662654700,15.22965478515625,-1.415529727935791,-0.33006420731544495,-0.5586366653442383
1790107856672598500,15.2395986328125,-1.3625059127807617,-0.5503765940666199,-0.6440293192863464
1790107856682542600,15.24954248046875,-1.2991243600845337,-0.5853220820426941,-0.7138685584068298
1790107856692486400,15.259486328125,-1.2557872533798218,-0.4281044602394104,-0.6637923717498779
1790107856702431500,15.269431396484375,-1.2742469310760498,-0.2433660477399826,-0.47323867678642273
1790107856712375600,15.27937548828125,-1.3157498836517334,-0.4542335569858551,-0.44343122839927673
1790107856722319600,15.289319580078125,-1.3898770809173584,-0.5826732516288757,-0.6065810322761536
1790107856732264400,15.299264404296874,-1.434187650680542,-0.5754324197769165,-0.7442855834960938
1790107856742208500,15.30920849609375,-1.4746159315109253,-0.5824333429336548,-0.6902630925178528
1790107856752152300,15.31915234375,-1.4385613203048706,-0.5611155033111572,-0.6084399223327637
1790107856762097700,15.32909765625,-1.3228602409362793,-0.25030386447906494,-0.5356777906417847
1790107856772041500,15.33904150390625,-1.2264424562454224,-0.013431386090815067,-0.4600917100906372
1790107856781985500,15.348985595703125,-1.2209229469299316,-0.038964178413152695,-0.47044312953948975
1790107856791929600,15.3589296875,-1.288280963897705,-0.11218565702438354,-0.5338090658187866
1790107856801874700,15.368874755859375,-1.3396011590957642,-0.264875590801239,-0.5706149935722351
1790107856811818500,15.378818603515626,-1.33293879032135,-0.42559710144996643,-0.5091692209243774
1790107856821762600,15.388762451171875,-1.2491143941879272,-0.5746119022369385,-0.397085040807724
1790107856831707400,15.398707275390626,-1.1603903770446777,-0.532742440700531,-0.26617148518562317
1790107856841651500,15.4086513671875,-1.0878312587738037,-0.19367599487304688,-0.16573649644851685
1790107856851595500,15.418595458984376,-1.0959962606430054,0.14890453219413757,-0.08211830258369446
1790107856861540600,15.42854052734375,-1.1372613906860352,0.24098944664001465,-0.028025776147842407
1790107856871484400,15.438484375,-1.1004301309585571,0.18232852220535278,-0.014986406080424786
1790107856881428500,15.448428466796875,-0.9790134429931641,0.06462453305721283,0.015392005443572998
1790107856891372500,15.45837255859375,-0.8762127757072449,-0.17207002639770508,0.046673763543367386
1790107856901317600,15.468317626953125,-0.780195415019989,-0.30362245440483093,0.13841034471988678
1790107856911261400,15.478261474609376,-0.6584298014640808,-0.15525244176387787,0.33752983808517456
1790107856921205500,15.48820556640625,-0.44180962443351746,0.17675985395908356,0.46541616320610046
1790107856931150300,15.498150390625,-0.29037243127822876,0.48021215200424194,0.4467782974243164
1790107856941094700,15.5080947265625,-0.21651047468185425,0.39037227630615234,0.4894882142543793
1790107856951038700,15.518038818359376,-0.11049961298704147,0.17600005865097046,0.5455112457275391
1790107856960983600,15.527983642578125,0.06240878254175186,0.25955381989479065,0.49357110261917114
1790107856970927400,15.53792724609375,0.16231301426887512,0.4686524271965027,0.46694669127464294
1790107856980871400,15.547871337890625,0.2367483675479889,0.6092244386672974,0.5726363658905029
1790107856990816500,15.55781640625,0.31706902384757996,0.6796536445617676,0.7126821279525757
1790107857000760600,15.567760498046875,0.4222404658794403,0.6103184819221497,0.7493677139282227
1790107857010704600,15.57770458984375,0.5450904965400696,0.25762274861335754,0.6987602114677429
1790107857020648400,15.5876484375,0.6772010922431946,0.17644241452217102,0.5958623290061951
1790107857030593500,15.597593505859376,0.838706910610199,0.424655944108963,0.5763850212097168
1790107857040537600,15.60753759765625,1.0417460203170776,0.9257935881614685,0.6162506937980652
1790107857050481700,15.617481689453125,1.1807843446731567,1.0891311168670654,0.6263390183448792
1790107857060426500,15.627426513671875,1.241802453994751,0.5992037653923035,0.6897304654121399
1790107857070370600,15.63737060546875,1.3081895112991333,0.13042618334293365,0.7880104780197144
1790107857080314600,15.647314697265625,1.3883553743362427,0.29368966817855835,0.7459708452224731
1790107857090258700,15.6572587890625,1.500527262687683,0.9106391668319702,0.4835469722747803
1790107857100203500,15.66720361328125,1.6035492420196533,1.5220884084701538,0.38453224301338196
1790107857110147600,15.677147705078125,1.6019246578216553,1.291632890701294,0.685308039188385
1790107857120091400,15.68709130859375,1.568598985671997,0.5752497315406799,1.0042638778686523
1790107857130036500,15.697036376953125,1.587822675704956,0.09520640969276428,1.0378628969192505
1790107857139980500,15.70698046875,1.5877063274383545,-0.024937840178608894,0.8748140335083008
1790107857149924600,15.716924560546875,1.6626689434051514,0.39590924978256226,0.5539641380310059
1790107857159869400,15.726869384765624,1.9961737394332886,0.9676137566566467,0.2922201454639435
1790107857169813800,15.736813720703125,2.353475332260132,1.0112885236740112,0.3433499038219452
1790107857179757600,15.746757568359374,2.4910659790039062,0.41649389266967773,0.535499095916748
1790107857189702400,15.756702392578125,2.3995676040649414,-0.3030022084712982,0.6456903219223022
1790107857199646500,15.766646484375,2.2184946537017822,-0.530558168888092,0.6221511960029602
1790107857209590500,15.776590576171875,2.101229667663574,-0.09184043854475021,0.42108064889907837
1790107857219534600,15.78653466796875,2.088271379470825,0.35157081484794617,0.23112402856349945
1790107857229479400,15.7964794921875,2.0635669231414795,0.42031657695770264,0.15179406106472015
1790107857239423500,15.806423583984374,2.0064427852630615,0.14722540974617004,0.13073325157165527
1790107857249367600,15.816367431640625,1.9309781789779663,-0.4188217520713806,0.1883067935705185
1790107857259312600,15.826312744140624,1.8078176975250244,-0.9434176087379456,0.3456844389438629
1790107857269256700,15.836256591796875,1.7150517702102661,-0.8146974444389343,0.3889538645744324
1790107857279200500,15.846200439453124,1.6756665706634521,-0.27969902753829956,0.2175147384405136
1790107857289145300,15.856145263671875,1.5872671604156494,-0.1023482084274292,0.01643516682088375
1790107857299089400,15.86608935546875,1.4267542362213135,-0.3367902636528015,-0.04982348158955574
1790107857309033700,15.87603369140625,1.226097822189331,-0.4779559075832367,-0.0018221348291262984
1790107857318977500,15.8859775390625,0.9982369542121887,-0.18453335762023926,0.08871149271726608
1790107857328922600,15.895922607421875,0.8070358037948608,0.5168489813804626,0.25579583644866943
1790107857338866400,15.905866455078124,0.7863622307777405,1.110822319984436,0.4742794334888458
1790107857348810500,15.915810546875,0.9223096966743469,0.7591641545295715,0.4695933163166046
1790107857358755600,15.925755615234374,1.0071440935134888,-0.5077532529830933,0.2506577968597412
1790107857368699600,15.93569970703125,0.8844682574272156,-1.1406819820404053,0.25340935587882996
1790107857378643500,15.9456435546875,0.8472788333892822,-0.569206714630127,0.42951515316963196
1790107857388588500,15.955588623046875,0.9693315029144287,-0.12683570384979248,0.35741645097732544
1790107857398532600,15.96553271484375,0.9927800893783569,-0.1606498658657074,0.18322788178920746
1790107857408476700,15.9754765625,0.8934831023216248,-0.3143502175807953,0.07487663626670837
1790107857418421500,15.98542138671875,0.7065033316612244,-0.4811969995498657,-0.027359185740351677
1790107857428365600,15.995365478515625,0.4530332684516907,-0.3904726803302765,-0.134434774518013
1790107857438309400,16.005309326171876,0.16419346630573273,-0.11728854477405548,-0.20782536268234253
1790107857448253700,16.015253662109377,-0.08279501646757126,0.002370745874941349,-0.20394141972064972
1790107857458198500,16.025198486328126,-0.24998240172863007,0.10063659399747849,-0.14371135830879211
1790107857468142600,16.035142578125,-0.37911030650138855,0.38217398524284363,-0.07142598181962967
1790107857478086400,16.04508642578125,-0.550514817237854,0.27394500374794006,-0.09424208104610443
1790107857488031700,16.05503173828125,-0.7712437510490417,-0.20387695729732513,-0.21683616936206818
1790107857497975600,16.0649755859375,-0.9010416865348816,-0.34706687927246094,-0.2761663496494293
1790107857507919600,16.074919677734375,-0.9460467100143433,0.07651607692241669,-0.24345900118350983
1790107857517864400,16.084864501953124,-0.9571877717971802,0.755172073841095,-0.18663565814495087
1790107857527808500,16.09480859375,-1.0994091033935547,0.375903844833374,-0.3377343714237213
1790107857537752600,16.104752685546874,-1.1831763982772827,0.021978534758090973,-0.4181565046310425
1790107857547696600,16.114696533203126,-1.2030681371688843,-0.10414930433034897,-0.40795260667800903
1790107857557641500,16.124641357421876,-1.176858901977539,-0.043952811509370804,-0.36735618114471436
1790107857567585500,16.13458544921875,-1.0914480686187744,0.35542359948158264,-0.28246843814849854
1790107857577529300,16.144529296875,-1.0640619993209839,0.46727609634399414,-0.2760787308216095
1790107857587474700,16.154474609375,-1.0578573942184448,0.2176537662744522,-0.33548054099082947
1790107857597418500,16.16441845703125,-1.024601697921753,0.21918241679668427,-0.34018179774284363
1790107857607362600,16.174362548828125,-0.9727632403373718,0.44831785559654236,-0.329694002866745
1790107857617307600,16.1843076171875,-0.9326187372207642,0.38085758686065674,-0.4102037847042084
1790107857627251700,16.194251708984375,-0.8708427548408508,0.20106573402881622,-0.47862011194229126
1790107857637194800,16.20419482421875,-0.8124625086784363,0.03724857047200203,-0.49845293164253235
1790107857647138600,16.214138671875,-0.75868159532547,-0.054909054189920425,-0.5201073884963989
1790107857657083400,16.22408349609375,-0.73701012134552,-0.030540598556399345,-0.5468284487724304
1790107857667027700,16.23402783203125,-0.7850796580314636,0.11501873284578323,-0.5602361559867859
1790107857676971800,16.2439716796875,-0.8963675498962402,0.2643405795097351,-0.5681742429733276
1790107857686916600,16.25391650390625,-1.069494605064392,0.49424222111701965,-0.4945942759513855
1790107857696860700,16.263860595703125,-1.1971689462661743,0.5690346956253052,-0.4575941860675812
1790107857706804500,16.273804443359374,-1.228135585784912,0.2852866053581238,-0.5502620935440063
1790107857716749600,16.28374951171875,-1.225492238998413,-0.021806761622428894,-0.7008851170539856
1790107857726693600,16.293693603515624,-1.2494182586669922,-0.04254799336194992,-0.7816372513771057
1790107857736637700,16.3036376953125,-1.2741105556488037,0.22848963737487793,-0.775490939617157
1790107857746581500,16.31358154296875,-1.3261346817016602,0.4751358926296234,-0.714591920375824
1790107857756526600,16.323526611328123,-1.3554080724716187,0.4386540651321411,-0.6729978322982788
1790107857766470700,16.333470703125,-1.3129909038543701,0.275000661611557,-0.6486861109733582
1790107857776414700,16.343414794921873,-1.2719906568527222,0.08390635251998901,-0.6750543117523193
1790107857786359600,16.353359619140626,-1.2733217477798462,-0.07314158976078033,-0.7000086903572083
1790107857796303600,16.3633037109375,-1.3023216724395752,-0.13720153272151947,-0.6791321635246277
1790107857806247700,16.37324755859375,-1.3308387994766235,-0.21169787645339966,-0.6702877879142761
1790107857816192500,16.383192626953125,-1.3752942085266113,-0.26984426379203796,-0.6776237487792969
1790107857826136600,16.393136474609374,-1.439805269241333,-0.18332640826702118,-0.6699884533882141
1790107857836080600,16.40308056640625,-1.4398162364959717,-0.0157155804336071,-0.6099738478660583
1790107857846025700,16.413025634765624,-1.335710883140564,0.04021186754107475,-0.539692759513855
1790107857855969800,16.4229697265625,-1.2713134288787842,-0.05808300897479057,-0.41523128747940063
1790107857865913600,16.43291357421875,-1.3767727613449097,-0.25459179282188416,-0.3023345470428467
1790107857875857700,16.442857666015627,-1.5193650722503662,-0.4273774325847626,-0.3115203380584717
1790107857885802800,16.452802734375,-1.527457594871521,-0.5718387365341187,-0.380278080701828
1790107857895746800,16.462746826171873,-1.4475271701812744,-0.7417758703231812,-0.3952080309391022
1790107857905690600,16.472690673828126,-1.365093469619751,-0.816299319267273,-0.38585129380226135
1790107857915635700,16.4826357421875,-1.3045635223388672,-0.743876576423645,-0.37300845980644226
1790107857925579500,16.49257958984375,-1.2416996955871582,-0.5918763875961304,-0.37219884991645813
1790107857935523600,16.502523681640625,-1.2816579341888428,-0.5136462450027466,-0.3554089665412903
1790107857945468700,16.51246875,-1.346039891242981,-0.5744225382804871,-0.2821381986141205
1790107857955412700,16.522412841796875,-1.2534897327423096,-0.6006783843040466,-0.17415662109851837
1790107857965356500,16.5323564453125,-1.0771898031234741,-0.6294772624969482,-0.0475829653441906
1790107857975300600,16.542300537109377,-0.9028707146644592,-0.6448407769203186,0.03750929236412048
1790107857985245700,16.55224560546875,-0.823314905166626,-0.6014655828475952,0.07643405348062515
1790107857995189800,16.562189697265627,-0.7160068154335022,-0.336452841758728,0.11541926860809326
1790107858005133600,16.572133544921876,-0.5557186007499695,0.07101159542798996,0.19448532164096832
1790107858015078700,16.58207861328125,-0.39340534806251526,0.36777400970458984,0.3382704555988312
1790107858025022700,16.592022705078126,-0.21622231602668762,0.5146667957305908,0.4737025797367096
1790107858034966800,16.601966796875,-0.08430103212594986,0.6108772158622742,0.5178375840187073
1790107858044911600,16.61191162109375,0.0209478922188282,0.7285956144332886,0.5618873238563538
1790107858054855700,16.621855712890625,0.13386937975883484,0.9259268045425415,0.6204366087913513
1790107858064799500,16.631799560546874,0.24040940403938293,1.0132784843444824,0.6481606960296631
1790107858074743800,16.641743896484375,0.38326936960220337,0.8820328116416931,0.6494666934013367
1790107858084688600,16.651688720703124,0.5218983292579651,0.7070966958999634,0.5879066586494446
1790107858094632700,16.6616328125,0.6450157761573792,0.5871220827102661,0.48602768778800964
1790107858104576500,16.671576416015625,0.7612015008926392,0.49018940329551697,0.446285605430603
1790107858114521900,16.68152197265625,0.9165151715278625,0.5636221170425415,0.4505738317966461
1790107858124465700,16.691465576171876,1.0681915283203125,0.7215555310249329,0.45685383677482605
1790107858134409700,16.70140966796875,1.173497200012207,0.7263523936271667,0.5003014206886292
1790107858144354600,16.7113544921875,1.2677597999572754,0.6692145466804504,0.57636958360672
1790107858154298600,16.721298583984375,1.3679819107055664,0.616414487361908,0.6011286973953247
1790107858164242700,16.73124267578125,1.4643290042877197,0.6208909749984741,0.5653281211853027
1790107858174186800,16.741186767578125,1.5471402406692505,0.6658430099487305,0.5171778798103333
1790107858184131600,16.751131591796874,1.63624107837677,0.6074931621551514,0.48027658462524414
1790107858194075600,16.76107568359375,1.7222737073898315,0.5151586532592773,0.44563233852386475
1790107858204019500,16.77101953125,1.7957810163497925,0.48385801911354065,0.40678027272224426
1790107858213964800,16.78096484375,1.8606164455413818,0.4491514265537262,0.37344202399253845
1790107858223908600,16.79090869140625,1.9145108461380005,0.36319205164909363,0.38442090153694153
1790107858233852700,16.800852783203126,1.9291152954101562,0.29510700702667236,0.40685510635375977
1790107858243797500,16.810797607421875,1.9646341800689697,0.25061145424842834,0.4010249078273773
1790107858253741800,16.820741943359376,2.0199477672576904,0.16331329941749573,0.3669721484184265
1790107858263685600,16.830685546875,2.0739998817443848,0.07258658856153488,0.34266600012779236
1790107858273630700,16.840630615234375,2.113696575164795,0.03151505067944527,0.32451629638671875
1790107858283574500,16.850574462890624,2.1517350673675537,-0.015390940010547638,0.2739010453224182
1790107858293518600,16.8605185546875,2.163999557495117,-0.06216616928577423,0.228410005569458
1790107858303462700,16.870462646484373,2.1761765480041504,-0.26034051179885864,0.17278562486171722
1790107858313407700,16.88040771484375,2.12676739692688,-0.5941482782363892,0.07372348755598068
1790107858323351600,16.8903515625,2.0191776752471924,-0.8895077705383301,-0.0778396725654602
1790107858333295600,16.900295654296876,1.9609997272491455,-1.050535798072815,-0.07143396884202957
1790107858343240700,16.91024072265625,1.7839962244033813,-1.1198680400848389,0.12015224248170853
1790107858353184800,16.920184814453126,1.5045541524887085,-1.120613932609558,0.2694123089313507
1790107858363128600,16.930128662109375,1.2801434993743896,-0.7830178141593933,0.36535027623176575
1790107858373073700,16.94007373046875,1.1600319147109985,-0.27921804785728455,0.35863858461380005
1790107858383017500,16.950017578125,1.1224390268325806,0.320271760225296,0.21885058283805847
1790107858392961800,16.9599619140625,1.0841363668441772,0.8182178735733032,0.15696272253990173
1790107858402905600,16.969905517578123,1.0348601341247559,0.8526126146316528,0.24875202775001526
1790107858412850700,16.9798505859375,1.0293476581573486,0.29701757431030273,0.32649582624435425
1790107858422794500,16.98979443359375,1.0873241424560547,-0.44470396637916565,0.332526832818985
1790107858432738600,16.999738525390626,1.1366262435913086,-0.8741123080253601,0.3588726818561554
1790107858442683600,17.00968359375,1.126875877380371,-0.5324942469596863,0.4423814117908478
1790107858452627700,17.019627685546876,1.0674021244049072,-0.05572158470749855,0.5086134076118469
1790107858462571500,17.029571533203125,0.9718066453933716,-0.4192313551902771,0.3821106255054474
1790107858472516600,17.0395166015625,0.7925007939338684,-0.7399446368217468,0.21734189987182617
1790107858482460700,17.049460693359375,0.6129070520401001,-0.39693695306777954,0.09592040628194809
1790107858492404700,17.05940478515625,0.38695064187049866,-0.05290396139025688,-0.020960675552487373
1790107858502349600,17.069349609375,0.15493685007095337,0.03027082048356533,-0.07407955080270767
1790107858512293600,17.079293701171874,-0.08809470385313034,-0.1695016771554947,-0.10259988158941269
1790107858522237400,17.089237548828127,-0.27350372076034546,-0.039497341960668564,-0.056782323867082596
1790107858532181800,17.099181640625,-0.43142223358154297,0.06896068900823593,-0.07193384319543839
1790107858542126600,17.109126708984373,-0.6050353050231934,-0.13056546449661255,-0.19684036076068878
1790107858552070700,17.119070556640626,-0.7093942165374756,-0.17292997241020203,-0.27119848132133484
1790107858562014500,17.129014404296875,-0.7851454019546509,-0.2001384198665619,-0.2870789170265198
1790107858571959800,17.138959716796876,-0.809638261795044,-0.08869311958551407,-0.24982129037380219
1790107858581903600,17.148903564453125,-0.7911601662635803,0.10210373252630234,-0.20529429614543915
1790107858591847700,17.15884765625,-0.8547612428665161,-0.16115719079971313,-0.29208964109420776
1790107858601792500,17.16879248046875,-0.8722624778747559,-0.13610723614692688,-0.2848935127258301
1790107858611736600,17.178736572265624,-0.9001617431640625,-0.030301712453365326,-0.2734682857990265
1790107858621680600,17.1886806640625,-0.893847644329071,0.10036309063434601,-0.2710304260253906
1790107858631626200,17.198626220703126,-0.8578790426254272,0.35913553833961487,-0.2407234013080597
1790107858641570000,17.208570068359375,-0.8053633570671082,0.5736262798309326,-0.2269069105386734
1790107858651514000,17.21851416015625,-0.7472813725471497,0.6133946776390076,-0.2287551462650299
1790107858661458000,17.2284580078125,-0.7147769927978516,0.5332916378974915,-0.2069302797317505
1790107858671403000,17.238403076171874,-0.6919481158256531,0.31117013096809387,-0.22370819747447968
1790107858681347000,17.24834716796875,-0.691068172454834,-0.07675603032112122,-0.2999587655067444
1790107858691291100,17.258291015625,-0.7049081325531006,-0.27812322974205017,-0.3545948266983032
1790107858701236000,17.268236083984377,-0.6793079376220703,0.03663311153650284,-0.3139730989933014
1790107858711180000,17.278179931640626,-0.7256069779396057,0.03310761973261833,-0.34773799777030945
1790107858721123800,17.288123779296875,-0.7994838953018188,0.5676762461662292,-0.23585300147533417
1790107858731069200,17.298069091796876,-0.907963752746582,1.1327608823776245,-0.11735326051712036
1790107858741013000,17.308012939453125,-1.0318843126296997,0.8926820158958435,-0.18440765142440796
1790107858750957000,17.31795703125,-1.132493257522583,0.40437063574790955,-0.26870203018188477
1790107858760900900,17.32790087890625,-1.191077709197998,-0.04808976501226425,-0.3088150918483734
1790107858770846200,17.33784619140625,-1.1562308073043823,-0.164622500538826,-0.18672460317611694
1790107858780790000,17.3477900390625,-1.0670164823532104,-0.07070639729499817,-0.02497752197086811
1790107858790734000,17.357734130859374,-0.9877414107322693,-0.07355624437332153,0.0019888486713171005
1790107858800679000,17.367678955078127,-0.9942850470542908,-0.04848843812942505,-0.12001988291740417
1790107858810623000,17.377623046875,-1.0513478517532349,0.04572700709104538,-0.29455041885375977
1790107858820567000,17.387567138671876,-1.1225535869598389,0.14542217552661896,-0.3558979332447052
1790107858830512000,17.39751220703125,-1.2066588401794434,0.05782148614525795,-0.3041556179523468
1790107858840456000,17.4074560546875,-1.1917799711227417,-0.2828948199748993,-0.33976900577545166
1790107858850400000,17.41739990234375,-1.14189875125885,-0.5034500956535339,-0.4920293986797333
1790107858860345000,17.427344970703125,-1.1687506437301636,-0.6600775122642517,-0.7168771624565125
1790107858870289200,17.4372890625,-1.2870197296142578,-0.6914253234863281,-0.8849601745605469
1790107858880233000,17.44723291015625,-1.385034441947937,-0.4619375467300415,-0.8019140362739563
1790107858890177000,17.457177001953124,-1.4755462408065796,-0.387931764125824,-0.49973100423812866
1790107858900121900,17.467121826171876,-1.535297155380249,-0.545737624168396,-0.37686100602149963
1790107858910066200,17.477066162109374,-1.534911036491394,-0.4956262707710266,-0.4695504605770111
1790107858920010000,17.487010009765626,-1.4593610763549805,-0.31839582324028015,-0.5250685811042786
1790107858929955000,17.496955078125,-1.3411465883255005,-0.0733644962310791,-0.4706774950027466
1790107858939899000,17.50689892578125,-1.3567548990249634,0.10507448762655258,-0.2721710801124573
1790107858949843000,17.516843017578125,-1.429709553718567,0.1518760770559311,-0.08636391907930374
1790107858959788000,17.5267880859375,-1.4299715757369995,0.11629252135753632,-0.09154775738716125
1790107858969732000,17.536732177734375,-1.382861852645874,0.07724232226610184,-0.21031728386878967
1790107858979676000,17.546676025390624,-1.4368641376495361,-0.17034830152988434,-0.3806631863117218
1790107858989620000,17.556619873046873,-1.4529259204864502,-0.6456943154335022,-0.4753481447696686
1790107858999565000,17.56656494140625,-1.360396146774292,-1.0502811670303345,-0.568080484867096
1790107859009509000,17.576509033203124,-1.269964337348938,-1.1253637075424194,-0.5957651138305664
1790107859019453000,17.586452880859376,-1.2082828283309937,-0.8844640254974365,-0.5410853624343872
1790107859029398000,17.59639794921875,-1.139363408088684,-0.4835110008716583,-0.4075073301792145
1790107859039341800,17.606341796875,-1.1039750576019287,-0.36806005239486694,-0.2807730734348297
1790107859049286100,17.6162861328125,-0.9884157180786133,-0.49574556946754456,-0.2775682210922241
1790107859059231000,17.62623095703125,-0.8426055312156677,-0.6504925489425659,-0.2891894578933716
1790107859069175000,17.636175048828125,-0.6665402054786682,-0.6354206204414368,-0.20124149322509766
1790107859079118800,17.646118896484374,-0.5297208428382874,-0.45061564445495605,-0.02474236488342285
1790107859089064200,17.656064208984375,-0.4224194288253784,-0.15706712007522583,0.13501188158988953
1790107859099008000,17.666008056640624,-0.2858080565929413,0.23072348535060883,0.2371358573436737
1790107859108952000,17.6759521484375,-0.09372995048761368,0.643394947052002,0.2686295807361603
1790107859118896000,17.685896240234374,0.04294586926698685,0.7150259613990784,0.4083012044429779
1790107859128841200,17.69584130859375,0.1975913643836975,1.0608878135681152,0.49188557267189026
1790107859138785000,17.705784912109376,0.28481361269950867,1.309491753578186,0.5455812811851501
1790107859148729000,17.71572900390625,0.3345966339111328,1.0313096046447754,0.6491284370422363
1790107859158674000,17.725673828125,0.43409231305122375,0.7072343826293945,0.6572862863540649
1790107859168618000,17.735617919921875,0.5846189856529236,0.6169819831848145,0.5462439060211182
1790107859178562000,17.74556201171875,0.7692961692810059,0.6441699266433716,0.41783851385116577
1790107859188507100,17.755507080078125,0.9243059754371643,0.7526543140411377,0.3908942639827728
1790107859198451000,17.765450927734374,1.0297093391418457,0.8009243607521057,0.5451999306678772
1790107859208395000,17.77539501953125,1.169995665550232,0.7165279984474182,0.6035050749778748
1790107859218340000,17.785340087890624,1.3021308183670044,0.4348529279232025,0.5206605195999146
1790107859228284200,17.7952841796875,1.3903477191925049,0.30353111028671265,0.407063364982605
1790107859238228000,17.80522802734375,1.4642826318740845,0.44748297333717346,0.3934729993343353
1790107859248172000,17.815172119140627,1.5803205966949463,0.6177489757537842,0.4569060206413269
1790107859258116900,17.825116943359376,1.7139567136764526,0.5757908821105957,0.5164644122123718
1790107859268061200,17.835061279296873,1.7961533069610596,0.3122231364250183,0.5063665509223938
1790107859278005200,17.845005126953126,1.781201720237732,-0.01828606240451336,0.46526089310646057
1790107859287950000,17.8549501953125,1.7687184810638428,-0.02359960228204727,0.45306387543678284
1790107859297894000,17.864893798828124,1.8645299673080444,0.25227537751197815,0.41231459379196167
1790107859307838000,17.874837890625,1.983991026878357,0.4158312976360321,0.34658217430114746
1790107859317783000,17.884782958984374,2.0896642208099365,0.16401343047618866,0.3305819034576416
1790107859327727000,17.89472705078125,2.1398067474365234,-0.21548062562942505,0.38193804025650024
1790107859337671200,17.904671142578124,2.1409995555877686,-0.4249805808067322,0.44163039326667786
1790107859347616000,17.914615966796877,2.1078176498413086,-0.3743823766708374,0.4628896117210388
1790107859357560000,17.92456005859375,2.1053457260131836,-0.2964215576648712,0.4575403928756714
1790107859367504100,17.934504150390627,2.136800527572632,-0.3148013651371002,0.47110334038734436
1790107859377448200,17.9444482421875,2.1557457447052,-0.48336586356163025,0.463920533657074
1790107859387393000,17.95439306640625,2.1332545280456543,-0.5803123712539673,0.3994949460029602
1790107859397336800,17.9643369140625,2.0369601249694824,-0.6460669040679932,0.27925774455070496
1790107859407281200,17.97428125,1.8965011835098267,-0.9071578979492188,0.14815351366996765
1790107859417226000,17.98422607421875,1.642524003982544,-1.0567047595977783,0.19073958694934845
1790107859427170000,17.994170166015625,1.354034423828125,-0.8375212550163269,0.2876584231853485
1790107859437114000,18.004114013671874,1.1731666326522827,-0.5372956991195679,0.35158678889274597
1790107859447059200,18.01405908203125,1.0860466957092285,-0.44964250922203064,0.3978602886199951
1790107859457003000,18.0240029296875,1.0670593976974487,-0.383526086807251,0.3391314446926117
1790107859466947000,18.033947021484376,0.9976848363876343,-0.012862535193562508,0.28930529952049255
1790107859476892000,18.043891845703126,0.936515748500824,0.577862560749054,0.2657366096973419
1790107859486836000,18.0538359375,0.9121931195259094,0.7841893434524536,0.29652220010757446
1790107859496780000,18.063780029296876,0.974609375,-0.0937829539179802,0.32781487703323364
1790107859506724000,18.07372412109375,0.9369349479675293,-1.0854439735412598,0.3390877842903137
1790107859516669000,18.0836689453125,0.8593584299087524,-0.8954237103462219,0.5305637121200562
1790107859526613000,18.093613037109375,0.9465556144714355,-0.3084760904312134,0.6625164151191711
1790107859536557000,18.10355712890625,0.9617990255355835,-0.8062863945960999,0.5045025944709778
1790107859546502100,18.113502197265625,0.8638205528259277,-0.8593354821205139,0.3867165446281433
1790107859556446000,18.123446044921874,0.7228381037712097,-0.590567409992218,0.2916411757469177
1790107859566390000,18.13339013671875,0.49155348539352417,-0.4504776895046234,0.17722192406654358
1790107859576334800,18.1433349609375,0.1500861644744873,-0.3562726378440857,0.09161833673715591
1790107859586279200,18.153279052734376,-0.16263870894908905,-0.16228850185871124,0.09243858605623245
1790107859596223200,18.16322314453125,-0.33377131819725037,0.2503320872783661,0.13937413692474365
1790107859606168000,18.17316796875,-0.41560599207878113,0.7982316613197327,0.17221544682979584
1790107859616111900,18.18311181640625,-0.6161031126976013,0.26737603545188904,-0.0646306574344635
1790107859626056000,18.193055908203124,-0.7733944654464722,-0.31341543793678284,-0.2417052984237671
1790107859636000800,18.203000732421874,-0.8611981272697449,-0.5575716495513916,-0.23499493300914764
1790107859645945900,18.21294580078125,-0.9064412117004395,0.21212637424468994,-0.06963207572698593
1790107859655890000,18.222889892578124,-1.0575835704803467,0.7154625058174133,-0.08768697828054428
1790107859665834000,18.232833984375,-1.2987117767333984,0.06517288088798523,-0.3119264543056488
1790107859675778800,18.24277880859375,-1.4103519916534424,-0.16744491457939148,-0.36763501167297363
1790107859685723000,18.252722900390626,-1.4891529083251953,-0.2879263162612915,-0.3429376482963562
1790107859695666700,18.262666748046875,-1.494998812675476,-0.4991064667701721,-0.26536083221435547
1790107859705612000,18.272612060546876,-1.3208117485046387,-0.044982653111219406,-0.02400333620607853
1790107859715555800,18.282555908203125,-1.1737605333328247,0.6373146772384644,0.10908813774585724
1790107859725500000,18.2925,-1.120921015739441,0.47410738468170166,-0.021349497139453888
1790107859735444700,18.30244482421875,-0.9998430609703064,0.23165826499462128,-0.08974266797304153
1790107859745389000,18.31238916015625,-0.8065860271453857,-0.3689284920692444,-0.14093607664108276
1790107859755332900,18.322332763671874,-0.6293491721153259,-0.8226754665374756,-0.19031508266925812
1790107859765277000,18.33227685546875,-0.4794355630874634,-0.9386510848999023,-0.1863618791103363
1790107859775221800,18.3422216796875,-0.3249024450778961,-0.46699008345603943,-0.07965541630983353
1790107859785165800,18.352165771484376,-0.25469568371772766,0.23640267550945282,0.10844498127698898
1790107859795110000,18.36210986328125,-0.3494213819503784,0.243989497423172,0.0906585305929184
1790107859805055000,18.372054931640626,-0.5159943699836731,-0.024295486509799957,-0.041909899562597275
1790107859814998800,18.381998779296875,-0.738876223564148,0.21691207587718964,-0.11576201766729355
1790107859824942800,18.39194287109375,-0.8642541170120239,0.44495803117752075,-0.17247669398784637
1790107859834888000,18.401887939453125,-0.935086190700531,0.3727152645587921,-0.244008406996727
1790107859844832000,18.41183203125,-1.0281548500061035,0.3554800748825073,-0.24937254190444946
1790107859854775800,18.42177587890625,-1.093342900276184,0.45233550667762756,-0.2252299189567566
1790107859864721000,18.431720947265624,-1.1615337133407593,0.4740687608718872,-0.256430447101593
1790107859874664700,18.441664794921873,-1.2498250007629395,0.5317437648773193,-0.2735700309276581
1790107859884609000,18.451609130859374,-1.3062509298324585,0.5654351711273193,-0.3187883794307709
1790107859894552800,18.461552734375,-1.342808723449707,0.532069742679596,-0.3822895884513855
1790107859904498000,18.471497802734376,-1.3445842266082764,0.4083576798439026,-0.44549092650413513
1790107859914441700,18.481441650390625,-1.395579218864441,0.1941276639699936,-0.46393144130706787
1790107859924385800,18.4913857421875,-1.452344536781311,-0.04054369777441025,-0.47947365045547485
1790107859934331000,18.501330810546875,-1.4676496982574463,-0.16995760798454285,-0.5388384461402893
1790107859944275000,18.51127490234375,-1.4813508987426758,-0.20226389169692993,-0.5641685724258423
1790107859954218800,18.52121875,-1.5185067653656006,-0.228541299700737,-0.5687001943588257
1790107859964163800,18.531163818359374,-1.5630561113357544,-0.35225391387939453,-0.6068603992462158
1790107859974108000,18.54110791015625,-1.5655317306518555,-0.3994011878967285,-0.6540694236755371
1790107859984052000,18.551052001953124,-1.5218290090560913,-0.31794095039367676,-0.6557914018630981
1790107859993996800,18.560996826171873,-1.4736002683639526,-0.22894476354122162,-0.5927829146385193
1790107860003940900,18.57094091796875,-1.4541008472442627,-0.2191254198551178,-0.531090259552002
1790107860013884700,18.580884765625,-1.4565880298614502,-0.19020189344882965,-0.5387183427810669
1790107860023829000,18.5908291015625,-1.3731693029403687,-0.10280787199735641,-0.4949396848678589
1790107860033773800,18.60077392578125,-1.2738444805145264,0.0031316110398620367,-0.35357698798179626
1790107860043718000,18.6107177734375,-1.2659205198287964,0.07998857647180557,-0.26460689306259155
1790107860053661700,18.62066162109375,-1.3327935934066772,0.07822795957326889,-0.23244309425354004
1790107860063607000,18.63060693359375,-1.379517674446106,-0.03977511078119278,-0.1915699690580368
1790107860073550800,18.64055078125,-1.3774495124816895,-0.19087648391723633,-0.07881465554237366
1790107860083495000,18.650494873046874,-1.286328911781311,-0.3400329351425171,0.05586246773600578
1790107860093439700,18.660439697265623,-1.0994799137115479,-0.34763866662979126,0.07792116701602936
1790107860103383800,18.6703837890625,-0.8833356499671936,-0.2965640127658844,-0.0039145806804299355
1790107860113327900,18.680327880859377,-0.7221014499664307,-0.31538137793540955,-0.05492397025227547
1790107860123273000,18.69027294921875,-0.6028264760971069,-0.42117705941200256,0.011656123213469982
1790107860133216800,18.700216796875,-0.5290289521217346,-0.5134217739105225,0.09044840931892395
1790107860143160800,18.710160888671876,-0.3103155195713043,-0.13574424386024475,0.11700411885976791
1790107860153106000,18.72010595703125,-0.06608367711305618,0.5213497281074524,0.14976046979427338
1790107860163050000,18.730050048828126,0.01728178560733795,0.5791371464729309,0.24787451326847076
1790107860172993800,18.739993896484375,0.09724585711956024,0.435899555683136,0.44164690375328064
1790107860182937900,18.749937744140624,0.2398860901594162,0.43907296657562256,0.5230381488800049
1790107860192882700,18.759882568359377,0.3491004705429077,0.49397245049476624,0.4575822055339813
1790107860202827000,18.769826904296874,0.4616429805755615,0.4788376986980438,0.45143961906433105
1790107860212770800,18.779770751953127,0.6284785866737366,0.7700285315513611,0.42115122079849243
1790107860222716000,18.7897158203125,0.7895287275314331,1.1895719766616821,0.4060039520263672
1790107860232659700,18.79965966796875,0.8644495606422424,1.091408371925354,0.507405161857605
1790107860242603800,18.809603759765626,0.9504252076148987,0.6873086094856262,0.5317038297653198
1790107860252548900,18.819548828125,1.0690088272094727,0.36563897132873535,0.4147236943244934
1790107860262493000,18.829492919921876,1.1575373411178589,0.6552220582962036,0.18596161901950836
1790107860272436700,18.839436767578125,1.3020192384719849,1.2074322700500488,0.09204737097024918
1790107860282381800,18.8493818359375,1.2999306917190552,0.9395390152931213,0.3110646605491638
1790107860292326000,18.859325927734375,1.295234203338623,0.4403398334980011,0.5484359264373779
1790107860302270000,18.86927001953125,1.3322985172271729,0.16158996522426605,0.5457038283348083
1790107860312214000,18.879214111328125,1.3654855489730835,0.05551785230636597,0.2749421000480652
1790107860322158800,18.889158935546874,1.4276026487350464,0.3008687496185303,0.047509994357824326
1790107860332102700,18.8991025390625,1.5851664543151855,0.6061141490936279,0.09695557504892349
1790107860342047000,18.909046875,1.7494243383407593,0.6066036224365234,0.18743114173412323
1790107860351991800,18.91899169921875,1.865478515625,0.2113918662071228,0.25789573788642883
1790107860361936000,18.928935791015626,1.9048573970794678,-0.2189515233039856,0.2772670388221741
1790107860371880000,18.9388798828125,1.92843759059906,-0.2068469226360321,0.2201768457889557
1790107860381825000,18.948824951171876,1.9955707788467407,0.12085238844156265,0.1620866358280182
1790107860391768800,18.958768798828125,2.1043148040771484,0.46694374084472656,0.13261716067790985
1790107860401713000,18.968712890625,2.1976938247680664,0.44627389311790466,0.14376436173915863
1790107860411657700,18.97865771484375,2.2307651042938232,0.029084648936986923,0.18598239123821259
1790107860421601800,18.988601806640624,2.230185031890869,-0.344443678855896,0.23117277026176453
1790107860431545900,18.9985458984375,2.145355224609375,-0.3744039535522461,0.2785213887691498
1790107860441491000,19.008490966796874,2.006922721862793,-0.3287200927734375,0.21373625099658966
1790107860451434800,19.018434814453126,1.908141851425171,-0.3199329972267151,-0.10790489614009857
1790107860461378800,19.02837890625,1.7609082460403442,-0.3952237665653229,-0.38023442029953003
1790107860471323000,19.038322998046876,1.6208720207214355,-0.7074149250984192,-0.37851160764694214
1790107860481268000,19.04826806640625,1.5737210512161255,-0.9363839626312256,-0.12216825038194656
1790107860491211800,19.058211669921874,1.5666985511779785,-0.9859512448310852,0.09346789866685867
1790107860501155800,19.06815576171875,1.509577989578247,-0.6180264949798584,0.18027736246585846
1790107860511100700,19.0781005859375,1.4946753978729248,-0.041916292160749435,0.2748158574104309
1790107860521045000,19.088044921875,1.5734150409698486,0.6049721837043762,0.3334740996360779
1790107860530989000,19.097989013671874,1.5210154056549072,0.9337860345840454,0.13569045066833496
1790107860540934000,19.107933837890624,1.2561416625976562,0.7892954349517822,-0.002368082758039236
1790107860550877700,19.117877685546876,1.0237250328063965,0.08915464580059052,0.11860281229019165
1790107860560821800,19.12782177734375,0.9876289963722229,-0.30969738960266113,0.2828066647052765
1790107860570766800,19.137766845703126,1.0463002920150757,-0.12504872679710388,0.4365459084510803
1790107860580711000,19.1477109375,1.0302600860595703,-0.29467663168907166,0.40433016419410706
1790107860590655000,19.157655029296876,0.8895969986915588,-0.7896032929420471,0.20933431386947632
1790107860600599800,19.167599853515625,0.713028609752655,-1.0216386318206787,0.04328355938196182
1790107860610543900,19.1775439453125,0.5296263098716736,-0.47333720326423645,0.013331517577171326
1790107860620488000,19.187488037109375,0.3327910006046295,-0.17072246968746185,0.017181649804115295
1790107860630432000,19.197431884765624,0.21275781095027924,0.08021414279937744,0.13275325298309326
1790107860640376300,19.207376220703125,-0.02460920624434948,-0.09488896280527115,0.10564946383237839
1790107860650320400,19.2173203125,-0.29562845826148987,-0.5646082758903503,-0.059960007667541504
1790107860660264200,19.22726416015625,-0.4256402552127838,-0.39263916015625,-0.0843321904540062
1790107860670209300,19.237209228515624,-0.4641256034374237,0.6144890189170837,0.05560999736189842
1790107860680153300,19.2471533203125,-0.5904704928398132,0.7631794214248657,0.014552843756973743
1790107860690097400,19.257097412109374,-0.8189523816108704,0.07174289971590042,-0.16918742656707764
1790107860700042200,19.267042236328123,-1.0318329334259033,-0.8618825674057007,-0.3613014817237854
1790107860709986300,19.276986328125,-1.1008695363998413,-0.9465790390968323,-0.37886130809783936
1790107860719930400,19.286930419921877,-1.065316915512085,-0.1907086968421936,-0.20930208265781403
1790107860729875200,19.296875244140626,-1.0653355121612549,0.9057490825653076,-0.09988478571176529
1790107860739819300,19.3068193359375,-1.269839882850647,0.3236992359161377,-0.3311030864715576
1790107860749763300,19.316763427734376,-1.2922145128250122,-0.18557944893836975,-0.3926599323749542
1790107860759708400,19.32670849609375,-1.2247827053070068,-0.15256397426128387,-0.3298490047454834
1790107860769652500,19.336652587890626,-1.1474440097808838,-0.04291018098592758,-0.31743520498275757
1790107860779596300,19.34659619140625,-0.982758641242981,0.40397730469703674,-0.2652902603149414
1790107860789540400,19.356540283203124,-0.8673028945922852,0.53990238904953,-0.2829377055168152
1790107860799485200,19.366485107421877,-0.8267317414283752,-0.2355073243379593,-0.39760568737983704
1790107860809429500,19.376429443359374,-0.7441186308860779,-0.506218433380127,-0.31139329075813293
1790107860819373300,19.386373291015627,-0.7281721234321594,-0.43163102865219116,-0.22034434974193573
1790107860829318400,19.396318359375,-0.7715489268302917,-0.4561201333999634,-0.30136969685554504
1790107860839262200,19.40626220703125,-0.8272156715393066,-0.40230828523635864,-0.3776223957538605
1790107860849206300,19.416206298828126,-0.8846299648284912,0.03466237336397171,-0.2746736407279968
1790107860859151400,19.4261513671875,-0.909896969795227,0.7100937962532043,-0.05861377716064453
1790107860869095400,19.436095458984376,-0.9635010361671448,0.9167958498001099,-0.0033545177429914474
1790107860879039200,19.446039306640625,-1.0495930910110474,0.614250123500824,-0.17048491537570953
1790107860888984300,19.455984375,-1.2028720378875732,0.3020362854003906,-0.3916926681995392
1790107860898928400,19.465928466796875,-1.303067684173584,0.07427503168582916,-0.543122410774231
1790107860908872400,19.47587255859375,-1.345436692237854,-0.015023690648376942,-0.5640074610710144
1790107860918817300,19.4858173828125,-1.3650226593017578,-0.05475805327296257,-0.4775846600532532
1790107860928761300,19.49576123046875,-1.4238004684448242,0.05783267319202423,-0.33488690853118896
1790107860938705200,19.505705078125,-1.569364070892334,0.002916161436587572,-0.3007523715496063
1790107860948649500,19.5156494140625,-1.6723815202713013,-0.14848028123378754,-0.405599445104599
1790107860958594300,19.52559423828125,-1.6226999759674072,-0.319790780544281,-0.5496663451194763
1790107860968538400,19.535538330078126,-1.5270211696624756,-0.442215234041214,-0.6029111742973328
1790107860978482200,19.545482177734375,-1.4582812786102295,-0.48078233003616333,-0.5753778219223022
1790107860988427500,19.555427490234376,-1.4198821783065796,-0.307536244392395,-0.5330607295036316
1790107860998371300,19.565371337890625,-1.4683916568756104,-0.09396244585514069,-0.4513016641139984
1790107861008315400,19.5753154296875,-1.5668199062347412,0.041185520589351654,-0.3928455412387848
1790107861018260200,19.58526025390625,-1.6317601203918457,0.13349413871765137,-0.3943486511707306
1790107861028204300,19.595204345703124,-1.647284746170044,0.028172781690955162,-0.35392770171165466
1790107861038148400,19.6051484375,-1.6414878368377686,-0.21551524102687836,-0.2738634943962097
1790107861048093400,19.615093505859374,-1.614717960357666,-0.4067363440990448,-0.19257983565330505
1790107861058037200,19.625037353515626,-1.585355281829834,-0.4628315567970276,-0.13600817322731018
1790107861067981300,19.634981201171875,-1.524828553199768,-0.4402966797351837,-0.12537869811058044
1790107861077926400,19.644926513671876,-1.4360387325286865,-0.30636391043663025,-0.11626056581735611
1790107861087870500,19.654870361328125,-1.401998519897461,-0.09502504765987396,-0.17056161165237427
1790107861097814300,19.664814208984374,-1.4064310789108276,-0.013558685779571533,-0.16244296729564667
1790107861107758300,19.67475830078125,-1.4307337999343872,-0.08115290850400925,-0.11119470000267029
1790107861117703200,19.684703125,-1.389064073562622,-0.37780827283859253,-0.091407410800457
1790107861127647500,19.6946474609375,-1.254747748374939,-0.6593640446662903,-0.012052934616804123
1790107861137591300,19.70459130859375,-1.0211869478225708,-0.9117851257324219,0.12667325139045715
1790107861147536400,19.714536376953124,-0.7878373265266418,-1.0957012176513672,0.1933412253856659
1790107861157480200,19.724480224609376,-0.6885291337966919,-1.0537981986999512,0.16151300072669983
1790107861167424300,19.73442431640625,-0.6003249883651733,-0.7399875521659851,0.11917752027511597
1790107861177369300,19.744369384765626,-0.4666329622268677,-0.3137528598308563,0.14229802787303925
1790107861187313400,19.7543134765625,-0.29675018787384033,0.16040486097335815,0.2377992421388626
1790107861197257200,19.76425732421875,-0.11709626019001007,0.43362998962402344,0.34062284231185913
1790107861207202300,19.774202392578125,-0.0158319603651762,0.4687972962856293,0.4067201018333435
1790107861217146400,19.784146484375,0.08607203513383865,0.5920161604881287,0.45431768894195557
1790107861227090400,19.79409033203125,0.22659932076931,0.675136923789978,0.5910593271255493
1790107861237035300,19.80403515625,0.35288161039352417,0.7647922039031982,0.7015892863273621
1790107861246979300,19.813979248046873,0.47570207715034485,0.7862913608551025,0.7224940061569214
1790107861256923100,19.823923095703126,0.6224425435066223,0.7999131679534912,0.6594908237457275
1790107861266868500,19.833868408203124,0.7726461291313171,0.8337259888648987,0.5529252290725708
1790107861276812300,19.843812255859376,0.8937270045280457,0.8452364802360535,0.4517109990119934
1790107861286756400,19.85375634765625,0.9779758453369141,0.7863491773605347,0.4323575496673584
1790107861296700200,19.8637001953125,1.056795358657837,0.7333863377571106,0.4626898765563965
1790107861306645500,19.8736455078125,1.1383799314498901,0.6010666489601135,0.5387638807296753
1790107861316589300,19.88358935546875,1.2326669692993164,0.4549912214279175,0.581002950668335
1790107861326533400,19.893533447265625,1.3482530117034912,0.40326276421546936,0.530872106552124
1790107861336478200,19.903478271484374,1.4570047855377197,0.401908814907074,0.3971172571182251
1790107861346422300,19.91342236328125,1.5488790273666382,0.3886934220790863,0.3259008824825287
1790107861356366300,19.923366455078124,1.648956060409546,0.3793928623199463,0.3210430145263672
1790107861366311400,19.9333115234375,1.7260026931762695,0.3980264663696289,0.325875848531723
1790107861376255200,19.943255126953126,1.7691570520401,0.3411032557487488,0.3568686544895172
1790107861386199300,19.95319921875,1.8079560995101929,0.32147255539894104,0.41103360056877136
1790107861396144400,19.963144287109376,1.8723337650299072,0.4110082983970642,0.41172683238983154
1790107861406088400,19.97308837890625,1.9446401596069336,0.44094276428222656,0.36900413036346436
1790107861416032300,19.9830322265625,2.0088870525360107,0.1629316657781601,0.3147297203540802
1790107861425977300,19.992977294921875,2.0747110843658447,-0.15899044275283813,0.28402426838874817
1790107861435921200,20.002921142578124,2.161409854888916,-0.3231857717037201,0.28027185797691345
1790107861445865500,20.012865478515625,2.265636444091797,-0.37876543402671814,0.2562573552131653
1790107861455809300,20.022809326171874,2.3387222290039062,-0.3821638822555542,0.22350339591503143
1790107861465754400,20.03275439453125,2.3978588581085205,-0.41314175724983215,0.21547183394432068
1790107861475698200,20.0426982421875,2.3522684574127197,-0.4529626965522766,0.281127005815506
1790107861485642200,20.052642333984377,2.155463933944702,-0.8312250375747681,0.3225831091403961
1790107861495587300,20.06258740234375,1.8667547702789307,-1.2658965587615967,0.3154149353504181
1790107861505531400,20.072531494140627,1.6449065208435059,-1.3959078788757324,0.26386547088623047
1790107861515475200,20.08247509765625,1.6393144130706787,-1.3698616027832031,0.2832580804824829
1790107861525420300,20.092420166015625,1.589257836341858,-1.1388903856277466,0.4359496235847473
1790107861535364400,20.1023642578125,1.5066282749176025,-0.7422269582748413,0.554030179977417
1790107861545308400,20.112308349609375,1.4353655576705933,-0.4366132616996765,0.5496905446052551
1790107861555253200,20.122253173828124,1.3190010786056519,0.013245497830212116,0.43278178572654724
1790107861565197300,20.132197265625,1.1285382509231567,0.5806740522384644,0.33453112840652466
1790107861575141000,20.14214111328125,0.9958123564720154,0.8148695230484009,0.32415011525154114
1790107861585086500,20.15208642578125,0.9558777213096619,0.40395012497901917,0.3524179756641388
1790107861595030300,20.1620302734375,0.955409586429596,-0.4557848274707794,0.48171868920326233
1790107861604974300,20.171974365234377,0.9775476455688477,-0.7126855850219727,0.6481971740722656
1790107861614918100,20.181918212890626,1.0211718082427979,-0.43008771538734436,0.8145448565483093
1790107861624863500,20.191863525390627,0.943161129951477,-0.4919835925102234,0.7452493906021118
1790107861634807300,20.201807373046876,0.7823858261108398,-0.7442139983177185,0.5516809821128845
1790107861644751400,20.21175146484375,0.5906965732574463,-0.4934520423412323,0.4274485409259796
1790107861654696200,20.2216962890625,0.40669000148773193,-0.09461891651153564,0.34708765149116516
1790107861664640300,20.23164013671875,0.21702098846435547,0.012015650048851967,0.2810814678668976
1790107861674584300,20.241584228515624,-0.020660536363720894,-0.2265508472919464,0.16343367099761963
1790107861684529400,20.251529296875,-0.20889942348003387,-0.3321816623210907,0.048061802983284
1790107861694473200,20.26147314453125,-0.2865276336669922,0.10276073217391968,0.05456310883164406
1790107861704417300,20.271417236328126,-0.35806572437286377,0.5170000195503235,0.034445326775312424
1790107861714362400,20.2813623046875,-0.5178897380828857,0.04061879962682724,-0.14314784109592438
1790107861724306400,20.291306396484377,-0.6559677124023438,-0.33667415380477905,-0.21985645592212677
1790107861734250200,20.301250244140626,-0.757187008857727,-0.4572857916355133,-0.1813463568687439
1790107861744195300,20.3111953125,-0.8417370915412903,-0.12262951582670212,-0.10847321152687073
1790107861754139100,20.32113916015625,-0.8933445811271667,0.5895892381668091,-0.03762460872530937
1790107861764083500,20.33108349609375,-1.059049129486084,0.273128479719162,-0.1923726350069046
1790107861774028300,20.3410283203125,-1.128462553024292,-0.043224968016147614,-0.27023041248321533
1790107861783972400,20.350972412109375,-1.1251837015151978,-0.09121779352426529,-0.24897919595241547
1790107861793916200,20.360916259765624,-1.0842450857162476,-0.051895420998334885,-0.21198736131191254
1790107861803860200,20.370860107421876,-0.9731001257896423,0.33310073614120483,-0.10529233515262604
1790107861813805300,20.380805419921874,-0.9542620182037354,0.3388398289680481,-0.11534842848777771
1790107861823749400,20.390749267578126,-0.9546912908554077,0.0404835119843483,-0.22036007046699524
1790107861833693200,20.400693115234375,-0.9616714715957642,-0.019710587337613106,-0.2759269177913666
1790107861843638300,20.41063818359375,-0.9894956350326538,-0.13710299134254456,-0.339368999004364
1790107861853582300,20.420582275390625,-1.009140968322754,-0.10272318124771118,-0.38556793332099915
1790107861863526400,20.4305263671875,-0.9830100536346436,0.027830565348267555,-0.40675070881843567
1790107861873471200,20.44047119140625,-0.9080796241760254,0.29677680134773254,-0.3652985990047455
1790107861883415300,20.450415283203125,-0.8044621348381042,0.45372194051742554,-0.2888405919075012
1790107861893359000,20.460359130859374,-0.7351142168045044,0.4294818639755249,-0.2543931305408478
1790107861903304400,20.470304443359375,-0.7450528740882874,0.4295726716518402,-0.2919069528579712
1790107861913248300,20.480248291015624,-0.8458380699157715,0.46402251720428467,-0.3178919553756714
1790107861923192300,20.4901923828125,-0.987697184085846,0.5066655874252319,-0.274214506149292
1790107861933137200,20.50013720703125,-1.116263747215271,0.5357441306114197,-0.20548072457313538
1790107861943081500,20.51008154296875,-1.2031943798065186,0.4881856441497803,-0.2137242704629898
1790107861953025300,20.520025390625,-1.289840579032898,0.476995587348938,-0.2750616669654846
1790107861962970400,20.529970458984376,-1.3975502252578735,0.45965680480003357,-0.4290224611759186
1790107861972914200,20.5399140625,-1.497098684310913,0.45094189047813416,-0.5501968264579773
1790107861982858200,20.549858154296874,-1.5639551877975464,0.3207945227622986,-0.5737738013267517
1790107861992802300,20.55980224609375,-1.6059833765029907,0.14426690340042114,-0.5280734300613403
1790107862002747400,20.569747314453124,-1.6258169412612915,-0.08882761001586914,-0.4945482015609741
1790107862012691200,20.579691162109373,-1.6406697034835815,-0.3146596848964691,-0.4708559215068817
1790107862022635300,20.58963525390625,-1.6496917009353638,-0.28841128945350647,-0.4209054112434387
1790107862032580400,20.599580322265624,-1.6291472911834717,-0.19705207645893097,-0.3959883451461792
1790107862042524400,20.6095244140625,-1.5814095735549927,-0.194395050406456,-0.47024285793304443
1790107862052468200,20.61946826171875,-1.561368703842163,-0.15308383107185364,-0.5670083165168762
1790107862062413300,20.629413330078126,-1.629420518875122,-0.19223283231258392,-0.5922207236289978
1790107862072357000,20.639357177734375,-1.685093641281128,-0.24455328285694122,-0.52840656042099
1790107862082301400,20.649301513671876,-1.6696245670318604,-0.2731170356273651,-0.4297889173030853
1790107862092246300,20.659246337890625,-1.6017075777053833,-0.33413270115852356,-0.34354138374328613
1790107862102190300,20.6691904296875,-1.5688239336013794,-0.38011032342910767,-0.4051669239997864
1790107862112134100,20.679134033203123,-1.5340840816497803,-0.3702230751514435,-0.47551965713500977
1790107862122079500,20.68907958984375,-1.494274616241455,-0.2813107669353485,-0.46885350346565247
1790107862132023300,20.699023193359373,-1.4389146566390991,-0.16892670094966888,-0.41989341378211975
1790107862141967400,20.70896728515625,-1.3805720806121826,-0.13337163627147675,-0.2772608995437622
1790107862151912200,20.718912109375,-1.3152865171432495,-0.27711841464042664,-0.134063258767128
1790107862161856500,20.7288564453125,-1.2141636610031128,-0.46705082058906555,-0.027653997763991356
1790107862171800300,20.73880029296875,-1.0726288557052612,-0.5232890248298645,0.02598526142537594
1790107862181745400,20.748745361328126,-0.9477830529212952,-0.33248475193977356,-0.008584433235228062
1790107862191689200,20.758689208984375,-0.7817350029945374,-0.17037120461463928,-0.06252969056367874
1790107862201633300,20.76863330078125,-0.6468580961227417,-0.23974041640758514,-0.05801429972052574
1790107862211577000,20.7785771484375,-0.45483702421188354,-0.11313854157924652,-0.04060548171401024
1790107862221522400,20.7885224609375,-0.3058379590511322,0.1029849722981453,0.041971683502197266
1790107862231466200,20.79846630859375,-0.20356883108615875,0.31263166666030884,0.14758999645709991
1790107862241410300,20.808410400390624,-0.15157727897167206,0.34305164217948914,0.239450141787529
1790107862251355400,20.81835546875,-0.04719707369804382,0.5306313633918762,0.22459369897842407
1790107862261299500,20.828299560546874,0.0740894079208374,0.6682648658752441,0.17878839373588562
1790107862271243300,20.8382431640625,0.22003835439682007,0.5527989864349365,0.2235473394393921
1790107862281188400,20.848188232421876,0.3659151494503021,0.3299448788166046,0.2430989295244217
1790107862291132200,20.858132080078125,0.540127158164978,0.3642677068710327,0.1428447663784027
1790107862301076500,20.868076416015626,0.68844074010849,0.4941096007823944,0.05113508924841881
1790107862311021300,20.878021240234375,0.8246288895606995,0.4404873847961426,0.1003979742527008
1790107862320965400,20.88796533203125,0.9578375816345215,0.35260865092277527,0.1744450330734253
1790107862330909200,20.8979091796875,1.0953969955444336,0.2920321226119995,0.22203385829925537
1790107862340854500,20.9078544921875,1.2408980131149292,0.25393134355545044,0.20439282059669495
1790107862350798300,20.91779833984375,1.3802388906478882,0.2148214876651764,0.2031286209821701
1790107862360742400,20.927742431640624,1.5094032287597656,0.2151796817779541,0.2296752780675888
1790107862370686200,20.937686279296877,1.6036914587020874,0.31665170192718506,0.28646320104599
1790107862380631300,20.94763134765625,1.667022943496704,0.42438802123069763,0.3486842215061188
1790107862390575400,20.957575439453127,1.696241855621338,0.33777403831481934,0.39580726623535156
1790107862400519400,20.96751953125,1.70961594581604,0.17856521904468536,0.43234530091285706
1790107862410464300,20.97746435546875,1.7451881170272827,0.18866579234600067,0.44322669506073
1790107862420408300,20.987408203125,1.8236138820648193,0.279668390750885,0.4317423403263092
1790107862430352100,20.99735205078125,1.9157541990280151,0.19561104476451874,0.4202001988887787
1790107862440297500,21.00729736328125,2.0529232025146484,0.057077135890722275,0.465493381023407
1790107862450241300,21.0172412109375,2.190354585647583,-0.16211487352848053,0.5515827536582947
1790107862460185300,21.027185302734374,2.3067352771759033,-0.360435426235199,0.6182296872138977
1790107862470130200,21.037130126953127,2.389270067214966,-0.4232098460197449,0.6312687993049622
1790107862480074500,21.047074462890624,2.4397079944610596,-0.2792105972766876,0.6231184601783752
1790107862490018300,21.057018310546876,2.4566643238067627,-0.17820116877555847,0.6400780081748962
1790107862499963400,21.06696337890625,2.353731632232666,-0.3902827799320221,0.6035532355308533
1790107862509907200,21.0769072265625,2.0002992153167725,-0.766608476638794,0.47823500633239746
1790107862519851300,21.086851318359376,1.5634582042694092,-1.1368153095245361,0.3342868983745575
1790107862529796400,21.09679638671875,1.3966457843780518,-1.3278577327728271,0.32901570200920105
1790107862539740400,21.106740478515626,1.4402955770492554,-1.35006582736969,0.44170284271240234
1790107862549684200,21.116684326171875,1.4868580102920532,-1.1454490423202515,0.5073273777961731
1790107862559628300,21.126628173828124,1.4289898872375488,-0.8718329071998596,0.48765090107917786
1790107862569573400,21.136573486328125,1.3290324211120605,-0.676189124584198,0.5349414348602295
1790107862579517400,21.146517333984374,1.2389181852340698,-0.1362374722957611,0.5509099960327148
1790107862589461200,21.156461181640626,1.1424510478973389,0.3933318555355072,0.47042688727378845
1790107862599406300,21.16640625,1.0694456100463867,0.47517824172973633,0.3849719166755676
1790107862609350100,21.17635009765625,1.0475029945373535,-0.10808412730693817,0.3122958540916443
1790107862619294500,21.18629443359375,1.035299301147461,-0.8607634902000427,0.27273884415626526
1790107862629239300,21.1962392578125,0.9590131044387817,-1.0659453868865967,0.31880754232406616
1790107862639182800,21.206182861328124,0.9018137454986572,-0.539911687374115,0.4700857400894165
1790107862649126700,21.216126708984376,0.8887322545051575,-0.2661249041557312,0.48104384541511536
1790107862659071700,21.22607177734375,0.6861650347709656,-1.0532341003417969,0.30431756377220154
1790107862669015600,21.236015625,0.50360506772995,-1.1710960865020752,0.1839008629322052
1790107862678959900,21.2459599609375,0.4037967324256897,-0.6331947445869446,0.1292557269334793
1790107862688904700,21.25590478515625,0.26099857687950134,-0.1011151671409607,0.0777035802602768
1790107862698848800,21.265848876953125,0.0278534684330225,-0.35479405522346497,-0.03496197983622551
1790107862708792600,21.27579248046875,-0.18145528435707092,-0.5281527638435364,-0.062426626682281494
1790107862718738000,21.285738037109375,-0.2349613755941391,0.3357143700122833,0.07295543700456619
1790107862728681700,21.295681640625,-0.3618873655796051,0.6158770322799683,0.051476508378982544
1790107862738625800,21.305625732421873,-0.5239441990852356,0.46663641929626465,-0.04644286632537842
1790107862748570600,21.315570556640626,-0.6741267442703247,0.6012781262397766,-0.029821012169122696
1790107862758514700,21.3255146484375,-0.8946998715400696,0.39725440740585327,-0.049727343022823334
1790107862768458800,21.335458740234376,-1.1261168718338013,-0.13773949444293976,-0.14992132782936096
1790107862778402800,21.34540283203125,-1.156090497970581,0.38161420822143555,-0.0343790128827095
1790107862788347600,21.35534765625,-1.2017109394073486,0.7931146621704102,0.05950034409761429
1790107862798291700,21.365291748046875,-1.261757731437683,0.9610211253166199,0.062137141823768616
1790107862808235500,21.375235595703124,-1.4116370677947998,0.5237071514129639,-0.05703878402709961
1790107862818180900,21.385180908203125,-1.4967124462127686,-0.18460047245025635,-0.1178603246808052
1790107862828124700,21.395124755859374,-1.4709181785583496,-0.4388820230960846,-0.05571572482585907
1790107862838068700,21.40506884765625,-1.3507928848266602,-0.18735258281230927,0.03581845015287399
1790107862848013600,21.415013671875,-1.1456021070480347,0.11632315069437027,0.07716988772153854
1790107862857958000,21.4249580078125,-0.9658589959144592,0.17127853631973267,0.0323675274848938
1790107862867901700,21.434901611328126,-0.8702054619789124,0.11647654324769974,-0.06789356470108032
1790107862877846800,21.4448466796875,-0.8650282621383667,-0.08561130613088608,-0.22495561838150024
1790107862887790600,21.45479052734375,-0.8953710198402405,-0.30673569440841675,-0.3482418656349182
1790107862897734700,21.464734619140625,-0.9142075181007385,-0.4792315661907196,-0.3841937482357025
1790107862907679700,21.4746796875,-0.8793917894363403,-0.7507120966911316,-0.4241962730884552
1790107862917623800,21.484623779296875,-0.8051758408546448,-0.7520937323570251,-0.4070820212364197
1790107862927567600,21.494567626953124,-0.7676268815994263,-0.16060273349285126,-0.32495546340942383
1790107862937512700,21.5045126953125,-0.7943386435508728,0.46028050780296326,-0.240870401263237
1790107862947456800,21.514456787109374,-0.8768066167831421,0.9433233141899109,-0.1661466360092163
1790107862957400800,21.52440087890625,-0.9624930620193481,1.1552822589874268,-0.10787719488143921
1790107862967345700,21.534345703125,-1.0293176174163818,0.8862099647521973,-0.1348331868648529
1790107862977289700,21.544289794921873,-1.102675199508667,0.3364991843700409,-0.19564247131347656
1790107862987233500,21.554233642578126,-1.1877455711364746,-0.12295574694871902,-0.2649424374103546
1790107862997177900,21.564177734375,-1.2042217254638672,-0.3181881010532379,-0.4200015366077423
1790107863007122700,21.574122802734376,-1.1633976697921753,-0.3079719543457031,-0.581376314163208
1790107863017066800,21.584066650390625,-1.1199984550476074,-0.12867222726345062,-0.663638710975647
1790107863027010600,21.594010498046874,-0.9935145974159241,0.19765369594097137,-0.7073856592178345
1790107863036956000,21.603955810546875,-0.8716185092926025,0.579130232334137,-0.6511247754096985
1790107863046899700,21.613899658203124,-0.8155304789543152,0.839898943901062,-0.45543810725212097
1790107863056843800,21.62384375,-0.8543490171432495,0.874052107334137,-0.12775956094264984
1790107863066788600,21.63378857421875,-0.960946798324585,0.589828372001648,0.1496821641921997
1790107863076732700,21.643732666015627,-1.1117703914642334,0.24409975111484528,0.2264121025800705
1790107863086676700,21.6536767578125,-1.2415579557418823,-0.09785386174917221,0.1178203746676445
1790107863096621800,21.663621826171877,-1.3658500909805298,-0.3592662811279297,-0.09172246605157852
1790107863106565600,21.673565673828126,-1.4587912559509277,-0.4243105351924896,-0.319118857383728
1790107863116509700,21.683509765625,-1.5648702383041382,-0.38029780983924866,-0.47274279594421387
1790107863126454800,21.693454833984376,-1.671711802482605,-0.31834283471107483,-0.4885055124759674
1790107863136398800,21.70339892578125,-1.7359349727630615,-0.3586910367012024,-0.37337198853492737
1790107863146342700,21.7133427734375,-1.7059544324874878,-0.433060884475708,-0.24304567277431488
1790107863156287700,21.723287841796875,-1.5875740051269531,-0.5275423526763916,-0.18435066938400269
1790107863166231800,21.733231689453124,-1.3817113637924194,-0.5704885125160217,-0.1881462037563324
1790107863176175900,21.74317578125,-1.191685438156128,-0.5219619870185852,-0.1474911868572235
1790107863186120700,21.75312060546875,-1.11335289478302,-0.33933305740356445,-0.04869110509753227
1790107863196064800,21.763064697265627,-1.1612604856491089,-0.14032621681690216,0.0003962783666793257
1790107863206008600,21.773008544921876,-1.2017465829849243,-0.1805785596370697,0.10841329395771027
1790107863215954000,21.782953857421877,-1.1607190370559692,-0.3025779724121094,0.32778558135032654
1790107863225897700,21.792897705078126,-1.016965627670288,-0.30868300795555115,0.3766261041164398
1790107863235841800,21.802841796875,-0.8657127022743225,-0.27119502425193787,0.19290579855442047
1790107863245785600,21.81278564453125,-0.7699680924415588,-0.3073335886001587,0.028811674565076828
1790107863255731000,21.82273095703125,-0.6098417639732361,-0.40570196509361267,0.10148747265338898
1790107863265674800,21.8326748046875,-0.3836248815059662,-0.4139883816242218,0.32295674085617065
1790107863275618800,21.842618896484375,-0.15987728536128998,-0.19886089861392975,0.4916275143623352
1790107863285563600,21.852563720703124,0.09066199511289597,0.34100472927093506,0.46163153648376465
1790107863295507700,21.8625078125,0.28846055269241333,0.8921842575073242,0.34245213866233826
1790107863305451800,21.87245166015625,0.44658735394477844,1.082930564880371,0.3169175088405609
1790107863315396900,21.88239697265625,0.6201274394989014,1.0495972633361816,0.3600684404373169
1790107863325340700,21.892340576171875,0.846924901008606,0.9771987795829773,0.3700483739376068
1790107863335284700,21.90228466796875,1.0849782228469849,0.8212283253669739,0.3591400384902954
1790107863345229800,21.912229736328126,1.3148753643035889,0.5977446436882019,0.3524264991283417
1790107863355174000,21.922173828125,1.542922854423523,0.4200204610824585,0.30553701519966125
1790107863365117700,21.93211767578125,1.7213373184204102,0.3458111882209778,0.2494838684797287
1790107863375062800,21.942062744140625,1.8232394456863403,0.33531540632247925,0.23067688941955566
1790107863385006600,21.952006591796874,1.901856780052185,0.3280401825904846,0.24907267093658447
1790107863394951000,21.961950927734375,1.9406499862670898,0.3217271566390991,0.3132002651691437
1790107863404895700,21.971895751953124,1.9817255735397339,0.30966436862945557,0.36920228600502014
1790107863414839800,21.98183984375,2.0080854892730713,0.38628724217414856,0.37109845876693726
1790107863424783600,21.99178369140625,2.0299596786499023,0.4967266917228699,0.33378568291664124
1790107863434729000,22.00172900390625,2.0465102195739746,0.5672503709793091,0.30624276399612427
1790107863444672800,22.0116728515625,2.0541720390319824,0.578615128993988,0.32211706042289734
1790107863454616800,22.021616943359376,2.08612060546875,0.46808570623397827,0.35550668835639954
1790107863464560600,22.031560546875,2.094027280807495,0.39201197028160095,0.41039392352104187
1790107863474505700,22.041505615234374,2.1399762630462646,0.3352690637111664,0.40405774116516113
1790107863484449800,22.05144970703125,2.219644546508789,0.152686208486557,0.3765336871147156
1790107863494393900,22.061393798828124,2.2532105445861816,-0.16604383289813995,0.38144856691360474
1790107863504338700,22.071338623046874,2.232717275619507,-0.4539235532283783,0.39494118094444275
1790107863514282800,22.08128271484375,2.166578769683838,-0.7403672933578491,0.38147038221359253
1790107863524226600,22.0912265625,2.008439064025879,-1.124056339263916,0.32543107867240906
1790107863534172000,22.101171875,1.6981498003005981,-1.4226154088974,0.25596627593040466
1790107863544115700,22.11111572265625,1.4089584350585938,-1.532740592956543,0.24370400607585907
1790107863554059800,22.121059814453126,1.3056524991989136,-1.4400074481964111,0.2959131598472595
1790107863564004600,22.131004638671875,1.3176015615463257,-1.2977285385131836,0.36935698986053467
1790107863573949000,22.140948974609376,1.3419322967529297,-1.2201725244522095,0.4264935255050659
1790107863583892700,22.150892822265625,1.2999712228775024,-0.9849717020988464,0.4542527198791504
1790107863593837800,22.160837890625,1.1204328536987305,-0.3434731960296631,0.44848936796188354
1790107863603781600,22.17078173828125,0.9445134997367859,0.5233337879180908,0.4172544777393341
1790107863613725700,22.1807255859375,0.9282897710800171,1.0803749561309814,0.3870989978313446
1790107863623670800,22.1906708984375,0.9719632267951965,0.9812843203544617,0.3283536434173584
1790107863633615000,22.200614990234374,1.0065592527389526,0.1090141013264656,0.24338363111019135
1790107863643559200,22.21055908203125,1.0346945524215698,-0.6966067552566528,0.3120247423648834
1790107863653504300,22.220504150390624,1.101277232170105,-0.7191948890686035,0.49930116534233093
1790107863663448000,22.230447998046873,1.1184200048446655,-0.4720522165298462,0.5419359803199768
1790107863673392000,22.24039208984375,0.950776219367981,-0.49131032824516296,0.4054116904735565
1790107863683337200,22.250337158203124,0.7495783567428589,-0.4217509627342224,0.24747557938098907
1790107863693281300,22.26028125,0.5187821984291077,-0.3995082378387451,0.10072341561317444
1790107863703225000,22.27022509765625,0.3105035424232483,-0.20893031358718872,0.027831364423036575
1790107863713169200,22.280169189453126,0.11144822835922241,0.09117704629898071,0.020198479294776917
1790107863723114000,22.290114013671875,-0.09412037581205368,0.11865900456905365,-0.0060171461664140224
1790107863733058300,22.300058349609376,-0.274214506149292,-0.03013739548623562,-0.060081977397203445
1790107863743002000,22.310002197265625,-0.39186444878578186,0.0009800433181226254,-0.0863705724477768
1790107863752947200,22.319947265625,-0.5200618505477905,0.1546982377767563,-0.11579158157110214
1790107863762891000,22.32989111328125,-0.684272050857544,0.057371947914361954,-0.20228013396263123
1790107863772835000,22.3398349609375,-0.8032333254814148,0.10070210695266724,-0.22584351897239685
1790107863782780200,22.3497802734375,-0.947568416595459,0.0737684965133667,-0.24061580002307892
1790107863792724200,22.35972412109375,-1.0587857961654663,0.038899727165699005,-0.25648051500320435
1790107863802668000,22.36966796875,-1.12143874168396,0.174950510263443,-0.23983469605445862
1790107863812613000,22.379613037109376,-1.1738966703414917,0.35711097717285156,-0.21084432303905487
1790107863822557200,22.38955712890625,-1.2437033653259277,0.2693595588207245,-0.22845607995986938
1790107863832501200,22.399501220703126,-1.2738533020019531,0.10479378700256348,-0.239002987742424
1790107863842446000,22.409446044921875,-1.2495381832122803,0.07619303464889526,-0.20911753177642822
1790107863852390100,22.41939013671875,-1.1683449745178223,0.21708783507347107,-0.1472296565771103
1790107863862334000,22.429333984375,-1.080057978630066,0.25193849205970764,-0.13527606427669525
1790107863872279000,22.439279052734374,-1.0095583200454712,0.1568644493818283,-0.19277158379554749
1790107863882223000,22.44922314453125,-0.9185264110565186,0.06727917492389679,-0.25406768918037415
1790107863892167200,22.459167236328124,-0.8408723473548889,0.06552388519048691,-0.2743396759033203
1790107863902112300,22.4691123046875,-0.7744024991989136,0.08693622797727585,-0.2618134915828705
1790107863912056300,22.479056396484374,-0.7051206231117249,0.09970396012067795,-0.20320585370063782
1790107863922000100,22.489000244140627,-0.6429927945137024,0.1109699234366417,-0.12546470761299133
1790107863931944200,22.498944091796876,-0.6353452801704407,0.14143969118595123,-0.1056465357542038
1790107863941889000,22.508888916015625,-0.6924421191215515,0.13051220774650574,-0.18173757195472717
1790107863951833000,22.5188330078125,-0.817410409450531,0.1929076761007309,-0.2946563959121704
1790107863961778200,22.528778076171875,-0.9571832418441772,0.31079089641571045,-0.39792314171791077
1790107863971722200,22.53872216796875,-1.096996784210205,0.42393821477890015,-0.4397105276584625
1790107863981666000,22.548666015625,-1.2478790283203125,0.5351625084877014,-0.4214644134044647
1790107863991610000,22.558610107421874,-1.3528645038604736,0.5745623707771301,-0.3843463361263275
1790107864001555200,22.56855517578125,-1.4383271932601929,0.4589555859565735,-0.3586135506629944
1790107864011499300,22.578499267578124,-1.5684889554977417,0.25670528411865234,-0.34867995977401733
1790107864021443000,22.588443115234377,-1.6562843322753906,0.06337151676416397,-0.43054285645484924
1790107864031388200,22.59838818359375,-1.668900728225708,-0.1046995148062706,-0.5646654963493347
1790107864041332200,22.608332275390627,-1.63116455078125,-0.2425907999277115,-0.6649910807609558
1790107864051276300,22.6182763671875,-1.6059085130691528,-0.2977624535560608,-0.6802834272384644
1790107864061221000,22.62822119140625,-1.576324462890625,-0.2661738991737366,-0.6198393106460571
1790107864071165200,22.638165283203126,-1.5389128923416138,-0.20184017717838287,-0.5614446997642517
1790107864081109000,22.64810888671875,-1.4788541793823242,-0.20182526111602783,-0.546552300453186
1790107864091054000,22.65805419921875,-1.4335601329803467,-0.18627719581127167,-0.5501574277877808
1790107864100998100,22.667998046875,-1.4320008754730225,-0.23611798882484436,-0.5193536877632141
1790107864110942200,22.677942138671874,-1.476945161819458,-0.2715049982070923,-0.45968902111053467
1790107864120887000,22.687886962890627,-1.560046672821045,-0.32884499430656433,-0.4650459885597229
1790107864130831400,22.697831298828124,-1.5645544528961182,-0.41936370730400085,-0.4718913733959198
1790107864140775200,22.707775146484376,-1.5921939611434937,-0.4689094126224518,-0.4960760772228241
1790107864150720000,22.717719970703126,-1.6071995496749878,-0.4051293730735779,-0.47990402579307556
1790107864160664000,22.7276640625,-1.5793184041976929,-0.29244837164878845,-0.3930317163467407
1790107864170608000,22.737608154296876,-1.529474139213562,-0.2103729397058487,-0.2817286252975464
1790107864180553200,22.74755322265625,-1.4449774026870728,-0.25244104862213135,-0.18577519059181213
1790107864190497300,22.757497314453126,-1.3347361087799072,-0.43258339166641235,-0.1554359346628189
1790107864200441000,22.767441162109375,-1.2052276134490967,-0.684630811214447,-0.12676912546157837
1790107864210386000,22.777385986328124,-1.0327062606811523,-0.8828075528144836,-0.04926848039031029
1790107864220330200,22.787330322265625,-0.8600601553916931,-0.806492269039154,0.057924285531044006
1790107864230274300,22.7972744140625,-0.7258285880088806,-0.48960965871810913,0.13408802449703217
1790107864240218000,22.807218017578126,-0.5736867189407349,-0.049606166779994965,0.1796794831752777
1790107864250163200,22.8171630859375,-0.39176031947135925,0.22312575578689575,0.27446404099464417
1790107864260107000,22.82710693359375,-0.24810807406902313,0.3147464990615845,0.3828219473361969
1790107864270051300,22.83705126953125,-0.09333021193742752,0.3443147540092468,0.4051554799079895
1790107864279996200,22.84699609375,0.05193297192454338,0.2742161154747009,0.4396953582763672
1790107864289940200,22.856940185546875,0.18251122534275055,0.31547725200653076,0.47601979970932007
1790107864299884000,22.866884033203124,0.35772138833999634,0.47403067350387573,0.5491930842399597
1790107864309829000,22.8768291015625,0.5557202100753784,0.6999277472496033,0.5886688232421875
1790107864319773200,22.886773193359375,0.7499086260795593,0.91580730676651,0.5327509641647339
1790107864329717200,22.89671728515625,0.9213136434555054,0.9538521766662598,0.4793524742126465
1790107864339662000,22.906662109375,1.0674469470977783,0.8505499958992004,0.48229607939720154
1790107864349606100,22.916606201171874,1.1973921060562134,0.7545534372329712,0.49345603585243225
1790107864359550200,22.92655029296875,1.3067396879196167,0.6898053288459778,0.4837477505207062
1790107864369495000,22.9364951171875,1.4035670757293701,0.5669388175010681,0.45515793561935425
1790107864379439000,22.946439208984376,1.4763944149017334,0.4206092655658722,0.42691537737846375
1790107864389383200,22.956383056640625,1.5429439544677734,0.35022059082984924,0.38542813062667847
1790107864399328300,22.966328369140626,1.6037609577178955,0.4047006070613861,0.3456956148147583
1790107864409272300,22.976272216796875,1.6320916414260864,0.45590654015541077,0.32980185747146606
1790107864419216100,22.986216064453124,1.6428273916244507,0.4645612835884094,0.36224716901779175
1790107864429161000,22.996160888671874,1.6626253128051758,0.45964962244033813,0.4073869585990906
1790107864439105000,23.00610498046875,1.7140672206878662,0.4964473247528076,0.4290453791618347
1790107864449049300,23.01604931640625,1.8049023151397705,0.5342572927474976,0.38896533846855164
1790107864458994200,23.025994140625,1.8853651285171509,0.4627689719200134,0.36596545577049255
1790107864468938200,23.035938232421874,1.9786309003829956,0.282317191362381,0.3496256470680237
1790107864478882000,23.045882080078126,2.1103413105010986,0.1257515400648117,0.3291235566139221
1790107864488827100,23.0558271484375,2.2323215007781982,0.013706491328775883,0.31546714901924133
1790107864498771200,23.065771240234376,2.3180031776428223,-0.09906559437513351,0.33586907386779785
1790107864508715300,23.07571533203125,2.3926703929901123,-0.0883527621626854,0.375457763671875
1790107864518660000,23.08566015625,2.411072254180908,-0.24140942096710205,0.32381296157836914
1790107864528604000,23.09560400390625,2.2978405952453613,-0.506649374961853,0.20994630455970764
1790107864538548200,23.10554833984375,2.0523245334625244,-0.934112012386322,0.06995031982660294
1790107864548493000,23.1154931640625,1.7222545146942139,-1.209591031074524,-0.0566270612180233
1790107864558437000,23.12543701171875,1.5647509098052979,-1.3306987285614014,-0.03526477888226509
1790107864568381200,23.135381103515623,1.5358465909957886,-1.4393147230148315,0.1435723453760147
1790107864578325000,23.145324951171876,1.5079289674758911,-1.475136160850525,0.30540093779563904
1790107864588270000,23.15527001953125,1.4693211317062378,-1.2740943431854248,0.3558292090892792
1790107864598214100,23.165214111328126,1.3972429037094116,-0.8056698441505432,0.354686439037323
1790107864608158200,23.175158203125,1.290740728378296,-0.034575287252664566,0.3067375719547272
1790107864618103000,23.18510302734375,1.2094911336898804,0.6655111908912659,0.25756415724754333
1790107864628047000,23.195047119140625,1.1923933029174805,0.89803147315979,0.24563851952552795
1790107864637991200,23.2049912109375,1.182116985321045,0.2880547046661377,0.23236453533172607
1790107864647936000,23.21493603515625,1.1270934343338013,-0.6760050654411316,0.34173843264579773
1790107864657880000,23.224880126953124,1.0729979276657104,-0.9796118140220642,0.5082219243049622
1790107864667824000,23.23482421875,0.9819844365119934,-0.6409671902656555,0.6501002311706543
1790107864677769200,23.244769287109374,0.8068661689758301,-0.4360004663467407,0.592816174030304
1790107864687713000,23.254713134765623,0.6819037199020386,-0.4082159996032715,0.4606208801269531
1790107864697657000,23.264656982421876,0.5777624249458313,-0.40184277296066284,0.3546544909477234
1790107864707602000,23.274601806640625,0.44450849294662476,-0.28328365087509155,0.28057172894477844
1790107864717546200,23.284546142578126,0.246996209025383,-0.24615038931369781,0.21409711241722107
1790107864727490300,23.294490234375,0.03494759649038315,-0.1748594343662262,0.13100941479206085
1790107864737435100,23.30443505859375,-0.1775265783071518,-0.2460222840309143,0.058462511748075485
1790107864747379000,23.31437890625,-0.32303956151008606,-0.10251758992671967,0.04420847445726395
1790107864757323000,23.324322998046874,-0.46077319979667664,0.13763056695461273,0.024525316432118416
1790107864767268000,23.33426806640625,-0.6448807120323181,-0.052387841045856476,-0.08824597299098969
1790107864777212200,23.344212158203124,-0.7899278998374939,-0.08031001687049866,-0.1261851042509079
1790107864787156200,23.35415625,-0.8994352221488953,0.05854054167866707,-0.09269584715366364
1790107864797101000,23.36410107421875,-0.9991708993911743,0.1719009280204773,-0.07152611762285233
1790107864807045000,23.374045166015627,-1.0615613460540771,0.2435857653617859,-0.06010248512029648
1790107864816989200,23.3839892578125,-1.1082028150558472,0.13952860236167908,-0.07880053669214249
1790107864826934000,23.39393408203125,-1.1034376621246338,0.07325637340545654,-0.06574439257383347
1790107864836878000,23.403878173828126,-1.0777701139450073,0.10428592562675476,-0.014858308248221874
1790107864846822100,23.413822265625,-1.0589996576309204,-0.08813971281051636,0.013195164501667023
1790107864856767200,23.423767333984376,-1.0246871709823608,-0.3463299870491028,0.030891869217157364
1790107864866711000,23.4337109375,-0.975063681602478,-0.40933769941329956,0.050512708723545074
1790107864876655000,23.443655029296874,-0.938597559928894,-0.33397796750068665,0.06855802237987518
1790107864886599200,23.45359912109375,-0.9066982269287109,-0.2832580804824829,0.041791122406721115
1790107864896544300,23.463544189453124,-0.864695131778717,-0.2463224232196808,-0.02834881655871868
1790107864906488000,23.473488037109377,-0.8192522525787354,-0.19937968254089355,-0.11915488541126251
1790107864916432100,23.48343212890625,-0.7660537362098694,-0.14269909262657166,-0.20518085360527039
1790107864926377000,23.493376953125,-0.7222058773040771,-0.09962619096040726,-0.30848273634910583
1790107864936321000,23.503321044921876,-0.704658031463623,0.023011043667793274,-0.3812597393989563
1790107864946265300,23.513265380859377,-0.7441524267196655,0.21445050835609436,-0.39042872190475464
1790107864956210200,23.523210205078126,-0.865234911441803,0.3856848478317261,-0.3775408864021301
1790107864966154000,23.533154052734375,-1.0452136993408203,0.526016116142273,-0.3341233730316162
1790107864976098000,23.54309814453125,-1.2006562948226929,0.513224184513092,-0.3638458549976349
1790107864986043100,23.553043212890625,-1.337361216545105,0.42586714029312134,-0.444902628660202
1790107864995987200,23.5629873046875,-1.4780339002609253,0.34127742052078247,-0.5415524840354919
1790107865005931300,23.57293115234375,-1.6098803281784058,0.35222381353378296,-0.6075895428657532
1790107865015876000,23.5828759765625,-1.7127710580825806,0.46914803981781006,-0.6192523241043091
1790107865025820000,23.59281982421875,-1.7725493907928467,0.5084331631660461,-0.6125057339668274
1790107865035764200,23.60276416015625,-1.7339439392089844,0.3829369843006134,-0.649289071559906
1790107865045709000,23.612708984375,-1.630405306816101,0.3432633578777313,-0.6475755572319031
1790107865055653000,23.622653076171876,-1.5324788093566895,0.3328549265861511,-0.5997039079666138
1790107865065597200,23.63259716796875,-1.4809825420379639,0.33377692103385925,-0.5486711263656616
1790107865075542300,23.642542236328126,-1.4772847890853882,0.3110577464103699,-0.5258156061172485
1790107865085486000,23.652486083984375,-1.5603634119033813,0.24671125411987305,-0.5326982736587524
1790107865095430100,23.66243017578125,-1.67276132106781,0.048654887825250626,-0.5445083379745483
1790107865105375000,23.672375,-1.7554761171340942,-0.19540251791477203,-0.5141807794570923
1790107865115319000,23.682319091796874,-1.7954562902450562,-0.36556652188301086,-0.4765598773956299
1790107865125263000,23.69226318359375,-1.7964811325073242,-0.411615788936615,-0.4355735778808594
1790107865135208200,23.702208251953124,-1.7590919733047485,-0.41768965125083923,-0.3957883417606354
1790107865145152000,23.712152099609376,-1.7010033130645752,-0.3779134750366211,-0.329913467168808
1790107865155096000,23.722095947265625,-1.6158415079116821,-0.3610524833202362,-0.29285505414009094
1790107865165041200,23.732041259765627,-1.5358082056045532,-0.32576584815979004,-0.2547489404678345
1790107865174985200,23.741985107421876,-1.410650372505188,-0.35718396306037903,-0.20614704489707947
1790107865184929000,23.751928955078125,-1.307936429977417,-0.37936675548553467,-0.17145884037017822
1790107865194874000,23.7618740234375,-1.201898217201233,-0.49781110882759094,-0.20021165907382965
1790107865204818000,23.77181787109375,-1.0402213335037231,-0.6819996237754822,-0.21132023632526398
1790107865214762200,23.78176220703125,-0.8732060194015503,-0.7593332529067993,-0.1326371431350708
1790107865224707000,23.79170703125,-0.6536161303520203,-0.5513281226158142,-0.011507252231240273
1790107865234651100,23.801651123046874,-0.46361878514289856,-0.13004934787750244,0.07501991838216782
1790107865244595000,23.811594970703126,-0.3218638002872467,0.2509291470050812,0.10523161292076111
1790107865254539000,23.8215390625,-0.16422303020954132,0.5304345488548279,0.138022318482399
1790107865264484000,23.831484130859376,-0.021385449916124344,0.7208021283149719,0.21995367109775543
1790107865274428200,23.84142822265625,0.0850139632821083,0.7909489870071411,0.33136940002441406
1790107865284372000,23.8513720703125,0.17337843775749207,0.8106236457824707,0.40816059708595276
1790107865294317300,23.8613173828125,0.30389463901519775,0.9427739381790161,0.4363757073879242
1790107865304261000,23.87126123046875,0.4432187080383301,1.0696901082992554,0.4381965100765228
1790107865314205200,23.881205078125,0.5631701350212097,0.9538396596908569,0.4439587891101837
1790107865324150000,23.89114990234375,0.676204264163971,0.7384676933288574,0.4151836037635803
1790107865334094000,23.901093994140624,0.8077955842018127,0.5483517646789551,0.3518581688404083
1790107865344038000,23.911037841796876,0.9362664818763733,0.4096032381057739,0.2758646011352539
1790107865353983200,23.920983154296874,1.0501518249511719,0.3415432274341583,0.21412347257137299
1790107865363927000,23.930927001953126,1.1657886505126953,0.3632224202156067,0.19126397371292114
1790107865373871000,23.94087109375,1.274665355682373,0.4784608483314514,0.22573645412921906
1790107865383816200,23.950816162109376,1.3598449230194092,0.5799397826194763,0.2851811349391937
1790107865393760300,23.96076025390625,1.4338544607162476,0.5828825831413269,0.34083986282348633
1790107865403704000,23.9707041015625,1.5026686191558838,0.5292611718177795,0.3698006868362427
1790107865413649200,23.980649169921875,1.5838814973831177,0.5541601181030273,0.3508206009864807
1790107865423593000,23.990593017578124,1.6691604852676392,0.6477894186973572,0.3144833743572235
1790107865433537300,24.000537353515625,1.7555984258651733,0.645935595035553,0.28866615891456604
1790107865443482000,24.010482177734374,1.8231271505355835,0.5651898980140686,0.2996615469455719
1790107865453426200,24.02042626953125,1.8779975175857544,0.4202955663204193,0.2993672788143158
1790107865463370000,24.030369873046876,1.942135214805603,0.2968583106994629,0.2549374997615814
1790107865473315300,24.0403154296875,1.9909262657165527,0.2322492152452469,0.18393734097480774
1790107865483259100,24.050259033203126,2.1227879524230957,0.19313722848892212,0.0908966138958931
1790107865493203200,24.060203125,2.2489876747131348,0.1791340708732605,0.029621541500091553
1790107865503148000,24.07014794921875,2.332505226135254,0.058643072843551636,0.010668889619410038
1790107865513092000,24.080092041015625,2.391498327255249,-0.22038483619689941,0.010293650440871716
1790107865523036200,24.0900361328125,2.4421045780181885,-0.4328800439834595,0.00857537891715765
1790107865532981200,24.099981201171875,2.42767071723938,-0.6258654594421387,-0.11086180061101913
1790107865542925000,24.109925048828124,2.2391722202301025,-0.9938003420829773,-0.35579484701156616
1790107865552869000,24.119869140625,1.800016164779663,-1.4350776672363281,-0.575398862361908
1790107865562814200,24.129814208984374,1.4316434860229492,-1.8723976612091064,-0.6870009899139404
1790107865572758300,24.13975830078125,1.3893972635269165,-1.9373764991760254,-0.5128949880599976
1790107865582702000,24.1497021484375,1.4722380638122559,-1.3948955535888672,-0.17452360689640045
1790107865592647200,24.159647216796873,1.5989723205566406,-0.9087757468223572,0.06187588348984718
1790107865602591000,24.169591064453126,1.7269656658172607,-0.2363472878932953,0.18413148820400238
1790107865612535300,24.179535400390623,1.763857126235962,0.19005036354064941,0.21933580935001373
1790107865622480100,24.189480224609376,1.6580995321273804,0.4286096692085266,0.23306600749492645
1790107865632424200,24.199424072265625,1.4889507293701172,0.31623440980911255,0.18634484708309174
1790107865642368300,24.2093681640625,1.2507306337356567,-0.04928792268037796,0.25263306498527527
1790107865652313300,24.219313232421875,1.0255244970321655,-0.442365437746048,0.3766884207725525
1790107865662257200,24.229257080078124,0.8678440451622009,-0.3756372630596161,0.44780999422073364
1790107865672201500,24.239201416015625,0.7260631918907166,-0.056354086846113205,0.4608752131462097
1790107865682145300,24.249145263671874,0.6193796396255493,0.12820030748844147,0.34518536925315857
1790107865692090400,24.25909033203125,0.5493805408477783,0.10931263864040375,0.26270565390586853
1790107865702034200,24.2690341796875,0.4344571828842163,0.07238151878118515,0.2834934890270233
1790107865711978200,24.278978271484377,0.23776115477085114,-0.09354246407747269,0.26546016335487366
1790107865721923300,24.28892333984375,0.04899284243583679,-0.08594527095556259,0.25271347165107727
1790107865731867400,24.298867431640623,-0.14446264505386353,0.04568865895271301,0.2317488044500351
1790107865741811200,24.308811279296876,-0.34596484899520874,0.22540196776390076,0.18733739852905273
1790107865751756300,24.31875634765625,-0.5401433706283569,0.3036285936832428,0.12857341766357422
1790107865761700400,24.328700439453126,-0.7043864130973816,0.2557865083217621,0.07984396815299988
1790107865771644400,24.33864453125,-0.8303531408309937,0.14435239136219025,0.0756489560008049
1790107865781589200,24.34858935546875,-0.9474169015884399,-0.15612009167671204,0.05299850180745125
1790107865791533300,24.358533203125,-1.0008116960525513,-0.2495424598455429,0.07643911242485046
1790107865801477000,24.36847705078125,-1.0265740156173706,-0.10869105905294418,0.10010050237178802
1790107865811422500,24.37842236328125,-1.0612355470657349,0.031025294214487076,0.06907866895198822
1790107865821366300,24.3883662109375,-1.1271722316741943,-0.06781979650259018,-0.06022205948829651
1790107865831310300,24.398310302734377,-1.160430908203125,-0.005432316102087498,-0.14923635125160217
1790107865841255200,24.408255126953126,-1.2063440084457397,-0.011668906547129154,-0.24768570065498352
1790107865851199500,24.418199462890627,-1.2382888793945312,-0.10743271559476852,-0.2948223054409027
1790107865861143300,24.428143310546876,-1.2133684158325195,-0.046910785138607025,-0.2112930715084076
1790107865871088400,24.43808837890625,-1.1760668754577637,0.04658055305480957,-0.0823500007390976
1790107865881032200,24.4480322265625,-1.1682296991348267,-0.03207457810640335,-0.033012278378009796
1790107865890976300,24.457976318359375,-1.1940951347351074,-0.18888336420059204,-0.11641529202461243
1790107865900921300,24.46792138671875,-1.192421555519104,-0.3358754813671112,-0.2530466318130493
1790107865910865400,24.477865478515625,-1.1585654020309448,-0.2769245505332947,-0.3376512825489044
1790107865920809200,24.487809326171874,-1.145498275756836,-0.1562923938035965,-0.3787004351615906
1790107865930754300,24.49775439453125,-1.1603111028671265,-0.054367102682590485,-0.4174395799636841
1790107865940698400,24.507698486328124,-1.1212866306304932,0.0993225947022438,-0.4204116761684418
1790107865950642400,24.517642333984377,-1.050073266029358,0.33656710386276245,-0.34480372071266174
1790107865960587300,24.527587158203126,-1.0441721677780151,0.43009519577026367,-0.24926415085792542
1790107865970531300,24.53753125,-1.0905096530914307,0.3354549705982208,-0.2116858810186386
1790107865980475100,24.54747509765625,-1.1846957206726074,0.14611460268497467,-0.24134524166584015
1790107865990420200,24.557420166015625,-1.3129945993423462,-0.13120701909065247,-0.31168490648269653
1790107866000364300,24.5673642578125,-1.415143609046936,-0.4003641903400421,-0.4329250752925873
1790107866010308400,24.577308349609375,-1.4907478094100952,-0.5014268755912781,-0.5660865902900696
1790107866020253200,24.587253173828124,-1.5356659889221191,-0.47032836079597473,-0.6970744132995605
1790107866030197500,24.597197509765625,-1.5602214336395264,-0.42502880096435547,-0.8119120597839355
1790107866040141300,24.607141357421874,-1.5463613271713257,-0.3209063708782196,-0.8934000134468079
1790107866050086100,24.617086181640627,-1.5098315477371216,-0.14089027047157288,-0.937847375869751
1790107866060030200,24.6270302734375,-1.4216097593307495,0.024321317672729492,-0.9348273277282715
1790107866069974300,24.636974365234376,-1.2832212448120117,0.12954387068748474,-0.8603911995887756
1790107866079919400,24.64691943359375,-1.1898607015609741,0.08503073453903198,-0.6761739253997803
1790107866089863400,24.656863525390627,-1.2024073600769043,0.04033277556300163,-0.45020630955696106
1790107866099807200,24.66680712890625,-1.352105736732483,-0.0034493261482566595,-0.3182927668094635
1790107866109751300,24.676751220703125,-1.5743553638458252,-0.020681310445070267,-0.27555087208747864
1790107866119696400,24.6866962890625,-1.7561355829238892,0.0035364115610718727,-0.26608386635780334
1790107866129640400,24.696640380859375,-1.8516508340835571,0.04018523544073105,-0.15505456924438477
1790107866139584300,24.706584228515624,-1.8416826725006104,0.08214227110147476,0.011458250693976879
1790107866149529300,24.716529296875,-1.7449356317520142,0.14108335971832275,0.21272052824497223
1790107866159473200,24.72647314453125,-1.645187497138977,0.20218425989151,0.3628205358982086
1790107866169417500,24.73641748046875,-1.509580373764038,0.13931794464588165,0.39030036330223083
1790107866179362300,24.7463623046875,-1.366745948791504,0.02695119008421898,0.35796481370925903
1790107866189306400,24.756306396484376,-1.279098629951477,-0.17842885851860046,0.27920714020729065
1790107866199250200,24.766250244140625,-1.2058145999908447,-0.41456788778305054,0.20550042390823364
1790107866209195300,24.7761953125,-1.0575037002563477,-0.6129688620567322,0.23322100937366486
1790107866219139300,24.786139404296875,-0.8554254174232483,-0.7729273438453674,0.28396087884902954
1790107866229083400,24.79608349609375,-0.7364093065261841,-0.8858677744865417,0.2729223370552063
1790107866239028200,24.8060283203125,-0.5969893932342529,-0.9890985488891602,0.2116651087999344
1790107866248972300,24.81597216796875,-0.433133065700531,-0.9415797591209412,0.17028118669986725
1790107866258916400,24.825916259765624,-0.2699603736400604,-0.6518757939338684,0.1507122814655304
1790107866268861200,24.835861083984376,-0.0981484055519104,-0.2025967836380005,0.17254513502120972
1790107866278805200,24.84580517578125,0.08908673375844955,0.2460598349571228,0.29867324233055115
1790107866288749300,24.855749267578126,0.24924418330192566,0.5573713779449463,0.46074631810188293
1790107866298694400,24.8656943359375,0.38688647747039795,0.7415300607681274,0.544610857963562
1790107866308638200,24.87563818359375,0.5387766361236572,0.8658863306045532,0.5536136627197266
1790107866318582300,24.885582275390625,0.6940938234329224,0.9361498355865479,0.5661483407020569
1790107866328527000,24.895527099609374,0.8413815498352051,0.9398623108863831,0.6011468172073364
1790107866338471400,24.905471435546875,0.9734730124473572,0.9527855515480042,0.6136708855628967
1790107866348415500,24.91541552734375,1.0812777280807495,1.0211323499679565,0.5756808519363403
1790107866358360300,24.9253603515625,1.177832007408142,1.1099128723144531,0.5494447350502014
1790107866368304000,24.93530419921875,1.2560296058654785,1.089165449142456,0.593251645565033
1790107866378248200,24.945248291015623,1.3359715938568115,0.9858489632606506,0.6621329188346863
1790107866388193300,24.955193359375,1.4503892660140991,0.8237618207931519,0.7053941488265991
1790107866398137300,24.965137451171874,1.5757287740707397,0.6772271990776062,0.6794730424880981
1790107866408081400,24.975081298828126,1.7225714921951294,0.5490090847015381,0.5911495685577393
1790107866418026200,24.985026123046875,1.840074896812439,0.4793282449245453,0.527875542640686
1790107866427970300,24.99497021484375,1.9303563833236694,0.4449891746044159,0.5030279755592346
1790107866437914400,25.004914306640625,2.0234735012054443,0.4499610364437103,0.5156513452529907
1790107866447859200,25.014859130859374,2.1151187419891357,0.3991849422454834,0.5233327150344849
1790107866457803300,25.02480322265625,2.195405960083008,0.3285917341709137,0.513312816619873
1790107866467747300,25.034747314453124,2.302211046218872,0.22670450806617737,0.4996851682662964
1790107866477692400,25.0446923828125,2.3983049392700195,0.13092899322509766,0.4641250669956207
1790107866487636200,25.05463623046875,2.460798978805542,-0.011990882456302643,0.4188220202922821
1790107866497580300,25.064580322265623,2.5010852813720703,-0.24418842792510986,0.3658032715320587
1790107866507525000,25.074525146484376,2.4992849826812744,-0.433547705411911,0.3577781021595001
1790107866517469400,25.084469482421873,2.4315319061279297,-0.5415686964988708,0.36044445633888245
1790107866527413200,25.094413330078126,2.2773020267486572,-0.6226707696914673,0.3243809938430786
1790107866537358300,25.1043583984375,2.066221237182617,-0.8905227184295654,0.204988032579422
1790107866547302100,25.11430224609375,1.865028738975525,-1.0675755739212036,0.0763901099562645
1790107866557246200,25.12424609375,1.622423529624939,-1.0558195114135742,0.013701165094971657
1790107866567191300,25.13419140625,1.4571118354797363,-1.0112589597702026,-0.035723909735679626
1790107866577135400,25.14413525390625,1.454757571220398,-0.8350493311882019,0.033177126199007034
1790107866587079200,25.1540791015625,1.4072462320327759,-0.4751180410385132,0.17932474613189697
1790107866597024300,25.164024169921873,1.325849175453186,0.14940600097179413,0.3005659580230713
1790107866606968300,25.17396826171875,1.3708906173706055,0.41861456632614136,0.3488248288631439
1790107866616912400,25.183912353515623,1.3246188163757324,0.5685044527053833,0.18358367681503296
1790107866626856400,25.1938564453125,1.1709271669387817,0.2791248559951782,0.0495811365544796
1790107866636801500,25.203801513671873,1.0206825733184814,-0.21564067900180817,0.20483650267124176
1790107866646745300,25.213745361328126,0.9651122689247131,-0.5350290536880493,0.49140381813049316
1790107866656690400,25.2236904296875,0.9081714749336243,-0.4769039750099182,0.6526299715042114
1790107866666634200,25.23363427734375,0.7949711680412292,-0.3442170321941376,0.6018791794776917
1790107866676578300,25.243578369140625,0.7522002458572388,-0.24643321335315704,0.37806394696235657
1790107866686522400,25.2535224609375,0.7183104753494263,-0.17583520710468292,0.18159322440624237
1790107866696467500,25.263467529296875,0.5765131115913391,-0.19491276144981384,0.08088712394237518
1790107866706411300,25.273411376953124,0.396151065826416,-0.08543846756219864,0.022882945835590363
1790107866716355300,25.283355224609377,0.20789620280265808,0.12283990532159805,0.0041191112250089645
1790107866726300400,25.293300537109374,0.037705566734075546,0.19679348170757294,-0.014660169370472431
1790107866736244500,25.303244384765627,-0.14638064801692963,0.010518155060708523,-0.08456308394670486
1790107866746188300,25.313188232421876,-0.32376182079315186,-0.2094735950231552,-0.14352041482925415
1790107866756133400,25.32313330078125,-0.4913172721862793,-0.25885605812072754,-0.17355580627918243
1790107866766077200,25.3330771484375,-0.6754575371742249,-0.27093589305877686,-0.21524865925312042
1790107866776021500,25.343021484375,-0.8458577990531921,-0.2298361212015152,-0.24663162231445312
1790107866785966300,25.35296630859375,-0.9718418121337891,-0.08054357767105103,-0.2279716432094574
1790107866795910400,25.362910400390625,-1.060005784034729,0.0859050527215004,-0.19590452313423157
1790107866805854200,25.372854248046874,-1.1037846803665161,0.12449026107788086,-0.19052840769290924
1790107866815799600,25.382799560546875,-1.1103037595748901,0.06660166382789612,-0.19015316665172577
1790107866825743400,25.392743408203124,-1.0739707946777344,-0.018336663022637367,-0.18615229427814484
1790107866835687400,25.4026875,-1.0035145282745361,-0.03955033794045448,-0.16994988918304443
1790107866845632300,25.41263232421875,-0.8962998986244202,0.010908307507634163,-0.14565201103687286
1790107866855576300,25.422576416015627,-0.800750195980072,0.12733452022075653,-0.16851738095283508
1790107866865520400,25.432520263671876,-0.7638577222824097,0.21823352575302124,-0.24082832038402557
1790107866875465500,25.442465576171877,-0.7652716040611267,0.31057730317115784,-0.28091156482696533
1790107866885409300,25.4524091796875,-0.7540218830108643,0.3409234881401062,-0.32788094878196716
1790107866895353300,25.462353271484375,-0.6983279585838318,0.3181265592575073,-0.36276674270629883
1790107866905298400,25.47229833984375,-0.6238726377487183,0.29746443033218384,-0.36163330078125
1790107866915242500,25.482242431640625,-0.6053399443626404,0.28204259276390076,-0.3209540545940399
1790107866925186300,25.492186279296874,-0.6974531412124634,0.34066757559776306,-0.27575141191482544
1790107866935131400,25.50213134765625,-0.8822144269943237,0.4510934054851532,-0.27954936027526855
1790107866945075200,25.5120751953125,-1.1002682447433472,0.5675563812255859,-0.325914204120636
1790107866955019500,25.52201953125,-1.2794294357299805,0.5959515571594238,-0.39662644267082214
1790107866964964400,25.53196435546875,-1.383020281791687,0.578248143196106,-0.44137686491012573
1790107866974908400,25.541908447265627,-1.4439104795455933,0.5473477840423584,-0.42054882645606995
1790107866984852200,25.551852294921876,-1.4614245891571045,0.5242341756820679,-0.37511929869651794
1790107866994797600,25.561797607421877,-1.471261739730835,0.5863252878189087,-0.35419777035713196
1790107867004741400,25.571741455078126,-1.5496186017990112,0.6314061880111694,-0.35270825028419495
1790107867014685400,25.581685546875,-1.690718412399292,0.4839714765548706,-0.4206390976905823
1790107867024630300,25.59163037109375,-1.8317363262176514,0.240495964884758,-0.5040155053138733
1790107867034574300,25.60157421875,-1.908731460571289,-0.01561118382960558,-0.5292640924453735
1790107867044518400,25.611518310546874,-1.9083127975463867,-0.16456817090511322,-0.5445871353149414
1790107867054463500,25.62146337890625,-1.8587257862091064,-0.22690585255622864,-0.6289177536964417
1790107867064407300,25.6314072265625,-1.7883235216140747,-0.301408052444458,-0.7474044561386108
1790107867074351400,25.641351318359376,-1.7483255863189697,-0.38030552864074707,-0.8208895921707153
1790107867084296400,25.65129638671875,-1.68996262550354,-0.4350324273109436,-0.8677750825881958
1790107867094240500,25.661240478515627,-1.6194932460784912,-0.4636717736721039,-0.8475504517555237
1790107867104184300,25.671184326171876,-1.5860495567321777,-0.5027424693107605,-0.7700839042663574
1790107867114129400,25.68112939453125,-1.5614280700683594,-0.6207396984100342,-0.6618195176124573
1790107867124073200,25.6910732421875,-1.5349688529968262,-0.7742784023284912,-0.5875897407531738
1790107867134017500,25.701017578125,-1.4900271892547607,-0.9533259272575378,-0.5457107424736023
1790107867143962400,25.71096240234375,-1.4527168273925781,-1.012110710144043,-0.5912821888923645
1790107867153906400,25.720906494140625,-1.4310842752456665,-0.8549404740333557,-0.588988721370697
1790107867163850200,25.730850341796874,-1.3831419944763184,-0.6519229412078857,-0.5414137244224548
1790107867173795600,25.740795654296875,-1.3062893152236938,-0.4111419916152954,-0.4233033359050751
1790107867183739400,25.750739501953124,-1.300917148590088,-0.18831585347652435,-0.28351426124572754
1790107867193683500,25.760683349609376,-1.2370209693908691,-0.050693802535533905,-0.15039749443531036
1790107867203627300,25.770627197265625,-1.1187835931777954,-0.028299015015363693,-0.00008229167724493891
1790107867213572400,25.780572265625,-0.9489740133285522,-0.12618961930274963,0.11716151237487793
1790107867223516400,25.790516357421875,-0.7671789526939392,-0.18615229427814484,0.14182397723197937
1790107867233461500,25.80046142578125,-0.5820410251617432,-0.12109606713056564,0.1651117205619812
1790107867243405300,25.8104052734375,-0.40551260113716125,0.0960058942437172,0.2185555100440979
1790107867253349400,25.820349365234375,-0.2757519483566284,0.1767026036977768,0.3306910991668701
1790107867263293200,25.830293212890624,-0.18879973888397217,0.20043429732322693,0.4372574985027313
1790107867273238500,25.840238525390625,-0.06849703192710876,0.2963120937347412,0.4597087502479553
1790107867283182300,25.850182373046874,0.08614473789930344,0.3437163531780243,0.4300616383552551
1790107867293126400,25.86012646484375,0.2145588994026184,0.3324003219604492,0.4512515962123871
1790107867303071200,25.8700712890625,0.35378125309944153,0.4051051437854767,0.48591718077659607
1790107867313015600,25.880015625,0.5395095348358154,0.5521500110626221,0.4999922513961792
1790107867322959400,25.88995947265625,0.7221137285232544,0.4923902451992035,0.5367127060890198
1790107867332904400,25.899904541015626,0.8851372599601746,0.4094522297382355,0.525492250919342
1790107867342848300,25.90984814453125,1.038940668106079,0.4698242247104645,0.4683235287666321
1790107867352792300,25.919792236328124,1.195618748664856,0.6200630068778992,0.42764055728912354
1790107867362737400,25.9297373046875,1.3373947143554688,0.7070772647857666,0.44269832968711853
1790107867372681500,25.939681396484374,1.4532893896102905,0.6997413039207458,0.4933910667896271
1790107867382625300,25.949625244140623,1.5459131002426147,0.626960039138794,0.551859974861145
1790107867392570400,25.9595703125,1.6270235776901245,0.5417250394821167,0.570684015750885
1790107867402514400,25.969514404296874,1.7183178663253784,0.46775496006011963,0.542968213558197
1790107867412458500,25.97945849609375,1.8248424530029297,0.3766109347343445,0.4668270945549011
1790107867422403300,25.9894033203125,1.907684564590454,0.37061774730682373,0.4170057475566864
1790107867432347400,25.999347412109376,1.9453874826431274,0.3883296251296997,0.3884294927120209
1790107867442291200,26.009291259765625,1.9610950946807861,0.34665995836257935,0.4195687770843506
1790107867452236300,26.019236328125,1.97359037399292,0.284445583820343,0.45782962441444397
1790107867462180400,26.029180419921875,2.0096144676208496,0.24308136105537415,0.4525813162326813
1790107867472124400,26.03912451171875,2.0531599521636963,0.22778549790382385,0.4394463300704956
1790107867482069500,26.049069580078125,2.100663900375366,0.2468004673719406,0.4326699376106262
1790107867492013600,26.059013671875,2.165933132171631,0.23718644678592682,0.44008150696754456
1790107867501957400,26.068957275390623,2.2463796138763428,0.1134706363081932,0.464443564414978
1790107867511902200,26.078902099609376,2.3294355869293213,-0.06589033454656601,0.4824390709400177
1790107867521846300,26.08884619140625,2.3449089527130127,-0.2597042918205261,0.4338686168193817
1790107867531790600,26.09879052734375,2.238186836242676,-0.44969284534454346,0.28665146231651306
1790107867541735400,26.1087353515625,2.113689422607422,-0.7559776902198792,0.05148769170045853
1790107867551679500,26.118679443359376,1.9177109003067017,-1.084968090057373,-0.0858568474650383
1790107867561623300,26.128623291015625,1.713323950767517,-1.381136417388916,-0.08837007731199265
1790107867571568400,26.138568359375,1.5509618520736694,-1.6171563863754272,0.030120884999632835
1790107867581512400,26.148512451171875,1.448910117149353,-1.7042717933654785,0.1753917932510376
1790107867591456500,26.15845654296875,1.3422832489013672,-1.4636802673339844,0.2712211310863495
1790107867601401300,26.1684013671875,1.1865026950836182,-0.8409810066223145,0.3728151321411133
1790107867611345400,26.178345458984374,1.0715633630752563,0.09861232340335846,0.4503597021102905
1790107867621289500,26.18828955078125,1.0338289737701416,0.9951567053794861,0.4209858477115631
1790107867631234300,26.198234375,1.0471216440200806,1.2141883373260498,0.38828063011169434
1790107867641177900,26.208177734375,1.112324833869934,0.425476998090744,0.478376179933548
1790107867651122000,26.218121826171874,1.1648591756820679,-0.6309539675712585,0.6027290225028992
1790107867661066800,26.228066650390623,1.2050929069519043,-0.916040301322937,0.6990606188774109
1790107867671011000,26.238010986328124,1.1854592561721802,-0.7307063937187195,0.6554702520370483
1790107867680955000,26.247954833984377,1.0450057983398438,-0.5915176272392273,0.46685105562210083
1790107867690900000,26.25789990234375,0.7483844757080078,-0.5923248529434204,0.27613916993141174
1790107867700843800,26.26784375,0.478225976228714,-0.32441216707229614,0.1823016256093979
1790107867710787800,26.277787841796876,0.24137639999389648,0.022718895226716995,0.14100372791290283
1790107867720733000,26.28773291015625,0.03833087906241417,0.21589474380016327,0.13780446350574493
1790107867730677000,26.297677001953126,-0.12691187858581543,0.0901045948266983,0.11460833996534348
1790107867740620800,26.307620849609375,-0.26890096068382263,-0.06326605379581451,0.09887171536684036
1790107867750566000,26.31756591796875,-0.4128248393535614,-0.11376171559095383,0.08363977074623108
1790107867760510000,26.327510009765625,-0.5608611702919006,-0.13528618216514587,0.03525359556078911
1790107867770454000,26.3374541015625,-0.690467357635498,-0.17178215086460114,-0.04355093836784363
1790107867780398800,26.34739892578125,-0.7865592837333679,-0.03032674640417099,-0.06774309277534485
1790107867790343000,26.357343017578124,-0.8681905269622803,0.09327934682369232,-0.09838276356458664
1790107867800286700,26.36728662109375,-0.9267067909240723,0.07659783959388733,-0.14669117331504822
1790107867810231800,26.377231689453126,-0.9549475312232971,0.01161404512822628,-0.18470220267772675
1790107867820176000,26.38717578125,-0.9570820331573486,0.004887166898697615,-0.17080023884773254
1790107867830120000,26.397119873046876,-0.9372822046279907,0.10236791521310806,-0.11389327794313431
1790107867840064800,26.407064697265625,-0.9168674945831299,0.20542000234127045,-0.07112424075603485
1790107867850009000,26.417009033203126,-0.9025918841362,0.20242713391780853,-0.08883719146251678
1790107867859953000,26.426952880859375,-0.8997769355773926,0.09239863604307175,-0.13718768954277039
1790107867869897700,26.436897705078124,-0.885696530342102,-0.003772634081542492,-0.1781015545129776
1790107867879841800,26.446841796875,-0.832883358001709,0.018377408385276794,-0.19818872213363647
1790107867889785900,26.456785888671874,-0.8060291409492493,0.0851801410317421,-0.2133634090423584
1790107867899731000,26.46673095703125,-0.8798357248306274,0.12263643741607666,-0.25928428769111633
1790107867909675000,26.476675048828124,-0.9890202283859253,0.1544921100139618,-0.3073040246963501
1790107867919618800,26.486618896484377,-1.0439066886901855,0.23969382047653198,-0.30564752221107483
1790107867929563600,26.496563720703126,-1.0998765230178833,0.3542749881744385,-0.24947960674762726
1790107867939508000,26.506508056640627,-1.1064659357070923,0.4431595802307129,-0.21477115154266357
1790107867949452000,26.5164521484375,-1.0409553050994873,0.596396267414093,-0.23045291006565094
1790107867959395800,26.526395751953125,-0.9788578748703003,0.6758058667182922,-0.2622438669204712
1790107867969341000,26.5363408203125,-1.0140122175216675,0.6397448182106018,-0.3261842429637909
1790107867979284700,26.54628466796875,-1.115742802619934,0.5168439149856567,-0.44040030241012573
1790107867989229800,26.556229736328124,-1.2739700078964233,0.36967897415161133,-0.5415298342704773
1790107867999174000,26.566173828125,-1.466249942779541,0.3113946318626404,-0.6088670492172241
1790107868009118000,26.576117919921874,-1.6766332387924194,0.3143901526927948,-0.6297401189804077
1790107868019061800,26.586061767578126,-1.8651329278945923,0.2778529226779938,-0.669925332069397
1790107868029006800,26.5960068359375,-1.952978253364563,0.19608215987682343,-0.7380831241607666
1790107868038951000,26.605950927734376,-1.8886576890945435,0.1670486479997635,-0.7407734394073486
1790107868048895000,26.61589501953125,-1.7695653438568115,0.17108865082263947,-0.6427733898162842
1790107868058839800,26.62583984375,-1.7029298543930054,0.21818026900291443,-0.5285282731056213
1790107868068783900,26.635783935546876,-1.657326102256775,0.2938009798526764,-0.4886825978755951
1790107868078728000,26.64572802734375,-1.594556450843811,0.3090806007385254,-0.5854714512825012
1790107868088672800,26.6556728515625,-1.5829092264175415,0.15016713738441467,-0.7269631028175354
1790107868098616800,26.665616943359375,-1.5666673183441162,-0.13011646270751953,-0.7994532585144043
1790107868108561000,26.675560791015624,-1.5515632629394531,-0.40450114011764526,-0.7712394595146179
1790107868118506000,26.685506103515625,-1.577349305152893,-0.5563644170761108,-0.7299695014953613
1790107868128449800,26.69544970703125,-1.6119290590286255,-0.6591067910194397,-0.69712233543396
1790107868138393900,26.705393798828126,-1.6132228374481201,-0.6517053246498108,-0.6550081968307495
1790107868148338700,26.715338623046875,-1.586841344833374,-0.48746341466903687,-0.6063690185546875
1790107868158283000,26.725282958984376,-1.5286813974380493,-0.18825432658195496,-0.46081262826919556
1790107868168227000,26.73522705078125,-1.5186524391174316,0.03532976284623146,-0.2832852303981781
1790107868178172000,26.745171875,-1.4758425951004028,-0.021634189411997795,-0.18904821574687958
1790107868188115700,26.75511572265625,-1.3719167709350586,-0.23467110097408295,-0.1704052835702896
1790107868198059800,26.765059814453124,-1.2338167428970337,-0.5427514314651489,-0.16228051483631134
1790107868208004900,26.7750048828125,-1.0690879821777344,-0.8873913884162903,-0.12521277368068695
1790107868217949000,26.784948974609375,-0.9057754278182983,-1.0812004804611206,-0.08418332040309906
1790107868227893000,26.79489306640625,-0.741725504398346,-0.8725724816322327,-0.03068014793097973
1790107868237837800,26.804837890625,-0.5802804231643677,-0.4497080445289612,0.05342141166329384
1790107868247782000,26.814781982421874,-0.39426901936531067,-0.059395682066679,0.1842886209487915
1790107868257726000,26.824725830078126,-0.21737545728683472,0.28695881366729736,0.2886565625667572
1790107868267670800,26.8346708984375,-0.11588079482316971,0.3661838471889496,0.37641170620918274
1790107868277614800,26.84461474609375,-0.01731960102915764,0.26829349994659424,0.4592253863811493
1790107868287559000,26.854558837890625,0.1266556829214096,0.1562950611114502,0.5592526197433472
1790107868297504000,26.86450390625,0.29580023884773254,0.18292801082134247,0.6370276212692261
1790107868307447800,26.87444775390625,0.47567224502563477,0.3829002380371094,0.6097762584686279
1790107868317392000,26.884391845703124,0.6402947902679443,0.568297803401947,0.5575538277626038
1790107868327336700,26.894336669921874,0.7851270437240601,0.6306660771369934,0.5492628812789917
1790107868337281000,26.904281005859374,0.9179537892341614,0.5964365005493164,0.5554323196411133
1790107868347224800,26.914224853515623,1.0437023639678955,0.5410376787185669,0.5458598732948303
1790107868357170000,26.924169921875,1.1629794836044312,0.5349622368812561,0.5314822793006897
1790107868367113700,26.93411376953125,1.2766482830047607,0.6012855768203735,0.53542560338974
1790107868377057800,26.944057861328126,1.3649967908859253,0.6686915159225464,0.5565487146377563
1790107868387003000,26.9540029296875,1.429058313369751,0.7399576902389526,0.5784819722175598
1790107868396947000,26.963947021484376,1.477468729019165,0.7185826301574707,0.5675912499427795
1790107868406890800,26.973890869140625,1.5153183937072754,0.576073944568634,0.5566366314888
1790107868416835800,26.9838359375,1.5517432689666748,0.4446112811565399,0.5318993330001831
1790107868426780000,26.99377978515625,1.5994458198547363,0.4363943636417389,0.4941631257534027
1790107868436724000,27.003723876953124,1.656923770904541,0.4333048164844513,0.46055349707603455
1790107868446668800,27.013668701171873,1.7495319843292236,0.3246249556541443,0.4594786465167999
1790107868456612900,27.02361279296875,1.855298638343811,0.22804035246372223,0.4822726249694824
1790107868466556700,27.033556640625,1.965452790260315,0.14049293100833893,0.4686817228794098
1790107868476502000,27.043501953125,2.0727853775024414,-0.0025449167005717754,0.4409558176994324
1790107868486445800,27.05344580078125,2.174872636795044,-0.1368425339460373,0.41441610455513
1790107868496390000,27.063389892578126,2.254162549972534,-0.18283052742481232,0.37830495834350586
1790107868506334700,27.073334716796875,2.3235018253326416,-0.17480456829071045,0.35235166549682617
1790107868516279000,27.083279052734376,2.3597683906555176,-0.19546429812908173,0.3673495054244995
1790107868526222800,27.093222900390625,2.3634181022644043,-0.10623829066753387,0.4392106533050537
1790107868536168000,27.10316796875,2.20279860496521,-0.2280973494052887,0.43153730034828186
1790107868546111700,27.11311181640625,1.8952423334121704,-0.6326176524162292,0.23835664987564087
1790107868556055800,27.123055908203124,1.6301610469818115,-0.9907984733581543,-0.0007757788407616317
1790107868566001000,27.1330009765625,1.5592565536499023,-1.2835160493850708,-0.11985689401626587
1790107868575945000,27.142945068359374,1.6463831663131714,-1.5014185905456543,0.03404265642166138
1790107868585888800,27.152888671875,1.6713935136795044,-1.5120086669921875,0.24258626997470856
1790107868595833900,27.162833740234376,1.5832276344299316,-1.3166582584381104,0.28432387113571167
1790107868605778000,27.17277783203125,1.5034345388412476,-1.001876711845398,0.30796074867248535
1790107868615722000,27.182721923828126,1.4244194030761719,-0.31433025002479553,0.37469425797462463
1790107868625666800,27.192666748046875,1.3329203128814697,0.4637058675289154,0.3674786686897278
1790107868635611000,27.20261083984375,1.2006211280822754,0.8199292421340942,0.32015377283096313
1790107868645554700,27.2125546875,1.1038504838943481,0.2402767837047577,0.3648677170276642
1790107868655499800,27.222499755859374,1.0083614587783813,-0.6004906296730042,0.4945056140422821
1790107868665443600,27.232443603515627,0.9271880388259888,-0.7501927614212036,0.6034557819366455
1790107868675388000,27.242387939453124,0.8521673083305359,-0.5300976634025574,0.5998868942260742
1790107868685332700,27.252332763671873,0.7679139971733093,-0.38469842076301575,0.4519411027431488
1790107868695276800,27.26227685546875,0.6748375296592712,-0.24874217808246613,0.3288111686706543
1790107868705220600,27.272220703125,0.44128578901290894,-0.013610617257654667,0.2782910168170929
1790107868715166000,27.282166015625,0.1293894201517105,0.29186567664146423,0.2463032454252243
1790107868725109800,27.29210986328125,-0.19254708290100098,0.5907852649688721,0.18657653033733368
1790107868735053800,27.3020537109375,-0.4509032666683197,0.7430216670036316,0.05777115374803543
1790107868744998700,27.31199853515625,-0.6161676049232483,0.7379640340805054,-0.08732904493808746
1790107868754942700,27.321942626953124,-0.7300824522972107,0.5454393625259399,-0.2505051791667938
1790107868764886800,27.33188671875,-0.8089037537574768,0.277495801448822,-0.39898839592933655
1790107868774831900,27.341831787109374,-0.8257104158401489,0.09830419719219208,-0.45862269401550293
1790107868784775700,27.351775634765627,-0.8325214385986328,0.17053738236427307,-0.3859224021434784
1790107868794719700,27.3617197265625,-0.8985678553581238,0.12545406818389893,-0.2811722755432129
1790107868804664800,27.371664794921877,-0.9729989171028137,0.030525684356689453,-0.1690548062324524
1790107868814609000,27.38160888671875,-1.0173043012619019,-0.07868602126836777,-0.06324634701013565
1790107868824552700,27.391552734375,-1.030809998512268,-0.08615405857563019,0.04168326407670975
1790107868834497800,27.401497802734376,-1.0440866947174072,-0.22552740573883057,0.09432357549667358
1790107868844441600,27.411441650390625,-1.0364439487457275,-0.37028324604034424,0.130123108625412
1790107868854386000,27.421385986328126,-1.0218011140823364,-0.3119962513446808,0.15293441712856293
1790107868864330800,27.431330810546875,-1.0166945457458496,-0.24204859137535095,0.09957452863454819
1790107868874274800,27.44127490234375,-1.0209534168243408,-0.30942976474761963,-0.059157595038414
1790107868884218600,27.451218505859377,-1.0308542251586914,-0.3560909926891327,-0.22672981023788452
1790107868894164000,27.4611640625,-1.0300382375717163,-0.2832370400428772,-0.3169614374637604
1790107868904107800,27.471107666015627,-1.0174527168273926,-0.12250088155269623,-0.30525311827659607
1790107868914051800,27.4810517578125,-1.0105937719345093,0.021149760112166405,-0.2904065251350403
1790107868923996700,27.49099658203125,-0.9434016346931458,0.10925325006246567,-0.31707754731178284
1790107868933940700,27.500940673828126,-0.8659492135047913,0.17059996724128723,-0.3562989830970764
1790107868943884800,27.510884765625,-0.845350444316864,0.26180070638656616,-0.41087886691093445
1790107868953830000,27.520829833984376,-0.8608452677726746,0.3504570722579956,-0.48034265637397766
1790107868963773700,27.530773681640625,-0.9190028309822083,0.40658000111579895,-0.5419378280639648
1790107868973717800,27.5407177734375,-1.0396299362182617,0.45776915550231934,-0.5720587372779846
1790107868983662800,27.550662841796875,-1.2182930707931519,0.49186480045318604,-0.6160032749176025
1790107868993607000,27.56060693359375,-1.4231184720993042,0.56748366355896,-0.6423941254615784
1790107869003550700,27.57055078125,-1.5903724431991577,0.6102327108383179,-0.6469414830207825
1790107869013495800,27.580495849609374,-1.6919595003128052,0.5395185947418213,-0.6288796663284302
1790107869023439600,27.590439697265627,-1.7361277341842651,0.400375634431839,-0.6053106784820557
1790107869033384000,27.600384033203124,-1.7148935794830322,0.3666192889213562,-0.6041474342346191
1790107869043328800,27.610328857421877,-1.6481302976608276,0.4025317430496216,-0.64413982629776
1790107869053272800,27.62027294921875,-1.5681926012039185,0.3647044599056244,-0.6622391939163208
1790107869063216600,27.630216552734375,-1.5265753269195557,0.3911994397640228,-0.5665603280067444
1790107869073161700,27.64016162109375,-1.4982517957687378,0.4669567942619324,-0.4231608510017395
1790107869083105800,27.650105712890625,-1.50010347366333,0.4119635820388794,-0.346425324678421
1790107869093049900,27.6600498046875,-1.5371030569076538,0.2776409387588501,-0.3779774010181427
1790107869102994700,27.66999462890625,-1.5709753036499023,0.07316901534795761,-0.45333313941955566
1790107869112938800,27.679938720703124,-1.6018682718276978,-0.22853383421897888,-0.5005930662155151
1790107869122882800,27.6898828125,-1.6584705114364624,-0.4405028223991394,-0.5124108195304871
1790107869132827600,27.69982763671875,-1.7174065113067627,-0.582340657711029,-0.5237258076667786
1790107869142771700,27.709771728515626,-1.7079675197601318,-0.6396840810775757,-0.5054975152015686
1790107869152715800,27.7197158203125,-1.6758029460906982,-0.5965152978897095,-0.4089882969856262
1790107869162660900,27.729660888671877,-1.635335087776184,-0.500387966632843,-0.2742701768875122
1790107869172604700,27.739604736328126,-1.566888689994812,-0.48450756072998047,-0.15860429406166077
1790107869182548700,27.749548828125,-1.4040592908859253,-0.461830735206604,-0.09691562503576279
1790107869192493600,27.75949365234375,-1.2130964994430542,-0.4410248100757599,-0.0719442293047905
1790107869202437600,27.769437744140625,-1.1394989490509033,-0.5167192816734314,-0.037572674453258514
1790107869212382000,27.7793818359375,-1.0360668897628784,-0.6095719933509827,-0.050868771970272064
1790107869222326800,27.789326904296875,-0.8626796007156372,-0.654373824596405,-0.0741269588470459
1790107869232270600,27.7992705078125,-0.7098285555839539,-0.725946307182312,-0.00250470289029181
1790107869242214700,27.809214599609376,-0.5199888348579407,-0.5945605635643005,0.08132148534059525
1790107869252159700,27.81915966796875,-0.2735375463962555,-0.4301756024360657,0.1426306515932083
1790107869262103800,27.829103759765626,-0.04646843299269676,-0.2774534523487091,0.22399501502513885
1790107869272047900,27.8390478515625,0.15171176195144653,-0.14330042898654938,0.28650712966918945
1790107869281992700,27.84899267578125,0.3096787631511688,-0.03145059943199158,0.2949882447719574
1790107869291936500,27.8589365234375,0.47551754117012024,0.3184927701950073,0.23624423146247864
1790107869301880800,27.868880859375,0.6777454614639282,0.8878315687179565,0.24149571359157562
1790107869311825700,27.87882568359375,0.7691180109977722,1.1022999286651611,0.4198340177536011
1790107869321769700,27.888769775390625,0.832283079624176,1.1663148403167725,0.5509710311889648
1790107869331713800,27.8987138671875,0.9550841450691223,1.2283287048339844,0.5328378081321716
1790107869341659000,27.908658935546875,1.1140178442001343,1.0761152505874634,0.4762283265590668
1790107869351602700,27.918602783203124,1.2718756198883057,0.8646852374076843,0.473335325717926
1790107869361546800,27.928546630859376,1.4283918142318726,0.7205967903137207,0.5013906955718994
1790107869371491600,27.93849169921875,1.5470036268234253,0.6108817458152771,0.5408440828323364
1790107869381436000,27.948435791015626,1.5950331687927246,0.44736310839653015,0.5586989521980286
1790107869391379700,27.958379638671875,1.6236974000930786,0.1770528107881546,0.5668402314186096
1790107869401324800,27.96832470703125,1.701066493988037,0.09745651483535767,0.5739290714263916
1790107869411268600,27.9782685546875,1.8181674480438232,0.26269927620887756,0.5670279860496521
1790107869421212700,27.988212646484374,1.920326828956604,0.3693564832210541,0.55620276927948
1790107869431157800,27.99815771484375,1.9969806671142578,0.2653786838054657,0.617991030216217
1790107869441101800,28.008101806640624,2.0742595195770264,0.1992984563112259,0.7243955135345459
1790107869451045600,28.018045654296873,2.1584672927856445,0.21680209040641785,0.7883604168891907
1790107869460990700,28.02799072265625,2.240304470062256,0.23529933393001556,0.8297451138496399
1790107869470934800,28.037934814453124,2.280055046081543,0.25759318470954895,0.8456894755363464
1790107869480878800,28.04787890625,2.32899808883667,0.25532522797584534,0.831599235534668
1790107869490823700,28.05782373046875,2.394315481185913,0.30031508207321167,0.7782406210899353
1790107869500767700,28.067767822265626,2.4143590927124023,0.3630429208278656,0.7049248814582825
1790107869510711600,28.077711669921875,2.3226184844970703,0.2673281133174896,0.6044430136680603
1790107869520657000,28.087656982421876,2.1515135765075684,0.024051273241639137,0.49756690859794617
1790107869530600700,28.0976005859375,1.9906362295150757,-0.17817826569080353,0.40955981612205505
1790107869540544800,28.107544677734374,1.8907972574234009,-0.3100140392780304,0.2943922281265259
1790107869550489600,28.117489501953123,1.9674251079559326,-0.5198431611061096,0.28369322419166565
1790107869560434000,28.127433837890624,1.9423962831497192,-0.7376580834388733,0.3454945385456085
1790107869570377700,28.137377685546873,1.7662090063095093,-1.0094072818756104,0.33810773491859436
1790107869580322800,28.14732275390625,1.5019488334655762,-0.888698160648346,0.25325995683670044
1790107869590266600,28.1572666015625,1.3305644989013672,-0.41381368041038513,0.20286576449871063
1790107869600210700,28.167210693359376,1.189569115638733,0.07260416448116302,0.18411017954349518
1790107869610155800,28.17715576171875,0.9992236495018005,0.6089040637016296,0.04692702740430832
1790107869620099800,28.187099853515626,0.8372336626052856,0.7310017347335815,-0.11081147193908691
1790107869630043600,28.197043701171875,0.7483948469161987,0.46056655049324036,-0.1287289559841156
1790107869639989500,28.206989501953124,0.7439649701118469,-0.18015539646148682,0.08447253704071045
1790107869649933600,28.21693359375,0.8466103672981262,-0.4179096221923828,0.30630719661712646
1790107869659877600,28.226877685546874,0.9466429948806763,-0.39684510231018066,0.35215991735458374
1790107869669822500,28.236822509765624,0.8836738467216492,-0.4144483208656311,0.2588549852371216
1790107869679766500,28.2467666015625,0.6966896057128906,-0.3467305302619934,0.143344908952713
1790107869689710600,28.256710693359373,0.5693960785865784,-0.334770530462265,0.03303198516368866
1790107869699655400,28.266655517578126,0.4608464539051056,-0.33585551381111145,-0.10063446313142776
1790107869709599500,28.276599609375,0.3407232165336609,-0.17260080575942993,-0.1866558939218521
1790107869719543600,28.28654345703125,0.2089548110961914,-0.10228748619556427,-0.20249052345752716
1790107869729488600,28.296488525390625,0.09079435467720032,-0.03903688117861748,-0.16659270226955414
1790107869739432400,28.306432373046874,-0.03448260948061943,0.006628607865422964,-0.14909175038337708
1790107869749376500,28.31637646484375,-0.19484618306159973,-0.03425917029380798,-0.1794549822807312
1790107869759321300,28.3263212890625,-0.3697753846645355,-0.023680029436945915,-0.2017861157655716
1790107869769265400,28.336265380859373,-0.5508114695549011,0.017951304093003273,-0.2090056836605072
1790107869779209700,28.346209716796874,-0.7257649302482605,-0.03032994270324707,-0.2311362773180008
1790107869789154600,28.356154541015623,-0.8640239834785461,-0.12250541150569916,-0.24296417832374573
1790107869799098400,28.366098388671876,-0.973338782787323,-0.09742402285337448,-0.193910613656044
1790107869809042400,28.37604248046875,-1.047827124595642,0.11940895020961761,-0.07550141215324402
1790107869818987500,28.385987548828126,-1.1105480194091797,0.33515456318855286,0.05853148549795151
1790107869828931600,28.395931640625,-1.1701240539550781,0.4253518283367157,0.14235848188400269
1790107869838875600,28.405875732421876,-1.1985223293304443,0.3520999848842621,0.11374254524707794
1790107869848820500,28.415820556640625,-1.182030439376831,0.18640263378620148,-0.00914263166487217
1790107869858764300,28.425764404296874,-1.112461805343628,0.002508697798475623,-0.2208024114370346
1790107869868708600,28.43570849609375,-1.0101428031921387,-0.05554022267460823,-0.4928826689720154
1790107869878653400,28.4456533203125,-0.9134637117385864,-0.035891689360141754,-0.7899795770645142
1790107869888597500,28.455597412109373,-0.8250148296356201,0.07083848863840103,-0.9345514178276062
1790107869898541600,28.46554150390625,-0.7328633069992065,0.17283488810062408,-0.8509766459465027
1790107869908486700,28.475486572265623,-0.6347348690032959,0.1956813484430313,-0.6476232409477234
1790107869918430500,28.485430419921876,-0.62591552734375,0.19658389687538147,-0.49541106820106506
1790107869928374500,28.49537451171875,-0.7302022576332092,0.2931402623653412,-0.40448328852653503
1790107869938319400,28.5053193359375,-0.9024369120597839,0.4532497823238373,-0.3733578622341156
1790107869948263400,28.515263427734375,-1.1183537244796753,0.7934859395027161,-0.3093711733818054
1790107869958207500,28.52520751953125,-1.3267031908035278,1.0695030689239502,-0.23258771002292633
1790107869968152600,28.535152587890625,-1.4803047180175781,1.0831092596054077,-0.21559619903564453
1790107869978096400,28.545096435546874,-1.5207089185714722,0.8637955188751221,-0.28617343306541443
1790107869988040400,28.55504052734375,-1.4460206031799316,0.4837088882923126,-0.4089757800102234
1790107869997985500,28.564985595703124,-1.3708086013793945,0.11258433759212494,-0.4835442900657654
1790107870007929600,28.5749296875,-1.384734869003296,-0.15523219108581543,-0.5356525182723999
1790107870017873400,28.584873291015626,-1.537013053894043,-0.32023152709007263,-0.597064197063446
1790107870027818500,28.594818603515623,-1.7717832326889038,-0.42978039383888245,-0.6861293315887451
1790107870037762300,28.60476220703125,-1.97852623462677,-0.4528809189796448,-0.762638509273529
1790107870047706600,28.61470654296875,-2.0437188148498535,-0.3993244767189026,-0.768991231918335
1790107870057651500,28.6246513671875,-2.0162112712860107,-0.3349468410015106,-0.6694989800453186
1790107870067595500,28.634595458984375,-1.96754789352417,-0.41164666414260864,-0.5407431125640869
1790107870077539300,28.644539306640624,-1.9111504554748535,-0.600877583026886,-0.5478599071502686
1790107870087484700,28.654484619140625,-1.8697580099105835,-0.8294385671615601,-0.7744837403297424
1790107870097428500,28.664428466796874,-1.7988367080688477,-1.1465365886688232,-1.0027475357055664
1790107870107372500,28.67437255859375,-1.684268832206726,-1.428966760635376,-1.1226962804794312
1790107870117317400,28.6843173828125,-1.5451750755310059,-1.5696569681167603,-1.1382325887680054
1790107870127261400,28.694261474609377,-1.3973894119262695,-1.5259979963302612,-1.049768328666687
1790107870137205500,28.70420556640625,-1.3764559030532837,-1.2396212816238403,-0.9082369804382324
1790107870147150600,28.714150634765623,-1.3974064588546753,-0.8350014090538025,-0.7465769648551941
1790107870157094400,28.724094482421876,-1.428529977798462,-0.5021281242370605,-0.5834304094314575
1790107870167038500,28.73403857421875,-1.3979792594909668,-0.276978075504303,-0.4262213408946991
1790107870176983600,28.743983642578126,-1.3299129009246826,-0.16908995807170868,-0.3346773087978363
1790107870186927600,28.753927734375,-1.2555654048919678,-0.16884920001029968,-0.2769160270690918
1790107870196871400,28.763871337890624,-1.1164155006408691,-0.21437940001487732,-0.19566696882247925
1790107870206816500,28.77381640625,-0.9545075297355652,-0.37510916590690613,0.00015419702685903758
1790107870216760300,28.78376025390625,-0.7327285408973694,-0.5343872308731079,0.30342724919319153
1790107870226704600,28.79370458984375,-0.5555476546287537,-0.29149043560028076,0.5813345313072205
1790107870236649500,28.8036494140625,-0.3743498921394348,0.49444034695625305,0.6690307855606079
1790107870246593500,28.813593505859377,-0.13881699740886688,0.9667019248008728,0.608051061630249
1790107870256537300,28.823537353515626,0.03489460051059723,0.7828183770179749,0.6086739897727966
1790107870266482700,28.833482666015627,0.18450433015823364,0.465152770280838,0.6567959785461426
1790107870276426500,28.843426513671876,0.29758694767951965,0.39950692653656006,0.6959905028343201
1790107870286370600,28.85337060546875,0.419613242149353,0.5237519145011902,0.7764158248901367
1790107870296315400,28.8633154296875,0.5689880847930908,0.7547134757041931,0.8530616164207458
1790107870306259500,28.873259521484375,0.7037475109100342,0.976257860660553,0.9259531497955322
1790107870316203500,28.88320361328125,0.8025220036506653,1.0849171876907349,1.0009746551513672
1790107870326148600,28.893148681640625,0.883529543876648,1.1130849123001099,1.0500292778015137
1790107870336092400,28.903092529296874,0.9461668133735657,1.1280287504196167,1.040730357170105
1790107870346036500,28.913036376953126,1.0001616477966309,1.1582947969436646,0.9683725237846375
1790107870355981600,28.922981689453124,1.0548852682113647,1.1361497640609741,0.8764675855636597
1790107870365925600,28.932925537109377,1.1061559915542603,0.9768810272216797,0.8039790391921997
1790107870375869400,28.942869384765626,1.1561341285705566,0.6196120977401733,0.719838559627533
1790107870385814500,28.952814453125,1.2180864810943604,0.20209237933158875,0.6245392560958862
1790107870395758300,28.96275830078125,1.325799584388733,-0.02604944445192814,0.5105178356170654
1790107870405702700,28.97270263671875,1.454972505569458,-0.1358041763305664,0.40538638830184937
1790107870415647500,28.9826474609375,1.604384422302246,-0.1998119205236435,0.3326368033885956
1790107870425591600,28.992591552734375,1.7899070978164673,-0.1092710942029953,0.32252559065818787
1790107870435535400,29.002535400390624,1.9916393756866455,0.02936161682009697,0.3493630588054657
1790107870445480700,29.012480712890625,2.1326980590820312,0.12746287882328033,0.38023415207862854
1790107870455424500,29.022424560546874,2.1922054290771484,0.1564396768808365,0.37655365467071533
1790107870465368600,29.03236865234375,2.2076773643493652,0.1694076657295227,0.3205857276916504
1790107870475313400,29.0423134765625,2.1826608180999756,0.2745239734649658,0.25478941202163696
1790107870485257500,29.052257568359376,2.1837260723114014,0.3997117280960083,0.1696513444185257
1790107870495201500,29.062201416015625,2.285938262939453,0.44706884026527405,0.08701053261756897
1790107870505146600,29.072146728515627,2.333714246749878,0.46227654814720154,0.11094728857278824
1790107870515090400,29.08209033203125,2.3229026794433594,0.28246790170669556,0.19639082252979279
1790107870525034500,29.092034423828125,2.188662528991699,-0.060562148690223694,0.25711196660995483
1790107870534979600,29.1019794921875,1.9240702390670776,-0.3156927227973938,0.22575536370277405
1790107870544923600,29.111923583984375,1.7595832347869873,-0.2365073412656784,0.02225603722035885
1790107870554867500,29.121867431640624,1.785166621208191,-0.20521679520606995,-0.22279685735702515
1790107870564812500,29.1318125,1.8151655197143555,-0.36811038851737976,-0.2735082507133484
1790107870574756600,29.141756591796874,1.7664012908935547,-0.5564507246017456,-0.2073364108800888
1790107870584700700,29.15170068359375,1.7471569776535034,-0.578315258026123,-0.12608523666858673
1790107870594645500,29.1616455078125,1.6098874807357788,-0.3629409074783325,-0.003977963700890541
1790107870604589600,29.171589599609376,1.520336389541626,-0.019268237054347992,0.08080536872148514
1790107870614533400,29.181533447265625,1.405657410621643,0.14946885406970978,-0.019812321290373802
1790107870624478500,29.191478515625,1.1999188661575317,0.04740293696522713,-0.09197492897510529
1790107870634422500,29.201422607421875,1.058667778968811,-0.26385506987571716,0.02629871480166912
1790107870644366300,29.211366455078124,1.1254814863204956,-0.448340505361557,0.15869350731372833
1790107870654311200,29.221311279296874,1.3001333475112915,-0.5063138008117676,0.1942341923713684
1790107870664255200,29.231255126953126,1.3294994831085205,-0.5053374767303467,0.14229536056518555
1790107870674199300,29.24119921875,1.2373970746994019,-0.2144337296485901,0.10947243124246597
1790107870684144400,29.251144287109376,1.1063913106918335,0.08898340165615082,0.0562150701880455
1790107870694088200,29.261088134765625,0.8364222049713135,0.13948625326156616,-0.09095307439565659
1790107870704032300,29.2710322265625,0.5167922377586365,0.17780888080596924,-0.23672598600387573
1790107870713977300,29.280977294921875,0.22547359764575958,0.27090126276016235,-0.22729334235191345
1790107870723921400,29.29092138671875,-0.02449469082057476,0.24348989129066467,-0.07678718864917755
1790107870733865200,29.300865234375,-0.22777190804481506,0.06416566669940948,0.09151793271303177
1790107870743810300,29.310810302734374,-0.42815160751342773,-0.11686030775308609,0.17750927805900574
1790107870753754000,29.320754150390623,-0.6128879189491272,0.001020523370243609,0.2137245386838913
1790107870763698400,29.330698486328124,-0.7849616408348083,0.25650501251220703,0.1726362258195877
1790107870773643300,29.340643310546874,-0.9490523338317871,0.4366207420825958,0.06621870398521423
1790107870783587300,29.35058740234375,-1.096497654914856,0.4434794485569,-0.07028082013130188
1790107870793531100,29.36053125,-1.2038854360580444,0.37968340516090393,-0.17332518100738525
1790107870803476200,29.370476318359376,-1.281023621559143,0.27939727902412415,-0.2085803747177124
1790107870813420300,29.380420166015625,-1.3287341594696045,0.14537876844406128,-0.19777698814868927
1790107870823364400,29.3903642578125,-1.3511518239974976,-0.0019036275334656239,-0.15779416263103485
1790107870833309200,29.40030908203125,-1.3583921194076538,-0.01374910119920969,-0.09177226573228836
1790107870843253200,29.410253173828124,-1.3605495691299438,0.17668236792087555,-0.004890362732112408
1790107870853197300,29.420197265625,-1.3881289958953857,0.33011293411254883,0.004013383761048317
1790107870863142100,29.43014208984375,-1.4432213306427002,0.2390570491552353,-0.07993930578231812
1790107870873086200,29.440086181640623,-1.4757260084152222,0.12232644110918045,-0.1630280613899231
1790107870883030300,29.4500302734375,-1.4625364542007446,0.1236814633011818,-0.17199918627738953
1790107870892975400,29.459975341796873,-1.430399775505066,0.15408171713352203,-0.18516559898853302
1790107870902919200,29.469919189453126,-1.3546850681304932,0.07490140199661255,-0.2554861009120941
1790107870912863200,29.47986328125,-1.2145159244537354,-0.025141838937997818,-0.33792850375175476
1790107870922808000,29.48980810546875,-1.130631923675537,-0.1085352674126625,-0.4318113327026367
1790107870932752400,29.49975244140625,-1.123910903930664,-0.11449115723371506,-0.48922643065452576
1790107870942696400,29.509696533203126,-1.1419589519500732,-0.12442474812269211,-0.4810294806957245
1790107870952641300,29.519641357421875,-1.2113540172576904,-0.1927710473537445,-0.44711625576019287
1790107870962585000,29.529585205078124,-1.3407058715820312,-0.2933613061904907,-0.4411417245864868
1790107870972529200,29.539529052734373,-1.524006724357605,-0.3163297474384308,-0.45168596506118774
1790107870982474200,29.54947412109375,-1.720821499824524,-0.2601708769798279,-0.5224416255950928
1790107870992418300,29.559418212890623,-1.858383059501648,-0.12783120572566986,-0.6496477723121643
1790107871002362400,29.5693623046875,-1.932710886001587,0.05381209775805473,-0.7937192320823669
1790107871012307200,29.57930712890625,-1.8989025354385376,0.09529615938663483,-0.9060454964637756
1790107871022251300,29.589251220703126,-1.8046202659606934,0.039314381778240204,-0.9322645664215088
1790107871032196400,29.5991962890625,-1.6834174394607544,-0.07945621013641357,-0.8711146712303162
1790107871042140200,29.60914013671875,-1.550022006034851,-0.2272866815328598,-0.791266679763794
1790107871052084200,29.619084228515625,-1.4136887788772583,-0.3202637732028961,-0.7103098034858704
1790107871062029300,29.629029296875,-1.306220293045044,-0.2819496691226959,-0.6326647996902466
1790107871071973400,29.638973388671875,-1.2346552610397339,-0.11501846462488174,-0.5901788473129272
1790107871081917200,29.648917236328124,-1.1553431749343872,0.10998242348432541,-0.5516738295555115
1790107871091862300,29.6588623046875,-1.092432975769043,0.33355292677879333,-0.47054699063301086
1790107871101806000,29.66880615234375,-1.0764353275299072,0.3298415541648865,-0.3272162079811096
1790107871111750400,29.67875048828125,-1.0861971378326416,0.24202755093574524,-0.2368820458650589
1790107871121695200,29.6886953125,-1.159387469291687,0.2660532593727112,-0.10237883776426315
1790107871131639300,29.698639404296873,-1.215741515159607,0.2926206886768341,-0.010491789318621159
1790107871141583000,29.7085830078125,-1.2542269229888916,0.2666942775249481,0.06499391049146652
1790107871151528400,29.718528564453123,-1.223716378211975,0.11115501821041107,0.08777698874473572
1790107871161472300,29.72847216796875,-1.243076205253601,-0.03663790598511696,0.11198379099369049
1790107871171416300,29.738416259765625,-1.2149848937988281,-0.21874326467514038,0.12506097555160522
1790107871181361200,29.748361083984374,-1.1907861232757568,-0.40295809507369995,0.12497469037771225
1790107871191305200,29.75830517578125,-1.1235133409500122,-0.6692529320716858,0.08980285376310349
1790107871201249300,29.768249267578124,-1.0286095142364502,-0.8510200381278992,0.09339892119169235
1790107871211194400,29.7781943359375,-0.9170619249343872,-0.9051399827003479,0.12295255064964294
1790107871221138200,29.78813818359375,-0.7547792792320251,-0.71527099609375,0.1747150868177414
1790107871231082200,29.798082275390627,-0.5780878663063049,-0.3145049512386322,0.28312623500823975
1790107871241027300,29.80802734375,-0.4040294885635376,0.06262423098087311,0.4263196289539337
1790107871250971400,29.817971435546873,-0.24566462635993958,0.3402894139289856,0.5233907699584961
1790107871260915200,29.827915283203126,-0.0828261747956276,0.4366164803504944,0.5106299519538879
1790107871270860300,29.8378603515625,0.07453975081443787,0.3650709092617035,0.5254291892051697
1790107871280804000,29.84780419921875,0.20562666654586792,0.3118164837360382,0.5944963693618774
1790107871290748400,29.85774853515625,0.32029733061790466,0.32936909794807434,0.6716249585151672
1790107871300693200,29.867693359375,0.4469788372516632,0.4307950735092163,0.7212676405906677
1790107871310637300,29.87763720703125,0.6096649169921875,0.5816463828086853,0.7094796895980835
1790107871320581000,29.8875810546875,0.7630587816238403,0.7497261762619019,0.676110029220581
1790107871330526500,29.8975263671875,0.9003779888153076,0.8099772930145264,0.6802887916564941
1790107871340470300,29.90747021484375,1.014900803565979,0.7791969776153564,0.6819044947624207
1790107871350414300,29.917414306640627,1.1220080852508545,0.7739548087120056,0.6680219769477844
1790107871360359200,29.927359130859376,1.2383190393447876,0.854322612285614,0.6506145000457764
1790107871370303200,29.93730322265625,1.364866018295288,0.928141713142395,0.6068902015686035
1790107871380247300,29.947247314453126,1.4589768648147583,0.9196390509605408,0.5669976472854614
1790107871390192400,29.9571923828125,1.5445140600204468,0.7975493669509888,0.5031744837760925
1790107871400136200,29.96713623046875,1.5911638736724854,0.726326584815979,0.4386977255344391
1790107871410080300,29.977080322265625,1.6229873895645142,0.7245603799819946,0.3558957874774933
1790107871420025300,29.987025390625,1.6756579875946045,0.6815758943557739,0.2629064619541168
1790107871429969400,29.996969482421875,1.7626192569732666,0.6104822754859924,0.19819776713848114
1790107871439913200,30.006913330078124,1.846344232559204,0.5624265670776367,0.15888658165931702
1790107871449858300,30.0168583984375,1.9619060754776,0.5133005976676941,0.10919226706027985
1790107871459802000,30.026802001953126,2.092602252960205,0.3984203338623047,0.042941343039274216
1790107871469746400,30.036746337890627,2.197340488433838,0.21566225588321686,-0.00421338714659214
1790107871479691300,30.046691162109376,2.2828798294067383,0.05260355770587921,-0.03387913852930069
1790107871489635300,30.05663525390625,2.385319232940674,0.016872189939022064,-0.049556367099285126
1790107871499579100,30.0665791015625,2.4651403427124023,0.12132029980421066,-0.02334154210984707
1790107871509524200,30.076524169921875,2.4865810871124268,0.11238859593868256,-0.019216571003198624
1790107871519468300,30.08646826171875,2.4210634231567383,-0.05068155378103256,-0.07815845310688019
1790107871529412400,30.096412353515625,2.3015294075012207,-0.2329067438840866,-0.22137606143951416
1790107871539357200,30.106357177734374,2.2011289596557617,-0.5090336799621582,-0.4272781014442444
1790107871549301200,30.11630126953125,1.9943078756332397,-0.8065918684005737,-0.530341625213623
1790107871559245300,30.126245361328124,1.7657378911972046,-1.0575332641601562,-0.44567495584487915
1790107871569190100,30.136190185546877,1.6580380201339722,-1.2667455673217773,-0.3731197714805603
1790107871579134200,30.14613427734375,1.5758651494979858,-1.3299109935760498,-0.18718214333057404
1790107871589078300,30.156078369140626,1.4396800994873047,-1.2483031749725342,-0.029415680095553398
1790107871599023400,30.1660234375,1.2932499647140503,-0.9341878890991211,0.03489752858877182
1790107871608967400,30.175967529296877,1.1836802959442139,-0.3900332450866699,0.07424093782901764
1790107871618911200,30.1859111328125,1.1149100065231323,0.12083454430103302,0.07362628728151321
1790107871628856000,30.19585595703125,1.0599175691604614,0.4017024338245392,0.0480162613093853
1790107871638800100,30.205800048828124,1.0430389642715454,0.2131977677345276,0.2195235639810562
1790107871648744400,30.215744384765625,1.052312970161438,-0.34779152274131775,0.4836777150630951
1790107871658689300,30.225689208984374,0.9747374653816223,-0.5717857480049133,0.6446399688720703
1790107871668633300,30.23563330078125,0.9314738512039185,-0.4268796741962433,0.6472219228744507
1790107871678577200,30.2455771484375,1.0033494234085083,-0.21987803280353546,0.4449590742588043
1790107871688522200,30.255522216796876,0.7947463989257812,-0.21022434532642365,0.22014515101909637
1790107871698466300,30.26546630859375,0.4341208338737488,-0.04319620504975319,0.06178560480475426
1790107871708410400,30.275410400390626,0.09829993546009064,0.2179054319858551,-0.06873219460248947
1790107871718355200,30.285355224609376,-0.17664293944835663,0.4670662581920624,-0.17659181356430054
1790107871728299300,30.29529931640625,-0.42548713088035583,0.5907905697822571,-0.2562568187713623
1790107871738243300,30.305243408203125,-0.6665875911712646,0.5158116817474365,-0.3329819440841675
1790107871748188200,30.315188232421875,-0.9027734994888306,0.3440287411212921,-0.3903730809688568
1790107871758132200,30.32513232421875,-1.0797805786132812,0.27781590819358826,-0.40293121337890625
1790107871768076300,30.335076171875,-1.2490206956863403,0.2809469699859619,-0.40638959407806396
1790107871778021400,30.345021484375,-1.4183751344680786,0.20123404264450073,-0.4223477840423584
1790107871787965200,30.354965087890626,-1.5701278448104858,0.10837733745574951,-0.43240416049957275
1790107871797909200,30.3649091796875,-1.6826133728027344,0.08750428259372711,-0.4238434135913849
1790107871807854000,30.37485400390625,-1.7283459901809692,0.11974424123764038,-0.4060833156108856
1790107871817798100,30.384798095703125,-1.7257333993911743,0.05049433186650276,-0.4181005656719208
1790107871827742500,30.394742431640626,-1.680254578590393,-0.027308586984872818,-0.4202721118927002
1790107871837687300,30.404687255859375,-1.6044083833694458,-0.07538210600614548,-0.3967745006084442
1790107871847631000,30.414631103515624,-1.5031203031539917,-0.12443859875202179,-0.3302442133426666
1790107871857575200,30.4245751953125,-1.3363667726516724,-0.1612727791070938,-0.2313176393508911
1790107871867520300,30.434520263671875,-1.1447861194610596,-0.13524571061134338,-0.13475382328033447
1790107871877464300,30.44446435546875,-0.9797239899635315,-0.12228969484567642,-0.0782117173075676
1790107871887409200,30.4544091796875,-0.7919449806213379,-0.15154744684696198,-0.061162158846855164
1790107871897353200,30.464353271484374,-0.5691462755203247,-0.2995917797088623,-0.1565089225769043
1790107871907297300,30.47429736328125,-0.38976481556892395,-0.37997689843177795,-0.2875540256500244
1790107871917242400,30.484242431640624,-0.32225632667541504,-0.36727359890937805,-0.3381154537200928
1790107871927186200,30.494186279296876,-0.35072579979896545,-0.3189907670021057,-0.2923373281955719
1790107871937130200,30.504130126953125,-0.4269239008426666,-0.22096912562847137,-0.2650495171546936
1790107871947075300,30.514075439453126,-0.5215718150138855,-0.004233627114444971,-0.2777751684188843
1790107871957019400,30.524019287109375,-0.6679642200469971,0.263262540102005,-0.28168734908103943
1790107871966963200,30.533963134765624,-0.8419839143753052,0.42969730496406555,-0.28891170024871826
1790107871976908300,30.543908203125,-1.0478790998458862,0.5013922452926636,-0.29452642798423767
1790107871986852000,30.55385205078125,-1.231350302696228,0.6392161846160889,-0.2891806662082672
1790107871996796400,30.56379638671875,-1.3041419982910156,0.7370412945747375,-0.2347877472639084
1790107872006741200,30.5737412109375,-1.3297709226608276,0.690544605255127,-0.19070763885974884
1790107872016685300,30.583685302734374,-1.413352131843567,0.5069422721862793,-0.21615493297576904
1790107872026629000,30.593629150390626,-1.4985027313232422,0.27536606788635254,-0.3453209102153778
1790107872036574500,30.603574462890624,-1.5219213962554932,0.13195110857486725,-0.3941286504268646
1790107872046518300,30.613518310546876,-1.509430170059204,-0.06379735469818115,-0.3480434715747833
1790107872056462300,30.62346240234375,-1.5286872386932373,-0.2153804898262024,-0.2966811954975128
1790107872066407200,30.6334072265625,-1.595506191253662,-0.3418811857700348,-0.33295825123786926
1790107872076351200,30.643351318359375,-1.6642147302627563,-0.48043984174728394,-0.5175813436508179
1790107872086295300,30.65329541015625,-1.6915619373321533,-0.6233559846878052,-0.7133665680885315
1790107872096240400,30.663240478515625,-1.6920883655548096,-0.731262743473053,-0.7894797325134277
1790107872106184200,30.67318408203125,-1.6223740577697754,-0.802543044090271,-0.7784633040428162
1790107872116128300,30.683128173828123,-1.582951545715332,-0.8198708891868591,-0.707787811756134
1790107872126073300,30.6930732421875,-1.5997989177703857,-0.7701483368873596,-0.6352193355560303
1790107872136017400,30.703017333984373,-1.600516676902771,-0.6978874802589417,-0.5767906308174133
1790107872145961200,30.712961181640626,-1.5657991170883179,-0.5712903738021851,-0.46011728048324585
1790107872155906300,30.72290625,-1.5094014406204224,-0.4297676086425781,-0.3561474680900574
1790107872165850000,30.73285009765625,-1.4298932552337646,-0.2976657748222351,-0.21577437222003937
1790107872175794400,30.74279443359375,-1.3022093772888184,-0.22630690038204193,-0.10504812002182007
1790107872185739300,30.7527392578125,-1.1976085901260376,-0.21988175809383392,-0.03570153936743736
1790107872195683300,30.762683349609375,-1.0692304372787476,-0.3820728063583374,-0.001329716295003891
1790107872205627100,30.772627197265624,-0.8858405947685242,-0.6081903576850891,0.005050684791058302
1790107872215572500,30.782572509765625,-0.7075648903846741,-0.6775481104850769,0.020419254899024963
1790107872225516300,30.792516357421874,-0.5802820324897766,-0.5087606906890869,0.06245166063308716
1790107872235460400,30.80246044921875,-0.4205474853515625,-0.15456907451152802,0.18797042965888977
1790107872245405200,30.8124052734375,-0.24145495891571045,0.3171486556529999,0.3369958698749542
1790107872255349200,30.822349365234373,-0.08608588576316833,0.6224997639656067,0.4587728977203369
1790107872265293300,30.832293212890626,0.0760047510266304,0.6870175004005432,0.5273224115371704
1790107872275238400,30.84223828125,0.25119921565055847,0.6376097798347473,0.5946007966995239
1790107872285182200,30.85218212890625,0.4114466607570648,0.5491318106651306,0.6605103015899658
1790107872295126300,30.862126220703125,0.5426478385925293,0.5222440361976624,0.7130235433578491
1790107872305071400,30.8720712890625,0.6812126040458679,0.6051580905914307,0.7082820534706116
1790107872315015400,30.882015380859375,0.8325377106666565,0.784160852432251,0.6513402462005615
1790107872324959200,30.891959228515624,0.9789833426475525,0.9717126488685608,0.6122500896453857
1790107872334904300,30.901904296875,1.1074379682540894,1.0356394052505493,0.6298642158508301
1790107872344848100,30.91184814453125,1.198232650756836,1.007405161857605,0.6650831699371338
1790107872354792400,30.92179248046875,1.2873255014419556,0.9387072920799255,0.6878145933151245
1790107872364737300,30.9317373046875,1.3695154190063477,0.8547394275665283,0.6578700542449951
1790107872374681300,30.941681396484373,1.4383783340454102,0.753451406955719,0.6067277193069458
1790107872384625200,30.951625244140626,1.5041112899780273,0.679323136806488,0.5555628538131714
1790107872394570200,30.9615703125,1.5760893821716309,0.6360288858413696,0.5391492247581482
1790107872404514300,30.971514404296876,1.6441583633422852,0.5516644716262817,0.5221103429794312
1790107872414458400,30.981458251953125,1.6898106336593628,0.49324432015419006,0.5240853428840637
1790107872424403200,30.9914033203125,1.7575587034225464,0.4599763751029968,0.5253263711929321
1790107872434347300,31.00134716796875,1.8540493249893188,0.4376135468482971,0.49426910281181335
1790107872444291300,31.011291259765624,1.931883692741394,0.41569626331329346,0.45471638441085815
1790107872454236200,31.021236083984373,1.9983506202697754,0.28250572085380554,0.44781824946403503
1790107872464180200,31.03118017578125,2.054943084716797,0.1272418349981308,0.45031416416168213
1790107872474125000,31.041125,2.120459794998169,0.05307893082499504,0.4054010212421417
1790107872484069400,31.0510693359375,2.204651117324829,0.055564459413290024,0.33569732308387756
1790107872494013200,31.06101318359375,2.2806975841522217,0.09265962988138199,0.30242058634757996
1790107872503958300,31.070958251953126,2.322624683380127,0.11132518947124481,0.3123975694179535
1790107872513902000,31.080902099609375,2.308774471282959,0.008917062543332577,0.3153952360153198
1790107872523846100,31.09084619140625,2.2097671031951904,-0.1923241764307022,0.2678349018096924
1790107872533791200,31.100791259765625,2.1326634883880615,-0.3897267282009125,0.19546963274478912
1790107872543735300,31.1107353515625,1.968145489692688,-0.481705904006958,0.10379297286272049
1790107872553679000,31.12067919921875,1.7339046001434326,-0.5569186210632324,-0.025200961157679558
1790107872563624200,31.130624267578124,1.6125576496124268,-0.6427339315414429,-0.024660073220729828
1790107872573568300,31.140568359375,1.4941388368606567,-0.6770088076591492,0.09275976568460464
1790107872583512300,31.15051220703125,1.3965563774108887,-0.6500339508056641,0.14331960678100586
1790107872593457200,31.16045703125,1.2873622179031372,-0.4647016227245331,0.04850175604224205
1790107872603401200,31.170401123046876,1.1326309442520142,-0.08384429663419724,-0.07750144600868225
1790107872613345000,31.180344970703125,1.0052149295806885,0.3913153111934662,-0.11672128736972809
1790107872623290400,31.190290283203126,0.9521719813346863,0.5460545420646667,-0.010402573272585869
1790107872633234200,31.200234130859375,0.9497948288917542,0.1524292230606079,0.17950451374053955
1790107872643178200,31.21017822265625,0.935765266418457,-0.36012062430381775,0.3298977315425873
1790107872653123300,31.220123291015625,0.8184061646461487,-0.525852620601654,0.39235979318618774
1790107872663067400,31.2300673828125,0.6169061064720154,-0.42961210012435913,0.3972059488296509
1790107872673011200,31.24001123046875,0.40236395597457886,-0.294014036655426,0.36070892214775085
1790107872682956300,31.249956298828124,0.27838370203971863,-0.322738379240036,0.3195481598377228
1790107872692900000,31.259900146484377,0.11080321669578552,-0.304889053106308,0.2970452606678009
1790107872702844400,31.269844482421874,-0.03092728927731514,-0.022660039365291595,0.31949809193611145
1790107872712789200,31.279789306640627,-0.15020468831062317,0.25699344277381897,0.31707489490509033
1790107872722733300,31.2897333984375,-0.25331082940101624,0.27056944370269775,0.27444273233413696
1790107872732677000,31.299677001953125,-0.3455025255680084,0.24476954340934753,0.27099528908729553
1790107872742622500,31.30962255859375,-0.46269601583480835,0.22410686314105988,0.2725609540939331
1790107872752566300,31.319566162109375,-0.5882089138031006,0.10537835210561752,0.2501411437988281
1790107872762510300,31.32951025390625,-0.6892066597938538,0.05109461024403572,0.2547537386417389
1790107872772455200,31.339455078125,-0.7597764134407043,0.13107013702392578,0.2920483648777008
1790107872782399200,31.349399169921874,-0.8392821550369263,0.061891064047813416,0.26404255628585815
1790107872792343300,31.35934326171875,-0.904301643371582,-0.15771906077861786,0.18733660876750946
1790107872802288400,31.369288330078124,-0.9575656652450562,-0.319902628660202,0.0927637591958046
1790107872812232200,31.379232177734377,-0.994412899017334,-0.32079240679740906,0.014244982041418552
1790107872822176300,31.38917626953125,-1.0239739418029785,-0.19125251471996307,-0.0665808916091919
1790107872832121300,31.399121337890627,-1.0331562757492065,-0.031067105010151863,-0.15141402184963226
1790107872842065400,31.4090654296875,-1.0277820825576782,0.1261661946773529,-0.2137434482574463
1790107872852009200,31.41900927734375,-1.0355736017227173,0.1695842444896698,-0.3140428960323334
1790107872861954300,31.428954345703126,-1.028876543045044,0.17834576964378357,-0.3738159239292145
1790107872871898400,31.4388984375,-0.9471111297607422,0.15257516503334045,-0.39319390058517456
1790107872881842400,31.448842529296876,-0.8095753788948059,0.0482516847550869,-0.38119715452194214
1790107872891787300,31.458787353515625,-0.7138723134994507,-0.09161727130413055,-0.3835764229297638
1790107872901731300,31.4687314453125,-0.6758311986923218,-0.15204092860221863,-0.418602854013443
1790107872911675100,31.478675048828126,-0.6963710784912109,-0.06852446496486664,-0.4484960436820984
1790107872921620500,31.488620361328124,-0.7564895153045654,0.08324242383241653,-0.44744569063186646
1790107872931564300,31.498564208984376,-0.8500165939331055,0.29752117395401,-0.4576285481452942
1790107872941508400,31.50850830078125,-0.9336313009262085,0.5233681201934814,-0.49710431694984436
1790107872951453200,31.518453125,-1.0245471000671387,0.6859322786331177,-0.5186862945556641
1790107872961397500,31.5283974609375,-1.1229090690612793,0.7021687626838684,-0.5011483430862427
1790107872971341300,31.53834130859375,-1.1851279735565186,0.566437304019928,-0.5006505846977234
1790107872981286400,31.548286376953126,-1.2288539409637451,0.41974347829818726,-0.5147783756256104
1790107872991230200,31.558230224609375,-1.280348777770996,0.29729586839675903,-0.5512874126434326
1790107873001175300,31.56817529296875,-1.3696719408035278,0.18043555319309235,-0.6002961993217468
1790107873011119400,31.578119384765625,-1.4769659042358398,0.1005452498793602,-0.6723573803901672
1790107873021063400,31.5880634765625,-1.545304536819458,0.07928816229104996,-0.716083288192749
1790107873031008300,31.59800830078125,-1.5772345066070557,0.07777149230241776,-0.6775305271148682
1790107873040952300,31.607952392578124,-1.5765817165374756,0.020000074058771133,-0.6483407020568848
1790107873050896400,31.617896484375,-1.5515443086624146,-0.026491794735193253,-0.6159337759017944
1790107873060841200,31.62784130859375,-1.513528823852539,-0.07047469913959503,-0.579584538936615
1790107873070785300,31.637785400390626,-1.4886013269424438,-0.18584123253822327,-0.6133044362068176
1790107873080729300,31.647729248046875,-1.4767422676086426,-0.28812873363494873,-0.6773512959480286
1790107873090674400,31.65767431640625,-1.4957489967346191,-0.3133230209350586,-0.7019674181938171
1790107873100618200,31.6676181640625,-1.5592011213302612,-0.31646502017974854,-0.6591914892196655
1790107873110562300,31.677562255859375,-1.621591567993164,-0.35434743762016296,-0.6159558892250061
1790107873120507100,31.687507080078124,-1.6498926877975464,-0.46091195940971375,-0.5631909370422363
1790107873130451200,31.697451171875,-1.6723647117614746,-0.5977760553359985,-0.5171877145767212
1790107873140395500,31.7073955078125,-1.6596643924713135,-0.6787034273147583,-0.4372388422489166
1790107873150340400,31.71734033203125,-1.6277499198913574,-0.6013761162757874,-0.29279085993766785
1790107873160284200,31.7272841796875,-1.5759642124176025,-0.39091822504997253,-0.17604213953018188
1790107873170228200,31.737228271484376,-1.5038065910339355,-0.1705392450094223,-0.02377270720899105
1790107873180173300,31.74717333984375,-1.3921035528182983,-0.1261584609746933,0.06817851960659027
1790107873190117400,31.757117431640626,-1.2920408248901367,-0.20378215610980988,0.10656213015317917
1790107873200061400,31.7670615234375,-1.1883366107940674,-0.37507694959640503,0.13856160640716553
1790107873210006300,31.77700634765625,-1.065077781677246,-0.5609232187271118,0.23329024016857147
1790107873219950000,31.7869501953125,-0.8583892583847046,-0.5970764756202698,0.3884497284889221
1790107873229894400,31.796894287109374,-0.6563200950622559,-0.4363677203655243,0.5624830722808838
1790107873239839200,31.806839111328124,-0.46285659074783325,-0.10061608999967575,0.6276617646217346
1790107873249783300,31.816783203125,-0.2919631600379944,0.19084344804286957,0.6223328113555908
1790107873259727400,31.826727294921874,-0.11264318972826004,0.26615044474601746,0.6631244421005249
1790107873269672400,31.83667236328125,0.05513116344809532,0.25563204288482666,0.7254980802536011
1790107873279616300,31.8466162109375,0.21643030643463135,0.39769384264945984,0.7257199287414551
1790107873289560300,31.856560302734376,0.37966209650039673,0.5692240595817566,0.7286347150802612
1790107873299505200,31.866505126953125,0.5458018183708191,0.7146289348602295,0.7253814339637756
1790107873309449200,31.87644921875,0.7103910446166992,0.8320838809013367,0.7082051038742065
1790107873319393300,31.886393310546875,0.8562113642692566,0.8984450697898865,0.6701725125312805
1790107873329338400,31.89633837890625,0.9878274202346802,0.9171985387802124,0.6084989905357361
1790107873339282200,31.9062822265625,1.1218112707138062,0.8886406421661377,0.5657448768615723
1790107873349226200,31.916226318359374,1.2643778324127197,0.7979445457458496,0.556717574596405
1790107873359171300,31.92617138671875,1.3914161920547485,0.729844868183136,0.5273474454879761
1790107873369115400,31.936115478515624,1.5114493370056152,0.6996023058891296,0.46146881580352783
1790107873379059200,31.94605908203125,1.6049902439117432,0.7042213082313538,0.38318493962287903
1790107873389004300,31.95600439453125,1.6672227382659912,0.708768904209137,0.3262556195259094
1790107873398948000,31.965947998046875,1.7316776514053345,0.6743965148925781,0.3356187343597412
1790107873408892400,31.975892333984376,1.7970712184906006,0.6524664759635925,0.34091445803642273
1790107873418837200,31.985837158203125,1.84506356716156,0.6568119525909424,0.2878027558326721
1790107873428781300,31.99578125,1.9000320434570312,0.6616154909133911,0.21863967180252075
1790107873438726100,32.00572607421875,1.9777153730392456,0.6250931620597839,0.16140194237232208
1790107873448670500,32.01567041015625,2.0650219917297363,0.5195374488830566,0.10317645221948624
1790107873458614300,32.0256142578125,2.1547203063964844,0.3427578806877136,0.04055328667163849
1790107873468559400,32.03555932617188,2.2071046829223633,0.12244468927383423,0.0155504634603858
1790107873478503200,32.04550317382812,2.229433536529541,-0.0014434333425015211,0.021514346823096275
1790107873488447200,32.055447265625,2.251295328140259,-0.08226025104522705,0.019085276871919632
1790107873498392300,32.06539233398438,2.25602126121521,-0.190304696559906,-0.029705164954066277
1790107873508336400,32.07533642578125,2.230498790740967,-0.3634011149406433,-0.03895432502031326
1790107873518280200,32.0852802734375,2.1627259254455566,-0.5703883767127991,-0.01689722388982773
1790107873528225300,32.095225341796876,2.034546375274658,-0.662820041179657,-0.0006159891490824521
1790107873538169300,32.10516943359375,1.8702759742736816,-0.9516502618789673,-0.13742230832576752
1790107873548113400,32.115113525390626,1.739850640296936,-1.2054204940795898,-0.3306674063205719
1790107873558058200,32.125058349609375,1.6091266870498657,-1.2286053895950317,-0.44794341921806335
1790107873568002300,32.13500219726563,1.5762946605682373,-1.0973427295684814,-0.38215723633766174
1790107873577946000,32.14494604492187,1.555677056312561,-0.7535576820373535,-0.17148227989673615
1790107873587891500,32.154891357421874,1.488213300704956,-0.3730151355266571,-0.06954579055309296
1790107873597835300,32.16483520507813,1.4232457876205444,0.011432950384914875,-0.09793135523796082
1790107873607779300,32.174779296875,1.288495421409607,0.3312802016735077,-0.11768322438001633
1790107873617724200,32.18472412109375,1.1152154207229614,0.12177490442991257,-0.08783397823572159
1790107873627668500,32.19466845703125,0.9713677763938904,-0.37667909264564514,0.030582675710320473
1790107873637612300,32.2046123046875,0.8483955264091492,-0.6736633777618408,0.19824331998825073
1790107873647557600,32.2145576171875,0.7323232293128967,-0.5386850237846375,0.31328120827674866
1790107873657501700,32.22450170898438,0.6148863434791565,-0.3924490213394165,0.29639729857444763
1790107873667445800,32.23444580078125,0.4949130713939667,-0.4146648347377777,0.22643207013607025
1790107873677390600,32.244390625,0.2923943102359772,-0.262965589761734,0.23404258489608765
1790107873687334700,32.254334716796876,0.09911273419857025,0.039809197187423706,0.2605000436306
1790107873697278700,32.26427880859375,-0.03339444100856781,0.24965883791446686,0.2184455245733261
1790107873707223600,32.2742236328125,-0.16763506829738617,0.35057345032691956,0.13248853385448456
1790107873717167600,32.284167724609375,-0.31833162903785706,0.38861724734306335,0.031447138637304306
1790107873727111700,32.29411157226563,-0.4613947868347168,0.36301788687705994,-0.05174468830227852
1790107873737056800,32.30405688476562,-0.5726605653762817,0.27281713485717773,-0.11128897219896317
1790107873747000600,32.31400048828125,-0.6571866869926453,0.09734812378883362,-0.17435503005981445
1790107873756944600,32.32394458007813,-0.7117188572883606,0.04722503572702408,-0.20075812935829163
1790107873766889500,32.333889404296876,-0.7597005367279053,0.1392899751663208,-0.20492598414421082
1790107873776833500,32.34383349609375,-0.8227061033248901,0.08604060858488083,-0.26366811990737915
1790107873786777900,32.35377783203125,-0.8798607587814331,-0.025195633992552757,-0.3273395001888275
1790107873796722700,32.36372265625,-0.9160259366035461,-0.10187629610300064,-0.3618253171443939
1790107873806666500,32.37366650390625,-0.9228545427322388,-0.03410071134567261,-0.33460408449172974
1790107873816610600,32.383610595703125,-0.9212880730628967,0.027669178321957588,-0.29026511311531067
1790107873826555600,32.3935556640625,-0.9058931469917297,-0.05706621706485748,-0.2716656029224396
1790107873836499700,32.40349975585937,-0.8847575187683105,-0.12813585996627808,-0.2563284635543823
1790107873846444500,32.41344458007813,-0.8655300140380859,-0.0910811722278595,-0.2558528184890747
1790107873856388600,32.423388671875,-0.8525521755218506,-0.06975244730710983,-0.2794540226459503
1790107873866332400,32.43333251953125,-0.8079937696456909,-0.13376738131046295,-0.3318250775337219
1790107873876277800,32.44327783203125,-0.7546620965003967,-0.13932859897613525,-0.37265586853027344
1790107873886221600,32.4532216796875,-0.7237427830696106,-0.02840048260986805,-0.3786168098449707
1790107873896165600,32.46316552734375,-0.7234256267547607,0.14892396330833435,-0.37189793586730957
1790107873906110500,32.4731103515625,-0.7453921437263489,0.36699050664901733,-0.3805100619792938
1790107873916054800,32.4830546875,-0.7688000202178955,0.529376208782196,-0.3999173045158386
1790107873925998600,32.49299853515625,-0.8728571534156799,0.6063176393508911,-0.4087851047515869
1790107873935943700,32.502943603515625,-1.039771318435669,0.557398796081543,-0.41928303241729736
1790107873945887500,32.51288745117188,-1.1759248971939087,0.469634085893631,-0.43583881855010986
1790107873955831600,32.52283154296875,-1.2691395282745361,0.36921799182891846,-0.45193737745285034
1790107873965776600,32.532776611328124,-1.371756672859192,0.28706666827201843,-0.47511085867881775
1790107873975720700,32.542720703125,-1.454742670059204,0.18686708807945251,-0.5230128765106201
1790107873985664500,32.55266455078125,-1.5422046184539795,0.10845297574996948,-0.5576797723770142
1790107873995609600,32.56260961914062,-1.6315706968307495,0.05236520245671272,-0.5320404767990112
1790107874005553700,32.5725537109375,-1.682032823562622,-0.06617848575115204,-0.5209457278251648
1790107874015497700,32.58249780273437,-1.6886329650878906,-0.1490936130285263,-0.5133256316184998
1790107874025442600,32.59244262695312,-1.6520682573318481,-0.13638579845428467,-0.4483194649219513
1790107874035386600,32.60238671875,-1.6217833757400513,-0.03395503759384155,-0.3325153589248657
1790107874045330400,32.61233032226563,-1.5828372240066528,0.012822854332625866,-0.31664079427719116
1790107874055275800,32.62227587890625,-1.5498085021972656,-0.06467593461275101,-0.3903922438621521
1790107874065219600,32.632219482421874,-1.5699132680892944,-0.1710558980703354,-0.42981475591659546
1790107874075163600,32.64216357421875,-1.619360089302063,-0.3044067621231079,-0.4227467179298401
1790107874085108500,32.6521083984375,-1.652806282043457,-0.4603644013404846,-0.4322606027126312
1790107874095052800,32.662052734375,-1.6515438556671143,-0.5755783319473267,-0.4520191252231598
1790107874104996600,32.67199658203125,-1.6653456687927246,-0.6408875584602356,-0.45807355642318726
1790107874114941700,32.68194165039063,-1.6638559103012085,-0.6180906295776367,-0.4680127501487732
1790107874124885500,32.69188549804687,-1.6503894329071045,-0.48421886563301086,-0.40069735050201416
1790107874134829600,32.70182958984375,-1.5872982740402222,-0.361336886882782,-0.3451744318008423
1790107874144774700,32.711774658203126,-1.4650347232818604,-0.2572445869445801,-0.27948758006095886
1790107874154718700,32.72171875,-1.3728123903274536,-0.14273877441883087,-0.22381046414375305
1790107874164662500,32.73166259765625,-1.265567421913147,-0.12628336250782013,-0.1854550838470459
1790107874174607600,32.741607666015625,-1.1620831489562988,-0.2445245236158371,-0.14398327469825745
1790107874184551700,32.7515517578125,-1.0226136445999146,-0.3868395984172821,-0.10544333606958389
1790107874194495700,32.761495849609375,-0.8296455144882202,-0.3775257170200348,-0.021393438801169395
1790107874204440600,32.771440673828124,-0.6443890929222107,-0.19151456654071808,0.08838498592376709
1790107874214384600,32.78138452148438,-0.44778069853782654,0.027277693152427673,0.1729121208190918
1790107874224328400,32.79132836914062,-0.2849699556827545,0.21288643777370453,0.20640403032302856
1790107874234273800,32.80127368164062,-0.14245274662971497,0.38044002652168274,0.26281246542930603
1790107874244217600,32.811217529296876,-0.022902386263012886,0.4397946894168854,0.3022368252277374
1790107874254162400,32.821162353515625,0.11456732451915741,0.4297686815261841,0.31843897700309753
1790107874264106500,32.8311064453125,0.26535043120384216,0.43848761916160583,0.32430216670036316
1790107874274050800,32.84105078125,0.4272967278957367,0.48141083121299744,0.3200474977493286
1790107874283995600,32.85099560546875,0.5871950387954712,0.4421539902687073,0.3480716943740845
1790107874293939700,32.86093969726563,0.7353813052177429,0.35701271891593933,0.381474107503891
1790107874303883500,32.870883544921874,0.8883926868438721,0.33941614627838135,0.3517977297306061
1790107874313828600,32.88082861328125,1.054104208946228,0.4242974817752838,0.29061266779899597
1790107874323772700,32.89077270507813,1.1991668939590454,0.523389995098114,0.29145023226737976
1790107874333716700,32.900716796875,1.3323488235473633,0.5752062797546387,0.37705352902412415
1790107874343661600,32.91066162109375,1.4546161890029907,0.615601658821106,0.46438658237457275
1790107874353605600,32.92060571289063,1.5520535707473755,0.6198041439056396,0.5149786472320557
1790107874363549700,32.9305498046875,1.634356141090393,0.5936899781227112,0.5285975337028503
1790107874373494500,32.94049462890625,1.7221919298171997,0.5778809189796448,0.5183078646659851
1790107874383438600,32.9504384765625,1.820494294166565,0.6040979027748108,0.5230637192726135
1790107874393382700,32.96038256835938,1.9095275402069092,0.6338006258010864,0.5413801670074463
1790107874403327700,32.97032763671875,2.0202224254608154,0.5206477046012878,0.571284830570221
1790107874413271600,32.980271484375,2.11861252784729,0.3032536208629608,0.5927064418792725
1790107874423215600,32.99021557617188,2.200857400894165,0.14750370383262634,0.581832766532898
1790107874433160400,33.00016040039063,2.2737300395965576,0.051891691982746124,0.569425106048584
1790107874443104800,33.010104736328124,2.3350651264190674,-0.1127859354019165,0.593331515789032
1790107874453048800,33.020048828125,2.389457941055298,-0.3352791965007782,0.6469351053237915
1790107874462993700,33.02999365234375,2.4107816219329834,-0.5006574988365173,0.6546561121940613
1790107874472937500,33.0399375,2.407280206680298,-0.45245587825775146,0.6311747431755066
1790107874482881500,33.049881591796876,2.414759397506714,-0.31511613726615906,0.5973486304283142
1790107874492826600,33.05982666015625,2.3519084453582764,-0.33217501640319824,0.5620681047439575
1790107874502770700,33.06977075195312,2.14782977104187,-0.4758773148059845,0.5203412175178528
1790107874512714800,33.07971484375,1.8751364946365356,-0.7782883048057556,0.3774508833885193
1790107874522659600,33.08965966796875,1.6761258840560913,-1.029516577720642,0.2023395150899887
1790107874532603600,33.09960375976563,1.6800706386566162,-1.1149592399597168,0.21320708096027374
1790107874542547700,33.109547607421874,1.6660487651824951,-0.8758231401443481,0.43914273381233215
1790107874552492500,33.11949243164062,1.5735926628112793,-0.5052703619003296,0.5227023363113403
1790107874562436600,33.1294365234375,1.373671531677246,-0.17748716473579407,0.3486650288105011
1790107874572380400,33.13938037109375,1.0944023132324219,0.19464831054210663,0.10742659121751785
1790107874582325800,33.14932568359375,0.908263087272644,0.3980826735496521,0.026448652148246765
1790107874592269600,33.15926953125,0.877785861492157,0.25734391808509827,0.10117135941982269
1790107874602214700,33.169214599609376,0.8974378705024719,-0.19121655821800232,0.21041901409626007
1790107874612158500,33.17915844726563,0.8977851271629333,-0.5210636854171753,0.335741251707077
1790107874622102800,33.189102783203126,0.8189851641654968,-0.586600124835968,0.36981427669525146
1790107874632047600,33.199047607421875,0.6441081166267395,-0.6112585663795471,0.25886270403862
1790107874641991000,33.208990966796875,0.5067124366760254,-0.6460375785827637,0.1311686784029007
1790107874651935000,33.21893505859375,0.324836403131485,-0.47007083892822266,0.062133412808179855
1790107874661880000,33.22888012695312,0.07106804847717285,-0.47352468967437744,0.026685407385230064
1790107874671824000,33.238823974609375,-0.10144646465778351,-0.1025676503777504,0.057304833084344864
1790107874681768000,33.24876782226563,-0.24801352620124817,0.2134169340133667,0.0009795106016099453
1790107874691713000,33.25871313476563,-0.37524285912513733,0.4470539391040802,-0.09226495027542114
1790107874701657000,33.268656982421874,-0.47814393043518066,0.5072911977767944,-0.14485305547714233
1790107874711601000,33.278600830078126,-0.614251971244812,0.13521960377693176,-0.19745954871177673
1790107874721546000,33.2885458984375,-0.7065091729164124,-0.036498088389635086,-0.14870585501194
1790107874731489800,33.29848974609375,-0.7882288098335266,0.1927763819694519,-0.0510256327688694
1790107874741434000,33.30843408203125,-0.8564752340316772,0.46226564049720764,-0.01341514103114605
1790107874751379000,33.31837890625,-0.9289790391921997,0.439529687166214,-0.10010635852813721
1790107874761323000,33.32832299804687,-0.9756695628166199,0.08737938106060028,-0.21916617453098297
1790107874771266800,33.338266845703124,-0.9893766045570374,-0.12236186116933823,-0.24923565983772278
1790107874781212200,33.348212158203125,-0.9977865815162659,-0.11307276040315628,-0.23087449371814728
1790107874791156000,33.35815600585938,-1.0060220956802368,0.06606796383857727,-0.22864782810211182
1790107874801100000,33.36810009765625,-0.9784168601036072,0.19782066345214844,-0.28050675988197327
1790107874811044900,33.378044921875,-0.9774402976036072,0.1889083981513977,-0.3309350609779358
1790107874820989000,33.38798901367188,-0.9907364249229431,0.21125951409339905,-0.34770843386650085
1790107874830933000,33.39793310546875,-0.9805024266242981,0.3583959639072418,-0.3383506238460541
1790107874840878000,33.407878173828124,-0.894074559211731,0.5029009580612183,-0.31992554664611816
1790107874850822000,33.41782177734375,-0.7752488255500793,0.5036543607711792,-0.3115245997905731
1790107874860766000,33.42776586914062,-0.6954935789108276,0.4631601870059967,-0.28617051243782043
1790107874870711000,33.4377109375,-0.7090170979499817,0.45761895179748535,-0.2752864360809326
1790107874880655000,33.447655029296875,-0.7887303233146667,0.4260442554950714,-0.26789748668670654
1790107874890599000,33.45759887695313,-0.9089600443840027,0.38703054189682007,-0.21457195281982422
1790107874900544000,33.4675439453125,-1.0420150756835938,0.39721155166625977,-0.13298867642879486
1790107874910487800,33.47748779296875,-1.173830270767212,0.4955897629261017,-0.08212842792272568
1790107874920432000,33.48743212890625,-1.2730820178985596,0.5820213556289673,-0.08404084295034409
1790107874930377000,33.497376953125,-1.3486897945404053,0.5270656943321228,-0.13435034453868866
1790107874940321000,33.50732104492187,-1.4287028312683105,0.34734225273132324,-0.1543261855840683
1790107874950264800,33.517264892578126,-1.495474100112915,0.18554243445396423,-0.15262655913829803
1790107874960210200,33.52721020507813,-1.5793309211730957,-0.023383619263768196,-0.15832997858524323
1790107874970154000,33.53715405273437,-1.6945432424545288,-0.2498045116662979,-0.2227630317211151
1790107874980099000,33.54709912109375,-1.7629894018173218,-0.4336877763271332,-0.3158959150314331
1790107874990043000,33.55704296875,-1.737643837928772,-0.49023520946502686,-0.3464362323284149
1790107874999987000,33.56698706054687,-1.682702660560608,-0.5082824230194092,-0.2889186143875122
1790107875009932000,33.57693212890625,-1.6553345918655396,-0.5939512252807617,-0.24984605610370636
1790107875019876000,33.5868759765625,-1.6103285551071167,-0.7098245620727539,-0.26805010437965393
1790107875029820000,33.59681982421875,-1.5757734775543213,-0.773929238319397,-0.2856826186180115
1790107875039765000,33.60676489257813,-1.5983797311782837,-0.7406352162361145,-0.3284332752227783
1790107875049709000,33.616708984375,-1.593935489654541,-0.6947199106216431,-0.34462690353393555
1790107875059653000,33.62665307617188,-1.5869028568267822,-0.6865557432174683,-0.3081788718700409
1790107875069598000,33.636597900390626,-1.5439846515655518,-0.7440235614776611,-0.2570666968822479
1790107875079542000,33.6465419921875,-1.4993681907653809,-0.7398014068603516,-0.22627468407154083
1790107875089486000,33.656486083984376,-1.4399453401565552,-0.7133268713951111,-0.1761886179447174
1790107875099431000,33.666430908203125,-1.3894691467285156,-0.6570833325386047,-0.18169362843036652
1790107875109375000,33.676375,-1.3726550340652466,-0.6012008786201477,-0.1475369930267334
1790107875119319000,33.686319091796875,-1.3183693885803223,-0.5451086163520813,-0.094526506960392
1790107875129264000,33.69626416015625,-1.24531888961792,-0.48319143056869507,-0.02834801748394966
1790107875139208200,33.70620825195312,-1.127699613571167,-0.4184079170227051,0.013494237326085567
1790107875149152000,33.716152099609374,-1.0313645601272583,-0.4260714054107666,0.053577739745378494
1790107875159096800,33.72609692382812,-0.9071288704872131,-0.5316089987754822,0.07754086703062057
1790107875169041000,33.736041015625,-0.7489809989929199,-0.6272109150886536,0.12207531183958054
1790107875178985200,33.74598510742187,-0.6061325073242188,-0.7014753222465515,0.1602163016796112
1790107875188930000,33.75592993164062,-0.4492824673652649,-0.6037769913673401,0.1609707772731781
1790107875198874000,33.7658740234375,-0.2688852548599243,-0.3246249556541443,0.14985500276088715
1790107875208818000,33.77581787109375,-0.12069126218557358,-0.1224960908293724,0.17433904111385345
1790107875218763000,33.78576293945312,0.01842321641743183,0.029810892418026924,0.23695102334022522
1790107875228707000,33.79570703125,0.14920146763324738,0.22834208607673645,0.2987435460090637
1790107875238652000,33.80565185546875,0.2846548855304718,0.2970180809497833,0.3396854102611542
1790107875248596000,33.81559594726563,0.40468651056289673,0.22244851291179657,0.3573179244995117
1790107875258540000,33.8255400390625,0.5324702858924866,0.12151524424552917,0.3770727217197418
1790107875268485000,33.835485107421874,0.7009857892990112,0.1357349306344986,0.39678916335105896
1790107875278429000,33.84542895507813,0.8845663070678711,0.24921675026416779,0.40852171182632446
1790107875288373000,33.855373046875,1.0697503089904785,0.32635921239852905,0.419870525598526
1790107875298317800,33.86531787109375,1.2257672548294067,0.3113275170326233,0.45671695470809937
1790107875308262100,33.87526220703125,1.3720859289169312,0.319680780172348,0.4815559685230255
1790107875318206000,33.8852060546875,1.512202262878418,0.41999754309654236,0.48083585500717163
1790107875328151000,33.89515112304687,1.6395817995071411,0.49087652564048767,0.47761210799217224
1790107875338094800,33.9050947265625,1.7559698820114136,0.5477054119110107,0.5210538506507874
1790107875348039000,33.91503881835938,1.8335325717926025,0.6299148201942444,0.601254403591156
1790107875357984000,33.92498388671875,1.9166581630706787,0.6815455555915833,0.6749020218849182
1790107875367928000,33.934927978515624,2.0146868228912354,0.6571272611618042,0.7174375057220459
1790107875377872000,33.94487182617188,2.1127591133117676,0.6235048770904541,0.7548242807388306
1790107875387817000,33.95481689453125,2.189244031906128,0.6100364327430725,0.7695558071136475
1790107875397761000,33.96476098632812,2.269001007080078,0.6193311810493469,0.7608100175857544
1790107875407705000,33.974705078125,2.325784206390381,0.6594527363777161,0.7056031823158264
1790107875417650000,33.98464990234375,2.3922741413116455,0.6693828701972961,0.5999108552932739
1790107875427594000,33.99459399414062,2.4320051670074463,0.613587498664856,0.5054703950881958
1790107875437537800,34.004537841796875,2.39819598197937,0.543574869632721,0.5369006991386414
1790107875447483100,34.014483154296876,2.254427909851074,0.4542900025844574,0.6795476078987122
1790107875457427000,34.02442700195313,2.0113649368286133,0.17566050589084625,0.6581376791000366
1790107875467371000,34.03437109375,1.8537052869796753,-0.023809459060430527,0.3681607246398926
1790107875477315800,34.04431591796875,1.7824856042861938,-0.2707073986530304,0.050759848207235336
1790107875487260200,34.05426025390625,1.8398858308792114,-0.45401328802108765,-0.016706008464097977
1790107875497204000,34.06420385742187,1.9264588356018066,-0.47450631856918335,0.095545694231987
1790107875507149000,34.074149169921874,1.9437648057937622,-0.475908488035202,0.10915844142436981
1790107875517092900,34.0840927734375,1.8581572771072388,-0.10632457584142685,0.13874803483486176
1790107875527037000,34.09403686523437,1.7587406635284424,0.665283739566803,0.06198427453637123
1790107875536982000,34.10398193359375,1.7171844244003296,0.8889495730400085,-0.0453760027885437
1790107875546926000,34.113926025390626,1.6608524322509766,0.5695300698280334,0.10125551372766495
1790107875556870000,34.12386987304688,1.5327072143554688,0.3286665678024292,0.24778077006340027
1790107875566815000,34.13381494140625,1.3544139862060547,0.2439948171377182,0.2509526014328003
1790107875576759000,34.143759033203125,1.132415533065796,0.11496973037719727,0.21160492300987244
1790107875586704100,34.1537041015625,0.9607499837875366,0.09676409512758255,0.2692575752735138
1790107875596648000,34.16364794921875,0.9026368856430054,0.2622699737548828,0.3836033046245575
1790107875606592000,34.173592041015624,0.7872698307037354,0.1727379560470581,0.403469443321228
1790107875616537000,34.183537109375,0.6827077269554138,0.10869798064231873,0.3183862268924713
1790107875626481200,34.19348120117188,0.5705859661102295,0.30565258860588074,0.2045547366142273
1790107875636425000,34.20342504882812,0.5068925023078918,0.3341444134712219,0.09966614097356796
1790107875646370000,34.2133701171875,0.3488732874393463,0.026075275614857674,0.014844992198050022
1790107875656313900,34.22331396484375,0.17779476940631866,-0.11402563750743866,-0.05282193422317505
1790107875666258000,34.2332578125,-0.0074030552059412,0.001544100814498961,-0.09024281054735184
1790107875676202800,34.24320263671875,-0.1777026206254959,0.1444929987192154,-0.11571647971868515
1790107875686147000,34.25314697265625,-0.37671959400177,0.1649082601070404,-0.17116110026836395
1790107875696091000,34.2630908203125,-0.5536988973617554,0.1942560225725174,-0.21943141520023346
1790107875706036000,34.27303588867188,-0.6747395396232605,0.30647310614585876,-0.2530367970466614
1790107875715979800,34.28297973632812,-0.7879548072814941,0.37675926089286804,-0.3113299310207367
1790107875725923800,34.292923828125,-0.904150128364563,0.28424638509750366,-0.3890042006969452
1790107875735869000,34.30286889648438,-0.9770700931549072,0.15671850740909576,-0.42241090536117554
1790107875745813000,34.31281298828125,-0.9903672933578491,0.23082974553108215,-0.3694014847278595
1790107875755756800,34.3227568359375,-0.9952986836433411,0.2815810739994049,-0.2771330773830414
1790107875765702000,34.332701904296876,-0.9931345582008362,0.33307701349258423,-0.17415529489517212
1790107875775646000,34.34264599609375,-0.9901313185691833,0.3794349431991577,-0.06992528587579727
1790107875785590000,34.352590087890626,-0.9799985289573669,0.42800432443618774,-0.0032735576387494802
1790107875795534800,34.362534912109375,-0.9498345255851746,0.46436527371406555,-0.01955239661037922
1790107875805479000,34.37247900390625,-0.9078662991523743,0.485887348651886,-0.10740049183368683
1790107875815422700,34.38242260742187,-0.8796465992927551,0.5208706259727478,-0.24307416379451752
1790107875825367800,34.392367919921874,-0.9135571718215942,0.539602518081665,-0.41044771671295166
1790107875835311900,34.40231176757813,-1.0025174617767334,0.5223244428634644,-0.6113163828849792
1790107875845256000,34.412255859375,-1.0905729532241821,0.47325143218040466,-0.8325912356376648
1790107875855200800,34.42220068359375,-1.1711761951446533,0.4797080159187317,-1.0154012441635132
1790107875865145000,34.43214501953125,-1.2508130073547363,0.38650190830230713,-1.134522557258606
1790107875875089000,34.4420888671875,-1.3113380670547485,0.1902647465467453,-1.1944581270217896
1790107875885033700,34.45203369140625,-1.3320958614349365,-0.03525705635547638,-1.187182903289795
1790107875894977800,34.461977783203125,-1.342063546180725,-0.12540026009082794,-0.9150251150131226
1790107875904921900,34.471921875,-1.4656270742416382,-0.12590625882148743,-0.5208093523979187
1790107875914867000,34.48186694335938,-1.6547508239746094,-0.10162835568189621,-0.2474934160709381
1790107875924811000,34.49181103515625,-1.7857224941253662,-0.03701980412006378,-0.23655155301094055
1790107875934755800,34.501755859375,-1.8706411123275757,0.11611169576644897,-0.3606436848640442
1790107875944699600,34.51169970703125,-1.9521583318710327,0.2702389359474182,-0.43137431144714355
1790107875954644000,34.52164404296875,-1.9891605377197266,0.4567185342311859,-0.3911440670490265
1790107875964588800,34.5315888671875,-1.8880970478057861,0.6990920305252075,-0.31273552775382996
1790107875974532900,34.54153295898438,-1.6617885828018188,0.8849647045135498,-0.3151443600654602
1790107875984477000,34.55147680664062,-1.4694470167160034,0.7866165637969971,-0.456299364566803
1790107875994422000,34.56142211914062,-1.4345391988754272,0.3415602743625641,-0.654083788394928
1790107876004365800,34.57136572265625,-1.5683417320251465,-0.20662455260753632,-0.8075588345527649
1790107876014310000,34.58130981445313,-1.7139936685562134,-0.6769196391105652,-0.8587296009063721
1790107876024254700,34.59125463867188,-1.7052042484283447,-1.0151312351226807,-0.8729908466339111
1790107876034198800,34.60119873046875,-1.5693867206573486,-1.2379051446914673,-0.8440515995025635
1790107876044142800,34.61114282226563,-1.46656334400177,-1.3487379550933838,-0.7680417895317078
1790107876054088000,34.621087890625,-1.4198802709579468,-1.3060871362686157,-0.6815721392631531
1790107876064031700,34.63103173828125,-1.4253573417663574,-1.0733897686004639,-0.6745432615280151
1790107876073975800,34.640975830078126,-1.4278961420059204,-0.8016594052314758,-0.6415570974349976
1790107876083921000,34.6509208984375,-1.4198291301727295,-0.6274881362915039,-0.599372386932373
1790107876093865000,34.66086499023437,-1.3776886463165283,-0.6096827983856201,-0.5391702651977539
1790107876103808800,34.670808837890625,-1.2984644174575806,-0.6160546541213989,-0.44994959235191345
1790107876113753900,34.68075390625,-1.2187131643295288,-0.5779139399528503,-0.48952656984329224
1790107876123698000,34.69069799804687,-1.1911057233810425,-0.4517541527748108,-0.6086785197257996
1790107876133642000,34.70064208984375,-1.1160889863967896,-0.28952422738075256,-0.6492781639099121
1790107876143586800,34.7105869140625,-1.0025017261505127,-0.1480933278799057,-0.47433534264564514
1790107876153531000,34.72053076171875,-0.8238552808761597,-0.15079642832279205,-0.17367751896381378
1790107876163474700,34.730474609375,-0.6405613422393799,-0.04108645021915436,0.15055115520954132
1790107876173420000,34.740419921875,-0.5182849764823914,0.23423033952713013,0.4193783700466156
1790107876183363800,34.75036376953125,-0.3743975758552551,0.5263319611549377,0.523917019367218
1790107876193309000,34.760308837890626,-0.30266720056533813,0.6312229633331299,0.5161818861961365
1790107876203252700,34.77025268554687,-0.2358950823545456,0.5139474868774414,0.5156516432762146
1790107876213197000,34.780197021484376,-0.12592171132564545,0.41075798869132996,0.501056432723999
1790107876223142000,34.790141845703126,0.027466511353850365,0.35141876339912415,0.4948297142982483
1790107876233086000,34.8000859375,0.20213206112384796,0.3620151877403259,0.5098499655723572
1790107876243029800,34.81002978515625,0.3995186388492584,0.43515413999557495,0.5340191721916199
1790107876252975000,34.81997509765625,0.583014965057373,0.5454555749893188,0.5503619313240051
1790107876262919000,34.8299189453125,0.7646494507789612,0.5702621340751648,0.5454478859901428
1790107876272863000,34.839863037109374,0.94755619764328,0.49785318970680237,0.5173579454421997
1790107876282807800,34.849807861328124,1.1229897737503052,0.42757079005241394,0.4493096172809601
1790107876292752000,34.859751953125,1.2742067575454712,0.3972181975841522,0.383036345243454
1790107876302696000,34.869696044921874,1.403800129890442,0.4456251561641693,0.3357093036174774
1790107876312641000,34.87964111328125,1.5303272008895874,0.47718092799186707,0.29793474078178406
1790107876322584800,34.889584716796875,1.6291637420654297,0.4096847176551819,0.27707529067993164
1790107876332529000,34.89952880859375,1.69853675365448,0.37070056796073914,0.2889476418495178
1790107876342474000,34.90947387695312,1.7527821063995361,0.3993937373161316,0.2929905951023102
1790107876352418000,34.91941796875,1.8039251565933228,0.40140336751937866,0.29896512627601624
1790107876362361900,34.92936181640625,1.851860523223877,0.347327321767807,0.3219998776912689
1790107876372307000,34.93930688476563,1.902596116065979,0.23351608216762543,0.3332895338535309
1790107876382250800,34.94925073242187,1.967976689338684,0.172165647149086,0.34505966305732727
1790107876392195000,34.95919506835938,2.0430760383605957,0.21400229632854462,0.34922030568122864
1790107876402140000,34.96913989257813,2.122365951538086,0.2727217972278595,0.35314980149269104
1790107876412084000,34.979083984375,2.1984894275665283,0.2337895929813385,0.3665130138397217
1790107876422027800,34.98902783203125,2.2494568824768066,0.12920619547367096,0.3830629587173462
1790107876431972900,34.998972900390626,2.275961399078369,0.0766841247677803,0.4437263011932373
1790107876441917000,35.0089169921875,2.3088371753692627,0.12027261406183243,0.502325177192688
1790107876451861000,35.018861083984376,2.315953016281128,0.06164072826504707,0.48427027463912964
1790107876461805800,35.028805908203125,2.2027368545532227,-0.23689642548561096,0.36110547184944153
1790107876471750000,35.03875,2.0504379272460938,-0.43577995896339417,0.23161324858665466
1790107876481695000,35.04869506835937,1.922925591468811,-0.4654867351055145,0.11197873204946518
1790107876491638800,35.058638671875,1.8927165269851685,-0.49745211005210876,0.14526265859603882
1790107876501582800,35.06858276367188,1.8789269924163818,-0.5581769943237305,0.2800140678882599
1790107876511527700,35.078527587890626,1.7841227054595947,-0.7946627736091614,0.28084230422973633
1790107876521472000,35.08847192382812,1.6112114191055298,-1.0035001039505005,0.21177563071250916
1790107876531416000,35.098416015625,1.362019419670105,-0.983955979347229,0.1826944500207901
1790107876541361000,35.10836083984375,1.1314420700073242,-0.5914388298988342,0.13400733470916748
1790107876551304700,35.1183046875,0.9126375913619995,-0.060924604535102844,0.11080454289913177
1790107876561248800,35.128248779296875,0.8879356980323792,0.3293384909629822,0.1437489092350006
1790107876571193900,35.13819384765625,0.9761214852333069,0.16658179461956024,0.2236538678407669
1790107876581138000,35.14813793945312,1.046569585800171,-0.4314992129802704,0.32776907086372375
1790107876591082000,35.15808203125,1.0188045501708984,-0.6550976634025574,0.47397634387016296
1790107876601026800,35.16802685546875,0.9619593620300293,-0.48195305466651917,0.5257010459899902
1790107876610971000,35.17797094726563,0.7854138612747192,-0.3834688365459442,0.47269564867019653
1790107876620915000,35.1879150390625,0.5965757966041565,-0.3976150155067444,0.33899644017219543
1790107876630859800,35.19785986328125,0.44959643483161926,-0.35102006793022156,0.22058936953544617
1790107876640803800,35.20780395507813,0.26607561111450195,-0.3399876654148102,0.14957298338413239
1790107876650748000,35.21774780273437,0.061595987528562546,-0.2722376585006714,0.14361043274402618
1790107876660692700,35.22769262695312,-0.11643499881029129,-0.27488455176353455,0.12407347559928894
1790107876670636500,35.237636474609374,-0.3012663722038269,-0.2941075265407562,0.05758153647184372
1790107876680580600,35.24758056640625,-0.49842336773872375,-0.2062000334262848,-0.01745355874300003
1790107876690525700,35.25752563476563,-0.7192843556404114,-0.15299993753433228,-0.09823176264762878
1790107876700469800,35.2674697265625,-0.8921837210655212,-0.06445062905550003,-0.14719423651695251
1790107876710413600,35.27741357421875,-1.0058144330978394,0.09482451528310776,-0.13545449078083038
1790107876720358700,35.28735864257813,-1.0844727754592896,0.13359561562538147,-0.13025493919849396
1790107876730302500,35.29730249023437,-1.1275120973587036,0.1969631314277649,-0.13012444972991943
1790107876740247800,35.30724780273437,-1.1320557594299316,0.28874310851097107,-0.13812750577926636
1790107876750191600,35.317191650390626,-1.129653811454773,0.30373457074165344,-0.17973008751869202
1790107876760135700,35.3271357421875,-1.1272119283676147,0.14975833892822266,-0.2615636885166168
1790107876770080500,35.33708056640625,-1.1060088872909546,0.009898170828819275,-0.31825172901153564
1790107876780024800,35.34702490234375,-1.0655882358551025,-0.013280118815600872,-0.33018696308135986
1790107876789968600,35.35696875,-1.0419574975967407,0.08238594979047775,-0.2868589460849762
1790107876799913700,35.36691381835937,-1.0212749242782593,0.18117591738700867,-0.26537173986434937
1790107876809857500,35.376857421875,-0.9971359968185425,0.18493123352527618,-0.28772979974746704
1790107876819801600,35.38680151367188,-0.9717392921447754,0.2145373374223709,-0.29112663865089417
1790107876829746700,35.39674658203125,-0.946971595287323,0.30463287234306335,-0.2757703363895416
1790107876839690800,35.40669067382812,-0.9241336584091187,0.34577497839927673,-0.2991448938846588
1790107876849634600,35.416634521484376,-0.9126349091529846,0.3402070999145508,-0.34556326270103455
1790107876859579600,35.42657958984375,-0.8969984650611877,0.40753182768821716,-0.3724643886089325
1790107876869523700,35.43652368164062,-0.8806455731391907,0.5162838697433472,-0.3511018455028534
1790107876879467800,35.4464677734375,-0.9158272743225098,0.5867964029312134,-0.3132258355617523
1790107876889412600,35.45641259765625,-0.9645569920539856,0.570917546749115,-0.3122258186340332
1790107876899356700,35.46635668945312,-1.0552445650100708,0.5183206796646118,-0.3284282088279724
1790107876909300500,35.476300537109374,-1.1677855253219604,0.4943854808807373,-0.33266928791999817
1790107876919245800,35.486245849609375,-1.2928597927093506,0.5176551342010498,-0.32366088032722473
1790107876929189600,35.49618969726563,-1.4211671352386475,0.5674216151237488,-0.32680633664131165
1790107876939133700,35.5061337890625,-1.5261236429214478,0.5743581056594849,-0.32977789640426636
1790107876949078500,35.51607861328125,-1.6408337354660034,0.5598737001419067,-0.3268026113510132
1790107876959022800,35.52602294921875,-1.7013612985610962,0.40036526322364807,-0.36860600113868713
1790107876968966700,35.53596655273437,-1.7130367755889893,0.17377552390098572,-0.4317047894001007
1790107876978911700,35.54591186523437,-1.6752371788024902,-0.014677479863166809,-0.4538188874721527
1790107876988855600,35.55585546875,-1.6261684894561768,-0.11547413468360901,-0.42902299761772156
1790107876998800600,35.565800537109375,-1.5898040533065796,-0.28260719776153564,-0.42132487893104553
1790107877008744700,35.57574462890625,-1.5980417728424072,-0.4879781901836395,-0.4719257354736328
1790107877018688800,35.585688720703125,-1.5954478979110718,-0.659303605556488,-0.5210778117179871
1790107877028633600,35.595633544921874,-1.630703330039978,-0.7527419328689575,-0.5525835752487183
1790107877038577700,35.60557763671875,-1.6872273683547974,-0.7626997828483582,-0.5751266479492188
1790107877048521700,35.615521728515624,-1.6962381601333618,-0.7141945362091064,-0.5765352249145508
1790107877058466600,35.62546655273437,-1.6647359132766724,-0.6475628018379211,-0.5434779524803162
1790107877068410600,35.63541064453125,-1.638245701789856,-0.6198707222938538,-0.4940829575061798
1790107877078354700,35.64535473632812,-1.5752909183502197,-0.5759618282318115,-0.42942488193511963
1790107877088299800,35.6552998046875,-1.5078504085540771,-0.47912532091140747,-0.3995194435119629
1790107877098243800,35.66524389648438,-1.4553680419921875,-0.3382475674152374,-0.35991954803466797
1790107877108187600,35.67518774414062,-1.3651667833328247,-0.34364843368530273,-0.2569279372692108
1790107877118132500,35.68513256835938,-1.2744133472442627,-0.42105695605278015,-0.1127566397190094
1790107877128076500,35.69507666015625,-1.1413154602050781,-0.3638607859611511,0.054966844618320465
1790107877138020900,35.70502075195313,-0.9939875602722168,-0.11878044903278351,0.21052049100399017
1790107877147965700,35.71496557617188,-0.8316580653190613,0.22181148827075958,0.2701670527458191
1790107877157909500,35.72490942382812,-0.6682065725326538,0.38323259353637695,0.2339664250612259
1790107877167853600,35.734853515625,-0.5186508893966675,0.21321266889572144,0.23916012048721313
1790107877177798700,35.74479858398438,-0.355729877948761,0.0898265615105629,0.30527254939079285
1790107877187742700,35.75474267578125,-0.21803273260593414,0.1806720495223999,0.3856566250324249
1790107877197686800,35.76468676757813,-0.1066683903336525,0.42559364438056946,0.418227881193161
1790107877207631600,35.774631591796876,0.006997189484536648,0.565384566783905,0.40710198879241943
1790107877217575700,35.78457568359375,0.14550793170928955,0.4974744915962219,0.39241304993629456
1790107877227520800,35.79452075195312,0.31633132696151733,0.45359811186790466,0.3581898510456085
1790107877237464600,35.804464599609375,0.4836327135562897,0.376463383436203,0.35633522272109985
1790107877247408600,35.81440869140625,0.629421591758728,0.3398348093032837,0.35107359290122986
1790107877257353700,35.82435375976563,0.7768731117248535,0.45825839042663574,0.3016219139099121
1790107877267297800,35.8342978515625,0.9310371279716492,0.6173481941223145,0.2523654103279114
1790107877277241600,35.84424169921875,1.062182068824768,0.6692792773246765,0.26936328411102295
1790107877287186700,35.85418676757813,1.1789624691009521,0.6327977180480957,0.3086736798286438
1790107877297130500,35.86413061523437,1.2895809412002563,0.6094308495521545,0.32018253207206726
1790107877307074800,35.87407470703125,1.401108980178833,0.6922407746315002,0.27783748507499695
1790107877317019600,35.88401953125,1.494411826133728,0.8026977777481079,0.233527272939682
1790107877326963700,35.89396362304687,1.582967758178711,0.8226068019866943,0.22686590254306793
1790107877336907500,35.903907470703125,1.6676000356674194,0.7673107385635376,0.23521704971790314
1790107877346852900,35.913852783203126,1.7594897747039795,0.68546462059021,0.24357271194458008
1790107877356796700,35.92379663085938,1.8349627256393433,0.5753399729728699,0.25040745735168457
1790107877366740700,35.93374072265625,1.9066989421844482,0.4718269109725952,0.26032906770706177
1790107877376685600,35.943685546875,1.9679045677185059,0.36205753684043884,0.2685459852218628
1790107877386629600,35.95362963867188,2.0307343006134033,0.2419937252998352,0.24782072007656097
1790107877396573700,35.96357373046875,2.100388526916504,0.059549082070589066,0.20591694116592407
1790107877406518800,35.973518798828124,2.152742385864258,-0.11509889364242554,0.17059969902038574
1790107877416462600,35.98346264648438,2.1914262771606445,-0.24346351623535156,0.15097379684448242
1790107877426406700,35.99340673828125,2.239053964614868,-0.35975897312164307,0.1463388353586197
1790107877436351700,36.00335180664062,2.30148983001709,-0.39305755496025085,0.1824267953634262
1790107877446295800,36.0132958984375,2.3610739707946777,-0.35324034094810486,0.2639602720737457
1790107877456240600,36.02324072265625,2.336042642593384,-0.5589719414710999,0.19583049416542053
1790107877466184700,36.03318481445312,2.167922019958496,-0.9059354662895203,0.015535017475485802
1790107877476128500,36.04312841796875,1.8592169284820557,-1.2317883968353271,-0.15294800698757172
1790107877486073900,36.053073974609376,1.6840929985046387,-1.3350239992141724,-0.11452977359294891
1790107877496017700,36.063017578125,1.6594436168670654,-1.1845465898513794,0.1895451694726944
1790107877505961700,36.072961669921874,1.6143579483032227,-0.9458480477333069,0.37147262692451477
1790107877515906600,36.08290649414062,1.513697624206543,-0.5286830067634583,0.3009539842605591
1790107877525851000,36.09285083007813,1.3481248617172241,0.14883288741111755,0.13062778115272522
1790107877535794700,36.10279467773437,1.2036579847335815,0.6050693988800049,-0.040651820600032806
1790107877545739800,36.11273974609375,1.0590366125106812,0.6320669054985046,-0.09686236083507538
1790107877555683600,36.12268359375,1.0334672927856445,0.1337391585111618,0.11408529430627823
1790107877565627600,36.13262768554687,1.048222541809082,-0.4429478645324707,0.3609651029109955
1790107877575572700,36.14257275390625,0.986350417137146,-0.5328490138053894,0.4825863540172577
1790107877585516800,36.152516845703126,0.8600833415985107,-0.380125492811203,0.44396519660949707
1790107877595460600,36.16246069335938,0.6822238564491272,-0.3138231635093689,0.34808021783828735
1790107877605405700,36.17240576171875,0.5656082630157471,-0.15348809957504272,0.225066140294075
1790107877615349800,36.182349853515625,0.4750722348690033,-0.019935624673962593,0.08886063098907471
1790107877625293800,36.1922939453125,0.33186396956443787,0.04823970049619675,0.007891745306551456
1790107877635238700,36.20223876953125,0.1501583456993103,-0.10735096037387848,-0.02153724990785122
1790107877645183000,36.212182861328124,-0.01685195043683052,-0.12371554970741272,0.01751534454524517
1790107877655127300,36.22212719726563,-0.16867929697036743,0.08448345959186554,0.05331488698720932
1790107877665072000,36.23207202148438,-0.3074797987937927,0.13120302557945251,0.036740705370903015
1790107877675016200,36.24201611328125,-0.4841032922267914,-0.019764916971325874,-0.011352523230016232
1790107877684960000,36.2519599609375,-0.6433382034301758,-0.042569562792778015,-0.02581615000963211
1790107877694905300,36.2619052734375,-0.7324603796005249,0.12194640934467316,-0.00024288028362207115
1790107877704849200,36.27184912109375,-0.8267623782157898,0.004999552387744188,-0.04966156184673309
1790107877714794200,36.28179418945312,-0.8912414908409119,-0.12085345387458801,-0.09117171913385391
1790107877724738000,36.291738037109376,-0.9413821697235107,-0.21059958636760712,-0.10531976819038391
1790107877734682000,36.30168212890625,-0.9455124735832214,-0.09059088677167892,-0.07520793378353119
1790107877744627200,36.31162719726562,-0.9253180027008057,0.33480674028396606,0.0034386736806482077
1790107877754571300,36.3215712890625,-0.9434354901313782,0.47457796335220337,0.005621133837848902
1790107877764515000,36.33151513671875,-0.9615931510925293,0.15225878357887268,-0.05301794409751892
1790107877774460200,36.34146020507813,-0.937401533126831,-0.13363848626613617,-0.0452529639005661
1790107877784404200,36.351404296875,-0.9097113013267517,-0.21357619762420654,-0.004404069390147924
1790107877794348300,36.36134838867188,-0.9128314852714539,-0.14506079256534576,0.014997591264545918
1790107877804293000,36.37129321289063,-0.8953536748886108,0.03154380992054939,0.0012157330056652427
1790107877814237200,36.3812373046875,-0.8616753220558167,0.18279831111431122,-0.04438850283622742
1790107877824181000,36.391180908203125,-0.8805824518203735,0.22104743123054504,-0.1267840415239334
1790107877834126300,36.40112622070313,-0.9877379536628723,0.33331725001335144,-0.21539033949375153
1790107877844070100,36.41107006835937,-1.1607147455215454,0.49829500913619995,-0.29756325483322144
1790107877854014200,36.42101416015625,-1.3415436744689941,0.5811803340911865,-0.3035731911659241
1790107877863959000,36.430958984375,-1.4722031354904175,0.5526376366615295,-0.23667991161346436
1790107877873903400,36.4409033203125,-1.5715135335922241,0.5357523560523987,-0.1357293426990509
1790107877883847200,36.45084716796875,-1.6661601066589355,0.6377050876617432,-0.06257043778896332
1790107877893792300,36.460792236328125,-1.7312906980514526,0.5691854357719421,-0.1026880294084549
1790107877903736000,36.47073608398438,-1.8116451501846313,0.2878192663192749,-0.20222607254981995
1790107877913680100,36.48068017578125,-1.9119384288787842,-0.03674496337771416,-0.2718221843242645
1790107877923625200,36.490625244140624,-2.0283188819885254,-0.3444300889968872,-0.32147470116615295
1790107877933569300,36.5005693359375,-2.024851083755493,-0.5802865624427795,-0.43079107999801636
1790107877943514000,36.51051416015625,-1.9012730121612549,-0.7077987194061279,-0.5398765206336975
1790107877953458200,36.52045825195312,-1.730544924736023,-0.7312012314796448,-0.5611885190010071
1790107877963402200,36.53040234375,-1.5882461071014404,-0.7782827019691467,-0.5490815043449402
1790107877973347000,36.54034716796875,-1.4949356317520142,-0.939203143119812,-0.5751463770866394
1790107877983291100,36.550291015625,-1.4024465084075928,-1.117414951324463,-0.643392026424408
1790107877993235200,36.560235107421875,-1.2811253070831299,-1.2019336223602295,-0.7113236784934998
1790107878003180300,36.57018017578125,-1.0930705070495605,-1.2305116653442383,-0.8306149244308472
1790107878013124400,36.58012426757813,-0.826596200466156,-1.0776805877685547,-0.9613540172576904
1790107878023068200,36.590068115234374,-0.6677128076553345,-0.598254919052124,-1.0595260858535767
1790107878033013000,36.60001293945312,-0.6000639796257019,-0.12303484231233597,-0.9493487477302551
1790107878042957000,36.60995703125,-0.5658676624298096,0.07810625433921814,-0.47463417053222656
1790107878052901400,36.6199013671875,-0.5777549743652344,0.611488401889801,0.19409731030464172
1790107878062846200,36.62984619140625,-0.6582359671592712,1.1907062530517578,0.42353716492652893
1790107878072790300,36.639790283203126,-0.8453922271728516,1.1364011764526367,0.2145804762840271
1790107878082734000,36.64973413085937,-0.9706071615219116,0.6805822849273682,0.18588997423648834
1790107878092679200,36.65967919921875,-0.9077091813087463,0.14210467040538788,0.21932116150856018
1790107878102623200,36.669623291015625,-0.8899831771850586,-0.3342389762401581,0.10074978321790695
1790107878112567300,36.6795673828125,-0.7814792990684509,-0.5916454792022705,-0.04072532430291176
1790107878122512100,36.68951220703125,-0.6045079827308655,-0.4289095401763916,-0.0016389093361794949
1790107878132456200,36.699456298828125,-0.4768022298812866,-0.2048780471086502,0.16519694030284882
1790107878142400300,36.70940014648438,-0.39749836921691895,-0.18328779935836792,0.3125627040863037
1790107878152345000,36.719344970703126,-0.3290309011936188,-0.18963490426540375,0.29700157046318054
1790107878162289200,36.7292890625,-0.24556608498096466,-0.027879834175109863,0.21151438355445862
1790107878172234000,36.73923388671875,-0.14802488684654236,0.14388792216777802,0.14418327808380127
1790107878182178300,36.74917822265625,-0.07379139959812164,0.2163325697183609,0.08921056985855103
1790107878192122000,36.7591220703125,-0.01739097386598587,0.0641172006726265,0.04513844847679138
1790107878202067200,36.76906713867187,0.021927669644355774,-0.12650494277477264,0.10938055068254471
1790107878212011000,36.779010986328124,0.021893048658967018,-0.19850456714630127,0.2989147901535034
1790107878221955000,36.788955078125,0.03532816469669342,-0.3022488057613373,0.5410382151603699
1790107878231900200,36.79890014648438,0.05266720429062843,-0.3797484040260315,0.7739114165306091
1790107878241844200,36.80884423828125,0.09850979596376419,-0.14514227211475372,0.8777903914451599
1790107878251788000,36.8187880859375,0.09370625019073486,0.5359145402908325,0.652349054813385
1790107878261733000,36.82873315429688,-0.1397312730550766,1.5602613687515259,0.1319015771150589
1790107878271677200,36.83867724609375,-0.17384663224220276,2.093796491622925,-0.03389032185077667
1790107878281621200,36.84862133789063,0.1553986370563507,1.8636326789855957,0.25360536575317383
1790107878291566000,36.858566162109376,0.8064959645271301,1.4443097114562988,0.5821185111999512
1790107878301510100,36.86851025390625,1.6434369087219238,1.0160186290740967,0.7776190638542175
1790107878311454000,36.878453857421874,2.415959358215332,0.652952253818512,0.7284725308418274
1790107878321399300,36.8883994140625,3.1368582248687744,0.7481282949447632,0.4488140046596527
1790107878331343000,36.89834301757813,3.106398582458496,1.2707140445709229,0.26416000723838806
1790107878341287200,36.908287109375,2.0063300132751465,1.0835886001586914,0.37106168270111084
1790107878351232000,36.91823193359375,1.053226351737976,0.9201802015304565,0.38291674852371216
1790107878361176300,36.92817626953125,1.0019928216934204,0.43894219398498535,0.23161005973815918
1790107878371121200,36.93812109375,1.2814273834228516,-0.2816428542137146,0.16233430802822113
1790107878381065200,36.948065185546874,1.5813661813735962,-0.8038410544395447,0.13221342861652374
1790107878391009000,36.958009033203126,1.7359224557876587,-1.0553680658340454,0.10519512742757797
1790107878400954400,36.96795434570313,1.859929084777832,-0.9904075264930725,0.11542592942714691
1790107878410898200,36.97789819335937,2.122342109680176,-0.7592149972915649,0.12446016818284988
1790107878420842200,36.98784228515625,2.465294599533081,-0.6183189153671265,0.07416477799415588
1790107878430787000,36.997787109375,2.775826930999756,-0.6475462913513184,0.01563834771513939
1790107878440731400,37.0077314453125,3.0121822357177734,-0.6088595986366272,0.05678312107920647
1790107878450675200,37.01767529296875,2.9817142486572266,-0.25940147042274475,0.393719881772995
1790107878460620300,37.027620361328125,2.680947780609131,-0.028991172090172768,0.7867369055747986
1790107878470564000,37.03756420898438,2.294548749923706,0.172652468085289,0.9254194498062134
1790107878480508200,37.04750805664062,1.9119328260421753,0.5316644310951233,0.6498064994812012
1790107878490453200,37.057453369140624,1.5562142133712769,0.6677727103233337,0.2260698825120926
1790107878500397300,37.06739721679688,1.2489469051361084,0.4882945716381073,-0.039499737322330475
1790107878510341000,37.07734106445312,1.0364210605621338,0.10068319737911224,-0.089623361825943
1790107878520286200,37.0872861328125,0.951826810836792,-0.31611162424087524,-0.028660407289862633
1790107878530230300,37.097230224609376,0.970512330532074,-0.5767996907234192,0.061102770268917084
1790107878540174300,37.10717431640625,0.9877472519874573,-0.5384208559989929,0.2014407068490982
1790107878550119200,37.117119140625,1.0179270505905151,-0.3182906210422516,0.366525262594223
1790107878560063200,37.127063232421875,0.9973833560943604,-0.18269337713718414,0.43339377641677856
1790107878570007000,37.13700708007813,0.9003830552101135,-0.30176010727882385,0.42759448289871216
1790107878579952000,37.1469521484375,0.771016538143158,-0.7605346441268921,0.42193418741226196
1790107878589896200,37.156896240234374,0.6603561043739319,-0.9115965962409973,0.3872702121734619
1790107878599841000,37.16684106445312,0.6005519032478333,-0.5040202736854553,0.35948148369789124
1790107878609785000,37.17678515625,0.5719268918037415,0.006758303847163916,0.31107959151268005
1790107878619729400,37.1867294921875,0.38112443685531616,-0.03500272333621979,0.13778983056545258
1790107878629674200,37.19667431640625,0.03675854578614235,-0.45909595489501953,0.05169302225112915
1790107878639618000,37.2066181640625,-0.10864178836345673,-0.33779749274253845,0.12130299210548401
1790107878649562000,37.21656201171875,-0.18863728642463684,0.2580600380897522,0.18965888023376465
1790107878659507200,37.22650708007812,-0.36654791235923767,0.44259047508239746,0.08055450022220612
1790107878669451300,37.236451171875,-0.5693404078483582,0.5065931677818298,-0.06748583167791367
1790107878679395000,37.24639501953125,-0.7462995052337646,0.5730385184288025,-0.14888641238212585
1790107878689340200,37.25634008789063,-0.8423288464546204,0.7709928750991821,-0.1616448163986206
1790107878699284000,37.26628393554687,-0.9089099764823914,0.7290709614753723,-0.1650584638118744
1790107878709228300,37.27622827148438,-0.9238883852958679,0.6156208515167236,-0.1389637440443039
1790107878719173000,37.28617309570313,-0.945032000541687,0.40503910183906555,-0.12431369721889496
1790107878729117200,37.2961171875,-0.952277660369873,0.27052709460258484,-0.13337962329387665
1790107878739061000,37.30606103515625,-0.9661501049995422,0.2044287770986557,-0.18871532380580902
1790107878749006300,37.31600634765625,-1.006460189819336,0.22676603496074677,-0.2796691954135895
1790107878758950100,37.3259501953125,-1.0712498426437378,0.2312750369310379,-0.38597220182418823
1790107878768894200,37.335894287109376,-1.109851598739624,0.20995989441871643,-0.4550740420818329
1790107878778839000,37.345839111328125,-1.091789722442627,0.08297184854745865,-0.47727280855178833
1790107878788783000,37.355783203125,-1.0486550331115723,-0.06184845417737961,-0.4657770097255707
1790107878798727200,37.36572705078125,-1.0652036666870117,-0.1565275639295578,-0.45344579219818115
1790107878808672300,37.37567236328125,-1.0899378061294556,-0.08990725129842758,-0.42732736468315125
1790107878818616000,37.38561596679688,-1.0923082828521729,0.10625293850898743,-0.38853177428245544
1790107878828561200,37.39556103515625,-1.0693206787109375,0.2587282359600067,-0.3841487467288971
1790107878838505200,37.40550512695312,-0.9918661117553711,0.31735533475875854,-0.4822350740432739
1790107878848449300,37.41544921875,-0.8801395893096924,0.292256623506546,-0.6360384821891785
1790107878858394000,37.42539404296875,-0.7916581630706787,0.22406212985515594,-0.7241425514221191
1790107878868338200,37.43533813476562,-0.8201286792755127,0.1465311199426651,-0.67103511095047
1790107878878282000,37.445281982421875,-0.9853070378303528,0.09867517650127411,-0.5202599763870239
1790107878888227300,37.455227294921876,-1.1926056146621704,0.09610522538423538,-0.40076181292533875
1790107878898171100,37.46517114257812,-1.389807939529419,0.04962188005447388,-0.4322952330112457
1790107878908115200,37.475115234375,-1.5463495254516602,-0.04555470123887062,-0.6095712184906006
1790107878918060000,37.48506005859375,-1.6517704725265503,-0.11202453821897507,-0.8515116572380066
1790107878928004400,37.49500439453125,-1.721796989440918,-0.038003306835889816,-1.08555269241333
1790107878937948200,37.5049482421875,-1.7328096628189087,0.16252952814102173,-1.2699233293533325
1790107878947893200,37.514893310546874,-1.6529422998428345,0.5536152720451355,-1.1982078552246094
1790107878957837000,37.52483715820313,-1.4628371000289917,0.9182360768318176,-0.7918094396591187
1790107878967781000,37.53478100585937,-1.2433478832244873,0.8528573513031006,-0.4561752676963806
1790107878977726200,37.54472631835937,-1.150863528251648,0.45265722274780273,-0.35746997594833374
1790107878987670300,37.554670166015626,-1.4688209295272827,0.03701953589916229,-0.4271302819252014
1790107878997614000,37.56461401367188,-1.79134202003479,-0.13059209287166595,-0.5746209621429443
1790107879007559200,37.57455908203125,-1.7514667510986328,-0.03507303074002266,-0.601996660232544
1790107879017503200,37.584503173828125,-1.6719050407409668,0.04507160559296608,-0.47965794801712036
1790107879027448000,37.594447998046874,-1.5828468799591064,0.011366371065378189,-0.33808696269989014
1790107879037392100,37.60439208984375,-1.5363723039627075,-0.1073450967669487,-0.3195212781429291
1790107879047336200,37.614336181640624,-1.5065925121307373,-0.29337382316589355,-0.38637593388557434
1790107879057281300,37.62428125,-1.4541994333267212,-0.6523570418357849,-0.464254230260849
1790107879067225300,37.63422534179688,-1.3679606914520264,-1.0576938390731812,-0.5158149003982544
1790107879077169200,37.64416918945312,-1.2767812013626099,-1.4085557460784912,-0.5222775936126709
1790107879087114000,37.65411401367187,-1.187332034111023,-1.6343531608581543,-0.48857739567756653
1790107879097058000,37.66405810546875,-1.1002109050750732,-1.6823710203170776,-0.437022864818573
1790107879107002400,37.67400244140625,-1.0638813972473145,-1.5287953615188599,-0.4168427586555481
1790107879116947200,37.683947265625,-1.0083606243133545,-1.336552619934082,-0.3448394238948822
1790107879126891300,37.693891357421876,-0.9052446484565735,-1.137888789176941,-0.24135562777519226
1790107879136835000,37.7038349609375,-0.766145646572113,-0.9374263286590576,-0.11055820435285568
1790107879146780200,37.7137802734375,-0.6184107661247253,-0.699505627155304,-0.009399893693625927
1790107879156724200,37.72372412109375,-0.5276209712028503,-0.5215476155281067,0.04451979696750641
1790107879166668300,37.73366821289063,-0.4612131714820862,-0.374332070350647,0.14635002613067627
1790107879176613000,37.74361303710938,-0.3111536204814911,-0.08183068037033081,0.30753064155578613
1790107879186557000,37.75355688476562,-0.14255288243293762,0.3578915596008301,0.4651069641113281
1790107879196501200,37.76350122070313,-0.0030474551022052765,0.7225750088691711,0.6288780570030212
1790107879206446000,37.773446044921876,0.1407611072063446,0.9198095202445984,0.7650654315948486
1790107879216390100,37.78339013671875,0.24709926545619965,0.9335639476776123,0.7990788221359253
1790107879226335200,37.79333520507812,0.3463696539402008,0.9243150353431702,0.7680348753929138
1790107879236279300,37.803279296875,0.43329018354415894,0.9039636850357056,0.7256802320480347
1790107879246223000,37.81322314453125,0.5254203677177429,0.8760092854499817,0.7087936401367188
1790107879256168200,37.82316821289062,0.6287105679512024,0.8742662668228149,0.7107718586921692
1790107879266112000,37.833112060546874,0.7487139105796814,0.8868992328643799,0.6807465553283691
1790107879276056300,37.84305639648438,0.8895911574363708,0.8665920495986938,0.6403301954269409
1790107879286001200,37.85300122070313,1.0535465478897095,0.8155230283737183,0.635850191116333
1790107879295945200,37.8629453125,1.2384485006332397,0.7792515754699707,0.6742974519729614
1790107879305889000,37.872888916015626,1.4219090938568115,0.7218196988105774,0.72640061378479
1790107879315834400,37.88283447265625,1.576546311378479,0.5826436877250671,0.7461522221565247
1790107879325778200,37.89277807617187,1.6866366863250732,0.41788220405578613,0.7067131996154785
1790107879335722200,37.90272216796875,1.7598658800125122,0.3086382746696472,0.6401919722557068
1790107879345667000,37.9126669921875,1.858585238456726,0.3907738924026489,0.556790292263031
1790107879355611100,37.92261108398438,1.9810093641281128,0.5265862941741943,0.49154388904571533
1790107879365555200,37.93255517578125,2.0850820541381836,0.4786624610424042,0.48689934611320496
1790107879375500300,37.942500244140625,2.1484572887420654,0.31066465377807617,0.5112501978874207
1790107879385444000,37.95244409179688,2.1844894886016846,0.18491898477077484,0.5146308541297913
1790107879395388200,37.96238818359375,2.213118553161621,0.1429441124200821,0.5214093923568726
1790107879405333200,37.972333251953124,2.227525472640991,0.17670446634292603,0.5379641056060791
1790107879415277300,37.98227734375,2.2351770401000977,0.3342496156692505,0.5810726881027222
1790107879425222100,37.99222216796875,2.1660196781158447,0.1989133656024933,0.5683153867721558
1790107879435166200,38.00216625976562,2.0419695377349854,-0.03982064872980118,0.46283796429634094
1790107879445110000,38.012110107421876,1.9066680669784546,-0.2404610812664032,0.3230041563510895
1790107879455055400,38.02205541992188,1.7738746404647827,-0.31767889857292175,0.20625196397304535
1790107879464999200,38.03199926757812,1.7676664590835571,-0.38501906394958496,0.2056327909231186
1790107879474943200,38.041943115234375,1.782018780708313,-0.44662728905677795,0.29134130477905273
1790107879484888000,38.05188818359375,1.7524454593658447,-0.4747489392757416,0.3459523320198059
1790107879494832400,38.06183227539063,1.736067771911621,-0.46857547760009766,0.32857656478881836
1790107879504776200,38.071776123046874,1.6701802015304565,-0.31485462188720703,0.2524183988571167
1790107879514721300,38.08172119140625,1.5015571117401123,0.03735243156552315,0.16571839153766632
1790107879524665000,38.0916650390625,1.2984102964401245,0.6005675792694092,0.09123803675174713
1790107879534609200,38.10160913085937,1.1537948846817017,1.0027928352355957,0.12128381431102753
1790107879544554200,38.11155419921875,1.0592584609985352,0.9135292172431946,0.12306467443704605
1790107879554498300,38.12149829101563,0.9271017909049988,0.3574172556400299,0.10090211033821106
1790107879564442000,38.13144213867187,0.8647872805595398,-0.38865506649017334,0.13486753404140472
1790107879574387200,38.14138720703125,0.9010406136512756,-0.6543035507202148,0.30753570795059204
1790107879584331300,38.151331298828126,0.9455662369728088,-0.295697420835495,0.41196438670158386
1790107879594276000,38.161276123046875,0.9338672757148743,-0.322330117225647,0.3153156042098999
1790107879604220200,38.17122021484375,0.825475811958313,-0.467136025428772,0.1581166684627533
1790107879614164200,38.181164306640625,0.5975419878959656,-0.33145809173583984,0.05782068893313408
1790107879624109300,38.191109375,0.3824957013130188,-0.0972336083650589,-0.00169563468080014
1790107879634053000,38.20105322265625,0.15658801794052124,0.19462727010250092,-0.04575124382972717
1790107879643997200,38.2109970703125,-0.02486007660627365,0.3781920373439789,-0.058402057737112045
1790107879653942800,38.22094287109375,-0.18307660520076752,0.4224327504634857,-0.07794566452503204
1790107879663886800,38.23088696289062,-0.343138724565506,0.38563159108161926,-0.10820476710796356
1790107879673830700,38.24083056640625,-0.4904879629611969,0.3176586627960205,-0.1587020307779312
1790107879683776000,38.25077587890625,-0.6254561543464661,0.2079601287841797,-0.21828466653823853
1790107879693719800,38.2607197265625,-0.7485826015472412,0.148837149143219,-0.2575279474258423
1790107879703663900,38.270663818359374,-0.8610582947731018,0.26525723934173584,-0.2844383716583252
1790107879713608700,38.28060864257812,-0.9679522514343262,0.3853445053100586,-0.3306921720504761
1790107879723552800,38.290552734375,-1.0689470767974854,0.2915540933609009,-0.4186702370643616
1790107879733496800,38.30049682617187,-1.1224430799484253,0.16381503641605377,-0.46858319640159607
1790107879743442000,38.31044189453125,-1.1207369565963745,0.27731549739837646,-0.46347498893737793
1790107879753385700,38.3203857421875,-1.0762110948562622,0.5511552691459656,-0.44965556263923645
1790107879763330800,38.330330810546876,-1.0547550916671753,0.5859487056732178,-0.5255287885665894
1790107879773275000,38.34027490234375,-1.0364497900009155,0.47619104385375977,-0.6377335786819458
1790107879783219000,38.350218994140626,-1.0333147048950195,0.3961832821369171,-0.7130160927772522
1790107879793163800,38.360163818359375,-1.0448260307312012,0.46593281626701355,-0.7526266574859619
1790107879803107800,38.37010791015625,-1.0413415431976318,0.5241298079490662,-0.7957719564437866
1790107879813051600,38.3800517578125,-1.0237308740615845,0.51958167552948,-0.8317075967788696
1790107879822996700,38.389996826171874,-0.9981706142425537,0.4983256459236145,-0.8236510157585144
1790107879832940800,38.39994091796875,-0.9916384220123291,0.48091283440589905,-0.7971301674842834
1790107879842884900,38.409884765625,-1.0328996181488037,0.42352065443992615,-0.7766416668891907
1790107879852829700,38.41982958984375,-1.0139682292938232,0.4277593195438385,-0.7080873847007751
1790107879862774000,38.42977392578125,-0.9887086749076843,0.47438088059425354,-0.6034760475158691
1790107879872717800,38.4397177734375,-1.0069295167922974,0.45784851908683777,-0.5109988451004028
1790107879882662700,38.44966259765625,-1.0751734972000122,0.3761848211288452,-0.5235742926597595
1790107879892606700,38.459606689453125,-1.1995670795440674,0.3242949843406677,-0.6003755927085876
1790107879902550800,38.46955078125,-1.3412898778915405,0.2963342070579529,-0.6605579257011414
1790107879912495900,38.47949584960938,-1.461986780166626,0.340896874666214,-0.6681786179542542
1790107879922440000,38.48943994140625,-1.5153026580810547,0.2437167912721634,-0.6650818586349487
1790107879932383700,38.4993837890625,-1.534757137298584,0.04477545991539955,-0.658932626247406
1790107879942328600,38.50932861328125,-1.6048938035964966,-0.1666180044412613,-0.6419557929039001
1790107879952273000,38.51927294921875,-1.6929997205734253,-0.3407439887523651,-0.659532904624939
1790107879962217700,38.5292177734375,-1.7160570621490479,-0.510029673576355,-0.6942186951637268
1790107879972161800,38.53916186523438,-1.7263870239257812,-0.6772362589836121,-0.73641437292099
1790107879982105900,38.54910595703125,-1.7462091445922852,-0.8410425186157227,-0.7869510650634766
1790107879992051000,38.55905102539062,-1.7388346195220947,-0.8957017660140991,-0.8087359666824341
1790107880001994800,38.568994873046876,-1.7085059881210327,-0.882260262966156,-0.8455293774604797
1790107880011938800,38.57893872070313,-1.6470290422439575,-0.8482924103736877,-0.846468985080719
1790107880021883600,38.58888354492188,-1.5967727899551392,-0.8450319170951843,-0.7819685339927673
1790107880031827700,38.59882763671875,-1.522502064704895,-0.9231520295143127,-0.731554388999939
1790107880041771800,38.60877172851563,-1.4553022384643555,-0.9653173089027405,-0.6833847165107727
1790107880051716900,38.618716796875,-1.4089338779449463,-1.0262056589126587,-0.6762421131134033
1790107880061660700,38.62866064453125,-1.3611831665039062,-1.024204134941101,-0.6737837195396423
1790107880071604700,38.638604736328126,-1.304879903793335,-0.982017457485199,-0.637645423412323
1790107880081549800,38.6485498046875,-1.2830899953842163,-0.8606423139572144,-0.5830799341201782
1790107880091494000,38.65849389648437,-1.2617756128311157,-0.6671785712242126,-0.49717143177986145
1790107880101437700,38.668437744140626,-1.246955394744873,-0.4489152133464813,-0.36554789543151855
1790107880111382800,38.6783828125,-1.1969492435455322,-0.2626577317714691,-0.21853579580783844
1790107880121326600,38.68832666015625,-1.1597578525543213,-0.10286512970924377,-0.14251719415187836
1790107880131272000,38.69827197265625,-1.1462000608444214,-0.015857260674238205,-0.11750399321317673
1790107880141215700,38.7082158203125,-1.0572882890701294,-0.06705573201179504,-0.04030055180191994
1790107880151159800,38.71815991210938,-0.9157260656356812,-0.1146424263715744,0.05738765746355057
1790107880161104600,38.72810473632813,-0.7251452207565308,-0.09434807300567627,0.22676897048950195
1790107880171049000,38.738049072265625,-0.5343502163887024,0.06581709533929825,0.43329471349716187
1790107880180992800,38.74799267578125,-0.3634011149406433,0.30339956283569336,0.5848214030265808
1790107880190937900,38.75793774414063,-0.21812380850315094,0.47512924671173096,0.6284285187721252
1790107880200881700,38.76788159179687,-0.10215699672698975,0.5593264102935791,0.5820226669311523
1790107880210825700,38.77782568359375,-0.005113535560667515,0.48302578926086426,0.5480244755744934
1790107880220770800,38.787770751953126,0.13021819293498993,0.2894515097141266,0.6088652014732361
1790107880230715000,38.79771484375,0.28707677125930786,0.24948225915431976,0.6344720125198364
1790107880240658700,38.80765869140625,0.46025627851486206,0.3832552433013916,0.6051018834114075
1790107880250604000,38.81760400390625,0.6340901255607605,0.5059518814086914,0.6024128794670105
1790107880260547800,38.8275478515625,0.7896254062652588,0.5651904344558716,0.6448343992233276
1790107880270492000,38.837491943359375,0.9526146054267883,0.5947635173797607,0.6709679961204529
1790107880280436700,38.847436767578124,1.117030143737793,0.6330466866493225,0.6573046445846558
1790107880290380800,38.857380859375,1.2745246887207031,0.6243546605110168,0.6148860454559326
1790107880300324600,38.86732470703125,1.421500563621521,0.5847904682159424,0.5959523320198059
1790107880310270000,38.87727001953125,1.564059853553772,0.5723018646240234,0.6567453742027283
1790107880320213800,38.8872138671875,1.678147315979004,0.6359301209449768,0.7107606530189514
1790107880330158600,38.89715869140625,1.7560356855392456,0.72400963306427,0.7009032368659973
1790107880340103000,38.90710302734375,1.8368204832077026,0.7067616581916809,0.6522305011749268
1790107880350047000,38.917046875,1.9061098098754883,0.7570155262947083,0.6091853380203247
1790107880359991800,38.92699169921875,1.9577879905700684,0.9046297669410706,0.5720848441123962
1790107880369936000,38.93693579101563,2.040106773376465,0.9429183006286621,0.5125882029533386
1790107880379879700,38.946879638671874,2.145859956741333,0.8518509268760681,0.47587278485298157
1790107880389824800,38.95682470703125,2.2341699600219727,0.6427028179168701,0.472025066614151
1790107880399768800,38.96676879882813,2.267028331756592,0.4772416651248932,0.4658225476741791
1790107880409713000,38.976712890625,2.2199463844299316,0.3853127956390381,0.4221208691596985
1790107880419657700,38.98665771484375,2.172497272491455,0.1752660870552063,0.284192830324173
1790107880429601800,38.996601806640626,2.1904079914093018,0.0374152809381485,0.12435257434844971
1790107880439545900,39.0065458984375,2.2258715629577637,-0.06486395001411438,0.1036323830485344
1790107880449490700,39.01649072265625,2.131314754486084,-0.2879428267478943,0.17620591819286346
1790107880459434800,39.026434814453125,1.8675177097320557,-0.8009467720985413,0.08538706600666046
1790107880469378800,39.03637890625,1.6515699625015259,-1.3782846927642822,-0.1700393706560135
1790107880479324000,39.04632397460937,1.730543851852417,-1.5386024713516235,-0.22443151473999023
1790107880489267700,39.056267822265625,1.9306766986846924,-1.0445295572280884,0.0169126708060503
1790107880499212800,39.066212890625,2.0555920600891113,-0.46113964915275574,0.2331613451242447
1790107880509156600,39.076156494140626,2.119546413421631,0.23960299789905548,0.22810932993888855
1790107880519101000,39.086100830078124,2.0516700744628906,0.8509483933448792,-0.009096825495362282
1790107880529045800,39.09604565429687,1.930106520652771,0.8269850015640259,-0.23521305620670319
1790107880538989800,39.10598974609375,1.8183728456497192,-0.05613064765930176,-0.3417021930217743
1790107880548933600,39.11593359375,1.6537021398544312,-1.211167812347412,-0.2719052731990814
1790107880558879000,39.12587890625,1.4355138540267944,-1.4658541679382324,-0.0020903151016682386
1790107880568822800,39.13582275390625,1.2915449142456055,-0.9450658559799194,0.32819706201553345
1790107880578766800,39.14576684570312,1.2025173902511597,-0.5070863962173462,0.4965972602367401
1790107880588711700,39.15571166992188,1.2114719152450562,-0.42766958475112915,0.5628577470779419
1790107880598655700,39.16565576171875,1.3201537132263184,-0.3574686646461487,0.6044864058494568
1790107880608599800,39.17559985351563,1.2262327671051025,-0.37150323390960693,0.5644029378890991
1790107880618545000,39.185544921875,0.9170920252799988,-0.2983161211013794,0.5135621428489685
1790107880628488700,39.19548876953125,0.6616935133934021,0.03556971251964569,0.40960270166397095
1790107880638433800,39.205433837890624,0.46115270256996155,0.41198062896728516,0.2536788880825043
1790107880648376600,39.21537646484375,0.29692596197128296,0.58122718334198,0.104426808655262
1790107880658320600,39.225320556640625,0.130772665143013,0.4773798882961273,-0.025842782109975815
1790107880668265500,39.235265380859374,-0.05903216078877449,0.14571139216423035,-0.1320885270833969
1790107880678209500,39.24520947265625,-0.1997581124305725,-0.38021576404571533,-0.15710732340812683
1790107880688153900,39.25515380859375,-0.39345622062683105,-0.5106672644615173,-0.0575445182621479
1790107880698098700,39.2650986328125,-0.7891944646835327,-0.5781517624855042,0.003180346917361021
1790107880708042500,39.27504248046875,-1.097359299659729,-0.2837963104248047,0.08576630055904388
1790107880717986600,39.28498657226562,-1.32570219039917,-0.3755464553833008,0.02527632750570774
1790107880727931600,39.294931640625,-1.4382292032241821,-0.5427826046943665,-0.06873033195734024
1790107880737875700,39.30487573242188,-1.438534140586853,-0.49957892298698425,-0.11518145352602005
1790107880747819800,39.31481982421875,-1.380703091621399,-0.25816577672958374,-0.13176335394382477
1790107880757764600,39.3247646484375,-1.319292664527893,-0.035834431648254395,-0.11848510056734085
1790107880767708400,39.33470849609375,-1.21453857421875,0.1835557073354721,-0.08946304023265839
1790107880777652700,39.34465283203125,-1.0881582498550415,0.46089252829551697,-0.05564435198903084
1790107880787597600,39.35459765625,-0.9466933012008667,0.7471285462379456,-0.015966448932886124
1790107880797541600,39.364541748046875,-0.8319158554077148,0.8912913203239441,0.030991205945611
1790107880807486500,39.374486572265624,-0.7669520378112793,0.8613097071647644,0.05542464181780815
1790107880817430800,39.3844306640625,-0.7502316236495972,0.7352622747421265,0.05991686135530472
1790107880827374600,39.39437451171875,-0.8052818775177002,0.6201804280281067,0.05594289302825928
1790107880837319700,39.40431958007812,-0.8890981674194336,0.5341091752052307,0.019579293206334114
1790107880847263500,39.414263427734376,-0.9607515931129456,0.4825291037559509,-0.11486506462097168
1790107880857207600,39.42420751953125,-1.0382612943649292,0.2633919417858124,-0.37851402163505554
1790107880867152600,39.43415258789062,-1.1537582874298096,-0.1875709593296051,-0.6785449385643005
1790107880877096700,39.4440966796875,-1.2830870151519775,-0.7130874991416931,-0.8921490907669067
1790107880887040500,39.45404052734375,-1.4438560009002686,-1.1061351299285889,-0.9878513813018799
1790107880896985600,39.46398559570312,-1.7029613256454468,-1.1783344745635986,-0.9671061635017395
1790107880906929700,39.4739296875,-2.0718979835510254,-0.7945674061775208,-0.8532435297966003
1790107880916873700,39.48387377929687,-2.406773805618286,-0.108321413397789,-0.6291097402572632
1790107880926818600,39.49381860351563,-2.393728017807007,0.3529852330684662,-0.38104134798049927
1790107880936762600,39.5037626953125,-2.0520336627960205,0.603423535823822,-0.20723095536231995
1790107880946706400,39.51370654296875,-1.7983222007751465,0.7586541771888733,-0.19307571649551392
1790107880956651800,39.52365185546875,-1.8748019933700562,0.8285187482833862,-0.29520395398139954
1790107880966595600,39.533595703125,-1.951693058013916,0.7772669792175293,-0.49323099851608276
1790107880976539600,39.54353955078125,-1.958410382270813,0.7584200501441956,-0.5540149807929993
1790107880986484500,39.553484375,-1.9347151517868042,0.6833165287971497,-0.41574153304100037
1790107880996428800,39.5634287109375,-1.8442028760910034,0.5104116201400757,-0.25708770751953125
1790107881006373600,39.57337353515625,-1.6664700508117676,0.2595503330230713,-0.1938038170337677
1790107881016317700,39.583317626953125,-1.5016758441925049,-0.04700159654021263,-0.2723116874694824
1790107881026261500,39.59326147460938,-1.3413293361663818,-0.4015197455883026,-0.3995892107486725
1790107881036206800,39.60320678710937,-1.238656997680664,-0.7482295036315918,-0.5423862934112549
1790107881046150700,39.613150634765624,-1.2063616514205933,-0.9973011016845703,-0.5988453030586243
1790107881056094700,39.6230947265625,-1.2206225395202637,-1.1524810791015625,-0.5306843519210815
1790107881066039600,39.63303955078125,-1.24286687374115,-1.2561215162277222,-0.4125779867172241
1790107881075983600,39.64298364257812,-1.2245882749557495,-1.2735025882720947,-0.23523782193660736
1790107881085927700,39.652927734375,-1.1178981065750122,-1.3881103992462158,-0.09149103611707687
1790107881095872800,39.66287280273438,-1.0607125759124756,-1.5320994853973389,-0.08694874495267868
1790107881105816600,39.67281665039062,-1.0087798833847046,-1.5731936693191528,-0.1981021612882614
1790107881115761400,39.68276147460937,-1.0067459344863892,-1.464746356010437,-0.2786753177642822
1790107881125705700,39.692705810546876,-0.9465268850326538,-1.2912839651107788,-0.2597777843475342
1790107881135649800,39.70264990234375,-0.8510253429412842,-1.0846713781356812,-0.15773209929466248
1790107881145594600,39.7125947265625,-0.7782177329063416,-0.8256800770759583,-0.07537677884101868
1790107881155538400,39.72253833007812,-0.7603215575218201,-0.5344018936157227,-0.009372462518513203
1790107881165482500,39.732482421875,-0.6936147212982178,-0.2084789127111435,0.12379597872495651
1790107881175427600,39.74242749023438,-0.5708797574043274,0.11785952746868134,0.31716278195381165
1790107881185371600,39.75237158203125,-0.3582521677017212,0.5145653486251831,0.4624994695186615
1790107881195315700,39.76231567382813,-0.1674494445323944,0.952133059501648,0.5679805874824524
1790107881205260500,39.772260498046876,-0.06125856190919876,1.1813100576400757,0.6921574473381042
1790107881215204600,39.78220458984375,0.00815033819526434,1.1789499521255493,0.7563244104385376
1790107881225148700,39.792148681640626,0.04964345321059227,1.0178457498550415,0.756726861000061
1790107881235093500,39.802093505859375,0.08618015795946121,0.8524224758148193,0.737982451915741
1790107881245037600,39.81203759765625,0.13040967285633087,0.8368637561798096,0.6764516830444336
1790107881254981600,39.821981689453125,0.22188659012317657,0.9152408242225647,0.6213218569755554
1790107881264926700,39.8319267578125,0.3695266544818878,0.8915781378746033,0.630608856678009
1790107881274870500,39.84187060546875,0.5556738972663879,0.9336837530136108,0.637712299823761
1790107881284815600,39.85181567382813,0.765318751335144,1.005377173423767,0.6472322940826416
1790107881294759400,39.86175952148437,0.9672648906707764,0.931881308555603,0.6875696182250977
1790107881304703700,39.87170385742188,1.1469025611877441,0.7154465317726135,0.7395475506782532
1790107881314648600,39.88164868164063,1.3311141729354858,0.5437000393867493,0.7309421300888062
1790107881324592600,39.89159252929687,1.5036587715148926,0.43083980679512024,0.6544116735458374
1790107881334536400,39.901536376953125,1.6482950448989868,0.40340712666511536,0.5692482590675354
1790107881344481800,39.911481689453126,1.7511214017868042,0.5243649482727051,0.4933663010597229
1790107881354425600,39.92142553710938,1.8870352506637573,0.6327106356620789,0.43191730976104736
1790107881364369700,39.93136962890625,2.0275444984436035,0.6363506317138672,0.40822264552116394
1790107881374314500,39.941314453125,2.0978875160217285,0.5569421052932739,0.42036691308021545
1790107881384258800,39.9512587890625,2.1740918159484863,0.46629101037979126,0.3550744652748108
1790107881394202600,39.96120263671875,2.269475221633911,0.4210963547229767,0.2731393873691559
1790107881404147700,39.971147705078124,2.332629680633545,0.3189247250556946,0.21861062943935394
1790107881414091500,39.98109155273438,2.392590284347534,0.21785323321819305,0.21324943006038666
1790107881424035600,39.99103564453125,2.429612874984741,0.10796854645013809,0.25985845923423767
1790107881433980700,40.00098071289062,2.4115984439849854,-0.009503756649792194,0.3372179865837097
1790107881443924700,40.0109248046875,2.3315083980560303,-0.09940008819103241,0.39708611369132996
1790107881453869600,40.02086962890625,2.1654205322265625,-0.35455355048179626,0.335854709148407
1790107881463813600,40.03081372070312,1.9599374532699585,-0.5926233530044556,0.22031345963478088
1790107881473757700,40.0407578125,1.7953522205352783,-0.8417013883590698,0.17876309156417847
1790107881483702800,40.050702880859376,1.717387080192566,-1.149174451828003,0.19366960227489471
1790107881493646600,40.060646484375,1.6899632215499878,-1.3106271028518677,0.2384546548128128
1790107881503590700,40.070590576171874,1.6634330749511719,-1.287980318069458,0.2956569492816925
1790107881513535700,40.08053564453125,1.6138404607772827,-1.172526478767395,0.31213924288749695
1790107881523479800,40.09047973632813,1.481126070022583,-0.8597069978713989,0.279927521944046
1790107881533423600,40.10042358398437,1.2612829208374023,-0.3157965838909149,0.1727890819311142
1790107881543368700,40.11036865234375,1.0782827138900757,0.3632700741291046,0.11947686225175858
1790107881553312500,40.1203125,0.9427955150604248,0.972754716873169,0.23707859218120575
1790107881563257600,40.130257568359376,0.8994975686073303,1.1970237493515015,0.3847820460796356
1790107881573201700,40.14020166015625,0.9654203653335571,0.6068374514579773,0.4077552556991577
1790107881583145700,40.150145751953126,1.0060311555862427,-0.5677468180656433,0.34422767162323
1790107881593090600,40.160090576171875,0.9654622077941895,-1.08421790599823,0.4041525423526764
1790107881603034600,40.17003466796875,0.9858942627906799,-0.7476183176040649,0.5011757612228394
1790107881612978700,40.179978759765625,0.8824576139450073,-0.49842044711112976,0.43338924646377563
1790107881622923500,40.189923583984374,0.6866644024848938,-0.3986120820045471,0.257474422454834
1790107881632867600,40.19986767578125,0.4719347655773163,-0.18433335423469543,0.11513164639472961
1790107881642811600,40.209811767578124,0.2743242383003235,0.11607813835144043,0.027885427698493004
1790107881652757500,40.21975756835938,0.08627843111753464,0.4244908392429352,-0.021800637245178223
1790107881662701600,40.22970166015625,-0.05566619336605072,0.5769392251968384,-0.028491295874118805
1790107881672645600,40.23964575195313,-0.19748350977897644,0.4717547595500946,-0.03335556015372276
1790107881682590500,40.249590576171876,-0.3120897114276886,0.33449357748031616,-0.05270928516983986
1790107881692534500,40.25953442382813,-0.443676233291626,0.23748552799224854,-0.08724116533994675
1790107881702478300,40.269478271484374,-0.6122607588768005,0.08254308253526688,-0.1580684632062912
1790107881712423700,40.279423583984375,-0.7700940370559692,0.013041233643889427,-0.22351032495498657
1790107881722367500,40.28936743164063,-0.9110114574432373,0.01152536179870367,-0.28063806891441345
1790107881732312300,40.29931225585938,-1.0343033075332642,0.053699713200330734,-0.3307046890258789
1790107881742256400,40.30925634765625,-1.1158570051193237,0.1322946548461914,-0.358236700296402
1790107881752200700,40.31920068359375,-1.1736998558044434,0.20069368183612823,-0.36781105399131775
1790107881762145500,40.3291455078125,-1.179469347000122,0.2808772027492523,-0.34415870904922485
1790107881772089600,40.33908959960937,-1.165388584136963,0.3568215072154999,-0.3220731019973755
1790107881782033400,40.349033447265626,-1.1367141008377075,0.2716192603111267,-0.3383335769176483
1790107881791978500,40.358978515625,-1.1137795448303223,0.09712974727153778,-0.38355323672294617
1790107881801922600,40.36892260742187,-1.0780129432678223,0.05104054883122444,-0.4063057005405426
1790107881811866600,40.37886669921875,-1.0570003986358643,0.1861107498407364,-0.40028294920921326
1790107881821811500,40.3888115234375,-1.0476628541946411,0.3588833212852478,-0.4137212634086609
1790107881831755500,40.39875561523438,-1.0539162158966064,0.41938316822052,-0.437135249376297
1790107881841699600,40.408699462890624,-1.031705617904663,0.41587844491004944,-0.467728853225708
1790107881851644400,40.41864453125,-0.9777920842170715,0.4332377016544342,-0.4926419258117676
1790107881861588500,40.42858837890625,-0.8634913563728333,0.42521148920059204,-0.5031749606132507
1790107881871533300,40.438533203125,-0.7350273728370667,0.40851637721061707,-0.49008315801620483
1790107881881477600,40.4484775390625,-0.682242214679718,0.43457168340682983,-0.42550817131996155
1790107881891421400,40.45842138671875,-0.7734379172325134,0.49058836698532104,-0.3227516710758209
1790107881901366500,40.468366455078126,-0.9657537937164307,0.5241942405700684,-0.26160043478012085
1790107881911310300,40.47831030273438,-1.1275060176849365,0.5856900811195374,-0.2694450616836548
1790107881921254400,40.48825439453125,-1.2324728965759277,0.5847228169441223,-0.34172484278678894
1790107881931199500,40.498199462890625,-1.3409825563430786,0.5503827333450317,-0.38270822167396545
1790107881941143600,40.5081435546875,-1.4447236061096191,0.46696746349334717,-0.4118706285953522
1790107881951087400,40.51808740234375,-1.5256993770599365,0.3264167308807373,-0.41783344745635986
1790107881961032400,40.528032470703124,-1.6367604732513428,0.14297179877758026,-0.3827122151851654
1790107881970976500,40.5379765625,-1.7485085725784302,-0.06550151109695435,-0.37940722703933716
1790107881980921600,40.54792163085938,-1.7867120504379272,-0.2425023913383484,-0.46791768074035645
1790107881990865400,40.55786547851562,-1.7453441619873047,-0.3827873170375824,-0.5980833768844604
1790107882000809500,40.5678095703125,-1.6710747480392456,-0.4210497736930847,-0.659462034702301
1790107882010754600,40.57775463867188,-1.5963996648788452,-0.38166001439094543,-0.6382944583892822
1790107882020698600,40.58769873046875,-1.5515904426574707,-0.4053823947906494,-0.6260939836502075
1790107882030642400,40.597642333984375,-1.5018752813339233,-0.5083844065666199,-0.6692864894866943
1790107882040587500,40.60758740234375,-1.4452016353607178,-0.6127933859825134,-0.7011368274688721
1790107882050531300,40.61753125,-1.3806215524673462,-0.7482103109359741,-0.6810964941978455
1790107882060475600,40.6274755859375,-1.356574296951294,-0.784005343914032,-0.586611807346344
1790107882070420500,40.63742041015625,-1.330962896347046,-0.7913386225700378,-0.5258464813232422
1790107882080364500,40.64736450195313,-1.3108278512954712,-0.7953924536705017,-0.5156958699226379
1790107882090308400,40.65730834960937,-1.3184764385223389,-0.7415622472763062,-0.5272923111915588
1790107882100253700,40.667253662109374,-1.3178313970565796,-0.6163926124572754,-0.4663972556591034
1790107882110197500,40.67719750976563,-1.268329381942749,-0.4891055226325989,-0.36656174063682556
1790107882120142300,40.687142333984376,-1.2276562452316284,-0.36954209208488464,-0.23981551826000214
1790107882130086400,40.69708642578125,-1.1331419944763184,-0.33422431349754333,-0.13944204151630402
1790107882140030700,40.70703076171875,-1.0629253387451172,-0.2944289743900299,-0.08019310981035233
1790107882149975600,40.7169755859375,-0.9956603050231934,-0.3235511779785156,-0.03482376039028168
1790107882159919600,40.72691967773437,-0.857757031917572,-0.37168753147125244,0.02767583541572094
1790107882169863400,40.736863525390625,-0.6876748204231262,-0.33424481749534607,0.1681903451681137
1790107882179808500,40.74680859375,-0.5128023028373718,-0.17690953612327576,0.3439222276210785
1790107882189752600,40.75675268554688,-0.36978578567504883,0.00618172949180007,0.4630376994609833
1790107882199696600,40.766696533203124,-0.25108760595321655,0.08262190967798233,0.48558348417282104
1790107882209641500,40.77664135742187,-0.1245184913277626,0.1410311609506607,0.5010263323783875
1790107882219585500,40.78658544921875,-0.0023486416321247816,0.18365958333015442,0.5224325656890869
1790107882229530600,40.79653051757813,0.16323046386241913,0.3203471302986145,0.5432760715484619
1790107882239474400,40.80647436523437,0.32634109258651733,0.5649464726448059,0.6003947257995605
1790107882249418500,40.81641845703125,0.4583609104156494,0.780266523361206,0.6794354915618896
1790107882259363300,40.82636328125,0.5608524084091187,0.7770443558692932,0.7800697088241577
1790107882269307600,40.8363076171875,0.6837548613548279,0.6638051271438599,0.8107724785804749
1790107882279251500,40.84625146484375,0.8196906447410583,0.6360443830490112,0.7528942823410034
1790107882289196500,40.856196533203125,0.9524657130241394,0.6863834261894226,0.6826227903366089
1790107882299140400,40.86614038085938,1.0600073337554932,0.6690046787261963,0.6873293519020081
1790107882309084400,40.87608447265625,1.1548573970794678,0.6175984740257263,0.7287356853485107
1790107882319029500,40.886029541015624,1.2628121376037598,0.5966287851333618,0.7469404935836792
1790107882328973600,40.8959736328125,1.3729513883590698,0.5423117280006409,0.7324161529541016
1790107882338917400,40.90591748046875,1.4930921792984009,0.4649868607521057,0.6932248473167419
1790107882348862500,40.91586254882812,1.6149877309799194,0.4180435836315155,0.6547328233718872
1790107882358806500,40.925806640625,1.7374236583709717,0.4424985945224762,0.6077631711959839
1790107882368751600,40.93575170898438,1.8354992866516113,0.5012220740318298,0.558738648891449
1790107882378695400,40.9456953125,1.9400486946105957,0.5192083120346069,0.5337643027305603
1790107882388639500,40.955639404296875,2.056087017059326,0.4983389675617218,0.516883373260498
1790107882398584600,40.96558447265625,2.165696382522583,0.45420825481414795,0.5066107511520386
1790107882408528600,40.97552856445313,2.284022092819214,0.4035554528236389,0.4924539029598236
1790107882418472400,40.985472412109374,2.3682968616485596,0.29689985513687134,0.45252513885498047
1790107882428417500,40.99541748046875,2.4095711708068848,0.18013595044612885,0.3929821848869324
1790107882438361300,41.005361328125,2.3666207790374756,0.16474634408950806,0.3036738634109497
1790107882448305700,41.0153056640625,2.2255661487579346,0.060812484472990036,0.17733323574066162
1790107882458250500,41.02525048828125,1.9369362592697144,0.05193590372800827,0.13266776502132416
1790107882468194600,41.03519458007813,1.552348017692566,0.013794109225273132,0.1833096444606781
1790107882478138400,41.04513842773437,1.3073077201843262,0.03810663893818855,0.21828706562519073
1790107882488083700,41.05508374023437,1.3680278062820435,0.08064530789852142,0.13862472772598267
1790107882498027500,41.065027587890626,1.6432396173477173,-0.07400152087211609,0.09093043953180313
1790107882507972400,41.074972412109375,1.8271080255508423,-0.36922118067741394,0.12654435634613037
1790107882517916400,41.08491650390625,1.8509176969528198,-0.6960485577583313,0.15162840485572815
1790107882527860500,41.094860595703125,1.7728005647659302,-1.012959361076355,0.18331202864646912
1790107882537805600,41.1048056640625,1.565646767616272,-1.0193291902542114,0.15881600975990295
1790107882547749600,41.11474951171875,1.3053598403930664,-0.6009625196456909,0.11631089448928833
1790107882557693400,41.124693359375,1.123009443283081,-0.000014381069377122913,0.14902836084365845
1790107882567638300,41.13463818359375,1.1164506673812866,0.4309375584125519,0.25560539960861206
1790107882577582600,41.14458251953125,1.2013431787490845,0.3904436528682709,0.2716671824455261
1790107882587527400,41.15452734375,1.2944976091384888,-0.13010580837726593,0.24569419026374817
1790107882597471500,41.16447143554687,1.3421591520309448,-0.6481910347938538,0.2560613453388214
1790107882607415600,41.17441552734375,1.4094069004058838,-0.7861060500144958,0.25604963302612305
1790107882617360600,41.184360595703126,1.3411599397659302,-0.5342854857444763,0.2756885588169098
1790107882627304400,41.19430444335938,1.1397743225097656,-0.20933671295642853,0.20290224254131317
1790107882637248500,41.20424853515625,0.9120271801948547,0.028926189988851547,-0.017297763377428055
1790107882647193300,41.214193359375,0.6525242924690247,0.2411833256483078,-0.2320992797613144
1790107882657137400,41.22413745117188,0.36786988377571106,0.507623016834259,-0.3289453983306885
1790107882667081500,41.23408154296875,0.11163704842329025,0.5912744998931885,-0.3134303689002991
1790107882677026300,41.2440263671875,-0.1230393722653389,0.3999045193195343,-0.23886264860630035
1790107882686970400,41.25397045898438,-0.362304151058197,-0.03742886334657669,-0.2244858294725418
1790107882696915500,41.26391552734375,-0.6512352824211121,-0.48747140169143677,-0.27373620867729187
1790107882706859300,41.273859375,-0.9180691242218018,-0.46166563034057617,-0.24683721363544464
1790107882716803300,41.28380322265625,-1.1757371425628662,0.10374557226896286,-0.12913161516189575
1790107882726748400,41.29374853515625,-1.3704816102981567,0.6447177529335022,-0.1058044582605362
1790107882736692500,41.3036923828125,-1.5261167287826538,0.5654016137123108,-0.2764616906642914
1790107882746636300,41.31363623046875,-1.603502631187439,0.45134320855140686,-0.3893008828163147
1790107882756581400,41.323581298828124,-1.590293526649475,0.5810998678207397,-0.41801881790161133
1790107882766525200,41.33352514648438,-1.5229438543319702,0.6127725839614868,-0.4220295250415802
1790107882776469500,41.343469482421874,-1.4315017461776733,0.36292946338653564,-0.43661513924598694
1790107882786414300,41.35341430664062,-1.3263943195343018,0.1435675472021103,-0.41418546438217163
1790107882796358400,41.3633583984375,-1.209389090538025,0.11952506750822067,-0.3572702407836914
1790107882806302200,41.37330224609375,-1.0761674642562866,0.198578342795372,-0.28746479749679565
1790107882816247600,41.38324755859375,-0.9688529372215271,0.1339905560016632,-0.28153979778289795
1790107882826191400,41.39319140625,-0.9103960394859314,-0.014848721213638783,-0.3624469041824341
1790107882836136400,41.403136474609376,-0.8864930868148804,-0.08698922395706177,-0.4623846709728241
1790107882846080300,41.41308032226563,-0.8678126335144043,-0.09162605553865433,-0.5241103768348694
1790107882856024300,41.4230244140625,-0.8782788515090942,-0.048404283821582794,-0.5343808531761169
1790107882865969400,41.432969482421875,-0.8947832584381104,0.06180717423558235,-0.5094395279884338
1790107882875913500,41.44291357421875,-0.9140402674674988,0.20940302312374115,-0.41677698493003845
1790107882885857300,41.45285717773437,-0.8814951181411743,0.3720089793205261,-0.30726513266563416
1790107882895802600,41.462802734375,-0.8299999833106995,0.46616050601005554,-0.25015339255332947
1790107882905746400,41.47274633789063,-0.8622815012931824,0.4425539970397949,-0.2832101285457611
1790107882915690500,41.4826904296875,-0.9679032564163208,0.3711296021938324,-0.3494810461997986
1790107882925635300,41.49263525390625,-1.1285030841827393,0.22853197157382965,-0.3874872624874115
1790107882935579400,41.502579345703126,-1.2820252180099487,0.010306167416274548,-0.41861242055892944
1790107882945524500,41.5125244140625,-1.419177770614624,-0.20368334650993347,-0.4826990067958832
1790107882955468500,41.52246850585937,-1.4988467693328857,-0.2999017536640167,-0.5804420709609985
1790107882965412400,41.532412353515625,-1.5340324640274048,-0.2214335799217224,-0.6947649121284485
1790107882975357200,41.542357177734374,-1.536557674407959,-0.05109194666147232,-0.7918810844421387
1790107882985301500,41.55230151367188,-1.5179338455200195,0.10483400523662567,-0.7799400091171265
1790107882995245600,41.56224560546875,-1.474104404449463,0.24273061752319336,-0.6847823262214661
1790107883005190400,41.5721904296875,-1.3911876678466797,0.2206980288028717,-0.6018278002738953
1790107883015134200,41.58213427734375,-1.3409754037857056,0.12427321821451187,-0.5304689407348633
1790107883025078300,41.59207836914062,-1.3295360803604126,0.007908789440989494,-0.5353587865829468
1790107883035023400,41.6020234375,-1.327640414237976,-0.006873618811368942,-0.593708872795105
1790107883044967400,41.61196752929688,-1.2812891006469727,0.0763445720076561,-0.5888856053352356
1790107883054912300,41.621912353515626,-1.3871912956237793,0.23376987874507904,-0.39944887161254883
1790107883064856300,41.63185620117188,-1.6964610815048218,0.2855563759803772,-0.12431316077709198
1790107883074800400,41.64180029296875,-1.9742311239242554,-0.04572860524058342,-0.02087705209851265
1790107883084745500,41.651745361328125,-2.143563985824585,-0.6921539902687073,0.04113731533288956
1790107883094689300,41.66168920898438,-2.052952766418457,-1.610327959060669,0.026102440431714058
1790107883104633300,41.67163330078125,-1.8773308992385864,-2.3848485946655273,-0.11204744130373001
1790107883114578400,41.681578369140624,-1.6330173015594482,-2.6575217247009277,-0.34072935581207275
1790107883124522500,41.6915224609375,-1.3115711212158203,-2.3873846530914307,-0.5499555468559265
1790107883134466300,41.70146630859375,-0.9492073059082031,-1.773859977722168,-0.6512296795845032
1790107883144411400,41.71141137695312,-0.5886134505271912,-1.0698970556259155,-0.6228097677230835
1790107883154355200,41.721355224609376,-0.3534773886203766,-0.384830504655838,-0.5511363744735718
1790107883164300500,41.73130053710938,-0.23753505945205688,0.20266762375831604,-0.40510913729667664
1790107883174244400,41.74124438476562,-0.21001741290092468,0.5722858905792236,-0.12674036622047424
1790107883184188400,41.7511884765625,-0.1713120937347412,0.7718389630317688,0.2009885013103485
1790107883194133200,41.76113330078125,-0.07587692141532898,1.0481730699539185,0.4958060085773468
1790107883204077600,41.77107763671875,0.05884973332285881,1.3662956953048706,0.7165005803108215
1790107883214021400,41.781021484375,0.15794143080711365,1.2960917949676514,0.8483001589775085
1790107883223966500,41.790966552734375,0.22170975804328918,0.9501964449882507,0.9025258421897888
1790107883233910300,41.80091015625,0.31824588775634766,0.7397984266281128,0.8819595575332642
1790107883243854300,41.81085424804687,0.4005274474620819,0.6561599969863892,0.8040648102760315
1790107883253799400,41.82079931640625,0.5248574018478394,0.6465997695922852,0.7065683007240295
1790107883263743500,41.830743408203126,0.7057659029960632,0.7323794364929199,0.6070369482040405
1790107883273688300,41.840688232421876,0.8721998929977417,0.8076776266098022,0.5457069873809814
1790107883283632400,41.85063232421875,1.004421591758728,0.7899860143661499,0.49834346771240234
1790107883293576400,41.860576416015626,1.1097570657730103,0.6755403876304626,0.482302725315094
1790107883303521300,41.870521240234375,1.2369266748428345,0.5904625058174133,0.4577521085739136
1790107883313465300,41.88046533203125,1.3785549402236938,0.6094383001327515,0.42490682005882263
1790107883323409400,41.890409423828125,1.500349521636963,0.5773642659187317,0.3842771053314209
1790107883333354500,41.9003544921875,1.5662665367126465,0.43710702657699585,0.4021943211555481
1790107883343298600,41.91029858398438,1.6238560676574707,0.16383446753025055,0.45483142137527466
1790107883353242400,41.920242431640624,1.684277892112732,-0.09465859830379486,0.4895135164260864
1790107883363187200,41.93018725585937,1.7135486602783203,-0.24685825407505035,0.5178812146186829
1790107883373131300,41.94013134765625,1.708550214767456,-0.2639685273170471,0.5353872776031494
1790107883383076400,41.95007641601563,1.6624583005905151,-0.13076333701610565,0.5493249297142029
1790107883393020400,41.9600205078125,1.610023021697998,0.13780979812145233,0.5509177446365356
1790107883402964500,41.969964599609376,1.5242213010787964,0.46652641892433167,0.5510772466659546
1790107883412909300,41.979909423828126,1.5442906618118286,0.5766577124595642,0.507559061050415
1790107883422853400,41.98985327148438,1.7237317562103271,0.5496700406074524,0.3660815954208374
1790107883432797400,41.99979736328125,2.0044305324554443,0.5764952898025513,0.17167401313781738
1790107883442742300,42.0097421875,2.3993642330169678,0.4218186140060425,0.04694433882832527
1790107883452686300,42.01968627929688,2.8180646896362305,-0.07173863798379898,0.0017994979862123728
1790107883462630100,42.02963012695312,2.9736745357513428,-0.5305752158164978,0.09851405769586563
1790107883472575500,42.039575439453124,2.575068473815918,-0.6622099280357361,0.4057570993900299
1790107883482519300,42.049519287109376,1.6294190883636475,-0.26497387886047363,0.7386759519577026
1790107883492464400,42.05946435546875,0.8814682364463806,0.13896986842155457,0.6728132963180542
1790107883502408200,42.069408203125,0.7002204060554504,0.13432984054088593,0.2845880687236786
1790107883512352500,42.0793525390625,0.7499964833259583,-0.15620478987693787,0.05435192212462425
1790107883522297300,42.08929736328125,0.9741166830062866,-0.5830008387565613,0.01561358105391264
1790107883532241400,42.09924145507812,1.1492573022842407,-0.8784253001213074,0.010117615573108196
1790107883542185200,42.109185302734375,1.2615423202514648,-0.8985121846199036,0.11868217587471008
1790107883552130600,42.119130615234376,1.2998889684677124,0.09199143946170807,0.2824985384941101
1790107883562074400,42.12907446289063,1.4901635646820068,1.351768136024475,0.4083709716796875
1790107883572019500,42.13901953125,1.7485276460647583,1.3053169250488281,0.45038899779319763
1790107883581963300,42.14896337890625,1.8699254989624023,0.04664340242743492,0.47999563813209534
1790107883591907300,42.1589072265625,1.6963475942611694,-0.6377876400947571,0.5949349999427795
1790107883601852400,42.16885229492188,1.4050384759902954,-0.6616008281707764,0.6412692070007324
1790107883611796500,42.17879638671875,1.155813217163086,-0.6768072247505188,0.555452823638916
1790107883621740300,42.188740234375,1.0200176239013672,-0.7265364527702332,0.3925608694553375
1790107883631685400,42.198685302734376,0.7891013026237488,-0.6358107924461365,0.21834805607795715
1790107883641629400,42.20862939453125,0.5415199995040894,-0.3979487121105194,0.11435001343488693
1790107883651573800,42.21857373046875,0.3690613806247711,-0.28236323595046997,0.07343107461929321
1790107883661518600,42.2285185546875,0.225890651345253,-0.13515010476112366,0.06043591350317001
1790107883671462700,42.23846264648437,0.07411390542984009,-0.08683103322982788,0.053402237594127655
1790107883681407700,42.24840771484375,-0.06706691533327103,-0.10921863466501236,0.04681650921702385
1790107883691351600,42.2583515625,-0.2147727608680725,-0.2143314629793167,0.05521904677152634
1790107883701295600,42.26829565429688,-0.3497556149959564,-0.16333992779254913,0.07832010835409164
1790107883711240400,42.27824047851563,-0.4688878655433655,0.12593422830104828,0.0789632573723793
1790107883721184800,42.288184814453125,-0.5932289958000183,0.2669374346733093,0.049007222056388855
1790107883731128600,42.29812866210938,-0.8068320751190186,-0.2695545256137848,-0.07759865373373032
1790107883741073700,42.30807373046875,-1.0235042572021484,-0.8050674796104431,-0.2683270573616028
1790107883751017500,42.318017578125,-1.1118910312652588,-0.6103400588035583,-0.31209877133369446
1790107883760961500,42.32796142578125,-1.0651723146438599,0.5684008598327637,-0.1867901235818863
1790107883770906600,42.33790673828125,-1.1497713327407837,0.9792914390563965,-0.2745061218738556
1790107883780850700,42.3478505859375,-1.3345729112625122,0.4713936150074005,-0.4993099570274353
1790107883790795500,42.35779541015625,-1.4738119840621948,0.2459208220243454,-0.5445826053619385
1790107883800739600,42.367739501953125,-1.4626312255859375,0.508891224861145,-0.43405023217201233
1790107883810683600,42.37768359375,-1.3933517932891846,0.8665425181388855,-0.32177963852882385
1790107883820628700,42.38762866210938,-1.361709713935852,0.7183424234390259,-0.36297607421875
1790107883830572500,42.397572509765624,-1.2685788869857788,0.5151717066764832,-0.36984968185424805
1790107883840516600,42.4075166015625,-1.147125244140625,0.5577474236488342,-0.3264782428741455
1790107883850461700,42.41746166992188,-1.0311038494110107,0.678065299987793,-0.2935629189014435
1790107883860405800,42.42740576171875,-0.980137288570404,0.6792994141578674,-0.3723200261592865
1790107883870349600,42.437349609375,-0.9155731797218323,0.6721932888031006,-0.46058785915374756
1790107883880294700,42.44729467773438,-0.8655739426612854,0.6944578886032104,-0.4272514581680298
1790107883890238500,42.45723852539062,-0.8337299823760986,0.5983936786651611,-0.33102691173553467
1790107883900183600,42.46718359375,-0.7762044072151184,0.3319800794124603,-0.31045374274253845
1790107883910127600,42.477127685546876,-0.7428491115570068,-0.022731943055987358,-0.3477388024330139
1790107883920071700,42.48707177734375,-0.8128247261047363,-0.27060964703559875,-0.3756875991821289
1790107883930016500,42.4970166015625,-0.9977072477340698,-0.38431331515312195,-0.40907084941864014
1790107883939960800,42.5069609375,-1.2329615354537964,-0.37043532729148865,-0.5379588007926941
1790107883949904600,42.51690454101563,-1.4782764911651611,-0.1743883192539215,-0.671485185623169
1790107883959849500,42.526849365234376,-1.660214900970459,0.06340453773736954,-0.742384135723114
1790107883969793500,42.53679345703125,-1.7410085201263428,0.2613687515258789,-0.6789202094078064
1790107883979738600,42.54673852539062,-1.7382060289382935,0.34792494773864746,-0.5082632303237915
1790107883989682700,42.5566826171875,-1.678665041923523,0.3597656190395355,-0.4064721465110779
1790107883999626800,42.56662670898437,-1.5852961540222168,0.3469496965408325,-0.40823623538017273
1790107884009571600,42.57657153320312,-1.448169469833374,0.2420312762260437,-0.5002194046974182
1790107884019515400,42.586515380859375,-1.3642750978469849,0.13363449275493622,-0.5724517703056335
1790107884029459700,42.59645971679687,-1.3227475881576538,0.00045540055725723505,-0.5874930620193481
1790107884039404500,42.60640454101563,-1.29575777053833,-0.09813854843378067,-0.5678586363792419
1790107884049348600,42.6163486328125,-1.2913742065429688,-0.16653650999069214,-0.5426725745201111
1790107884059292700,42.62629272460938,-1.2610589265823364,-0.2625701129436493,-0.5386109948158264
1790107884069237800,42.63623779296875,-1.2715235948562622,-0.3378414213657379,-0.515990674495697
1790107884079181600,42.646181640625,-1.3733391761779785,-0.29670676589012146,-0.4224795997142792
1790107884089126700,42.656126708984374,-1.413865566253662,-0.18473470211029053,-0.35260704159736633
1790107884099070500,42.666070556640626,-1.399401068687439,-0.04116607829928398,-0.2877494990825653
1790107884109014500,42.6760146484375,-1.3877487182617188,0.051291417330503464,-0.1979021579027176
1790107884118959600,42.68595971679687,-1.3957775831222534,0.06360533833503723,-0.12284016609191895
1790107884128903700,42.695903564453126,-1.393492579460144,-0.06455103307962418,-0.09435313194990158
1790107884138847500,42.70584741210938,-1.3703985214233398,-0.4708458185195923,-0.13896694779396057
1790107884148792800,42.71579272460937,-1.2727845907211304,-0.906025767326355,-0.22419874370098114
1790107884158736600,42.725736572265625,-1.1150537729263306,-1.1479912996292114,-0.24504224956035614
1790107884168680700,42.7356806640625,-0.9219767451286316,-1.1976912021636963,-0.1587611585855484
1790107884178625500,42.74562548828125,-0.7494742274284363,-1.0957456827163696,-0.04538265988230705
1790107884188569600,42.755569580078124,-0.5909546613693237,-0.8719386458396912,0.008222776465117931
1790107884198514700,42.7655146484375,-0.4639226496219635,-0.5385332703590393,0.025350363925099373
1790107884208458800,42.77545874023438,-0.3614223897457123,-0.17640352249145508,0.08455749601125717
1790107884218402600,42.78540258789062,-0.24141421914100647,0.18303453922271729,0.2109103798866272
1790107884228347600,42.79534765625,-0.08011800795793533,0.5144513249397278,0.3199649453163147
1790107884238291700,42.805291748046876,0.11640463769435883,0.7326492071151733,0.3870584964752197
1790107884248235800,42.81523583984375,0.2560160756111145,0.7989227771759033,0.49077585339546204
1790107884258180600,42.8251806640625,0.3780788481235504,0.8197952508926392,0.6203269362449646
1790107884268124700,42.835124755859376,0.5219196677207947,0.9498385190963745,0.6666880249977112
1790107884278068500,42.845068359375,0.6910748481750488,1.3129996061325073,0.5795552730560303
1790107884288013800,42.85501391601562,0.824947714805603,1.5001354217529297,0.5395750999450684
1790107884297957600,42.86495751953125,0.8931645750999451,1.3089662790298462,0.5718536376953125
1790107884307902500,42.87490234375,0.9571768641471863,1.027658462524414,0.5290260314941406
1790107884317846500,42.884846435546876,1.0452702045440674,0.735440731048584,0.4309207797050476
1790107884327790800,42.894790771484374,1.11358642578125,0.3762926757335663,0.34050217270851135
1790107884337735700,42.90473559570312,1.169333577156067,0.07783593982458115,0.26731106638908386
1790107884347679500,42.914679443359375,1.2260842323303223,-0.1722300946712494,0.24582335352897644
1790107884357623600,42.92462353515625,1.3307517766952515,-0.3394414484500885,0.2567462921142578
1790107884367568600,42.93456860351562,1.462005376815796,-0.39172250032424927,0.2619815468788147
1790107884377512700,42.9445126953125,1.6098837852478027,-0.3722071051597595,0.265959233045578
1790107884387457500,42.95445751953125,1.7915880680084229,-0.19748377799987793,0.26319754123687744
1790107884397401600,42.96440161132813,2.008080244064331,0.05469014123082161,0.20715957880020142
1790107884407345400,42.974345458984374,2.2414326667785645,0.1402740180492401,0.16170340776443481
1790107884417290800,42.984290771484375,2.445582389831543,-0.06073924899101257,0.1483958661556244
1790107884427234600,42.99423461914063,2.586574077606201,-0.20745491981506348,0.18418022990226746
1790107884437178600,43.0041787109375,2.6388347148895264,-0.07403641194105148,0.2116944044828415
1790107884447123500,43.01412353515625,2.583498001098633,0.3298934996128082,0.26490941643714905
1790107884457067800,43.02406787109375,2.480217933654785,0.6751022934913635,0.2418089061975479
1790107884467012600,43.0340126953125,2.308487892150879,0.7593628168106079,0.22919856011867523
1790107884476956700,43.04395678710937,1.8937400579452515,0.5490471124649048,0.26783862709999084
1790107884486900500,43.053900390625,1.4323188066482544,0.45200100541114807,0.29134422540664673
1790107884496845800,43.063845703125,1.4462336301803589,0.3680405914783478,0.09608498960733414
1790107884506789600,43.07378955078125,1.6813055276870728,-0.013920342549681664,-0.17453159391880035
1790107884516733700,43.083733642578125,1.7996110916137695,-0.5501307845115662,-0.33585870265960693
1790107884526678500,43.093678466796874,1.8585591316223145,-0.888990581035614,-0.32793524861335754
1790107884536622600,43.10362255859375,1.8117649555206299,-0.6242470741271973,-0.27815625071525574
1790107884546566700,43.113566650390624,1.7010000944137573,-0.04818563908338547,-0.24721191823482513
1790107884556511700,43.12351171875,1.5693867206573486,0.1756937950849533,-0.21948255598545074
1790107884566455600,43.13345556640625,1.3067326545715332,-0.011582620441913605,-0.20425140857696533
1790107884576400600,43.14340063476563,1.191892385482788,-0.31639552116394043,-0.13194870948791504
1790107884586344700,43.1533447265625,1.252563714981079,-0.7532950639724731,-0.04735393449664116
1790107884596288800,43.163288818359376,1.3306732177734375,-1.0184977054595947,-0.024025442078709602
1790107884606233600,43.173233642578126,1.3656381368637085,-0.9089578986167908,-0.13360439240932465
1790107884616177700,43.183177734375,1.2798254489898682,-0.5895748734474182,-0.27698180079460144
1790107884626121500,43.19312158203125,1.1572198867797852,-0.3910444676876068,-0.386248379945755
1790107884636066600,43.203066650390625,1.053080439567566,-0.181803360581398,-0.3972663879394531
1790107884646010600,43.2130107421875,0.9866524338722229,0.23953242599964142,-0.3342655897140503
1790107884655954400,43.22295434570312,0.8583698272705078,0.7654367089271545,-0.23988023400306702
1790107884665899300,43.23289916992187,0.6917185187339783,0.8261452913284302,-0.16163577139377594
1790107884675843600,43.242843505859376,0.5584028363227844,0.5376296639442444,-0.08141309767961502
1790107884685788400,43.252788330078126,0.4719398319721222,0.18211548030376434,-0.027185015380382538
1790107884695732500,43.262732421875,0.3741608262062073,-0.06463412195444107,-0.015780294314026833
1790107884705676300,43.27267626953125,0.20377390086650848,-0.3624761998653412,-0.00039254993316717446
1790107884715621400,43.282621337890625,-0.04992681369185448,-0.6348275542259216,0.06632842123508453
1790107884725565400,43.2925654296875,-0.3523961305618286,-0.7118523120880127,0.2136654108762741
1790107884735509500,43.302509521484374,-0.6485875844955444,-0.5020178556442261,0.35899677872657776
1790107884745454300,43.312454345703124,-0.9334036111831665,-0.30924680829048157,0.4039168357849121
1790107884755398400,43.3223984375,-1.1402896642684937,-0.060857225209474564,0.37797632813453674
1790107884765342500,43.332342529296874,-1.249714970588684,0.29831796884536743,0.3123539090156555
1790107884775287300,43.34228735351562,-1.343049168586731,0.3324804902076721,0.09201354533433914
1790107884785231400,43.3522314453125,-1.4723701477050781,0.0603427030146122,-0.2032628357410431
1790107884795176200,43.36217626953125,-1.5382317304611206,0.007062170654535294,-0.35879063606262207
1790107884805120500,43.37212060546875,-1.526915431022644,0.14394785463809967,-0.3530137240886688
1790107884815064300,43.382064208984374,-1.4895539283752441,0.00749200489372015,-0.2720363140106201
1790107884825009400,43.392009521484376,-1.3748502731323242,-0.3943193554878235,-0.1907891184091568
1790107884834953200,43.401953125,-1.2073725461959839,-0.7004547715187073,-0.14486877620220184
1790107884844897300,43.41189721679687,-1.0886101722717285,-0.7254019379615784,-0.11972027271986008
1790107884854842400,43.42184228515625,-1.109045147895813,-0.5325190424919128,-0.1435779333114624
1790107884864786400,43.43178637695313,-1.1754002571105957,-0.2748435437679291,-0.25399553775787354
1790107884874731300,43.441731201171876,-1.3306130170822144,-0.07702074944972992,-0.478672057390213
1790107884884675300,43.45167529296875,-1.4394015073776245,0.1428823173046112,-0.6510211825370789
1790107884894619400,43.461619384765626,-1.4583052396774292,0.3141787052154541,-0.6624626517295837
1790107884904564500,43.471564453125,-1.3864959478378296,0.4283476173877716,-0.5749620795249939
1790107884914508300,43.48150830078125,-1.2841006517410278,0.4913654625415802,-0.40944769978523254
1790107884924452400,43.491452392578125,-1.2299615144729614,0.49467310309410095,-0.22503525018692017
1790107884934397400,43.5013974609375,-1.2599608898162842,0.4320765733718872,-0.10799038410186768
1790107884944341500,43.51134155273437,-1.3473515510559082,0.30610373616218567,-0.09502638131380081
1790107884954286300,43.52128637695313,-1.4345513582229614,0.10151304304599762,-0.16290903091430664
1790107884964230400,43.53123046875,-1.4838947057724,-0.1307620108127594,-0.29250457882881165
1790107884974174200,43.54117431640625,-1.5010342597961426,-0.339216411113739,-0.44728854298591614
1790107884984119300,43.55111938476563,-1.4951753616333008,-0.3522872030735016,-0.5766092538833618
1790107884994063400,43.5610634765625,-1.4891078472137451,-0.20115388929843903,-0.6642381548881531
1790107885004007400,43.57100732421875,-1.4258381128311157,-0.03339124470949173,-0.6986161470413208
1790107885013952500,43.580952392578126,-1.3621925115585327,0.11005726456642151,-0.6640775799751282
1790107885023896600,43.590896484375,-1.2979706525802612,0.23668257892131805,-0.5931581258773804
1790107885033840400,43.60084033203125,-1.229330062866211,0.2749798893928528,-0.5254486203193665
1790107885043785200,43.61078515625,-1.177855372428894,0.3017995357513428,-0.43500766158103943
1790107885053729300,43.62072924804688,-1.1877062320709229,0.2957134246826172,-0.3094222843647003
1790107885063674400,43.63067431640625,-1.1868693828582764,0.08174838870763779,-0.21796216070652008
1790107885073618400,43.640618408203125,-1.1772924661636353,-0.19225811958312988,-0.19076834619045258
1790107885083562500,43.6505625,-1.2202420234680176,-0.42015814781188965,-0.1923084557056427
1790107885093507300,43.66050732421875,-1.3810919523239136,-0.3957313597202301,-0.17916016280651093
1790107885103451400,43.670451416015624,-1.5461596250534058,-0.3896292448043823,-0.08690027892589569
1790107885113395500,43.6803955078125,-1.6537787914276123,-0.37176981568336487,-0.012799684889614582
1790107885123340300,43.69034033203125,-1.5785844326019287,-0.36047881841659546,0.057789262384176254
1790107885133284400,43.70028442382812,-1.4517260789871216,-0.32152849435806274,0.12912629544734955
1790107885143229400,43.7102294921875,-1.298670768737793,-0.29654696583747864,0.1617763787508011
1790107885153173500,43.720173583984376,-1.1529487371444702,-0.3074379861354828,0.12260661274194717
1790107885163117300,43.73011743164062,-1.033939003944397,-0.30957382917404175,0.06179891899228096
1790107885173062400,43.7400625,-0.9445598721504211,-0.3553221523761749,0.03574761003255844
1790107885183006200,43.750006103515624,-0.8259085416793823,-0.41376549005508423,0.05793121084570885
1790107885192950500,43.75995043945313,-0.7259635925292969,-0.5452705025672913,0.1300610601902008
1790107885202895400,43.76989526367188,-0.601111114025116,-0.7104315161705017,0.18713127076625824
1790107885212839400,43.77983935546875,-0.4595643877983093,-0.6193040013313293,0.17583148181438446
1790107885222783200,43.789783203125,-0.32531285285949707,-0.242646723985672,0.10484971851110458
1790107885232728600,43.799728515625,-0.20792071521282196,0.1251014620065689,0.06864643841981888
1790107885242672400,43.80967236328125,-0.07339352369308472,0.3739408254623413,0.1635063737630844
1790107885252617500,43.81961743164062,0.07606680691242218,0.5816056132316589,0.30578121542930603
1790107885262561300,43.829561279296875,0.19458545744419098,0.7093294858932495,0.43789663910865784
1790107885272505300,43.83950537109375,0.28578808903694153,0.8192394971847534,0.5434830188751221
1790107885282450400,43.84945043945312,0.36483603715896606,0.8314226269721985,0.6213527321815491
1790107885292394500,43.85939453125,0.43726786971092224,0.8386533856391907,0.6244508028030396
1790107885302338300,43.86933837890625,0.5246973037719727,0.894283652305603,0.5511782169342041
1790107885312283400,43.87928344726563,0.6184461712837219,0.9064039587974548,0.47854819893836975
1790107885322227500,43.8892275390625,0.7262999415397644,0.9098562002182007,0.42002472281455994
1790107885332171500,43.89917163085938,0.8562049269676208,0.9196635484695435,0.4017764627933502
1790107885342116400,43.90911645507813,0.9847427010536194,0.9174970984458923,0.42194512486457825
1790107885352060400,43.91906030273437,1.1003278493881226,0.7889955639839172,0.4100295901298523
1790107885362005500,43.929005615234374,1.216012716293335,0.7082123160362244,0.36171239614486694
1790107885371949300,43.93894921875,1.3548266887664795,0.7012587785720825,0.3493795692920685
1790107885381893400,43.94889331054687,1.5033107995986938,0.6571669578552246,0.38885027170181274
1790107885391838200,43.95883813476563,1.6381641626358032,0.5760438442230225,0.40130481123924255
1790107885401782300,43.9687822265625,1.7697837352752686,0.5580075979232788,0.36000052094459534
1790107885411726600,43.9787265625,1.8929120302200317,0.5319589376449585,0.2948201894760132
1790107885421671400,43.98867138671875,2.0085771083831787,0.4636283814907074,0.26389050483703613
1790107885431615200,43.998615234375,2.1102640628814697,0.4145607054233551,0.2427111715078354
1790107885441560300,44.008560302734374,2.1816906929016113,0.3485662341117859,0.19015343487262726
1790107885451504400,44.01850439453125,2.243452548980713,0.2873992919921875,0.11026525497436523
1790107885461448400,44.028448486328124,2.305866003036499,0.2151906043291092,0.06078265607357025
1790107885471393300,44.03839331054687,2.361948251724243,0.1460283100605011,0.06700273603200912
1790107885481337300,44.04833740234375,2.4431865215301514,0.13155589997768402,0.1013878732919693
1790107885491281200,44.05828125,2.5052831172943115,0.05060645192861557,0.1378750503063202
1790107885501226500,44.0682265625,2.4285006523132324,-0.25559288263320923,0.1341783106327057
1790107885511170300,44.07817041015625,2.2539143562316895,-0.5572525858879089,0.0858568474650383
1790107885521115400,44.088115478515626,2.045976161956787,-0.9166911840438843,0.009260343387722969
1790107885531059200,44.09805908203125,1.8875268697738647,-1.1101733446121216,-0.08833572268486023
1790107885541003500,44.10800341796875,1.825562834739685,-1.2301037311553955,-0.07604309916496277
1790107885550948400,44.1179482421875,1.7654681205749512,-1.1367067098617554,-0.006726079620420933
1790107885560892400,44.12789233398438,1.667023777961731,-0.8878358602523804,0.012379704043269157
1790107885570836200,44.13783618164062,1.5157500505447388,-0.5017118453979492,0.008566590026021004
1790107885580781600,44.147781494140624,1.3137069940567017,0.054426223039627075,0.04694646969437599
1790107885590725400,44.157725341796876,1.1510813236236572,0.6116519570350647,0.18132132291793823
1790107885600669400,44.16766943359375,1.0434144735336304,0.913491427898407,0.357038289308548
1790107885610614300,44.1776142578125,0.9657722115516663,0.689271867275238,0.37920910120010376
1790107885620558300,44.187558349609375,0.8209079504013062,-0.18713340163230896,0.30669283866882324
1790107885630503400,44.19750341796875,0.6484711766242981,-0.9522960782051086,0.2980351448059082
1790107885640447500,44.20744750976562,0.5490729808807373,-0.9573075771331787,0.3931739330291748
1790107885650391300,44.217391357421874,0.5500295758247375,-0.47092676162719727,0.45602986216545105
1790107885660335900,44.2273359375,0.6362352967262268,-0.3621595501899719,0.3051740229129791
1790107885670280000,44.237280029296876,0.5901559591293335,-0.5994855165481567,0.08887235075235367
1790107885680224000,44.24722412109375,0.47365331649780273,-0.5654492974281311,-0.005437908694148064
1790107885690168800,44.2571689453125,0.33021652698516846,-0.3349068760871887,-0.009853961877524853
1790107885700113000,44.26711279296875,0.09192699193954468,-0.2510279715061188,-0.01974174752831459
1790107885710058000,44.27705810546875,-0.21311067044734955,-0.2832069396972656,-0.0889730155467987
1790107885720002000,44.287001953125,-0.4463529884815216,-0.13670139014720917,-0.15649187564849854
1790107885729945900,44.29694580078125,-0.5866246223449707,0.09858196973800659,-0.2016707956790924
1790107885739890700,44.306890625,-0.6948916912078857,0.2425500601530075,-0.22809894382953644
1790107885749834800,44.316834716796876,-0.8074544668197632,0.018984077498316765,-0.3031651973724365
1790107885759779000,44.32677905273437,-0.9016534090042114,-0.14598862826824188,-0.33754581212997437
1790107885769724000,44.33672387695312,-0.9743648767471313,-0.09964403510093689,-0.30838340520858765
1790107885779668000,44.34666796875,-1.0220708847045898,0.13603772222995758,-0.2537750005722046
1790107885789612800,44.35661279296875,-1.0723388195037842,0.15966849029064178,-0.23778672516345978
1790107885799556900,44.36655688476562,-1.106046199798584,0.07315730303525925,-0.23180526494979858
1790107885809501000,44.3765009765625,-1.111565113067627,-0.07661382108926773,-0.22456519305706024
1790107885819445800,44.38644580078125,-1.0694780349731445,-0.09381117671728134,-0.21666759252548218
1790107885829389800,44.39638989257813,-0.999420702457428,0.15148113667964935,-0.208815798163414
1790107885839334000,44.406333984375,-0.9723909497261047,0.3488543927669525,-0.24780474603176117
1790107885849279000,44.416279052734374,-0.9782440662384033,0.2878349721431732,-0.34761494398117065
1790107885859222800,44.42622290039063,-0.9691535830497742,0.18165580928325653,-0.4412176012992859
1790107885869167900,44.43616796875,-0.9281641244888306,0.12245986610651016,-0.48333895206451416
1790107885879111700,44.44611157226562,-0.8669771552085876,0.09226281940937042,-0.48364150524139404
1790107885889056000,44.456055908203126,-0.8345308303833008,-0.00046924897469580173,-0.4645676612854004
1790107885899000800,44.466000732421875,-0.7973728179931641,-0.05820285156369209,-0.3916151821613312
1790107885908945000,44.47594482421875,-0.7737596035003662,-0.06018637493252754,-0.2671065330505371
1790107885918888700,44.485888671875,-0.7942473292350769,-0.07087204605340958,-0.15719175338745117
1790107885928834000,44.495833984375,-0.835263192653656,-0.06672044098377228,-0.11187726259231567
1790107885938777900,44.50577783203125,-0.9013652205467224,0.019155317917466164,-0.13816054165363312
1790107885948722000,44.515721923828124,-0.9764794111251831,0.1547512263059616,-0.1979796588420868
1790107885958666800,44.52566674804687,-1.0852376222610474,0.310112327337265,-0.2604840397834778
1790107885968610800,44.53561083984375,-1.2039189338684082,0.47755885124206543,-0.332497775554657
1790107885978556000,44.54555590820313,-1.3163912296295166,0.6103451251983643,-0.38104480504989624
1790107885988500000,44.5555,-1.4173572063446045,0.6276735067367554,-0.3633401393890381
1790107885998443800,44.56544384765625,-1.4952472448349,0.47459927201271057,-0.3045561611652374
1790107886008389000,44.57538916015625,-1.5709547996520996,0.20289239287376404,-0.2435988038778305
1790107886018333000,44.5853330078125,-1.5889207124710083,-0.1285843402147293,-0.27165335416793823
1790107886028277000,44.595277099609376,-1.5572741031646729,-0.39444053173065186,-0.3563101887702942
1790107886038221800,44.605221923828125,-1.5451236963272095,-0.5270792841911316,-0.3813880980014801
1790107886048166000,44.61516577148438,-1.5594449043273926,-0.4995003640651703,-0.36256834864616394
1790107886058111000,44.62511108398437,-1.579141616821289,-0.4131960868835449,-0.3902396559715271
1790107886068055000,44.635054931640624,-1.5969808101654053,-0.3412417471408844,-0.4824007451534271
1790107886077998800,44.64499877929688,-1.546344518661499,-0.35849902033805847,-0.5426797866821289
1790107886087943700,44.654943603515626,-1.4422351121902466,-0.4309724271297455,-0.5275117754936218
1790107886097888000,44.66488793945312,-1.3640471696853638,-0.5600560903549194,-0.4125652015209198
1790107886107832000,44.67483203125,-1.3927432298660278,-0.6174725294113159,-0.2511928081512451
1790107886117777000,44.68477685546875,-1.4400817155838013,-0.6973838806152344,-0.15102121233940125
1790107886127721000,44.69472094726562,-1.4424535036087036,-0.7300286293029785,-0.11398382484912872
1790107886137666000,44.704666015625,-1.4294652938842773,-0.6737374067306519,-0.1588895171880722
1790107886147609900,44.71460986328125,-1.4192867279052734,-0.5571905374526978,-0.1391879767179489
1790107886157554000,44.72455395507812,-1.3974019289016724,-0.508219838142395,-0.07118842750787735
1790107886167498800,44.73449877929688,-1.3311946392059326,-0.43476957082748413,0.01703091524541378
1790107886177442800,44.74444287109375,-1.2061611413955688,-0.3424747884273529,0.09838329255580902
1790107886187387000,44.75438696289063,-1.0786420106887817,-0.3901893198490143,0.18416477739810944
1790107886197332000,44.76433203125,-0.9147366881370544,-0.490217924118042,0.23600080609321594
1790107886207275800,44.77427587890625,-0.7476089596748352,-0.41864198446273804,0.21574588119983673
1790107886217219800,44.7842197265625,-0.5985022783279419,-0.17346499860286713,0.19458918273448944
1790107886227165000,44.7941650390625,-0.44571754336357117,0.14383946359157562,0.2798135280609131
1790107886237109000,44.80410888671875,-0.2623104453086853,0.5698354840278625,0.41973549127578735
1790107886247053800,44.8140537109375,-0.07952331751585007,0.7728701233863831,0.5309192538261414
1790107886256998000,44.823997802734375,0.03367673605680466,0.692410409450531,0.5872254371643066
1790107886266941700,44.83394165039063,0.1315194070339203,0.6036219596862793,0.6173281669616699
1790107886276887000,44.84388696289062,0.25057122111320496,0.6180435419082642,0.6012208461761475
1790107886286830800,44.853830810546874,0.3682704269886017,0.6619912385940552,0.5542166233062744
1790107886296775000,44.86377490234375,0.48456960916519165,0.6671940088272095,0.47501951456069946
1790107886306719700,44.8737197265625,0.6101240515708923,0.6527588963508606,0.3815779983997345
1790107886316664000,44.8836640625,0.7437188625335693,0.6744167804718018,0.31601735949516296
1790107886326609000,44.89360888671875,0.8748481273651123,0.7162132263183594,0.2927389144897461
1790107886336553000,44.90355297851563,0.9963240027427673,0.7192553281784058,0.2860514521598816
1790107886346496800,44.91349682617187,1.1124601364135742,0.6834427714347839,0.26698562502861023
1790107886356441900,44.92344189453125,1.218353033065796,0.6415307521820068,0.25284823775291443
1790107886366386000,44.933385986328126,1.3067867755889893,0.6067062020301819,0.2343059778213501
1790107886376330000,44.943330078125,1.3722368478775024,0.5766292214393616,0.22652022540569305
1790107886386274800,44.95327490234375,1.4447009563446045,0.6231583952903748,0.20692361891269684
1790107886396219000,44.963218994140625,1.539022445678711,0.7204998731613159,0.17139065265655518
1790107886406164000,44.9731640625,1.6308932304382324,0.7782957553863525,0.14901530742645264
1790107886416107800,44.98310766601563,1.6982167959213257,0.7389305233955383,0.14907070994377136
1790107886426051800,44.9930517578125,1.7458431720733643,0.6317912936210632,0.15123292803764343
1790107886435996700,45.00299658203125,1.7936432361602783,0.4368516206741333,0.10086669027805328
1790107886445941000,45.01294091796875,1.8460114002227783,0.32782554626464844,0.04350912943482399
1790107886455885000,45.02288500976562,1.9078315496444702,0.3041801452636719,-0.013134444132447243
1790107886465830000,45.03282983398437,1.982997179031372,0.22178113460540771,-0.04885222762823105
1790107886475773700,45.042773681640625,2.0723555088043213,0.0434233732521534,-0.011663313955068588
1790107886485719000,45.052718994140626,2.171623945236206,-0.09339812397956848,0.027964789420366287
1790107886495662800,45.06266284179687,2.251875162124634,-0.19262324273586273,-0.01727805659174919
1790107886505607000,45.07260693359375,2.2856669425964355,-0.30614155530929565,-0.12326893955469131
1790107886515551700,45.0825517578125,2.2478272914886475,-0.5152289867401123,-0.2393079251050949
1790107886525495800,45.09249584960938,2.1363134384155273,-0.8649142980575562,-0.2909391522407532
1790107886535440000,45.10243994140625,1.9745419025421143,-1.1510307788848877,-0.1864713430404663
1790107886545385000,45.112385009765624,1.8654143810272217,-1.270573616027832,0.03191079571843147
1790107886555328800,45.12232885742188,1.825054407119751,-1.1499547958374023,0.21221478283405304
1790107886565272800,45.13227294921875,1.8154710531234741,-0.7953069806098938,0.1413928121328354
1790107886575218000,45.142218017578124,1.774156928062439,-0.4502297639846802,0.05744438245892525
1790107886585162000,45.152161865234376,1.6852067708969116,0.12465937435626984,0.0533287338912487
1790107886595106800,45.16210693359375,1.592594861984253,0.5361188054084778,0.05139794200658798
1790107886605051000,45.17205078125,1.4770634174346924,0.4959176182746887,0.10210266709327698
1790107886614994700,45.18199462890625,1.3909379243850708,-0.1417291760444641,0.2464689016342163
1790107886624940000,45.19193994140625,1.3054953813552856,-0.7008044719696045,0.43455278873443604
1790107886634883800,45.2018837890625,1.2143378257751465,-0.7274746894836426,0.5698280334472656
1790107886644828000,45.211827880859374,1.1148756742477417,-0.3920109272003174,0.657288670539856
1790107886654772700,45.22177270507812,0.9600181579589844,-0.0795036107301712,0.6528462171554565
1790107886664716800,45.231716796875,0.8110007047653198,-0.051481034606695175,0.5643059611320496
1790107886674661600,45.24166162109375,0.7291077375411987,-0.1082678809762001,0.47815459966659546
1790107886684606000,45.25160595703125,0.5492186546325684,-0.0942268967628479,0.4240298271179199
1790107886694549800,45.2615498046875,0.3050134479999542,-0.08654474467039108,0.37931376695632935
1790107886704494600,45.27149462890625,0.0974557176232338,-0.041844386607408524,0.3450884222984314
1790107886714438700,45.28143872070312,-0.10382919013500214,0.01398985181003809,0.30674290657043457
1790107886724382700,45.2913828125,-0.29654431343078613,0.030178142711520195,0.23943549394607544
1790107886734327800,45.301327880859375,-0.482225239276886,-0.012212191708385944,0.15512460470199585
1790107886744272000,45.31127197265625,-0.6599581837654114,-0.08034810423851013,0.06530816853046417
1790107886754216700,45.321216796875,-0.8241098523139954,-0.12503914535045624,-0.017602961510419846
1790107886764160800,45.331160888671874,-0.9533820748329163,-0.06974765658378601,-0.0943794995546341
1790107886774104800,45.34110473632813,-1.0516396760940552,0.08972588926553726,-0.14864806830883026
1790107886784049700,45.351049560546876,-1.135026216506958,0.16585953533649445,-0.19079498946666718
1790107886793993700,45.36099365234375,-1.2064803838729858,0.14201173186302185,-0.23097942769527435
1790107886803937800,45.370937744140626,-1.2447617053985596,0.10338364541530609,-0.2552836835384369
1790107886813883000,45.3808828125,-1.2367533445358276,0.09140688180923462,-0.2556235194206238
1790107886823826700,45.39082666015625,-1.1938176155090332,0.1945798695087433,-0.24600550532341003
1790107886833771800,45.40077172851562,-1.1660919189453125,0.22078563272953033,-0.25161013007164
1790107886843715600,45.410715576171874,-1.1518677473068237,0.10021821409463882,-0.26647403836250305
1790107886853660000,45.42065991210937,-1.1382579803466797,0.01053573191165924,-0.26736992597579956
1790107886863604700,45.43060473632813,-1.1165428161621094,0.06609246879816055,-0.23745356500148773
1790107886873548800,45.440548828125,-1.092819333076477,0.12292592227458954,-0.25930532813072205
1790107886883492600,45.45049267578125,-1.0882371664047241,0.121910460293293,-0.3064888119697571
1790107886893438000,45.46043798828125,-1.0930323600769043,0.13903112709522247,-0.32522761821746826
1790107886903381800,45.4703818359375,-1.1408958435058594,0.19339849054813385,-0.3156719505786896
1790107886913325800,45.48032592773438,-1.2283271551132202,0.2227206975221634,-0.3396869897842407
1790107886923270700,45.490270751953126,-1.3191249370574951,0.2779988646507263,-0.3777286410331726
1790107886933214700,45.50021459960937,-1.3686892986297607,0.40393123030662537,-0.3836802840232849
1790107886943159800,45.51015991210937,-1.4404622316360474,0.5834472179412842,-0.3217830955982208
1790107886953104000,45.520103759765625,-1.5443910360336304,0.7271742820739746,-0.2102339267730713
1790107886963047700,45.53004760742188,-1.6566596031188965,0.7591303586959839,-0.10208535194396973
1790107886972992800,45.53999267578125,-1.7458155155181885,0.6874489784240723,-0.015430089086294174
1790107886982936800,45.549936767578124,-1.7997925281524658,0.5022516846656799,0.0630817636847496
1790107886992881000,45.559880859375,-1.8687398433685303,0.2002425491809845,0.15813636779785156
1790107887002825700,45.56982568359375,-1.9442572593688965,-0.2104555070400238,0.21280893683433533
1790107887012769800,45.57976977539062,-2.036573886871338,-0.7336891293525696,0.17593029141426086
1790107887022715000,45.58971484375,-2.048513650894165,-1.1876537799835205,0.033555030822753906
1790107887032658700,45.59965869140625,-1.903053879737854,-1.5193434953689575,-0.15983439981937408
1790107887042602800,45.60960278320312,-1.7050294876098633,-1.6721194982528687,-0.4022688865661621
1790107887052547600,45.61954760742187,-1.50136137008667,-1.5721518993377686,-0.6803825497627258
1790107887062491600,45.62949169921875,-1.2808949947357178,-1.1369678974151611,-0.9020957350730896
1790107887072436000,45.63943603515625,-1.09483802318573,-0.36566027998924255,-1.0053653717041016
1790107887082380800,45.649380859375,-0.8645132184028625,0.3924122452735901,-0.9569504857063293
1790107887092324600,45.65932470703125,-0.6846033930778503,0.7978862524032593,-0.6322005987167358
1790107887102269700,45.669269775390624,-0.48292991518974304,0.8032514452934265,-0.15734435617923737
1790107887112213800,45.6792138671875,-0.30766674876213074,0.4284232556819916,0.13369441032409668
1790107887122157800,45.68915771484375,-0.40782955288887024,0.009548231028020382,0.19907474517822266
1790107887132102700,45.6991025390625,-0.7854107022285461,-0.3227655291557312,0.07537651062011719
1790107887142046700,45.709046630859376,-1.1155643463134766,-0.4244990944862366,-0.03617637977004051
1790107887151990500,45.71899047851562,-1.2067900896072388,-0.24018463492393494,-0.024708809331059456
1790107887161936000,45.72893579101562,-1.128377079963684,0.055369783192873,0.0894065797328949
1790107887171879700,45.738879638671875,-0.9905542135238647,0.25587785243988037,0.27260303497314453
1790107887181824800,45.74882470703125,-0.8126476407051086,0.2870754599571228,0.4273625314235687
1790107887191768600,45.7587685546875,-0.5199457406997681,0.30728083848953247,0.5208378434181213
1790107887201713000,45.768712890625,-0.25091585516929626,0.3704739212989807,0.5394757390022278
1790107887211657700,45.77865771484375,-0.0395846925675869,0.36485305428504944,0.5277155041694641
1790107887221601800,45.78860180664063,0.12026143074035645,0.12491104006767273,0.5401391386985779
1790107887231545600,45.79854565429687,0.2001836895942688,-0.42047983407974243,0.5040165185928345
1790107887241491000,45.808490966796874,0.22752982378005981,-1.028931975364685,0.3770205080509186
1790107887251434800,45.81843481445313,0.24608460068702698,-1.321451187133789,0.2706599831581116
1790107887261379800,45.8283798828125,0.2795613408088684,-1.1884387731552124,0.24831819534301758
1790107887271323600,45.83832373046875,0.3113355040550232,-0.7615807056427002,0.33209672570228577
1790107887281267700,45.848267822265626,0.3414609134197235,-0.32608649134635925,0.4846697449684143
1790107887291212800,45.858212890625,0.35414981842041016,-0.1421467512845993,0.7611356973648071
1790107887301156900,45.86815698242187,0.2878216505050659,-0.26875850558280945,0.9814345240592957
1790107887311100700,45.8781005859375,0.18069814145565033,-0.3369636535644531,0.9336901307106018
1790107887321045800,45.888045654296874,0.1318078339099884,-0.28528472781181335,0.7528412938117981
1790107887330989800,45.89798974609375,0.2072192281484604,0.013598899357020855,0.5161605477333069
1790107887340934000,45.907933837890624,0.4024829864501953,0.720943808555603,0.29145100712776184
1790107887350878700,45.91787866210937,0.7444528341293335,1.5574663877487183,0.05168157070875168
1790107887360822800,45.92782275390625,1.1346368789672852,1.9488134384155273,-0.07692194730043411
1790107887370768000,45.93776782226563,1.4796490669250488,1.9359660148620605,-0.06105829402804375
1790107887380711700,45.94771166992187,2.09993839263916,1.5975357294082642,0.048163533210754395
1790107887390655700,45.95765576171875,3.0231921672821045,1.1514781713485718,0.28439125418663025
1790107887400600600,45.9676005859375,3.689836263656616,0.5916816592216492,0.7911689877510071
1790107887410545000,45.977544921875,3.2420108318328857,-0.22045274078845978,1.5870919227600098
1790107887420489000,45.987489013671876,1.5614787340164185,0.8320695161819458,1.611883282661438
1790107887430433800,45.997433837890625,0.438703328371048,1.0104166269302368,0.7429378032684326
1790107887440377600,46.00737768554688,0.7396964430809021,0.27340438961982727,0.08619054406881332
1790107887450323000,46.01732299804687,1.109553337097168,0.040704287588596344,0.005321528296917677
1790107887460266800,46.027266845703124,1.335569143295288,-0.39684349298477173,0.07256022095680237
1790107887470210800,46.0372109375,1.5849134922027588,-0.7064660787582397,0.11188791692256927
1790107887480155600,46.04715576171875,1.9820054769515991,-0.42271849513053894,0.09908450394868851
1790107887490099700,46.057099609375,2.338503122329712,0.1000368520617485,0.02050847001373768
1790107887500043800,46.067043701171876,2.453164577484131,0.05766303092241287,-0.07336289435625076
1790107887509988900,46.07698876953125,2.1989245414733887,-0.24553625285625458,0.19368530809879303
1790107887519932700,46.0869326171875,1.8741005659103394,-0.3445003926753998,0.6517197489738464
1790107887529877800,46.09687768554687,1.8796918392181396,0.04627295583486557,0.7460275888442993
1790107887539821800,46.10682177734375,2.059497117996216,0.31957319378852844,0.37167927622795105
1790107887549766000,46.11676586914062,2.0843615531921387,0.21998561918735504,-0.11804620921611786
1790107887559710700,46.12671069335938,1.7674715518951416,0.21183182299137115,-0.26875317096710205
1790107887569654800,46.13665478515625,1.1935968399047852,0.5116739273071289,-0.13421985507011414
1790107887579598600,46.1465986328125,0.7606840133666992,0.6123571395874023,0.10763857513666153
1790107887589544000,46.1565439453125,0.7176033854484558,0.5363007187843323,0.14078108966350555
1790107887599487700,46.16648779296875,0.8590151071548462,0.4208811819553375,0.042639072984457016
1790107887609432600,46.1764326171875,1.0228924751281738,0.4241022765636444,0.035404596477746964
1790107887619376600,46.186376708984376,1.2771929502487183,0.1425454318523407,0.034745730459690094
1790107887629321000,46.19632104492187,1.5093151330947876,-0.9350963234901428,0.03614708408713341
1790107887639265800,46.20626586914062,1.4901659488677979,-1.2175498008728027,-0.0038687740452587605
1790107887649209900,46.2162099609375,1.1611871719360352,-0.5767354965209961,-0.20613771677017212
1790107887659154200,46.226154296875,0.861717939376831,-0.17527514696121216,-0.44537481665611267
1790107887669099000,46.23609912109375,0.5677438378334045,-0.04302683100104332,-0.4494475722312927
1790107887679043000,46.24604296875,0.3052869439125061,-0.07564789056777954,-0.31028276681900024
1790107887688988200,46.25598828125,0.09297388046979904,-0.09898223727941513,-0.20989304780960083
1790107887698932200,46.26593212890625,-0.03488634526729584,0.20776331424713135,-0.15348303318023682
1790107887708876000,46.2758759765625,-0.1433829963207245,0.46249866485595703,-0.1599438637495041
1790107887718821400,46.2858212890625,-0.4587995409965515,-0.6958778500556946,-0.11245250701904297
1790107887728765200,46.29576513671875,-0.6932964324951172,-0.806124746799469,0.08570824563503265
1790107887738709200,46.305709228515624,-0.7962713241577148,0.1401674896478653,0.1305236518383026
1790107887748654000,46.315654052734374,-0.9818486571311951,0.06532227993011475,-0.03795803338289261
1790107887758598100,46.32559814453125,-0.8653366565704346,1.4348773956298828,-0.05904840677976608
1790107887768543200,46.33554321289063,-0.9043990969657898,1.9683336019515991,-0.16970354318618774
1790107887778487300,46.3454873046875,-1.2087368965148926,0.812700629234314,-0.3391847312450409
1790107887788431000,46.35543115234375,-1.2635385990142822,0.2577284872531891,-0.35800260305404663
1790107887798376200,46.365376220703126,-1.1558891534805298,0.022521553561091423,-0.3202296793460846
1790107887808320300,46.3753203125,-0.9810488820075989,0.34656035900115967,-0.1646118462085724
1790107887818264300,46.385264404296876,-0.9427081346511841,0.5227108597755432,-0.0887887254357338
1790107887828209200,46.395209228515625,-1.000842571258545,0.14572525024414062,-0.20217254757881165
1790107887838153200,46.4051533203125,-1.104541540145874,-0.1670726090669632,-0.2897292971611023
1790107887848097000,46.41509692382812,-1.2412424087524414,-0.17362052202224731,-0.25744885206222534
1790107887858042400,46.42504248046875,-1.3240916728973389,0.18397197127342224,-0.17410574853420258
1790107887867986200,46.43498608398438,-1.3523894548416138,0.5304566621780396,-0.18338313698768616
1790107887877931000,46.444930908203126,-1.3434739112854004,0.49289146065711975,-0.25614842772483826
1790107887887875000,46.454875,-1.3107383251190186,0.20040979981422424,-0.30554234981536865
1790107887897819400,46.4648193359375,-1.2736504077911377,-0.058279287070035934,-0.3809654712677002
1790107887907764200,46.47476416015625,-1.254860758781433,-0.16325204074382782,-0.47924914956092834
1790107887917708000,46.4847080078125,-1.2526135444641113,-0.02774055115878582,-0.5873410105705261
1790107887927652000,46.494652099609375,-1.2100828886032104,0.172336608171463,-0.7112850546836853
1790107887937597200,46.50459716796875,-1.112149953842163,0.3363953232765198,-0.7394642233848572
1790107887947541200,46.51454125976562,-0.9939463138580322,0.40905195474624634,-0.6620996594429016
1790107887957486000,46.52448608398438,-0.8925965428352356,0.27850085496902466,-0.5359377264976501
1790107887967430100,46.53443017578125,-0.8384946584701538,0.06934871524572372,-0.378445029258728
1790107887977374000,46.5443740234375,-0.8716685771942139,-0.050644002854824066,-0.197554349899292
1790107887987319300,46.5543193359375,-1.0084255933761597,-0.06510470062494278,-0.06554625183343887
1790107887997263000,46.56426318359375,-1.1930831670761108,0.06863445788621902,-0.09649564325809479
1790107888007207200,46.57420727539063,-1.3664798736572266,0.20577900111675262,-0.2847805917263031
1790107888017152000,46.584152099609376,-1.5165716409683228,0.2530439794063568,-0.5163323283195496
1790107888027096300,46.594096435546874,-1.6412667036056519,0.2543638348579407,-0.631061851978302
1790107888037041200,46.60404125976562,-1.7169849872589111,0.1655343621969223,-0.6228108406066895
1790107888046985200,46.613985107421875,-1.697877049446106,-0.01600692979991436,-0.5199310779571533
1790107888056929000,46.62392895507813,-1.6330833435058594,-0.2508087754249573,-0.39717400074005127
1790107888066874400,46.63387426757812,-1.5526692867279053,-0.4306477904319763,-0.36843767762184143
1790107888076818200,46.643818115234374,-1.4964091777801514,-0.5124773979187012,-0.3988379240036011
1790107888086762200,46.65376220703125,-1.4265925884246826,-0.5260707139968872,-0.46669766306877136
1790107888096707000,46.66370703125,-1.331778883934021,-0.48630625009536743,-0.5037776827812195
1790107888106651100,46.673651123046874,-1.23664391040802,-0.43494081497192383,-0.4802638292312622
1790107888116596200,46.68359619140625,-1.1220546960830688,-0.4249078929424286,-0.41664648056030273
1790107888126540300,46.69354028320313,-1.0790520906448364,-0.4375983774662018,-0.3493119180202484
1790107888136484000,46.70348413085937,-1.200539469718933,-0.39327511191368103,-0.3118830621242523
1790107888146429200,46.71342919921875,-1.291630744934082,-0.452261745929718,-0.2891814708709717
1790107888156373200,46.723373291015626,-1.3714741468429565,-0.531982958316803,-0.23689430952072144
1790107888166317300,46.7333173828125,-1.4142274856567383,-0.6006885170936584,-0.19287331402301788
1790107888176262100,46.74326220703125,-1.418642520904541,-0.6500771045684814,-0.13775120675563812
1790107888186206200,46.753206298828125,-1.3522967100143433,-0.7105127573013306,-0.16030871868133545
1790107888196151300,46.7631513671875,-1.2671113014221191,-0.771375298500061,-0.15217941999435425
1790107888206095000,46.77309521484375,-1.1621507406234741,-0.8952836394309998,-0.08784623444080353
1790107888216039200,46.7830390625,-1.036495327949524,-0.9038190841674805,0.03382374346256256
1790107888225984000,46.79298388671875,-0.8930851817131042,-0.6280394196510315,0.15506921708583832
1790107888235928000,46.802927978515626,-0.7223094701766968,-0.2730776071548462,0.24787931144237518
1790107888245872400,46.812872314453124,-0.5250685811042786,0.03298351541161537,0.31531986594200134
1790107888255817200,46.82281713867187,-0.35255005955696106,0.21696346998214722,0.3562800884246826
1790107888265761000,46.832760986328125,-0.22647228837013245,0.27560147643089294,0.3302474319934845
1790107888275706000,46.8427060546875,-0.12272165715694427,0.34344977140426636,0.33945611119270325
1790107888285650200,46.85265014648437,0.005980127956718206,0.5105061531066895,0.44134092330932617
1790107888295594200,46.86259423828125,0.1609840989112854,0.7326768636703491,0.5368080735206604
1790107888305539000,46.8725390625,0.3256033957004547,0.8411290645599365,0.5459943413734436
1790107888315483100,46.88248315429688,0.47617560625076294,0.8040091395378113,0.5362349152565002
1790107888325427000,46.89242700195312,0.6038901209831238,0.8164975047111511,0.49615517258644104
1790107888335372300,46.902372314453125,0.733647346496582,0.8677923679351807,0.442437082529068
1790107888345316000,46.91231616210938,0.8719047904014587,0.8972283005714417,0.41465842723846436
1790107888355261200,46.92226123046875,1.0126850605010986,0.922386884689331,0.3877336084842682
1790107888365205200,46.932205322265624,1.1485518217086792,0.906399667263031,0.3842669725418091
1790107888375149300,46.9421494140625,1.2717238664627075,0.8821723461151123,0.3830406069755554
1790107888385094100,46.95209423828125,1.3712514638900757,0.8778881430625916,0.38237079977989197
1790107888395038200,46.9620380859375,1.4563754796981812,0.8530901074409485,0.3657478988170624
1790107888404982000,46.97198193359375,1.5275095701217651,0.7613905668258667,0.3351641595363617
1790107888414927400,46.98192724609375,1.5938664674758911,0.6650277972221375,0.31536540389060974
1790107888424871200,46.99187109375,1.6600209474563599,0.6756423711776733,0.2811690866947174
1790107888434816000,47.00181591796875,1.7446091175079346,0.7544569969177246,0.21995846927165985
1790107888444760000,47.011760009765624,1.857231855392456,0.759286642074585,0.14839878678321838
1790107888454704400,47.02170434570313,1.9536739587783813,0.6950112581253052,0.11964330822229385
1790107888464649200,47.03164916992188,1.9999362230300903,0.5075324773788452,0.13586169481277466
1790107888474593300,47.04159326171875,2.0181071758270264,0.23840591311454773,0.13506674766540527
1790107888484537000,47.051537109375,2.023097515106201,0.21705135703086853,0.0893128365278244
1790107888494482200,47.061482177734376,2.0453107357025146,0.20485007762908936,-0.00872078724205494
1790107888504426200,47.07142626953125,2.093209743499756,0.09932472556829453,-0.09225669503211975
1790107888514370300,47.081370361328126,2.0656585693359375,-0.10001634806394577,-0.09862484037876129
1790107888524315100,47.091315185546875,1.8646808862686157,-0.5412014722824097,-0.05451544001698494
1790107888534259200,47.10125927734375,1.72887122631073,-0.9569100141525269,0.0467616468667984
1790107888544204300,47.11120434570312,1.7939138412475586,-0.9785561561584473,0.08833731710910797
1790107888554148000,47.121148193359375,2.0232443809509277,-0.7213832139968872,0.019943613559007645
1790107888564092200,47.13109204101563,2.0870754718780518,-0.4116634428501129,-0.06683123111724854
1790107888574037000,47.141037109375,1.9965510368347168,-0.3272271156311035,-0.15191896259784698
1790107888583981300,47.150981201171874,1.8443820476531982,-0.25484585762023926,-0.17853352427482605
1790107888593925000,47.160925048828126,1.71433424949646,0.1061733067035675,-0.10724576562643051
1790107888603870200,47.1708701171875,1.5873463153839111,0.8174018859863281,0.07479940354824066
1790107888613814000,47.18081396484375,1.5608067512512207,1.42612886428833,0.19521689414978027
1790107888623759400,47.19075927734375,1.575487494468689,1.4441813230514526,0.04260977730154991
1790107888633703200,47.200703125,1.5101795196533203,0.628745436668396,-0.1903901845216751
1790107888643647200,47.21064721679687,1.403641700744629,-0.3786415755748749,-0.23789271712303162
1790107888653592000,47.22059204101563,1.4089291095733643,-0.8006362318992615,-0.17717477679252625
1790107888663535900,47.230535888671874,1.4514890909194946,-0.5731671452522278,-0.07695762813091278
1790107888673479700,47.240479736328126,1.480460286140442,0.021677598357200623,0.03500538691878319
1790107888683424800,47.2504248046875,1.4991154670715332,0.40622925758361816,0.03780064359307289
1790107888693368800,47.26036889648437,1.435407042503357,0.2787078022956848,-0.06124338507652283
1790107888703314000,47.27031396484375,1.2514654397964478,-0.11494415998458862,-0.15988340973854065
1790107888713257700,47.2802578125,1.02147376537323,-0.30988809466362,-0.20004920661449432
1790107888723201800,47.29020190429687,0.8102997541427612,-0.04066966474056244,-0.2727143466472626
1790107888733147000,47.30014697265625,0.5961043834686279,0.21243663132190704,-0.3562268316745758
1790107888743091000,47.310091064453125,0.27464354038238525,-0.18636375665664673,-0.4375259280204773
1790107888753034800,47.32003466796875,-0.12636059522628784,-0.42242342233657837,-0.4111119210720062
1790107888762979800,47.32997973632813,-0.421627938747406,-0.16279476881027222,-0.36531805992126465
1790107888772923600,47.33992358398437,-0.6097086071968079,0.6201993227005005,-0.3183119297027588
1790107888782868700,47.34986865234375,-0.7528383731842041,1.0261199474334717,-0.3821406960487366
1790107888792812800,47.359812744140626,-0.9179330468177795,0.8589426875114441,-0.4821557104587555
1790107888802756900,47.3697568359375,-1.106874704360962,0.4721028208732605,-0.5134265422821045
1790107888812701700,47.37970166015625,-1.269086480140686,0.05066903680562973,-0.5045518279075623
1790107888822646000,47.38964599609375,-1.4116101264953613,-0.0759727954864502,-0.4757228493690491
1790107888832589800,47.39958984375,-1.537009358406067,0.12832655012607574,-0.42957213521003723
1790107888842534700,47.40953466796875,-1.6317989826202393,0.1956043839454651,-0.4000603258609772
1790107888852478700,47.419478759765624,-1.6767685413360596,0.1126684918999672,-0.34716302156448364
1790107888862423800,47.429423828125,-1.6743272542953491,-0.060016997158527374,-0.2854900658130646
1790107888872367900,47.43936791992188,-1.616722822189331,-0.15104436874389648,-0.24049437046051025
1790107888882312000,47.44931201171875,-1.5427340269088745,-0.1801319569349289,-0.227791890501976
1790107888892256800,47.4592568359375,-1.4556792974472046,-0.1690063327550888,-0.22012224793434143
1790107888902200600,47.46920068359375,-1.3762164115905762,-0.21205632388591766,-0.20930714905261993
1790107888912145000,47.47914477539062,-1.3518171310424805,-0.26090723276138306,-0.20617873966693878
1790107888922089700,47.48908984375,-1.2824736833572388,-0.2420395314693451,-0.20879022777080536
1790107888932033800,47.49903369140625,-1.181433081626892,-0.20678380131721497,-0.2256065011024475
1790107888941978600,47.508978515625,-1.0874930620193481,-0.20278985798358917,-0.26651743054389954
1790107888951923000,47.5189228515625,-1.062113642692566,-0.202037513256073,-0.320165753364563
1790107888961866800,47.52886669921875,-1.0712051391601562,-0.16188344359397888,-0.3771595358848572
1790107888971811800,47.538811767578125,-1.0939831733703613,-0.12873373925685883,-0.43172529339790344
1790107888981755600,47.54875561523438,-1.1208081245422363,-0.07060066610574722,-0.4660569131374359
1790107888991699700,47.55869970703125,-1.1469500064849854,0.026977822184562683,-0.43237191438674927
1790107889001644800,47.568644775390624,-1.151013970375061,0.09878063946962357,-0.354458212852478
1790107889011588900,47.5785888671875,-1.1379972696304321,0.08429650217294693,-0.26138633489608765
1790107889021533700,47.58853369140625,-1.1288907527923584,0.006964432541280985,-0.17262743413448334
1790107889031477800,47.59847778320312,-1.1538667678833008,-0.04614698886871338,-0.11835833638906479
1790107889041421800,47.608421875,-1.246067762374878,-0.026342658326029778,-0.13778263330459595
1790107889051367000,47.618366943359376,-1.38744056224823,0.008135423995554447,-0.18702208995819092
1790107889061310700,47.62831079101562,-1.5300654172897339,-0.03172623738646507,-0.24532774090766907
1790107889071254800,47.6382548828125,-1.6384925842285156,-0.1352318525314331,-0.2775980532169342
1790107889081199900,47.648199951171875,-1.60753333568573,-0.3099975287914276,-0.33627015352249146
1790107889091144000,47.65814404296875,-1.4739701747894287,-0.4447510838508606,-0.3439568281173706
1790107889101088800,47.6680888671875,-1.359643816947937,-0.44451940059661865,-0.2582637667655945
1790107889111032800,47.67803271484375,-1.339692234992981,-0.3788847327232361,-0.14263544976711273
1790107889120976600,47.6879765625,-1.3530138731002808,-0.33173292875289917,-0.08856502175331116
1790107889130921700,47.697921630859376,-1.3470484018325806,-0.2707262933254242,-0.07898057252168655
1790107889140865800,47.70786572265625,-1.330794334411621,-0.39994314312934875,-0.09718247503042221
1790107889150809900,47.717809814453126,-1.3424856662750244,-0.6457356214523315,-0.10887614637613297
1790107889160754700,47.727754638671875,-1.3500181436538696,-0.8769717216491699,-0.116568423807621
1790107889170699000,47.73769897460937,-1.3569899797439575,-0.9987836480140686,-0.08963561058044434
1790107889180643800,47.74764379882812,-1.383005142211914,-0.9924538731575012,-0.06990478187799454
1790107889190587600,47.757587646484374,-1.358504056930542,-0.8481587171554565,-0.04099590331315994
1790107889200531700,47.76753173828125,-1.3276028633117676,-0.6442724466323853,0.0006428870838135481
1790107889210476800,47.77747680664063,-1.319724440574646,-0.4425944685935974,0.05925427004694939
1790107889220420900,47.7874208984375,-1.3258662223815918,-0.2001195102930069,0.07817736268043518
1790107889230364700,47.79736474609375,-1.2540444135665894,-0.08980711549520493,0.14609675109386444
1790107889240309800,47.80730981445313,-1.147798776626587,-0.1595238745212555,0.2693347930908203
1790107889250253600,47.81725366210937,-0.9939878582954407,-0.2825624644756317,0.40609210729599
1790107889260199000,47.827198974609374,-0.822795569896698,-0.24090075492858887,0.48905783891677856
1790107889270142700,47.837142822265626,-0.6729046106338501,0.0054882424883544445,0.48559680581092834
1790107889280086800,47.84708666992187,-0.511814296245575,0.33096009492874146,0.4445228576660156
1790107889290031900,47.85703198242187,-0.3841409981250763,0.5059548020362854,0.45925280451774597
1790107889299976000,47.866975830078125,-0.2576850652694702,0.5198684930801392,0.5018380880355835
1790107889309919700,47.87691967773438,-0.1133398711681366,0.5152681469917297,0.5023297071456909
1790107889319864800,47.88686474609375,0.012298211455345154,0.4225088953971863,0.5202093720436096
1790107889329808600,47.89680859375,0.1629716157913208,0.5234946608543396,0.5203598141670227
1790107889339753000,47.9067529296875,0.31077465415000916,0.6388992667198181,0.5285682082176208
1790107889349697800,47.91669775390625,0.44644060730934143,0.6553804874420166,0.5413758754730225
1790107889359641900,47.926641845703124,0.5717607140541077,0.6168333888053894,0.5309054255485535
1790107889369586700,47.93658666992187,0.706226110458374,0.643546998500824,0.4485684633255005
1790107889379531000,47.94653100585938,0.8527705669403076,0.6441174745559692,0.38496553897857666
1790107889389474800,47.95647485351562,0.9883443713188171,0.6213192343711853,0.3605339527130127
1790107889399420000,47.966419921875,1.1080635786056519,0.5688046216964722,0.3636714220046997
1790107889409363700,47.97636376953125,1.2210822105407715,0.5577346086502075,0.36104288697242737
1790107889419307800,47.98630786132812,1.3282475471496582,0.5824527740478516,0.37143880128860474
1790107889429252900,47.9962529296875,1.4272232055664062,0.613731324672699,0.4135867953300476
1790107889439197000,48.006197021484375,1.530234456062317,0.6384715437889099,0.4575824737548828
1790107889449141800,48.016141845703125,1.6161203384399414,0.6893944144248962,0.4595034122467041
1790107889459085800,48.0260859375,1.690487027168274,0.6151390671730042,0.43510007858276367
1790107889469030000,48.03602978515625,1.7565948963165283,0.46726784110069275,0.41004905104637146
1790107889478974700,48.045974609375,1.812809705734253,0.34728899598121643,0.4011887013912201
1790107889488918800,48.055918701171876,1.8925514221191406,0.2862676978111267,0.3935054838657379
1790107889498863600,48.065863525390625,1.9697375297546387,0.2331688106060028,0.39390337467193604
1790107889508808000,48.07580786132812,2.008927345275879,0.11717429012060165,0.359840452671051
1790107889518751700,48.085751708984375,2.0381288528442383,0.03226020187139511,0.2895415425300598
1790107889528696800,48.09569677734375,2.0754501819610596,0.006310093682259321,0.28010889887809753
1790107889538640600,48.105640625,2.0952205657958984,-0.0025097629986703396,0.30389437079429626
1790107889548584700,48.115584716796874,2.105625629425049,-0.053766027092933655,0.3010280132293701
1790107889558529800,48.12552978515625,2.065080165863037,-0.12671613693237305,0.25481152534484863
1790107889568473900,48.13547387695313,1.9970368146896362,-0.3444330096244812,0.16216254234313965
1790107889578417700,48.14541772460937,1.8593641519546509,-0.5492034554481506,0.11770932376384735
1790107889588362800,48.15536279296875,1.7381166219711304,-0.68979811668396,0.1057802215218544
1790107889598306800,48.16530688476563,1.7635412216186523,-0.854989230632782,0.1571057289838791
1790107889608252000,48.175251953125,1.781793475151062,-0.9824555516242981,0.21698424220085144
1790107889618195700,48.18519580078125,1.7471237182617188,-0.9646954536437988,0.19042746722698212
1790107889628139800,48.195139892578126,1.7103049755096436,-0.7343496084213257,0.14423121511936188
1790107889638084900,48.2050849609375,1.5971192121505737,-0.04037804901599884,0.05435778200626373
1790107889648029000,48.21502880859375,1.4430333375930786,0.7899417877197266,0.008067247457802296
1790107889657973500,48.22497338867188,1.34552800655365,1.2902541160583496,0.05314071476459503
1790107889667918600,48.23491870117188,1.3217036724090576,1.0226373672485352,0.08345654606819153
1790107889677862700,48.244862548828124,1.3564152717590332,-0.03628823161125183,0.05156705528497696
1790107889687807500,48.25480737304687,1.2969828844070435,-0.9417744278907776,0.15951935946941376
1790107889697751600,48.26475146484375,1.273267388343811,-0.7936952114105225,0.3785814046859741
1790107889707695600,48.27469555664062,1.2463476657867432,-0.33770933747291565,0.35499244928359985
1790107889717640700,48.284640625,1.1079384088516235,-0.5729085206985474,0.2027115672826767
1790107889727584500,48.29458447265625,0.896915078163147,-0.43745481967926025,0.11887925118207932
1790107889737528600,48.30452856445312,0.7089068293571472,-0.1591414511203766,0.05759458616375923
1790107889747473700,48.3144736328125,0.5194135904312134,0.06283728778362274,0.045522477477788925
1790107889757417700,48.324417724609376,0.3131334185600281,0.1176118478178978,0.01503860391676426
1790107889767362600,48.334362548828125,0.11218272894620895,0.014182664453983307,-0.05126691609621048
1790107889777306600,48.344306640625,-0.04321618005633354,0.08258728682994843,-0.07201853394508362
1790107889787250400,48.35425048828125,-0.20866213738918304,0.1196473017334938,-0.11064795404672623
1790107889797195800,48.36419580078125,-0.37489956617355347,0.12108168005943298,-0.13178066909313202
1790107889807139600,48.3741396484375,-0.5106057524681091,0.03677745535969734,-0.1728958785533905
1790107889817083600,48.384083740234374,-0.6294770240783691,-0.020130302757024765,-0.205622136592865
1790107889827028500,48.39402856445312,-0.7303373217582703,0.11186794191598892,-0.2140055000782013
1790107889836972800,48.40397290039063,-0.8378373980522156,0.15204839408397675,-0.2576824128627777
1790107889846917600,48.41391772460938,-0.9257709980010986,0.16440652310848236,-0.28258827328681946
1790107889856861700,48.42386181640625,-0.9854081869125366,0.23615340888500214,-0.2521185278892517
1790107889866805500,48.433805419921875,-1.0312860012054443,0.21375569701194763,-0.2334870547056198
1790107889876750600,48.44375048828125,-1.071150779724121,0.060151487588882446,-0.22590290009975433
1790107889886694700,48.45369458007813,-1.0927021503448486,0.039931170642375946,-0.19376014173030853
1790107889896638700,48.463638671875,-1.09697687625885,0.18163850903511047,-0.12364311516284943
1790107889906583600,48.47358349609375,-1.102384090423584,0.34951192140579224,-0.06578700244426727
1790107889916527600,48.48352758789063,-1.1315401792526245,0.25091052055358887,-0.08169832825660706
1790107889926472700,48.49347265625,-1.1501712799072266,0.14242026209831238,-0.09426365047693253
1790107889936416500,48.50341650390625,-1.1323307752609253,0.2317804992198944,-0.04952947050333023
1790107889946360600,48.513360595703126,-1.0844717025756836,0.4123971462249756,-0.025440378114581108
1790107889956305700,48.5233056640625,-1.0297300815582275,0.3662182092666626,-0.09126679599285126
1790107889966249700,48.53324975585937,-0.9972675442695618,0.1814824491739273,-0.16371223330497742
1790107889976193800,48.54319384765625,-0.9622347354888916,0.04433204606175423,-0.2154792845249176
1790107889986138600,48.553138671875,-0.9681072235107422,-0.05645155906677246,-0.28423812985420227
1790107889996082400,48.56308251953125,-1.0040991306304932,-0.104996457695961,-0.3703301250934601
1790107890006027800,48.57302783203125,-1.055397391319275,-0.01522742211818695,-0.389651358127594
1790107890015971600,48.5829716796875,-1.091245412826538,0.163573756814003,-0.3224283754825592
1790107890025915600,48.59291552734375,-1.1161153316497803,0.2871822416782379,-0.22742463648319244
1790107890035860500,48.60286059570313,-1.1827404499053955,0.36472177505493164,-0.21576131880283356
1790107890045804800,48.6128046875,-1.2760461568832397,0.4084908366203308,-0.2712804973125458
1790107890055748600,48.62274853515625,-1.3385721445083618,0.4489714205265045,-0.3607856333255768
1790107890065693700,48.63269360351563,-1.3716906309127808,0.5063468217849731,-0.43041157722473145
1790107890075637500,48.64263745117187,-1.3749037981033325,0.504938006401062,-0.44113531708717346
1790107890085582800,48.65258276367187,-1.355140209197998,0.4171852469444275,-0.39886829257011414
1790107890095526700,48.662526611328126,-1.3510639667510986,0.24261370301246643,-0.3613201081752777
1790107890105470700,48.672470703125,-1.369931936264038,0.03795457258820534,-0.3746902644634247
1790107890115415600,48.68241552734375,-1.3529537916183472,-0.10199880599975586,-0.4083736538887024
1790107890125359600,48.692359619140625,-1.3145309686660767,-0.18858882784843445,-0.4943420886993408
1790107890135303700,48.7023037109375,-1.3459619283676147,-0.20823709666728973,-0.5513741970062256
1790107890145248800,48.71224877929688,-1.4091682434082031,-0.217673197388649,-0.5526437163352966
1790107890155192600,48.722192626953124,-1.4555957317352295,-0.1997104436159134,-0.5535622835159302
1790107890165137400,48.73213745117187,-1.4508312940597534,-0.2661515176296234,-0.5462095141410828
1790107890175081700,48.74208178710938,-1.4141901731491089,-0.428427517414093,-0.5099322199821472
1790107890185025800,48.75202587890625,-1.3906257152557373,-0.5749397277832031,-0.48314428329467773
1790107890194970600,48.761970703125,-1.3968665599822998,-0.6725651025772095,-0.49487924575805664
1790107890204914700,48.77191479492188,-1.4187476634979248,-0.7576533555984497,-0.5149040818214417
1790107890214858500,48.7818583984375,-1.4403374195098877,-0.8538195490837097,-0.5146830677986145
1790107890224803600,48.79180346679688,-1.4249104261398315,-0.9891275763511658,-0.4914892911911011
1790107890234747600,48.80174755859375,-1.3683114051818848,-1.038198471069336,-0.5015997290611267
1790107890244692500,48.8116923828125,-1.2727552652359009,-0.9742674231529236,-0.4624078571796417
1790107890254636500,48.82163647460938,-1.1529860496520996,-0.8347260355949402,-0.42744240164756775
1790107890264580600,48.83158056640625,-1.0567513704299927,-0.7048673629760742,-0.3764527440071106
1790107890274525700,48.841525634765624,-1.0379095077514648,-0.5456222891807556,-0.3274947702884674
1790107890284469500,48.85146948242188,-1.0481586456298828,-0.31741657853126526,-0.278585821390152
1790107890294413600,48.86141357421875,-0.9852457642555237,-0.212812140583992,-0.15287822484970093
1790107890304358700,48.87135864257812,-0.8243181109428406,-0.18517544865608215,0.021025389432907104
1790107890314302700,48.881302734375,-0.6181705594062805,-0.0008889631717465818,0.13390320539474487
1790107890324247600,48.89124755859375,-0.40434110164642334,0.390693724155426,0.16441850364208221
1790107890334191600,48.90119165039062,-0.21353864669799805,0.6943774223327637,0.1997687667608261
1790107890344135400,48.911135498046875,-0.09453023225069046,0.6181210279464722,0.29706788063049316
1790107890354080800,48.921080810546876,0.01775156706571579,0.5775637626647949,0.3183707892894745
1790107890364024600,48.93102465820313,0.1294967383146286,0.5391212701797485,0.33643659949302673
1790107890373968600,48.94096875,0.25905314087867737,0.4672396183013916,0.39831408858299255
1790107890383913500,48.95091357421875,0.424091637134552,0.5646108984947205,0.4414823353290558
1790107890393857800,48.96085791015625,0.5902422666549683,0.8216589689254761,0.4166049361228943
1790107890403802600,48.970802734375,0.7067041397094727,0.9051461219787598,0.3815273940563202
1790107890413746700,48.98074658203125,0.8063021302223206,0.7235174775123596,0.41075822710990906
1790107890423690500,48.9906904296875,0.9219317436218262,0.6064273715019226,0.4327751398086548
1790107890433635600,49.000635498046876,1.0475043058395386,0.6806864142417908,0.39103806018829346
1790107890443579600,49.01057958984375,1.1715996265411377,0.7582818269729614,0.33714553713798523
1790107890453523700,49.020523681640626,1.2835938930511475,0.7120770812034607,0.3219042718410492
1790107890463468500,49.030468505859375,1.3881354331970215,0.6222944259643555,0.3414662480354309
1790107890473412600,49.04041259765625,1.47551429271698,0.6099315285682678,0.3515324592590332
1790107890483357700,49.05035766601563,1.5564969778060913,0.5780689120292664,0.34852442145347595
1790107890493301500,49.060301513671874,1.632886528968811,0.5433279871940613,0.3534667193889618
1790107890503245600,49.07024560546875,1.7227845191955566,0.5211859345436096,0.3475300073623657
1790107890513190700,49.08019067382813,1.8123996257781982,0.5206932425498962,0.3402840793132782
1790107890523134700,49.090134765625,1.911432147026062,0.5598923563957214,0.3246361315250397
1790107890533078800,49.10007885742188,1.9700286388397217,0.5667443871498108,0.29241347312927246
1790107890543023600,49.11002368164063,1.9960438013076782,0.4111444056034088,0.25838708877563477
1790107890552967400,49.11996752929687,2.011240243911743,0.2218964397907257,0.2653975784778595
1790107890562912800,49.12991284179687,2.011155128479004,0.11172333359718323,0.2791275084018707
1790107890572856600,49.139856689453126,2.0131940841674805,0.1649857610464096,0.28190118074417114
1790107890582800600,49.14980053710938,1.9969500303268433,0.2688376009464264,0.3018663823604584
1790107890592745500,49.15974536132813,1.9792914390563965,0.1372273564338684,0.29469501972198486
1790107890602689800,49.169689697265625,1.9243522882461548,-0.1801929473876953,0.2738341987133026
1790107890612633600,49.17963354492188,1.7956992387771606,-0.4387246370315552,0.21591711044311523
1790107890622578700,49.18957861328125,1.6873162984848022,-0.60214763879776,0.150460347533226
1790107890632522500,49.1995224609375,1.698410153388977,-0.6516808271408081,0.14535479247570038
1790107890642467800,49.2094677734375,1.7289097309112549,-0.4955330491065979,0.20788581669330597
1790107890652411600,49.21941162109375,1.7692207098007202,-0.34398558735847473,0.24291570484638214
1790107890662355000,49.22935498046875,1.810858964920044,-0.2316713035106659,0.2518112063407898
1790107890672300000,49.23930004882813,1.7784630060195923,-0.08875144273042679,0.25188231468200684
1790107890682244000,49.249244140625,1.6210227012634277,0.13311970233917236,0.2206042855978012
1790107890692188000,49.25918798828125,1.4548401832580566,0.267971009016037,0.15051120519638062
1790107890702133000,49.26913305664063,1.3178855180740356,0.1913292109966278,0.18848122656345367
1790107890712076800,49.27907690429687,1.24763023853302,-0.21755602955818176,0.25001969933509827
1790107890722022100,49.28902221679687,1.25138258934021,-0.5749988555908203,0.34937718510627747
1790107890731966000,49.298966064453126,1.2892179489135742,-0.6057125329971313,0.5013682842254639
1790107890741910000,49.30890991210938,1.2914187908172607,-0.47377023100852966,0.5677153468132019
1790107890751854800,49.31885473632813,1.2501729726791382,-0.2957189977169037,0.5101338028907776
1790107890761799200,49.328799072265625,1.157226800918579,0.029450833797454834,0.3917677700519562
1790107890771743000,49.33874291992188,1.077141284942627,0.3744446933269501,0.22224211692810059
1790107890781688000,49.34868798828125,0.9602240324020386,0.4477601945400238,0.0634831041097641
1790107890791632000,49.3586318359375,0.7364412546157837,0.2675137221813202,-0.0716552808880806
1790107890801577200,49.3685771484375,0.5100691318511963,0.17591190338134766,-0.19770614802837372
1790107890811521000,49.37852099609375,0.2935141623020172,0.1447707712650299,-0.26023077964782715
1790107890821465000,49.38846508789062,0.07119295001029968,0.07295090705156326,-0.28370654582977295
1790107890831410000,49.39840991210937,-0.1628965139389038,-0.12546125054359436,-0.30548107624053955
1790107890841354000,49.40835400390625,-0.3668088912963867,-0.11887925118207932,-0.32355037331581116
1790107890851298000,49.41829809570312,-0.5405465960502625,0.04517067223787308,-0.34985414147377014
1790107890861243100,49.4282431640625,-0.7077515721321106,0.15249793231487274,-0.3934892416000366
1790107890871187000,49.43818701171875,-0.8940412998199463,0.15261724591255188,-0.48745808005332947
1790107890881131800,49.4481318359375,-1.0695691108703613,0.23670068383216858,-0.5847641229629517
1790107890891076000,49.458076171875,-1.2365174293518066,0.3644120395183563,-0.6520576477050781
1790107890901020200,49.468020263671875,-1.3734915256500244,0.5095590949058533,-0.7004736661911011
1790107890910965000,49.477965087890624,-1.4968887567520142,0.5689036846160889,-0.7455042600631714
1790107890920908800,49.48790869140625,-1.5863944292068481,0.6305649280548096,-0.7598999738693237
1790107890930852900,49.49785278320312,-1.647431492805481,0.666036069393158,-0.7548642158508301
1790107890940798000,49.5077978515625,-1.705047607421875,0.5564064979553223,-0.7565526366233826
1790107890950742000,49.517741943359376,-1.7146952152252197,0.37999552488327026,-0.7234266400337219
1790107890960686800,49.527686767578125,-1.6705007553100586,0.13909611105918884,-0.6392872929573059
1790107890970631200,49.53763110351562,-1.5622323751449585,-0.07044912874698639,-0.5283471941947937
1790107890980575000,49.547574951171875,-1.4109629392623901,-0.235025554895401,-0.4134909212589264
1790107890990520000,49.55752001953125,-1.2148432731628418,-0.37603700160980225,-0.3355897068977356
1790107891000464000,49.5674638671875,-1.047760248184204,-0.40461698174476624,-0.3297049403190613
1790107891010408000,49.577407958984374,-0.9277622103691101,-0.3746684193611145,-0.3683447241783142
1790107891020353000,49.58735302734375,-0.8389370441436768,-0.34729379415512085,-0.403774619102478
1790107891030297000,49.59729711914063,-0.7578549385070801,-0.37743037939071655,-0.41214972734451294
1790107891040242000,49.60724194335938,-0.7121420502662659,-0.4053139388561249,-0.3865583539009094
1790107891050186000,49.61718603515625,-0.6526609063148499,-0.4331122934818268,-0.3795161545276642
1790107891060130000,49.627130126953126,-0.6103094220161438,-0.40521514415740967,-0.39008864760398865
1790107891070075100,49.6370751953125,-0.6515596508979797,-0.268645316362381,-0.40556028485298157
1790107891080019000,49.64701904296875,-0.7835480570793152,0.004056526813656092,-0.4373464286327362
1790107891089963000,49.656962890625,-0.9541813135147095,0.2702386677265167,-0.5256467461585999
1790107891099908000,49.666908203125,-1.0850895643234253,0.46084803342819214,-0.5672690272331238
1790107891109852200,49.67685205078125,-1.1578271389007568,0.580482542514801,-0.5672221779823303
1790107891119797000,49.686796875,-1.1810733079910278,0.6507260799407959,-0.5173765420913696
1790107891129741000,49.696740966796874,-1.1715553998947144,0.7404146790504456,-0.46326592564582825
1790107891139684900,49.706684814453126,-1.154171109199524,0.7895675897598267,-0.4321833848953247
1790107891149630000,49.7166298828125,-1.1801129579544067,0.741945743560791,-0.3774849772453308
1790107891159574000,49.72657397460937,-1.2938435077667236,0.6317593455314636,-0.26302602887153625
1790107891169518800,49.73651879882812,-1.4093517065048218,0.41239795088768005,-0.21885031461715698
1790107891179463000,49.746462890625,-1.4998366832733154,0.17263329029083252,-0.27863508462905884
1790107891189407200,49.7564072265625,-1.5952452421188354,-0.013861486688256264,-0.31807491183280945
1790107891199352000,49.76635205078125,-1.6667673587799072,-0.20035919547080994,-0.3384891152381897
1790107891209296000,49.7762958984375,-1.683525562286377,-0.40849214792251587,-0.3696203827857971
1790107891219240000,49.78623999023438,-1.632497787475586,-0.6301124095916748,-0.4052627980709076
1790107891229185000,49.79618505859375,-1.5766984224319458,-0.832209587097168,-0.41824012994766235
1790107891239129000,49.806129150390625,-1.4941705465316772,-1.0121088027954102,-0.44324561953544617
1790107891249074000,49.816073974609374,-1.4553309679031372,-1.0569607019424438,-0.4143393933773041
1790107891259018000,49.82601806640625,-1.4229609966278076,-1.0261974334716797,-0.35466912388801575
1790107891268961800,49.8359619140625,-1.3937435150146484,-0.9879083633422852,-0.33092013001441956
1790107891278907100,49.8459072265625,-1.3481147289276123,-0.9090663194656372,-0.279850035905838
1790107891288851000,49.855850830078126,-1.303065299987793,-0.7833238244056702,-0.23176132142543793
1790107891298795000,49.865794921875,-1.233605980873108,-0.6824249029159546,-0.17218588292598724
1790107891308739800,49.87573974609375,-1.1682465076446533,-0.49896639585494995,-0.09680457413196564
1790107891318684200,49.88568408203125,-1.0823464393615723,-0.41103413701057434,-0.022707710042595863
1790107891328628000,49.8956279296875,-1.0031046867370605,-0.43124645948410034,0.04019162803888321
1790107891338573000,49.90557299804688,-0.8903301358222961,-0.4839208722114563,0.06867600232362747
1790107891348516900,49.915516845703124,-0.7349181771278381,-0.5514042973518372,0.08177103102207184
1790107891358462200,49.925462158203125,-0.5513502359390259,-0.5764223337173462,0.14541232585906982
1790107891368406000,49.93540600585938,-0.3730694651603699,-0.3559000492095947,0.24758769571781158
1790107891378350000,49.94535009765625,-0.18716003000736237,0.06471268087625504,0.31772497296333313
1790107891388295000,49.955294921875,-0.015980564057826996,0.4570237398147583,0.3836965262889862
1790107891398239000,49.96523901367188,0.12232670933008194,0.6036190390586853,0.4788297116756439
1790107891408184000,49.97518408203125,0.24894218146800995,0.5674626231193542,0.5294787883758545
1790107891418128100,49.98512817382812,0.396601140499115,0.5219367146492004,0.5562376976013184
1790107891428072000,49.995072021484376,0.5299437642097473,0.5327954888343811,0.5999990105628967
1790107891438016800,50.005016845703125,0.6468895673751831,0.6034792065620422,0.6310405135154724
1790107891447961000,50.01496118164062,0.7524508833885193,0.6889512538909912,0.6071091294288635
1790107891457905200,50.0249052734375,0.8740976452827454,0.7456417083740234,0.5512282848358154
1790107891467850000,50.03485009765625,0.9999881982803345,0.7339589595794678,0.5399737358093262
1790107891477794000,50.0447939453125,1.1072297096252441,0.7281093001365662,0.5618487000465393
1790107891487739100,50.0547392578125,1.2126972675323486,0.7403172254562378,0.6084390878677368
1790107891497683000,50.06468286132812,1.3028751611709595,0.7248653173446655,0.6367759108543396
1790107891507627000,50.074626953125,1.3800817728042603,0.5819627642631531,0.6434735059738159
1790107891517571800,50.08457177734375,1.4320813417434692,0.45050910115242004,0.6304868459701538
1790107891527516000,50.09451586914062,1.4866808652877808,0.4559427499771118,0.5714086294174194
1790107891537460000,50.1044599609375,1.5871307849884033,0.5008822679519653,0.49841833114624023
1790107891547405000,50.114405029296876,1.6653931140899658,0.5178378224372864,0.4411049485206604
1790107891557348900,50.12434887695313,1.7017016410827637,0.46329787373542786,0.4576629102230072
1790107891567294200,50.13429418945312,1.7332220077514648,0.32504385709762573,0.49424487352371216
1790107891577238000,50.144238037109375,1.760805606842041,0.21102888882160187,0.5246123671531677
1790107891587182000,50.15418212890625,1.7872120141983032,0.12367453426122665,0.5519808530807495
1790107891597127000,50.164126953125,1.8532594442367554,0.1005156859755516,0.5555654764175415
1790107891607071000,50.174071044921874,1.9329582452774048,0.19518093764781952,0.5138494968414307
1790107891617014800,50.184014892578126,2.024543285369873,0.19937223196029663,0.4318635165691376
1790107891626960100,50.19396020507813,2.1305596828460693,0.10980026423931122,0.3526991903781891
1790107891636904000,50.20390405273437,2.2196078300476074,0.05272899195551872,0.33696043491363525
1790107891646849000,50.21384912109375,2.259953498840332,0.1450040638446808,0.33212682604789734
1790107891656793000,50.22379296875,2.199535846710205,0.005149488337337971,0.2686905860900879
1790107891666737700,50.233737548828124,2.0739147663116455,-0.29374560713768005,0.14897562563419342
1790107891676682500,50.2436826171875,1.910236120223999,-0.6597222685813904,0.03223596513271332
1790107891686626600,50.25362646484375,1.7549858093261719,-1.0134509801864624,0.09101752191781998
1790107891696570400,50.2635703125,1.6265133619308472,-1.2272834777832031,0.24170982837677002
1790107891706515500,50.27351538085937,1.522823452949524,-1.282813549041748,0.26374855637550354
1790107891716459500,50.28345947265625,1.43501877784729,-1.100203514099121,0.18759866058826447
1790107891726404400,50.293404296875,1.3506543636322021,-0.616425096988678,0.14948110282421112
1790107891736348400,50.30334838867188,1.2195788621902466,0.08120989799499512,0.1919633150100708
1790107891746292500,50.31329248046875,1.1385258436203003,0.6337798833847046,0.3255269527435303
1790107891756237600,50.323237548828125,1.1495559215545654,0.7051920294761658,0.41116863489151
1790107891766181400,50.33318139648438,1.175772786140442,0.26906076073646545,0.38153085112571716
1790107891776125400,50.34312548828125,1.1800698041915894,-0.5046288371086121,0.3408159017562866
1790107891786070500,50.353070556640624,1.1716225147247314,-1.0031036138534546,0.4128562808036804
1790107891796014600,50.3630146484375,1.1931606531143188,-0.8861210346221924,0.5175046324729919
1790107891805959400,50.37295947265625,1.126137137413025,-0.4796057343482971,0.5257764458656311
1790107891815903500,50.38290356445312,0.9550529718399048,-0.2646585702896118,0.35850223898887634
1790107891825847300,50.392847412109376,0.7181272506713867,-0.23344656825065613,0.14665281772613525
1790107891835792600,50.40279272460938,0.4969184398651123,-0.15276505053043365,0.047448743134737015
1790107891845736400,50.412736328125,0.2826647162437439,0.03591379150748253,0.004180097486823797
1790107891855680500,50.422680419921875,0.11391139030456543,0.11977087706327438,-0.025007614865899086
1790107891865625600,50.43262548828125,-0.0419975183904171,0.05710376426577568,-0.014512097463011742
1790107891875569700,50.44256958007813,-0.20082791149616241,0.0905810296535492,-0.04583965986967087
1790107891885514500,50.45251440429688,-0.381695955991745,0.052068792283535004,-0.11095234751701355
1790107891895458600,50.46245849609375,-0.5456262826919556,0.08689282089471817,-0.16170580685138702
1790107891905402400,50.47240234375,-0.6845114827156067,0.0673430860042572,-0.21338418126106262
1790107891915347500,50.48234741210938,-0.8193731904029846,-0.00908803753554821,-0.27562811970710754
1790107891925291500,50.49229150390625,-0.9199429154396057,0.05121471732854843,-0.30870988965034485
1790107891935235600,50.50223559570313,-0.9995360374450684,0.14399072527885437,-0.3394675552845001
1790107891945180400,50.512180419921876,-1.0548357963562012,0.24716877937316895,-0.34868741035461426
1790107891955124700,50.52212475585937,-1.0992999076843262,0.2711385488510132,-0.35507792234420776
1790107891965069600,50.53206958007812,-1.1380150318145752,0.11608133465051651,-0.3646325469017029
1790107891975013400,50.542013427734375,-1.1237748861312866,0.13771046698093414,-0.3309555649757385
1790107891984957400,50.55195751953125,-1.0869300365447998,0.28479018807411194,-0.2727085053920746
1790107891994902500,50.56190258789063,-1.0443471670150757,0.2613453269004822,-0.2788585424423218
1790107892004846600,50.5718466796875,-1.007481575012207,0.0791531428694725,-0.3133179843425751
1790107892014790700,50.58179077148438,-0.9624709486961365,-0.04277169704437256,-0.31974712014198303
1790107892024735500,50.59173559570313,-0.920444905757904,0.0011062771081924438,-0.31252726912498474
1790107892034679300,50.60167919921875,-0.8953496813774109,0.14017042517662048,-0.30709415674209595
1790107892044624600,50.611624755859374,-0.8524341583251953,0.27773788571357727,-0.33722782135009766
1790107892054568400,50.621568359375,-0.8170767426490784,0.30842095613479614,-0.38187092542648315
1790107892064512500,50.63151245117187,-0.8115929961204529,0.3356219530105591,-0.4084593951702118
1790107892074457300,50.64145727539063,-0.8734276294708252,0.3669162094593048,-0.4159252941608429
1790107892084401700,50.651401611328126,-0.924557626247406,0.35898107290267944,-0.42072510719299316
1790107892094345500,50.66134545898438,-0.9479354023933411,0.29863861203193665,-0.41238516569137573
1790107892104290600,50.67129052734375,-0.9372036457061768,0.20921100676059723,-0.3728894293308258
1790107892114234400,50.681234375,-0.93321692943573,0.14673352241516113,-0.34916064143180847
1790107892124179700,50.6911796875,-0.9759204387664795,0.12288171052932739,-0.3658485412597656
1790107892134123500,50.70112353515625,-1.0610052347183228,0.10499992221593857,-0.4280884861946106
1790107892144067600,50.711067626953124,-1.2182084321975708,0.10196471214294434,-0.5265761613845825
1790107892154012400,50.72101245117187,-1.3874099254608154,0.14081278443336487,-0.6260836124420166
1790107892163956500,50.73095654296875,-1.5280309915542603,0.15379701554775238,-0.6600580811500549
1790107892173900500,50.74090063476562,-1.6258054971694946,0.16204535961151123,-0.6568332314491272
1790107892183845600,50.750845703125,-1.6335630416870117,0.1330842822790146,-0.6535927057266235
1790107892193789400,50.76078955078125,-1.5705469846725464,0.08305520564317703,-0.6646440625190735
1790107892203734300,50.770734375,-1.5005285739898682,0.05432768538594246,-0.6693365573883057
1790107892213678600,50.7806787109375,-1.4376471042633057,0.04596642777323723,-0.6655998229980469
1790107892223622700,50.79062255859375,-1.386971116065979,0.05774558708071709,-0.637859582901001
1790107892233567500,50.8005673828125,-1.39235258102417,0.028543228283524513,-0.5654154419898987
1790107892243511600,50.81051147460938,-1.4273453950881958,-0.0161209125071764,-0.497579962015152
1790107892253455400,50.82045532226562,-1.4600189924240112,-0.14995966851711273,-0.4714868366718292
1790107892263400400,50.830400390625,-1.4608434438705444,-0.34153708815574646,-0.46295860409736633
1790107892273344500,50.84034448242188,-1.4272514581680298,-0.5089351534843445,-0.4776344895362854
1790107892283288600,50.85028857421875,-1.398342251777649,-0.6062044501304626,-0.4800765812397003
1790107892293233400,50.8602333984375,-1.375098466873169,-0.6425083875656128,-0.46055322885513306
1790107892303177500,50.870177490234376,-1.3394328355789185,-0.5795651078224182,-0.39393240213394165
1790107892313122600,50.88012255859375,-1.2604360580444336,-0.5619573593139648,-0.3336552083492279
1790107892323066400,50.89006640625,-1.2520537376403809,-0.5634835958480835,-0.31990957260131836
1790107892333010400,50.900010498046875,-1.2352430820465088,-0.6303590536117554,-0.28827494382858276
1790107892342955500,50.90995556640625,-1.2406573295593262,-0.6901142597198486,-0.26186835765838623
1790107892352899600,50.91989965820313,-1.1724151372909546,-0.709969699382782,-0.22939564287662506
1790107892362843400,50.929843505859374,-1.0886752605438232,-0.6685450673103333,-0.17597661912441254
1790107892372788500,50.93978857421875,-1.0198434591293335,-0.6135281324386597,-0.1081770732998848
1790107892382732300,50.949732177734376,-0.9304786324501038,-0.5190285444259644,-0.08142295479774475
1790107892392677600,50.959677734375,-0.7928574085235596,-0.5003454089164734,-0.0334695428609848
1790107892402621400,50.96962133789062,-0.6596096158027649,-0.491865336894989,0.08393378555774689
1790107892412565500,50.9795654296875,-0.527949333190918,-0.3635323941707611,0.24419163167476654
1790107892422510300,50.98951025390625,-0.37496721744537354,-0.09965682029724121,0.36081865429878235
1790107892432454700,50.99945458984375,-0.24745319783687592,0.13217534124851227,0.4290136694908142
1790107892442399500,51.0093994140625,-0.10878666490316391,0.269805908203125,0.47822436690330505
1790107892452343600,51.019343505859375,0.02858051285147667,0.29954543709754944,0.50359708070755
1790107892462287400,51.02928735351563,0.1400092989206314,0.2981019914150238,0.5193867087364197
1790107892472232700,51.03923266601562,0.2302883267402649,0.24487899243831635,0.591769814491272
1790107892482176500,51.049176513671874,0.3601435422897339,0.31955084204673767,0.6551882028579712
1790107892492120600,51.05912060546875,0.5239638686180115,0.48937928676605225,0.6796408295631409
1790107892502065400,51.0690654296875,0.6936248540878296,0.6076076626777649,0.6722473502159119
1790107892512009700,51.079009765625,0.8540741801261902,0.6774322986602783,0.660731315612793
1790107892521954600,51.08895458984375,0.9953716397285461,0.7497677206993103,0.6726551055908203
1790107892531898600,51.09889868164063,1.1181998252868652,0.7659751772880554,0.696587860584259
1790107892541842400,51.10884252929687,1.2207539081573486,0.7114294171333313,0.7262256741523743
1790107892551787500,51.11878759765625,1.316087007522583,0.6455787420272827,0.7455762028694153
1790107892561731600,51.128731689453126,1.4064580202102661,0.5822216272354126,0.7465338706970215
1790107892571675600,51.13867553710938,1.4815868139266968,0.5949975848197937,0.7017176151275635
1790107892581620500,51.14862036132813,1.5451269149780273,0.6894343495368958,0.6582058668136597
1790107892591564500,51.158564453125,1.6268686056137085,0.7204170227050781,0.6301470398902893
1790107892601509600,51.168509521484374,1.7108045816421509,0.655193030834198,0.6382667422294617
1790107892611453400,51.17845336914063,1.7654592990875244,0.5799767971038818,0.6679341197013855
1790107892621397500,51.1883974609375,1.7942177057266235,0.48444604873657227,0.6752090454101562
1790107892631342300,51.19834228515625,1.817359447479248,0.42096826434135437,0.651905357837677
1790107892641286700,51.20828662109375,1.858292579650879,0.3757432699203491,0.6246886253356934
1790107892651230500,51.21823046875,1.9252291917800903,0.39269429445266724,0.6139854192733765
1790107892661175600,51.22817553710937,2.036402940750122,0.4856191575527191,0.5844610333442688
1790107892671119400,51.238119384765625,2.1709141731262207,0.525192379951477,0.5397077202796936
1790107892681064400,51.248064453125,2.246776819229126,0.3296103775501251,0.4661456048488617
1790107892691008300,51.25800830078125,2.2091736793518066,-0.04830627888441086,0.3392590284347534
1790107892700952300,51.267952392578124,2.0949761867523193,-0.4264248311519623,0.18179403245449066
1790107892710897400,51.2778974609375,1.9352693557739258,-0.6479026079177856,0.10687877982854843
1790107892720841500,51.28784155273438,1.820511817932129,-0.8990491032600403,0.14085964858531952
1790107892730785300,51.29778540039062,1.8106328248977661,-1.1774330139160156,0.25921106338500977
1790107892740730400,51.30773046875,1.8242746591567993,-1.2660667896270752,0.3192743957042694
1790107892750674400,51.31767431640625,1.7740671634674072,-1.26600980758667,0.2722853124141693
1790107892760619500,51.32761962890625,1.6275144815444946,-0.9972310662269592,0.1858052909374237
1790107892770563300,51.33756323242188,1.4060933589935303,-0.28876787424087524,0.14527836441993713
1790107892780507400,51.34750732421875,1.2010129690170288,0.5831928849220276,0.21282944083213806
1790107892790452500,51.357452392578125,1.103420615196228,0.9274191856384277,0.28936630487442017
1790107892800396500,51.367396484375,1.0977637767791748,0.4322366416454315,0.2103809416294098
1790107892810340400,51.37734033203125,1.1116572618484497,-0.3583051562309265,0.1706489771604538
1790107892820285400,51.387285400390624,1.1528009176254272,-0.7617918848991394,0.32332825660705566
1790107892830229200,51.39722924804688,1.2819432020187378,-0.6915755271911621,0.587571382522583
1790107892840173600,51.407173583984374,1.3775848150253296,-0.6085272431373596,0.7241172194480896
1790107892850118400,51.41711840820312,1.3435040712356567,-0.7932896614074707,0.5933371186256409
1790107892860062500,51.4270625,1.1837974786758423,-0.6948218941688538,0.3785251975059509
1790107892870007300,51.43700732421875,0.9130660891532898,-0.28365302085876465,0.27196282148361206
1790107892879951400,51.44695141601562,0.6405051350593567,0.026585804298520088,0.3179952800273895
1790107892889895400,51.4568955078125,0.42864590883255005,0.20034188032150269,0.35486674308776855
1790107892899840300,51.46684033203125,0.2476918250322342,0.10166776925325394,0.292182594537735
1790107892909784300,51.47678442382813,0.045706503093242645,-0.14673644304275513,0.21499645709991455
1790107892919729400,51.4867294921875,-0.10492055863142014,0.16344325244426727,0.18277807533740997
1790107892929673500,51.496673583984375,-0.3201862573623657,-0.17341946065425873,0.11124183237552643
1790107892939617300,51.5066171875,-0.4556910991668701,-0.05095399543642998,0.1618480235338211
1790107892949562400,51.51656225585938,-0.6644576191902161,-0.44169244170188904,0.09518829733133316
1790107892959506200,51.52650610351562,-0.8281895518302917,-0.4710088074207306,0.06308815628290176
1790107892969450500,51.53645043945313,-0.901626467704773,0.0441749170422554,0.08478119969367981
1790107892979395300,51.546395263671876,-0.950256884098053,0.511663019657135,0.03907336667180061
1790107892989339400,51.55633935546875,-1.0042288303375244,0.3246939182281494,-0.10630246996879578
1790107892999284200,51.5662841796875,-1.008245587348938,0.18109601736068726,-0.16503235697746277
1790107893009228500,51.576228515625,-1.0355403423309326,-0.24221396446228027,-0.22231270372867584
1790107893019172400,51.58617236328125,-1.0147736072540283,-0.3764210343360901,-0.20697449147701263
1790107893029117400,51.59611743164062,-0.9765374660491943,-0.1435566395521164,-0.13424089550971985
1790107893039061200,51.606061279296874,-0.9435033798217773,0.34954628348350525,-0.07087790220975876
1790107893049005300,51.61600537109375,-0.9276463985443115,0.7021682262420654,-0.08384829759597778
1790107893058950400,51.62595043945313,-0.9307529330253601,0.6732537746429443,-0.15718641877174377
1790107893068894500,51.63589453125,-0.90474933385849,0.410643994808197,-0.22668960690498352
1790107893078838300,51.64583837890625,-0.8421277403831482,0.14422668516635895,-0.25472816824913025
1790107893088783400,51.65578344726563,-0.767051100730896,0.01588043011724949,-0.2608201503753662
1790107893098727400,51.6657275390625,-0.7005575895309448,-0.07478742301464081,-0.3002453148365021
1790107893108672300,51.67567236328125,-0.6889024972915649,-0.0975574478507042,-0.3207961320877075
1790107893118616300,51.6856162109375,-0.768095076084137,-0.013028716668486595,-0.33645498752593994
1790107893128560400,51.69556030273438,-0.8684695959091187,0.12238609790802002,-0.38064640760421753
1790107893138505500,51.70550537109375,-0.9378577470779419,0.2285436987876892,-0.42540454864501953
1790107893148449500,51.715449462890625,-0.9768344163894653,0.31151553988456726,-0.43247392773628235
1790107893158393300,51.72539331054688,-0.9514592885971069,0.38823482394218445,-0.38249996304512024
1790107893168338200,51.73533813476563,-0.9084857106208801,0.4229198396205902,-0.2825123965740204
1790107893178282200,51.7452822265625,-0.9121752977371216,0.41554421186447144,-0.19337265193462372
1790107893188227300,51.75522729492187,-1.0158997774124146,0.4240785837173462,-0.16776876151561737
1790107893198171400,51.76517138671875,-1.192049503326416,0.4592834413051605,-0.2408219277858734
1790107893208115500,51.77511547851562,-1.3836629390716553,0.5366884469985962,-0.3967582583427429
1790107893218060500,51.785060546875,-1.5319714546203613,0.5578997731208801,-0.5447804927825928
1790107893228004400,51.79500439453125,-1.595375657081604,0.41483819484710693,-0.6036427617073059
1790107893237949400,51.804949462890626,-1.6022168397903442,0.21954940259456635,-0.5487384796142578
1790107893247893200,51.81489331054688,-1.5925990343093872,0.11218059808015823,-0.4893481135368347
1790107893257837300,51.82483740234375,-1.5333729982376099,0.060150422155857086,-0.44923320412635803
1790107893267782400,51.834782470703125,-1.469316005706787,0.09794813394546509,-0.4175170660018921
1790107893277726500,51.8447265625,-1.4637508392333984,0.14372467994689941,-0.3708169460296631
1790107893287670300,51.85467016601562,-1.5261859893798828,0.17140530049800873,-0.36259016394615173
1790107893297615400,51.864615478515624,-1.5524916648864746,0.14340803027153015,-0.4272293448448181
1790107893307559400,51.87455932617188,-1.512418270111084,0.0224379301071167,-0.5249325037002563
1790107893317503500,51.88450341796875,-1.448311448097229,-0.1694532036781311,-0.5510801672935486
1790107893327448300,51.8944482421875,-1.4029103517532349,-0.3669164776802063,-0.5386248826980591
1790107893337392400,51.904392333984376,-1.3613229990005493,-0.5450119376182556,-0.520254909992218
1790107893347337500,51.91433740234375,-1.3504879474639893,-0.6412686705589294,-0.5067902207374573
1790107893357281500,51.92428149414062,-1.4019476175308228,-0.6340944170951843,-0.47980228066444397
1790107893367225300,51.934225341796875,-1.4402356147766113,-0.6049186587333679,-0.42330625653266907
1790107893377170400,51.94417041015625,-1.3990572690963745,-0.6079512238502502,-0.3757736384868622
1790107893387114200,51.9541142578125,-1.3391287326812744,-0.5683380365371704,-0.3558867275714874
1790107893397058600,51.96405859375,-1.2721598148345947,-0.47440406680107117,-0.31239065527915955
1790107893407003400,51.97400341796875,-1.232979416847229,-0.38442862033843994,-0.256281316280365
1790107893416947500,51.98394750976563,-1.1860294342041016,-0.34940460324287415,-0.2304057776927948
1790107893426892300,51.99389233398438,-1.1391327381134033,-0.38478630781173706,-0.20728528499603271
1790107893436836600,52.003836669921874,-1.048880696296692,-0.5019632577896118,-0.18551313877105713
1790107893446780400,52.01378051757813,-0.9243302345275879,-0.5974956154823303,-0.16985002160072327
1790107893456725200,52.023725341796876,-0.7720698118209839,-0.5963640809059143,-0.14568503201007843
1790107893466669300,52.03366943359375,-0.6137728691101074,-0.47019946575164795,-0.0845353901386261
1790107893476613400,52.04361328125,-0.46520471572875977,-0.24991849064826965,-0.04837578907608986
1790107893486558500,52.053558349609375,-0.3241274654865265,-0.052131377160549164,-0.018093250691890717
1790107893496502300,52.06350219726563,-0.1799849420785904,0.12614914774894714,0.0588366836309433
1790107893506447400,52.073447265625,-0.03633750230073929,0.23109553754329681,0.13948385417461395
1790107893516391200,52.08339111328125,0.14119520783424377,0.31510016322135925,0.1599491834640503
1790107893526335500,52.09333544921875,0.3919094502925873,0.5030212998390198,0.21480710804462433
1790107893536280300,52.1032802734375,0.5920763611793518,0.7326153516769409,0.3210568428039551
1790107893546224400,52.11322436523437,0.7191280722618103,0.8485726118087769,0.4121827781200409
1790107893556168200,52.123168212890626,0.8407663702964783,0.7746765613555908,0.43488913774490356
1790107893566113500,52.13311352539063,0.9728716611862183,0.6890907883644104,0.3834216892719269
1790107893576057300,52.14305737304687,1.0900377035140991,0.6345567107200623,0.32182782888412476
1790107893586002400,52.15300244140625,1.2083691358566284,0.6611310839653015,0.2964724004268646
1790107893595946200,52.1629462890625,1.331910490989685,0.7467657923698425,0.3132646977901459
1790107893605890300,52.17289038085938,1.4395376443862915,0.7852346301078796,0.3360115587711334
1790107893615835400,52.18283544921875,1.5073163509368896,0.698018491268158,0.37124839425086975
1790107893625779500,52.192779541015625,1.5941671133041382,0.5831430554389954,0.3956011235713959
1790107893635724300,52.202724365234374,1.6591293811798096,0.5798183679580688,0.4037645161151886
1790107893645668400,52.21266845703125,1.7018110752105713,0.5759069919586182,0.39104604721069336
1790107893655612400,52.2226123046875,1.7594530582427979,0.5109226703643799,0.39206603169441223
1790107893665557800,52.232557861328125,1.8054684400558472,0.41347840428352356,0.4180361330509186
1790107893675501800,52.24250170898438,1.8496721982955933,0.35248029232025146,0.46533840894699097
1790107893685446000,52.25244580078125,1.882799744606018,0.3407445251941681,0.5053297281265259
1790107893695390700,52.262390625,1.9108060598373413,0.36578890681266785,0.5178535580635071
1790107893705334800,52.27233471679688,1.9156248569488525,0.421218603849411,0.49397748708724976
1790107893715280000,52.28227978515625,1.9168034791946411,0.43147072196006775,0.43479007482528687
1790107893725223700,52.2922236328125,1.9207199811935425,0.37413471937179565,0.3684486150741577
1790107893735167700,52.302167724609376,1.9714564085006714,0.24879464507102966,0.29717016220092773
1790107893745112600,52.312112548828125,2.0649094581604004,0.10761594027280807,0.22285571694374084
1790107893755057000,52.32205688476562,2.1262547969818115,-0.06042606011033058,0.14745976030826569
1790107893765000700,52.332000732421875,2.142429828643799,-0.24252022802829742,0.1370105892419815
1790107893774945800,52.34194580078125,2.0887014865875244,-0.38815999031066895,0.1658736616373062
1790107893784889600,52.3518896484375,1.9864404201507568,-0.48943015933036804,0.20529483258724213
1790107893794833700,52.361833740234374,1.8634052276611328,-0.6179319024085999,0.2616707682609558
1790107893804778800,52.37177880859375,1.6780250072479248,-0.6926383972167969,0.31027212738990784
1790107893814722800,52.38172290039063,1.412100911140442,-0.8151906728744507,0.30052468180656433
1790107893824667600,52.39166772460938,1.1776742935180664,-0.8591663837432861,0.2601173222064972
1790107893834611700,52.40161181640625,1.0545142889022827,-0.6788676977157593,0.23936039209365845
1790107893844555800,52.4115556640625,1.0040290355682373,-0.1863621473312378,0.232240691781044
1790107893854500900,52.4215009765625,0.9797860383987427,0.4820571839809418,0.24885882437229156
1790107893864444700,52.43144458007812,0.9887123703956604,0.824062705039978,0.27640095353126526
1790107893874388700,52.441388671875,1.0838426351547241,0.7927300930023193,0.35586676001548767
1790107893884333800,52.451333740234375,1.1761651039123535,0.3331092596054077,0.3642943501472473
1790107893894278000,52.46127783203125,1.1946966648101807,-0.46018171310424805,0.33916449546813965
1790107893904222700,52.47122265625,1.1612889766693115,-0.8465070724487305,0.4275457561016083
1790107893914166800,52.481166748046874,1.1042450666427612,-0.5377630591392517,0.5025038719177246
1790107893924110600,52.49111059570313,1.0347102880477905,-0.16280250251293182,0.4085204005241394
1790107893934055700,52.5010556640625,0.8696949481964111,-0.1389610767364502,0.1603638380765915
1790107893943999700,52.51099975585937,0.6682987213134766,-0.20866426825523376,-0.020625116303563118
1790107893953943800,52.52094384765625,0.43246060609817505,-0.13999173045158386,-0.10034844279289246
1790107893963888600,52.530888671875,0.21365982294082642,0.10960239171981812,-0.12570226192474365
1790107893973833000,52.5408330078125,0.023307986557483673,0.09933484345674515,-0.11213240027427673
1790107893983777800,52.55077783203125,-0.13067679107189178,-0.02316470816731453,-0.10389444231987
1790107893993721600,52.5607216796875,-0.2533497214317322,-0.03045005165040493,-0.12294083833694458
1790107894003665700,52.57066577148437,-0.3731602728366852,0.06238668039441109,-0.18078495562076569
1790107894013610800,52.58061083984375,-0.5187483429908752,0.03411402925848961,-0.2627173662185669
1790107894023554800,52.590554931640625,-0.6633987426757812,-0.06005454808473587,-0.3420095443725586
1790107894033499000,52.60049877929688,-0.774448037147522,-0.09550894796848297,-0.39578142762184143
1790107894043443700,52.61044360351563,-0.8664759397506714,-0.0534171536564827,-0.41484060883522034
1790107894053387500,52.62038745117187,-0.9329562187194824,0.04593100771307945,-0.40919896960258484
1790107894063332900,52.63033276367187,-0.9833852648735046,0.04502579942345619,-0.39797958731651306
1790107894073276700,52.640276611328126,-1.0110690593719482,0.01786261983215809,-0.3601861298084259
1790107894083220700,52.650220703125,-0.9982782006263733,0.09416591376066208,-0.2863350808620453
1790107894093165600,52.66016552734375,-0.9737616777420044,0.13684973120689392,-0.24042485654354095
1790107894103110000,52.67010986328125,-0.9745321273803711,0.03256779536604881,-0.2370287925004959
1790107894113053700,52.6800537109375,-0.9673996567726135,-0.029218338429927826,-0.2295873910188675
1790107894122998800,52.68999877929687,-0.9534995555877686,0.09282394498586655,-0.20320424437522888
1790107894132942600,52.699942626953124,-0.9389216899871826,0.37093546986579895,-0.2058197408914566
1790107894142888000,52.709887939453125,-0.985294759273529,0.47303786873817444,-0.26624980568885803
1790107894152831700,52.71983178710938,-1.022937536239624,0.47145166993141174,-0.31909650564193726
1790107894162775800,52.72977587890625,-1.05465567111969,0.4284115433692932,-0.34385618567466736
1790107894172720600,52.739720703125,-1.0215438604354858,0.4446064829826355,-0.33641690015792847
1790107894182665000,52.7496650390625,-0.9587188363075256,0.48538506031036377,-0.3207543194293976
1790107894192608800,52.75960888671875,-0.9046047329902649,0.4443116784095764,-0.32790064811706543
1790107894202553900,52.76955395507812,-0.900877058506012,0.2850631773471832,-0.35508298873901367
1790107894212497700,52.77949755859375,-0.886816143989563,0.08397825807332993,-0.3691261112689972
1790107894222442800,52.78944287109375,-0.8941861391067505,-0.08328849822282791,-0.3578702509403229
1790107894232386800,52.79938671875,-0.9339559674263,-0.1679842174053192,-0.3421786427497864
1790107894242331000,52.809330810546875,-1.0350353717803955,-0.18857790529727936,-0.34750896692276
1790107894252275700,52.819275634765624,-1.1383671760559082,-0.11263653635978699,-0.38701963424682617
1790107894262219800,52.8292197265625,-1.2689749002456665,-0.015969645231962204,-0.4233483374118805
1790107894272163800,52.839163818359374,-1.3974615335464478,0.10171544551849365,-0.4444373846054077
1790107894282108700,52.84910864257812,-1.4959207773208618,0.1901792585849762,-0.4785769581794739
1790107894292052700,52.859052734375,-1.5138307809829712,0.19704435765743256,-0.5079564452171326
1790107894301997600,52.86899755859375,-1.462297797203064,0.14424559473991394,-0.5030586123466492
1790107894311942000,52.87894189453125,-1.4130698442459106,0.026689667254686356,-0.49534448981285095
1790107894321886000,52.88888598632813,-1.359167456626892,-0.05979515612125397,-0.5154377818107605
1790107894331830800,52.898830810546876,-1.336162805557251,-0.0989321693778038,-0.5398706793785095
1790107894341774600,52.90877465820312,-1.3330156803131104,-0.18202678859233856,-0.5653321146965027
1790107894351718700,52.91871875,-1.3241479396820068,-0.28246259689331055,-0.5834991335868835
1790107894361663700,52.928663818359375,-1.3385452032089233,-0.3348269760608673,-0.5595213770866394
1790107894371607800,52.93860791015625,-1.3866519927978516,-0.3374374210834503,-0.4883340001106262
1790107894381552600,52.948552734375,-1.4007142782211304,-0.36583417654037476,-0.4524380564689636
1790107894391496700,52.95849658203125,-1.3747245073318481,-0.41453832387924194,-0.44217315316200256
1790107894401440800,52.96844067382813,-1.2990076541900635,-0.49859195947647095,-0.44690027832984924
1790107894411385900,52.9783857421875,-1.2469106912612915,-0.537741482257843,-0.4129939675331116
1790107894421329700,52.98832958984375,-1.2119861841201782,-0.550212562084198,-0.3769286274909973
1790107894431273700,52.998273681640626,-1.1417818069458008,-0.47081172466278076,-0.33289778232574463
1790107894441218800,53.00821875,-1.1046624183654785,-0.3467369079589844,-0.2892802655696869
1790107894451163000,53.01816284179687,-1.112522006034851,-0.24783270061016083,-0.2625676989555359
1790107894461106700,53.028106689453125,-1.1023164987564087,-0.24868305027484894,-0.21695254743099213
1790107894471051800,53.0380517578125,-1.1577354669570923,-0.3287523090839386,-0.2005852907896042
1790107894480995600,53.04799560546875,-1.1832201480865479,-0.38702893257141113,-0.18711556494235992
1790107894490941000,53.05794091796875,-1.1639190912246704,-0.3830230236053467,-0.12655474245548248
1790107894500884700,53.067884765625,-1.0539017915725708,-0.3117552399635315,-0.03821582719683647
1790107894510828800,53.07782885742188,-0.9219751954078674,-0.18955102562904358,0.02087811753153801
1790107894520773600,53.08777368164063,-0.7976782321929932,-0.13880395889282227,0.06431373953819275
1790107894530718000,53.097718017578124,-0.7000145316123962,-0.2350284904241562,0.1280522346496582
1790107894540662800,53.10766284179687,-0.5780364274978638,-0.2462899386882782,0.23888342082500458
1790107894550606800,53.11760693359375,-0.41929686069488525,0.029377063736319542,0.3179481327533722
1790107894560550700,53.12755053710937,-0.24701058864593506,0.4689488410949707,0.3535096049308777
1790107894570495700,53.13749584960937,-0.09819367527961731,0.7681054472923279,0.41614556312561035
1790107894580439800,53.147439697265625,-0.010438792407512665,0.7207371592521667,0.5071542859077454
1790107894590383900,53.1573837890625,0.05877729505300522,0.5148540139198303,0.5532495975494385
1790107894600328700,53.16732861328125,0.1875816136598587,0.41452500224113464,0.5749229192733765
1790107894610272800,53.177272705078124,0.37710681557655334,0.5052322745323181,0.5701060891151428
1790107894620216800,53.187216796875,0.5684559941291809,0.6385620832443237,0.5743341445922852
1790107894630161700,53.19716162109375,0.7218831181526184,0.7146528959274292,0.5796988010406494
1790107894640105700,53.20710571289062,0.8277463912963867,0.7268283367156982,0.5564829707145691
1790107894650050600,53.21705053710937,0.9136314988136292,0.7079576849937439,0.4954414367675781
1790107894659995000,53.22699487304688,0.9997605085372925,0.66798335313797,0.44488638639450073
1790107894669938200,53.23693823242188,1.0966111421585083,0.6393834352493286,0.4153149127960205
1790107894679883300,53.24688330078125,1.2277878522872925,0.6457657217979431,0.3969667851924896
1790107894689827300,53.256827392578124,1.3649119138717651,0.6355825662612915,0.3782884478569031
1790107894699771100,53.26677124023438,1.4610610008239746,0.5486375689506531,0.3588431179523468
1790107894709716000,53.276716064453126,1.526245355606079,0.5325272679328918,0.33427971601486206
1790107894719660000,53.28665991210938,1.6019318103790283,0.6722063422203064,0.29819148778915405
1790107894729605000,53.29660522460937,1.6833577156066895,0.7708141803741455,0.28175872564315796
1790107894739549200,53.306549072265625,1.7171399593353271,0.6271914839744568,0.27181926369667053
1790107894749493200,53.3164931640625,1.7097805738449097,0.44080135226249695,0.26022544503211975
1790107894759438000,53.32643798828125,1.720732569694519,0.3671471178531647,0.20077012479305267
1790107894769382100,53.336382080078124,1.751749873161316,0.372807115316391,0.1235022321343422
1790107894779326200,53.346326171875,1.809489369392395,0.3821718692779541,0.10196151584386826
1790107894789271000,53.35627099609375,1.8671661615371704,0.2852035164833069,0.11173425614833832
1790107894799215000,53.36621508789062,1.9304500818252563,0.17103353142738342,0.10916457325220108
1790107894809160200,53.37616015625,1.9947694540023804,0.16773520410060883,0.08590105921030045
1790107894819104300,53.38610424804688,2.0164942741394043,0.04122573509812355,0.0012620720081031322
1790107894829048000,53.39604809570312,2.0135459899902344,-0.22207461297512054,-0.11046472191810608
1790107894838993200,53.4059931640625,1.9823033809661865,-0.5117234587669373,-0.1939801275730133
1790107894848937000,53.41593701171875,1.9184900522232056,-0.8745402693748474,-0.2221640944480896
1790107894858881300,53.42588134765625,1.8616262674331665,-1.293520450592041,-0.17403250932693481
1790107894868826000,53.435826171875,1.8344841003417969,-1.5396642684936523,-0.028428710997104645
1790107894878770200,53.445770263671875,1.8240532875061035,-1.5180121660232544,0.1277984380722046
1790107894888714000,53.4557138671875,1.8053776025772095,-1.1459294557571411,0.18303826451301575
1790107894898659300,53.46565942382812,1.7058124542236328,-0.35536128282546997,0.08446455001831055
1790107894908603100,53.47560302734375,1.5852279663085938,0.5800023674964905,-0.023744210600852966
1790107894918548200,53.48554833984375,1.4406113624572754,1.2881619930267334,0.009980196133255959
1790107894928492000,53.495491943359376,1.3407121896743774,1.3309056758880615,0.15711797773838043
1790107894938436000,53.50543603515625,1.2943580150604248,0.6284093260765076,0.1902194768190384
1790107894948381200,53.51538110351562,1.2245910167694092,-0.33827391266822815,0.2175072878599167
1790107894958325200,53.5253251953125,1.2475202083587646,-0.7874759435653687,0.34535208344459534
1790107894968270000,53.53527001953125,1.4229930639266968,-0.6742889285087585,0.5128156542778015
1790107894978214100,53.54521411132812,1.5371863842010498,-0.5806798934936523,0.5421562194824219
1790107894988158200,53.555158203125,1.4310137033462524,-0.9167708158493042,0.37416160106658936
1790107894998103000,53.56510302734375,1.1949199438095093,-1.0324276685714722,0.20053470134735107
1790107895008047000,53.57504711914063,0.8796610236167908,-0.8091029524803162,0.07590701431035995
1790107895017991200,53.5849912109375,0.5564861297607422,-0.4004318416118622,0.011006046086549759
1790107895027936300,53.594936279296874,0.2741180956363678,-0.07492590695619583,-0.004509264137595892
1790107895037880000,53.60488012695313,0.04819709062576294,-0.005617405753582716,-0.012885970994830132
1790107895047824100,53.61482421875,-0.1407797485589981,-0.05951366201043129,-0.0598691925406456
1790107895057769000,53.62476904296875,-0.32711341977119446,-0.19117288291454315,-0.12544474005699158
1790107895067713000,53.634713134765626,-0.48291099071502686,-0.1374710500240326,-0.1537453532218933
1790107895077658000,53.644658203125,-0.6560732126235962,-0.25167137384414673,-0.19126982986927032
1790107895087602200,53.65460229492187,-0.8089442253112793,-0.3386203944683075,-0.22278647124767303
1790107895097546000,53.6645458984375,-0.9238551259040833,-0.24323582649230957,-0.2268640398979187
1790107895107491000,53.674490966796874,-1.007858157157898,-0.16716209053993225,-0.2603341042995453
1790107895117435100,53.68443505859375,-1.0515867471694946,-0.13221076130867004,-0.3030988872051239
1790107895127379200,53.694379150390624,-1.057929515838623,-0.1255565881729126,-0.33331164717674255
1790107895137324000,53.70432397460937,-1.0187033414840698,-0.10465477406978607,-0.33117711544036865
1790107895147268000,53.71426806640625,-0.9523684978485107,0.06604426354169846,-0.28267350792884827
1790107895157213200,53.72421313476563,-0.8933773636817932,0.320539653301239,-0.220733180642128
1790107895167157200,53.7341572265625,-0.8525556325912476,0.3818168640136719,-0.2001384198665619
1790107895177101000,53.74410107421875,-0.8209612369537354,0.24359720945358276,-0.22479422390460968
1790107895187046100,53.754046142578126,-0.7853425145149231,0.04829802364110947,-0.2504844069480896
1790107895196990000,53.76398999023438,-0.7773599624633789,-0.061110492795705795,-0.26171043515205383
1790107895206934300,53.773934326171876,-0.7639636993408203,0.04905356094241142,-0.26168540120124817
1790107895216879000,53.783879150390625,-0.7514950633049011,0.15684953331947327,-0.2866040766239166
1790107895226823200,53.7938232421875,-0.757413923740387,0.17114165425300598,-0.3031476140022278
1790107895236768300,53.80376831054687,-0.7763082385063171,0.22495216131210327,-0.27437058091163635
1790107895246712300,53.81371240234375,-0.8103602528572083,0.33940044045448303,-0.2410392463207245
1790107895256656100,53.82365625,-0.9032036066055298,0.3660951554775238,-0.24464170634746552
1790107895266601000,53.83360107421875,-1.0487781763076782,0.3301510214805603,-0.24709394574165344
1790107895276545000,53.843544921875,-1.2337080240249634,0.2838578224182129,-0.18206433951854706
1790107895286489000,53.853489013671876,-1.3689439296722412,0.20611535012722015,-0.1474408507347107
1790107895296434200,53.86343408203125,-1.3803739547729492,0.019237875938415527,-0.15127207338809967
1790107895306378200,53.87337817382812,-1.3532235622406006,-0.1287292093038559,-0.10974833369255066
1790107895316322000,53.883322021484375,-1.3611674308776855,-0.16860312223434448,-0.060620203614234924
1790107895326267100,53.89326708984375,-1.401940941810608,-0.13502493500709534,-0.07975555211305618
1790107895336211200,53.90321118164063,-1.410750150680542,-0.018862636759877205,-0.16068261861801147
1790107895346156000,53.91315600585938,-1.3594087362289429,0.11709652841091156,-0.20125721395015717
1790107895356100000,53.92310009765625,-1.328249454498291,0.10723963379859924,-0.23638004064559937
1790107895366044200,53.93304418945313,-1.2767298221588135,-0.043836429715156555,-0.20002949237823486
1790107895375989200,53.9429892578125,-1.2856394052505493,-0.26527801156044006,-0.15189552307128906
1790107895385933000,53.95293310546875,-1.378469467163086,-0.5324236750602722,-0.1577076017856598
1790107895395877000,53.96287719726563,-1.493910551071167,-0.7564863562583923,-0.2065505087375641
1790107895405822000,53.972822021484376,-1.5775163173675537,-0.8632713556289673,-0.21585986018180847
1790107895415766300,53.98276635742187,-1.583642840385437,-0.8747522830963135,-0.1671503782272339
1790107895425711000,53.99271118164062,-1.5229406356811523,-0.840867280960083,-0.08602196723222733
1790107895435655200,54.0026552734375,-1.4642773866653442,-0.8968029618263245,-0.03220374137163162
1790107895445599000,54.01259887695313,-1.4099352359771729,-0.889954149723053,-0.01715768128633499
1790107895455544300,54.02254443359375,-1.365674376487732,-0.8281735777854919,-0.04440182074904442
1790107895465488100,54.032488037109374,-1.3570584058761597,-0.7719337344169617,-0.10447181761264801
1790107895475432200,54.04243212890625,-1.345354676246643,-0.6932080388069153,-0.13470987975597382
1790107895485377000,54.052376953125,-1.274151086807251,-0.6089179515838623,-0.1436847299337387
1790107895495321000,54.06232104492187,-1.1686019897460938,-0.5568933486938477,-0.09045612812042236
1790107895505266200,54.07226611328125,-1.117614507675171,-0.497320294380188,-0.027887023985385895
1790107895515210200,54.08221020507813,-1.136215090751648,-0.3143038749694824,-0.01948448456823826
1790107895525154000,54.09215405273437,-1.1970373392105103,-0.05031696707010269,0.06545437127351761
1790107895535099100,54.10209912109375,-1.2201699018478394,0.23165905475616455,0.2937639653682709
1790107895545043200,54.112043212890626,-1.1814895868301392,0.505171537399292,0.5820778012275696
1790107895554987300,54.1219873046875,-1.0542293787002563,0.6099805235862732,0.7997720241546631
1790107895564932000,54.13193212890625,-0.9291348457336426,0.6946395039558411,0.9037687182426453
1790107895574876200,54.141876220703125,-0.8250294327735901,0.6235493421554565,0.8540147542953491
1790107895584821200,54.1518212890625,-0.7529430389404297,0.38876771926879883,0.7085462808609009
1790107895594765300,54.16176538085937,-0.6652288436889648,0.08513886481523514,0.6156711578369141
1790107895604709000,54.171709228515624,-0.5729141235351562,-0.06548953056335449,0.5925142168998718
1790107895614654000,54.18165405273437,-0.44519877433776855,-0.02576075680553913,0.6195210218429565
1790107895624598000,54.191597900390626,-0.30885425209999084,0.043404996395111084,0.6612873673439026
1790107895634542300,54.20154223632812,-0.1552891880273819,0.0854770839214325,0.6630328297615051
1790107895644487200,54.21148706054687,-0.008803611621260643,0.19655753672122955,0.581299901008606
1790107895654431200,54.22143115234375,0.12584155797958374,0.33982759714126587,0.5278710126876831
1790107895664375800,54.231375732421874,0.26153308153152466,0.4651365280151367,0.558514416217804
1790107895674320600,54.24132055664062,0.39761313796043396,0.6572897434234619,0.5784239172935486
1790107895684264700,54.2512646484375,0.530494749546051,0.8115932941436768,0.5564605593681335
1790107895694209500,54.26120947265625,0.6519311666488647,0.8705447316169739,0.4988960921764374
1790107895704153900,54.27115380859375,0.762414813041687,0.8375971913337708,0.44109058380126953
1790107895714097700,54.28109765625,0.8855066299438477,0.8473874926567078,0.393500417470932
1790107895724042800,54.291042724609376,1.0363502502441406,0.9161537885665894,0.3609669804573059
1790107895733986600,54.30098657226562,1.1957148313522339,0.9511602520942688,0.3643729090690613
1790107895743930600,54.3109306640625,1.3272424936294556,0.9122653007507324,0.3872124254703522
1790107895753875700,54.320875732421875,1.4405722618103027,0.7997992038726807,0.4096554219722748
1790107895763819800,54.33081982421875,1.5365443229675293,0.6721051335334778,0.3877865970134735
1790107895773764600,54.3407646484375,1.6086598634719849,0.5795131921768188,0.34424206614494324
1790107895783708700,54.350708740234374,1.6834520101547241,0.47517159581184387,0.3374107778072357
1790107895793652700,54.36065283203125,1.7601603269577026,0.3292146325111389,0.39013606309890747
1790107895803597600,54.37059765625,1.827343463897705,0.1417882889509201,0.4416237473487854
1790107895813541600,54.38054174804687,1.8964468240737915,-0.006875482853502035,0.48025235533714294
1790107895823485700,54.390485595703126,1.959633231163025,-0.1638118326663971,0.5297325849533081
1790107895833430800,54.4004306640625,2.016472101211548,-0.3247341513633728,0.5785394906997681
1790107895843374800,54.41037475585937,2.092568874359131,-0.534304678440094,0.6246502995491028
1790107895853319700,54.42031958007812,2.1569995880126953,-0.6690318584442139,0.6906269192695618
1790107895863263500,54.430263427734374,2.210904121398926,-0.7848879098892212,0.7962439060211182
1790107895873207600,54.44020751953125,2.275418758392334,-0.8916438817977905,0.9330014586448669
1790107895883152600,54.45015258789063,2.3441531658172607,-0.9418966770172119,1.0699456930160522
1790107895893096700,54.4600966796875,2.35876727104187,-0.9690673351287842,1.1451072692871094
1790107895903040800,54.47004077148438,2.315107583999634,-1.145333170890808,1.0800644159317017
1790107895912985600,54.47998559570313,2.1703193187713623,-1.3380261659622192,0.9504318237304688
1790107895922929700,54.4899296875,1.9312986135482788,-1.4226605892181396,0.7451058626174927
1790107895932874800,54.49987475585937,1.623464822769165,-1.4395397901535034,0.5750835537910461
1790107895942818600,54.509818603515626,1.451544165611267,-1.2873443365097046,0.7083808779716492
1790107895952762600,54.5197626953125,1.3458752632141113,-1.0056772232055664,1.0220279693603516
1790107895962707700,54.52970776367187,1.2272770404815674,-0.7315607666969299,1.3533180952072144
1790107895972651800,54.53965185546875,1.1477090120315552,-0.459474116563797,1.7119579315185547
1790107895982595600,54.549595703125,1.0633344650268555,-0.08747578412294388,2.0073251724243164
1790107895992540700,54.55954077148437,0.923882246017456,0.38675063848495483,2.1512115001678467
1790107896002484500,54.569484375,0.7730437517166138,1.0509326457977295,1.903332233428955
1790107896012428800,54.5794287109375,0.6593576669692993,1.6223002672195435,0.7382769584655762
1790107896022373600,54.58937353515625,0.352778822183609,0.4824012815952301,-0.18065287172794342
1790107896032317700,54.59931762695312,0.06065935268998146,-0.817779541015625,-0.2953232526779175
1790107896042262500,54.60926245117187,0.053404636681079865,-1.1574805974960327,-0.05997758358716965
1790107896052206800,54.61920678710938,0.2367883026599884,-0.5672165751457214,0.13487765192985535
1790107896062150700,54.62915063476562,0.4956132173538208,-0.1478472501039505,-0.024765800684690475
1790107896072095700,54.639095703125,0.39656466245651245,-0.07289498299360275,-0.32244277000427246
1790107896082039600,54.64903955078125,0.1528819501399994,0.07408194988965988,-0.4802662134170532
1790107896091983600,54.65898364257812,0.014966699294745922,0.1640392690896988,-0.5309877395629883
1790107896101928700,54.6689287109375,-0.10925857722759247,0.23900166153907776,-0.5100416541099548
1790107896111872800,54.678872802734375,-0.23897023499011993,0.44833385944366455,-0.42885708808898926
1790107896121816600,54.68881665039063,-0.38914987444877625,0.28937721252441406,-0.33550530672073364
1790107896131761700,54.69876171875,-0.46446701884269714,-0.060748301446437836,-0.2855939269065857
1790107896141705700,54.708705810546874,-0.552761971950531,-0.0893850028514862,-0.22260937094688416
1790107896151650600,54.71865063476562,-0.6212230920791626,0.15930336713790894,-0.16162697970867157
1790107896161594600,54.7285947265625,-0.6997309327125549,0.35461854934692383,-0.12700454890727997
1790107896171538700,54.73853857421875,-0.7575814127922058,0.48458346724510193,-0.09255363792181015
1790107896181483800,54.74848388671875,-0.7840977311134338,0.5603607892990112,-0.05348346382379532
1790107896191427600,54.758427490234375,-0.7771176099777222,0.6986337304115295,-0.026041720062494278
1790107896201371600,54.76837158203125,-0.7606201171875,0.7938768863677979,-0.03454386070370674
1790107896211316500,54.77831640625,-0.7138922810554504,0.8171579241752625,-0.05727021396160126
1790107896221260800,54.7882607421875,-0.6655042171478271,0.871051549911499,-0.07641062140464783
1790107896231205600,54.79820556640625,-0.6273017525672913,0.644431471824646,-0.0570872537791729
1790107896241149700,54.80814965820313,-0.5807145237922668,0.19826622307300568,-0.0013334447285160422
1790107896251093500,54.81809350585937,-0.5560166239738464,-0.05733359605073929,0.06548047065734863
1790107896261038800,54.828038818359374,-0.5498663187026978,-0.10540365427732468,0.09185881912708282
1790107896270982700,54.83798266601563,-0.5517745018005371,-0.1818172037601471,0.06143619492650032
1790107896280926700,54.8479267578125,-0.6007705330848694,-0.4037187099456787,-0.02123764343559742
1790107896290871600,54.85787158203125,-0.7062016129493713,-0.5082006454467773,-0.12505298852920532
1790107896300815600,54.867815673828126,-0.8693532347679138,-0.4332113564014435,-0.23646526038646698
1790107896310759700,54.877759765625,-0.9952616691589355,-0.3061673939228058,-0.33629971742630005
1790107896320704800,54.88770483398437,-1.0724596977233887,-0.20360799133777618,-0.42661044001579285
1790107896330648600,54.897648681640625,-1.1155675649642944,-0.0573573000729084,-0.5120009779930115
1790107896340593700,54.90759375,-1.1190701723098755,0.11180242896080017,-0.5793789625167847
1790107896350537700,54.91753784179687,-1.118378758430481,0.18948045372962952,-0.5967028141021729
1790107896360481800,54.927481689453124,-1.1839641332626343,0.13263660669326782,-0.5715838670730591
1790107896370426600,54.93742651367187,-1.2845169305801392,0.07685030996799469,-0.5347992181777954
1790107896380370700,54.94737060546875,-1.3568334579467773,0.04420660808682442,-0.5232523083686829
1790107896390314500,54.957314453125,-1.3869603872299194,-0.019770774990320206,-0.5700879693031311
1790107896400259800,54.967259765625,-1.377138376235962,-0.007269097957760096,-0.6673988103866577
1790107896410203600,54.97720361328125,-1.2576322555541992,0.05997838079929352,-0.775428056716919
1790107896420148700,54.987148681640626,-1.0972540378570557,0.005880525801330805,-0.8805978894233704
1790107896430092500,54.99709252929687,-0.9804491400718689,-0.10830170661211014,-0.9850747585296631
1790107896440036900,55.007036865234376,-0.9296131134033203,-0.09086119383573532,-1.092430830001831
1790107896449981700,55.016981689453125,-0.8813262581825256,0.07006324082612991,-1.1881541013717651
1790107896459925800,55.02692578125,-0.7916022539138794,0.3316921889781952,-1.268856167793274
1790107896469869600,55.03686962890625,-0.6541991233825684,0.7227126955986023,-1.296505093574524
1790107896479814700,55.046814697265624,-0.46745747327804565,1.2322068214416504,-1.1867821216583252
1790107896489758700,55.0567587890625,-0.20782722532749176,1.626747727394104,-0.9078543186187744
1790107896499702800,55.066702880859374,-0.042632680386304855,1.3895615339279175,-0.5619637370109558
1790107896509647600,55.07664770507812,-0.24899864196777344,0.8656863570213318,-0.34783095121383667
1790107896519591700,55.086591796875,-0.7557827234268188,0.6116764545440674,-0.48975107073783875
1790107896529536800,55.09653686523438,-1.1575366258621216,0.6071844696998596,-0.8305320739746094
1790107896539480600,55.10648046875,-1.2840862274169922,0.5873503088951111,-0.9382308721542358
1790107896549424600,55.116424560546875,-1.2555440664291382,0.475951611995697,-0.8318146467208862
1790107896559369500,55.126369384765624,-1.0832306146621704,0.38914933800697327,-0.6648133993148804
1790107896569313800,55.13631372070312,-0.9060614705085754,0.3473675549030304,-0.5128111243247986
1790107896579257600,55.146257568359374,-0.7653006315231323,0.26044997572898865,-0.4356265664100647
1790107896589202700,55.15620263671875,-0.6514614224433899,0.0950455591082573,-0.3930908441543579
1790107896599146500,55.166146484375,-0.5740289092063904,-0.10946124792098999,-0.3656110167503357
1790107896609091800,55.176091796875,-0.5402219295501709,-0.3376624584197998,-0.31178346276283264
1790107896619035600,55.18603564453125,-0.5210424065589905,-0.39631298184394836,-0.265694260597229
1790107896628979700,55.19597973632813,-0.5555609464645386,-0.2975057065486908,-0.26959073543548584
1790107896638924500,55.205924560546876,-0.5999446511268616,-0.31637659668922424,-0.3086390495300293
1790107896648868600,55.21586865234375,-0.60692298412323,-0.5647427439689636,-0.3539407551288605
1790107896658812700,55.225812744140626,-0.6192358136177063,-0.8282548189163208,-0.34703758358955383
1790107896668757500,55.235757568359375,-0.6756532788276672,-0.9968156218528748,-0.27986466884613037
1790107896678701300,55.24570141601563,-0.7566272020339966,-1.0106052160263062,-0.19210845232009888
1790107896688645400,55.25564526367187,-0.8036844730377197,-0.9077512621879578,-0.1503266543149948
1790107896698590500,55.265590576171874,-0.7938315868377686,-0.7382564544677734,-0.19854557514190674
1790107896708534500,55.27553442382813,-0.7831107974052429,-0.42571189999580383,-0.3172250986099243
1790107896718479400,55.285479248046876,-0.8021393418312073,-0.003982224967330694,-0.4214164912700653
1790107896728423400,55.29542333984375,-0.7958518862724304,0.36800599098205566,-0.43307074904441833
1790107896738367200,55.3053671875,-0.6281712651252747,0.6117693781852722,-0.4848356544971466
1790107896748312600,55.3153125,-0.2570544183254242,0.6331034302711487,-0.5414480566978455
1790107896758256400,55.32525634765625,0.1797197014093399,0.6390036344528198,-0.40726152062416077
1790107896768200400,55.335200439453125,0.4846058189868927,0.7488039135932922,0.0840911716222763
1790107896778145300,55.345145263671874,0.6414753198623657,1.1042674779891968,0.7492142915725708
1790107896788089600,55.35508959960937,0.9491591453552246,1.3698618412017822,1.3140369653701782
1790107896798034400,55.36503442382813,1.4157953262329102,1.5307320356369019,1.566892385482788
1790107896807978500,55.374978515625,1.079450011253357,2.3367559909820557,1.269238829612732
1790107896817922300,55.38492236328125,0.5125524997711182,2.9100568294525146,0.54648756980896
1790107896827867400,55.39486743164063,0.7250804901123047,2.2748844623565674,0.3043636381626129
1790107896837811500,55.4048115234375,1.105240821838379,1.0180041790008545,0.34672385454177856
1790107896847755500,55.41475561523438,1.4039438962936401,-0.0560092069208622,0.2265188992023468
1790107896857700400,55.424700439453126,1.5170936584472656,-0.5961824059486389,0.06215551495552063
1790107896867644400,55.43464453125,1.5921835899353027,-0.6979026794433594,-0.06994260102510452
1790107896877588500,55.44458837890625,1.7499215602874756,-0.4217546880245209,-0.1794286072254181
1790107896887533300,55.454533203125,1.996506929397583,0.000975782226305455,-0.21495811641216278
1790107896897477400,55.46447729492188,2.2889440059661865,0.27093854546546936,-0.1630011647939682
1790107896907422200,55.47442211914063,2.5945992469787598,0.33800387382507324,-0.07018174976110458
1790107896917366500,55.484366455078124,2.796091318130493,0.5482905507087708,0.04080788418650627
1790107896927310600,55.494310546875,2.872987985610962,0.6814669370651245,0.07690463215112686
1790107896937255400,55.50425537109375,2.6427083015441895,0.646002471446991,0.09366098046302795
1790107896947199200,55.51419921875,2.295623540878296,0.5122870206832886,0.042402319610118866
1790107896957143300,55.524143310546876,1.984431266784668,0.2358330339193344,-0.09559842944145203
1790107896967088400,55.53408837890625,1.7650099992752075,-0.11349619925022125,-0.25854766368865967
1790107896977032400,55.54403247070312,1.6068390607833862,-0.4383821487426758,-0.4173746109008789
1790107896986977300,55.55397729492187,1.4591253995895386,-0.8885085582733154,-0.4483727216720581
1790107896996921600,55.563921630859376,1.3435964584350586,-1.277972936630249,-0.3191918432712555
1790107897006865400,55.57386547851563,1.247254490852356,-1.4858415126800537,-0.16613037884235382
1790107897016810500,55.583810546875,1.1605595350265503,-1.441017508506775,-0.07240255922079086
1790107897026754300,55.59375439453125,1.028268814086914,-1.0702123641967773,-0.010971425101161003
1790107897036698400,55.60369848632813,0.9063900709152222,-0.5827422738075256,0.04398556798696518
1790107897046643500,55.6136435546875,0.8323616981506348,0.0400795079767704,0.12054052948951721
1790107897056587500,55.62358740234375,0.8457847833633423,0.6658347249031067,0.26099058985710144
1790107897066531300,55.63353125,0.96476149559021,1.2367775440216064,0.4176822006702423
1790107897076476400,55.643476318359376,1.057268500328064,1.488968014717102,0.5352940559387207
1790107897086420500,55.65342041015625,1.1137288808822632,1.0104185342788696,0.4841967821121216
1790107897096365600,55.66336547851562,1.1790910959243774,0.046600259840488434,0.3387351930141449
1790107897106309400,55.673309326171875,1.154679298400879,-0.8759434819221497,0.3495537340641022
1790107897116253400,55.68325341796875,1.1150809526443481,-1.2885081768035889,0.5856539011001587
1790107897126198500,55.69319848632812,1.0766830444335938,-1.096551775932312,0.7107731699943542
1790107897136142600,55.703142578125,0.9724593758583069,-0.7855992317199707,0.687091052532196
1790107897146086400,55.71308642578125,0.8729618191719055,-0.40025579929351807,0.48473048210144043
1790107897156031500,55.72303149414063,0.7804348468780518,-0.2829190492630005,0.367010235786438
1790107897165975300,55.73297534179687,0.5159522891044617,-0.3849029541015625,0.26266491413116455
1790107897175919600,55.74291967773438,0.2697603702545166,-0.38033294677734375,0.19069404900074005
1790107897185864400,55.75286450195313,0.09824028611183167,-0.1929103285074234,0.19799616932868958
1790107897195808500,55.76280859375,-0.04328542202711105,-0.03666560351848602,0.23401515185832977
1790107897205753300,55.77275341796875,-0.20465034246444702,-0.02195882797241211,0.23454272747039795
1790107897215697400,55.782697509765626,-0.36322933435440063,-0.07676108926534653,0.17137201130390167
1790107897225641500,55.79264135742188,-0.5201952457427979,-0.13594798743724823,0.061576277017593384
1790107897235586300,55.80258642578125,-0.6809569597244263,-0.17134511470794678,-0.06813298165798187
1790107897245530400,55.8125302734375,-0.8275426626205444,-0.05058781057596207,-0.1474464386701584
1790107897255474400,55.82247436523438,-0.9615111351013184,0.09455606341362,-0.2058921754360199
1790107897265419500,55.83241943359375,-1.0782252550125122,0.08861321955919266,-0.2657081186771393
1790107897275363300,55.84236328125,-1.1418946981430054,0.0011912320042029023,-0.28508445620536804
1790107897285307400,55.85230737304688,-1.1253447532653809,0.1037122830748558,-0.22178378701210022
1790107897295252200,55.862252197265626,-1.084751844406128,0.23887009918689728,-0.14786934852600098
1790107897305196500,55.87219653320312,-1.0462849140167236,0.1730668544769287,-0.12228250503540039
1790107897315141400,55.88214135742187,-1.0085252523422241,0.026267023757100105,-0.11827098578214645
1790107897325085400,55.89208544921875,-0.9496248960494995,-0.04123532027006149,-0.12331261485815048
1790107897335029200,55.902029296875,-0.9040632843971252,-0.020368121564388275,-0.1876993328332901
1790107897344974600,55.911974609375,-0.8933374285697937,0.024152208119630814,-0.318972647190094
1790107897354918400,55.92191845703125,-0.9189213514328003,0.05482516437768936,-0.45882856845855713
1790107897364862500,55.93186254882813,-0.9560660123825073,0.08770907670259476,-0.5483115911483765
1790107897374807300,55.94180737304688,-0.9900460839271545,0.2217385172843933,-0.5630617737770081
1790107897384751400,55.95175146484375,-1.0296661853790283,0.3436761498451233,-0.5628878474235535
1790107897394696400,55.961696533203124,-1.0619679689407349,0.4367019534111023,-0.5669297575950623
1790107897404640500,55.971640625,-1.0904874801635742,0.5513667464256287,-0.5978913903236389
1790107897414584300,55.98158422851562,-1.1406902074813843,0.6577661633491516,-0.6824073195457458
1790107897424529400,55.991529296875,-1.1294324398040771,0.7666345834732056,-0.7597977519035339
1790107897434473500,56.001473388671876,-1.0098824501037598,0.8621810674667358,-0.8137975931167603
1790107897444417500,56.01141748046875,-0.8488916158676147,0.8342314958572388,-0.8362538814544678
1790107897454362400,56.0213623046875,-0.7312334775924683,0.740517795085907,-0.8544890880584717
1790107897464306400,56.031306396484375,-0.7203363180160522,0.6406950354576111,-0.8613304495811462
1790107897474250200,56.04125024414063,-0.8624426126480103,0.5472537875175476,-0.8831745386123657
1790107897484195600,56.05119555664062,-1.1360608339309692,0.49242886900901794,-0.9737867116928101
1790107897494139400,56.061139404296874,-1.4040895700454712,0.5278922915458679,-1.094085931777954
1790107897504084200,56.07108422851562,-1.5932537317276,0.6331756114959717,-1.1665582656860352
1790107897514028300,56.0810283203125,-1.7327766418457031,0.8065609931945801,-1.1525343656539917
1790107897523972600,56.09097265625,-1.7720767259597778,0.9748938083648682,-1.0812127590179443
1790107897533917400,56.10091748046875,-1.733232855796814,1.0635403394699097,-0.9862457513809204
1790107897543861500,56.11086157226563,-1.6275701522827148,0.9876164793968201,-0.9371706247329712
1790107897553805300,56.12080541992187,-1.525133728981018,0.7752230167388916,-0.8875455856323242
1790107897563750400,56.13075048828125,-1.4711874723434448,0.5337566137313843,-0.8682733178138733
1790107897573694500,56.140694580078126,-1.4742900133132935,0.2844562232494354,-0.9479878544807434
1790107897583639300,56.150639404296875,-1.5047110319137573,0.03431190177798271,-1.0692607164382935
1790107897593583400,56.16058325195313,-1.5007202625274658,-0.26736778020858765,-1.1527316570281982
1790107897603527400,56.17052734375,-1.4440394639968872,-0.5398173928260803,-1.1650745868682861
1790107897613472500,56.180472412109374,-1.435979962348938,-0.5937991738319397,-1.1488722562789917
1790107897623416300,56.19041625976563,-1.4162274599075317,-0.5887093544006348,-1.1190658807754517
1790107897633360400,56.2003603515625,-1.388103723526001,-0.5909637212753296,-1.069959044456482
1790107897643305200,56.21030517578125,-1.346939206123352,-0.6313036680221558,-1.045730710029602
1790107897653249500,56.22024951171875,-1.2826814651489258,-0.6986110806465149,-1.0375726222991943
1790107897663193300,56.230193359375,-1.2438040971755981,-0.8143224716186523,-1.0472619533538818
1790107897673138400,56.24013842773437,-1.2393683195114136,-1.0060442686080933,-1.0664868354797363
1790107897683082200,56.250082275390625,-1.252624750137329,-1.1866919994354248,-1.0797398090362549
1790107897693027600,56.260027587890626,-1.271905541419983,-1.2741957902908325,-1.0604579448699951
1790107897702971400,56.26997143554688,-1.2335608005523682,-1.2831599712371826,-0.9834632873535156
1790107897712915500,56.27991552734375,-1.1378436088562012,-1.2377277612686157,-0.8312138319015503
1790107897722860300,56.2898603515625,-1.0178543329238892,-1.1908111572265625,-0.6201722025871277
1790107897732804400,56.29980444335938,-0.8455576300621033,-1.1627097129821777,-0.3565823435783386
1790107897742748200,56.309748046875,-0.673724889755249,-1.025725245475769,-0.09510228037834167
1790107897752693500,56.319693603515624,-0.5708799958229065,-0.727753221988678,0.10155698657035828
1790107897762637300,56.32963720703125,-0.4637546241283417,-0.3104337751865387,0.2299807369709015
1790107897772581400,56.33958129882812,-0.2610635459423065,0.1079815924167633,0.32404011487960815
1790107897782526500,56.3495263671875,-0.10418472439050674,0.3569733202457428,0.40644100308418274
1790107897792470500,56.359470458984376,-0.031670309603214264,0.5003360509872437,0.5015701651573181
1790107897802415400,56.369415283203125,0.05608244240283966,0.4925074279308319,0.6037079691886902
1790107897812359400,56.379359375,0.15474669635295868,0.439713716506958,0.6822568774223328
1790107897822303200,56.38930322265625,0.26528599858283997,0.36937376856803894,0.7482872605323792
1790107897832248600,56.39924853515625,0.4130176603794098,0.43464574217796326,0.7622406482696533
1790107897842192400,56.4091923828125,0.5838048458099365,0.6521913409233093,0.7859693765640259
1790107897852136400,56.419136474609374,0.705114483833313,0.8370184898376465,0.8554805517196655
1790107897862081300,56.42908129882812,0.7797373533248901,0.8574792742729187,0.958775520324707
1790107897872025600,56.43902563476563,0.8486104011535645,0.7735872864723206,1.0393414497375488
1790107897881969400,56.44896948242187,0.928515613079071,0.7109958529472351,1.0513139963150024
1790107897891914200,56.45891430664062,0.9994508028030396,0.6529335975646973,1.0317286252975464
1790107897901858300,56.4688583984375,1.0732102394104004,0.6103640198707581,1.0107439756393433
1790107897911803400,56.478803466796876,1.153475284576416,0.6168988943099976,1.002255916595459
1790107897921747500,56.48874755859375,1.222830057144165,0.6189830899238586,0.9948568344116211
1790107897931691500,56.49869140625,1.2785687446594238,0.5835648775100708,0.9568710923194885
1790107897941636400,56.50863623046875,1.3340098857879639,0.5275754332542419,0.8648163080215454
1790107897951580200,56.518580078125,1.380943775177002,0.5130835175514221,0.7323392033576965
1790107897961524500,56.5285244140625,1.444592833518982,0.5169054269790649,0.6166163086891174
1790107897971469300,56.53846923828125,1.533280372619629,0.5257300734519958,0.5058724880218506
1790107897981413400,56.54841333007813,1.622330904006958,0.5246379375457764,0.3975348472595215
1790107897991357400,56.558357421875,1.6989015340805054,0.45821043848991394,0.3144218623638153
1790107898001302500,56.56830249023437,1.771176815032959,0.3326152265071869,0.21219561994075775
1790107898011246300,56.578246337890626,1.8359342813491821,0.26620957255363464,0.1271049529314041
1790107898021191400,56.58819140625,1.8821043968200684,0.1679876744747162,0.06060395762324333
1790107898031135200,56.59813525390625,1.9305793046951294,0.009942911565303802,0.017039703205227852
1790107898041079300,56.608079345703125,2.004743814468384,-0.12895451486110687,-0.025302426889538765
1790107898051024400,56.6180244140625,2.095507860183716,-0.26868578791618347,-0.09721416980028152
1790107898060968400,56.62796850585938,2.1409380435943604,-0.42189958691596985,-0.16343845427036285
1790107898070912300,56.637912353515624,2.1265604496002197,-0.5081556439399719,-0.2351323515176773
1790107898080857300,56.647857421875,2.0380077362060547,-0.6588471531867981,-0.302866667509079
1790107898090801400,56.65780151367188,1.8595378398895264,-0.9449974298477173,-0.3179475963115692
1790107898100745500,56.66774536132812,1.6663761138916016,-1.0556118488311768,-0.2662849426269531
1790107898110690300,56.67769018554687,1.6109544038772583,-0.7690420746803284,-0.1507146805524826
1790107898120634400,56.68763427734375,1.6631361246109009,-0.34274935722351074,0.016102537512779236
1790107898130579500,56.697579345703126,1.6886465549468994,0.0904068648815155,0.07162491977214813
1790107898140523500,56.7075234375,1.6645078659057617,0.38098275661468506,0.03151984140276909
1790107898150467300,56.71746728515625,1.5855907201766968,0.3964184522628784,-0.012540825642645359
1790107898160412400,56.727412353515625,1.387819528579712,0.10543587803840637,-0.13313834369182587
1790107898170356200,56.73735620117188,1.1957811117172241,-0.3226901590824127,-0.09901978820562363
1790107898180300500,56.747300537109375,1.1406196355819702,-0.43906497955322266,0.0997910425066948
1790107898190245400,56.757245361328124,1.2058441638946533,-0.466314435005188,0.2290656715631485
1790107898200189400,56.767189453125,1.3388725519180298,-0.6202970743179321,0.263118177652359
1790107898210133200,56.77713330078125,1.2715978622436523,-0.763015627861023,0.23725250363349915
1790107898220078600,56.78707861328125,1.0974657535552979,-0.7668633460998535,0.1805921494960785
1790107898230022400,56.7970224609375,0.9614253640174866,-0.5278782248497009,0.12430277466773987
1790107898239967200,56.80696728515625,0.8247836232185364,-0.29762157797813416,0.07333626598119736
1790107898249911300,56.81691137695312,0.7363472580909729,-0.025522403419017792,0.021154021844267845
1790107898259855400,56.82685546875,0.6082308292388916,0.13563185930252075,-0.048703089356422424
1790107898269800400,56.836800537109376,0.44146236777305603,0.046577088534832,-0.1332041323184967
1790107898279744500,56.84674462890625,0.26310381293296814,-0.13054975867271423,-0.16351595520973206
1790107898289688300,56.856688232421874,0.09118956327438354,-0.2820623219013214,-0.14545227587223053
1790107898299633200,56.86663305664062,-0.06417738646268845,-0.3370547294616699,-0.10738211870193481
1790107898309577500,56.87657739257813,-0.2173248678445816,-0.3492453396320343,-0.07191120833158493
1790107898319521500,56.886521484375,-0.36563605070114136,-0.23963096737861633,-0.050571296364068985
1790107898329466400,56.89646630859375,-0.5183576941490173,-0.08564352989196777,-0.03885765001177788
1790107898339410400,56.90641040039063,-0.6773073673248291,0.005629656370729208,-0.049789126962423325
1790107898349355500,56.91635546875,-0.852001965045929,-0.08878286927938461,-0.07564735412597656
1790107898359299300,56.92629931640625,-1.0022028684616089,-0.045641787350177765,-0.07857044041156769
1790107898369243400,56.936243408203126,-1.1143486499786377,0.19495777785778046,-0.0809774100780487
1790107898379188200,56.946188232421875,-1.2168859243392944,0.2163195163011551,-0.14051343500614166
1790107898389132300,56.95613232421875,-1.3103597164154053,-0.07591154426336288,-0.23980087041854858
1790107898399076400,56.966076416015625,-1.3531450033187866,-0.1350984275341034,-0.23175840079784393
1790107898409021400,56.976021484375,-1.3502130508422852,0.04646443575620651,-0.1543315201997757
1790107898418965200,56.98596533203125,-1.362036943435669,0.10985086858272552,-0.12182869762182236
1790107898428909300,56.995909423828124,-1.4131264686584473,-0.10114526003599167,-0.148446723818779
1790107898438854400,57.0058544921875,-1.4464071989059448,-0.26691532135009766,-0.16856718063354492
1790107898448798500,57.01579858398438,-1.4364720582962036,-0.25360777974128723,-0.1751587688922882
1790107898458743300,57.02574340820313,-1.4123073816299438,-0.25160959362983704,-0.2206871062517166
1790107898468687400,57.03568725585937,-1.3897786140441895,-0.337799608707428,-0.29758429527282715
1790107898478631400,57.04563134765625,-1.3493802547454834,-0.45247533917427063,-0.3293270170688629
1790107898488576500,57.055576416015626,-1.3027420043945312,-0.4892391860485077,-0.3036070168018341
1790107898498520300,57.06552026367188,-1.2381861209869385,-0.47423869371414185,-0.23881471157073975
1790107898508464400,57.07546435546875,-1.1500693559646606,-0.4496539831161499,-0.19628003239631653
1790107898518409500,57.085409423828125,-1.0805038213729858,-0.46475064754486084,-0.18497437238693237
1790107898528353500,57.095353515625,-1.0425630807876587,-0.47882944345474243,-0.180985227227211
1790107898538297300,57.10529736328125,-1.0345379114151,-0.4496696889400482,-0.17193953692913055
1790107898548242400,57.115242431640624,-1.0711162090301514,-0.40214210748672485,-0.17903579771518707
1790107898558186200,57.12518627929688,-1.1011582612991333,-0.3644879460334778,-0.23801229894161224
1790107898568130600,57.135130615234374,-1.1079487800598145,-0.35134124755859375,-0.34683120250701904
1790107898578075400,57.14507543945312,-1.098576307296753,-0.28057998418807983,-0.4532654881477356
1790107898588019500,57.15501953125,-1.0936931371688843,-0.12966611981391907,-0.5067558884620667
1790107898597964300,57.16496435546875,-1.0906076431274414,0.034863442182540894,-0.5042490363121033
1790107898607908600,57.17490869140625,-1.1022064685821533,0.1145356297492981,-0.4798182547092438
1790107898617852400,57.184852294921875,-1.1095634698867798,0.1413256973028183,-0.44422540068626404
1790107898627797200,57.19479736328125,-1.1232550144195557,0.15912173688411713,-0.3942418396472931
1790107898637741300,57.2047412109375,-1.1343129873275757,0.21534374356269836,-0.37545245885849
1790107898647685400,57.214685302734374,-1.1295273303985596,0.28560006618499756,-0.40747296810150146
1790107898657630500,57.22463037109375,-1.155664086341858,0.2767961919307709,-0.39017653465270996
1790107898667573800,57.23457373046875,-1.1930344104766846,0.2179909199476242,-0.3183065950870514
1790107898677517600,57.244517578125,-1.2404758930206299,0.030356574803590775,-0.23956651985645294
1790107898687463000,57.254462890625,-1.3191624879837036,-0.17650020122528076,-0.17537501454353333
1790107898697406700,57.26440673828125,-1.3856885433197021,-0.37701520323753357,-0.1253637820482254
1790107898707351800,57.274351806640624,-1.4519495964050293,-0.4593185782432556,-0.07379992306232452
1790107898717295600,57.284295654296876,-1.4851101636886597,-0.4283204674720764,-0.011842278763651848
1790107898727240000,57.294239990234374,-1.5070838928222656,-0.22640784084796906,0.025353826582431793
1790107898737184800,57.30418481445312,-1.4767299890518188,0.03373772278428078,0.09003029018640518
1790107898747128800,57.31412890625,-1.4132969379425049,0.1879211664199829,0.1517394632101059
1790107898757072600,57.32407275390625,-1.3250904083251953,0.26660478115081787,0.1753140240907669
1790107898767017700,57.33401782226562,-1.2285822629928589,0.27081260085105896,0.15717950463294983
1790107898776961800,57.3439619140625,-1.176936149597168,0.21227097511291504,0.15905863046646118
1790107898786905900,57.35390576171875,-1.093644380569458,0.044862546026706696,0.1539115309715271
1790107898796850700,57.3638505859375,-1.0118461847305298,-0.10660340636968613,0.17442746460437775
1790107898806794800,57.373794677734374,-0.9654347896575928,-0.14717400074005127,0.21848812699317932
1790107898816738800,57.38373876953125,-0.9170405864715576,-0.13475941121578217,0.24236203730106354
1790107898826683600,57.39368359375,-0.8607059717178345,-0.009110407903790474,0.2832348942756653
1790107898836627700,57.40362768554687,-0.7149301171302795,0.15380527079105377,0.3711032271385193
1790107898846572500,57.41357250976562,-0.5601746439933777,0.2706645131111145,0.4715254604816437
1790107898856516900,57.423516845703126,-0.46972063183784485,0.350687712430954,0.5282848477363586
1790107898866461000,57.4334609375,-0.3954884707927704,0.3835141062736511,0.4940027892589569
1790107898876405800,57.44340576171875,-0.30921056866645813,0.32405051589012146,0.441506564617157
1790107898886349600,57.453349609375,-0.2012295126914978,0.2784486711025238,0.42831698060035706
1790107898896293600,57.46329370117188,-0.0899282917380333,0.2482987642288208,0.477853387594223
1790107898906238700,57.47323876953125,0.044142961502075195,0.21560312807559967,0.4888237416744232
1790107898916182800,57.483182861328125,0.20135042071342468,0.19902494549751282,0.4247467517852783
1790107898926126600,57.49312670898438,0.3665119409561157,0.2270834892988205,0.3292516767978668
1790107898936072000,57.50307202148438,0.5451676845550537,0.3221234381198883,0.26530542969703674
1790107898946015700,57.513015625,0.7547129392623901,0.5320945382118225,0.23344764113426208
1790107898955960800,57.5229609375,0.9654754996299744,0.7579753398895264,0.2292552888393402
1790107898965904600,57.532904541015625,1.164848804473877,0.8761698603630066,0.2148638367652893
1790107898975848700,57.5428486328125,1.3056458234786987,0.8479174375534058,0.19868087768554688
1790107898985793800,57.55279370117187,1.4092713594436646,0.8692296743392944,0.16936133801937103
1790107898995737900,57.56273779296875,1.4804168939590454,0.9595651626586914,0.13642841577529907
1790107899005681700,57.572681640625,1.5203360319137573,1.0537917613983154,0.12417494505643845
1790107899015626800,57.58262670898438,1.5633569955825806,1.0294313430786133,0.13480255007743835
1790107899025570800,57.59257080078125,1.603007197380066,0.8105756640434265,0.1599036455154419
1790107899035515000,57.60251489257813,1.621512532234192,0.5227097868919373,0.17936602234840393
1790107899045459700,57.61245971679688,1.6471831798553467,0.4245523512363434,0.1771116554737091
1790107899055403800,57.62240380859375,1.6825313568115234,0.4856295585632324,0.1690361648797989
1790107899065348900,57.632348876953124,1.7344316244125366,0.4193413555622101,0.1649833619594574
1790107899075293000,57.64229296875,1.8003219366073608,0.2942984700202942,0.17806880176067352
1790107899085236700,57.65223681640625,1.8749319314956665,0.13673095405101776,0.20804055035114288
1790107899095181800,57.66218188476562,1.991292119026184,-0.07776723057031631,0.21410323679447174
1790107899105125600,57.672125732421875,2.0908024311065674,-0.18659305572509766,0.22912293672561646
1790107899115070000,57.68207006835937,2.158140182495117,-0.22523099184036255,0.2269684374332428
1790107899125014800,57.69201489257812,2.239302396774292,-0.15109869837760925,0.2361731231212616
1790107899134958800,57.701958740234375,2.3331711292266846,-0.15177221596240997,0.24484144151210785
1790107899144902700,57.71190258789063,2.3087158203125,-0.2831462323665619,0.27388879656791687
1790107899154847700,57.72184765625,2.1626315116882324,-0.5620582699775696,0.2992388904094696
1790107899164791800,57.731791748046874,1.9799308776855469,-0.8402443528175354,0.3481614291667938
1790107899174736000,57.74173583984375,1.9012229442596436,-1.0259902477264404,0.3901544213294983
1790107899184680700,57.7516806640625,1.896467924118042,-1.0717015266418457,0.43515998125076294
1790107899194624800,57.76162475585937,1.9412028789520264,-1.036710500717163,0.46881622076034546
1790107899204569900,57.77156982421875,1.9608708620071411,-0.8995169997215271,0.49848514795303345
1790107899214513700,57.781513671875,1.9033756256103516,-0.6815080046653748,0.5448691844940186
1790107899224457700,57.79145776367187,1.7629271745681763,-0.354081392288208,0.5968570113182068
1790107899234402600,57.80140258789063,1.642446756362915,0.181731179356575,0.6019873023033142
1790107899244347000,57.811346923828125,1.5415095090866089,0.7842386364936829,0.5468358993530273
1790107899254291000,57.821291015625,1.436279296875,1.3323456048965454,0.3592042326927185
1790107899264235800,57.83123583984375,1.3049042224884033,1.5193874835968018,0.10528194904327393
1790107899274179600,57.8411796875,1.094220757484436,1.0487993955612183,-0.07367262244224548
1790107899284123600,57.85112353515625,0.8734819293022156,-0.012838566675782204,-0.0829087346792221
1790107899294068700,57.86106884765625,0.7090131044387817,-1.1856275796890259,0.14548875391483307
1790107899304012800,57.8710126953125,0.5926433801651001,-1.6468809843063354,0.5639810562133789
1790107899313956900,57.880956787109376,0.5632066130638123,-1.0775437355041504,0.9544109106063843
1790107899323901700,57.890901611328125,0.5264750123023987,-0.41299742460250854,0.9094777703285217
1790107899333845800,57.900845703125,0.5910246968269348,-0.48828819394111633,0.5516780614852905
1790107899343790800,57.91079077148437,0.5752041935920715,-0.3567008674144745,0.32609128952026367
1790107899353734700,57.920734619140624,0.33215609192848206,-0.023814518004655838,0.15527135133743286
1790107899363678700,57.9306787109375,0.07748094201087952,0.29931747913360596,-0.11789520829916
1790107899373623800,57.94062377929688,-0.2732784152030945,0.6114252805709839,-0.3986557722091675
1790107899383568000,57.95056787109375,-0.5712533593177795,0.6246553659439087,-0.5990504026412964
1790107899393511700,57.96051171875,-0.653854250907898,0.35988253355026245,-0.5153467059135437
1790107899403456800,57.97045678710938,-0.5474838614463806,0.034336935728788376,-0.25657719373703003
1790107899413400600,57.98040063476562,-0.48082974553108215,-0.19884838163852692,-0.03379551321268082
1790107899423345000,57.99034497070313,-0.5448880791664124,-0.18238738179206848,0.04374108836054802
1790107899433289700,58.000289794921876,-0.6759859323501587,-0.055131696164608,-0.037345774471759796
1790107899443233800,58.01023388671875,-0.8533886671066284,-0.06713562458753586,-0.20612813532352448
1790107899453177600,58.020177490234374,-1.007114052772522,0.014970960095524788,-0.35286325216293335
1790107899463123000,58.030123046875,-1.1123616695404053,0.09461572021245956,-0.4811152219772339
1790107899473066800,58.04006665039063,-1.1649394035339355,0.07047896087169647,-0.5711225867271423
1790107899483011800,58.05001171875,-1.143092155456543,-0.114139623939991,-0.5837915539741516
1790107899492955600,58.05995556640625,-1.047844409942627,-0.15041054785251617,-0.5243518948554993
1790107899502899700,58.06989965820313,-0.9125345349311829,-0.13982661068439484,-0.4282919466495514
1790107899512844800,58.0798447265625,-0.7768230438232422,-0.18513283133506775,-0.3424212634563446
1790107899522788900,58.089788818359374,-0.6641649603843689,-0.27757567167282104,-0.27979862689971924
1790107899532732700,58.099732666015626,-0.5937509536743164,-0.3678581714630127,-0.2682269215583801
1790107899542677800,58.109677734375,-0.5811885595321655,-0.4175889790058136,-0.2996130883693695
1790107899552621800,58.11962182617187,-0.5991920828819275,-0.38043177127838135,-0.3747917115688324
1790107899562566000,58.12956591796875,-0.6454575657844543,-0.22655324637889862,-0.4757779836654663
1790107899572510700,58.1395107421875,-0.6931177377700806,-0.006355900317430496,-0.5833784937858582
1790107899582454800,58.14945483398437,-0.7354679107666016,0.2171538919210434,-0.6798110008239746
1790107899592400000,58.15939990234375,-0.7768137454986572,0.42909330129623413,-0.7359581589698792
1790107899602343700,58.16934375,-0.8238190412521362,0.5446388125419617,-0.7516423463821411
1790107899612287700,58.17928784179688,-0.8870446085929871,0.614854633808136,-0.7116270065307617
1790107899622232600,58.18923266601563,-1.0188969373703003,0.7356125116348267,-0.5839641094207764
1790107899632176600,58.1991767578125,-1.1305499076843262,0.8285562992095947,-0.37659814953804016
1790107899642121000,58.20912084960938,-1.246882438659668,0.8152122497558594,-0.19445256888866425
1790107899652065800,58.219065673828126,-1.3323544263839722,0.5838839411735535,-0.1419036090373993
1790107899662009600,58.22900952148437,-1.3147022724151611,0.18448862433433533,-0.18994703888893127
1790107899671954400,58.23895434570313,-1.3042831420898438,-0.21084965765476227,-0.23905226588249207
1790107899681899300,58.24889916992188,-1.2872458696365356,-0.5021597743034363,-0.30912163853645325
1790107899691843600,58.258843505859375,-1.257860541343689,-0.584511399269104,-0.4342566430568695
1790107899701787400,58.26878735351563,-1.2378311157226562,-0.3397277295589447,-0.6086340546607971
1790107899711732500,58.278732421875,-1.199201226234436,0.05133775621652603,-0.7804907560348511
1790107899721676300,58.28867626953125,-1.1708507537841797,0.43697813153266907,-0.894284188747406
1790107899731620400,58.298620361328126,-1.1620482206344604,0.6815521717071533,-0.8979936838150024
1790107899741565400,58.3085654296875,-1.1944633722305298,0.7368063926696777,-0.7738956809043884
1790107899751509500,58.31850952148437,-1.268704891204834,0.6310930252075195,-0.5668988227844238
1790107899761454300,58.32845434570312,-1.348266363143921,0.416888028383255,-0.3702408969402313
1790107899771398400,58.3383984375,-1.3670918941497803,0.28059810400009155,-0.27292901277542114
1790107899781342500,58.34834252929687,-1.3329973220825195,0.17488525807857513,-0.31548792123794556
1790107899791287300,58.35828735351563,-1.277878999710083,0.021372932940721512,-0.45603278279304504
1790107899801231400,58.3682314453125,-1.279161810874939,-0.10132795572280884,-0.5482324957847595
1790107899811175400,58.37817553710938,-1.3052974939346313,-0.14695562422275543,-0.5836509466171265
1790107899821120500,58.38812060546875,-1.3172298669815063,-0.23033413290977478,-0.5682519674301147
1790107899831064600,58.398064697265625,-1.2885416746139526,-0.4023876488208771,-0.5004769563674927
1790107899841008400,58.40800830078125,-1.208396077156067,-0.5658873915672302,-0.4205227196216583
1790107899850953200,58.417953125,-1.1390854120254517,-0.6411160826683044,-0.36830079555511475
1790107899860897300,58.42789721679687,-1.080107569694519,-0.6434828042984009,-0.3971409797668457
1790107899870842400,58.43784228515625,-1.0513259172439575,-0.5326215624809265,-0.41346535086631775
1790107899880786400,58.447786376953125,-1.038110613822937,-0.33939698338508606,-0.3909938633441925
1790107899890730500,58.45773046875,-1.0235124826431274,-0.1509234756231308,-0.3000604808330536
1790107899900675600,58.46767553710937,-0.9929806590080261,0.03358805552124977,-0.1425933688879013
1790107899910619400,58.477619384765624,-0.9474800229072571,0.17906002700328827,0.005028314422816038
1790107899920563500,58.4875634765625,-0.9036062955856323,0.19889764487743378,0.06905043870210648
1790107899930508300,58.49750830078125,-0.849396288394928,-0.02478204481303692,0.07975714653730392
1790107899940452400,58.507452392578124,-0.7838191986083984,-0.4314006567001343,0.061289191246032715
1790107899950396400,58.517396484375,-0.6925219893455505,-0.7811131477355957,0.03207964077591896
1790107899960341500,58.52734155273438,-0.537075936794281,-0.7655767798423767,-0.013076653704047203
1790107899970285300,58.53728540039062,-0.35516902804374695,-0.3436764180660248,-0.03959907591342926
1790107899980229400,58.5472294921875,-0.21439458429813385,0.2833920419216156,-0.032342493534088135
1790107899990174500,58.557174560546876,-0.08346879482269287,0.6858848929405212,0.04133705422282219
1790107900000118500,58.56711840820312,0.06297709792852402,0.7236562371253967,0.162883460521698
1790107900010062300,58.577062255859374,0.19281339645385742,0.6135467886924744,0.29814380407333374
1790107900020007400,58.58700732421875,0.27623558044433594,0.7439481616020203,0.360178142786026
1790107900029951200,58.596951171875,0.365892231464386,0.9697189927101135,0.32039743661880493
1790107900039896600,58.606896484375,0.37807512283325195,1.076073169708252,0.3192003667354584
1790107900049840400,58.61684033203125,0.4029431939125061,1.1166026592254639,0.38695305585861206
1790107900059784400,58.62678442382813,0.4687248766422272,1.115760087966919,0.381621390581131
1790107900069729300,58.636729248046876,0.5057893991470337,0.9103182554244995,0.3607214391231537
1790107900079673600,58.646673583984374,0.5757344365119934,0.681567370891571,0.37821173667907715
1790107900089617400,58.656617431640626,0.7247492074966431,0.45201727747917175,0.39247164130210876
1790107900099562500,58.6665625,0.9333466291427612,0.22051985561847687,0.3724060654640198
1790107900109506300,58.67650634765625,1.1643202304840088,0.04441193863749504,0.34714624285697937
1790107900119450400,58.686450439453125,1.3923448324203491,0.008859005756676197,0.35581323504447937
1790107900129395500,58.6963955078125,1.5996612310409546,0.09180262684822083,0.38638046383857727
1790107900139339500,58.70633959960937,1.735750436782837,0.25585120916366577,0.43124568462371826
1790107900149283300,58.716283447265624,1.834621787071228,0.4151495397090912,0.4576732814311981
1790107900159228400,58.726228515625,1.9001492261886597,0.5390762686729431,0.4599979519844055
1790107900169172500,58.73617236328125,1.9466460943222046,0.5882083773612976,0.46597355604171753
1790107900179117600,58.74611767578125,1.9823247194290161,0.5870152711868286,0.4561038911342621
1790107900189061400,58.75606127929687,2.0155279636383057,0.5824820399284363,0.42232194542884827
1790107900199005400,58.76600537109375,2.0451769828796387,0.5185201168060303,0.4150983989238739
1790107900208950500,58.775950439453126,2.0834908485412598,0.39109185338020325,0.4232415556907654
1790107900218894600,58.78589453125,2.1027534008026123,0.3686070442199707,0.46070927381515503
1790107900228838400,58.79583837890625,2.062084197998047,0.36386823654174805,0.4725246727466583
1790107900238783200,58.805783203125,2.023907423019409,0.26238715648651123,0.3731094002723694
1790107900248727300,58.81572729492188,1.9437198638916016,-0.01004943810403347,0.25344318151474
1790107900258671600,58.825671630859375,1.7623695135116577,-0.4011958837509155,0.17655852437019348
1790107900268616400,58.835616455078124,1.557700753211975,-0.6398500204086304,0.14590100944042206
1790107900278560500,58.845560546875,1.444568395614624,-0.7965879440307617,0.15494084358215332
1790107900288504300,58.85550439453125,1.5053088665008545,-0.955930233001709,0.23632438480854034
1790107900298449400,58.86544946289062,1.6107597351074219,-1.062391996383667,0.35070157051086426
1790107900308393500,58.8753935546875,1.7325927019119263,-1.024601936340332,0.42537474632263184
1790107900318338300,58.88533837890625,1.9161691665649414,-0.8032618165016174,0.37935423851013184
1790107900328282400,58.89528247070312,1.9837431907653809,-0.5056957006454468,0.2744390070438385
1790107900338226400,58.905226318359375,1.8995076417922974,-0.02371864579617977,0.0914769172668457
1790107900348171500,58.915171630859376,1.632930040359497,0.5854264497756958,-0.019083945080637932
1790107900358115300,58.925115234375,1.2236764430999756,0.7982860207557678,0.09729965776205063
1790107900368059400,58.935059326171874,0.7347632050514221,0.236593097448349,0.29954275488853455
1790107900378004200,58.94500415039062,0.3781166672706604,-0.5728038549423218,0.4446765184402466
1790107900387948500,58.95494848632813,0.3908250033855438,-0.8513374924659729,0.5545966625213623
1790107900397892400,58.96489233398437,0.9086015820503235,-0.7143471240997314,0.7221204042434692
1790107900407837400,58.97483740234375,1.5157016515731812,-0.6553301811218262,0.7237148284912109
1790107900417781200,58.98478125,1.4362268447875977,-0.7878115177154541,0.43173569440841675
1790107900427725300,58.99472534179687,1.1144300699234009,-0.46672242879867554,0.11655563861131668
1790107900437670400,59.00467041015625,0.6801249980926514,-0.34225988388061523,-0.11823263019323349
1790107900447614500,59.014614501953126,0.43986764550209045,-0.02588406205177307,-0.25710529088974
1790107900457559300,59.024559326171875,0.301405131816864,0.1403227597475052,-0.34111151099205017
1790107900467503400,59.03450341796875,0.21645426750183105,-0.12712466716766357,-0.36577239632606506
1790107900477447400,59.044447509765625,0.1732436865568161,-0.4617772102355957,-0.2630356252193451
1790107900487392500,59.054392578125,0.14157284796237946,-0.3762708306312561,-0.1064729169011116
1790107900497336300,59.06433642578125,0.0914798453450203,-0.10683803260326385,0.006334861274808645
1790107900507280400,59.0742802734375,0.0010362359462305903,-0.15359514951705933,0.039569512009620667
1790107900517225500,59.0842255859375,-0.1286591738462448,-0.2987222373485565,-0.016573650762438774
1790107900527169500,59.09416943359375,-0.2727108895778656,-0.41946518421173096,-0.12194934487342834
1790107900537113300,59.10411328125,-0.4071403443813324,-0.5212860703468323,-0.24199825525283813
1790107900547058400,59.11405834960937,-0.4737161695957184,-0.5560038685798645,-0.3482125699520111
1790107900557002200,59.124002197265625,-0.47043994069099426,-0.2866613268852234,-0.3710731565952301
1790107900566946600,59.13394653320312,-0.4730066955089569,0.20207266509532928,-0.3312074840068817
1790107900576891400,59.14389135742187,-0.488497257232666,0.6390457153320312,-0.29418501257896423
1790107900586835500,59.15383544921875,-0.5099940299987793,0.8908345699310303,-0.2872171401977539
1790107900596779300,59.163779296875,-0.5302883386611938,1.0141884088516235,-0.2771245539188385
1790107900606724600,59.173724609375,-0.5706080794334412,1.1081093549728394,-0.263264924287796
1790107900616668400,59.18366845703125,-0.6686065793037415,1.1010935306549072,-0.24483585357666016
1790107900626613500,59.193613525390624,-0.8247250318527222,0.6354666948318481,-0.24753043055534363
1790107900636557300,59.20355737304688,-1.0099021196365356,-0.2837582230567932,-0.29013729095458984
1790107900646501400,59.21350146484375,-1.1300809383392334,-1.0548869371414185,-0.3956906199455261
1790107900656446500,59.22344653320312,-1.2132834196090698,-1.2125252485275269,-0.4353938102722168
1790107900666390500,59.233390625,-1.347373366355896,-0.9564332962036133,-0.3454684615135193
1790107900676334000,59.243333984375,-1.4834121465682983,-0.002679938916116953,-0.16519294679164886
1790107900686279200,59.25327905273438,-1.6569730043411255,1.2872873544692993,-0.17536436021327972
1790107900696223000,59.26322290039062,-1.7706279754638672,1.762791633605957,-0.30735117197036743
1790107900706167300,59.27316723632813,-1.7517114877700806,1.4494187831878662,-0.3090928792953491
1790107900716112100,59.28311206054688,-1.71856689453125,0.8751879930496216,-0.14620248973369598
1790107900726056200,59.29305615234375,-1.5862812995910645,0.2114267647266388,0.09835133701562881
1790107900736000000,59.303,-1.3944971561431885,-0.21196311712265015,0.26760613918304443
1790107900745945000,59.312945068359376,-1.149148941040039,-0.20877797901630402,0.19525684416294098
1790107900755889200,59.32288916015625,-0.917671263217926,-0.07273519039154053,-0.18838216364383698
1790107900765833200,59.332833251953126,-0.8694339394569397,-0.1117161437869072,-0.6692113876342773
1790107900775778000,59.342778076171875,-0.960786759853363,-0.36403200030326843,-1.0492284297943115
1790107900785722000,59.35272216796875,-1.1398308277130127,-0.5941163301467896,-1.2561917304992676
1790107900795667200,59.36266723632812,-1.310858964920044,-0.6704694628715515,-1.1679631471633911
1790107900805611000,59.372611083984374,-1.4299588203430176,-0.7137854695320129,-0.8464335203170776
1790107900815555000,59.38255517578125,-1.4970097541809082,-0.7858900427818298,-0.510101854801178
1790107900825500000,59.3925,-1.518094539642334,-0.7431676387786865,-0.2798137962818146
1790107900835444200,59.4024443359375,-1.509296178817749,-0.5252915024757385,-0.22053876519203186
1790107900845388300,59.41238818359375,-1.51833975315094,-0.13159984350204468,-0.3057013154029846
1790107900855333000,59.4223330078125,-1.4940285682678223,0.2579713463783264,-0.4426077902317047
1790107900865277000,59.43227685546875,-1.4102306365966797,0.4956193268299103,-0.5672410726547241
1790107900875221000,59.442220947265625,-1.3200773000717163,0.5677121877670288,-0.6345764398574829
1790107900885166000,59.452166015625,-1.206974744796753,0.36116617918014526,-0.6498134136199951
1790107900895110100,59.46211010742188,-1.0972365140914917,-0.0049026133492589,-0.6552231311798096
1790107900905054200,59.47205419921875,-1.0100672245025635,-0.34116610884666443,-0.6531250476837158
1790107900914999300,59.481999267578125,-0.9357005953788757,-0.5052658319473267,-0.6316349506378174
1790107900924943000,59.49194311523438,-0.8645251989364624,-0.4904690384864807,-0.5759597420692444
1790107900934887200,59.50188720703125,-0.872838020324707,-0.26039350032806396,-0.5728970766067505
1790107900944832000,59.51183203125,-0.9443721175193787,0.10725268721580505,-0.5965723395347595
1790107900954776000,59.52177612304688,-1.0172758102416992,0.4156438112258911,-0.5873798727989197
1790107900964721200,59.53172119140625,-1.1258076429367065,0.6098361611366272,-0.45315471291542053
1790107900974665200,59.54166528320312,-1.2283889055252075,0.7582336664199829,-0.20964457094669342
1790107900984609000,59.551609130859376,-1.2881356477737427,0.9368481040000916,-0.016988039016723633
1790107900994554000,59.56155419921875,-1.3399041891098022,1.0304946899414062,0.06583786755800247
1790107901004498200,59.57149829101562,-1.3757730722427368,0.9051048755645752,0.04418370500206947
1790107901014442200,59.581442138671875,-1.2858407497406006,0.42727065086364746,-0.026495257392525673
1790107901024387000,59.591386962890624,-1.1821061372756958,-0.12586818635463715,-0.061649248003959656
1790107901034331100,59.6013310546875,-1.0675324201583862,-0.47536706924438477,-0.08800921589136124
1790107901044275000,59.61127490234375,-0.9358103275299072,-0.6123566031455994,-0.07778055220842361
1790107901054220300,59.62122021484375,-0.7850908041000366,-0.5852653384208679,-0.04785327613353729
1790107901064164000,59.6311640625,-0.6366760730743408,-0.5393742918968201,-0.0034613104071468115
1790107901074108200,59.64110815429687,-0.48858192563056946,-0.5691335201263428,0.07196393609046936
1790107901084053000,59.65105297851562,-0.3661596179008484,-0.5002617835998535,0.15755021572113037
1790107901093997300,59.66099731445313,-0.2513531446456909,-0.26979580521583557,0.22758975625038147
1790107901103941000,59.67094116210937,-0.06827466189861298,-0.04428304359316826,0.29348647594451904
1790107901113886200,59.68088623046875,0.13509416580200195,0.09615343064069748,0.29458609223365784
1790107901123830000,59.690830078125,0.32764339447021484,0.3232233226299286,0.27313432097435
1790107901133774000,59.70077416992188,0.5008929371833801,0.5196490287780762,0.34134215116500854
1790107901143719200,59.71071923828125,0.6421288847923279,0.5886582136154175,0.4431297481060028
1790107901153663200,59.720663330078125,0.7560365200042725,0.5419389009475708,0.5048770308494568
1790107901163608000,59.730608154296874,0.878902018070221,0.45442235469818115,0.5365819334983826
1790107901173552000,59.74055224609375,0.9960619211196899,0.3842054605484009,0.544693648815155
1790107901183496200,59.75049609375,1.1222914457321167,0.43767881393432617,0.5284997820854187
1790107901193441300,59.76044116210937,1.226917028427124,0.6522979140281677,0.5165360569953918
1790107901203385000,59.770385009765626,1.3062094449996948,0.7882088422775269,0.5348562002182007
1790107901213329200,59.7803291015625,1.3441828489303589,0.691959023475647,0.5985223054885864
1790107901223274200,59.79027416992187,1.3647624254226685,0.5404491424560547,0.6648714542388916
1790107901233218300,59.80021826171875,1.381837010383606,0.4992324411869049,0.6858542561531067
1790107901243162000,59.810162109375,1.4051485061645508,0.571968674659729,0.6748735308647156
1790107901253107000,59.82010693359375,1.4512286186218262,0.6906234622001648,0.6458998918533325
1790107901263051000,59.830051025390624,1.5086692571640015,0.7240831255912781,0.62740558385849
1790107901272995300,59.83999536132813,1.56195068359375,0.5948159694671631,0.6319665312767029
1790107901282940200,59.84994018554688,1.597910761833191,0.42231184244155884,0.6557663679122925
1790107901292884200,59.85988427734375,1.6288790702819824,0.37118446826934814,0.63861083984375
1790107901302828000,59.869828125,1.6945585012435913,0.4218236804008484,0.5763155221939087
1790107901312773000,59.87977319335938,1.7860820293426514,0.3979977071285248,0.48196130990982056
1790107901322717200,59.88971728515625,1.8507370948791504,0.26315200328826904,0.3856017589569092
1790107901332661200,59.8996611328125,1.866951823234558,0.15781758725643158,0.3067447543144226
1790107901342606000,59.909606201171876,1.8688114881515503,0.1029713898897171,0.2677920162677765
1790107901352550100,59.91955004882813,1.9000465869903564,0.036970000714063644,0.2570922374725342
1790107901362495200,59.9294951171875,1.884965419769287,-0.11412497609853745,0.2507246434688568
1790107901372439000,59.93943896484375,1.8553718328475952,-0.28432705998420715,0.17009183764457703
1790107901382383000,59.94938305664063,1.81645929813385,-0.4313117265701294,0.03609062731266022
1790107901392328000,59.95932788085938,1.672552466392517,-0.588403582572937,-0.10923434793949127
1790107901402272300,59.969272216796874,1.5466885566711426,-0.8488056063652039,-0.10744336992502213
1790107901412216000,59.97921606445313,1.453263282775879,-1.1369564533233643,-0.05380677431821823
1790107901422161200,59.9891611328125,1.3842008113861084,-1.1105493307113647,-0.056464340537786484
1790107901432105000,59.99910498046875,1.3123703002929688,-0.7356069087982178,-0.09455633163452148
1790107901442049000,60.009049072265626,1.2738450765609741,-0.00282055395655334,-0.1104026734828949
1790107901451994000,60.018994140625,1.2088700532913208,0.7145761847496033,-0.04115595668554306
1790107901461938200,60.02893823242187,1.2013397216796875,1.1865551471710205,0.10521643608808517
1790107901471882000,60.038882080078125,1.2954683303833008,1.1098906993865967,0.1921292245388031
1790107901481827000,60.0488271484375,1.4125845432281494,0.435526967048645,0.11245223879814148
1790107901491771100,60.05877124023438,1.4583954811096191,-0.4495948553085327,0.03322453051805496
1790107901501715200,60.068715087890624,1.4822558164596558,-0.9528747797012329,0.1046728789806366
1790107901511660000,60.07865991210937,1.4939731359481812,-0.8612721562385559,0.2655312716960907
1790107901521604000,60.08860400390625,1.4561970233917236,-0.5607413649559021,0.35304006934165955
1790107901531548000,60.0985478515625,1.2688119411468506,-0.5475190281867981,0.32675015926361084
1790107901541493200,60.1084931640625,1.0422472953796387,-0.663556694984436,0.27870407700538635
1790107901551437000,60.11843701171875,0.8586302995681763,-0.5856325626373291,0.22186315059661865
1790107901561382100,60.128382080078126,0.7436800003051758,-0.43346381187438965,0.14878948032855988
1790107901571326000,60.13832592773438,0.553209125995636,-0.3208853304386139,0.06499950587749481
1790107901581270300,60.148270263671876,0.27184510231018066,-0.27908116579055786,-0.034567296504974365
1790107901591215000,60.158215087890625,0.005209675524383783,-0.20778462290763855,-0.09537099301815033
1790107901601159200,60.1681591796875,-0.2123335599899292,-0.0582561157643795,-0.13361239433288574
1790107901611103000,60.17810302734375,-0.40211576223373413,0.05698205903172493,-0.16611520946025848
1790107901621048300,60.18804833984375,-0.5939472317695618,0.005120459944009781,-0.22866061329841614
1790107901630992100,60.1979921875,-0.7565686106681824,-0.01853426918387413,-0.3058169186115265
1790107901640936200,60.207936279296874,-0.8907877206802368,0.0358450822532177,-0.36384958028793335
1790107901650881000,60.21788110351562,-1.0159202814102173,0.10243689268827438,-0.41610878705978394
1790107901660825000,60.2278251953125,-1.1307904720306396,0.1948227435350418,-0.4567584991455078
1790107901670769700,60.237769775390625,-1.2424455881118774,0.21715867519378662,-0.4833621382713318
1790107901680714500,60.247714599609374,-1.3392970561981201,0.17283488810062408,-0.49328774213790894
1790107901690658600,60.25765844726563,-1.3909437656402588,0.2152175009250641,-0.48331525921821594
1790107901700602600,60.2676025390625,-1.4073195457458496,0.3254135251045227,-0.4659687578678131
1790107901710547700,60.27754760742187,-1.3920058012008667,0.4745023250579834,-0.4395451545715332
1790107901720491500,60.287491455078126,-1.3560237884521484,0.5790503025054932,-0.40147072076797485
1790107901730435600,60.297435546875,-1.2984732389450073,0.5219822525978088,-0.3739458918571472
1790107901740380400,60.30738037109375,-1.2217466831207275,0.28625014424324036,-0.3852273225784302
1790107901750324700,60.31732470703125,-1.1032803058624268,-0.0018916432745754719,-0.410575270652771
1790107901760269600,60.32726953125,-0.9389634728431702,-0.15636244416236877,-0.42294326424598694
1790107901770213600,60.33721362304688,-0.7812058329582214,-0.13457459211349487,-0.4028313457965851
1790107901780157400,60.347157470703124,-0.6761060357093811,-0.0798218622803688,-0.375935822725296
1790107901790102800,60.357102783203125,-0.6292266845703125,-0.10778931528329849,-0.36039572954177856
1790107901800046600,60.36704663085938,-0.6080366969108582,-0.1328829526901245,-0.3396076261997223
1790107901809990700,60.37699072265625,-0.6200613975524902,-0.09660670161247253,-0.28815484046936035
1790107901819935500,60.386935546875,-0.6500235795974731,-0.09722961485385895,-0.2409396469593048
1790107901829879600,60.39687963867188,-0.70562744140625,-0.07967592030763626,-0.20576274394989014
1790107901839823600,60.40682373046875,-0.8046421408653259,-0.029388248920440674,-0.18019932508468628
1790107901849768700,60.41676879882812,-0.9507429003715515,0.054004378616809845,-0.18754646182060242
1790107901859712500,60.42671240234375,-1.0953466892242432,0.13157746195793152,-0.2658921182155609
1790107901869656600,60.43665649414063,-1.1915560960769653,0.1628296673297882,-0.3740207254886627
1790107901879601700,60.4466015625,-1.2637503147125244,0.18239431083202362,-0.41124826669692993
1790107901889545700,60.456545654296875,-1.3298563957214355,0.2080083191394806,-0.40975022315979004
1790107901899489500,60.46648950195313,-1.3826887607574463,0.22798442840576172,-0.4362089931964874
1790107901909434600,60.4764345703125,-1.3867851495742798,0.227682963013649,-0.4865342378616333
1790107901919378400,60.48637841796875,-1.3665480613708496,0.1808757781982422,-0.48981842398643494
1790107901929322800,60.49632275390625,-1.3690509796142578,0.07371203601360321,-0.4887017607688904
1790107901939267600,60.506267578125,-1.3618361949920654,-0.05845106020569801,-0.4618874788284302
1790107901949211600,60.51621166992187,-1.3678959608078003,-0.13907507061958313,-0.3817604184150696
1790107901959155500,60.526155517578125,-1.3706576824188232,-0.19559480249881744,-0.31923604011535645
1790107901969100800,60.53610083007813,-1.3574384450912476,-0.22973892092704773,-0.3425605297088623
1790107901979044600,60.54604467773437,-1.3666280508041382,-0.21056975424289703,-0.36777880787849426
1790107901988989700,60.55598974609375,-1.3982399702072144,-0.18309472501277924,-0.37114399671554565
1790107901998933500,60.56593359375,-1.3830586671829224,-0.1851605325937271,-0.40483564138412476
1790107902008877600,60.57587768554688,-1.3472076654434204,-0.25544747710227966,-0.41775408387184143
1790107902018822700,60.58582275390625,-1.3225542306900024,-0.40354958176612854,-0.3962980806827545
1790107902028766700,60.5957666015625,-1.300014853477478,-0.5654319524765015,-0.33842331171035767
1790107902038710500,60.60571044921875,-1.288588285446167,-0.6456389427185059,-0.3018181622028351
1790107902048655600,60.615655517578126,-1.2629029750823975,-0.6257706880569458,-0.28477180004119873
1790107902058599700,60.625599609375,-1.2288419008255005,-0.5852932929992676,-0.23006808757781982
1790107902068543700,60.635543701171876,-1.2041362524032593,-0.46934911608695984,-0.16111990809440613
1790107902078488600,60.645488525390626,-1.1479337215423584,-0.27393513917922974,-0.08461688458919525
1790107902088432600,60.6554326171875,-1.0634057521820068,-0.07525534182786942,-0.028132302686572075
1790107902098376400,60.66537646484375,-0.97865229845047,0.06391666829586029,0.007508516311645508
1790107902108321800,60.67532177734375,-0.9091925621032715,0.09375205636024475,0.03814605250954628
1790107902118265600,60.685265625,-0.8523103594779968,0.07936246693134308,0.040882453322410583
1790107902128209700,60.695209716796874,-0.7882474660873413,0.014699850231409073,0.03038160689175129
1790107902138154800,60.70515478515625,-0.7101231217384338,-0.06531615555286407,0.02744893543422222
1790107902148098800,60.71509887695313,-0.6314061880111694,-0.10002007335424423,0.05281953886151314
1790107902158042600,60.725042724609374,-0.5202338695526123,-0.09845573455095291,0.0731237456202507
1790107902167987700,60.73498779296875,-0.3903339207172394,-0.0715428963303566,0.10184700042009354
1790107902177931500,60.744931640625,-0.2737372815608978,-0.060014333575963974,0.18035300076007843
1790107902187876600,60.754876708984376,-0.18405026197433472,0.06065801903605461,0.2787189781665802
1790107902197820700,60.76482055664062,-0.07415145635604858,0.29015353322029114,0.30956265330314636
1790107902207764700,60.7747646484375,0.033244241029024124,0.376017302274704,0.3435123562812805
1790107902217709600,60.78470947265625,0.12823599576950073,0.24877919256687164,0.4440626800060272
1790107902227653600,60.79465356445313,0.2265244871377945,0.17475982010364532,0.5069249868392944
1790107902237597700,60.80459765625,0.3772610127925873,0.26368170976638794,0.48540398478507996
1790107902247542500,60.81454248046875,0.49957358837127686,0.39436593651771545,0.43353626132011414
1790107902257486600,60.82448657226563,0.6026530861854553,0.4288664162158966,0.43097004294395447
1790107902267430700,60.8344306640625,0.7068628668785095,0.34795451164245605,0.5077585577964783
1790107902277375700,60.844375732421874,0.8412225246429443,0.3293776214122772,0.592807948589325
1790107902287319600,60.854319580078126,0.9825290441513062,0.47108229994773865,0.5947363376617432
1790107902297263600,60.864263671875,1.1006932258605957,0.5675765872001648,0.5543934106826782
1790107902307208400,60.87420849609375,1.194580078125,0.5242065191268921,0.5601072311401367
1790107902317152800,60.88415283203125,1.2899435758590698,0.49988144636154175,0.5714755058288574
1790107902327096600,60.8940966796875,1.379729986190796,0.5179981589317322,0.5742853879928589
1790107902337041700,60.90404174804687,1.454077124595642,0.4868852198123932,0.581972062587738
1790107902346985500,60.9139853515625,1.5175557136535645,0.5301586985588074,0.5969979166984558
1790107902356929500,60.92392944335938,1.6099059581756592,0.621420681476593,0.594828188419342
1790107902366874600,60.93387451171875,1.70571768283844,0.6988126635551453,0.5831441283226013
1790107902376818700,60.94381860351562,1.7762088775634766,0.708983838558197,0.5619094371795654
1790107902386762500,60.953762451171876,1.8232247829437256,0.7085316181182861,0.5660445094108582
1790107902396707600,60.96370751953125,1.8851583003997803,0.6856513023376465,0.5521901845932007
1790107902406651600,60.97365161132812,1.9054909944534302,0.7133378386497498,0.5379814505577087
1790107902416595700,60.983595703125,1.9025369882583618,0.711905837059021,0.4854191541671753
1790107902426540500,60.99354052734375,1.8933775424957275,0.7369206547737122,0.43791183829307556
1790107902436484600,61.00348461914062,1.8955059051513672,0.7252272367477417,0.4326915144920349
1790107902446429700,61.0134296875,1.8539433479309082,0.6214965581893921,0.427344411611557
1790107902456373800,61.023373779296875,1.7185639142990112,0.3528278172016144,0.3137968182563782
1790107902466317600,61.03331762695313,1.5357160568237305,-0.11578439176082611,0.10455916821956635
1790107902476262700,61.0432626953125,1.4762927293777466,-0.47739505767822266,-0.10347872227430344
1790107902486206500,61.05320654296875,1.646108627319336,-0.6253336668014526,-0.18900960683822632
1790107902496150800,61.06315087890625,1.9340461492538452,-0.7022708058357239,-0.10509685426950455
1790107902506095600,61.073095703125,2.1917037963867188,-0.7361344695091248,-0.012064918875694275
1790107902516039700,61.08303979492187,2.2732443809509277,-0.7570922374725342,-0.011877964250743389
1790107902525983500,61.0929833984375,2.0738279819488525,-0.8671039342880249,-0.0641118735074997
1790107902535928800,61.1029287109375,1.5924662351608276,-1.0280110836029053,-0.05968596786260605
1790107902545872600,61.11287255859375,1.0982218980789185,-0.8992576003074646,-0.06482240557670593
1790107902555816700,61.122816650390625,0.8545703291893005,-0.7691574096679688,-0.049380600452423096
1790107902565761500,61.132761474609374,0.7086514234542847,-0.47545814514160156,0.05366296321153641
1790107902575705600,61.14270556640625,0.6101171374320984,0.11420513689517975,0.272566556930542
1790107902585649700,61.152649658203124,0.7871342897415161,0.7951642274856567,0.5502687096595764
1790107902595594800,61.1625947265625,1.318528175354004,0.6099064946174622,0.7831906676292419
1790107902605538600,61.17253857421875,1.5376404523849487,-1.2246087789535522,0.6249823570251465
1790107902615482600,61.18248266601562,1.4527426958084106,-1.397888422012329,0.3891110122203827
1790107902625427700,61.192427734375,1.1886990070343018,-0.5248371362686157,0.18377995491027832
1790107902635371800,61.20237182617188,0.9567664265632629,-0.14655642211437225,0.10020223259925842
1790107902645315600,61.21231567382812,0.7873281240463257,-0.39045029878616333,0.14784058928489685
1790107902655260700,61.2222607421875,0.7135791182518005,-0.37888258695602417,0.1371496021747589
1790107902665204500,61.23220458984375,0.6077682375907898,-0.042622294276952744,-0.0007307713967747986
1790107902675149000,61.24214916992187,0.44466453790664673,0.0019068233668804169,-0.05215667933225632
1790107902685094000,61.25209399414062,0.27842655777931213,-0.019990218803286552,0.06593294441699982
1790107902695038000,61.262037841796875,0.04689773544669151,-0.4196542501449585,0.18979975581169128
1790107902704981800,61.27198168945313,-0.24526168406009674,-1.0494314432144165,0.251682847738266
1790107902714926800,61.2819267578125,-0.3921171724796295,-0.5200711488723755,0.22125382721424103
1790107902724871000,61.291870849609374,-0.5703015327453613,-0.1581137329339981,0.044614605605602264
1790107902734815700,61.30181567382812,-0.6819047927856445,-0.13813470304012299,-0.09233871847391129
1790107902744759800,61.311759765625,-0.7073856592178345,0.2919439673423767,-0.13584518432617188
1790107902754704000,61.32170385742187,-0.7124416828155518,0.8091577887535095,-0.20602640509605408
1790107902764649000,61.33164892578125,-0.7329480051994324,1.0856895446777344,-0.31382715702056885
1790107902774592800,61.3415927734375,-0.7658710479736328,0.4691850543022156,-0.4270536005496979
1790107902784536800,61.35153686523437,-0.7309296131134033,-0.2653246223926544,-0.4307625889778137
1790107902794482000,61.36148193359375,-0.6985405087471008,-0.7963290810585022,-0.3184940814971924
1790107902804426000,61.371426025390626,-0.6290261149406433,-0.21102489531040192,-0.004869323689490557
1790107902814369800,61.38136987304687,-0.6735954880714417,0.11981135606765747,0.11583791673183441
1790107902824315000,61.39131494140625,-0.7556464076042175,-0.6196153163909912,-0.0907413512468338
1790107902834258700,61.4012587890625,-0.8188181519508362,-1.4080188274383545,-0.21679969131946564
1790107902844203000,61.411203125,-0.944435715675354,-1.3585450649261475,-0.17985551059246063
1790107902854147800,61.42114794921875,-1.0736522674560547,-0.1721845418214798,-0.025972211733460426
1790107902864092000,61.431091796875,-1.2811239957809448,1.299552083015442,-0.007026484236121178
1790107902874035700,61.44103564453125,-1.4703117609024048,1.285228967666626,-0.2116193026304245
1790107902883981000,61.45098095703125,-1.472747802734375,1.0123708248138428,-0.2555809020996094
1790107902893924900,61.4609248046875,-1.3347387313842773,0.7739063501358032,-0.19440703094005585
1790107902903869000,61.470868896484376,-1.1257672309875488,0.5525369644165039,-0.13638579845428467
1790107902913813800,61.480813720703125,-0.8672879338264465,0.3688376843929291,-0.1045096293091774
1790107902923757800,61.4907578125,-0.6974824070930481,0.2534301280975342,-0.15820269286632538
1790107902933702000,61.500701904296875,-0.6981258392333984,0.1461324393749237,-0.32476022839546204
1790107902943647000,61.51064697265625,-0.7998383641242981,0.07724951207637787,-0.5406717658042908
1790107902953590800,61.5205908203125,-0.9201676845550537,0.04024862125515938,-0.6664725542068481
1790107902963534800,61.530534912109374,-1.04753839969635,0.0629238411784172,-0.6410250067710876
1790107902973480000,61.54047998046875,-1.140404224395752,0.1025194525718689,-0.5255423188209534
1790107902983424000,61.55042407226563,-1.2185144424438477,0.1930309683084488,-0.40956488251686096
1790107902993368800,61.56036889648438,-1.3102784156799316,0.3512704074382782,-0.33159658312797546
1790107903003313000,61.57031298828125,-1.4011231660842896,0.5173986554145813,-0.3797726333141327
1790107903013256700,61.580256591796875,-1.4655321836471558,0.6776738166809082,-0.5375878214836121
1790107903023202000,61.5902021484375,-1.4685509204864502,0.8003813624382019,-0.6857938170433044
1790107903033145900,61.60014575195312,-1.3993966579437256,0.8442322015762329,-0.7181376218795776
1790107903043090000,61.61008984375,-1.3003277778625488,0.7354393601417542,-0.6155446767807007
1790107903053034800,61.62003466796875,-1.2307202816009521,0.5901376008987427,-0.5280164480209351
1790107903062979000,61.62997900390625,-1.1450705528259277,0.41072016954421997,-0.4934360682964325
1790107903072923000,61.6399228515625,-1.0698692798614502,0.19128048419952393,-0.5103276968002319
1790107903082868000,61.649867919921874,-1.0542546510696411,0.035243209451436996,-0.527948260307312
1790107903092811800,61.65981176757813,-1.0974434614181519,-0.009337575174868107,-0.5033121705055237
1790107903102755800,61.669755859375,-1.1361454725265503,-0.08641798049211502,-0.4843517541885376
1790107903112701000,61.67970092773437,-1.1703226566314697,-0.1137462705373764,-0.4438871741294861
1790107903122645000,61.68964501953125,-1.260096549987793,-0.13795600831508636,-0.36223119497299194
1790107903132588800,61.6995888671875,-1.3100837469100952,-0.20750205218791962,-0.3445616364479065
1790107903142534000,61.70953393554687,-1.3564435243606567,-0.29544496536254883,-0.3769427537918091
1790107903152478000,61.71947802734375,-1.3869290351867676,-0.33132946491241455,-0.3714425265789032
1790107903162422000,61.72942211914062,-1.4199907779693604,-0.3373734951019287,-0.3248313367366791
1790107903172366800,61.73936694335937,-1.4226489067077637,-0.36644455790519714,-0.2968631088733673
1790107903182311000,61.749310791015624,-1.4160884618759155,-0.39426982402801514,-0.2811448574066162
1790107903192254700,61.75925463867188,-1.394452691078186,-0.45626765489578247,-0.25869494676589966
1790107903202199800,61.76919970703125,-1.3064594268798828,-0.552392840385437,-0.26646125316619873
1790107903212143900,61.77914379882812,-1.2391570806503296,-0.6763542294502258,-0.238891139626503
1790107903222088000,61.789087890625,-1.1694499254226685,-0.7752142548561096,-0.17236803472042084
1790107903232032800,61.79903271484375,-1.0771772861480713,-0.7785780429840088,-0.07159136235713959
1790107903241977000,61.80897705078125,-0.9578357338905334,-0.6377890110015869,0.02297988347709179
1790107903251921000,61.8189208984375,-0.8128769397735596,-0.3785611689090729,0.10497382283210754
1790107903261865700,61.82886572265625,-0.6634959578514099,-0.1425078809261322,0.17303116619586945
1790107903271809800,61.83880981445313,-0.555966854095459,-0.03093740902841091,0.2146875411272049
1790107903281753900,61.84875390625,-0.4493386447429657,0.05805877596139908,0.19303204119205475
1790107903291699000,61.858698974609375,-0.33436599373817444,0.12587697803974152,0.202315554022789
1790107903301643000,61.86864306640625,-0.24640950560569763,0.19754290580749512,0.2786659896373749
1790107903311586800,61.8785869140625,-0.16151565313339233,0.2820892035961151,0.3572867512702942
1790107903321531600,61.88853173828125,-0.057383131235837936,0.4302411377429962,0.3972834348678589
1790107903331476000,61.89847607421875,0.04650038853287697,0.5293722152709961,0.41908276081085205
1790107903341420800,61.9084208984375,0.14763952791690826,0.4441971480846405,0.4663349390029907
1790107903351364900,61.91836474609375,0.2660615146160126,0.27792537212371826,0.48457521200180054
1790107903361309000,61.928308837890626,0.39797666668891907,0.23878301680088043,0.4290291368961334
1790107903371254000,61.93825390625,0.5179022550582886,0.3000788688659668,0.37444230914115906
1790107903381197800,61.94819775390625,0.6187140941619873,0.3743285834789276,0.3668174147605896
1790107903391142000,61.958141845703125,0.7112634778022766,0.43031224608421326,0.39512789249420166
1790107903401086700,61.968086669921874,0.8142644166946411,0.46818292140960693,0.42429882287979126
1790107903411030800,61.97803076171875,0.9313058257102966,0.5044823288917542,0.4241779148578644
1790107903420974800,61.987974853515624,1.027521014213562,0.5033302307128906,0.397687166929245
1790107903430920000,61.997919921875,1.1226356029510498,0.4750877022743225,0.3810810446739197
1790107903440863700,62.00786376953125,1.2428953647613525,0.47278034687042236,0.3778064250946045
1790107903450807800,62.01780786132812,1.3765450716018677,0.4482635259628296,0.3794647753238678
1790107903460753000,62.0277529296875,1.468810796737671,0.3823718726634979,0.36103835701942444
1790107903470697000,62.03769702148438,1.546115517616272,0.287252813577652,0.3420260548591614
1790107903480640800,62.04764086914062,1.6024445295333862,0.22839295864105225,0.3407464027404785
1790107903490585900,62.0575859375,1.667320966720581,0.16891126334667206,0.3193196654319763
1790107903500529700,62.06752978515625,1.7344731092453003,0.059356000274419785,0.2969864010810852
1790107903510474000,62.07747387695313,1.7876793146133423,-0.09579310566186905,0.2980271577835083
1790107903520418800,62.08741870117188,1.8520658016204834,-0.214738667011261,0.3492749035358429
1790107903530363000,62.09736279296875,1.9378297328948975,-0.2812652289867401,0.3855498135089874
1790107903540306700,62.107306640625,2.0349724292755127,-0.21169574558734894,0.420850545167923
1790107903550252000,62.117251953125,2.123070240020752,-0.20151713490486145,0.4760461747646332
1790107903560195800,62.12719580078125,2.182304620742798,-0.2989502251148224,0.5624201893806458
1790107903570140000,62.137139892578126,2.235943078994751,-0.44524085521698,0.6166008710861206
1790107903580084700,62.147084716796876,2.2611939907073975,-0.5918310880661011,0.61177659034729
1790107903590028800,62.15702880859375,2.290800094604492,-0.7704501152038574,0.6120708584785461
1790107903599972900,62.166972900390626,2.3175888061523438,-0.9917678236961365,0.6414854526519775
1790107903609918000,62.17691796875,2.2829926013946533,-1.2161239385604858,0.6381940841674805
1790107903619861800,62.18686181640625,2.142942190170288,-1.4395900964736938,0.5675803422927856
1790107903629805800,62.196805908203125,1.805023193359375,-1.5977100133895874,0.541321337223053
1790107903639751000,62.2067509765625,1.436376929283142,-1.6586263179779053,0.640990674495697
1790107903649695000,62.21669506835938,1.2362502813339233,-1.5902507305145264,0.7989723086357117
1790107903659638800,62.226638671875,1.1427253484725952,-1.3783546686172485,0.9148656129837036
1790107903669584000,62.236583984375,1.0489221811294556,-1.050681233406067,0.950186014175415
1790107903679527200,62.246527099609374,0.9028592705726624,-0.6829458475112915,0.9503352046012878
1790107903689471200,62.25647119140625,0.8181214928627014,-0.2536216080188751,0.966989278793335
1790107903699416000,62.266416015625,0.7659695744514465,0.18777203559875488,0.9216265678405762
1790107903709360400,62.2763603515625,0.8063127398490906,0.12863866984844208,0.859775722026825
1790107903719305200,62.28630517578125,0.8929360508918762,-0.5409380793571472,0.8278902173042297
1790107903729249300,62.296249267578126,0.9314365983009338,-1.1421113014221191,0.8403990864753723
1790107903739193000,62.30619311523437,0.9088236689567566,-1.19758141040802,0.8791840672492981
1790107903749138400,62.31613842773437,0.8441085815429688,-0.9213820695877075,0.858199954032898
1790107903759082200,62.326082275390625,0.7127942442893982,-0.850653886795044,0.8121280670166016
1790107903769026300,62.3360263671875,0.5374200344085693,-0.6393887400627136,0.7683515548706055
1790107903778971100,62.34597119140625,0.35776105523109436,-0.3218366205692291,0.6606003046035767
1790107903788915200,62.355915283203124,0.19089698791503906,-0.20283620059490204,0.4926469922065735
1790107903798859300,62.365859375,0.0016476977616548538,-0.2508050501346588,0.35626038908958435
1790107903808804400,62.37580444335938,-0.17789942026138306,-0.10391521453857422,0.2680380940437317
1790107903818748200,62.385748046875,-0.351205974817276,0.18422096967697144,0.18253439664840698
1790107903828692200,62.395692138671876,-0.5275633931159973,0.2095942348241806,0.11368262022733688
1790107903838637300,62.40563720703125,-0.6610317230224609,0.09901472926139832,0.09505034983158112
1790107903848581400,62.41558129882812,-0.736566424369812,0.15761040151119232,0.1171945333480835
1790107903858525200,62.425525146484375,-0.8014591336250305,0.13619379699230194,0.10313171148300171
1790107903868470300,62.43547021484375,-0.8552739024162292,0.03087668865919113,0.09408149123191833
1790107903878414000,62.4454140625,-0.9008957147598267,-0.10000862181186676,0.1376071274280548
1790107903888358400,62.4553583984375,-0.9261877536773682,-0.15945890545845032,0.20906959474086761
1790107903898303200,62.46530322265625,-0.9300717115402222,-0.13033883273601532,0.27814745903015137
1790107903908247300,62.47524731445313,-0.9254383444786072,-0.1088484525680542,0.31488949060440063
1790107903918191000,62.48519116210937,-0.9070822596549988,-0.14085298776626587,0.3613837659358978
1790107903928136400,62.495136474609374,-0.8679643869400024,-0.12554220855236053,0.416211873292923
1790107903938080300,62.50508032226563,-0.8193238973617554,-0.04388809576630592,0.4867504835128784
1790107903948024300,62.5150244140625,-0.8078046441078186,0.036190494894981384,0.5578544735908508
1790107903957969200,62.52496923828125,-0.8058637380599976,0.10728783905506134,0.6086716055870056
1790107903967913200,62.534913330078126,-0.766082763671875,0.23237837851047516,0.6329851746559143
1790107903977857300,62.54485717773437,-0.6770815253257751,0.3933528959751129,0.6360145211219788
1790107903987802400,62.55480224609375,-0.5398659110069275,0.5337920188903809,0.6116932034492493
1790107903997746200,62.56474609375,-0.3499920964241028,0.5574832558631897,0.5564387440681458
1790107904007690200,62.57469018554688,-0.20766903460025787,0.3848438262939453,0.46551841497421265
1790107904017635300,62.58463525390625,-0.23245534300804138,0.09645703434944153,0.3921230435371399
1790107904027579400,62.594579345703124,-0.40873610973358154,-0.14090971648693085,0.38511306047439575
1790107904037523200,62.60452319335938,-0.6061226725578308,-0.22337529063224792,0.43199774622917175
1790107904047468300,62.61446826171875,-0.7625735402107239,-0.11729813367128372,0.4840998351573944
1790107904057412000,62.624412109375,-0.8852264881134033,0.10313011705875397,0.46310240030288696
1790107904067356400,62.6343564453125,-1.028315782546997,0.4009447693824768,0.3738148808479309
1790107904077301200,62.64430126953125,-1.147197961807251,0.6578194499015808,0.2501717507839203
1790107904087245300,62.65424536132812,-1.2304725646972656,0.7644891738891602,0.16679777204990387
1790107904097189000,62.664189208984375,-1.3346823453903198,0.7717995047569275,0.1266050785779953
1790107904107134500,62.674134521484376,-1.4171385765075684,0.6206188201904297,0.08283203095197678
1790107904117078300,62.68407836914062,-1.410800576210022,0.322407603263855,0.02743375487625599
1790107904127022300,62.694022216796874,-1.3671497106552124,-0.008347145281732082,-0.037150830030441284
1790107904136967200,62.70396728515625,-1.3493590354919434,-0.2152705043554306,-0.1275683492422104
1790107904146911200,62.7139111328125,-1.3407013416290283,-0.29640236496925354,-0.1862708032131195
1790107904156856300,62.72385620117188,-1.3291914463043213,-0.2798449695110321,-0.2053627371788025
1790107904166800400,62.73380029296875,-1.3357912302017212,-0.1892511546611786,-0.2177528291940689
1790107904176744200,62.743744140625,-1.356711983680725,-0.029017003253102303,-0.26347026228904724
1790107904186689000,62.75368896484375,-1.3994914293289185,0.09983977675437927,-0.35385528206825256
1790107904196633300,62.76363330078125,-1.4212312698364258,0.176557719707489,-0.45950794219970703
1790107904206577400,62.773577392578126,-1.4081085920333862,0.23802214860916138,-0.5087500214576721
1790107904216522200,62.783522216796875,-1.3526474237442017,0.32525506615638733,-0.5154561400413513
1790107904226466300,62.79346630859375,-1.2653045654296875,0.38710376620292664,-0.488238126039505
1790107904236410000,62.80341015625,-1.2030292749404907,0.40587666630744934,-0.425177663564682
1790107904246355200,62.813355224609374,-1.1765022277832031,0.3588590919971466,-0.38649898767471313
1790107904256299300,62.82329931640625,-1.2284770011901855,0.27894747257232666,-0.39654868841171265
1790107904266243300,62.833243408203124,-1.2954076528549194,0.1426439732313156,-0.47221148014068604
1790107904276188200,62.84318823242187,-1.378541111946106,-0.007457649800926447,-0.521891713142395
1790107904286132200,62.85313232421875,-1.372178554534912,-0.16685156524181366,-0.5638732314109802
1790107904296076300,62.863076171875,-1.333631992340088,-0.22322669625282288,-0.5766095519065857
1790107904306021000,62.87302124023437,-1.2709723711013794,-0.1650262326002121,-0.6153931617736816
1790107904315965200,62.882965087890625,-1.2326464653015137,-0.06649673730134964,-0.6262900233268738
1790107904325909200,62.8929091796875,-1.2338500022888184,-0.09501359611749649,-0.5903810262680054
1790107904335854300,62.90285424804687,-1.1886614561080933,-0.24056413769721985,-0.5392411351203918
1790107904345798100,62.912798095703124,-1.09842848777771,-0.36957457661628723,-0.5285661220550537
1790107904355742200,62.9227421875,-0.9516574144363403,-0.4162701964378357,-0.5720571279525757
1790107904365687300,62.93268725585938,-0.7635261416435242,-0.3095993995666504,-0.6169233918190002
1790107904375631400,62.94263134765625,-0.5805855989456177,-0.15245318412780762,-0.6419563293457031
1790107904385575200,62.9525751953125,-0.3901413679122925,-0.030650321394205093,-0.6625691652297974
1790107904395520300,62.96252026367188,-0.22719959914684296,0.14065511524677277,-0.6645689606666565
1790107904405464000,62.97246411132812,-0.10000702738761902,0.2737700343132019,-0.6103312969207764
1790107904415408400,62.98240844726563,0.03394465148448944,0.2937797009944916,-0.5891439318656921
1790107904425353200,62.992353271484376,0.19126902520656586,0.4415118992328644,-0.6753275990486145
1790107904435297300,63.00229736328125,0.47821903228759766,0.8315097093582153,-0.7725276350975037
1790107904445241000,63.012240966796874,0.6929912567138672,1.0350146293640137,-0.6410396695137024
1790107904455186400,63.0221865234375,0.7032124996185303,0.9214769005775452,-0.3457565903663635
1790107904465130200,63.03213012695313,0.5683175325393677,0.9865584373474121,-0.19209061563014984
1790107904475074300,63.04207421875,0.6743177175521851,0.7909300923347473,-0.3313845992088318
1790107904485019100,63.05201904296875,0.7909175753593445,0.482602596282959,-0.4358028769493103
1790107904494963200,63.06196313476563,0.9140810370445251,0.3547426462173462,-0.47351697087287903
1790107904504907300,63.0719072265625,1.0182369947433472,0.38814640045166016,-0.4263949990272522
1790107904514852400,63.08185229492187,1.0866514444351196,0.4347245693206787,-0.3599832057952881
1790107904524796200,63.091796142578126,1.0737478733062744,0.27895545959472656,-0.3230542242527008
1790107904534740200,63.101740234375,1.0713212490081787,0.06124471500515938,-0.3158181607723236
1790107904544685300,63.11168530273437,1.1202903985977173,-0.0031617048662155867,-0.32818159461021423
1790107904554629400,63.12162939453125,1.2034246921539307,0.08595804870128632,-0.31750205159187317
1790107904564573200,63.1315732421875,1.295395851135254,0.21477355062961578,-0.2872147262096405
1790107904574518300,63.14151831054688,1.3619061708450317,0.2586003839969635,-0.22152866423130035
1790107904584462000,63.151462158203124,1.4023377895355225,0.23868981003761292,-0.12234722077846527
1790107904594406400,63.16140649414063,1.450798511505127,0.21620845794677734,-0.01985306665301323
1790107904604351200,63.17135131835938,1.516841173171997,0.24369202554225922,0.04511075094342232
1790107904614295300,63.18129541015625,1.5751433372497559,0.25297820568084717,0.07253731787204742
1790107904624239000,63.191239013671876,1.6361860036849976,0.2843608856201172,0.07320656627416611
1790107904634184400,63.20118432617188,1.7169008255004883,0.3588758707046509,0.08927927911281586
1790107904644128300,63.21112817382812,1.785367727279663,0.41825929284095764,0.13463345170021057
1790107904654072300,63.221072265625,1.834692120552063,0.41124585270881653,0.1728825569152832
1790107904664017200,63.23101708984375,1.858059287071228,0.2889854609966278,0.1963876187801361
1790107904673961500,63.24096142578125,1.850083827972412,0.20186227560043335,0.18630756437778473
1790107904683906300,63.25090625,1.8259409666061401,0.1342179924249649,0.14210841059684753
1790107904693850400,63.260850341796875,1.7937146425247192,0.0588420107960701,0.11251749098300934
1790107904703794400,63.27079443359375,1.7988218069076538,0.16338492929935455,0.11900655180215836
1790107904713738500,63.280738525390625,1.827506422996521,0.3543711304664612,0.08373510837554932
1790107904723683300,63.290683349609374,1.8597346544265747,0.22312548756599426,-0.09162099659442902
1790107904733627400,63.30062744140625,1.7718011140823364,-0.09400185942649841,-0.33261123299598694
1790107904743572500,63.31057250976563,1.571239709854126,-0.5397852063179016,-0.48475950956344604
1790107904753516500,63.3205166015625,1.3201051950454712,-0.9781505465507507,-0.537432849407196
1790107904763460400,63.33046044921875,1.0932353734970093,-1.349085807800293,-0.41732001304626465
1790107904773405400,63.34040551757813,1.063772201538086,-1.5712746381759644,-0.30878499150276184
1790107904783349200,63.35034936523437,1.0872474908828735,-1.6313049793243408,-0.3327009975910187
1790107904793293600,63.36029345703125,1.1238963603973389,-1.1538020372390747,-0.31763309240341187
1790107904803237400,63.3702373046875,1.0679064989089966,-0.28738489747047424,-0.20372170209884644
1790107904813182500,63.38018237304688,1.1000170707702637,0.5129083395004272,-0.05870805308222771
1790107904823126300,63.390126220703124,1.2151471376419067,0.6169289946556091,0.12505805492401123
1790107904833071400,63.4000712890625,1.2404104471206665,0.26938965916633606,0.22118884325027466
1790107904843015400,63.41001538085938,1.1573280096054077,0.06375101953744888,0.23110884428024292
1790107904852959500,63.41995947265625,1.1016602516174316,0.07907617837190628,0.21895605325698853
1790107904862904300,63.429904296875,1.1650506258010864,-0.12148302048444748,0.11118058115243912
1790107904872848400,63.43984838867188,1.170384407043457,-0.20239944756031036,0.0000798948312876746
1790107904882792400,63.44979248046875,1.1127715110778809,-0.19980871677398682,-0.05753865838050842
1790107904892737300,63.4597373046875,0.903624951839447,-0.3171699643135071,-0.06437579542398453
1790107904902681300,63.469681396484376,0.6615726351737976,-0.44783130288124084,-0.02623160369694233
1790107904912625400,63.47962548828125,0.44115954637527466,-0.3257533311843872,0.017372332513332367
1790107904922570500,63.48957055664062,0.24353915452957153,-0.17882300913333893,0.036854952573776245
1790107904932514300,63.499514404296875,0.05224216729402542,-0.1099933460354805,0.045761097222566605
1790107904942458400,63.50945825195313,-0.15282922983169556,-0.15663833916187286,0.04489317163825035
1790107904952403200,63.5194033203125,-0.32722073793411255,-0.21452908217906952,0.04030081629753113
1790107904962347300,63.52934716796875,-0.4260197579860687,-0.03069586120545864,0.05814026668667793
1790107904972291600,63.53929150390625,-0.5122039318084717,0.005832056514918804,0.03627065569162369
1790107904982236400,63.549236328125,-0.6370196342468262,-0.2098349928855896,-0.0012146678054705262
1790107904992180200,63.55918017578125,-0.7464038729667664,-0.3948213458061218,-0.0046269758604466915
1790107905002124300,63.569124267578125,-0.8022679686546326,-0.3612098693847656,0.03836682811379433
1790107905012069400,63.5790693359375,-0.8325288891792297,-0.11603126674890518,0.0720057487487793
1790107905022013400,63.58901342773437,-0.9029895067214966,-0.02635916881263256,0.035297270864248276
1790107905031957500,63.59895751953125,-0.9802871942520142,-0.035942286252975464,-0.001121989800594747
1790107905041902300,63.60890234375,-1.0222234725952148,0.10946177691221237,0.013432717882096767
1790107905051846100,63.61884619140625,-1.0428451299667358,0.26631078124046326,0.036620330065488815
1790107905061790500,63.62879052734375,-1.0559146404266357,0.28134167194366455,0.030436202883720398
1790107905071735300,63.6387353515625,-1.034615159034729,0.22412897646427155,0.0046876962296664715
1790107905081679400,63.64867944335938,-0.9887883067131042,0.2597002685070038,-0.031385619193315506
1790107905091623400,63.65862353515625,-0.9556146264076233,0.33857032656669617,-0.10905111581087112
1790107905101568500,63.668568603515624,-0.9680161476135254,0.43763354420661926,-0.20100820064544678
1790107905111512300,63.67851220703125,-1.0174846649169922,0.4890668988227844,-0.29188963770866394
1790107905121456400,63.68845629882812,-1.0477626323699951,0.4724527597427368,-0.37249740958213806
1790107905131401200,63.69840112304688,-1.047226071357727,0.3578031361103058,-0.4528324604034424
1790107905141345300,63.70834521484375,-1.0156062841415405,0.17102953791618347,-0.5067760944366455
1790107905151289300,63.71828930664063,-0.960347056388855,0.05747314542531967,-0.5082621574401855
1790107905161234400,63.728234375,-0.878004789352417,0.05065678432583809,-0.4761827886104584
1790107905171178200,63.73817822265625,-0.7906853556632996,0.0252787247300148,-0.49267733097076416
1790107905181122300,63.74812231445313,-0.7752634882926941,-0.014332866296172142,-0.5341302156448364
1790107905191067400,63.7580673828125,-0.8525692224502563,-0.018263425678014755,-0.5521600842475891
1790107905201011500,63.768011474609374,-0.9762130975723267,0.023495739325881004,-0.5796612501144409
1790107905210955300,63.777955322265626,-1.0780084133148193,0.13498631119728088,-0.6119177341461182
1790107905220900400,63.787900390625,-1.1318037509918213,0.3086710274219513,-0.6269709467887878
1790107905230844400,63.79784448242187,-1.136157751083374,0.47841131687164307,-0.6184704303741455
1790107905240788500,63.80778857421875,-1.1116281747817993,0.5593980550765991,-0.6108777523040771
1790107905250733300,63.8177333984375,-1.0822726488113403,0.5109663605690002,-0.6148282885551453
1790107905260677400,63.82767749023437,-1.0333081483840942,0.4259113669395447,-0.600882351398468
1790107905270621200,63.83762109375,-0.9677929878234863,0.3633750081062317,-0.5580909848213196
1790107905280566500,63.84756640625,-0.9158706665039062,0.31474781036376953,-0.470904141664505
1790107905290510300,63.85751025390625,-0.9243224859237671,0.2398054003715515,-0.4217512309551239
1790107905300454400,63.86745434570312,-0.9903779625892639,0.10139559954404831,-0.4708961546421051
1790107905310399200,63.87739916992187,-1.0920393466949463,-0.05588750168681145,-0.5502761602401733
1790107905320343600,63.88734350585938,-1.198009967803955,-0.22777670621871948,-0.5994485020637512
1790107905330287400,63.89728735351562,-1.3176857233047485,-0.40139511227607727,-0.5711601376533508
1790107905340232400,63.907232421875,-1.4037002325057983,-0.5412278175354004,-0.5181052088737488
1790107905350176300,63.91717626953125,-1.42069411277771,-0.610805332660675,-0.48522448539733887
1790107905360120300,63.92712036132812,-1.3925302028656006,-0.579572319984436,-0.4973258972167969
1790107905370065400,63.9370654296875,-1.3576401472091675,-0.47066259384155273,-0.5109649896621704
1790107905380009500,63.947009521484375,-1.3268944025039673,-0.34101244807243347,-0.519429087638855
1790107905389953300,63.95695336914063,-1.2897353172302246,-0.22951547801494598,-0.5323975682258606
1790107905399898400,63.9668984375,-1.259432315826416,-0.18907324969768524,-0.5386576056480408
1790107905409842400,63.976842529296874,-1.254353404045105,-0.1877211630344391,-0.5216628909111023
1790107905419786500,63.98678637695313,-1.284110188484192,-0.27129170298576355,-0.4749598503112793
1790107905429731300,63.9967314453125,-1.3202961683273315,-0.397945761680603,-0.47228845953941345
1790107905439675400,64.00667529296875,-1.3600196838378906,-0.4748104512691498,-0.46253007650375366
1790107905449619200,64.016619140625,-1.3544669151306152,-0.44206368923187256,-0.4387081265449524
1790107905459564500,64.026564453125,-1.307633876800537,-0.3350496292114258,-0.42009103298187256
1790107905469508400,64.03650830078125,-1.2398040294647217,-0.21283504366874695,-0.3512246012687683
1790107905479452400,64.04645239257812,-1.1154199838638306,-0.11581501364707947,-0.241544708609581
1790107905489397200,64.05639721679688,-0.9752184152603149,-0.05431756749749184,-0.14977164566516876
1790107905499341600,64.06634155273437,-0.8846078515052795,-0.005095425993204117,-0.10362599045038223
1790107905509285400,64.07628540039063,-0.7986676096916199,0.030594393610954285,-0.05192498117685318
1790107905519230500,64.08623046875,-0.6710806488990784,0.05886464938521385,0.043237220495939255
1790107905529174300,64.09617431640625,-0.48746445775032043,0.10261399298906326,0.2233462631702423
1790107905539118300,64.10611840820313,-0.31528446078300476,0.25898122787475586,0.4012789726257324
1790107905549063400,64.1160634765625,-0.17122767865657806,0.4828350841999054,0.4686758816242218
1790107905559007500,64.12600756835937,-0.04387957230210304,0.5707809329032898,0.48160311579704285
1790107905568951300,64.13595141601563,0.07789346575737,0.6044158339500427,0.4960337281227112
1790107905578896400,64.145896484375,0.1944245994091034,0.6380944848060608,0.4893721044063568
1790107905588840400,64.15584033203125,0.3112249970436096,0.5757197737693787,0.514063835144043
1790107905598784500,64.16578442382813,0.4302733540534973,0.5011957287788391,0.5175885558128357
1790107905608729300,64.17572924804688,0.518319308757782,0.4402490258216858,0.5259183645248413
1790107905618673400,64.18567333984375,0.6136232018470764,0.43205687403678894,0.5548299551010132
1790107905628617200,64.1956171875,0.7316715717315674,0.4475412964820862,0.5849084854125977
1790107905638562600,64.2055625,0.8493662476539612,0.4786960184574127,0.5942545533180237
1790107905648506400,64.21550634765624,0.9390265941619873,0.483866810798645,0.5795379281044006
1790107905658450400,64.22545043945313,1.0154281854629517,0.5419178605079651,0.5262688398361206
1790107905668395300,64.23539526367188,1.0964727401733398,0.6199485063552856,0.46709156036376953
1790107905678339000,64.24533911132812,1.1652644872665405,0.5957568287849426,0.43687906861305237
1790107905688283000,64.25528295898438,1.2260633707046509,0.49594637751579285,0.42489510774612427
1790107905698228000,64.26522802734375,1.2786712646484375,0.39982542395591736,0.403287798166275
1790107905708171800,64.275171875,1.3252938985824585,0.4339626431465149,0.3515050411224365
1790107905718115800,64.28511572265624,1.3695659637451172,0.5453701019287109,0.30900952219963074
1790107905728061000,64.29506103515625,1.4225008487701416,0.639799952507019,0.30351728200912476
1790107905738005000,64.3050048828125,1.4855672121047974,0.6886375546455383,0.32786574959754944
1790107905747948800,64.31494873046876,1.5467774868011475,0.6479033827781677,0.3487153649330139
1790107905757894100,64.32489404296875,1.601269245147705,0.6227660775184631,0.3597848117351532
1790107905767838000,64.334837890625,1.6483217477798462,0.6996941566467285,0.3105352222919464
1790107905777782000,64.34478198242188,1.6920031309127808,0.733359694480896,0.1841333508491516
1790107905787726800,64.35472680664063,1.7389038801193237,0.6836254596710205,0.0832434892654419
1790107905797671000,64.3646708984375,1.757200837135315,0.5613797307014465,0.03867762163281441
1790107905807614700,64.37461474609376,1.7573249340057373,0.3483388125896454,0.028895298019051552
1790107905817560000,64.38456005859375,1.7801642417907715,0.22357583045959473,0.03187723830342293
1790107905827503900,64.39450390625,1.8361904621124268,0.21232770383358002,0.008804144337773323
1790107905837448000,64.40444799804688,1.8956316709518433,0.04742344096302986,-0.08399849385023117
1790107905847393000,64.41439306640625,1.9031484127044678,-0.22235211730003357,-0.189914271235466
1790107905857337000,64.42433715820313,1.8600680828094482,-0.5106558203697205,-0.29854196310043335
1790107905867281000,64.43428100585938,1.8046927452087402,-0.673424482345581,-0.3795830011367798
1790107905877226000,64.44422607421875,1.8020350933074951,-0.7495861053466797,-0.3571102023124695
1790107905887169800,64.45416967773437,1.7406713962554932,-0.8427711725234985,-0.24966496229171753
1790107905897114000,64.46411401367187,1.6482524871826172,-0.8270473480224609,-0.18062889575958252
1790107905907059000,64.47405883789062,1.5541659593582153,-0.5070229768753052,-0.19231592118740082
1790107905917003000,64.4840029296875,1.412842869758606,-0.09794014692306519,-0.22592979669570923
1790107905926946800,64.49394677734375,1.2534476518630981,0.3569440245628357,-0.19474364817142487
1790107905936892200,64.50389208984375,1.1361361742019653,0.692707359790802,-0.011952267028391361
1790107905946836000,64.5138359375,1.165582537651062,0.7432946562767029,0.08235585689544678
1790107905956780000,64.52378002929687,1.2341331243515015,0.31402716040611267,0.08732478320598602
1790107905966724900,64.53372485351562,1.2670886516571045,-0.4115856885910034,0.08364855498075485
1790107905976669000,64.5436689453125,1.2906850576400757,-0.9108554124832153,0.16268078982830048
1790107905986613000,64.55361303710937,1.3363033533096313,-0.9471774697303772,0.3304128050804138
1790107905996557800,64.56355786132812,1.3627656698226929,-0.6374379992485046,0.44553273916244507
1790107906006502000,64.573501953125,1.301358938217163,-0.4766714870929718,0.4023993909358978
1790107906016446000,64.58344604492187,1.1855213642120361,-0.4424535930156708,0.262334406375885
1790107906026391000,64.59339111328126,1.0461312532424927,-0.5122513175010681,0.12912309169769287
1790107906036335000,64.60333520507812,0.8127312660217285,-0.4204891622066498,0.029460420832037926
1790107906046279000,64.61327880859375,0.5457080602645874,-0.2071063071489334,-0.06382159143686295
1790107906056223700,64.6232236328125,0.2942657172679901,-0.04978460073471069,-0.09876705706119537
1790107906066167800,64.63316772460938,0.09494622051715851,0.005628857295960188,-0.07838694751262665
1790107906076112100,64.64311206054687,-0.07257167249917984,-0.06454011052846909,-0.05419772490859032
1790107906086057000,64.65305688476562,-0.20608898997306824,-0.05104108154773712,-0.04784874990582466
1790107906096001000,64.6630009765625,-0.33270710706710815,-0.01690414920449257,-0.08130151033401489
1790107906105944800,64.67294482421875,-0.4673099219799042,-0.0192586500197649,-0.1332472711801529
1790107906115890000,64.68288989257813,-0.6000123023986816,-0.01164600346237421,-0.1863240748643875
1790107906125834000,64.692833984375,-0.7365829348564148,-0.07046111673116684,-0.2446552813053131
1790107906135778000,64.70277807617188,-0.8213497400283813,-0.008200671523809433,-0.2784188389778137
1790107906145723000,64.71272290039063,-0.8674080967903137,0.09148065000772476,-0.2983259856700897
1790107906155667000,64.7226669921875,-0.9032694101333618,0.11300085484981537,-0.32024750113487244
1790107906165611000,64.73261108398438,-0.9430863261222839,0.057320814579725266,-0.3244180381298065
1790107906175555800,64.74255590820313,-0.9777327179908752,0.01215786300599575,-0.30901724100112915
1790107906185500000,64.7525,-0.9916647672653198,0.07867830246686935,-0.2789807617664337
1790107906195444000,64.76244384765624,-0.981049120426178,0.2613447904586792,-0.23387214541435242
1790107906205389000,64.77238916015625,-0.984619140625,0.2890733480453491,-0.24507740139961243
1790107906215332900,64.78233276367187,-0.9956560730934143,0.10573601722717285,-0.30510610342025757
1790107906225277000,64.79227685546876,-0.9965394139289856,0.03260534629225731,-0.3254731595516205
1790107906235221800,64.8022216796875,-0.9842659831047058,0.1717909276485443,-0.2924387753009796
1790107906245165800,64.81216577148437,-0.9718263745307922,0.3716510534286499,-0.26165077090263367
1790107906255110100,64.82211010742188,-0.9501266479492188,0.42872631549835205,-0.28550204634666443
1790107906265055000,64.83205493164063,-0.9263917803764343,0.34075039625167847,-0.3265205919742584
1790107906274998800,64.84199877929687,-0.9000296592712402,0.27995121479034424,-0.35058891773223877
1790107906284942800,64.85194287109375,-0.8747450709342957,0.21682631969451904,-0.3814794421195984
1790107906294888000,64.86188793945313,-0.8641435503959656,0.11358381807804108,-0.42393583059310913
1790107906304832000,64.87183203125,-0.8622586131095886,0.012389292009174824,-0.45466551184654236
1790107906314776000,64.88177612304688,-0.8834434747695923,0.008533034473657608,-0.43766096234321594
1790107906324721000,64.89172094726563,-0.9148525595664978,0.009454221464693546,-0.38799139857292175
1790107906334664700,64.90166479492187,-0.9354187846183777,-0.022976156324148178,-0.3530925512313843
1790107906344609000,64.91160913085938,-0.9699336290359497,-0.0199220422655344,-0.3279528319835663
1790107906354553900,64.92155395507812,-1.0726091861724854,0.05426403880119324,-0.348223477602005
1790107906364498000,64.93149780273437,-1.1616843938827515,0.17306578159332275,-0.4139609634876251
1790107906374442000,64.94144189453125,-1.2475171089172363,0.2921266555786133,-0.4913649260997772
1790107906384387000,64.95138696289062,-1.3349124193191528,0.36444294452667236,-0.5574022531509399
1790107906394331000,64.96133081054687,-1.4057759046554565,0.3898676037788391,-0.6044754981994629
1790107906404275000,64.97127490234375,-1.4487804174423218,0.340977281332016,-0.6062601208686829
1790107906414219800,64.9812197265625,-1.4605540037155151,0.21708597242832184,-0.5555074214935303
1790107906424163800,64.99116381835937,-1.4217925071716309,0.04806925728917122,-0.46549391746520996
1790107906434108000,65.00110791015625,-1.382739543914795,-0.10268429666757584,-0.389274001121521
1790107906444053000,65.01105297851562,-1.352554202079773,-0.23185986280441284,-0.3904508352279663
1790107906453996800,65.02099682617188,-1.3346279859542847,-0.30188873410224915,-0.42240798473358154
1790107906463940900,65.03094091796875,-1.3391937017440796,-0.29427796602249146,-0.4421236217021942
1790107906473886000,65.04088598632812,-1.3942415714263916,-0.2592930793762207,-0.42269691824913025
1790107906483830000,65.050830078125,-1.4157981872558594,-0.2867753207683563,-0.3975018262863159
1790107906493773800,65.06077392578125,-1.3690317869186401,-0.3746226131916046,-0.41921138763427734
1790107906503719000,65.07071899414062,-1.3010705709457397,-0.47240588068962097,-0.44261443614959717
1790107906513662700,65.08066284179688,-1.2291162014007568,-0.5486748218536377,-0.4456517696380615
1790107906523607000,65.09060693359375,-1.1892564296722412,-0.568682074546814,-0.43754857778549194
1790107906533551900,65.1005517578125,-1.1819686889648438,-0.6286607384681702,-0.45032188296318054
1790107906543496000,65.11049584960938,-1.1938410997390747,-0.7409132719039917,-0.46875256299972534
1790107906553439700,65.12043969726562,-1.2045536041259766,-0.8325691223144531,-0.4640587568283081
1790107906563385000,65.13038500976562,-1.2399810552597046,-0.830338716506958,-0.4500896632671356
1790107906573329000,65.14032885742188,-1.2286081314086914,-0.7281492352485657,-0.40778669714927673
1790107906583273000,65.15027294921875,-1.1966911554336548,-0.5873697400093079,-0.35894855856895447
1790107906593217800,65.1602177734375,-1.146916151046753,-0.3699045479297638,-0.2698349356651306
1790107906603161900,65.17016186523438,-1.109186053276062,-0.10050903260707855,-0.18668146431446075
1790107906613106000,65.18010595703124,-1.0753042697906494,0.07295676320791245,-0.12867648899555206
1790107906623051000,65.19005102539063,-1.003766417503357,0.07871425151824951,-0.021228322759270668
1790107906632994800,65.19999487304688,-0.9320730566978455,0.03025936894118786,0.06884004920721054
1790107906642939000,65.20993896484374,-0.8600532412528992,-0.09927092492580414,0.10846282541751862
1790107906652884000,65.21988403320313,-0.7312821745872498,-0.17945337295532227,0.11756923794746399
1790107906662828000,65.229828125,-0.5744044184684753,-0.06905683130025864,0.15919284522533417
1790107906672771800,65.23977172851562,-0.40471047163009644,0.09527325630187988,0.2456502467393875
1790107906682717400,65.24971752929687,-0.2841600775718689,0.15377357602119446,0.33121708035469055
1790107906692661500,65.25966162109376,-0.18717947602272034,0.14218510687351227,0.3915373980998993
1790107906702605800,65.26960571289062,-0.07851611077785492,0.13474157452583313,0.44636815786361694
1790107906712550700,65.27955053710937,0.03051263466477394,0.15860216319561005,0.4752892851829529
1790107906722494700,65.28949462890625,0.16033880412578583,0.3082646131515503,0.45698219537734985
1790107906732438500,65.2994384765625,0.3151169419288635,0.41116863489151,0.4559531509876251
1790107906742383600,65.30938354492187,0.4544263482093811,0.3878191113471985,0.48435309529304504
1790107906752327700,65.31932763671875,0.5505579710006714,0.32091331481933594,0.5344122648239136
1790107906762271700,65.32927172851562,0.6389786005020142,0.3282540440559387,0.5316841006278992
1790107906772216600,65.33921655273437,0.7168992757797241,0.3948836624622345,0.49516046047210693
1790107906782160600,65.34916064453125,0.805606484413147,0.4291641414165497,0.4918544292449951
1790107906792104700,65.35910473632812,0.911101758480072,0.4526420533657074,0.5254896283149719
1790107906802049500,65.36904956054687,1.0240908861160278,0.4860657751560211,0.5531920790672302
1790107906811993600,65.37899365234375,1.129573106765747,0.5300223231315613,0.5424677729606628
1790107906821937700,65.38893774414062,1.2010958194732666,0.5890488624572754,0.5337427258491516
1790107906831882800,65.3988828125,1.2574986219406128,0.6018741130828857,0.5328575372695923
1790107906841826600,65.40882666015625,1.3131778240203857,0.6227495670318604,0.5362256169319153
1790107906851770600,65.4187705078125,1.3849329948425293,0.6217514276504517,0.5298574566841125
1790107906861715500,65.42871557617187,1.4499069452285767,0.5644788146018982,0.5192500948905945
1790107906871659500,65.43865942382813,1.5138033628463745,0.499077707529068,0.525336503982544
1790107906881603800,65.44860375976563,1.569972276687622,0.5033486485481262,0.5439897775650024
1790107906891548700,65.45854858398438,1.621442437171936,0.5217470526695251,0.5291818380355835
1790107906901492500,65.46849243164063,1.662235975265503,0.49775412678718567,0.4805506467819214
1790107906911436500,65.4784365234375,1.689949631690979,0.4788597822189331,0.4485708773136139
1790107906921381600,65.48838159179688,1.732926845550537,0.48153308033943176,0.4424344003200531
1790107906931325700,65.49832568359375,1.7852915525436401,0.5199361443519592,0.42172539234161377
1790107906941269800,65.50826977539063,1.8389694690704346,0.5104579329490662,0.37524446845054626
1790107906951214600,65.51821459960938,1.8967006206512451,0.4244309067726135,0.3131970763206482
1790107906961158400,65.52815844726562,1.9580081701278687,0.2666229009628296,0.23539893329143524
1790107906971102700,65.53810278320313,1.9450479745864868,0.029466545209288597,0.14135020971298218
1790107906981047600,65.54804760742188,1.8671443462371826,-0.24053829908370972,0.017405888065695763
1790107906990991600,65.55799169921875,1.7639822959899902,-0.5908536911010742,-0.11042104661464691
1790107907000935700,65.56793579101563,1.686140537261963,-0.9121936559677124,-0.16043761372566223
1790107907010880800,65.577880859375,1.7148536443710327,-1.1766092777252197,-0.10673576593399048
1790107907020824600,65.58782446289062,1.774371862411499,-1.2745106220245361,-0.028059331700205803
1790107907030768600,65.5977685546875,1.7308578491210938,-1.1388640403747559,-0.024448351934552193
1790107907040713500,65.60771337890625,1.6021335124969482,-0.8578036427497864,-0.09707621484994888
1790107907050657500,65.61765747070312,1.4353258609771729,-0.4847416579723358,-0.13500095903873444
1790107907060601600,65.6276015625,1.2268184423446655,0.026816699653863907,-0.07702208310365677
1790107907070546700,65.63754663085938,1.084086298942566,0.5106968283653259,0.05868621543049812
1790107907080490500,65.64749047851562,1.061752200126648,0.7187602519989014,0.16175614297389984
1790107907090434600,65.6574345703125,1.135399341583252,0.38397055864334106,0.19251884520053864
1790107907100379600,65.66737963867187,1.1950585842132568,-0.4154168963432312,0.1512736678123474
1790107907110323700,65.67732373046876,1.2689549922943115,-0.9029287695884705,0.24163632094860077
1790107907120267500,65.687267578125,1.3728246688842773,-0.7690980434417725,0.4289758503437042
1790107907130212600,65.69721264648437,1.4299334287643433,-0.41542115807533264,0.5278797745704651
1790107907140156700,65.70715673828126,1.2867918014526367,-0.42251211404800415,0.45231688022613525
1790107907150100700,65.71710083007812,1.1009633541107178,-0.4547366201877594,0.3080044388771057
1790107907160045600,65.72704565429687,0.9381192326545715,-0.42845627665519714,0.1284162998199463
1790107907169989600,65.73698974609376,0.7253995537757874,-0.3834552466869354,-0.017550231888890266
1790107907179933400,65.74693334960938,0.4545491337776184,-0.3124393820762634,-0.09686795622110367
1790107907189878800,65.75687866210937,0.19888247549533844,-0.23551824688911438,-0.11231882125139236
1790107907199822600,65.76682250976563,0.01708417758345604,-0.15961122512817383,-0.07686015963554382
1790107907209766700,65.7767666015625,-0.1344749927520752,-0.11523924022912979,-0.03489992767572403
1790107907219711500,65.78671142578125,-0.28101781010627747,-0.07880666106939316,-0.009347429499030113
1790107907229655800,65.79665576171875,-0.4583534598350525,-0.06473025679588318,-0.02839275822043419
1790107907239599600,65.806599609375,-0.6597731113433838,-0.12442182004451752,-0.09643306583166122
1790107907249544700,65.81654467773437,-0.8049220442771912,-0.14809758961200714,-0.1705206036567688
1790107907259488500,65.82648852539063,-0.8899351954460144,-0.07808361947536469,-0.2377486377954483
1790107907269432600,65.8364326171875,-0.9549403190612793,-0.09988691657781601,-0.30233535170555115
1790107907279376600,65.84637670898438,-0.9908826351165771,-0.07299724221229553,-0.3223024010658264
1790107907289321700,65.85632177734375,-1.0206199884414673,-0.03830850496888161,-0.29991161823272705
1790107907299265500,65.866265625,-1.0347230434417725,0.07089201360940933,-0.24441958963871002
1790107907309209600,65.87620971679688,-1.047540307044983,0.17942994832992554,-0.20044095814228058
1790107907319154700,65.88615478515625,-1.0515145063400269,0.18483217060565948,-0.18824021518230438
1790107907329098800,65.8960986328125,-1.061586618423462,0.0583844818174839,-0.18679678440093994
1790107907339042600,65.90604248046876,-1.0597753524780273,-0.02983912266790867,-0.18610888719558716
1790107907348987600,65.91598754882813,-1.0225998163223267,0.02136281318962574,-0.1865384578704834
1790107907358931500,65.92593139648437,-0.960412859916687,0.14059174060821533,-0.19827526807785034
1790107907368875800,65.93587573242188,-0.9051024317741394,0.28103965520858765,-0.21624521911144257
1790107907378820600,65.94582055664063,-0.8685992956161499,0.4121217727661133,-0.2374730110168457
1790107907388764700,65.9557646484375,-0.8542078733444214,0.4195570647716522,-0.2675850987434387
1790107907398708500,65.96570849609375,-0.8195353746414185,0.24925243854522705,-0.29989323019981384
1790107907408653800,65.97565380859375,-0.7822649478912354,-0.056832656264305115,-0.3100649118423462
1790107907418597600,65.98559765625,-0.7535954713821411,-0.30745822191238403,-0.27345338463783264
1790107907428541700,65.99554174804688,-0.7528042793273926,-0.3296031951904297,-0.1792597621679306
1790107907438486500,66.00548657226562,-0.8190909028053284,-0.17978841066360474,-0.07160041481256485
1790107907448430600,66.0154306640625,-0.9109150767326355,0.004535629414021969,-0.01512968447059393
1790107907458374700,66.02537475585937,-1.026021957397461,0.07624071091413498,-0.05049460008740425
1790107907468319700,66.03531982421875,-1.122704267501831,0.08725474029779434,-0.11440008133649826
1790107907478263600,66.045263671875,-1.2258306741714478,0.08211378008127213,-0.17009316384792328
1790107907488207600,66.05520751953125,-1.2907987833023071,0.02225523814558983,-0.21373198926448822
1790107907498152700,66.06515258789062,-1.348573088645935,-0.04461221024394035,-0.24764254689216614
1790107907508096800,66.0750966796875,-1.3884813785552979,-0.06214885786175728,-0.2836221158504486
1790107907518040600,66.08504052734375,-1.405946135520935,-0.021996112540364265,-0.31289398670196533
1790107907527985700,66.09498559570312,-1.4295510053634644,-0.013684652745723724,-0.33968326449394226
1790107907537929500,66.10492944335938,-1.412904143333435,-0.018365956842899323,-0.36372867226600647
1790107907547873800,66.11487377929687,-1.350082278251648,-0.035120170563459396,-0.3202139735221863
1790107907557818600,66.12481860351562,-1.253085732460022,-0.10233809053897858,-0.2521049380302429
1790107907567762700,66.1347626953125,-1.17135488986969,-0.2075984627008438,-0.22172360122203827
1790107907577706500,66.14470654296875,-1.1210649013519287,-0.258750319480896,-0.23114587366580963
1790107907587651800,66.15465185546876,-1.141007423400879,-0.24618206918239594,-0.279441773891449
1790107907597595600,66.164595703125,-1.2137995958328247,-0.2556016743183136,-0.3213021159172058
1790107907607539700,66.17453979492187,-1.2946547269821167,-0.28885018825531006,-0.3075471520423889
1790107907617484500,66.18448461914062,-1.3364088535308838,-0.2977387309074402,-0.24884550273418427
1790107907627428600,66.1944287109375,-1.3003767728805542,-0.28794923424720764,-0.20028862357139587
1790107907637372700,66.20437255859375,-1.2107771635055542,-0.22128258645534515,-0.17094910144805908
1790107907647317800,66.21431787109375,-1.130167007446289,-0.1182190477848053,-0.1432090848684311
1790107907657261600,66.22426147460938,-1.0872671604156494,-0.02347416616976261,-0.09241808205842972
1790107907667205600,66.23420556640625,-1.0856237411499023,-0.049639992415905,-0.07078628987073898
1790107907677150200,66.24415014648437,-1.1109880208969116,-0.20473156869411469,-0.04198366776108742
1790107907687094300,66.25409423828125,-1.1735693216323853,-0.4151226282119751,0.01073653344064951
1790107907697038000,66.2640380859375,-1.211033582687378,-0.528026819229126,0.005471464246511459
1790107907706983400,66.2739833984375,-1.1860140562057495,-0.4569648802280426,-0.02111806906759739
1790107907716927200,66.28392724609375,-1.1554467678070068,-0.29434719681739807,-0.03418593481183052
1790107907726871300,66.29387133789062,-1.1403045654296875,-0.17500723898410797,0.013951501809060574
1790107907736816000,66.30381616210937,-1.1188232898712158,-0.10078466683626175,0.12324230372905731
1790107907746760400,66.31376049804688,-1.0870403051376343,-0.048222124576568604,0.26153358817100525
1790107907756704300,66.32370434570312,-0.9777606725692749,-0.09936946630477905,0.353188693523407
1790107907766649300,66.3336494140625,-0.8140396475791931,-0.24229705333709717,0.34789538383483887
1790107907776593200,66.34359326171875,-0.6461116671562195,-0.39402878284454346,0.30787181854248047
1790107907786537200,66.353537109375,-0.48850682377815247,-0.3795451819896698,0.31830739974975586
1790107907796482300,66.363482421875,-0.3645784854888916,-0.07902850210666656,0.3565589189529419
1790107907806426400,66.37342626953125,-0.2521531581878662,0.47798869013786316,0.3868323862552643
1790107907816370200,66.3833701171875,-0.168581023812294,1.0202910900115967,0.43227073550224304
1790107907826315300,66.39331518554687,-0.09182845801115036,1.2772094011306763,0.501869797706604
1790107907836259300,66.40325927734375,-0.009562346152961254,1.2724647521972656,0.5563604235649109
1790107907846203400,66.41320336914063,0.04458584263920784,0.9253190159797668,0.6133720874786377
1790107907856148200,66.42314819335938,0.08455350250005722,0.44060349464416504,0.6391972899436951
1790107907866092300,66.43309228515625,0.17966537177562714,0.182440385222435,0.6330118179321289
1790107907876036000,66.4430361328125,0.32431817054748535,0.2245287150144577,0.5810487270355225
1790107907885980400,66.45298046875,0.4650512933731079,0.3734617233276367,0.5256459712982178
1790107907895925200,66.46292529296875,0.5721772313117981,0.38408294320106506,0.5140542387962341
1790107907905869300,66.47286938476563,0.676111102104187,0.3586239218711853,0.4898032546043396
1790107907915813000,66.48281323242188,0.7750195264816284,0.3932362496852875,0.41585180163383484
1790107907925758500,66.49275854492187,0.8707255721092224,0.4925002455711365,0.3240222930908203
1790107907935702300,66.50270239257813,0.9633540511131287,0.6068433523178101,0.30119073390960693
1790107907945646300,66.51264624023437,1.0514365434646606,0.6653540134429932,0.3338908851146698
1790107907955591200,66.52259106445312,1.1642602682113647,0.6968752145767212,0.3696203827857971
1790107907965535200,66.53253515625,1.281335473060608,0.7272613644599915,0.3587869107723236
1790107907975479300,66.54247924804687,1.393110990524292,0.7394335865974426,0.3075762093067169
1790107907985424400,66.55242431640625,1.5021953582763672,0.6915760636329651,0.2637704014778137
1790107907995368200,66.5623681640625,1.6052736043930054,0.6391767859458923,0.22117525339126587
1790107908005312300,66.57231225585937,1.6338783502578735,0.6030080914497375,0.17230039834976196
1790107908015257300,66.58225732421874,1.6420058012008667,0.5213270783424377,0.11675111949443817
1790107908025201400,66.59220141601563,1.6427123546600342,0.418115496635437,0.08217263221740723
1790107908035145200,66.60214526367187,1.6453202962875366,0.374037504196167,0.05988277494907379
1790107908045090300,66.61209033203124,1.6702944040298462,0.4013546109199524,0.03730369731783867
1790107908055034000,66.6220341796875,1.7090835571289062,0.398508220911026,0.01775635965168476
1790107908064978400,66.631978515625,1.789016842842102,0.29432615637779236,0.03411616012454033
1790107908074923300,66.64192333984376,1.9158743619918823,0.2030353993177414,0.07879921048879623
1790107908084867300,66.65186743164062,2.030738115310669,0.0978008583188057,0.06507513672113419
1790107908094811100,66.66181103515625,2.1163992881774902,-0.16089460253715515,-0.03473907336592674
1790107908104756500,66.67175659179688,2.1545403003692627,-0.49834081530570984,-0.12782107293605804
1790107908114700300,66.6817001953125,2.1000967025756836,-0.6952847838401794,-0.17179305851459503
1790107908124644400,66.69164428710937,1.9816386699676514,-0.7879359126091003,-0.22019894421100616
1790107908134589200,66.70158911132812,1.8759416341781616,-0.8947446346282959,-0.18056391179561615
1790107908144533200,66.711533203125,1.7129178047180176,-1.013832449913025,-0.06277736276388168
1790107908154477300,66.72147729492187,1.5434757471084595,-1.0348674058914185,0.0005291700945235789
1790107908164422400,66.73142236328125,1.4380121231079102,-0.9123409390449524,-0.026144783943891525
1790107908174366200,66.7413662109375,1.3749001026153564,-0.675739049911499,-0.051721252501010895
1790107908184310300,66.75131030273438,1.357479453086853,-0.38652506470680237,-0.036858417093753815
1790107908194255400,66.76125537109375,1.302983283996582,-0.05600627884268761,0.03461603447794914
1790107908204199400,66.77119946289062,1.2378615140914917,0.31528550386428833,0.17147907614707947
1790107908214143200,66.78114331054688,1.1995517015457153,0.5666517019271851,0.3135557770729065
1790107908224088000,66.79108813476563,1.1719269752502441,0.5304622650146484,0.3233618140220642
1790107908234032000,66.8010322265625,1.1335561275482178,0.1484515219926834,0.20383141934871674
1790107908243976400,66.8109765625,1.0938267707824707,-0.2871769070625305,0.11167246848344803
1790107908253921300,66.82092138671875,1.1364920139312744,-0.5165360569953918,0.1516270786523819
1790107908263865300,66.830865234375,1.2408250570297241,-0.4184001684188843,0.3140844404697418
1790107908273809200,66.84080908203126,1.3107346296310425,-0.24083870649337769,0.486857533454895
1790107908283754200,66.85075415039063,1.23739492893219,-0.5321667194366455,0.4872751235961914
1790107908293698300,66.8606982421875,1.0025403499603271,-0.8799158930778503,0.38351836800575256
1790107908303642400,66.87064233398438,0.7300915122032166,-0.8203803896903992,0.19638869166374207
1790107908313586200,66.88058618164062,0.49162912368774414,-0.5902613997459412,0.06489111483097076
1790107908323531300,66.89053125,0.23696540296077728,-0.3772524893283844,0.014830078929662704
1790107908333475300,66.90047534179688,-0.03145885467529297,-0.08174332976341248,-0.002409894485026598
1790107908343419400,66.91041943359374,-0.2484939694404602,0.17062287032604218,0.028806880116462708
1790107908353364200,66.9203642578125,-0.4092346429824829,0.18406224250793457,0.038790006190538406
1790107908363308300,66.93030834960938,-0.5355137586593628,0.1576562076807022,0.015116102062165737
1790107908373252000,66.94025219726562,-0.673280656337738,0.08130843937397003,-0.03298458084464073
1790107908383197200,66.950197265625,-0.7897700071334839,-0.01293390803039074,-0.06347165256738663
1790107908393141200,66.96014135742188,-0.8873754143714905,-0.19311699271202087,-0.10075484216213226
1790107908403085300,66.97008520507812,-0.9679895639419556,-0.37635311484336853,-0.12704743444919586
1790107908413030100,66.98003002929687,-1.0057369470596313,-0.2585007846355438,-0.10664202272891998
1790107908422974500,66.98997436523437,-1.0381555557250977,-0.09822643548250198,-0.10863513499498367
1790107908432918300,66.99991821289062,-1.0787347555160522,-0.19029511511325836,-0.1348443627357483
1790107908442863000,67.00986303710937,-1.0795141458511353,-0.2353038638830185,-0.10500471293926239
1790107908452807200,67.01980712890625,-1.0431420803070068,-0.08800868690013885,-0.02431146427989006
1790107908462751200,67.02975122070312,-1.0017890930175781,0.07770305126905441,0.04254532977938652
1790107908472696300,67.0396962890625,-0.9440538287162781,0.04194292426109314,0.052256014198064804
1790107908482640400,67.04964038085937,-0.8620604276657104,-0.16746117174625397,0.022667229175567627
1790107908492584200,67.05958422851562,-0.777054488658905,-0.3083096444606781,0.01522848755121231
1790107908502529000,67.06952905273438,-0.7017917037010193,-0.21000996232032776,0.04337543621659279
1790107908512473300,67.07947338867187,-0.6650254130363464,0.005480519030243158,0.07486198842525482
1790107908522417400,67.08941748046875,-0.6394593119621277,0.10628675669431686,0.06484823673963547
1790107908532362200,67.0993623046875,-0.6167039275169373,0.05181339755654335,-0.005346029531210661
1790107908542306300,67.10930639648437,-0.6246124505996704,0.011634551919996738,-0.1025676503777504
1790107908552250000,67.11925,-0.6606642007827759,0.08644700795412064,-0.17958573997020721
1790107908562195200,67.1291953125,-0.7358609437942505,0.23922988772392273,-0.23340636491775513
1790107908572139300,67.13913916015625,-0.8437203168869019,0.28995752334594727,-0.308735728263855
1790107908582083300,67.14908325195313,-0.9642472863197327,0.3036235272884369,-0.36513349413871765
1790107908592028200,67.15902807617188,-1.0826681852340698,0.4104873836040497,-0.40426892042160034
1790107908601972200,67.16897216796875,-1.1796090602874756,0.47178083658218384,-0.45438534021377563
1790107908611916300,67.17891625976563,-1.21378493309021,0.4652443826198578,-0.5077758431434631
1790107908621861000,67.18886108398438,-1.2486209869384766,0.4761526882648468,-0.5215891599655151
1790107908631805200,67.19880517578125,-1.2933415174484253,0.5052999258041382,-0.5026721954345703
1790107908641749200,67.20874926757813,-1.3187925815582275,0.5561711192131042,-0.47689226269721985
1790107908651694300,67.2186943359375,-1.3122198581695557,0.6155662536621094,-0.47079041600227356
1790107908661638100,67.22863818359374,-1.2741295099258423,0.6612668633460999,-0.4503072500228882
1790107908671582200,67.23858227539063,-1.2314704656600952,0.6263922452926636,-0.39989015460014343
1790107908681527600,67.24852758789062,-1.2085896730422974,0.5312420725822449,-0.31279972195625305
1790107908691471600,67.2584716796875,-1.201961874961853,0.3992997109889984,-0.2442787140607834
1790107908701415400,67.26841552734375,-1.1858563423156738,0.2509517967700958,-0.23700456321239471
1790107908711359700,67.27835986328125,-1.1703263521194458,0.1288197636604309,-0.29992520809173584
1790107908721304600,67.2883046875,-1.1917589902877808,0.06102313846349716,-0.36070573329925537
1790107908731248600,67.29824853515625,-1.2492276430130005,0.0648983046412468,-0.4015796482563019
1790107908741192700,67.30819262695313,-1.3145078420639038,0.035348135977983475,-0.3908921182155609
1790107908751137800,67.3181376953125,-1.4063549041748047,-0.10214447975158691,-0.4000789523124695
1790107908761081600,67.32808154296875,-1.4248337745666504,-0.38592666387557983,-0.4172337055206299
1790107908771025700,67.33802563476563,-1.3774899244308472,-0.712649941444397,-0.4328446388244629
1790107908780970500,67.34797045898438,-1.3048144578933716,-1.0031105279922485,-0.41438308358192444
1790107908790914600,67.35791455078125,-1.2378039360046387,-1.2108317613601685,-0.387116014957428
1790107908800858600,67.36785864257813,-1.1465909481048584,-1.2346744537353516,-0.40124568343162537
1790107908810803700,67.3778037109375,-1.1218360662460327,-1.0897151231765747,-0.39170971512794495
1790107908820747500,67.38774755859374,-1.1403608322143555,-0.964384138584137,-0.38279691338539124
1790107908830691600,67.39769165039063,-1.1833926439285278,-0.9106258749961853,-0.38395246863365173
1790107908840636700,67.40763671875,-1.1904056072235107,-0.920665979385376,-0.4060833156108856
1790107908850580700,67.41758081054688,-1.1828515529632568,-0.9577089548110962,-0.4204995632171631
1790107908860524500,67.42752465820313,-1.178910255432129,-0.9469324350357056,-0.42678406834602356
1790107908870469600,67.4374697265625,-1.1133224964141846,-0.8819981813430786,-0.4305703043937683
1790107908880413400,67.44741333007812,-1.020047903060913,-0.771456241607666,-0.43314504623413086
1790107908890357800,67.45735766601562,-0.9838398694992065,-0.591991662979126,-0.40928685665130615
1790107908900302600,67.46730249023437,-0.9478089213371277,-0.5292382836341858,-0.3181747794151306
1790107908910246700,67.47724658203126,-0.8594952821731567,-0.5365180373191833,-0.1788824051618576
1790107908920190500,67.4871904296875,-0.7194838523864746,-0.494101345539093,-0.017052486538887024
1790107908930135800,67.4971357421875,-0.5755394697189331,-0.23664183914661407,0.18176287412643433
1790107908940079600,67.50707958984376,-0.4776054620742798,0.08263921737670898,0.37419596314430237
1790107908950023700,67.51702368164062,-0.38252633810043335,0.2773202955722809,0.4880804717540741
1790107908959968500,67.52696850585937,-0.25788453221321106,0.553959846496582,0.5103258490562439
1790107908969912600,67.53691259765625,-0.13240304589271545,0.7685107588768005,0.527434766292572
1790107908979856600,67.54685668945312,-0.007636880502104759,0.7235811352729797,0.5780870318412781
1790107908989801700,67.5568017578125,0.11270098388195038,0.4516524076461792,0.6302064657211304
1790107908999745500,67.56674560546875,0.22201389074325562,0.2469453364610672,0.6534374356269836
1790107909009689600,67.57668969726562,0.3491673171520233,0.20490413904190063,0.6622719764709473
1790107909019634700,67.586634765625,0.485668420791626,0.2592041492462158,0.6940043568611145
1790107909029578800,67.59657885742187,0.6418476700782776,0.4421270787715912,0.7400623559951782
1790107909039522600,67.6065224609375,0.7899662852287292,0.6566771864891052,0.7641924619674683
1790107909049466600,67.61646655273438,0.907223641872406,0.7662113904953003,0.7868722081184387
1790107909059411500,67.62641137695313,0.995823860168457,0.7395632863044739,0.815838098526001
1790107909069355800,67.63635571289062,1.080578088760376,0.7051270008087158,0.8302926421165466
1790107909079299600,67.64629956054688,1.18082594871521,0.630394458770752,0.7956103086471558
1790107909089244700,67.65624462890625,1.2692500352859497,0.5218048691749573,0.7710649967193604
1790107909099188500,67.6661884765625,1.3528653383255005,0.40977632999420166,0.7786741852760315
1790107909109132500,67.67613256835938,1.4436376094818115,0.3782508969306946,0.8045499920845032
1790107909119077600,67.68607763671875,1.5366759300231934,0.4293742775917053,0.8195438981056213
1790107909129021700,67.69602172851563,1.6256401538848877,0.4322454333305359,0.8291445970535278
1790107909138965500,67.70596557617188,1.6523239612579346,0.4006057381629944,0.8552893400192261
1790107909148910600,67.71591064453125,1.6212458610534668,0.3525250256061554,0.8799696564674377
1790107909158854700,67.72585473632813,1.5735065937042236,0.3676469922065735,0.879659116268158
1790107909168798700,67.735798828125,1.5732080936431885,0.48103827238082886,0.8346841931343079
1790107909178743600,67.74574365234375,1.6107282638549805,0.59138023853302,0.7628393173217773
1790107909188687600,67.7556875,1.6981323957443237,0.5941874384880066,0.7013687491416931
1790107909198631400,67.76563134765625,1.8230128288269043,0.5743231773376465,0.6659300923347473
1790107909208576800,67.77557666015625,1.9372520446777344,0.551483690738678,0.6223059296607971
1790107909218520600,67.7855205078125,2.0226728916168213,0.4445417821407318,0.5781168937683105
1790107909228464600,67.79546459960937,2.028975009918213,0.26982536911964417,0.5268129110336304
1790107909238409500,67.80540942382812,1.9872827529907227,0.07788547873497009,0.4205000698566437
1790107909248353800,67.81535375976563,1.9259564876556396,-0.08358490467071533,0.28646212816238403
1790107909258297600,67.82529760742187,1.8875340223312378,-0.2191869467496872,0.17141808569431305
1790107909268242700,67.83524267578125,1.812063217163086,-0.350687175989151,0.12019138783216476
1790107909278186500,67.8451865234375,1.6325784921646118,-0.523764431476593,0.11956368386745453
1790107909288130600,67.85513061523437,1.4373146295547485,-0.6951643824577332,0.07661328464746475
1790107909298075600,67.86507568359374,1.2769005298614502,-0.7229992151260376,-0.05140966176986694
1790107909308019700,67.87501977539063,1.1814583539962769,-0.6169284582138062,-0.21743059158325195
1790107909317963500,67.88496362304687,1.1864702701568604,-0.5013448596000671,-0.34431424736976624
1790107909327908600,67.89490869140624,1.1818413734436035,-0.2272762954235077,-0.3718124330043793
1790107909337852700,67.90485278320313,1.1440681219100952,0.15355706214904785,-0.3275001049041748
1790107909347796700,67.91479663085937,1.0820356607437134,0.5589131116867065,-0.12511050701141357
1790107909357741600,67.92474145507812,1.0794734954833984,0.7481653094291687,0.04224386066198349
1790107909367685600,67.934685546875,1.0992623567581177,0.6036728620529175,0.016877783462405205
1790107909377629400,67.94462939453125,1.1019065380096436,0.1009599044919014,-0.1168038472533226
1790107909387573800,67.95457373046875,1.1213977336883545,-0.4226923882961273,-0.10002513229846954
1790107909397518600,67.9645185546875,1.2746373414993286,-0.375043123960495,0.06665439158678055
1790107909407462700,67.97446264648437,1.4890735149383545,-0.13114283978939056,0.21000222861766815
1790107909417406500,67.98440649414063,1.4620239734649658,-0.3333015441894531,0.17437632381916046
1790107909427351800,67.99435180664062,1.2296371459960938,-0.5399675965309143,0.07273998111486435
1790107909437295600,68.00429565429687,0.9211781024932861,-0.5638713836669922,-0.026219885796308517
1790107909447239700,68.01423974609375,0.6912471652030945,-0.5100241303443909,-0.1091853454709053
1790107909457184500,68.0241845703125,0.4539978504180908,-0.3776777982711792,-0.12346388399600983
1790107909467128600,68.03412866210938,0.19921723008155823,-0.2434733808040619,-0.09398481994867325
1790107909477072600,68.04407275390625,-0.009749566204845905,-0.10099825263023376,-0.033182721585035324
1790107909487017700,68.05401782226562,-0.15725725889205933,0.03326421231031418,0.015965916216373444
1790107909496961500,68.06396142578124,-0.29270830750465393,0.03299896419048309,0.029809560626745224
1790107909506905600,68.07390551757813,-0.423054575920105,-0.026260366663336754,0.007032343186438084
1790107909516850700,68.0838505859375,-0.5325323343276978,-0.02937067113816738,-0.01890524849295616
1790107909526794800,68.09379467773438,-0.6441358327865601,-0.08653914928436279,-0.044858019798994064
1790107909536738600,68.10373852539063,-0.7315894961357117,-0.03913328796625137,-0.05441104248166084
1790107909546683600,68.11368359375,-0.8201590776443481,-0.08110923320055008,-0.0843963697552681
1790107909556627500,68.12362744140626,-0.8941235542297363,-0.1338813751935959,-0.1106514111161232
1790107909566571800,68.13357177734375,-0.9490875005722046,-0.20334912836551666,-0.13166721165180206
1790107909576516600,68.1435166015625,-0.9841349720954895,-0.2627594470977783,-0.13695678114891052
1790107909586460700,68.15346069335938,-0.9726295471191406,-0.08335454761981964,-0.1010643020272255
1790107909596404500,68.16340454101562,-0.9495804309844971,0.20277760922908783,-0.06741046905517578
1790107909606349800,68.17334985351563,-0.9503522515296936,0.22043916583061218,-0.0755634680390358
1790107909616293600,68.18329370117188,-0.9231246113777161,0.027702733874320984,-0.09537578374147415
1790107909626237700,68.19323779296874,-0.8661705255508423,-0.01726074516773224,-0.06451507657766342
1790107909636182500,68.2031826171875,-0.8414361476898193,0.21920105814933777,0.010244647972285748
1790107909646126800,68.213126953125,-0.8680334091186523,0.4548942744731903,0.055090948939323425
1790107909656070700,68.22307055664062,-0.8730131983757019,0.13400040566921234,0.004564658273011446
1790107909666014700,68.2330146484375,-0.8561434149742126,-0.2401667982339859,-0.045628469437360764
1790107909675959600,68.24295947265625,-0.843490481376648,-0.10513920336961746,-0.01846476085484028
1790107909685903000,68.25290307617188,-0.8479121327400208,0.46217241883277893,-0.015666045248508453
1790107909695847000,68.26284692382812,-0.9110413193702698,0.47292280197143555,-0.13089090585708618
1790107909705792300,68.27279223632813,-0.9540127515792847,0.28499284386634827,-0.19150498509407043
1790107909715736000,68.28273608398437,-1.0112371444702148,0.12361647933721542,-0.18094635009765625
1790107909725680000,68.29268017578126,-1.0793054103851318,0.01810922846198082,-0.14637479186058044
1790107909735625000,68.302625,-1.117851972579956,-0.0667012631893158,-0.15891428291797638
1790107909745569300,68.3125693359375,-1.1017271280288696,-0.20406019687652588,-0.22427305579185486
1790107909755513000,68.32251318359376,-1.1119072437286377,-0.2332843840122223,-0.2533491849899292
1790107909765458200,68.33245825195313,-1.2268764972686768,-0.1570090502500534,-0.3058429956436157
1790107909775402000,68.34240209960937,-1.4155974388122559,0.032713472843170166,-0.3916604518890381
1790107909785346000,68.35234594726562,-1.5829787254333496,0.2643781304359436,-0.4895084500312805
1790107909795291100,68.362291015625,-1.649601697921753,0.4035826325416565,-0.5614862442016602
1790107909805235200,68.37223510742187,-1.638008952140808,0.37435948848724365,-0.5836600065231323
1790107909815179000,68.38217895507813,-1.6121655702590942,0.24269945919513702,-0.5558744072914124
1790107909825124000,68.3921240234375,-1.5805621147155762,0.05272499471902847,-0.5058850049972534
1790107909835068200,68.40206811523437,-1.529304027557373,-0.17978307604789734,-0.47047269344329834
1790107909845012200,68.41201220703125,-1.4624378681182861,-0.319938063621521,-0.42581549286842346
1790107909854957000,68.42195703125,-1.386901617050171,-0.3597467243671417,-0.3937089443206787
1790107909864901000,68.43190112304687,-1.307491421699524,-0.3473374545574188,-0.3783544898033142
1790107909874845000,68.44184497070313,-1.2570387125015259,-0.28728237748146057,-0.3674728274345398
1790107909884790300,68.45179028320312,-1.2500993013381958,-0.16186000406742096,-0.32100439071655273
1790107909894734000,68.46173413085937,-1.2217917442321777,-0.07265076786279678,-0.26064997911453247
1790107909904678100,68.47167822265625,-1.1778842210769653,-0.02051006816327572,-0.196074441075325
1790107909914623000,68.481623046875,-1.1414768695831299,-0.10586864501237869,-0.15627987682819366
1790107909924567300,68.4915673828125,-1.0953624248504639,-0.2472366839647293,-0.14504480361938477
1790107909934511000,68.50151098632813,-1.0429197549819946,-0.40996596217155457,-0.1827690154314041
1790107909944455200,68.511455078125,-1.037005066871643,-0.4787822961807251,-0.22169697284698486
1790107909954400000,68.52139990234375,-1.0749982595443726,-0.46400734782218933,-0.23160073161125183
1790107909964344000,68.53134399414063,-1.1323609352111816,-0.41172975301742554,-0.19647923111915588
1790107909974288100,68.5412880859375,-1.1647350788116455,-0.37747326493263245,-0.17278748750686646
1790107909984233200,68.55123315429688,-1.1534957885742188,-0.33406853675842285,-0.18548543751239777
1790107909994177000,68.56117700195313,-1.1271506547927856,-0.24874190986156464,-0.17383277416229248
1790107910004121000,68.57112109375,-1.1185731887817383,-0.17349721491336823,-0.14906111359596252
1790107910014066200,68.58106616210938,-1.124276876449585,-0.09815160185098648,-0.07636135071516037
1790107910024010200,68.59101025390625,-1.0927003622055054,0.028051340952515602,-0.015271631069481373
1790107910033954000,68.6009541015625,-1.0389492511749268,0.10758265107870102,0.03253956884145737
1790107910043899100,68.61089916992188,-0.9714481830596924,0.0073716300539672375,0.06333503127098083
1790107910053843000,68.62084301757812,-0.8744081854820251,-0.24261850118637085,0.10099346190690994
1790107910063787300,68.63078735351563,-0.7734866142272949,-0.40986233949661255,0.15481488406658173
1790107910073732000,68.64073217773438,-0.6391759514808655,-0.3326756954193115,0.21408486366271973
1790107910083676200,68.65067626953125,-0.5009592175483704,-0.06790980696678162,0.2665534019470215
1790107910093620000,68.66061987304687,-0.35524144768714905,0.2971022427082062,0.29861998558044434
1790107910103565300,68.6705654296875,-0.22223785519599915,0.5753839612007141,0.34567591547966003
1790107910113509000,68.68050903320312,-0.05560653656721115,0.62239670753479,0.3882782459259033
1790107910123453200,68.690453125,0.10488833487033844,0.5847969055175781,0.4272397458553314
1790107910133398000,68.70039794921875,0.24799275398254395,0.4989709258079529,0.43629103899002075
1790107910143342000,68.71034204101562,0.4098370671272278,0.42571163177490234,0.48146650195121765
1790107910153286100,68.7202861328125,0.5879734754562378,0.4178449213504791,0.486636757850647
1790107910163231200,68.73023120117188,0.7492974400520325,0.4568690061569214,0.4318225085735321
1790107910173175000,68.74017504882812,0.8845260739326477,0.49170130491256714,0.39293503761291504
1790107910183119000,68.750119140625,0.9858007431030273,0.5614089965820312,0.4119822382926941
1790107910193063000,68.76006298828125,1.0743261575698853,0.6369341015815735,0.4385046362876892
1790107910203008300,68.77000830078126,1.1510618925094604,0.6780309677124023,0.4463079869747162
1790107910212952000,68.7799521484375,1.2202497720718384,0.6366374492645264,0.43706014752388
1790107910222896000,68.78989624023437,1.284083604812622,0.6035481691360474,0.43675974011421204
1790107910232841000,68.79984106445312,1.3351601362228394,0.5512514114379883,0.4611060917377472
1790107910242785300,68.80978540039062,1.3881700038909912,0.523614764213562,0.5046051144599915
1790107910252729000,68.81972900390625,1.4385639429092407,0.4949285089969635,0.5216522812843323
1790107910262674200,68.82967407226562,1.4776057004928589,0.5035736560821533,0.5154495239257812
1790107910272618000,68.83961791992188,1.501753568649292,0.5263197422027588,0.4886021614074707
1790107910282562000,68.84956201171875,1.518117070198059,0.5307514667510986,0.45090511441230774
1790107910292507100,68.85950708007813,1.531020164489746,0.4998457729816437,0.40796351432800293
1790107910302451200,68.869451171875,1.5466002225875854,0.4350617229938507,0.37309449911117554
1790107910312395000,68.87939501953124,1.5922249555587769,0.3412020802497864,0.33393269777297974
1790107910322340000,68.88934008789063,1.6763794422149658,0.28068387508392334,0.3048773407936096
1790107910332284200,68.8992841796875,1.7732322216033936,0.2639983594417572,0.2823627293109894
1790107910342228200,68.90922827148438,1.866194725036621,0.22554977238178253,0.28129586577415466
1790107910352173000,68.91917309570313,1.939894676208496,0.1296253651380539,0.3007100224494934
1790107910362117000,68.9291171875,1.9869953393936157,0.027169834822416306,0.30122295022010803
1790107910372061000,68.93906103515624,2.036579132080078,-0.06962248682975769,0.2263021171092987
1790107910382006300,68.94900634765625,2.0764224529266357,-0.17013365030288696,0.13838930428028107
1790107910391950000,68.9589501953125,2.1074209213256836,-0.2963443100452423,0.08488772809505463
1790107910401894100,68.96889404296876,2.094783067703247,-0.4132371246814728,0.08142481744289398
1790107910411839200,68.97883911132813,1.9249868392944336,-0.43081530928611755,0.1819825917482376
1790107910421783300,68.988783203125,1.5783450603485107,-0.42103511095046997,0.2321016788482666
1790107910431727000,68.99872705078126,1.2971527576446533,-0.3384752571582794,0.10429098457098007
1790107910441671200,69.00867114257812,1.1543567180633545,-0.2556149959564209,-0.1195242702960968
1790107910451616000,69.01861596679687,1.1018229722976685,-0.08403418213129044,-0.302638441324234
1790107910461560000,69.02856005859375,1.064939022064209,0.20335444808006287,-0.4098362624645233
1790107910471504100,69.03850415039062,0.9957846999168396,0.4959764778614044,-0.37229499220848083
1790107910481449200,69.04844921875,0.9567291736602783,0.5754614472389221,-0.11486932635307312
1790107910491393000,69.05839306640625,0.9755920767784119,0.4509429335594177,0.16365471482276917
1790107910501337000,69.06833715820312,1.0333940982818604,0.16164694726467133,0.27181047201156616
1790107910511282200,69.0782822265625,1.0762501955032349,-0.2381419986486435,0.21687185764312744
1790107910521226200,69.08822631835938,1.1460304260253906,-0.5324535369873047,0.180851012468338
1790107910531170000,69.09817016601562,1.3506038188934326,-0.5097500681877136,0.24012577533721924
1790107910541115100,69.108115234375,1.450339913368225,-0.46104696393013,0.29332295060157776
1790107910551059200,69.11805908203125,1.3951584100723267,-0.21832434833049774,0.26982614398002625
1790107910561003300,69.12800317382812,1.2380247116088867,-0.10395649075508118,0.16480599343776703
1790107910570948000,69.13794799804687,1.0731247663497925,-0.19383497536182404,0.1256740391254425
1790107910580892200,69.14789208984375,0.908187210559845,-0.15526601672172546,0.06219999119639397
1790107910590836000,69.1578359375,0.6786831617355347,-0.2922646105289459,-0.05293964594602585
1790107910600781300,69.16778125,0.4016086757183075,-0.5202178955078125,-0.15112507343292236
1790107910610725000,69.17772509765625,0.13628673553466797,-0.5834211111068726,-0.18230083584785461
1790107910620669200,69.18766918945313,-0.08710800111293793,-0.5031648874282837,-0.14085884392261505
1790107910630614000,69.19761401367188,-0.25470367074012756,-0.35886600613594055,-0.07374799251556396
1790107910640558300,69.20755834960937,-0.40129390358924866,-0.2501736283302307,-0.04478131979703903
1790107910650502100,69.21750219726563,-0.5523633360862732,-0.24637915194034576,-0.06461174786090851
1790107910660446200,69.2274462890625,-0.6663774847984314,-0.049497779458761215,-0.08391088247299194
1790107910670391000,69.23739111328125,-0.7837123870849609,0.035410989075899124,-0.1156107485294342
1790107910680336000,69.2473359375,-0.9333029389381409,-0.10013725608587265,-0.16944202780723572
1790107910690279700,69.25727978515626,-1.036995768547058,-0.103305883705616,-0.18530647456645966
1790107910700224800,69.26722485351563,-1.1191157102584839,-0.15053172409534454,-0.199362114071846
1790107910710168800,69.2771689453125,-1.1420994997024536,-0.031380560249090195,-0.18236315250396729
1790107910720113000,69.28711279296876,-1.1131312847137451,0.2953767776489258,-0.15450355410575867
1790107910730057700,69.2970576171875,-1.1402922868728638,0.20209024846553802,-0.2116243690252304
1790107910740001800,69.30700170898437,-1.1257176399230957,0.12038207054138184,-0.22761479020118713
1790107910749945900,69.31694580078126,-1.072574496269226,0.1587182730436325,-0.19302883744239807
1790107910759890700,69.326890625,-1.0279569625854492,0.22860947251319885,-0.1668931096792221
1790107910769834800,69.33683471679687,-0.9909835457801819,0.37917473912239075,-0.15009602904319763
1790107910779778800,69.34677880859375,-0.9872527122497559,0.3424215316772461,-0.1526811569929123
1790107910789724000,69.35672387695313,-0.9899328947067261,0.2273511290550232,-0.14900386333465576
1790107910799667700,69.36666772460937,-0.9860010147094727,0.25080612301826477,-0.12287372350692749
1790107910809611800,69.37661181640625,-0.9462930560112,0.2558959424495697,-0.12465830892324448
1790107910819556600,69.386556640625,-0.8285629153251648,0.23881924152374268,-0.18368461728096008
1790107910829501000,69.3965009765625,-0.7075193524360657,0.18268193304538727,-0.27560415863990784
1790107910839445000,69.40644506835937,-0.6198504567146301,0.04411632940173149,-0.3199332654476166
1790107910849389800,69.41638989257812,-0.6105847954750061,-0.1285015195608139,-0.2980910837650299
1790107910859333600,69.42633374023437,-0.6959436535835266,-0.2709619998931885,-0.2558775842189789
1790107910869277700,69.43627758789063,-0.8699250221252441,-0.3744031488895416,-0.19554314017295837
1790107910879222800,69.44622290039062,-1.041994571685791,-0.35257482528686523,-0.12790417671203613
1790107910889166800,69.45616674804687,-1.154515266418457,-0.2768779397010803,-0.05462409555912018
1790107910899111000,69.46611083984375,-1.2245917320251465,-0.18210002779960632,-0.0339859314262867
1790107910909054700,69.4760546875,-1.3005133867263794,-0.1190883070230484,-0.10277964174747467
1790107910918999800,69.48599975585938,-1.3456183671951294,-0.04676084592938423,-0.24646010994911194
1790107910928943900,69.49594384765625,-1.355660080909729,0.014764565043151379,-0.4511839747428894
1790107910938888000,69.50588793945313,-1.3317070007324219,0.0938873440027237,-0.6061573028564453
1790107910948832800,69.51583276367188,-1.2760741710662842,0.17155177891254425,-0.6675508618354797
1790107910958776800,69.52577685546875,-1.227465271949768,0.12611505389213562,-0.6567901372909546
1790107910968721000,69.53572094726563,-1.1675825119018555,-0.06120103970170021,-0.5890225172042847
1790107910978665700,69.54566577148438,-1.1213146448135376,-0.308392196893692,-0.5143511891365051
1790107910988609800,69.55560986328125,-1.096760869026184,-0.514427661895752,-0.442739874124527
1790107910998553900,69.56555395507813,-1.130770206451416,-0.5648388862609863,-0.40819787979125977
1790107911008499000,69.5754990234375,-1.171130895614624,-0.45851483941078186,-0.4143364727497101
1790107911018442800,69.58544287109375,-1.1755094528198242,-0.3455837666988373,-0.4393795132637024
1790107911028386800,69.59538671875,-1.1680911779403687,-0.14997351169586182,-0.42055973410606384
1790107911038331600,69.60533154296876,-1.1466708183288574,0.04376692324876785,-0.37321990728378296
1790107911048275700,69.61527563476562,-1.1684033870697021,0.2716887593269348,-0.275033175945282
1790107911058220000,69.62521997070313,-1.1671398878097534,0.39789116382598877,-0.16263338923454285
1790107911068164900,69.63516479492188,-1.1587741374969482,0.3530701696872711,-0.08161470293998718
1790107911078108700,69.64510864257812,-1.143092393875122,0.12388439476490021,-0.04849855974316597
1790107911088052700,69.655052734375,-1.120972990989685,-0.17573054134845734,-0.08174332976341248
1790107911097996800,69.66499682617187,-1.091168761253357,-0.4827762544155121,-0.1474456489086151
1790107911107942000,69.67494189453124,-1.1260862350463867,-0.6721903681755066,-0.18191494047641754
1790107911117886000,69.68488598632813,-1.170140266418457,-0.7660228610038757,-0.16066904366016388
1790107911127829800,69.69482983398437,-1.1768628358840942,-0.6689701080322266,-0.14754684269428253
1790107911137774600,69.70477465820312,-1.1388038396835327,-0.4505522549152374,-0.12302125990390778
1790107911147719000,69.71471899414063,-1.0997267961502075,-0.2928699553012848,-0.08383684605360031
1790107911157663000,69.7246630859375,-1.054024577140808,-0.1884458065032959,-0.06130090728402138
1790107911167607800,69.73460791015626,-1.0167304277420044,-0.11013849079608917,-0.03039385750889778
1790107911177552000,69.7445517578125,-0.968040406703949,-0.05486458167433739,0.0057710702531039715
1790107911187495700,69.75449560546875,-0.8847963809967041,-0.092985600233078,0.008560997433960438
1790107911197440800,69.76444067382812,-0.7850160002708435,-0.23785996437072754,0.0296684131026268
1790107911207384800,69.774384765625,-0.643397867679596,-0.34310728311538696,0.0929563045501709
1790107911217329000,69.78432885742187,-0.5092507004737854,-0.33866459131240845,0.20505967736244202
1790107911227273700,69.79427368164062,-0.40833157300949097,-0.19937995076179504,0.3080427944660187
1790107911237217800,69.8042177734375,-0.3390033543109894,0.1341242492198944,0.33243468403816223
1790107911247161900,69.81416186523437,-0.16402621567249298,0.6545453071594238,0.28923499584198
1790107911257106700,69.82410668945313,0.024441160261631012,0.9320485591888428,0.3063860237598419
1790107911267050800,69.83405078125,0.12485777586698532,0.8874273300170898,0.4230921268463135
1790107911276994800,69.84399487304688,0.15781359374523163,0.7498268485069275,0.5262084007263184
1790107911286940000,69.85393994140625,0.20189663767814636,0.6544883251190186,0.5278792977333069
1790107911296883700,69.8638837890625,0.2914259731769562,0.5467629432678223,0.4792289137840271
1790107911306827800,69.87382788085938,0.42726024985313416,0.4374883770942688,0.4086138606071472
1790107911316771800,69.88377172851563,0.574804961681366,0.5032455921173096,0.32870039343833923
1790107911326717000,69.89371704101562,0.6852888464927673,0.557610273361206,0.31029635667800903
1790107911336660700,69.90366064453124,0.7702817916870117,0.5139709115028381,0.3494115173816681
1790107911346604800,69.91360473632812,0.8671665191650391,0.44166529178619385,0.38096731901168823
1790107911356549600,69.92354956054687,0.9577670097351074,0.37955185770988464,0.365742564201355
1790107911366493700,69.93349365234376,1.0482934713363647,0.4310366213321686,0.33086660504341125
1790107911376438000,69.94343798828125,1.1438103914260864,0.5597777962684631,0.31210091710090637
1790107911386382800,69.9533828125,1.2340412139892578,0.604462206363678,0.3455480635166168
1790107911396326700,69.96332666015626,1.3139746189117432,0.5438331961631775,0.3953217566013336
1790107911406270700,69.97327075195312,1.3814597129821777,0.4920746684074402,0.40476933121681213
1790107911416215800,69.9832158203125,1.4469201564788818,0.511660099029541,0.3436950445175171
1790107911426159900,69.99315991210938,1.4990336894989014,0.5523452162742615,0.2626641094684601
1790107911436104000,70.00310400390624,1.5396239757537842,0.5251588225364685,0.21268004179000854
1790107911446048800,70.013048828125,1.586261510848999,0.5098017454147339,0.20648393034934998
1790107911455992600,70.02299267578125,1.6409893035888672,0.431939959526062,0.20426605641841888
1790107911465937000,70.03293701171874,1.688169002532959,0.28155845403671265,0.21056576073169708
1790107911475881700,70.0428818359375,1.7089283466339111,0.20134323835372925,0.201850026845932
1790107911485825800,70.05282568359375,1.7114520072937012,0.24495169520378113,0.16668272018432617
1790107911495769900,70.06276977539062,1.7302309274673462,0.29711049795150757,0.126310795545578
1790107911505715000,70.07271484375,1.7798699140548706,0.2356487363576889,0.11265917122364044
1790107911515658800,70.08265869140625,1.825851559638977,0.18506039679050446,0.15639306604862213
1790107911525602800,70.09260278320312,1.8850386142730713,0.13474956154823303,0.12616805732250214
1790107911535547000,70.102546875,1.9332927465438843,0.10225313156843185,0.020710337907075882
1790107911545491700,70.11249169921875,1.9450218677520752,0.011263040825724602,-0.06319654732942581
1790107911555435800,70.12243579101562,1.8556666374206543,-0.24975576996803284,-0.12191791832447052
1790107911565379800,70.1323798828125,1.6969292163848877,-0.5679883360862732,-0.14008785784244537
1790107911575324700,70.14232470703125,1.5320347547531128,-0.9320089221000671,-0.1268162727355957
1790107911585268700,70.15226879882813,1.3613989353179932,-1.0949088335037231,-0.0940074548125267
1790107911595212800,70.162212890625,1.297332525253296,-1.0589325428009033,-0.07896778732538223
1790107911605158000,70.17215795898437,1.3197505474090576,-0.7774140238761902,-0.09221141785383224
1790107911615101700,70.18210180664063,1.307686686515808,-0.3924436867237091,-0.14092382788658142
1790107911625045800,70.19204565429688,1.2622339725494385,0.026816433295607567,-0.13590456545352936
1790107911634990600,70.20199047851563,1.2024576663970947,0.47081732749938965,0.06635691970586777
1790107911644935000,70.21193481445313,1.1545377969741821,0.6044877767562866,0.2948191165924072
1790107911654879000,70.22187890625,1.0684791803359985,0.28563013672828674,0.34780484437942505
1790107911664823800,70.23182373046875,0.9983834028244019,-0.3850392997264862,0.2009245902299881
1790107911674767600,70.241767578125,0.9691128730773926,-0.871503472328186,0.1247808113694191
1790107911684711400,70.25171142578125,1.0779671669006348,-0.859915554523468,0.2572355270385742
1790107911694655500,70.26165551757812,1.2794480323791504,-0.42053043842315674,0.4844455122947693
1790107911704600600,70.2716005859375,1.3800071477890015,-0.2901495397090912,0.5426321029663086
1790107911714544600,70.28154467773437,1.2571462392807007,-0.5832956433296204,0.4467468559741974
1790107911724488400,70.29148852539062,1.1160317659378052,-0.6494941115379333,0.2799738645553589
1790107911734433500,70.30143359375,0.9328891038894653,-0.6586934924125671,0.16129036247730255
1790107911744377600,70.31137768554687,0.6795843839645386,-0.7181858420372009,0.11047591269016266
1790107911754321700,70.32132177734375,0.42353636026382446,-0.7119910717010498,0.06029875949025154
1790107911764266500,70.3312666015625,0.1557304710149765,-0.5644136071205139,0.04351551830768585
1790107911774210600,70.34121044921875,-0.03886324167251587,-0.30031242966651917,0.08533673733472824
1790107911784154400,70.351154296875,-0.17369535565376282,-0.11030387133359909,0.13256096839904785
1790107911794099500,70.36109936523438,-0.27181047201156616,-0.0046940878964960575,0.1564101129770279
1790107911804043500,70.37104345703125,-0.3616756498813629,-0.016639430075883865,0.13629472255706787
1790107911813987600,70.38098754882813,-0.4980630576610565,-0.1882314234972,0.08566856384277344
1790107911823932400,70.39093237304688,-0.6370995044708252,-0.37060949206352234,0.04399941489100456
1790107911833876700,70.40087670898437,-0.7502886652946472,-0.27220994234085083,0.022533537819981575
1790107911843820500,70.41082055664063,-0.863503634929657,-0.18033409118652344,-0.009516273625195026
1790107911853765400,70.42076538085938,-0.925449013710022,0.007670702878385782,-0.02834881655871868
1790107911863709400,70.43070947265625,-0.9763273596763611,0.04297409951686859,-0.05916585028171539
1790107911873653500,70.44065356445313,-1.0206516981124878,-0.09380052983760834,-0.0746350884437561
1790107911883597600,70.45059765625,-0.9823354482650757,0.193630188703537,0.012866529636085033
1790107911893542700,70.46054272460937,-0.9628256559371948,0.3449725806713104,0.06625492125749588
1790107911903486500,70.47048657226563,-0.9411014914512634,0.07246620953083038,0.045293178409338
1790107911913430500,70.48043041992187,-0.8788809776306152,-0.02346564456820488,0.05781056731939316
1790107911923375600,70.49037573242188,-0.8338093757629395,-0.08350874483585358,0.0647992342710495
1790107911933319700,70.50031958007813,-0.8200562596321106,-0.13270024955272675,0.046477485448122025
1790107911943263500,70.51026342773437,-0.8266388177871704,0.05222725123167038,0.030484139919281006
1790107911953208300,70.52020825195312,-0.8667079210281372,0.14377528429031372,-0.013015933334827423
1790107911963152400,70.53015234375,-0.9116902947425842,0.21022407710552216,-0.030671093612909317
1790107911973096700,70.5400966796875,-0.9424428939819336,0.31933486461639404,-0.016284963116049767
1790107911983041500,70.55004150390624,-0.9695397615432739,0.3664858639240265,-0.009011072106659412
1790107911992985600,70.55998559570313,-0.9608522653579712,0.2911572754383087,-0.025714684277772903
1790107912002929400,70.56992944335937,-0.9613854289054871,0.1962994784116745,-0.03971385583281517
1790107912012874500,70.57987451171876,-0.9443699717521667,0.2163000851869583,-0.059603143483400345
1790107912022818600,70.58981860351562,-0.9154933094978333,0.18559782207012177,-0.12919794023036957
1790107912032762600,70.5997626953125,-0.9223980903625488,0.09595023095607758,-0.20095548033714294
1790107912042707500,70.60970751953126,-0.9516148567199707,0.054422762244939804,-0.21837201714515686
1790107912052651500,70.61965161132812,-0.9939122200012207,0.058886218816041946,-0.21860477328300476
1790107912062595600,70.629595703125,-1.0476654767990112,0.09872125089168549,-0.22352948784828186
1790107912072539600,70.63953955078125,-1.0725431442260742,0.08300700038671494,-0.25047457218170166
1790107912082484500,70.649484375,-1.127875566482544,0.08265812695026398,-0.23649854958057404
1790107912092428500,70.65942846679687,-1.2295223474502563,0.15573526918888092,-0.22922226786613464
1790107912102372400,70.66937231445313,-1.3064022064208984,0.23891298472881317,-0.2662370204925537
1790107912112317400,70.6793173828125,-1.3325337171554565,0.32444119453430176,-0.2910350263118744
1790107912122261500,70.68926147460938,-1.3387750387191772,0.3531034588813782,-0.2751767039299011
1790107912132205600,70.69920556640625,-1.305680513381958,0.30989527702331543,-0.28563547134399414
1790107912142150400,70.709150390625,-1.2752407789230347,0.25996047258377075,-0.3249589204788208
1790107912152094700,70.7190947265625,-1.2331181764602661,0.22083890438079834,-0.3193463087081909
1790107912162038500,70.72903857421875,-1.1863516569137573,0.07405292242765427,-0.2782214879989624
1790107912171983400,70.7389833984375,-1.1560611724853516,-0.12627485394477844,-0.26321858167648315
1790107912181927400,70.74892749023438,-1.161317229270935,-0.31838303804397583,-0.28400588035583496
1790107912191871500,70.75887158203125,-1.1850507259368896,-0.3941822052001953,-0.2888653576374054
1790107912201816600,70.76881665039062,-1.1724790334701538,-0.3427578806877136,-0.2953331172466278
1790107912211760600,70.7787607421875,-1.1515144109725952,-0.2841736674308777,-0.2731974422931671
1790107912221704400,70.78870434570312,-1.1235569715499878,-0.263717383146286,-0.22351351380348206
1790107912231649300,70.79864916992187,-1.1095037460327148,-0.34517043828964233,-0.27555301785469055
1790107912241593600,70.80859350585938,-1.146755576133728,-0.4112392067909241,-0.35650911927223206
1790107912251537700,70.81853759765625,-1.1801385879516602,-0.43688759207725525,-0.4130062162876129
1790107912261481500,70.8284814453125,-1.1882380247116089,-0.4684881269931793,-0.4115025997161865
1790107912271426600,70.83842651367188,-1.1305632591247559,-0.48681145906448364,-0.3725123107433319
1790107912281370400,70.84837036132812,-1.068151831626892,-0.43935367465019226,-0.33204397559165955
1790107912291314700,70.85831469726563,-1.0406525135040283,-0.35934537649154663,-0.33364349603652954
1790107912301259500,70.86825952148438,-1.053062915802002,-0.2877902388572693,-0.310043066740036
1790107912311203600,70.87820361328124,-1.109918475151062,-0.22776924073696136,-0.2869316339492798
1790107912321147400,70.8881474609375,-1.128536343574524,-0.24035507440567017,-0.24685345590114594
1790107912331092500,70.89809252929687,-1.0859053134918213,-0.23975880444049835,-0.1955801546573639
1790107912341036500,70.90803662109376,-1.0261085033416748,-0.21155299246311188,-0.1731044054031372
1790107912350980600,70.91798071289062,-0.97843337059021,-0.20379041135311127,-0.17835882306098938
1790107912360925400,70.92792553710937,-0.9028329253196716,-0.2549942135810852,-0.19937701523303986
1790107912370869500,70.93786938476562,-0.8042000532150269,-0.23994788527488708,-0.17147375643253326
1790107912380813600,70.9478134765625,-0.7089142799377441,-0.20047824084758759,-0.11091799288988113
1790107912390758400,70.95775830078125,-0.6162698268890381,-0.20977292954921722,-0.013682522810995579
1790107912400702500,70.96770239257812,-0.5137959122657776,-0.13993872702121735,0.13041633367538452
1790107912410646500,70.977646484375,-0.38830646872520447,0.10665427148342133,0.2657592296600342
1790107912420591600,70.98759155273437,-0.2618747651576996,0.3200208842754364,0.3135584592819214
1790107912430535700,70.99753564453125,-0.10039398074150085,0.4398508667945862,0.33216622471809387
1790107912440479500,71.0074794921875,0.060436710715293884,0.46402597427368164,0.40097805857658386
1790107912450423600,71.01742358398438,0.18135488033294678,0.42576301097869873,0.46973100304603577
1790107912460368400,71.02736840820313,0.2720978260040283,0.35577353835105896,0.4816606342792511
1790107912470312700,71.03731274414062,0.37325426936149597,0.24390028417110443,0.4848766624927521
1790107912480256500,71.04725659179688,0.48540371656417847,0.2451772689819336,0.4659149646759033
1790107912490201600,71.05720166015625,0.6305252313613892,0.4063933193683624,0.4394990801811218
1790107912500145400,71.0671455078125,0.7743045091629028,0.5003544092178345,0.46563079953193665
1790107912510089500,71.07708935546874,0.8845567107200623,0.4598003625869751,0.5529345273971558
1790107912520034600,71.08703466796875,0.9762187004089355,0.40240684151649475,0.6205412745475769
1790107912529978600,71.096978515625,1.052015781402588,0.40249231457710266,0.6262900233268738
1790107912539922400,71.10692236328126,1.1249642372131348,0.4787881672382355,0.604385256767273
1790107912549867300,71.1168671875,1.199505090713501,0.5704181790351868,0.5658689737319946
1790107912559811600,71.1268115234375,1.266981601715088,0.6350305080413818,0.556046187877655
1790107912569755600,71.13675561523438,1.3395109176635742,0.6326682567596436,0.5570669770240784
1790107912579700500,71.14670043945313,1.3787877559661865,0.6312986016273499,0.5686690211296082
1790107912589644500,71.15664453125,1.4013478755950928,0.6577690839767456,0.5766137838363647
1790107912599588400,71.16658837890625,1.421952247619629,0.6554316282272339,0.5754153728485107
1790107912609533400,71.17653344726563,1.4444879293441772,0.6471955180168152,0.5600281357765198
1790107912619477500,71.1864775390625,1.4729094505310059,0.6447709798812866,0.5538917183876038
1790107912629421600,71.19642163085938,1.5143647193908691,0.6154677271842957,0.534831166267395
1790107912639365400,71.20636547851562,1.5596054792404175,0.5582031011581421,0.5017504692077637
1790107912649310500,71.216310546875,1.6016839742660522,0.4647628962993622,0.4327860474586487
1790107912659254500,71.22625463867188,1.6171728372573853,0.4012100100517273,0.34486469626426697
1790107912669198600,71.23619848632812,1.6305142641067505,0.39290547370910645,0.293783962726593
1790107912679143400,71.24614331054687,1.6613115072250366,0.34252485632896423,0.2570776045322418
1790107912689086700,71.25608666992187,1.6959952116012573,0.22428317368030548,0.18532751500606537
1790107912699030500,71.26603051757813,1.7339881658554077,0.037889592349529266,0.12412887066602707
1790107912708975900,71.27597583007812,1.7818158864974976,-0.13245151937007904,0.09165108948945999
1790107912718919700,71.28591967773437,1.7949692010879517,-0.20477472245693207,0.09764347225427628
1790107912728863700,71.29586376953125,1.7512664794921875,-0.2916845679283142,0.059961073100566864
1790107912738808800,71.30580883789062,1.6860885620117188,-0.4501815438270569,0.001743571599945426
1790107912748753000,71.3157529296875,1.543973445892334,-0.5997191071510315,-0.0010599381057545543
1790107912758696700,71.32569677734375,1.4480067491531372,-0.7143354415893555,0.04033703729510307
1790107912768641800,71.33564184570312,1.399242639541626,-0.7416357398033142,0.0295533649623394
1790107912778585600,71.34558569335937,1.3671587705612183,-0.6624314785003662,-0.020729780197143555
1790107912788530000,71.35553002929687,1.3499212265014648,-0.4780949354171753,-0.043168775737285614
1790107912798473700,71.3654736328125,1.292974591255188,-0.16268478333950043,-0.05934162065386772
1790107912808418800,71.37541870117188,1.193092703819275,0.27129754424095154,-0.05848674476146698
1790107912818362600,71.38536254882813,1.0835078954696655,0.6458461284637451,-0.008194812573492527
1790107912828306700,71.395306640625,1.062266230583191,0.616041898727417,0.12647564709186554
1790107912838251800,71.40525170898438,1.0740739107131958,0.39894765615463257,0.20175229012966156
1790107912848195800,71.41519580078125,1.058820128440857,-0.029707562178373337,0.18558770418167114
1790107912858139600,71.4251396484375,1.0281341075897217,-0.44447970390319824,0.16955627501010895
1790107912868084700,71.43508471679688,1.0298398733139038,-0.6247219443321228,0.23614010214805603
1790107912878028800,71.44502880859375,1.091095209121704,-0.5758662223815918,0.33621928095817566
1790107912887972900,71.45497290039063,1.1418700218200684,-0.4498089551925659,0.41792720556259155
1790107912897917700,71.46491772460938,1.1255892515182495,-0.4056929051876068,0.363241583108902
1790107912907861800,71.47486181640625,1.0286310911178589,-0.6008970141410828,0.22637028992176056
1790107912917805600,71.4848056640625,0.8831114172935486,-0.5586787462234497,0.11221975088119507
1790107912927751000,71.4947509765625,0.7277476191520691,-0.3413943350315094,0.03122423216700554
1790107912937694700,71.50469482421875,0.5323299169540405,-0.1972896307706833,-0.07511792331933975
1790107912947638800,71.514638671875,0.29955315589904785,-0.07492350786924362,-0.13409601151943207
1790107912957582600,71.52458251953125,0.12540985643863678,0.17723123729228973,-0.1375053972005844
1790107912967528000,71.53452783203124,-0.002005626680329442,0.30772507190704346,-0.13607262074947357
1790107912977471700,71.5444716796875,-0.11740385740995407,0.31959769129753113,-0.15542341768741608
1790107912987415800,71.55441577148437,-0.26235464215278625,0.2175794541835785,-0.21141184866428375
1790107912997360600,71.56436059570312,-0.3854142725467682,-0.019388612359762192,-0.2692277431488037
1790107913007304700,71.5743046875,-0.43867722153663635,0.12431955337524414,-0.2773463726043701
1790107913017248800,71.58424877929687,-0.49102991819381714,0.29850494861602783,-0.27965134382247925
1790107913027193900,71.59419384765626,-0.5817260146141052,0.11007510125637054,-0.34248995780944824
1790107913037137700,71.6041376953125,-0.6570311188697815,0.003050118451938033,-0.3612420856952667
1790107913047081700,71.61408178710937,-0.7062250375747681,0.05120459944009781,-0.33180058002471924
1790107913057026800,71.62402685546876,-0.7194007635116577,0.22644725441932678,-0.2780798077583313
1790107913066971000,71.63397094726562,-0.7283082604408264,0.35011807084083557,-0.24966202676296234
1790107913076914700,71.64391479492187,-0.7634299993515015,0.2143639624118805,-0.2603793740272522
1790107913086859800,71.65385986328126,-0.7587452530860901,0.20135654509067535,-0.22523604333400726
1790107913096803600,71.66380346679688,-0.6924285292625427,0.514950692653656,-0.16197532415390015
1790107913106748000,71.67374780273437,-0.6540824770927429,0.5606728792190552,-0.19196704030036926
1790107913116691700,71.68369165039063,-0.6353732347488403,0.3692646026611328,-0.2704791724681854
1790107913126636800,71.69363671875,-0.622107744216919,0.1902567595243454,-0.3080507814884186
1790107913136580600,71.70358056640625,-0.628592848777771,0.028956284746527672,-0.2905322313308716
1790107913146524700,71.71352465820313,-0.6538249254226685,0.028749888762831688,-0.26799842715263367
1790107913156469800,71.7234697265625,-0.6851304173469543,0.1647242307662964,-0.28127536177635193
1790107913166413800,71.73341381835938,-0.7325948476791382,0.32422521710395813,-0.3226366341114044
1790107913176357600,71.74335766601563,-0.7958225607872009,0.5544986128807068,-0.34355923533439636
1790107913186302700,71.753302734375,-0.8709878921508789,0.7115694880485535,-0.3661351203918457
1790107913196246800,71.76324682617188,-0.8898995518684387,0.6606013774871826,-0.4121161997318268
1790107913206190800,71.77319091796875,-0.8728393316268921,0.46639272570610046,-0.4587031304836273
1790107913216135700,71.7831357421875,-0.8386642932891846,0.2102789431810379,-0.47201094031333923
1790107913226079700,71.79307983398438,-0.8101101517677307,0.04995770752429962,-0.46416234970092773
1790107913236023600,71.8030234375,-0.833626925945282,-0.040233973413705826,-0.4661053717136383
1790107913245969000,71.81296899414062,-0.8191662430763245,-0.04878298565745354,-0.4607662856578827
1790107913255912700,71.82291259765626,-0.7700722217559814,0.03159041702747345,-0.4487690031528473
1790107913265856800,71.83285668945312,-0.8227599263191223,0.19570185244083405,-0.41615673899650574
1790107913275800800,71.84280078125,-0.9160022139549255,0.3001968562602997,-0.39008277654647827
1790107913285746000,71.85274584960938,-0.9930949211120605,0.30211538076400757,-0.38399559259414673
1790107913295689700,71.86268969726562,-1.031331181526184,0.26841866970062256,-0.34867942333221436
1790107913305633800,71.8726337890625,-1.062624454498291,0.22016379237174988,-0.3142356872558594
1790107913315578600,71.88257861328125,-1.1025779247283936,0.1237025037407875,-0.3126111626625061
1790107913325522700,71.89252270507812,-1.142492651939392,0.03392840549349785,-0.35538312792778015
1790107913335466800,71.902466796875,-1.1820248365402222,-0.014612498693168163,-0.40041211247444153
1790107913345411800,71.91241186523438,-1.225056529045105,-0.04235464707016945,-0.4004456698894501
1790107913355355600,71.92235571289062,-1.2473905086517334,-0.06778091192245483,-0.3768836259841919
1790107913365299700,71.9322998046875,-1.2436906099319458,-0.13402411341667175,-0.37857872247695923
1790107913375244800,71.94224487304687,-1.2293792963027954,-0.17649726569652557,-0.37230992317199707
1790107913385188900,71.95218896484376,-1.2242714166641235,-0.24932967126369476,-0.32829052209854126
1790107913395132700,71.96213256835938,-1.2456799745559692,-0.33810266852378845,-0.2690836787223816
1790107913405077800,71.97207788085937,-1.3044908046722412,-0.42695558071136475,-0.22782517969608307
1790107913415021600,71.982021484375,-1.3615951538085938,-0.47357261180877686,-0.20910954475402832
1790107913424966000,71.9919658203125,-1.367840051651001,-0.4804683327674866,-0.248566672205925
1790107913434909700,72.00190966796875,-1.3340519666671753,-0.42659792304039,-0.3167145550251007
1790107913444854800,72.01185473632812,-1.2929692268371582,-0.38190793991088867,-0.3619299829006195
1790107913454798600,72.02179858398438,-1.2767170667648315,-0.383340984582901,-0.3758609890937805
1790107913464742700,72.03174267578125,-1.2721995115280151,-0.39211586117744446,-0.36813968420028687
1790107913474687700,72.04168774414063,-1.2853044271469116,-0.44647228717803955,-0.35967934131622314
1790107913484631800,72.0516318359375,-1.3180993795394897,-0.5490149259567261,-0.37462687492370605
1790107913494575600,72.06157568359374,-1.320850133895874,-0.5399546027183533,-0.3580912947654724
1790107913504520700,72.07152075195313,-1.299265742301941,-0.4256831407546997,-0.3022424280643463
1790107913514464800,72.08146484375,-1.2819442749023438,-0.2349262237548828,-0.2511509954929352
1790107913524408800,72.09140893554688,-1.2323620319366455,-0.10565266013145447,-0.2220892608165741
1790107913534353700,72.10135375976563,-1.1869863271713257,-0.009751430712640285,-0.19728323817253113
1790107913544297700,72.11129760742188,-1.142051100730896,0.053477607667446136,-0.14007560908794403
1790107913554241500,72.12124145507812,-1.0662881135940552,0.027827901765704155,-0.03533828258514404
1790107913564187000,72.13118676757813,-0.9969114661216736,-0.10695281624794006,0.050686080008745193
1790107913574130700,72.14113061523437,-0.9189277291297913,-0.2693102955818176,0.06863045692443848
1790107913584074800,72.15107470703126,-0.8152574896812439,-0.30427226424217224,0.025614017620682716
1790107913594018800,72.16101879882812,-0.7068804502487183,-0.22241602838039398,-0.008047806099057198
1790107913603964000,72.1709638671875,-0.6065045595169067,-0.1876407414674759,0.006719954311847687
1790107913613907700,72.18090771484376,-0.4974369406700134,-0.17347165942192078,0.03984914720058441
1790107913623851800,72.19085180664062,-0.3519367277622223,-0.10390695929527283,0.0814056396484375
1790107913633796600,72.20079663085937,-0.20423462986946106,0.039319973438978195,0.1261102706193924
1790107913643740700,72.21074072265625,-0.07352268695831299,0.15108752250671387,0.20248094201087952
1790107913653684700,72.22068481445312,0.03587890416383743,0.13901807367801666,0.29298898577690125
1790107913663629800,72.2306298828125,0.17166149616241455,0.34435683488845825,0.30850911140441895
1790107913673573600,72.24057373046875,0.27534475922584534,0.597737193107605,0.32561832666397095
1790107913683518700,72.25051879882812,0.34633904695510864,0.5949509739875793,0.3878513276576996
1790107913693463600,72.26046362304687,0.42351770401000977,0.42689061164855957,0.42151686549186707
1790107913703407900,72.27040795898438,0.5305802226066589,0.32144513726234436,0.3907216787338257
1790107913713351700,72.2803515625,0.6270367503166199,0.17383357882499695,0.3663676083087921
1790107913723296800,72.290296875,0.6857695579528809,0.07057323306798935,0.3595123589038849
1790107913733240600,72.30024047851562,0.7437604069709778,0.06173580139875412,0.36583951115608215
1790107913743184600,72.3101845703125,0.8146279454231262,0.1592562347650528,0.37874943017959595
1790107913753128700,72.32012866210937,0.8920210003852844,0.2792862355709076,0.38347068428993225
1790107913763073800,72.33007373046875,0.9590650200843811,0.24268454313278198,0.399966299533844
1790107913773017600,72.340017578125,1.0322803258895874,0.17208974063396454,0.4023229479789734
1790107913782961700,72.34996166992188,1.1145610809326172,0.207395538687706,0.3988957107067108
1790107913792906800,72.35990673828125,1.207129716873169,0.32504919171333313,0.38731443881988525
1790107913802850800,72.36985083007812,1.285064697265625,0.4343535900115967,0.38174816966056824
1790107913812794600,72.37979467773438,1.3377100229263306,0.454210102558136,0.4121209681034088
1790107913822739700,72.38973974609375,1.3768821954727173,0.40222999453544617,0.4443683922290802
1790107913832683500,72.39968359375,1.4400346279144287,0.3300490081310272,0.4786374270915985
1790107913842627800,72.4096279296875,1.5235949754714966,0.3092326819896698,0.48334988951683044
1790107913852572700,72.41957275390625,1.5913017988204956,0.26897767186164856,0.47295182943344116
1790107913862516700,72.42951684570312,1.6427019834518433,0.1780530959367752,0.4806470572948456
1790107913872460500,72.43946044921876,1.6780716180801392,0.13129250705242157,0.5055809020996094
1790107913882405600,72.44940551757813,1.7128634452819824,0.14115126430988312,0.5401705503463745
1790107913892349700,72.459349609375,1.7296512126922607,0.10143528133630753,0.5565140843391418
1790107913902293800,72.46929370117188,1.7221347093582153,-0.027544276788830757,0.5227324366569519
1790107913912237600,72.47923754882812,1.702341079711914,-0.09392809122800827,0.47448262572288513
1790107913922182700,72.4891826171875,1.681810736656189,-0.09062524139881134,0.4411230683326721
1790107913932126700,72.49912670898438,1.6681636571884155,-0.01792413927614689,0.4474124014377594
1790107913942070800,72.50907080078125,1.6414928436279297,-0.029210349544882774,0.4575220048427582
1790107913952015600,72.519015625,1.6153008937835693,-0.17181995511054993,0.4493226706981659
1790107913961959700,72.52895971679688,1.5792430639266968,-0.2892557680606842,0.40173277258872986
1790107913971903500,72.53890356445312,1.5221651792526245,-0.3521503210067749,0.36074140667915344
1790107913981848800,72.54884887695313,1.4332603216171265,-0.4785841703414917,0.3451022505760193
1790107913991792600,72.55879272460938,1.388844609260559,-0.6600192189216614,0.33786457777023315
1790107914001736700,72.56873681640624,1.3684005737304688,-0.7063126564025879,0.35326164960861206
1790107914011681500,72.578681640625,1.3623754978179932,-0.7504774332046509,0.35454049706459045
1790107914021625900,72.5886259765625,1.3581386804580688,-0.6982187628746033,0.31862378120422363
1790107914031569700,72.59856958007812,1.3367170095443726,-0.5318061113357544,0.2587359547615051
1790107914041513700,72.608513671875,1.2717307806015015,-0.2767237424850464,0.24563799798488617
1790107914051458600,72.61845849609375,1.2048473358154297,0.0013230583863332868,0.24297882616519928
1790107914061402600,72.62840258789062,1.1088731288909912,0.2763298451900482,0.3001798093318939
1790107914071346700,72.6383466796875,1.041943907737732,0.42005425691604614,0.40541914105415344
1790107914081291800,72.64829174804687,0.9857067465782166,0.3259000778198242,0.47059279680252075
1790107914091235600,72.65823559570312,0.9918432235717773,-0.008885370567440987,0.473339319229126
1790107914101179600,72.6681796875,1.0175405740737915,-0.4524635970592499,0.4472469985485077
1790107914111124700,72.67812475585937,1.0869649648666382,-0.6710697412490845,0.4691115617752075
1790107914121068800,72.68806884765625,1.189363956451416,-0.47182533144950867,0.5237630605697632
1790107914131012600,72.6980126953125,1.2413835525512695,-0.36226686835289,0.4863041341304779
1790107914140957700,72.70795776367187,1.1361145973205566,-0.3174578547477722,0.38325658440589905
1790107914150901500,72.71790161132813,0.9830723404884338,-0.1894298493862152,0.2109375298023224
1790107914160845800,72.727845703125,0.8426910042762756,-0.23141005635261536,0.051897820085287094
1790107914170790700,72.73779077148437,0.684564471244812,-0.07750331610441208,-0.04616643115878105
1790107914180734700,72.74773461914063,0.49035292863845825,0.06996151059865952,-0.13926281034946442
1790107914190678500,72.75767846679688,0.3221452832221985,0.14051903784275055,-0.17923952639102936
1790107914200622600,72.76762255859374,0.207095667719841,0.14862675964832306,-0.1576993465423584
1790107914210567700,72.77756762695313,0.09484715014696121,0.12035570293664932,-0.12131816893815994
1790107914220511700,72.78751171875,-0.0046267095021903515,0.1116437092423439,-0.0924132838845253
1790107914230455600,72.79745556640626,-0.11399288475513458,0.010335728526115417,-0.0945211797952652
1790107914240400600,72.80740063476563,-0.2329552173614502,-0.00612234091386199,-0.12993936240673065
1790107914250344700,72.8173447265625,-0.36603498458862305,0.09461598843336105,-0.19182589650154114
1790107914260288800,72.82728881835938,-0.4976116418838501,0.2506825625896454,-0.25183171033859253
1790107914270233600,72.83723364257813,-0.6206063032150269,0.3207063674926758,-0.3147193193435669
1790107914280177700,72.847177734375,-0.7248847484588623,0.22186528146266937,-0.36763474345207214
1790107914290121500,72.85712158203125,-0.7805243134498596,0.20268920063972473,-0.3589605689048767
1790107914300066800,72.86706689453125,-0.8179699778556824,0.16725583374500275,-0.3291797637939453
1790107914310010600,72.8770107421875,-0.8269879221916199,0.13600949943065643,-0.2630697190761566
1790107914319954700,72.88695458984375,-0.7977834343910217,0.36335504055023193,-0.16329331696033478
1790107914329899800,72.89689965820313,-0.8019755482673645,0.25583362579345703,-0.15420740842819214
1790107914339843800,72.90684375,-0.7934821844100952,0.05913735553622246,-0.17542295157909393
1790107914349787600,72.91678759765625,-0.7757769823074341,0.10692272335290909,-0.17096002399921417
1790107914359731700,72.92673168945312,-0.7627975344657898,0.2316790372133255,-0.1895480901002884
1790107914369676500,72.93667651367187,-0.7678170204162598,0.3368528485298157,-0.25220802426338196
1790107914379620600,72.94662060546875,-0.7886927723884583,0.39348044991493225,-0.3213993310928345
1790107914389564700,72.95656469726562,-0.8082488775253296,0.4044651985168457,-0.35737571120262146
1790107914399509800,72.966509765625,-0.84550541639328,0.4964369237422943,-0.3517066240310669
1790107914409453600,72.97645361328125,-0.8748132586479187,0.5819872617721558,-0.3361932039260864
1790107914419397600,72.98639770507812,-0.8807651400566101,0.5482641458511353,-0.3476879298686981
1790107914429342700,72.9963427734375,-0.8621594905853271,0.4337860643863678,-0.38306668400764465
1790107914439286800,73.00628686523437,-0.8375846743583679,0.34284764528274536,-0.40548545122146606
1790107914449230600,73.01623071289063,-0.8341268301010132,0.3380643427371979,-0.4315303564071655
1790107914459175700,73.02617578125,-0.8504160642623901,0.3510182201862335,-0.49942445755004883
1790107914469119700,73.03611962890625,-0.8992635011672974,0.2893545925617218,-0.5724166631698608
1790107914479063800,73.04606372070313,-0.9592671394348145,0.2645554840564728,-0.5921075344085693
1790107914489007600,73.05600756835938,-1.0253130197525024,0.25656014680862427,-0.570234477519989
1790107914498952700,73.06595263671875,-1.0787945985794067,0.24000860750675201,-0.5446726083755493
1790107914508896500,73.075896484375,-1.148557186126709,0.22341763973236084,-0.5086110234260559
1790107914518840600,73.08584057617188,-1.1567634344100952,0.19786007702350616,-0.5071462988853455
1790107914528785700,73.09578564453125,-1.1764003038406372,0.21091489493846893,-0.506881833076477
1790107914538729700,73.10572973632813,-1.2532082796096802,0.26029202342033386,-0.5268369317054749
1790107914548673500,73.11567358398437,-1.335191011428833,0.33960282802581787,-0.5554397702217102
1790107914558619000,73.12561889648437,-1.379668951034546,0.3902391195297241,-0.5560800433158875
1790107914568562700,73.13556274414063,-1.360298752784729,0.3650999367237091,-0.5292497277259827
1790107914578506800,73.1455068359375,-1.3149981498718262,0.25961506366729736,-0.5150020718574524
1790107914588451600,73.15545166015625,-1.2639634609222412,0.1385461539030075,-0.49883803725242615
1790107914598395600,73.16539575195313,-1.2127835750579834,0.01883014664053917,-0.4958480894565582
1790107914608339700,73.17533959960937,-1.166274905204773,-0.04148139804601669,-0.4946528673171997
1790107914618284800,73.18528491210938,-1.1241631507873535,-0.03190280497074127,-0.4714844524860382
1790107914628228600,73.195228515625,-1.0872828960418701,-0.01888527348637581,-0.4590453505516052
1790107914638172700,73.20517260742187,-1.0728949308395386,-0.027963457629084587,-0.43741753697395325
1790107914648116500,73.21511645507813,-1.0756357908248901,-0.07559329271316528,-0.38869208097457886
1790107914658061800,73.22506176757813,-1.089829921722412,-0.15851400792598724,-0.31662827730178833
1790107914668005600,73.23500561523437,-1.0992474555969238,-0.32406488060951233,-0.24872726202011108
1790107914677949700,73.24494970703125,-1.0964816808700562,-0.5071380138397217,-0.23544980585575104
1790107914687894300,73.25489428710938,-1.077211856842041,-0.6692124009132385,-0.29066112637519836
1790107914697838300,73.26483837890625,-1.0887223482131958,-0.7582850456237793,-0.3763754963874817
1790107914707782100,73.2747822265625,-1.1040430068969727,-0.8597288727760315,-0.4508814215660095
1790107914717727500,73.2847275390625,-1.0995957851409912,-0.9694018363952637,-0.4802395701408386
1790107914727671300,73.29467138671875,-1.0671638250350952,-0.9912288188934326,-0.44678762555122375
1790107914737615400,73.30461547851563,-1.0017259120941162,-0.9346518516540527,-0.3955603837966919
1790107914747560200,73.31456030273438,-0.9750410318374634,-0.82712721824646,-0.3689519464969635
1790107914757504500,73.32450439453125,-0.950851559638977,-0.6928996443748474,-0.36565467715263367
1790107914767448300,73.3344482421875,-0.9188249111175537,-0.5423421263694763,-0.36988404393196106
1790107914777392400,73.34439233398437,-0.9201090931892395,-0.39237070083618164,-0.3153907060623169
1790107914787337200,73.35433715820312,-0.9718806743621826,-0.2989427447319031,-0.22151534259319305
1790107914797281300,73.36428125,-1.0278043746948242,-0.23813959956169128,-0.15144863724708557
1790107914807225300,73.37422534179687,-1.0433809757232666,-0.18601487576961517,-0.05187757685780525
1790107914817170400,73.38417041015624,-1.0016061067581177,-0.04374907910823822,0.0483667328953743
1790107914827114200,73.3941142578125,-0.9254311323165894,0.06214859336614609,0.10612403601408005
1790107914837058300,73.40405834960937,-0.8362631797790527,-0.01245267502963543,0.12500958144664764
1790107914847003400,73.41400341796874,-0.7311767339706421,-0.11098510771989822,0.1362161636352539
1790107914856947500,73.42394750976563,-0.5616295337677002,-0.19580624997615814,0.15595631301403046
1790107914866891300,73.43389135742187,-0.43194156885147095,-0.25544989109039307,0.21273064613342285
1790107914876836400,73.44383642578126,-0.3063197135925293,-0.290833979845047,0.26303908228874207
1790107914886780200,73.4537802734375,-0.16269490122795105,-0.14603736996650696,0.2772449254989624
1790107914896724500,73.46372436523437,-0.03862382471561432,0.09318533539772034,0.31600111722946167
1790107914906669300,73.47366943359376,0.050208307802677155,0.25210094451904297,0.4158494174480438
1790107914916613400,73.48361328125,0.15547826886177063,0.3479859232902527,0.5105378031730652
1790107914926557200,73.49355712890625,0.2988945543766022,0.47799134254455566,0.484284907579422
1790107914936501200,73.50350122070313,0.4467780292034149,0.4732501208782196,0.39592283964157104
1790107914946446300,73.5134462890625,0.5537936687469482,0.29817524552345276,0.3853812515735626
1790107914956390400,73.52339038085937,0.6255611181259155,0.25378379225730896,0.4308147728443146
1790107914966334500,73.53333447265625,0.7097278833389282,0.32384011149406433,0.46929851174354553
1790107914976279600,73.54327954101562,0.8071582913398743,0.36856046319007874,0.4800262749195099
1790107914986223400,73.55322338867188,0.9091459512710571,0.3709530234336853,0.447929322719574
1790107914996167400,73.56316748046875,1.01472806930542,0.37714141607284546,0.4462187588214874
1790107915006112300,73.5731123046875,1.0881798267364502,0.41426509618759155,0.5227042436599731
1790107915016056300,73.58305639648438,1.1234771013259888,0.526677131652832,0.5890158414840698
1790107915026000400,73.59300048828125,1.134973168373108,0.5303719639778137,0.6235876679420471
1790107915035945500,73.60294555664062,1.1211639642715454,0.4574410617351532,0.6253688335418701
1790107915045889300,73.61288916015624,1.1249247789382935,0.4340347945690155,0.5889599323272705
1790107915055833300,73.62283325195312,1.1565064191818237,0.4618019759654999,0.5657997727394104
1790107915065777400,73.63277734375,1.2181929349899292,0.5364897847175598,0.5578616857528687
1790107915075722500,73.64272241210938,1.2936986684799194,0.6205663084983826,0.5570107698440552
1790107915085666300,73.65266625976562,1.3590198755264282,0.6158458590507507,0.5573412775993347
1790107915095610400,73.6626103515625,1.4309039115905762,0.5638124942779541,0.5811978578567505
1790107915105555200,73.67255517578126,1.5169671773910522,0.6396063566207886,0.6015772223472595
1790107915115499500,73.68249951171875,1.6012029647827148,0.775117039680481,0.5675449371337891
1790107915125443600,73.69244360351563,1.6640056371688843,0.7527288794517517,0.5140784978866577
1790107915135388400,73.70238842773438,1.6854296922683716,0.5172825455665588,0.4906480014324188
1790107915145332200,73.71233227539062,1.713505744934082,0.30114519596099854,0.4527547061443329
1790107915155276300,73.7222763671875,1.7587957382202148,0.3037218153476715,0.39380723237991333
1790107915165221400,73.73222143554688,1.8367297649383545,0.3771163821220398,0.3247506618499756
1790107915175165400,73.74216552734374,1.9225109815597534,0.3765922784805298,0.29589369893074036
1790107915185109500,73.75210961914063,1.9353508949279785,0.06464264541864395,0.22478118538856506
1790107915195053300,73.76205322265625,1.840493083000183,-0.43863222002983093,0.09811484813690186
1790107915204998400,73.77199829101562,1.645424723625183,-0.7411582469940186,-0.02468031272292137
1790107915214942500,73.7819423828125,1.5145940780639648,-0.8767189979553223,-0.10955338925123215
1790107915224886500,73.79188647460937,1.575493574142456,-0.9409888386726379,-0.09751643985509872
1790107915234831400,73.80183129882812,1.625839114189148,-0.9433491826057434,-0.006720753386616707
1790107915244775200,73.81177514648438,1.6287813186645508,-0.9085496664047241,0.06697210669517517
1790107915254719500,73.82171948242187,1.6149760484695435,-0.7862061858177185,0.08946410566568375
1790107915264664300,73.83166430664062,1.5520521402359009,-0.4957447648048401,0.10147469490766525
1790107915274608400,73.8416083984375,1.4540667533874512,-0.1113520935177803,0.1293894201517105
1790107915284552400,73.85155249023437,1.349777102470398,0.21954034268856049,0.15272589027881622
1790107915294497500,73.86149755859375,1.241489291191101,0.39672258496284485,0.2184295356273651
1790107915304441300,73.87144140625,1.1288708448410034,0.36972957849502563,0.26044145226478577
1790107915314385400,73.88138549804688,1.0421297550201416,0.11723607778549194,0.2871614694595337
1790107915324329500,73.89132958984375,0.9750605225563049,-0.21390829980373383,0.33551010489463806
1790107915334274300,73.9012744140625,0.9805207848548889,-0.4760434925556183,0.43755364418029785
1790107915344218400,73.91121826171874,1.0131375789642334,-0.6627747416496277,0.5637115836143494
1790107915354162400,73.92116235351563,1.0469107627868652,-0.6539623737335205,0.6543517112731934
1790107915364107300,73.93110717773438,1.0625282526016235,-0.42554572224617004,0.653918981552124
1790107915374051300,73.94105126953124,0.9951396584510803,-0.4184345304965973,0.5316753387451172
1790107915383995400,73.95099536132813,0.8619129061698914,-0.6035599112510681,0.36367541551589966
1790107915393940500,73.9609404296875,0.7151314616203308,-0.6305217742919922,0.2063654214143753
1790107915403884300,73.97088427734376,0.5462108850479126,-0.4943825602531433,0.07978111505508423
1790107915413828400,73.98082836914062,0.3614162504673004,-0.3401586413383484,0.010353571735322475
1790107915423773200,73.99077319335937,0.20461918413639069,-0.1167101040482521,0.017530789598822594
1790107915433717500,74.00071752929688,0.059508066624403,0.04632089287042618,0.06350680440664291
1790107915443661600,74.01066162109375,-0.03593802824616432,0.0645049586892128,0.10149093717336655
1790107915453605400,74.02060546875,-0.1427195966243744,-0.030529946088790894,0.09080926328897476
1790107915463550200,74.03055029296875,-0.2676101326942444,-0.09856199473142624,0.03154514357447624
1790107915473494300,74.04049438476562,-0.40472137928009033,-0.0437362939119339,-0.038301050662994385
1790107915483438600,74.0504384765625,-0.5499584674835205,0.01932389661669731,-0.12318664789199829
1790107915493383400,74.06038354492188,-0.6598149538040161,0.10916430503129959,-0.19696445763111115
1790107915503327500,74.07032739257812,-0.7563044428825378,0.10404703766107559,-0.26552915573120117
1790107915513271300,74.08027124023438,-0.8325917720794678,0.06879983842372894,-0.30589839816093445
1790107915523216400,74.09021630859375,-0.860520601272583,0.19949579238891602,-0.2934931218624115
1790107915533160400,74.10016040039062,-0.8839796185493469,0.24332983791828156,-0.2760624885559082
1790107915543104500,74.1101044921875,-0.9210252165794373,0.0795036107301712,-0.260836124420166
1790107915553049300,74.12004931640625,-0.9155915975570679,0.05979302525520325,-0.20749273896217346
1790107915562993400,74.12999340820312,-0.8755882382392883,0.3138607144355774,-0.12649188935756683
1790107915572937500,74.1399375,-0.8625574111938477,0.43649449944496155,-0.100382000207901
1790107915582881500,74.14988159179687,-0.8511108756065369,0.3725948631763458,-0.1272524893283844
1790107915592826400,74.15982641601562,-0.8393253087997437,0.18994197249412537,-0.17979879677295685
1790107915602770400,74.1697705078125,-0.8148170113563538,-0.012831642292439938,-0.22885662317276
1790107915612714200,74.17971435546875,-0.780128538608551,-0.05910193547606468,-0.24312131106853485
1790107915622659300,74.18965942382812,-0.7431535124778748,0.04565750062465668,-0.2298949807882309
1790107915632603400,74.19960327148438,-0.6923768520355225,0.08822546899318695,-0.2266635000705719
1790107915642547500,74.20954736328125,-0.6481694579124451,0.0028881982434540987,-0.2433503419160843
1790107915652492300,74.2194921875,-0.6539685130119324,-0.07707374542951584,-0.26429930329322815
1790107915662436600,74.2294365234375,-0.7023051381111145,-0.09092351794242859,-0.2974846661090851
1790107915672380400,74.23938037109374,-0.7580456137657166,-0.04031812772154808,-0.3382595479488373
1790107915682325200,74.2493251953125,-0.8138478994369507,0.15688495337963104,-0.3418644070625305
1790107915692268800,74.25926879882813,-0.8397125005722046,0.32986631989479065,-0.32551977038383484
1790107915702212900,74.269212890625,-0.8189153671264648,0.4047144651412964,-0.3296860158443451
1790107915712157700,74.27915771484375,-0.7816526889801025,0.45189157128334045,-0.3583991527557373
1790107915722101800,74.28910180664063,-0.7956931591033936,0.4589467942714691,-0.4333713948726654
1790107915732045600,74.29904565429688,-0.9061160683631897,0.4344278872013092,-0.5009936094284058
1790107915741990000,74.30898999023438,-1.114046335220337,0.4469034671783447,-0.49019208550453186
1790107915751934700,74.31893481445313,-1.293797492980957,0.4599851667881012,-0.4387563169002533
1790107915761878800,74.32887866210937,-1.3926784992218018,0.35228613018989563,-0.4037703573703766
1790107915771822600,74.33882250976562,-1.430904746055603,0.20650629699230194,-0.40057483315467834
1790107915781768000,74.34876782226563,-1.4098998308181763,0.12622371315956116,-0.42896467447280884
1790107915791711700,74.35871166992187,-1.3579673767089844,0.1119702085852623,-0.46005895733833313
1790107915801655800,74.36865576171876,-1.2657692432403564,0.16276521980762482,-0.4925151467323303
1790107915811600600,74.3786005859375,-1.1780508756637573,0.23726288974285126,-0.5123756527900696
1790107915821544700,74.38854467773437,-1.1055961847305298,0.270027756690979,-0.5262917876243591
1790107915831488800,74.39848876953126,-1.061961054801941,0.2094685435295105,-0.5307541489601135
1790107915841433900,74.40843383789063,-1.0288704633712769,0.05331568419933319,-0.5308606624603271
1790107915851377700,74.41837768554687,-1.0625331401824951,-0.08211058378219604,-0.5254046320915222
1790107915861321700,74.42832177734375,-1.1331318616867065,-0.14703525602817535,-0.4932975769042969
1790107915871265500,74.438265625,-1.2094261646270752,-0.16809765994548798,-0.46202194690704346
1790107915881211000,74.4482109375,-1.2610610723495483,-0.16799406707286835,-0.4322749972343445
1790107915891154700,74.45815478515625,-1.2537329196929932,-0.17233608663082123,-0.41395482420921326
1790107915901098800,74.4680986328125,-1.2161098718643188,-0.20836439728736877,-0.3910582959651947
1790107915911043600,74.47804370117187,-1.1953198909759521,-0.2555396258831024,-0.36340829730033875
1790107915920988000,74.48798779296875,-1.1872131824493408,-0.29576534032821655,-0.3545799255371094
1790107915930931700,74.497931640625,-1.1658570766448975,-0.314374178647995,-0.37193652987480164
1790107915940876800,74.50787670898437,-1.1370893716812134,-0.329619437456131,-0.3565027117729187
1790107915950820600,74.51782055664063,-1.1026352643966675,-0.3570454716682434,-0.31463730335235596
1790107915960764700,74.5277646484375,-1.0671955347061157,-0.4262237548828125,-0.33213934302330017
1790107915970709800,74.53770971679687,-1.0129836797714233,-0.4659234881401062,-0.3760915994644165
1790107915980653800,74.54765380859375,-0.9669618010520935,-0.4688574969768524,-0.3750702738761902
1790107915990597600,74.55759765625,-1.024962306022644,-0.35603827238082886,-0.3004434406757355
1790107916000541700,74.56754174804688,-1.1208086013793945,-0.13295406103134155,-0.256880521774292
1790107916010486800,74.57748681640625,-1.1776026487350464,0.16857436299324036,-0.20161780714988708
1790107916020430800,74.58743090820313,-1.1791691780090332,0.32828840613365173,-0.1293654441833496
1790107916030374700,74.59737475585938,-1.1131269931793213,0.2800878584384918,-0.01830150932073593
1790107916040319700,74.60731982421875,-1.0108180046081543,0.12271925806999207,0.0776500552892685
1790107916050263600,74.617263671875,-0.937559187412262,-0.08466189354658127,0.0849178209900856
1790107916060207900,74.62720776367188,-0.8668549060821533,-0.31592652201652527,0.008863799273967743
1790107916070152700,74.63715258789063,-0.7734522819519043,-0.47215768694877625,-0.07640209794044495
1790107916080096800,74.6470966796875,-0.6367082595825195,-0.4429212510585785,-0.09561920166015625
1790107916090040600,74.65704052734375,-0.4686012864112854,-0.29851213097572327,-0.07041424512863159
1790107916099986000,74.66698583984375,-0.328045517206192,-0.13920609652996063,-0.019654395058751106
1790107916109929700,74.6769296875,-0.18679891526699066,-0.02828490175306797,0.05443767458200455
1790107916119873800,74.68687377929687,-0.049913763999938965,0.11227753758430481,0.17561151087284088
1790107916129817600,74.69681762695312,0.09675983339548111,0.42375844717025757,0.2887497842311859
1790107916139762700,74.7067626953125,0.2336561679840088,0.6872846484184265,0.3661439120769501
1790107916149706800,74.71670678710937,0.3409522473812103,0.7473511695861816,0.3562542498111725
1790107916159650800,74.72665087890626,0.4600067436695099,0.6560742855072021,0.3227623403072357
1790107916169595600,74.736595703125,0.5810855031013489,0.5541588068008423,0.32769104838371277
1790107916179539700,74.74653979492187,0.6941742300987244,0.5782114267349243,0.2949722409248352
1790107916189483500,74.7564833984375,0.796929121017456,0.5957669615745544,0.2715907692909241
1790107916199428900,74.76642895507813,0.8809007406234741,0.6005468368530273,0.2596574127674103
1790107916209372700,74.77637255859375,0.9435198903083801,0.5708943605422974,0.28105083107948303
1790107916219316700,74.78631665039063,1.0046356916427612,0.5678272247314453,0.30480092763900757
1790107916229261600,74.79626147460938,1.0618305206298828,0.5507822036743164,0.32553601264953613
1790107916239206000,74.80620581054687,1.1098148822784424,0.5235335230827332,0.35135218501091003
1790107916249149700,74.81614965820313,1.1660953760147095,0.5237119793891907,0.37361299991607666
1790107916259093800,74.82609375,1.2182321548461914,0.5376221537590027,0.3466000258922577
1790107916269038600,74.83603857421875,1.2704622745513916,0.5033683180809021,0.3167864680290222
1790107916278982700,74.84598266601563,1.3088632822036743,0.44189804792404175,0.2977973222732544
1790107916288926700,74.8559267578125,1.33976411819458,0.37969139218330383,0.2874932885169983
1790107916298871800,74.86587182617187,1.3871662616729736,0.3595552444458008,0.2656513750553131
1790107916308815600,74.87581567382813,1.444053053855896,0.3275352418422699,0.2446022927761078
1790107916318759700,74.885759765625,1.4936424493789673,0.31298986077308655,0.254264771938324
1790107916328704800,74.89570483398437,1.5380135774612427,0.3277568221092224,0.2688594162464142
1790107916338648800,74.90564892578125,1.5763359069824219,0.33483976125717163,0.2817927896976471
1790107916348592600,74.91559252929687,1.6086618900299072,0.28540244698524475,0.30277344584465027
1790107916358537700,74.92553784179688,1.6627001762390137,0.23554781079292297,0.30233535170555115
1790107916368481500,74.9354814453125,1.7125321626663208,0.16529442369937897,0.2913641929626465
1790107916378425900,74.94542578125,1.7587616443634033,0.05272100120782852,0.2879524230957031
1790107916388370000,74.95536987304688,1.7883081436157227,0.00250496924854815,0.3101339042186737
1790107916398314800,74.96531469726563,1.822878122329712,0.07718027383089066,0.3164013922214508
1790107916408258600,74.97525854492187,1.8597955703735352,0.09398801624774933,0.2785884737968445
1790107916418202600,74.98520263671875,1.846480369567871,-0.08037899434566498,0.20053070783615112
1790107916428147700,74.99514770507812,1.8032876253128052,-0.3233333230018616,0.09200502187013626
1790107916438091800,75.005091796875,1.7384992837905884,-0.5488383769989014,0.039375368505716324
1790107916448035800,75.01503588867187,1.6769349575042725,-0.8341851234436035,0.09490440785884857
1790107916457981000,75.02498095703125,1.559570550918579,-1.1149624586105347,0.16081231832504272
1790107916467924700,75.0349248046875,1.427783727645874,-1.2844830751419067,0.1783289909362793
1790107916477868800,75.04486889648437,1.3139206171035767,-1.3014698028564453,0.186624214053154
1790107916487813600,75.05481372070312,1.239503026008606,-1.1588484048843384,0.1494307667016983
1790107916497757700,75.0647578125,1.1959716081619263,-0.8834038376808167,0.12396428734064102
1790107916507701800,75.07470166015625,1.1313161849975586,-0.432052880525589,0.13232848048210144
1790107916517645800,75.08464575195312,1.0695455074310303,-0.012418586760759354,0.16534395515918732
1790107916527590700,75.09459057617188,1.0510882139205933,0.20639897882938385,0.24596236646175385
1790107916537534700,75.10453466796875,1.0881426334381104,0.08058405667543411,0.3178490698337555
1790107916547478800,75.11447875976563,1.1315768957138062,-0.1529914140701294,0.4455500543117523
1790107916557423900,75.124423828125,1.1243906021118164,-0.21909932792186737,0.5581982731819153
1790107916567367700,75.13436767578125,1.0969542264938354,-0.18603618443012238,0.6286828517913818
1790107916577311700,75.14431176757813,1.074885368347168,-0.06253501772880554,0.5950772166252136
1790107916587256600,75.15425659179688,1.0162409543991089,0.10722978413105011,0.49425047636032104
1790107916597201000,75.16420092773437,0.9854021072387695,0.06756678968667984,0.3749523162841797
1790107916607145000,75.17414501953125,0.9178941249847412,-0.03358512371778488,0.2864876985549927
1790107916617089800,75.18408984375,0.8522195219993591,-0.061714496463537216,0.2107953280210495
1790107916627033600,75.19403369140625,0.7050966620445251,-0.011447331868112087,0.16576552391052246
1790107916636977700,75.20397778320313,0.5194826126098633,0.02545955404639244,0.15022678673267365
1790107916646921700,75.21392163085937,0.32542282342910767,-0.07767003029584885,0.13450667262077332
1790107916656866800,75.22386669921875,0.13991449773311615,-0.1656789779663086,0.11962040513753891
1790107916666810600,75.233810546875,-0.019575033336877823,-0.13503745198249817,0.09986241161823273
1790107916676754700,75.24375463867187,-0.14100132882595062,-0.03200453892350197,0.08350154757499695
1790107916686700300,75.2537001953125,-0.24297137558460236,0.000716922979336232,0.050104979425668716
1790107916696644400,75.26364428710937,-0.358417272567749,-0.0880528911948204,0.003763046581298113
1790107916706588200,75.27358813476563,-0.44264453649520874,-0.09250543266534805,-0.014310495927929878
1790107916716533500,75.28353344726563,-0.5190066695213318,-0.08657670021057129,-0.025476597249507904
1790107916726477300,75.29347729492187,-0.5909227132797241,-0.01623649336397648,-0.025182317942380905
1790107916736421400,75.30342138671875,-0.6749699115753174,0.005817941855639219,-0.060030315071344376
1790107916746365200,75.313365234375,-0.7649442553520203,-0.048217594623565674,-0.10815123468637466
1790107916756310500,75.323310546875,-0.8238145112991333,0.04549771174788475,-0.13167306780815125
1790107916766254300,75.33325439453125,-0.8646280169487,0.17337152361869812,-0.14392174780368805
1790107916776198400,75.34319848632812,-0.8863873481750488,0.27017077803611755,-0.1477700173854828
1790107916786143200,75.35314331054687,-0.8830099105834961,0.32458606362342834,-0.13585875928401947
1790107916796087300,75.36308740234375,-0.8697060942649841,0.2715425491333008,-0.12997131049633026
1790107916806031400,75.37303125,-0.8456338047981262,0.08352845162153244,-0.15886102616786957
1790107916815976400,75.3829765625,-0.8128287196159363,-0.021866682916879654,-0.1895614117383957
1790107916825920300,75.39292016601563,-0.794987678527832,0.09838249534368515,-0.21495650708675385
1790107916835864300,75.4028642578125,-0.8066640496253967,0.2879159450531006,-0.24194711446762085
1790107916845809400,75.41280932617188,-0.8375052809715271,0.31356456875801086,-0.2829406261444092
1790107916855753500,75.42275341796875,-0.8622910976409912,0.3197111487388611,-0.3018741011619568
1790107916865697300,75.432697265625,-0.8788220882415771,0.36057576537132263,-0.3009728789329529
1790107916875642400,75.44264233398438,-0.8699527382850647,0.34933456778526306,-0.31823843717575073
1790107916885586200,75.45258618164063,-0.8445426821708679,0.29998379945755005,-0.33533671498298645
1790107916895530500,75.46253051757813,-0.8152074813842773,0.2775634229183197,-0.3401857912540436
1790107916905474300,75.47247436523438,-0.780200183391571,0.3290063738822937,-0.33091747760772705
1790107916915419400,75.48241943359375,-0.7327399849891663,0.33173853158950806,-0.3652826249599457
1790107916925363200,75.49236328125,-0.7035283446311951,0.28648263216018677,-0.4205530881881714
1790107916935307300,75.50230737304688,-0.7085156440734863,0.27797994017601013,-0.46011966466903687
1790107916945252400,75.51225244140625,-0.6994571685791016,0.2734041213989258,-0.46906548738479614
1790107916955196400,75.52219653320313,-0.7197147607803345,0.27071884274482727,-0.4505266845226288
1790107916965140200,75.53214013671875,-0.7832484245300293,0.30098646879196167,-0.42179572582244873
1790107916975085600,75.54208544921875,-0.880621075630188,0.3779134750366211,-0.41033345460891724
1790107916985029400,75.552029296875,-1.0193268060684204,0.44825953245162964,-0.4466121196746826
1790107916994973400,75.56197338867187,-1.1519708633422852,0.5153307318687439,-0.5273360013961792
1790107917004918300,75.57191821289062,-1.2612285614013672,0.5486045479774475,-0.6090577244758606
1790107917014862300,75.5818623046875,-1.3162153959274292,0.5298529267311096,-0.6269384622573853
1790107917024806100,75.59180615234375,-1.3107341527938843,0.48310381174087524,-0.545952558517456
1790107917034750500,75.60175048828125,-1.2510029077529907,0.4299638867378235,-0.4411534368991852
1790107917044695300,75.6116953125,-1.1634794473648071,0.36382508277893066,-0.3653864860534668
1790107917054639400,75.62163940429687,-1.1174602508544922,0.22399741411209106,-0.3253362774848938
1790107917064583400,75.63158349609375,-1.1812936067581177,0.07101904600858688,-0.27718019485473633
1790107917074528500,75.64152856445313,-1.312196135520935,-0.1194813922047615,-0.24271251261234283
1790107917084472300,75.65147241210937,-1.4513740539550781,-0.2894001305103302,-0.28435423970222473
1790107917094416400,75.66141650390625,-1.4986706972122192,-0.4135015606880188,-0.3742774724960327
1790107917104361200,75.671361328125,-1.4624277353286743,-0.5872467160224915,-0.4037879407405853
1790107917114305500,75.68130541992187,-1.4407954216003418,-0.8116161823272705,-0.38795092701911926
1790107917124249300,75.69124926757813,-1.4082577228546143,-1.017351508140564,-0.45791617035865784
1790107917134194400,75.7011943359375,-1.3186695575714111,-0.9124072194099426,-0.6126722097396851
1790107917144138200,75.71113818359375,-1.2112133502960205,-0.48480531573295593,-0.7255345582962036
1790107917154082300,75.72108227539063,-1.1511691808700562,0.04108139127492905,-0.6842731237411499
1790107917164026400,75.7310263671875,-1.1315033435821533,0.4358566701412201,-0.4759518802165985
1790107917173971500,75.74097143554687,-1.1042145490646362,0.9680097699165344,-0.3073846995830536
1790107917183915300,75.75091528320313,-1.2587313652038574,1.232906460762024,-0.12884879112243652
1790107917193859300,75.760859375,-1.486343264579773,0.8972296118736267,0.07162385433912277
1790107917203804400,75.77080444335938,-1.552097201347351,0.35419508814811707,0.35455915331840515
1790107917213748500,75.78074853515625,-1.4752793312072754,-0.05793493986129761,0.5679438710212708
1790107917223692500,75.79069262695313,-1.4234150648117065,-0.3730745017528534,0.4857688248157501
1790107917233637400,75.80063745117188,-1.359934687614441,-0.7498100399971008,0.25792795419692993
1790107917243581200,75.81058129882813,-1.202199935913086,-0.9921404123306274,0.14697480201721191
1790107917253525500,75.820525390625,-1.0589804649353027,-1.084831953048706,0.19489970803260803
1790107917263469600,75.83046948242188,-0.9484315514564514,-1.124503254890442,0.19259394705295563
1790107917273414400,75.84041430664062,-0.8489973545074463,-1.1389673948287964,0.0720164030790329
1790107917283358200,75.85035815429687,-0.7221912145614624,-0.9819000363349915,-0.0998765304684639
1790107917293302300,75.86030224609375,-0.4518641233444214,-0.41108235716819763,-0.18349792063236237
1790107917303247400,75.87024731445312,-0.10550139099359512,0.44736364483833313,-0.08521369844675064
1790107917313191400,75.88019140625,0.07577385753393173,0.7765825390815735,0.25193583965301514
1790107917323135500,75.89013549804687,0.10235992819070816,0.4568250775337219,0.5359199047088623
1790107917333080300,75.90008032226562,0.09389160573482513,0.3721463978290558,0.4395134449005127
1790107917343024400,75.9100244140625,0.10746733844280243,0.6822877526283264,0.27788594365119934
1790107917352968400,75.91996850585937,0.23141297698020935,1.114930510520935,0.2932177484035492
1790107917362913300,75.92991333007812,0.41095930337905884,1.347365379333496,0.5014854669570923
1790107917372857300,75.939857421875,0.424094021320343,1.1300572156906128,0.6952821016311646
1790107917382801400,75.94980151367187,0.3021926283836365,0.5587970018386841,0.6173292398452759
1790107917392745500,75.95974536132813,0.19485977292060852,-0.048174452036619186,0.4088072180747986
1790107917402690300,75.96969018554688,0.1589190810918808,-0.13919703662395477,0.22785553336143494
1790107917412634400,75.97963427734375,0.23266173899173737,0.11623286455869675,0.17081807553768158
1790107917422578400,75.98957836914063,0.35223767161369324,0.45526206493377686,0.16180461645126343
1790107917432523500,75.9995234375,0.486858606338501,0.7499618530273438,0.2343808114528656
1790107917442467300,76.00946728515625,0.5362849831581116,0.9139502644538879,0.3541679382324219
1790107917452411400,76.01941137695313,0.5689198970794678,0.8452931642532349,0.3266007602214813
1790107917462356200,76.02935620117188,0.632260262966156,0.7484737038612366,0.2184031754732132
1790107917472300300,76.03930029296875,0.8079591393470764,0.5784614682197571,0.26563405990600586
1790107917482244600,76.04924462890625,0.9182409048080444,0.2591170370578766,0.4479103982448578
1790107917492189400,76.059189453125,0.9262322187423706,0.09635316580533981,0.6025609374046326
1790107917502133200,76.06913330078125,0.8989444375038147,0.21948282420635223,0.667905330657959
1790107917512077300,76.07907739257813,0.9492781758308411,0.5057052373886108,0.6412116885185242
1790107917522021400,76.089021484375,1.072342872619629,0.6773598194122314,0.5861220955848694
1790107917531966500,76.09896655273438,1.0700757503509521,0.5304095149040222,0.47579795122146606
1790107917541910500,76.10891064453125,0.923283040523529,0.06226470693945885,0.10241106152534485
1790107917551854300,76.11885424804687,1.0618760585784912,-0.5680466890335083,0.19813412427902222
1790107917561799200,76.12879907226562,1.104238510131836,-1.0156660079956055,0.27222326397895813
1790107917571743500,76.13874340820313,1.0376850366592407,-1.229764461517334,0.3516775965690613
1790107917581687600,76.1486875,0.9850923418998718,-1.2787666320800781,0.14960867166519165
1790107917591632400,76.15863232421874,0.8758833408355713,-0.9794853329658508,-0.500006914138794
1790107917601576400,76.16857641601563,1.1186972856521606,-0.1726633906364441,-0.9047927260398865
1790107917611520300,76.17852026367187,1.3004257678985596,0.6136895418167114,-1.0850093364715576
1790107917621465300,76.18846533203126,1.0230014324188232,1.0506764650344849,-0.7644169926643372
1790107917631409400,76.19840942382812,0.6830155849456787,0.8734918236732483,-0.1685650497674942
1790107917641353500,76.208353515625,0.5106217265129089,0.6735957264900208,0.33869096636772156
1790107917651297300,76.21829736328125,0.443077027797699,0.28168389201164246,0.7041011452674866
1790107917661242400,76.22824243164062,0.48730549216270447,-0.14695055782794952,1.0380253791809082
1790107917671186400,76.2381865234375,0.5380850434303284,-0.48405322432518005,1.155211329460144
1790107917681130500,76.24813061523437,0.6074201464653015,-0.5035305023193359,0.964750349521637
1790107917691075000,76.25807495117188,0.5187038779258728,0.15451420843601227,0.455886572599411
1790107917701019100,76.26801904296875,0.3588119447231293,0.9489372968673706,0.11105328053236008
1790107917710963000,76.277962890625,0.37791135907173157,1.2541733980178833,-0.047561392188072205
1790107917720908300,76.287908203125,0.29593977332115173,1.1118236780166626,-0.08193587511777878
1790107917730852000,76.29785205078124,0.37296533584594727,0.6092612147331238,0.12704209983348846
1790107917740796200,76.30779614257813,0.9776866436004639,0.1048118993639946,0.7566344141960144
1790107917750740000,76.31773999023437,1.3280587196350098,-0.6680803298950195,1.0434099435806274
1790107917760685300,76.32768530273438,0.844078004360199,-1.2149192094802856,0.14801503717899323
1790107917770629000,76.33762915039063,0.22961294651031494,-1.3993779420852661,-1.3216214179992676
1790107917780573200,76.3475732421875,-0.03665974363684654,-0.3916625678539276,-1.2201621532440186
1790107917790518000,76.35751806640624,0.014465225860476494,0.047335024923086166,-0.7401806116104126
1790107917800462300,76.36746240234375,-0.045213550329208374,-0.10661911964416504,-0.02863617241382599
1790107917810406100,76.37740625,-0.1393672078847885,-0.4946203827857971,0.5982213616371155
1790107917820351200,76.38735131835938,-0.2521917521953583,-0.6547709107398987,1.2570887804031372
1790107917830295000,76.397294921875,-0.5053220391273499,-0.29140228033065796,1.9187678098678589
1790107917840239000,76.40723901367187,-0.607833743095398,0.740228533744812,2.207181453704834
1790107917850184200,76.41718408203126,-0.027605528011918068,1.456763505935669,1.8378461599349976
1790107917860128300,76.42712817382812,0.4793032109737396,0.6614668965339661,0.41181978583335876
1790107917870072000,76.43707202148437,0.6651868224143982,0.03816602751612663,-0.3657494783401489
1790107917880016100,76.44701611328125,0.6396867632865906,-0.7298227548599243,-0.6972320675849915
1790107917889961200,76.45696118164062,0.6310296058654785,-1.3522677421569824,-0.6421054601669312
1790107917899905300,76.4669052734375,0.7268264293670654,-1.7381218671798706,-0.34483593702316284
1790107917909849000,76.47684912109375,0.846990168094635,-1.8802855014801025,-0.0004913532175123692
1790107917919794200,76.48679418945312,0.9264583587646484,-1.7038742303848267,0.26985305547714233
1790107917929738000,76.49673803710938,0.8564057350158691,-1.1979540586471558,0.3955957889556885
1790107917939682300,76.50668237304687,0.5371105670928955,-0.4568197429180145,0.31106680631637573
1790107917949627100,76.51662719726562,-0.01882561855018139,0.12522582709789276,0.13076519966125488
1790107917959571200,76.5265712890625,-0.5582864284515381,0.07305104285478592,-0.2524016201496124
1790107917969515000,76.53651489257813,-0.9823314547538757,-0.43591153621673584,-2.3681986331939697
1790107917979459000,76.546458984375,-0.7426312565803528,1.678877830505371,-3.3708815574645996
1790107917989404200,76.55640405273438,0.009765013121068478,4.041355133056641,-2.4811313152313232
1790107917999348200,76.56634814453125,0.9353961944580078,2.655212879180908,-0.6871669292449951
1790107918009292000,76.5762919921875,1.461630940437317,-0.1717139631509781,0.7511776089668274
1790107918019237000,76.58623706054688,1.6426976919174194,-2.1409709453582764,1.3758494853973389
1790107918029181200,76.59618115234375,1.605762004852295,-2.5142977237701416,1.048365592956543
1790107918039125200,76.60612524414063,1.3452720642089844,-2.1273386478424072,0.18402789533138275
1790107918049070000,76.61607006835938,0.8337819576263428,-1.653357744216919,-0.4869030714035034
1790107918059014100,76.62601416015625,0.19790269434452057,-1.3573373556137085,-0.6619049906730652
1790107918068958000,76.6359580078125,-0.41502729058265686,-1.266317367553711,-0.5055361390113831
1790107918078902300,76.64590234375,-0.5563527345657349,-1.0473448038101196,-0.31565916538238525
1790107918088847000,76.65584716796874,-0.6598423719406128,-0.5262768268585205,-0.05452955514192581
1790107918098791200,76.66579125976563,-0.7990604639053345,0.4413662254810333,0.22733914852142334
1790107918108735000,76.67573486328125,-0.9897142648696899,1.6302388906478882,0.7104767560958862
1790107918118680300,76.68568041992188,-1.0443274974822998,2.4162609577178955,1.1993465423583984
1790107918128624000,76.6956240234375,-0.6097983717918396,2.0382626056671143,1.4129422903060913
1790107918138568200,76.70556811523437,0.09522292017936707,1.5450241565704346,1.404151439666748
1790107918148513000,76.71551293945312,0.4349035322666168,0.8539854884147644,1.1185753345489502
1790107918158457000,76.72545703125,0.3557048439979553,0.04927380755543709,0.5903711318969727
1790107918168401200,76.73540112304687,0.11013049632310867,-1.1335175037384033,-0.004334561061114073
1790107918178346200,76.74534619140626,-0.0945773720741272,-2.0580053329467773,-0.7700120210647583
1790107918188290000,76.7552900390625,-0.27142590284347534,-2.694234848022461,-1.6352152824401855
1790107918198234000,76.76523413085937,-0.5256068110466003,-2.4699153900146484,-2.4969406127929688
1790107918208178000,76.77517797851563,-0.5981600880622864,-1.1157941818237305,-2.5833523273468018
1790107918218123300,76.78512329101562,-0.1814214587211609,0.6794365644454956,-2.0904541015625
1790107918228067000,76.79506713867187,0.6195378303527832,1.8026950359344482,-1.1114287376403809
1790107918238011100,76.80501123046875,0.8927528262138367,2.1770458221435547,-0.14524294435977936
1790107918247956000,76.8149560546875,0.7753777503967285,2.0256683826446533,0.48213842511177063
1790107918257900300,76.824900390625,0.8450894355773926,1.9281229972839355,0.8316788077354431
1790107918267844000,76.83484399414063,1.1630018949508667,2.3375916481018066,1.2452999353408813
1790107918277789200,76.8447890625,1.4624298810958862,2.970940113067627,1.7535264492034912
1790107918287733000,76.85473291015624,1.5093169212341309,3.880662679672241,1.5274994373321533
1790107918297677000,76.86467700195313,1.4548755884170532,3.082568407058716,0.753526508808136
1790107918307622100,76.8746220703125,1.375542163848877,2.1184146404266357,0.10119612514972687
1790107918317566200,76.88456616210938,1.2498785257339478,1.7858188152313232,-0.22352230548858643
1790107918327510000,76.89451000976563,1.371130347251892,2.267821788787842,-0.0021022993605583906
1790107918337454000,76.9044541015625,1.4529101848602295,2.749004602432251,0.29396796226501465
1790107918347399200,76.91439916992188,1.4518576860427856,2.952252149581909,0.23091816902160645
1790107918357343200,76.92434326171875,1.664848804473877,2.89239239692688,0.08732984215021133
1790107918367287000,76.934287109375,1.9002448320388794,2.0055768489837646,-0.07105819880962372
1790107918377232100,76.94423217773438,1.7744005918502808,-0.08786354213953018,-0.30099233984947205
1790107918387176000,76.95417602539062,1.3582534790039062,-1.1246744394302368,-0.5684741139411926
1790107918397120300,76.96412036132813,0.339775413274765,-0.753903865814209,-0.46302330493927
1790107918407065000,76.97406518554688,-0.5378884673118591,-0.6464636921882629,-0.2633189857006073
1790107918417009200,76.98400903320312,-0.9375075101852417,-0.9957543015480042,-0.09348254650831223
1790107918426953000,76.99395288085938,-1.3041894435882568,-0.9721989035606384,0.0577104352414608
1790107918436898300,77.00389819335938,-1.4844564199447632,-0.7093459963798523,-0.02148132398724556
1790107918446842000,77.01384204101562,-1.3695188760757446,-0.57562655210495,-0.2326074093580246
1790107918456786200,77.0237861328125,-1.2494643926620483,-0.6298836469650269,-0.3527229130268097
1790107918466730200,77.03373022460937,-1.3095988035202026,-0.8869620561599731,-0.3689018785953522
1790107918476675000,77.04367504882812,-1.4252558946609497,-1.2670010328292847,-0.3376491367816925
1790107918486619100,77.053619140625,-1.561758041381836,-1.6246358156204224,-0.3543785810470581
1790107918496563200,77.06356323242187,-1.7393184900283813,-1.8295964002609253,-0.38166746497154236
1790107918506508000,77.07350805664062,-1.945431113243103,-2.1580443382263184,-0.3135789632797241
1790107918516452000,77.0834521484375,-2.111604690551758,-2.712402105331421,-0.17643575370311737
1790107918526396200,77.09339624023437,-2.343454599380493,-2.8222904205322266,-0.09429161250591278
1790107918536341200,77.10334130859376,-2.522292375564575,-3.011431932449341,-0.11727176606655121
1790107918546285000,77.11328515625,-2.5954766273498535,-2.7394089698791504,-0.3357639014720917
1790107918556229000,77.12322900390625,-2.56400990486145,-2.7133073806762695,-0.4756632149219513
1790107918566173200,77.13317309570313,-2.4576616287231445,-2.8303260803222656,-0.5114997625350952
1790107918576118300,77.1431181640625,-2.2462804317474365,-2.6903345584869385,-0.310037225484848
1790107918586062000,77.15306201171875,-2.0000617504119873,-2.2776100635528564,-0.011697934940457344
1790107918596006100,77.16300610351563,-1.5619748830795288,-1.7049107551574707,0.2838844358921051
1790107918605951000,77.17295092773438,-1.0792596340179443,-1.2393003702163696,0.8603538870811462
1790107918615895000,77.18289501953124,-0.8135342001914978,-0.9987629055976868,0.924917995929718
1790107918625839400,77.19283935546875,-0.6399770379066467,-1.0147035121917725,0.8012532591819763
1790107918635784200,77.2027841796875,-0.3036581575870514,-0.896450400352478,0.7349104881286621
1790107918645728000,77.21272802734374,-0.15924398601055145,-0.939946174621582,0.8461954593658447
1790107918655672000,77.22267211914063,-0.09338640421628952,-1.1073756217956543,1.117833137512207
1790107918665617200,77.2326171875,-0.08321020007133484,-1.0656388998031616,1.3755288124084473
1790107918675561200,77.24256127929688,0.012369051575660706,-0.755759060382843,1.5241382122039795
1790107918685505000,77.25250512695312,0.10306327044963837,-0.10741540789604187,1.409925103187561
1790107918695448600,77.26244848632813,0.02161315083503723,0.3873802125453949,1.0002151727676392
1790107918705393700,77.2723935546875,-0.16259664297103882,0.5846126079559326,0.5370061993598938
1790107918715337700,77.28233764648438,-0.26140496134757996,0.32471656799316406,0.11256036907434464
1790107918725281800,77.29228173828125,-0.23848101496696472,-0.272977739572525,-0.08249141275882721
1790107918735227000,77.30222680664062,-0.46752697229385376,-0.7139029502868652,-0.1862308531999588
1790107918745171000,77.3121708984375,-0.8937454223632812,-1.1189846992492676,-0.3370518088340759
1790107918755114800,77.32211474609375,-1.1773930788040161,-1.1826739311218262,-0.5102797746658325
1790107918765059600,77.3320595703125,-1.1369609832763672,-0.9745217561721802,-0.785868227481842
1790107918775003600,77.34200366210938,-0.7994329929351807,-0.9381738305091858,-1.1713147163391113
1790107918784948000,77.35194799804688,-0.46335381269454956,-0.8391034603118896,-1.593186855316162
1790107918794891800,77.36189184570313,-0.16327014565467834,-0.44507867097854614,-1.965894341468811
1790107918804836900,77.3718369140625,0.22447757422924042,-0.12461143732070923,-2.363353729248047
1790107918814780700,77.38178076171874,0.5036724805831909,1.5102392435073853,-2.33109712600708
1790107918824724700,77.39172485351563,0.6045117378234863,3.2440924644470215,-1.7324498891830444
1790107918834669800,77.401669921875,0.5631294250488281,4.277212142944336,-1.1787118911743164
1790107918844614000,77.41161376953124,0.31031978130340576,4.87950325012207,-1.037524938583374
1790107918854557700,77.4215576171875,0.04036499932408333,5.037478923797607,-1.2651277780532837
1790107918864502800,77.43150268554687,-0.13231410086154938,4.549211502075195,-1.702736496925354
1790107918874446800,77.44144677734376,-0.11908697336912155,3.362790107727051,-1.9954911470413208
1790107918884391000,77.45139086914062,0.04508572071790695,2.3985979557037354,-1.6079835891723633
1790107918894335700,77.46133569335937,0.42144498229026794,1.5025099515914917,-0.38650643825531006
1790107918904279800,77.47127978515626,0.45059433579444885,0.44529250264167786,0.3368443250656128
1790107918914223600,77.4812236328125,0.18898244202136993,-0.3003443777561188,0.24651336669921875
1790107918924168000,77.49116796875,0.131128191947937,-0.47320032119750977,0.1376795619726181
1790107918934112800,77.50111279296875,0.2131173312664032,-0.3349372446537018,0.23994068801403046
1790107918944056800,77.51105688476562,0.419242262840271,-0.13942846655845642,0.31396031379699707
1790107918954000600,77.52100073242187,0.6464983224868774,-0.2539289593696594,0.36424773931503296
1790107918963946000,77.53094604492188,0.6575091481208801,-0.12814971804618835,0.3672560453414917
1790107918973889800,77.54088989257812,0.8452553749084473,0.16288265585899353,0.24822604656219482
1790107918983833900,77.55083374023438,1.3559956550598145,0.3608300983905792,0.07028800994157791
1790107918993778700,77.56077880859375,1.8811627626419067,0.5538395047187805,0.15740640461444855
1790107919003722800,77.57072265625,1.9217207431793213,0.5303959846496582,0.5736451745033264
1790107919013666800,77.58066674804688,1.7439351081848145,0.10433492809534073,1.0968207120895386
1790107919023611000,77.59061083984375,1.7481540441513062,-0.21660608053207397,1.5823229551315308
1790107919033555700,77.6005556640625,1.5420680046081543,-0.7714458703994751,2.058875560760498
1790107919043499800,77.61049975585938,1.472011685371399,-0.9473684430122375,2.4803576469421387
1790107919053443600,77.62044360351562,1.703560471534729,-0.5982184410095215,2.4097578525543213
1790107919063389000,77.63038891601562,2.034752607345581,-0.5021424889564514,2.270448923110962
1790107919073332700,77.64033276367188,2.1941487789154053,-0.3593893349170685,2.382279872894287
1790107919083276800,77.65027685546875,2.2874181270599365,0.030671626329421997,2.6932380199432373
1790107919093221600,77.6602216796875,2.313563346862793,0.29344865679740906,2.927332878112793
1790107919103166000,77.670166015625,1.9960557222366333,0.4390242397785187,3.0901317596435547
1790107919113109800,77.68010986328125,1.3915789127349854,0.8407277464866638,2.895775318145752
1790107919123053800,77.6900537109375,1.0387020111083984,1.701890468597412,2.2559943199157715
1790107919132998700,77.69999853515625,0.9170118570327759,2.7409825325012207,1.4801303148269653
1790107919142942700,77.70994262695312,1.1426109075546265,3.450705051422119,0.6745688319206238
1790107919152886800,77.71988671875,1.2198851108551025,3.9153504371643066,0.026853717863559723
1790107919162832000,77.72983178710938,1.1167510747909546,3.322643756866455,-0.2905822992324829
1790107919172775700,77.73977563476562,0.5845739841461182,2.297191619873047,-0.5416430234909058
1790107919182719700,77.7497197265625,-0.2815946638584137,0.9829506278038025,-0.6532196402549744
1790107919192664800,77.75966479492187,-0.871579110622406,0.24763429164886475,-0.9541813135147095
1790107919202609000,77.76960888671876,-1.5299793481826782,0.3055865466594696,-1.3216512203216553
1790107919212552700,77.779552734375,-2.1959638595581055,0.5336793661117554,-1.704321026802063
1790107919222497800,77.78949780273437,-2.9379405975341797,0.7876021862030029,-2.0709497928619385
1790107919232441600,77.79944165039062,-3.6295888423919678,1.206473469734192,-2.3721110820770264
1790107919242386000,77.80938598632812,-4.251210689544678,1.6567399501800537,-2.5359456539154053
1790107919252329700,77.81932983398437,-4.697784900665283,1.9879133701324463,-2.4463725090026855
1790107919262274800,77.82927490234376,-5.048450469970703,2.201773166656494,-2.098829746246338
1790107919272218600,77.83921850585938,-5.327394962310791,2.3071186542510986,-1.5321553945541382
1790107919282162700,77.84916259765625,-5.500036716461182,2.521857738494873,-0.9059118032455444
1790107919292107800,77.85910766601563,-5.506872177124023,2.9424867630004883,-0.31033656001091003
1790107919302051800,77.8690517578125,-5.411360263824463,3.4283063411712646,0.1946112960577011
1790107919311995600,77.87899560546875,-5.339951992034912,3.8809823989868164,0.6464141607284546
1790107919321940700,77.88894067382813,-5.239386081695557,4.156749248504639,1.0411649942398071
1790107919331884800,77.898884765625,-5.0912909507751465,4.196739673614502,1.346481442451477
1790107919341828900,77.90882885742188,-4.991368770599365,4.094188213348389,1.5819429159164429
1790107919351772700,77.91877270507813,-4.9365739822387695,3.9947497844696045,1.7924482822418213
1790107919361717800,77.9287177734375,-4.811787128448486,3.909379720687866,1.8997225761413574
1790107919371661600,77.93866162109374,-4.586299896240234,3.882779598236084,1.8850117921829224
1790107919381606000,77.94860595703125,-4.262240886688232,4.020638465881348,1.7706972360610962
1790107919391550700,77.95855078125,-3.834726572036743,4.136157512664795,1.6667656898498535
1790107919401494800,77.96849487304688,-3.4510066509246826,4.183567523956299,1.6883141994476318
1790107919411438600,77.9784384765625,-3.1061155796051025,4.101139545440674,1.7816795110702515
1790107919421384000,77.98838403320312,-2.7814040184020996,3.8986823558807373,1.9022048711776733
1790107919431327700,77.99832763671876,-2.446883201599121,3.692678928375244,2.0317256450653076
1790107919441271800,78.00827172851562,-2.1144449710845947,3.4076855182647705,2.0847151279449463
1790107919451216600,78.01821655273437,-1.834094524383545,3.0637412071228027,2.0165209770202637
1790107919461160700,78.02816064453125,-1.5912331342697144,2.780046224594116,1.8437201976776123
1790107919471104800,78.03810473632812,-1.3688024282455444,2.700061798095703,1.5615605115890503
1790107919481048800,78.048048828125,-1.2029956579208374,2.839556932449341,1.2468006610870361
1790107919490993700,78.05799365234375,-1.0883673429489136,2.8293955326080322,1.0177911520004272
1790107919500937700,78.06793774414062,-0.887113094329834,2.6860485076904297,0.9498313069343567
1790107919510881500,78.07788159179688,-0.6195790767669678,2.5076169967651367,0.9684215188026428
1790107919520827000,78.08782690429688,-0.416251003742218,2.2327349185943604,0.9685831665992737
1790107919530770700,78.09777075195312,-0.3192823827266693,1.8707385063171387,0.9426455497741699
1790107919540714800,78.10771484375,-0.32899412512779236,1.5792661905288696,0.9696223139762878
1790107919550659600,78.11765966796875,-0.4265904724597931,1.3980058431625366,1.111807942390442
1790107919560604000,78.12760400390626,-0.4856007993221283,1.3103116750717163,1.2500076293945312
1790107919570547700,78.13754760742188,-0.4608485698699951,1.3033422231674194,1.2681888341903687
1790107919580491800,78.14749169921875,-0.35406166315078735,1.3052914142608643,1.181225061416626
1790107919590436600,78.1574365234375,-0.20123963057994843,1.2499735355377197,1.036245584487915
1790107919600380700,78.16738061523438,-0.09523570537567139,1.1229668855667114,0.8586129546165466
1790107919610324700,78.17732470703125,-0.06595557928085327,0.9471977353096008,0.6321945190429688
1790107919620269800,78.18726977539062,-0.052614476531744,0.7879550457000732,0.34492942690849304
1790107919630213600,78.19721362304688,-0.012010057456791401,0.7117686867713928,0.06805415451526642
1790107919640157700,78.20715771484375,0.07318499684333801,0.7211824059486389,-0.07705537229776382
1790107919650102800,78.21710278320313,0.16828355193138123,0.7743756175041199,-0.0005821670056320727
1790107919660046800,78.227046875,0.2491224706172943,0.6916583776473999,0.22626295685768127
1790107919669990700,78.23699072265624,0.2656489908695221,0.41516605019569397,0.4248945713043213
1790107919679934700,78.24693481445313,0.22050440311431885,0.14921052753925323,0.47489941120147705
1790107919689880300,78.25688037109374,0.1556098312139511,0.01506789866834879,0.4241802990436554
1790107919699824400,78.26682446289063,0.06469111144542694,-0.03449539095163345,0.326253741979599
1790107919709768200,78.27676831054687,-0.07190481573343277,-0.07676029205322266,0.23765969276428223
1790107919719713500,78.28671362304688,-0.19528427720069885,-0.1680385321378708,0.20038263499736786
1790107919729657300,78.2966572265625,-0.2120925486087799,-0.08297557383775711,0.21898800134658813
1790107919739601400,78.30660131835937,-0.1576508730649948,0.09976653754711151,0.24006612598896027
1790107919749546200,78.31654614257812,-0.22052358090877533,0.2048008143901825,0.25581181049346924
1790107919759490600,78.32649047851562,-0.29506412148475647,0.16584809124469757,0.17408205568790436
1790107919769434400,78.33643432617187,-0.3610793650150299,0.2009328454732895,0.06514278054237366
1790107919779378400,78.34637841796875,-0.5983651280403137,1.5402815341949463,0.7503251433372498
1790107919789323300,78.3563232421875,-0.8215764164924622,3.1391384601593018,1.3659398555755615
1790107919799267300,78.36626733398438,-0.9156919717788696,3.2467079162597656,1.5052639245986938
1790107919809211400,78.37621142578125,-0.7541614174842834,0.07911159843206406,0.812699556350708
1790107919819156500,78.38615649414062,-0.409305214881897,-1.8383969068527222,0.3260665237903595
1790107919829100300,78.39610034179688,-0.28885072469711304,-0.9856225848197937,0.454537957906723
1790107919839044400,78.40604443359375,-0.2967648208141327,0.32486996054649353,0.7725564241409302
1790107919848989400,78.41598950195312,-0.3254992663860321,0.6507615447044373,0.878524661064148
1790107919858933500,78.42593359375,-0.2977917492389679,0.2473413497209549,0.8003595471382141
1790107919868877300,78.43587719726563,-0.20996494591236115,0.11115315556526184,0.8218440413475037
1790107919878822400,78.44582250976562,-0.12754011154174805,0.31699126958847046,0.9857165813446045
1790107919888766200,78.45576611328126,-0.03988909348845482,0.43951985239982605,1.1158373355865479
1790107919898710500,78.46571044921875,0.061114486306905746,0.39269986748695374,1.2228397130966187
1790107919908654300,78.475654296875,0.13971875607967377,0.2682061493396759,1.3620953559875488
1790107919918599400,78.48559936523438,0.1323111653327942,0.13868650794029236,1.5460997819900513
1790107919928543200,78.49554321289062,0.04296823963522911,-0.042980488389730453,1.7760034799575806
1790107919938487300,78.5054873046875,-0.1579028218984604,-0.3256731629371643,1.8396373987197876
1790107919948432400,78.51543237304688,-0.6474722623825073,-0.7623139023780823,1.6521793603897095
1790107919958376400,78.52537646484375,-1.2484272718429565,-1.0124443769454956,1.4292114973068237
1790107919968320300,78.5353203125,-1.8268563747406006,-1.0861440896987915,1.1663659811019897
1790107919978265300,78.54526538085938,-2.2404255867004395,-0.9330493807792664,0.787592351436615
1790107919988209400,78.55520947265624,-2.185797691345215,-0.40290457010269165,0.282728910446167
1790107919998153500,78.56515356445313,-1.21858549118042,0.13832485675811768,-0.10941197723150253
1790107920008097500,78.57509765625,-0.11351244896650314,0.7351067662239075,-0.22436492145061493
1790107920018042400,78.58504248046874,0.27469602227211,1.0028122663497925,-0.3746476471424103
1790107920027986200,78.59498608398438,0.17739050090312958,0.6792656183242798,-0.3221641778945923
1790107920037930500,78.60493041992187,0.0802847221493721,0.2870410978794098,-0.08502700924873352
1790107920047875300,78.61487524414062,0.022291457280516624,0.0013989584986120462,0.17975299060344696
1790107920057819400,78.6248193359375,-0.0455954484641552,-0.22175316512584686,0.37787511944770813
1790107920067763500,78.63476342773437,-0.12533235549926758,-0.3039380609989166,0.4245116114616394
1790107920077708500,78.64470849609376,-0.18997234106063843,-0.31276455521583557,0.3431435227394104
1790107920087652400,78.65465234375,-0.1938999593257904,-0.2739394009113312,0.16522172093391418
1790107920097596400,78.66459643554687,-0.13077957928180695,-0.09632787108421326,0.01847008801996708
1790107920107540500,78.67454052734375,-0.1283680945634842,-0.037102892994880676,-0.027847610414028168
1790107920117485300,78.6844853515625,-0.1901148110628128,-0.14284130930900574,0.02863430790603161
1790107920127429400,78.69442944335937,-0.1573491394519806,-0.35142087936401367,0.08330287784337997
1790107920137373400,78.70437353515625,-0.1117800623178482,-0.5747463703155518,0.051725246012210846
1790107920147318300,78.714318359375,-0.10500950366258621,-0.4791032075881958,0.005132710561156273
1790107920157262300,78.72426245117188,-0.12567083537578583,-0.20572173595428467,-0.031061246991157532
1790107920167206400,78.73420629882813,-0.12753266096115112,-0.07315756380558014,-0.07352721691131592
1790107920177151500,78.7441513671875,-0.07141559571027756,0.03672259300947189,-0.02906201221048832
1790107920187095300,78.75409521484374,0.018008295446634293,0.16553649306297302,0.09654198586940765
1790107920197039400,78.76403930664063,0.11854688823223114,0.2951972782611847,0.19043704867362976
1790107920206984200,78.77398413085938,0.20103856921195984,0.3923339545726776,0.16881191730499268
1790107920216928500,78.78392846679688,0.2261521816253662,0.4859328866004944,0.0373857207596302
1790107920226872300,78.79387231445313,0.25816550850868225,0.6810957193374634,-0.15877686440944672
1790107920236816400,78.80381640625,0.28280559182167053,0.7828454971313477,-0.35139718651771545
1790107920246761200,78.81376123046876,0.2935682237148285,0.7907857298851013,-0.446027547121048
1790107920256705300,78.82370532226562,0.2793829143047333,0.879875898361206,-0.44057953357696533
1790107920266649600,78.83364965820313,0.27410799264907837,0.9648312926292419,-0.21588142216205597
1790107920276594400,78.84359448242188,0.27893683314323425,0.7996687293052673,0.15005367994308472
1790107920286538200,78.85353833007812,0.22330738604068756,0.42305031418800354,0.5098318457603455
1790107920296482300,78.863482421875,0.1633833348751068,0.09469987452030182,0.7687251567840576
1790107920306427400,78.87342749023438,0.08417905867099762,-0.06654520332813263,0.8495180010795593
1790107920316371500,78.88337133789062,-0.0051833102479577065,-0.022612102329730988,0.7386682033538818
1790107920326315500,78.8933154296875,-0.08488160371780396,0.10140252113342285,0.46999838948249817
1790107920336259300,78.90325927734375,-0.12578561902046204,0.24890409409999847,0.12844479084014893
1790107920346204200,78.9132041015625,-0.10066695511341095,0.33135315775871277,-0.2651938498020172
1790107920356148500,78.9231484375,-0.0307517871260643,0.3191494941711426,-0.6377999186515808
1790107920366092500,78.93309252929687,0.05082562938332558,0.18040145933628082,-1.0095196962356567
1790107920376037400,78.94303735351562,0.17678596079349518,0.0755983516573906,-1.3445065021514893
1790107920385981400,78.9529814453125,0.34162285923957825,0.09648925811052322,-1.6151899099349976
1790107920395925200,78.96292529296875,0.5578715205192566,0.5090619325637817,-1.6916905641555786
1790107920405870300,78.97287036132812,0.7493855357170105,0.9202632904052734,-1.5845779180526733
1790107920415814400,78.982814453125,0.9087565541267395,1.067504644393921,-1.405076026916504
1790107920425758500,78.99275854492187,1.064131736755371,0.9744871258735657,-1.3281620740890503
1790107920435703300,79.00270336914062,1.355452299118042,0.8896931409835815,-1.4259579181671143
1790107920445647400,79.0126474609375,1.5346548557281494,0.8847116827964783,-1.5035836696624756
1790107920455591400,79.02259130859375,1.562731146812439,0.7213752269744873,-1.5502088069915771
1790107920465535500,79.03253540039063,1.4118210077285767,0.23678351938724518,-1.5652494430541992
1790107920475480300,79.04248022460938,1.1779999732971191,-0.4656984508037567,-1.5187251567840576
1790107920485424400,79.05242431640625,0.9889651536941528,-1.115397334098816,-1.4053360223770142
1790107920495368400,79.06236840820313,0.8159491419792175,-1.425540566444397,-1.3663626909255981
1790107920505313300,79.07231323242188,0.6976611018180847,-1.5816348791122437,-1.3270989656448364
1790107920515257300,79.08225732421874,0.5586758255958557,-1.4108420610427856,-1.3049249649047852
1790107920525201400,79.09220141601563,0.43513229489326477,-1.0665265321731567,-1.200618028640747
1790107920535146500,79.102146484375,0.2872898280620575,-0.637108564376831,-1.0941373109817505
1790107920545090600,79.11209057617188,0.1266024112701416,-0.2011842429637909,-1.080283284187317
1790107920555034400,79.12203442382813,0.0897623747587204,-0.5968335866928101,-1.1048434972763062
1790107920564978400,79.131978515625,0.1866881251335144,-0.969455361366272,-1.104988932609558
1790107920574923300,79.14192333984376,0.33749920129776,-0.6141499876976013,-0.9342020153999329
1790107920584867600,79.15186767578125,0.5340165495872498,-0.03663444519042969,-0.6419872045516968
1790107920594811400,79.16181127929687,0.6717110276222229,0.24823510646820068,-0.4195170998573303
1790107920604756500,79.17175659179688,0.7001298666000366,0.2464340180158615,-0.33086979389190674
1790107920614700300,79.1817001953125,0.6802549362182617,0.27954164147377014,-0.2504247725009918
1790107920624644400,79.19164428710937,0.6387178897857666,0.4760459065437317,-0.1825075000524521
1790107920634589400,79.20158935546876,0.5425580739974976,0.7765993475914001,-0.12695714831352234
1790107920644533500,79.21153344726562,0.3442671000957489,0.8918375372886658,-0.10078226774930954
1790107920654477300,79.22147729492187,0.10499059408903122,0.7976891994476318,-0.0930577740073204
1790107920664421400,79.23142138671875,-0.07322680950164795,0.740900993347168,-0.0264784786850214
1790107920674366500,79.24136645507812,-0.12689056992530823,0.7844111919403076,0.08139552175998688
1790107920684310500,79.251310546875,-0.10651365667581558,0.7983999848365784,0.11293826997280121
1790107920694254600,79.26125463867187,-0.00884941779077053,0.7792752981185913,0.08612769097089767
1790107920704199700,79.27119970703124,0.15322017669677734,0.7815362811088562,0.0995393767952919
1790107920714143500,79.2811435546875,0.2904603183269501,0.7782835364341736,0.14259415864944458
1790107920724087600,79.29108764648437,0.35494503378868103,0.7632204294204712,0.20182526111602783
1790107920734032600,79.30103271484376,0.3872787356376648,0.7802371978759766,0.30463898181915283
1790107920743976700,79.31097680664062,0.34049898386001587,0.6339316964149475,0.4084490239620209
1790107920753920500,79.32092041015625,0.20160555839538574,0.37862133979797363,0.4521874487400055
1790107920763865300,79.330865234375,0.0218507032841444,0.1816512942314148,0.4159436821937561
1790107920773809400,79.34080932617188,-0.14588503539562225,0.11038616299629211,0.33598706126213074
1790107920783753700,79.35075366210937,-0.22559984028339386,0.1261155903339386,0.2549028694629669
1790107920793697500,79.36069750976563,-0.19233909249305725,0.1941487044095993,0.17059384286403656
1790107920803642600,79.370642578125,-0.12158635258674622,0.2326793223619461,0.07862982898950577
1790107920813586400,79.38058642578125,-0.03971146047115326,0.24495302140712738,0.03881876915693283
1790107920823530500,79.39053051757813,0.029075859114527702,0.2609975039958954,0.034698858857154846
1790107920833475600,79.4004755859375,0.08434577286243439,0.32506412267684937,-0.028965339064598083
1790107920843419600,79.41041967773438,0.08069457858800888,0.311236709356308,-0.12416508793830872
1790107920853363500,79.42036352539063,-0.037152960896492004,0.1324099749326706,-0.20689912140369415
1790107920863308500,79.43030859375,-0.22855807840824127,-0.10910278558731079,-0.21720874309539795
1790107920873252600,79.44025268554688,-0.37065449357032776,-0.339922159910202,-0.21496902406215668
1790107920883196700,79.45019677734375,-0.4767676293849945,-0.5883799195289612,-0.3229575455188751
1790107920893140500,79.46014038085937,-0.48728683590888977,-0.7037637233734131,-0.5004476308822632
1790107920903085600,79.47008544921874,-0.4291295111179352,-0.5909234881401062,-0.6976544857025146
1790107920913029400,79.480029296875,-0.31368255615234375,-0.5047454833984375,-0.8362025022506714
1790107920922973700,79.4899736328125,-0.13073191046714783,-0.3633619546890259,-0.9142144322395325
1790107920932918500,79.49991845703126,0.07168057560920715,-0.2119615226984024,-0.8839167356491089
1790107920942862600,79.50986254882812,0.2268880009651184,-0.19901642203330994,-0.7849470376968384
1790107920952806400,79.51980639648437,0.3850611448287964,-0.06433212012052536,-0.5993483662605286
1790107920962751700,79.52975170898438,0.481737345457077,0.20716197788715363,-0.36533322930336
1790107920972695600,79.53969555664062,0.4753875732421875,0.4503661096096039,-0.1597968488931656
1790107920982639600,79.5496396484375,0.4222092926502228,0.75652015209198,0.09375232458114624
1790107920992583400,79.55958349609375,0.40256795287132263,1.1358025074005127,0.6612991094589233
1790107921002528500,79.56952856445312,0.4907468259334564,1.043647050857544,1.0715303421020508
1790107921012472600,79.57947265625,0.6891970634460449,1.0527560710906982,1.2913758754730225
1790107921022416600,79.58941674804687,0.9506635665893555,0.9774930477142334,1.2517869472503662
1790107921032361500,79.59936157226562,1.2754155397415161,1.2020683288574219,1.0509456396102905
1790107921042305500,79.60930541992188,1.4714659452438354,1.5238157510757446,0.7276115417480469
1790107921052249300,79.61924926757813,1.646990180015564,1.734196424484253,0.36178910732269287
1790107921062194700,79.62919458007812,1.9319124221801758,1.868308663368225,0.07775817811489105
1790107921072138500,79.63913842773438,2.1144204139709473,1.929819941520691,-0.10589980334043503
1790107921082082600,79.64908251953125,2.1410391330718994,1.9059953689575195,-0.02967214211821556
1790107921092026400,79.6590263671875,2.0000998973846436,1.593571424484253,0.3390350639820099
1790107921101971700,79.6689716796875,1.7684553861618042,1.0359216928482056,0.9034534096717834
1790107921111915500,79.67891552734375,1.4252088069915771,0.25082555413246155,1.4506709575653076
1790107921121859600,79.68885961914063,1.0383270978927612,-0.4269222915172577,1.8732554912567139
1790107921131804400,79.69880444335938,0.6662698984146118,-0.6060246825218201,2.160322904586792
1790107921141748500,79.70874853515625,0.3647007346153259,-0.5413263440132141,2.2778029441833496
1790107921151692500,79.71869262695313,0.16618230938911438,-0.37855103611946106,2.1585023403167725
1790107921161637600,79.7286376953125,0.017078852280974388,-0.07309791445732117,1.8620039224624634
1790107921171581400,79.73858154296875,-0.11344506591558456,0.30654609203338623,1.4924440383911133
1790107921181525500,79.748525390625,-0.36018240451812744,0.6190903782844543,1.173158884048462
1790107921191470600,79.758470703125,-0.6656458973884583,0.7570703625679016,0.8891016244888306
1790107921201414700,79.76841455078124,-0.8087397217750549,0.5309386849403381,0.6172312498092651
1790107921211358500,79.7783583984375,-0.8323978781700134,0.14527517557144165,0.3977265954017639
1790107921221302500,79.78830249023437,-0.7668731808662415,-0.1509580910205841,0.1894058734178543
1790107921231247600,79.79824755859374,-0.6749845743179321,-0.3151715397834778,-0.016873521730303764
1790107921241191700,79.80819165039063,-0.6640821099281311,-0.3664214015007019,-0.23957663774490356
1790107921251135500,79.81813549804687,-0.7008355855941772,-0.3048880100250244,-0.4188140332698822
1790107921261080600,79.82808056640626,-0.6852744817733765,-0.20120741426944733,-0.48268648982048035
1790107921271024400,79.8380244140625,-0.6441880464553833,-0.07868815213441849,-0.48668256402015686
1790107921280968400,79.84796850585937,-0.5824687480926514,0.028545623645186424,-0.4443145990371704
1790107921290913500,79.85791357421876,-0.4934485852718353,0.08993761241436005,-0.31377390027046204
1790107921300857600,79.86785766601562,-0.3960384130477905,0.10653310269117355,-0.11201494932174683
1790107921310801400,79.87780151367187,-0.2725154161453247,0.021263742819428444,0.10223636031150818
1790107921320746800,79.88774682617188,-0.1408063918352127,-0.07823994010686874,0.28969067335128784
1790107921330690600,79.89769067382812,0.005617938470095396,-0.15112747251987457,0.4720785915851593
1790107921340634600,79.90763452148437,0.11675644665956497,-0.17311958968639374,0.6245930194854736
1790107921350578400,79.91757836914063,0.16791176795959473,-0.13084189593791962,0.7222122550010681
1790107921360523500,79.9275234375,0.18177379667758942,-0.08343523740768433,0.7714551687240601
1790107921370467600,79.93746752929688,0.17412705719470978,-0.022724220529198647,0.7213294506072998
1790107921380411600,79.94741162109375,0.18440233170986176,0.011084875091910362,0.5615264177322388
1790107921390356500,79.9573564453125,0.1872255504131317,0.1010802760720253,0.30489465594291687
1790107921400300500,79.96730053710938,0.2110786885023117,0.16850778460502625,0.030232204124331474
1790107921410244400,79.97724438476563,0.2583649754524231,0.21552084386348724,-0.24024055898189545
1790107921420189700,79.98718969726562,0.29987379908561707,0.22812052071094513,-0.4699179530143738
1790107921430133500,79.99713354492188,0.2925410568714142,0.24972061812877655,-0.6106021404266357
1790107921440077600,80.00707763671875,0.24760712683200836,0.25218749046325684,-0.6283880472183228
1790107921450021600,80.01702172851563,0.19604220986366272,0.23520292341709137,-0.537004828453064
1790107921459966700,80.026966796875,0.1581885665655136,0.1779225915670395,-0.4151388704776764
1790107921469910500,80.03691064453125,0.15039004385471344,0.1461670696735382,-0.30091190338134766
1790107921479854600,80.0468544921875,0.16303420066833496,0.21377938985824585,-0.1674523800611496
1790107921489799400,80.05679931640626,0.1521482616662979,0.2177104949951172,-0.06290119886398315
1790107921499743500,80.06674340820312,0.11554071307182312,0.1383485496044159,-0.03309377282857895
1790107921509687600,80.0766875,0.10557889193296432,0.13146720826625824,-0.004560663364827633
1790107921519632600,80.08663256835938,0.13473305106163025,0.14292626082897186,0.04376345872879028
1790107921529576400,80.09657641601562,0.15978886187076569,0.15909084677696228,0.08499505370855331
1790107921539520500,80.1065205078125,0.16970540583133698,0.09382982552051544,0.10940984636545181
1790107921549465600,80.11646557617188,0.1721363514661789,-0.010351707227528095,0.12130671739578247
1790107921559409700,80.12640966796874,0.15437492728233337,-0.09504182636737823,0.09679631888866425
1790107921569353500,80.136353515625,0.09853216260671616,-0.11132971942424774,0.01293151080608368
1790107921579297500,80.14629760742187,0.03225966915488243,-0.048767007887363434,-0.17339761555194855
1790107921589242400,80.15624243164062,-0.036318592727184296,0.020117519423365593,-0.4392375648021698
1790107921599186700,80.16618676757813,-0.06677130609750748,0.09540561586618423,-0.6773390769958496
1790107921609130500,80.17613061523437,-0.05242139473557472,0.1986933946609497,-0.800067663192749
1790107921619075600,80.18607568359376,-0.01661226525902748,0.26320821046829224,-0.7982417941093445
1790107921629019400,80.19601928710938,0.022000374272465706,0.25552791357040405,-0.6567613482475281
1790107921638963500,80.20596337890625,0.04970763623714447,0.24376392364501953,-0.38166719675064087
1790107921648908500,80.21590844726562,0.07508835941553116,0.24701112508773804,-0.0378994457423687
1790107921658852600,80.2258525390625,0.08449624478816986,0.13022750616073608,0.28878679871559143
1790107921668796400,80.23579638671875,0.05873361974954605,-0.10274342447519302,0.5052725076675415
1790107921678740500,80.24574047851563,0.007471764925867319,-0.3399895429611206,0.6024280786514282
1790107921688685600,80.255685546875,-0.030296387150883675,-0.4621146321296692,0.5845342874526978
1790107921698629000,80.26562915039062,-0.01549507025629282,-0.4430818259716034,0.4638259708881378
1790107921708573400,80.27557348632813,0.029279591515660286,-0.3153315782546997,0.2892616391181946
1790107921718518300,80.28551831054688,0.09037863463163376,-0.09919236600399017,0.10099638998508453
1790107921728462300,80.29546240234374,0.13657063245773315,0.1592831313610077,-0.0422302782535553
1790107921738406100,80.30540625,0.13994592428207397,0.3251408040523529,-0.08704568445682526
1790107921748351200,80.31535131835938,0.0907360315322876,0.3321473300457001,-0.009940781630575657
1790107921758295300,80.32529541015624,0.01720135658979416,0.2234932780265808,0.11806192249059677
1790107921768239400,80.3352392578125,-0.05361023172736168,0.03428926318883896,0.21357832849025726
1790107921778184200,80.34518408203125,-0.12843254208564758,-0.10930811613798141,0.20725172758102417
1790107921788128300,80.35512817382812,-0.2027890682220459,-0.16248345375061035,0.07508969306945801
1790107921798072300,80.365072265625,-0.24412478506565094,-0.1460626721382141,-0.17074324190616608
1790107921808016400,80.37501635742187,-0.22952640056610107,-0.04454749450087547,-0.5084033012390137
1790107921817961200,80.38496118164062,-0.1682281494140625,0.10931557416915894,-0.8686208724975586
1790107921827905300,80.3949052734375,-0.086699478328228,0.284485787153244,-1.1398742198944092
1790107921837849000,80.40484912109375,-0.004448277875781059,0.39098691940307617,-1.2221670150756836
1790107921847794200,80.41479418945312,0.06755294650793076,0.3859245181083679,-1.0906845331192017
1790107921857738200,80.42473828125,0.12015143781900406,0.29430192708969116,-0.8099892735481262
1790107921867682300,80.43468237304687,0.1788773387670517,0.17245139181613922,-0.44526588916778564
1790107921877627400,80.44462744140625,0.21766334772109985,0.050816044211387634,-0.06790608167648315
1790107921887571500,80.45457153320312,0.24413543939590454,-0.018625881522893906,0.24819383025169373
1790107921897515300,80.46451538085938,0.23345695436000824,-0.06352491676807404,0.6782272458076477
1790107921907460000,80.47446020507813,0.15654326975345612,-0.3150884509086609,0.8323408961296082
1790107921917404200,80.48440405273438,0.1651495397090912,-0.39441201090812683,0.785199761390686
1790107921927348200,80.49434814453124,0.21960052847862244,-0.1681855469942093,0.6534867286682129
1790107921937292300,80.50429223632813,0.26739707589149475,-0.004607002250850201,0.4808614253997803
1790107921947237400,80.5142373046875,0.279852956533432,0.185018852353096,0.3313257396221161
1790107921957181200,80.52418115234374,0.2773224115371704,0.35877758264541626,0.23883149027824402
1790107921967125200,80.53412524414063,0.2897399365901947,0.49001017212867737,0.1934962272644043
1790107921977070300,80.5440703125,0.29177671670913696,0.6357522010803223,0.18573977053165436
1790107921987014400,80.55401440429688,0.26294347643852234,0.7248094081878662,0.31412917375564575
1790107921996958200,80.56395825195312,0.2308334857225418,0.5897546410560608,0.5943118333816528
1790107922006903300,80.5739033203125,0.14787282049655914,0.2260397970676422,0.8148494958877563
