time,seconds_elapsed,z,y,x
1790266831195566600,0.079566650390625,0,0,0
1790266831205566500,0.08956640625,0.009769439697265625,0.029021024703979492,0.0476832389831543
1790266831215566600,0.099566650390625,-0.12284278869628906,-0.04177141189575195,0.08806896209716797
1790266831225566500,0.10956640625,-0.3159980773925781,-0.1803452968597412,0.21576929092407227
1790266831235566600,0.119566650390625,-0.6350827217102051,-0.41494297981262207,0.29381537437438965
1790266831245566500,0.12956640625,-1.0458755493164062,-0.5411415100097656,0.37092089653015137
1790266831255566600,0.139566650390625,-1.2347512245178223,-0.4072589874267578,0.34595632553100586
1790266831265566500,0.14956640625,-1.043581485748291,-0.17528176307678223,0.21564102172851562
1790266831275566600,0.159566650390625,-0.9826555252075195,0.0851736068725586,0.4543001651763916
1790266831285566500,0.16956640625,-0.8662285804748535,0.1493995189666748,0.8313419818878174
1790266831295566600,0.179566650390625,-0.3519411087036133,-0.01153707504272461,1.4095935821533203
1790266831305566500,0.18956640625,0.1165003776550293,-0.28786516189575195,1.8535610437393188
1790266831315566600,0.199566650390625,0.5331449508666992,-0.4704933166503906,2.0291028022766113
1790266831325566500,0.20956640625,0.4210777282714844,-0.9484157562255859,2.121535539627075
1790266831335566600,0.219566650390625,-0.4085712432861328,-1.0548105239868164,0.9216687679290771
1790266831345566500,0.22956640625,-0.6161003112792969,-0.5129892826080322,-0.19756698608398438
1790266831355566600,0.239566650390625,-0.8988895416259766,-0.5080794095993042,-0.14668965339660645
1790266831365566500,0.24956640625,-0.6680235862731934,-0.45889317989349365,-0.4214184284210205
1790266831375566600,0.259566650390625,0.32627439498901367,-0.0014336109161376953,-1.235609769821167
1790266831385566500,0.26956640625,1.7816896438598633,0.5654789209365845,-1.279113531112671
1790266831395566600,0.279566650390625,2.565293312072754,0.7486766576766968,-0.4094107151031494
1790266831405566500,0.28956640625,2.928752899169922,0.8163274526596069,0.12138247489929199
1790266831415566600,0.299566650390625,2.978717803955078,0.8387335538864136,0.5033664703369141
1790266831425566500,0.30956640625,3.0768260955810547,0.8264898061752319,1.000842571258545
1790266831435566600,0.319566650390625,3.078624725341797,0.6121020317077637,1.0221123695373535
1790266831445566500,0.32956640625,2.8014469146728516,0.3495420217514038,0.5299620628356934
1790266831455566600,0.339566650390625,2.147007942199707,0.3827688694000244,-0.4018867015838623
1790266831465566500,0.34956640625,-0.09826374053955078,0.1755666732788086,-0.5544760227203369
1790266831475566600,0.359566650390625,-3.0292444229125977,0.17854046821594238,0.29622936248779297
1790266831485566500,0.36956640625,-3.483041763305664,0.9345290660858154,0.16458845138549805
1790266831495566600,0.379566650390625,-1.2115802764892578,1.2994418144226074,-1.1010289192199707
1790266831505566500,0.38956640625,1.0298652648925781,1.4820001125335693,-1.7367851734161377
1790266831515566600,0.399566650390625,3.3152236938476562,1.0901565551757812,-1.6296327114105225
1790266831525566500,0.40956640625,3.0818729400634766,-0.05343151092529297,0.5627806186676025
1790266831535566600,0.419566650390625,2.216151237487793,-0.7603830099105835,2.004640579223633
1790266831545566500,0.42956640625,0.654078483581543,-0.7762347459793091,3.0854849815368652
1790266831555566600,0.439566650390625,-0.6009120941162109,-0.4458489418029785,2.210204601287842
1790266831565566500,0.44956640625,-1.6723604202270508,-0.6768808364868164,-0.31284379959106445
1790266831575566600,0.459566650390625,-1.758347511291504,-0.44155430793762207,-2.59991455078125
1790266831585566500,0.46956640625,-1.4912137985229492,0.2895932197570801,-4.303891181945801
1790266831595566600,0.479566650390625,-4.482205867767334,1.0182077884674072,-4.549332141876221
1790266831605566500,0.48956640625,-2.8370537757873535,1.039924144744873,-4.1064958572387695
1790266831615566600,0.499566650390625,-1.3956890106201172,0.8057572841644287,-2.861076831817627
1790266831625566500,0.50956640625,-1.5632038116455078,-0.10181879997253418,-1.5487539768218994
1790266831635566600,0.519566650390625,-1.2004127502441406,-1.2671220302581787,0.027049779891967773
1790266831645566500,0.52956640625,1.061880111694336,-1.4767439365386963,1.9346485137939453
1790266831655566600,0.539566650390625,3.7774085998535156,-0.7080559730529785,2.038801431655884
1790266831665566500,0.54956640625,4.2168779373168945,-1.3990678787231445,0.20229369401931763
1790266831675566600,0.559566650390625,4.917863845825195,-3.978123188018799,-1.7931135892868042
1790266831685566500,0.56956640625,7.317266464233398,-4.232614517211914,0.3546108603477478
1790266831695566600,0.579566650390625,6.941952705383301,-2.9611306190490723,2.7359180450439453
1790266831705566500,0.58956640625,5.961539268493652,-1.640460729598999,4.4471611976623535
1790266831715566600,0.599566650390625,3.6941137313842773,-1.8900009393692017,3.989992618560791
1790266831725566500,0.60956640625,-0.1769237518310547,-3.252410888671875,1.7775723934173584
1790266831735566600,0.619566650390625,-3.835524559020996,-2.6571688652038574,0.8784492015838623
1790266831745566500,0.62956640625,-6.368220329284668,-1.1047333478927612,-0.24155688285827637
1790266831755566600,0.639566650390625,-7.118212699890137,-1.0195419788360596,0.03945469856262207
1790266831765566500,0.64956640625,-6.946935176849365,-1.118974208831787,-0.46141695976257324
1790266831775566600,0.659566650390625,-6.314933776855469,-1.2948932647705078,-1.2058477401733398
1790266831785566500,0.66956640625,-5.447150230407715,-1.73524808883667,-1.5954413414001465
1790266831795566600,0.679566650390625,-3.784388542175293,-2.3891992568969727,-1.2680432796478271
1790266831805566500,0.68956640625,-1.8365373611450195,-2.9554266929626465,-1.5842115879058838
1790266831815566600,0.699566650390625,-0.9504237174987793,-3.81223201751709,-2.7710766792297363
1790266831825566500,0.70956640625,-1.258751392364502,-4.228677749633789,-4.088472366333008
1790266831835566600,0.719566650390625,-1.729255199432373,-4.613377571105957,-5.265802383422852
1790266831845566500,0.72956640625,-1.2674620151519775,-4.986621856689453,-6.291457653045654
1790266831855566600,0.739566650390625,-0.25859594345092773,-5.404589653015137,-7.056215763092041
1790266831865566500,0.74956640625,0.9738638401031494,-5.916302680969238,-7.215075492858887
1790266831875566600,0.759566650390625,2.3368685245513916,-6.6992034912109375,-6.571536064147949
1790266831885566500,0.76956640625,3.673046350479126,-6.906419277191162,-6.015636920928955
1790266831895566600,0.779566650390625,3.7387638092041016,-6.973448753356934,-6.455521583557129
1790266831905566500,0.78956640625,1.918418288230896,-7.977490425109863,-5.057083606719971
1790266831915566600,0.799566650390625,0.2684609889984131,-9.744810104370117,-2.2498607635498047
1790266831925566500,0.80956640625,0.024378657341003418,-9.064501762390137,-2.119375705718994
1790266831935566600,0.819566650390625,0.6276289224624634,-7.117841720581055,-2.64180326461792
1790266831945566500,0.82956640625,1.1850944757461548,-4.750399112701416,-1.4175138473510742
1790266831955566600,0.839566650390625,1.1925309896469116,-4.048162937164307,4.188799858093262
1790266831965566500,0.84956640625,1.3141505718231201,-3.7777280807495117,9.247770309448242
1790266831975566600,0.859566650390625,1.2155065536499023,-2.261075019836426,11.058903694152832
1790266831985566500,0.86956640625,0.3069005012512207,-0.3721933364868164,10.65865707397461
1790266831995566600,0.879566650390625,-1.7759606838226318,0.5753030776977539,9.88007926940918
1790266832005566500,0.88956640625,-4.149268627166748,0.8765308856964111,10.654380798339844
1790266832015566600,0.899566650390625,-5.536795616149902,1.4830646514892578,12.917309761047363
1790266832025566500,0.90956640625,-5.417434215545654,2.690758228302002,14.54723834991455
1790266832035566600,0.919566650390625,-4.348118782043457,4.142285346984863,15.074949264526367
1790266832045566500,0.92956640625,-3.6108438968658447,5.537839889526367,15.428707122802734
1790266832055566600,0.939566650390625,-3.8546102046966553,6.707414627075195,15.353048324584961
1790266832065566500,0.94956640625,-5.195245742797852,7.408665657043457,14.628092765808105
1790266832075566600,0.959566650390625,-7.39231538772583,7.6457977294921875,13.896581649780273
1790266832085566500,0.96956640625,-9.477933883666992,7.712267875671387,13.159222602844238
1790266832095566600,0.979566650390625,-10.78404426574707,7.943036079406738,12.323741912841797
1790266832105566500,0.98956640625,-11.254440307617188,8.063655853271484,10.819808006286621
1790266832115566600,0.999566650390625,-11.404114723205566,7.6332244873046875,8.477348327636719
1790266832125566500,1.00956640625,-11.275593757629395,6.761237144470215,6.208578109741211
1790266832135566600,1.019566650390625,-10.524189949035645,6.2250776290893555,3.8089723587036133
1790266832145566500,1.02956640625,-9.403512001037598,6.389824390411377,2.5762557983398438
1790266832155566600,1.039566650390625,-9.188589096069336,6.023959159851074,1.9483957290649414
1790266832165566500,1.04956640625,-8.865939140319824,5.094184875488281,0.9464426040649414
1790266832175566600,1.059566650390625,-7.47951602935791,3.993342161178589,-0.4914846420288086
1790266832185566500,1.06956640625,-3.772289752960205,2.9023571014404297,-2.027721405029297
1790266832195566600,1.079566650390625,1.9673118591308594,2.666386604309082,-3.5458312034606934
1790266832205566500,1.08956640625,3.943067789077759,2.625042200088501,-3.4018311500549316
1790266832215566600,1.099566650390625,3.4616522789001465,1.8454705476760864,-3.3036890029907227
1790266832225566500,1.10956640625,1.1541574001312256,0.9703657627105713,-5.247929573059082
1790266832235566600,1.119566650390625,-1.2706899642944336,0.11568295955657959,-7.764232158660889
1790266832245566500,1.12956640625,-0.8069229125976562,-0.3356257677078247,-8.913229942321777
1790266832255566600,1.139566650390625,-0.2736825942993164,-0.40576601028442383,-8.746129989624023
1790266832265566500,1.14956640625,1.0499730110168457,-0.009819865226745605,-6.990777969360352
1790266832275566600,1.159566650390625,1.7764358520507812,0.26471126079559326,-5.369612693786621
1790266832285566500,1.16956640625,-0.21695613861083984,2.076215982437134,-4.6943817138671875
1790266832295566600,1.179566650390625,-1.9992756843566895,2.589146614074707,-4.943150997161865
1790266832305566500,1.18956640625,0.2754521369934082,1.3262566328048706,-4.502250671386719
1790266832315566600,1.199566650390625,0.31048011779785156,-1.4358655214309692,-3.8665647506713867
1790266832325566500,1.20956640625,-2.8524837493896484,-0.13681161403656006,-3.6877331733703613
1790266832335566600,1.219566650390625,-5.367446422576904,1.8893566131591797,-2.379129409790039
1790266832345566500,1.22956640625,-6.381500720977783,1.8755230903625488,0.05238962173461914
1790266832355566600,1.239566650390625,-6.570300102233887,2.8348469734191895,-1.261744499206543
1790266832365566500,1.24956640625,-6.072218418121338,3.393685817718506,-1.3409953117370605
1790266832375566600,1.259566650390625,-6.466163158416748,1.1401383876800537,-0.7383222579956055
1790266832385566500,1.26956640625,-4.901112079620361,-0.38388335704803467,2.628455638885498
1790266832395566600,1.279566650390625,-3.583343505859375,-2.2944376468658447,6.628767013549805
1790266832405566500,1.28956640625,-0.08821487426757812,-4.627702713012695,9.060758590698242
1790266832415566600,1.299566650390625,5.764137268066406,-5.778226852416992,9.434642791748047
1790266832425566500,1.30956640625,7.894134044647217,-8.048396110534668,9.879301071166992
1790266832435566600,1.319566650390625,7.881839275360107,-7.318769454956055,8.52647590637207
1790266832445566500,1.32956640625,7.03974723815918,-5.120943069458008,4.149656772613525
1790266832455566600,1.339566650390625,5.30880069732666,-4.248973846435547,1.2710762023925781
1790266832465566500,1.34956640625,1.416149616241455,-6.720633506774902,-0.18012714385986328
1790266832475566600,1.359566650390625,-5.102991104125977,-10.744799613952637,1.0898547172546387
1790266832485566500,1.36956640625,-8.713406562805176,-10.801553726196289,2.59763765335083
1790266832495566600,1.379566650390625,-8.144021034240723,-7.471835136413574,-2.2929773330688477
1790266832505566500,1.38956640625,-7.314146995544434,-5.2524309158325195,-6.060582160949707
1790266832515566600,1.399566650390625,-5.890789031982422,-4.590649604797363,-7.091832160949707
1790266832525566500,1.40956640625,-3.369133949279785,-3.8685946464538574,-6.039576530456543
1790266832535566600,1.419566650390625,-0.08502769470214844,-3.0171704292297363,-3.947754144668579
1790266832545566500,1.42956640625,2.4657583236694336,-2.2199387550354004,-2.691467046737671
1790266832555566600,1.439566650390625,3.815309524536133,-1.328515648841858,-0.2317204475402832
1790266832565566500,1.44956640625,3.6060237884521484,-0.6000555157661438,1.3690733909606934
1790266832575566600,1.459566650390625,2.0663938522338867,0.632584810256958,1.7939057350158691
1790266832585566500,1.46956640625,0.046896934509277344,1.127224326133728,2.3139171600341797
1790266832595566600,1.479566650390625,-0.3622274398803711,0.7176360487937927,4.206792831420898
1790266832605566500,1.48956640625,-0.19509124755859375,0.2913113534450531,4.699624538421631
1790266832615566600,1.499566650390625,0.8774843215942383,-0.23922008275985718,3.8432674407958984
1790266832625566500,1.50956640625,2.9051618576049805,-0.6171703934669495,2.7263097763061523
1790266832635566600,1.519566650390625,5.190770149230957,-0.20366382598876953,1.293104648590088
1790266832645566500,1.52956640625,6.273836612701416,0.9763404130935669,0.027092456817626953
1790266832655566600,1.539566650390625,4.217991828918457,2.2385823726654053,-0.20058369636535645
1790266832665566500,1.54956640625,0.6017932891845703,2.9908499717712402,0.35600852966308594
1790266832675566600,1.559566650390625,-1.4645013809204102,2.2364933490753174,1.110124111175537
1790266832685566500,1.56956640625,-1.4918794631958008,1.4637999534606934,1.456467628479004
1790266832695566600,1.579566650390625,0.1707763671875,0.25631582736968994,0.9693655967712402
1790266832705566500,1.58956640625,2.285916328430176,-1.0526714324951172,0.22152996063232422
1790266832715566600,1.599566650390625,3.475430488586426,-1.4596550464630127,-1.2335584163665771
1790266832725566500,1.60956640625,3.065443515777588,-1.0557341575622559,-3.266948699951172
1790266832735566600,1.619566650390625,2.275247573852539,-1.1004952192306519,-4.2195539474487305
1790266832745566500,1.62956640625,2.9156956672668457,-1.6220840215682983,-4.395318984985352
1790266832755566600,1.639566650390625,4.171501159667969,-1.9432966709136963,-3.741366386413574
1790266832765566500,1.64956640625,4.367871284484863,-1.3450424671173096,-2.7744925022125244
1790266832775566600,1.659566650390625,4.069863319396973,-0.21942973136901855,-2.204969882965088
1790266832785566500,1.66956640625,4.255003929138184,1.238574743270874,-2.917797088623047
1790266832795566600,1.679566650390625,4.590918064117432,2.479762554168701,-4.482654094696045
1790266832805566500,1.68956640625,5.870967864990234,1.7367832660675049,-6.025749206542969
1790266832815566600,1.699566650390625,6.973015308380127,0.47214245796203613,-6.916062355041504
1790266832825566500,1.70956640625,6.200417518615723,0.33668315410614014,-6.553915023803711
1790266832835566600,1.719566650390625,4.96818733215332,0.6331362724304199,-5.845952987670898
1790266832845566500,1.72956640625,3.5727338790893555,0.9843709468841553,-5.635624885559082
1790266832855566600,1.739566650390625,2.2011756896972656,1.573564052581787,-5.624965667724609
1790266832865566500,1.74956640625,1.9133033752441406,2.7637784481048584,-5.90512752532959
1790266832875566600,1.759566650390625,2.0218420028686523,3.461681604385376,-5.822087287902832
1790266832885566500,1.76956640625,1.6861891746520996,2.9567103385925293,-5.432341575622559
1790266832895566600,1.779566650390625,1.7291622161865234,2.76169490814209,-5.423534870147705
1790266832905566500,1.78956640625,3.5669026374816895,3.33693265914917,-5.316783905029297
1790266832915566600,1.799566650390625,5.9007039070129395,3.6042938232421875,-5.396782875061035
1790266832925566500,1.80956640625,6.877195358276367,1.3209394216537476,-1.1535110473632812
1790266832935566600,1.819566650390625,7.055438041687012,1.0313687324523926,1.6198484897613525
1790266832945566500,1.82956640625,7.547242164611816,0.07349085807800293,1.9735877513885498
1790266832955566600,1.839566650390625,7.506754398345947,0.9604358673095703,1.868520975112915
1790266832965566500,1.84956640625,7.723684787750244,-0.17947053909301758,3.9292736053466797
1790266832975566600,1.859566650390625,8.452901840209961,-0.7971858978271484,2.9854698181152344
1790266832985566500,1.86956640625,8.224048614501953,-1.0832114219665527,0.7382864952087402
1790266832995566600,1.879566650390625,7.5434041023254395,0.6134600639343262,-3.3788259029388428
1790266833005566500,1.88956640625,4.890019416809082,-4.862926006317139,-3.5966272354125977
1790266833015566600,1.899566650390625,6.28993034362793,-11.061212539672852,-0.9124221801757812
1790266833025566500,1.90956640625,4.279123306274414,-12.005653381347656,-1.6609197854995728
1790266833035566600,1.919566650390625,-0.6641812324523926,-18.144906997680664,0.9174933433532715
1790266833045566500,1.92956640625,-9.799440383911133,-20.48748779296875,2.6246821880340576
1790266833055566600,1.939566650390625,-12.962995529174805,-15.108844757080078,5.726019382476807
1790266833065566500,1.94956640625,-6.490799427032471,-7.604071617126465,6.272595405578613
1790266833075566600,1.959566650390625,-2.9254398345947266,-7.990422248840332,5.709565162658691
1790266833085566500,1.96956640625,-4.195271015167236,-7.954056739807129,3.8558318614959717
1790266833095566600,1.979566650390625,-6.4752936363220215,-4.091103553771973,-0.2044464349746704
1790266833105566500,1.98956640625,-7.490355491638184,-2.033376693725586,-2.351099729537964
1790266833115566600,1.999566650390625,-7.273837089538574,-2.440300941467285,-2.24688720703125
1790266833125566500,2.00956640625,-8.060613632202148,-3.593174934387207,-1.026064157485962
1790266833135566600,2.019566650390625,-7.3124775886535645,-4.279273986816406,0.02108865976333618
1790266833145566500,2.02956640625,-5.773415565490723,-4.111772537231445,1.0280735492706299
1790266833155566600,2.039566650390625,-4.083359718322754,-3.507312774658203,2.140347957611084
1790266833165566500,2.04956640625,-1.9215312004089355,-2.621077537536621,2.969031810760498
1790266833175566600,2.059566650390625,-0.36109113693237305,-1.7889890670776367,3.025883913040161
1790266833185566500,2.06956640625,0.4739260673522949,-1.2599239349365234,2.4896891117095947
1790266833195566600,2.079566650390625,1.032231092453003,-0.980891227722168,1.1487575769424438
1790266833205566500,2.08956640625,1.58658766746521,-0.26328468322753906,0.018169403076171875
1790266833215566600,2.099566650390625,0.9104828834533691,1.544759750366211,-0.1561506986618042
1790266833225566500,2.10956640625,-0.06578969955444336,3.570119857788086,0.18371820449829102
1790266833235566600,2.119566650390625,-0.5244178771972656,4.414370059967041,-0.29511046409606934
1790266833245566500,2.12956640625,-1.9970908164978027,2.577152729034424,-2.283961296081543
1790266833255566600,2.139566650390625,-4.35608434677124,-1.7896308898925781,-4.889181137084961
1790266833265566500,2.14956640625,-7.7282609939575195,-4.631631851196289,-6.139430522918701
1790266833275566600,2.159566650390625,-5.558436870574951,-4.788668155670166,-3.654524326324463
1790266833285566500,2.16956640625,-1.4403409957885742,-3.2852702140808105,-1.0411040782928467
1790266833295566600,2.179566650390625,-5.762202739715576,-3.46458101272583,-0.9951847791671753
1790266833305566500,2.18956640625,-6.303970813751221,-4.1714606285095215,-2.5994644165039062
1790266833315566600,2.199566650390625,-2.1487154960632324,-5.412050247192383,1.1542448997497559
1790266833325566500,2.20956640625,-2.9777069091796875,-4.24437952041626,2.5252416133880615
1790266833335566600,2.219566650390625,-3.4297595024108887,-4.695842266082764,3.2803850173950195
1790266833345566500,2.22956640625,-2.6420578956604004,-4.479757308959961,3.719552993774414
1790266833355566600,2.239566650390625,-1.3592743873596191,-4.212864875793457,3.0645461082458496
1790266833365566500,2.24956640625,-1.205775260925293,-4.4391608238220215,1.2593097686767578
1790266833375566600,2.259566650390625,-2.3181424140930176,-5.35236930847168,0.25115203857421875
1790266833385566500,2.26956640625,-3.144622802734375,-5.356130123138428,0.9519219398498535
1790266833395566600,2.279566650390625,-2.7181496620178223,-4.047546863555908,2.484151601791382
1790266833405566500,2.28956640625,-1.3088340759277344,-3.3278446197509766,3.35774827003479
1790266833415566600,2.299566650390625,-0.0397796630859375,-3.045868396759033,2.928196668624878
1790266833425566500,2.30956640625,0.36104249954223633,-3.2057108879089355,2.0058534145355225
1790266833435566600,2.319566650390625,-0.0638895034790039,-3.3444061279296875,0.9544034004211426
1790266833445566500,2.32956640625,0.12182140350341797,-3.111021041870117,-0.2838289737701416
1790266833455566600,2.339566650390625,1.1314172744750977,-3.157928466796875,-1.100536584854126
1790266833465566500,2.34956640625,2.5022196769714355,-2.7463784217834473,-0.9130268096923828
1790266833475566600,2.359566650390625,2.2956151962280273,-3.2871689796447754,-0.18364238739013672
1790266833485566500,2.36956640625,1.984386920928955,-4.3159942626953125,1.0827059745788574
1790266833495566600,2.379566650390625,2.5623178482055664,-5.143246650695801,1.5560131072998047
1790266833505566500,2.38956640625,3.97509765625,-5.417904853820801,1.824716567993164
1790266833515566600,2.399566650390625,5.8418803215026855,-4.710515975952148,1.4634478092193604
1790266833525566500,2.40956640625,7.790125846862793,-1.8422737121582031,-0.15276265144348145
1790266833535566600,2.419566650390625,8.624564170837402,-0.6516680717468262,0.7030189037322998
1790266833545566500,2.42956640625,7.025700092315674,-1.2347772121429443,-0.7149465084075928
1790266833555566600,2.439566650390625,4.479968070983887,-1.2181864976882935,-1.426382303237915
1790266833565566500,2.44956640625,5.726195335388184,1.6364225149154663,-3.512721061706543
1790266833575566600,2.459566650390625,6.827394008636475,5.547821998596191,-4.133967399597168
1790266833585566500,2.46956640625,7.621758937835693,6.997589111328125,-5.108234405517578
1790266833595566600,2.479566650390625,6.194459438323975,5.307234287261963,-5.117626190185547
1790266833605566500,2.48956640625,6.104794502258301,2.102036476135254,-3.614363431930542
1790266833615566600,2.499566650390625,6.430408000946045,0.3801500201225281,-2.667295455932617
1790266833625566500,2.50956640625,6.6603546142578125,0.021768689155578613,-2.3426616191864014
1790266833635566600,2.519566650390625,6.958712577819824,0.32674166560173035,-2.093454360961914
1790266833645566500,2.52956640625,7.0602126121521,1.1544626951217651,-2.7689638137817383
1790266833655566600,2.539566650390625,7.575157642364502,2.0583462715148926,-3.844468832015991
1790266833665566500,2.54956640625,7.631054878234863,2.8517727851867676,-4.6676154136657715
1790266833675566600,2.559566650390625,7.044625282287598,3.38645601272583,-5.074861526489258
1790266833685566500,2.56956640625,7.961326599121094,3.721116781234741,-5.239724159240723
1790266833695566600,2.579566650390625,8.491496086120605,3.857640266418457,-5.171111106872559
1790266833705566500,2.58956640625,7.375731468200684,3.6213057041168213,-5.049738883972168
1790266833715566600,2.599566650390625,5.27103853225708,2.7571334838867188,-5.060580253601074
1790266833725566500,2.60956640625,3.919445037841797,2.365015983581543,-4.639352798461914
1790266833735566600,2.619566650390625,2.7145190238952637,1.9661115407943726,-4.175030708312988
1790266833745566500,2.62956640625,2.8115177154541016,1.6062636375427246,-3.2283856868743896
1790266833755566600,2.639566650390625,2.910538673400879,0.9124646186828613,-2.304910898208618
1790266833765566500,2.64956640625,2.901456832885742,0.14429378509521484,-1.3789587020874023
1790266833775566600,2.659566650390625,2.861708164215088,-0.6448256969451904,-0.2513315677642822
1790266833785566500,2.66956640625,2.8732666969299316,-1.4876608848571777,0.958106517791748
1790266833795566600,2.679566650390625,2.3446412086486816,-2.302239179611206,1.7204818725585938
1790266833805566500,2.68956640625,1.327927589416504,-3.169069766998291,2.0332350730895996
1790266833815566600,2.699566650390625,0.40021562576293945,-3.9990220069885254,1.8899593353271484
1790266833825566500,2.70956640625,-0.3882331848144531,-4.6544084548950195,1.1771764755249023
1790266833835566600,2.719566650390625,-1.124281406402588,-4.692176818847656,0.4915194511413574
1790266833845566500,2.72956640625,-2.1465296745300293,-4.130289077758789,-0.03848743438720703
1790266833855566600,2.739566650390625,-3.95914888381958,-2.9433236122131348,-0.22243547439575195
1790266833865566500,2.74956640625,-3.573460578918457,-2.364633083343506,-0.10370349884033203
1790266833875566600,2.759566650390625,-2.418092727661133,-2.024871826171875,-0.2152252197265625
1790266833885566500,2.76956640625,-2.3678765296936035,-1.7949728965759277,-0.4054582118988037
1790266833895566600,2.779566650390625,-1.6944780349731445,-2.58504056930542,-0.6813321113586426
1790266833905566500,2.78956640625,-1.1312880516052246,-3.563889980316162,-0.11195516586303711
1790266833915566600,2.799566650390625,-1.0756535530090332,-4.526045799255371,0.39908456802368164
1790266833925566500,2.80956640625,-1.9164648056030273,-5.126875400543213,0.4781656265258789
1790266833935566600,2.819566650390625,-3.194347381591797,-5.173672199249268,0.293651819229126
1790266833945566500,2.82956640625,-3.8822484016418457,-4.414605617523193,0.21233177185058594
1790266833955566600,2.839566650390625,-4.205729961395264,-3.3096389770507812,0.3672032356262207
1790266833965566500,2.84956640625,-4.687510013580322,-2.392484188079834,0.7257580757141113
1790266833975566600,2.859566650390625,-4.710386753082275,-1.72507905960083,1.119640827178955
1790266833985566500,2.86956640625,-4.655421733856201,-1.3205456733703613,1.7418475151062012
1790266833995566600,2.879566650390625,-4.850344181060791,-1.2648463249206543,2.454258918762207
1790266834005566500,2.88956640625,-5.555122375488281,-1.3093633651733398,3.029378652572632
1790266834015566600,2.899566650390625,-6.063042163848877,-1.896716594696045,3.8565967082977295
1790266834025566500,2.90956640625,-5.766889572143555,-3.21122407913208,4.868483543395996
1790266834035566600,2.919566650390625,-5.418210983276367,-3.656628131866455,5.73640251159668
1790266834045566500,2.92956640625,-4.215566158294678,-2.968079090118408,5.481680393218994
1790266834055566600,2.939566650390625,-3.4539308547973633,-1.8089828491210938,4.150726318359375
1790266834065566500,2.94956640625,-3.5719261169433594,-0.7682628631591797,2.809537649154663
1790266834075566600,2.959566650390625,-3.6980185508728027,-0.038725852966308594,2.4750616550445557
1790266834085566500,2.96956640625,-2.729039192199707,0.45290088653564453,2.4966907501220703
1790266834095566600,2.979566650390625,-2.305774688720703,0.6260628700256348,2.627697706222534
1790266834105566500,2.98956640625,-2.417551040649414,0.34476375579833984,2.410587787628174
1790266834115566600,2.999566650390625,-1.0674753189086914,0.4789457321166992,1.20235013961792
1790266834125566500,3.00956640625,-1.8018484115600586,-0.044300079345703125,0.5265064239501953
1790266834135566600,3.019566650390625,-2.3848018646240234,-1.427100658416748,-0.09145569801330566
1790266834145566500,3.02956640625,-2.6877951622009277,-2.5862908363342285,-0.41905975341796875
1790266834155566600,3.039566650390625,-2.5228004455566406,-3.19317626953125,-0.07999014854431152
1790266834165566500,3.04956640625,-2.289796829223633,-3.0026822090148926,0.3928718566894531
1790266834175566600,3.059566650390625,-1.723973274230957,-2.7772984504699707,0.9649832248687744
1790266834185566500,3.06956640625,-1.138258457183838,-2.480691909790039,1.7026958465576172
1790266834195566600,3.079566650390625,-0.8513345718383789,-2.244170665740967,2.182495355606079
1790266834205566500,3.08956640625,-0.9549708366394043,-2.077589511871338,2.6674108505249023
1790266834215566600,3.099566650390625,-1.5370287895202637,-2.031832695007324,2.8819806575775146
1790266834225566500,3.10956640625,-2.0797791481018066,-2.1956071853637695,2.929126262664795
1790266834235566600,3.119566650390625,-2.6867685317993164,-2.557852268218994,3.027832269668579
1790266834245566500,3.12956640625,-3.2230782508850098,-2.949679374694824,3.2264130115509033
1790266834255566600,3.139566650390625,-2.4740185737609863,-3.5530381202697754,3.014831781387329
1790266834265566500,3.14956640625,-0.828406810760498,-4.120665073394775,2.3404619693756104
1790266834275566600,3.159566650390625,-0.24810504913330078,-4.25600528717041,2.1205761432647705
1790266834285566500,3.16956640625,-0.9124040603637695,-3.987626075744629,2.1308159828186035
1790266834295566600,3.179566650390625,-1.0873842239379883,-3.5827393531799316,2.32047438621521
1790266834305566500,3.18956640625,0.21956634521484375,-3.350371837615967,2.202347755432129
1790266834315566600,3.199566650390625,1.7052431106567383,-3.1187081336975098,1.5046913623809814
1790266834325566500,3.20956640625,2.8193206787109375,-2.785301923751831,0.4924764633178711
1790266834335566600,3.219566650390625,3.697892665863037,-2.2621617317199707,-0.43059325218200684
1790266834345566500,3.22956640625,4.286481857299805,-1.443345546722412,-1.0963048934936523
1790266834355566600,3.239566650390625,4.5090789794921875,-0.6676270961761475,-1.4875696897506714
1790266834365566500,3.24956640625,5.0784807205200195,-0.04550909996032715,-1.4159152507781982
1790266834375566600,3.259566650390625,5.236571311950684,0.4140230417251587,-0.9845101833343506
1790266834385566500,3.26956640625,4.46529483795166,0.767353892326355,-0.8694031238555908
1790266834395566600,3.279566650390625,4.967895030975342,0.883419394493103,-0.9515129327774048
1790266834405566500,3.28956640625,5.861343860626221,0.741073489189148,-0.8631391525268555
1790266834415566600,3.299566650390625,5.889850616455078,0.28581178188323975,-1.0602281093597412
1790266834425566500,3.30956640625,6.248142242431641,-0.10912299156188965,-1.4161686897277832
1790266834435566600,3.319566650390625,6.45552396774292,-0.2750401496887207,-1.7869666814804077
1790266834445566500,3.32956640625,6.529827117919922,-0.16575491428375244,-2.5017242431640625
1790266834455566600,3.339566650390625,7.16562557220459,0.26394879817962646,-3.4794373512268066
1790266834465566500,3.34956640625,7.111475944519043,0.9595819711685181,-4.390572547912598
1790266834475566600,3.359566650390625,6.570188045501709,1.6877295970916748,-4.567531585693359
1790266834485566500,3.36956640625,6.009476661682129,2.163198471069336,-3.9557125568389893
1790266834495566600,3.379566650390625,5.678737163543701,2.348719596862793,-3.1012890338897705
1790266834505566500,3.38956640625,6.124615669250488,2.251453399658203,-2.433734655380249
1790266834515566600,3.399566650390625,6.900014877319336,2.146721124649048,-2.287338972091675
1790266834525566500,3.40956640625,7.293906211853027,2.1412692070007324,-2.7328779697418213
1790266834535566600,3.419566650390625,7.572722434997559,2.195523738861084,-3.1807589530944824
1790266834545566500,3.42956640625,7.934683799743652,2.302067756652832,-3.4573984146118164
1790266834555566600,3.439566650390625,7.268119812011719,2.5370750427246094,-3.910942554473877
1790266834565566500,3.44956640625,5.808694839477539,2.781616449356079,-4.176196575164795
1790266834575566600,3.459566650390625,4.643885612487793,2.9264235496520996,-3.5846352577209473
1790266834585566500,3.46956640625,4.389697074890137,2.767282009124756,-2.8281965255737305
1790266834595566600,3.479566650390625,4.324146270751953,2.308523416519165,-2.3616714477539062
1790266834605566500,3.48956640625,4.167319297790527,1.668485403060913,-1.9508473873138428
1790266834615566600,3.499566650390625,3.86012601852417,0.9340071678161621,-1.5481605529785156
1790266834625566500,3.50956640625,3.694014549255371,0.39919495582580566,-0.9195597171783447
1790266834635566600,3.519566650390625,3.4045958518981934,-0.34841370582580566,-0.08207535743713379
1790266834645566500,3.52956640625,2.9600329399108887,-1.1663236618041992,0.6789960861206055
1790266834655566600,3.539566650390625,2.351945400238037,-1.8804419040679932,1.247267484664917
1790266834665566500,3.54956640625,1.895237922668457,-2.5411691665649414,1.6442182064056396
1790266834675566600,3.559566650390625,1.502528190612793,-3.0602335929870605,1.8156867027282715
1790266834685566500,3.56956640625,1.300933837890625,-3.5506086349487305,1.6308550834655762
1790266834695566600,3.579566650390625,0.7477526664733887,-4.086514472961426,1.4482407569885254
1790266834705566500,3.58956640625,0.2362375259399414,-4.91934871673584,1.7893486022949219
1790266834715566600,3.599566650390625,-0.29425573348999023,-5.723340034484863,2.090703010559082
1790266834725566500,3.60956640625,-1.5138602256774902,-5.941596031188965,2.18588924407959
1790266834735566600,3.619566650390625,-2.706851005554199,-5.829430103302002,2.2371068000793457
1790266834745566500,3.62956640625,-3.4472975730895996,-5.4193644523620605,2.395806312561035
1790266834755566600,3.639566650390625,-3.435957431793213,-4.688827991485596,2.4275293350219727
1790266834765566500,3.64956640625,-3.1080727577209473,-3.8746514320373535,2.3473892211914062
1790266834775566600,3.659566650390625,-3.065742015838623,-2.8941140174865723,2.2584357261657715
1790266834785566500,3.66956640625,-3.225863456726074,-2.170106887817383,2.197192430496216
1790266834795566600,3.679566650390625,-3.593306541442871,-1.6896729469299316,2.091597557067871
1790266834805566500,3.68956640625,-3.654447555541992,-1.5276122093200684,1.794313907623291
1790266834815566600,3.699566650390625,-3.7986464500427246,-1.5616121292114258,1.3978734016418457
1790266834825566500,3.70956640625,-4.015013217926025,-1.4816575050354004,0.7402334213256836
1790266834835566600,3.719566650390625,-4.192874908447266,-1.4597020149230957,0.06826186180114746
1790266834845566500,3.72956640625,-4.234391212463379,-1.403815746307373,-0.3353731632232666
1790266834855566600,3.739566650390625,-4.392230033874512,-1.328834056854248,-0.2827720642089844
1790266834865566500,3.74956640625,-4.793664932250977,-1.330500602722168,-0.017470121383666992
1790266834875566600,3.759566650390625,-5.016758918762207,-1.5361380577087402,0.30302000045776367
1790266834885566500,3.76956640625,-4.887034893035889,-1.9257020950317383,0.5861008167266846
1790266834895566600,3.779566650390625,-4.563093185424805,-2.4080257415771484,0.9280881881713867
1790266834905566500,3.78956640625,-4.2223639488220215,-2.727235794067383,1.3380680084228516
1790266834915566600,3.799566650390625,-4.252487659454346,-2.8097639083862305,1.764507532119751
1790266834925566500,3.80956640625,-4.67727518081665,-2.560722827911377,1.8397634029388428
1790266834935566600,3.819566650390625,-4.548765182495117,-2.0996041297912598,1.655165433883667
1790266834945566500,3.82956640625,-3.2797069549560547,-1.6253008842468262,1.4054672718048096
1790266834955566600,3.839566650390625,-1.5889134407043457,-1.1714715957641602,0.9305636882781982
1790266834965566500,3.84956640625,-0.5187015533447266,-0.7992000579833984,0.4834177494049072
1790266834975566600,3.859566650390625,-0.9115724563598633,-0.49285078048706055,-0.03670954704284668
1790266834985566500,3.86956640625,-2.083523750305176,-0.24972105026245117,-0.3144645690917969
1790266834995566600,3.879566650390625,-2.6702489852905273,-0.16234064102172852,-0.09809684753417969
1790266835005566500,3.88956640625,-2.5137314796447754,-0.21015119552612305,0.6670548915863037
1790266835015566600,3.899566650390625,-2.3530116081237793,-0.39910030364990234,1.4354474544525146
1790266835025566500,3.90956640625,-2.6198668479919434,-0.7427754402160645,1.9389586448669434
1790266835035566600,3.919566650390625,-2.8709683418273926,-1.1750950813293457,2.1762869358062744
1790266835045566500,3.92956640625,-2.691201686859131,-1.6062345504760742,2.085923910140991
1790266835055566600,3.939566650390625,-1.9314231872558594,-1.908790111541748,1.6660373210906982
1790266835065566500,3.94956640625,-1.130664348602295,-2.0202436447143555,1.0770418643951416
1790266835075566600,3.959566650390625,-1.309837818145752,-2.0873332023620605,0.755469799041748
1790266835085566500,3.96956640625,-2.0376787185668945,-2.340020179748535,0.9336826801300049
1790266835095566600,3.979566650390625,-2.570466995239258,-2.8747239112854004,1.6777379512786865
1790266835105566500,3.98956640625,-2.277498245239258,-3.7265539169311523,2.757894277572632
1790266835115566600,3.999566650390625,-1.6811928749084473,-4.557892322540283,3.300410032272339
1790266835125566500,4.00956640625,-1.1053333282470703,-4.945830345153809,2.9073104858398438
1790266835135566600,4.019566650390625,-0.8029208183288574,-4.78912878036499,2.2524685859680176
1790266835145566500,4.02956640625,-0.6161012649536133,-4.392449855804443,1.9713389873504639
1790266835155566600,4.039566650390625,-0.025710105895996094,-4.025282382965088,1.8884737491607666
1790266835165566500,4.04956640625,0.3680591583251953,-3.537458896636963,1.663740873336792
1790266835175566600,4.059566650390625,0.7105259895324707,-2.887956142425537,1.2877438068389893
1790266835185566500,4.06956640625,1.1892046928405762,-2.165027379989624,1.0192484855651855
1790266835195566600,4.079566650390625,1.4246444702148438,-1.5930607318878174,1.130012035369873
1790266835205566500,4.08956640625,1.1546497344970703,-1.3423562049865723,1.3255183696746826
1790266835215566600,4.099566650390625,1.2364025115966797,-1.4419362545013428,1.022672176361084
1790266835225566500,4.10956640625,2.77032470703125,-1.6297638416290283,0.5805773735046387
1790266835235566600,4.119566650390625,4.266669273376465,-1.539867877960205,0.16518831253051758
1790266835245566500,4.12956640625,4.899896621704102,-1.1978759765625,-0.36312341690063477
1790266835255566600,4.139566650390625,5.118865966796875,-0.9062290191650391,-0.9006049633026123
1790266835265566500,4.14956640625,5.869265556335449,-0.606842041015625,-1.5337560176849365
1790266835275566600,4.159566650390625,6.699915885925293,-0.20631909370422363,-2.000424385070801
1790266835285566500,4.16956640625,6.961441516876221,0.31845831871032715,-2.337958812713623
1790266835295566600,4.179566650390625,7.179358959197998,1.1221379041671753,-2.9956212043762207
1790266835305566500,4.18956640625,7.296420097351074,2.010582447052002,-3.643841028213501
1790266835315566600,4.199566650390625,7.059216499328613,2.61906099319458,-3.921767234802246
1790266835325566500,4.20956640625,6.848419189453125,2.6400561332702637,-3.6033709049224854
1790266835335566600,4.219566650390625,6.78953218460083,2.0488433837890625,-3.1784420013427734
1790266835345566500,4.22956640625,6.866014003753662,1.5894107818603516,-2.7789831161499023
1790266835355566600,4.239566650390625,6.71058464050293,1.6099069118499756,-2.320862054824829
1790266835365566500,4.24956640625,6.423614025115967,1.7130284309387207,-2.0546910762786865
1790266835375566600,4.259566650390625,6.12885856628418,1.782972812652588,-1.9689284563064575
1790266835385566500,4.26956640625,6.040005683898926,1.7517361640930176,-2.0395352840423584
1790266835395566600,4.279566650390625,6.251016139984131,1.7526594400405884,-2.1746039390563965
1790266835405566500,4.28956640625,6.585848331451416,1.821582317352295,-2.3159375190734863
1790266835415566600,4.299566650390625,6.667214393615723,1.9981783628463745,-2.5207369327545166
1790266835425566500,4.30956640625,6.529290676116943,2.1669864654541016,-2.6993298530578613
1790266835435566600,4.319566650390625,6.2366414070129395,2.261523962020874,-2.918100357055664
1790266835445566500,4.32956640625,5.5093278884887695,2.3230371475219727,-3.114701747894287
1790266835455566600,4.339566650390625,4.437150001525879,2.341367483139038,-3.2242813110351562
1790266835465566500,4.34956640625,3.5238723754882812,2.334177255630493,-3.039783000946045
1790266835475566600,4.359566650390625,2.732865333557129,2.2971251010894775,-2.6575727462768555
1790266835485566500,4.36956640625,2.4412078857421875,2.108898878097534,-2.1736199855804443
1790266835495566600,4.379566650390625,2.4890198707580566,1.6237413883209229,-1.642075538635254
1790266835505566500,4.38956640625,2.808084011077881,0.8042874336242676,-0.9859092235565186
1790266835515566600,4.399566650390625,2.750875473022461,-0.23299050331115723,-0.22206950187683105
1790266835525566500,4.40956640625,2.6472506523132324,-1.4385154247283936,0.2740159034729004
1790266835535566600,4.419566650390625,2.3119750022888184,-2.7999706268310547,0.38929033279418945
1790266835545566500,4.42956640625,1.5583291053771973,-4.1477766036987305,0.28301286697387695
1790266835555566600,4.439566650390625,0.9642333984375,-5.222917556762695,0.30706787109375
1790266835565566500,4.44956640625,0.49953269958496094,-6.150250434875488,0.5279951095581055
1790266835575566600,4.459566650390625,-0.0015320777893066406,-6.707533836364746,1.0750174522399902
1790266835585566500,4.46956640625,-0.8327999114990234,-6.7166056632995605,1.9242420196533203
1790266835595566600,4.479566650390625,-1.9710259437561035,-6.002247333526611,2.5403590202331543
1790266835605566500,4.48956640625,-3.177560806274414,-4.952528953552246,2.683216094970703
1790266835615566600,4.499566650390625,-3.9791345596313477,-3.937194347381592,2.71089506149292
1790266835625566500,4.50956640625,-4.131535053253174,-3.1439075469970703,2.827291488647461
1790266835635566600,4.519566650390625,-3.8995985984802246,-2.578420639038086,2.975419759750366
1790266835645566500,4.52956640625,-3.9221391677856445,-2.2782769203186035,2.9894587993621826
1790266835655566600,4.539566650390625,-4.139978408813477,-2.1936893463134766,2.7182772159576416
1790266835665566500,4.54956640625,-3.943215847015381,-2.3371424674987793,2.1493539810180664
1790266835675566600,4.559566650390625,-3.6208882331848145,-2.5333781242370605,1.4258785247802734
1790266835685566500,4.56956640625,-3.7227931022644043,-2.5514941215515137,0.7121880054473877
1790266835695566600,4.579566650390625,-4.123650550842285,-2.366326332092285,0.11429929733276367
1790266835705566500,4.58956640625,-4.308474063873291,-2.076643943786621,-0.08454751968383789
1790266835715566600,4.599566650390625,-4.1800408363342285,-1.7490615844726562,0.06737518310546875
1790266835725566500,4.60956640625,-4.259720325469971,-1.429908275604248,0.44668126106262207
1790266835735566600,4.619566650390625,-4.354470252990723,-1.1656808853149414,0.9674348831176758
1790266835745566500,4.62956640625,-4.3462371826171875,-0.9433555603027344,1.4388537406921387
1790266835755566600,4.639566650390625,-4.009285926818848,-0.7165470123291016,1.8282530307769775
1790266835765566500,4.64956640625,-3.7318367958068848,-0.44589948654174805,2.1119723320007324
1790266835775566600,4.659566650390625,-3.722959518432617,-0.22007322311401367,2.262510061264038
1790266835785566500,4.66956640625,-3.9125375747680664,-0.2703857421875,2.4181149005889893
1790266835795566600,4.679566650390625,-3.949577808380127,-0.6696968078613281,2.5185375213623047
1790266835805566500,4.68956640625,-3.485851764678955,-0.9922780990600586,2.2587966918945312
1790266835815566600,4.699566650390625,-2.808711051940918,-1.127049446105957,2.0195865631103516
1790266835825566500,4.70956640625,-2.2680764198303223,-1.094071388244629,1.9047112464904785
1790266835835566600,4.719566650390625,-1.8335347175598145,-0.9010658264160156,1.7099707126617432
1790266835845566500,4.72956640625,-1.5959506034851074,-0.6251626014709473,1.6576778888702393
1790266835855566600,4.739566650390625,-1.5736498832702637,-0.49413204193115234,1.7182040214538574
1790266835865566500,4.74956640625,-1.5297279357910156,-0.5573668479919434,1.7832212448120117
1790266835875566600,4.759566650390625,-1.549903392791748,-0.7577738761901855,1.6946420669555664
1790266835885566500,4.76956640625,-1.9275856018066406,-1.0323853492736816,1.5073871612548828
1790266835895566600,4.779566650390625,-2.8368988037109375,-1.4806437492370605,1.4383156299591064
1790266835905566500,4.78956640625,-3.567094326019287,-2.21659517288208,1.8056581020355225
1790266835915566600,4.799566650390625,-3.989588737487793,-3.262772560119629,2.533141613006592
1790266835925566500,4.80956640625,-3.552600383758545,-4.418292999267578,3.2013232707977295
1790266835935566600,4.819566650390625,-2.485661029815674,-5.366518497467041,3.6815714836120605
1790266835945566500,4.82956640625,-2.035181999206543,-5.743223667144775,3.8553879261016846
1790266835955566600,4.839566650390625,-2.030186653137207,-5.29597282409668,3.8921194076538086
1790266835965566500,4.84956640625,-1.7283391952514648,-4.284402370452881,3.7293548583984375
1790266835975566600,4.859566650390625,-0.900120735168457,-3.307666778564453,3.4881856441497803
1790266835985566500,4.86956640625,-0.10975074768066406,-2.6127943992614746,3.005573272705078
1790266835995566600,4.879566650390625,0.3147554397583008,-2.190873146057129,2.327627420425415
1790266836005566500,4.88956640625,0.7777070999145508,-1.9414019584655762,1.532780647277832
1790266836015566600,4.899566650390625,1.5102062225341797,-1.7565813064575195,0.8001172542572021
1790266836025566500,4.90956640625,2.127397060394287,-1.507185935974121,0.23393845558166504
1790266836035566600,4.919566650390625,2.132500171661377,-1.2226643562316895,-0.08260583877563477
1790266836045566500,4.92956640625,2.303030014038086,-0.9106318950653076,-0.25875067710876465
1790266836055566600,4.939566650390625,2.8524370193481445,-0.5546424388885498,-0.3389275074005127
1790266836065566500,4.94956640625,3.4059929847717285,-0.25342464447021484,-0.3851473331451416
1790266836075566600,4.959566650390625,3.9096555709838867,-0.1454789638519287,-0.553870677947998
1790266836085566500,4.96956640625,5.09340763092041,-0.34615135192871094,-0.6769499778747559
1790266836095566600,4.979566650390625,5.937146186828613,-0.728973388671875,-0.8551745414733887
1790266836105566500,4.98956640625,5.255345344543457,-0.9634978771209717,-1.631121277809143
1790266836115566600,4.999566650390625,4.369168758392334,-0.8227252960205078,-2.727172613143921
1790266836125566500,5.00956640625,4.720489978790283,-0.3490712642669678,-3.426576852798462
1790266836135566600,5.019566650390625,5.368876934051514,0.49283385276794434,-3.5287880897521973
1790266836145566500,5.02956640625,5.23762321472168,1.4243805408477783,-3.2355098724365234
1790266836155566600,5.039566650390625,4.670524597167969,2.225344657897949,-2.9144139289855957
1790266836165566500,5.04956640625,4.669549942016602,2.543100595474243,-2.9949851036071777
1790266836175566600,5.059566650390625,4.6906418800354,2.135622978210449,-3.377438545227051
1790266836185566500,5.06956640625,4.814367294311523,1.148388147354126,-3.0418922901153564
1790266836195566600,5.079566650390625,5.0700788497924805,0.20586693286895752,-2.1227774620056152
1790266836205566500,5.08956640625,5.131086349487305,-0.17575490474700928,-1.6800801753997803
1790266836215566600,5.099566650390625,5.519318580627441,0.14668142795562744,-1.87921142578125
1790266836225566500,5.10956640625,6.094838619232178,0.9975269436836243,-2.7289087772369385
1790266836235566600,5.119566650390625,6.686989784240723,1.9610072374343872,-3.497184991836548
1790266836245566500,5.12956640625,6.969285011291504,2.7219691276550293,-3.8473758697509766
1790266836255566600,5.139566650390625,7.090332984924316,3.177194356918335,-3.814082145690918
1790266836265566500,5.14956640625,7.184864044189453,3.3173766136169434,-3.8669233322143555
1790266836275566600,5.159566650390625,7.12485408782959,3.2301738262176514,-3.9896819591522217
1790266836285566500,5.16956640625,6.755632400512695,2.934436798095703,-4.0101118087768555
1790266836295566600,5.179566650390625,5.824430465698242,2.603691816329956,-3.962273120880127
1790266836305566500,5.18956640625,4.755001068115234,2.2585089206695557,-3.7616453170776367
1790266836315566600,5.199566650390625,3.7833542823791504,1.8800289630889893,-3.3514206409454346
1790266836325566500,5.20956640625,3.578665256500244,1.4670631885528564,-2.884793281555176
1790266836335566600,5.219566650390625,2.9260106086730957,1.1235246658325195,-2.2790024280548096
1790266836345566500,5.22956640625,2.4304962158203125,0.7481822967529297,-1.4811694622039795
1790266836355566600,5.239566650390625,2.042912006378174,0.2678236961364746,-0.7868874073028564
1790266836365566500,5.24956640625,2.174227714538574,-0.3013651371002197,-0.09284591674804688
1790266836375566600,5.259566650390625,2.5447897911071777,-0.8425278663635254,0.08307075500488281
1790266836385566500,5.26956640625,2.269176483154297,-1.4125161170959473,-0.14747285842895508
1790266836395566600,5.279566650390625,1.4273505210876465,-2.0358152389526367,-0.521827220916748
1790266836405566500,5.28956640625,0.10695123672485352,-2.7282204627990723,-0.5775613784790039
1790266836415566600,5.299566650390625,-0.6538887023925781,-3.409457206726074,-0.2239079475402832
1790266836425566500,5.30956640625,-1.5808930397033691,-4.070017337799072,0.15230607986450195
1790266836435566600,5.319566650390625,-1.877164363861084,-4.742978572845459,0.38429927825927734
1790266836445566500,5.32956640625,-2.120417594909668,-5.3802642822265625,0.4441518783569336
1790266836455566600,5.339566650390625,-2.001392364501953,-5.868097305297852,0.566068172454834
1790266836465566500,5.34956640625,-1.9905457496643066,-6.069090366363525,0.8044228553771973
1790266836475566600,5.359566650390625,-2.436781406402588,-5.945560455322266,1.1400527954101562
1790266836485566500,5.36956640625,-2.889554977416992,-5.391702175140381,1.4928197860717773
1790266836495566600,5.379566650390625,-3.494351863861084,-4.5584564208984375,1.5886907577514648
1790266836505566500,5.38956640625,-4.118875026702881,-3.476471424102783,1.3809027671813965
1790266836515566600,5.399566650390625,-4.734272003173828,-2.549705982208252,1.207651138305664
1790266836525566500,5.40956640625,-5.287476062774658,-1.8761277198791504,1.3305788040161133
1790266836535566600,5.419566650390625,-5.186149597167969,-1.5146074295043945,1.5334529876708984
1790266836545566500,5.42956640625,-4.8266282081604,-1.458524227142334,1.6793899536132812
1790266836555566600,5.439566650390625,-4.481426239013672,-1.3376455307006836,1.697230339050293
1790266836565566500,5.44956640625,-4.505095958709717,-1.1576881408691406,1.7787089347839355
1790266836575566600,5.459566650390625,-4.532164096832275,-1.0209860801696777,1.7848975658416748
1790266836585566500,5.46956640625,-4.226873397827148,-0.9479947090148926,1.820911169052124
1790266836595566600,5.479566650390625,-3.6643972396850586,-0.928220272064209,2.0283701419830322
1790266836605566500,5.48956640625,-2.9373788833618164,-0.8082304000854492,2.2040348052978516
1790266836615566600,5.499566650390625,-2.405238151550293,-0.4425168037414551,2.200589656829834
1790266836625566500,5.50956640625,-2.0280213356018066,0.0728459358215332,1.9834215641021729
1790266836635566600,5.519566650390625,-1.8243861198425293,0.6160764694213867,1.695345401763916
1790266836645566500,5.52956640625,-1.9056119918823242,0.8561997413635254,1.5217022895812988
1790266836655566600,5.539566650390625,-2.040243625640869,0.5329790115356445,1.5482656955718994
1790266836665566500,5.54956640625,-2.2732443809509277,-0.22754573822021484,1.607994556427002
1790266836675566600,5.559566650390625,-2.5456066131591797,-0.9800863265991211,1.6933729648590088
1790266836685566500,5.56956640625,-2.560666561126709,-1.4440903663635254,1.5883684158325195
1790266836695566600,5.579566650390625,-2.642533302307129,-1.618509292602539,1.225480079650879
1790266836705566500,5.58956640625,-2.658083438873291,-1.7493653297424316,0.7836120128631592
1790266836715566600,5.599566650390625,-2.298830509185791,-1.9047398567199707,0.6701385974884033
1790266836725566500,5.60956640625,-1.9068098068237305,-2.0552010536193848,0.9843721389770508
1790266836735566600,5.619566650390625,-3.17966890335083,-2.0492777824401855,1.4366393089294434
1790266836745566500,5.62956640625,-6.097529411315918,-2.1298608779907227,2.045175552368164
1790266836755566600,5.639566650390625,-7.736606121063232,-2.593564987182617,3.2414839267730713
1790266836765566500,5.64956640625,-7.580982208251953,-3.339250087738037,4.666581153869629
1790266836775566600,5.659566650390625,-4.48374080657959,-4.034034252166748,5.134568214416504
1790266836785566500,5.66956640625,1.5822272300720215,-4.09298849105835,3.0148420333862305
1790266836795566600,5.679566650390625,5.3795318603515625,-2.935894012451172,0.7360587120056152
1790266836805566500,5.68956640625,5.285346031188965,-0.9794306755065918,-0.38755226135253906
1790266836815566600,5.699566650390625,2.9325108528137207,0.8314552307128906,-1.272479772567749
1790266836825566500,5.70956640625,-0.15123462677001953,1.8989086151123047,-1.9985952377319336
1790266836835566600,5.719566650390625,-2.7124743461608887,1.3767566680908203,-0.26381373405456543
1790266836845566500,5.72956640625,-2.8285369873046875,-0.36342334747314453,3.08516263961792
1790266836855566600,5.739566650390625,-0.25402021408081055,-2.0691137313842773,4.463906288146973
1790266836865566500,5.74956640625,2.8019490242004395,-2.826247215270996,2.2906434535980225
1790266836875566600,5.759566650390625,4.143639087677002,-2.484492778778076,-0.29949355125427246
1790266836885566500,5.76956640625,3.0515952110290527,-1.3179020881652832,-1.2931857109069824
1790266836895566600,5.779566650390625,1.4299697875976562,-0.0783987045288086,-0.5332379341125488
1790266836905566500,5.78956640625,0.27343320846557617,0.5057625770568848,0.3956413269042969
1790266836915566600,5.799566650390625,-0.229461669921875,0.5893750190734863,1.0420629978179932
1790266836925566500,5.80956640625,0.6184864044189453,0.4473152160644531,1.110363483428955
1790266836935566600,5.819566650390625,2.201620101928711,0.4022650718688965,0.4823644161224365
1790266836945566500,5.82956640625,3.204512596130371,0.5471386909484863,-0.19546127319335938
1790266836955566600,5.839566650390625,2.977996349334717,0.863163948059082,-0.5176386833190918
1790266836965566500,5.84956640625,1.6642909049987793,1.0528373718261719,-0.32688450813293457
1790266836975566600,5.859566650390625,0.5133724212646484,0.7399141788482666,0.22292685508728027
1790266836985566500,5.86956640625,0.3923215866088867,0.00012421607971191406,0.7480649948120117
1790266836995566600,5.879566650390625,0.7129936218261719,-0.7065484523773193,0.8323609828948975
1790266837005566500,5.88956640625,1.2308988571166992,-0.9091310501098633,1.009948492050171
1790266837015566600,5.899566650390625,1.5054693222045898,-0.6899113655090332,1.10744047164917
1790266837025566500,5.90956640625,1.117934226989746,-0.2921173572540283,1.0302190780639648
1790266837035566600,5.919566650390625,0.5302619934082031,-0.04508566856384277,0.5909180641174316
1790266837045566500,5.92956640625,0.7191667556762695,0.036134958267211914,-0.0038161277770996094
1790266837055566600,5.939566650390625,1.205561637878418,0.037520647048950195,-0.465850830078125
1790266837065566500,5.94956640625,1.3106260299682617,-0.2517893314361572,-0.847832202911377
1790266837075566600,5.959566650390625,1.1541070938110352,-0.9214065074920654,-1.1084660291671753
1790266837085566500,5.96956640625,1.3905525207519531,-1.4845576286315918,-1.4613616466522217
1790266837095566600,5.979566650390625,1.9107418060302734,-1.4655497074127197,-1.8254361152648926
1790266837105566500,5.98956640625,2.1832895278930664,-1.2262635231018066,-1.6925981044769287
1790266837115566600,5.999566650390625,1.935926914215088,-1.0026271343231201,-0.9874699115753174
1790266837125566500,6.00956640625,1.8221511840820312,-0.7731561660766602,-0.5249135494232178
1790266837135566600,6.019566650390625,2.3707170486450195,-0.3230013847351074,-0.9089334011077881
1790266837145566500,6.02956640625,2.6480331420898438,0.21301090717315674,-1.3838489055633545
1790266837155566600,6.039566650390625,2.3593740463256836,0.4448211193084717,-1.1543734073638916
1790266837165566500,6.04956640625,2.0360231399536133,0.598846435546875,-0.8407843112945557
1790266837175566600,6.059566650390625,2.060915470123291,0.9482256174087524,-0.7087864875793457
1790266837185566500,6.06956640625,1.9677753448486328,0.9680064916610718,-0.6253509521484375
1790266837195566600,6.079566650390625,2.3206615447998047,0.6202401518821716,-0.608551025390625
1790266837205566500,6.08956640625,2.317647933959961,0.31572282314300537,-0.5868926048278809
1790266837215566600,6.099566650390625,2.012369155883789,0.24882113933563232,-0.5054481029510498
1790266837225566500,6.10956640625,1.6229147911071777,0.28197646141052246,-0.4985034465789795
1790266837235566600,6.119566650390625,1.5061025619506836,0.1887291669845581,-0.8196544647216797
1790266837245566500,6.12956640625,1.7237625122070312,0.19657933712005615,-0.888174295425415
1790266837255566600,6.139566650390625,1.9903221130371094,0.2525597810745239,-0.9645700454711914
1790266837265566500,6.14956640625,1.8889284133911133,0.34087836742401123,-1.1568405628204346
1790266837275566600,6.159566650390625,2.14321231842041,0.41872185468673706,-1.621711015701294
1790266837285566500,6.16956640625,2.3202061653137207,0.578220009803772,-2.042664051055908
1790266837295566600,6.179566650390625,2.150157928466797,0.779616117477417,-2.431983470916748
1790266837305566500,6.18956640625,2.169610023498535,0.9832513332366943,-2.542178153991699
1790266837315566600,6.199566650390625,2.246967315673828,1.156977653503418,-2.482733964920044
1790266837325566500,6.20956640625,2.249138832092285,1.3416309356689453,-2.4089839458465576
1790266837335566600,6.219566650390625,2.076247215270996,1.3298933506011963,-2.313770055770874
1790266837345566500,6.22956640625,1.8542962074279785,1.1235078573226929,-2.166043758392334
1790266837355566600,6.239566650390625,1.7166175842285156,0.8350949287414551,-1.859410285949707
1790266837365566500,6.24956640625,1.2930126190185547,0.5328248739242554,-1.5040929317474365
1790266837375566600,6.259566650390625,1.1411352157592773,0.16183996200561523,-1.121678113937378
1790266837385566500,6.26956640625,1.383260726928711,-0.13114070892333984,-0.9616134166717529
1790266837395566600,6.279566650390625,1.0094218254089355,-0.20461773872375488,-0.8676788806915283
1790266837405566500,6.28956640625,1.0823631286621094,-0.14644432067871094,-0.6651675701141357
1790266837415566600,6.299566650390625,1.1951985359191895,0.056878089904785156,-0.7081668376922607
1790266837425566500,6.30956640625,0.9676933288574219,0.3489501476287842,-0.9658010005950928
1790266837435566600,6.319566650390625,0.7039961814880371,0.7168776988983154,-0.9345779418945312
1790266837445566500,6.32956640625,0.6720271110534668,1.0122802257537842,-0.930762529373169
1790266837455566600,6.339566650390625,0.8400182723999023,1.1972947120666504,-0.961644172668457
1790266837465566500,6.34956640625,1.0517873764038086,1.1875905990600586,-0.9624032974243164
1790266837475566600,6.359566650390625,1.0071592330932617,1.1044731140136719,-0.965665340423584
1790266837485566500,6.36956640625,1.0273056030273438,0.902346134185791,-0.8086977005004883
1790266837495566600,6.379566650390625,1.2573580741882324,0.6683745384216309,-0.6568703651428223
1790266837505566500,6.38956640625,1.1005949974060059,0.4371960163116455,-0.6004765033721924
1790266837515566600,6.399566650390625,1.115778923034668,0.23599767684936523,-0.4810831546783447
1790266837525566500,6.40956640625,1.1871938705444336,0.0709829330444336,-0.3618290424346924
1790266837535566600,6.419566650390625,1.1566200256347656,-0.04904747009277344,-0.3483567237854004
1790266837545566500,6.42956640625,0.8377413749694824,-0.0798635482788086,-0.34516334533691406
1790266837555566600,6.439566650390625,0.43935585021972656,-0.04634428024291992,-0.24602556228637695
1790266837565566500,6.44956640625,0.11055612564086914,0.04096221923828125,-0.17794418334960938
1790266837575566600,6.459566650390625,-0.30619382858276367,0.08656978607177734,-0.1126565933227539
1790266837585566500,6.46956640625,-0.6208534240722656,0.027326583862304688,0.15555858612060547
1790266837595566600,6.479566650390625,-0.7042794227600098,-0.1219482421875,0.5632119178771973
1790266837605566500,6.48956640625,-0.9123616218566895,-0.4001598358154297,0.9037256240844727
1790266837615566600,6.499566650390625,-1.2258358001708984,-0.8060355186462402,1.147165298461914
1790266837625566500,6.50956640625,-1.6204924583435059,-1.299781322479248,1.276799201965332
1790266837635566600,6.519566650390625,-1.625014305114746,-1.9433579444885254,1.1829147338867188
1790266837645566500,6.52956640625,-1.4994897842407227,-2.595033645629883,0.918025016784668
1790266837655566600,6.539566650390625,-1.4270434379577637,-3.0847854614257812,0.8311290740966797
1790266837665566500,6.54956640625,-1.512342929840088,-3.287933349609375,0.8623600006103516
1790266837675566600,6.559566650390625,-1.6700544357299805,-3.135702610015869,0.7588882446289062
1790266837685566500,6.56956640625,-1.7978339195251465,-2.6899495124816895,0.42069053649902344
1790266837695566600,6.579566650390625,-1.9853525161743164,-2.072078227996826,0.04819059371948242
1790266837705566500,6.58956640625,-2.128981590270996,-1.472693920135498,-0.1734638214111328
1790266837715566600,6.599566650390625,-2.2127504348754883,-0.9915742874145508,-0.16576814651489258
1790266837725566500,6.60956640625,-2.225864887237549,-0.6130161285400391,-0.054956912994384766
1790266837735566600,6.619566650390625,-1.9769163131713867,-0.34490299224853516,0.03556513786315918
1790266837745566500,6.62956640625,-1.6234569549560547,-0.32851696014404297,0.12530922889709473
1790266837755566600,6.639566650390625,-1.293215274810791,-0.4974632263183594,0.28125834465026855
1790266837765566500,6.64956640625,-0.9474058151245117,-0.6622862815856934,0.40882372856140137
1790266837775566600,6.659566650390625,-0.5231332778930664,-0.8349804878234863,0.6025071144104004
1790266837785566500,6.66956640625,-0.4974546432495117,-0.9162359237670898,0.7671220302581787
1790266837795566600,6.679566650390625,-0.8809247016906738,-0.8798532485961914,0.7704951763153076
1790266837805566500,6.68956640625,-1.270416259765625,-0.8581223487854004,0.7204113006591797
1790266837815566600,6.699566650390625,-1.784560203552246,-0.8433184623718262,0.6907596588134766
1790266837825566500,6.70956640625,-2.079434394836426,-0.8859395980834961,0.7951812744140625
1790266837835566600,6.719566650390625,-2.054199695587158,-0.9222736358642578,0.9185206890106201
1790266837845566500,6.72956640625,-1.7922906875610352,-1.0361671447753906,1.0177648067474365
1790266837855566600,6.739566650390625,-1.512192726135254,-1.1470794677734375,0.9431724548339844
1790266837865566500,6.74956640625,-1.4133286476135254,-1.1757874488830566,0.7902915477752686
1790266837875566600,6.759566650390625,-1.1984500885009766,-1.1290526390075684,0.6041414737701416
1790266837885566500,6.76956640625,-1.2290115356445312,-0.8734550476074219,0.17630386352539062
1790266837895566600,6.779566650390625,-1.4270296096801758,-0.4870028495788574,-0.27515673637390137
1790266837905566500,6.78956640625,-1.3972787857055664,-0.0673985481262207,-0.40331602096557617
1790266837915566600,6.799566650390625,-1.1590704917907715,0.17842578887939453,-0.33098769187927246
1790266837925566500,6.80956640625,-1.0577569007873535,0.20984649658203125,-0.1432642936706543
1790266837935566600,6.819566650390625,-1.2328715324401855,-0.06696462631225586,0.12566781044006348
1790266837945566500,6.82956640625,-1.2984471321105957,-0.4785141944885254,0.34537649154663086
1790266837955566600,6.839566650390625,-1.2695860862731934,-0.8345522880554199,0.5176982879638672
1790266837965566500,6.84956640625,-1.2554512023925781,-1.1502704620361328,0.4920225143432617
1790266837975566600,6.859566650390625,-1.2914166450500488,-1.406750202178955,0.30180859565734863
1790266837985566500,6.86956640625,-1.2494292259216309,-1.5124783515930176,0.10261392593383789
1790266837995566600,6.879566650390625,-1.1856203079223633,-1.4601898193359375,0.058640480041503906
1790266838005566500,6.88956640625,-1.0343213081359863,-1.3065886497497559,0.13680124282836914
1790266838015566600,6.899566650390625,-0.8089303970336914,-1.0877695083618164,0.20200490951538086
1790266838025566500,6.90956640625,-0.7553215026855469,-0.8125677108764648,0.14931416511535645
1790266838035566600,6.919566650390625,-0.8000621795654297,-0.6121931076049805,0.00805211067199707
1790266838045566500,6.92956640625,-0.7204580307006836,-0.6124334335327148,-0.02602386474609375
1790266838055566600,6.939566650390625,-0.42939329147338867,-0.7059726715087891,0.15895915031433105
1790266838065566500,6.94956640625,-0.045014381408691406,-0.706171989440918,0.401155948638916
1790266838075566600,6.959566650390625,0.21402502059936523,-0.5546450614929199,0.5170049667358398
1790266838085566500,6.96956640625,0.18523597717285156,-0.3181118965148926,0.6027662754058838
1790266838095566600,6.979566650390625,-0.15636873245239258,-0.14296388626098633,0.8046472072601318
1790266838105566500,6.98956640625,-0.6495580673217773,-0.15875720977783203,1.1605639457702637
1790266838115566600,6.999566650390625,-0.9026107788085938,-0.4414663314819336,1.4846084117889404
1790266838125566500,7.00956640625,-0.7721076011657715,-0.8047332763671875,1.665179967880249
1790266838135566600,7.019566650390625,-0.6425747871398926,-1.0623788833618164,1.7145051956176758
1790266838145566500,7.02956640625,-0.824793815612793,-1.2072434425354004,1.7228777408599854
1790266838155566600,7.039566650390625,-1.1238503456115723,-1.2895488739013672,1.7586772441864014
1790266838165566500,7.04956640625,-1.107740879058838,-1.3484578132629395,1.8923907279968262
1790266838175566600,7.059566650390625,-0.6496062278747559,-1.3347105979919434,1.9815740585327148
1790266838185566500,7.06956640625,-0.32437944412231445,-1.1281495094299316,2.050971508026123
1790266838195566600,7.079566650390625,-0.37186574935913086,-0.7591586112976074,1.9651241302490234
1790266838205566500,7.08956640625,-0.6497383117675781,-0.38826894760131836,1.7801389694213867
1790266838215566600,7.099566650390625,-0.8743038177490234,-0.2996535301208496,1.589487075805664
1790266838225566500,7.10956640625,-0.78680419921875,-0.4753098487854004,1.4749906063079834
1790266838235566600,7.119566650390625,-0.20909357070922852,-0.7708945274353027,1.456725835800171
1790266838245566500,7.12956640625,0.45310068130493164,-0.8783345222473145,1.3799357414245605
1790266838255566600,7.139566650390625,0.7635602951049805,-0.8398585319519043,1.2010438442230225
1790266838265566500,7.14956640625,0.89788818359375,-0.7645182609558105,0.9461047649383545
1790266838275566600,7.159566650390625,0.9825916290283203,-0.719174861907959,0.8268632888793945
1790266838285566500,7.16956640625,1.0002198219299316,-0.7255353927612305,0.7286186218261719
1790266838295566600,7.179566650390625,1.0611209869384766,-0.7584152221679688,0.598200798034668
1790266838305566500,7.18956640625,1.0862836837768555,-0.6880455017089844,0.5514709949493408
1790266838315566600,7.199566650390625,0.7408790588378906,-0.6202011108398438,0.41844940185546875
1790266838325566500,7.20956640625,0.36812305450439453,-0.6655535697937012,0.12946367263793945
1790266838335566600,7.219566650390625,0.3126344680786133,-0.7110152244567871,-0.05258941650390625
1790266838345566500,7.22956640625,0.5273962020874023,-0.6265907287597656,-0.03317141532897949
1790266838355566600,7.239566650390625,0.9608521461486816,-0.4198312759399414,0.16041302680969238
1790266838365566500,7.24956640625,1.3129801750183105,-0.11009359359741211,0.1462562084197998
1790266838375566600,7.259566650390625,1.3161921501159668,0.12767434120178223,0.012846231460571289
1790266838385566500,7.26956640625,1.2546072006225586,0.09092831611633301,0.012438774108886719
1790266838395566600,7.279566650390625,1.182936191558838,-0.1481611728668213,-0.04826474189758301
1790266838405566500,7.28956640625,1.2673797607421875,-0.5064535140991211,-0.1898958683013916
1790266838415566600,7.299566650390625,1.3175396919250488,-0.7836546897888184,-0.12803983688354492
1790266838425566500,7.30956640625,1.220926284790039,-0.8648126125335693,0.04699277877807617
1790266838435566600,7.319566650390625,1.0743379592895508,-0.825493335723877,0.25832319259643555
1790266838445566500,7.32956640625,0.9880466461181641,-0.8900136947631836,0.3132514953613281
1790266838455566600,7.339566650390625,1.1605358123779297,-1.0366535186767578,0.27551770210266113
1790266838465566500,7.34956640625,1.7666311264038086,-1.2595717906951904,0.20638442039489746
1790266838475566600,7.359566650390625,2.2856502532958984,-1.3403027057647705,-0.06423020362854004
1790266838485566500,7.36956640625,1.6625556945800781,-1.356175184249878,-0.7218718528747559
1790266838495566600,7.379566650390625,1.3701448440551758,-1.8791959285736084,-1.49735689163208
1790266838505566500,7.38956640625,4.447908878326416,-2.764401912689209,-1.2657530307769775
1790266838515566600,7.399566650390625,7.378767013549805,-2.003237247467041,-0.655735969543457
1790266838525566500,7.40956640625,6.688992977142334,0.49431467056274414,-2.3587231636047363
1790266838535566600,7.419566650390625,4.78208065032959,2.6978983879089355,-3.7063560485839844
1790266838545566500,7.42956640625,3.842289924621582,2.7347512245178223,-3.1728806495666504
1790266838555566600,7.439566650390625,3.6170239448547363,1.814838171005249,-2.329127311706543
1790266838565566500,7.44956640625,2.412332534790039,1.4620320796966553,-3.452052593231201
1790266838575566600,7.459566650390625,1.7432193756103516,1.8845551013946533,-3.965087413787842
1790266838585566500,7.46956640625,1.0869855880737305,2.236057758331299,-2.818492889404297
1790266838595566600,7.479566650390625,0.28739261627197266,1.888641595840454,-1.4749488830566406
1790266838605566500,7.48956640625,-0.16698837280273438,0.892622709274292,-0.22467398643493652
1790266838615566600,7.499566650390625,-1.6382217407226562,-0.4344310760498047,1.1452014446258545
1790266838625566500,7.50956640625,-1.927870750427246,-1.4482905864715576,1.955798864364624
1790266838635566600,7.519566650390625,-2.230740547180176,-1.6791664361953735,2.1643009185791016
1790266838645566500,7.52956640625,-1.8855857849121094,-1.455007791519165,1.69281005859375
1790266838655566600,7.539566650390625,-0.9393720626831055,-1.1253143548965454,0.890465259552002
1790266838665566500,7.54956640625,-0.21653079986572266,-0.7704323530197144,-0.21361351013183594
1790266838675566600,7.559566650390625,0.5711164474487305,-0.1430683135986328,-1.1399478912353516
1790266838685566500,7.56956640625,0.9230537414550781,0.46854591369628906,-1.893182396888733
1790266838695566600,7.579566650390625,1.2490720748901367,0.9879589080810547,-2.029956340789795
1790266838705566500,7.58956640625,1.7338638305664062,1.3864938020706177,-1.7991056442260742
1790266838715566600,7.599566650390625,2.4390039443969727,1.7300479412078857,-1.7080808877944946
1790266838725566500,7.60956640625,2.67751407623291,2.059115409851074,-1.759280800819397
1790266838735566600,7.619566650390625,2.577821731567383,2.201660633087158,-1.7283860445022583
1790266838745566500,7.62956640625,2.1381750106811523,2.1298701763153076,-1.5612986087799072
1790266838755566600,7.639566650390625,2.656979560852051,1.8277101516723633,-1.2646971940994263
1790266838765566500,7.64956640625,3.27309513092041,1.38759446144104,-1.273021936416626
1790266838775566600,7.659566650390625,2.3719406127929688,0.9330657720565796,-1.362650752067566
1790266838785566500,7.66956640625,1.5614757537841797,0.44391822814941406,-1.1651599407196045
1790266838795566600,7.679566650390625,0.9394817352294922,0.08446097373962402,-0.8124635219573975
1790266838805566500,7.68956640625,0.51190185546875,-0.09950804710388184,-0.38677287101745605
1790266838815566600,7.699566650390625,0.4160594940185547,-0.21780800819396973,-0.16508030891418457
1790266838825566500,7.70956640625,0.6786041259765625,-0.2745795249938965,-0.12920165061950684
1790266838835566600,7.719566650390625,1.013479232788086,-0.2580599784851074,0.1274576187133789
1790266838845566500,7.72956640625,0.6463994979858398,-0.167999267578125,0.45720791816711426
1790266838855566600,7.739566650390625,0.2834339141845703,-0.07079672813415527,0.9135236740112305
1790266838865566500,7.74956640625,0.9517307281494141,-0.059683799743652344,1.1328237056732178
1790266838875566600,7.759566650390625,1.2777867317199707,-0.02984905242919922,0.9173591136932373
1790266838885566500,7.76956640625,1.061039924621582,0.02419114112854004,0.481428861618042
1790266838895566600,7.779566650390625,0.7718038558959961,0.12034082412719727,0.07065558433532715
1790266838905566500,7.78956640625,0.8220558166503906,0.3530280590057373,-0.21052932739257812
1790266838915566600,7.799566650390625,0.69647216796875,0.6998636722564697,-0.40579676628112793
1790266838925566500,7.80956640625,0.7196865081787109,1.0871801376342773,-0.26321840286254883
1790266838935566600,7.819566650390625,0.5395736694335938,1.3586392402648926,0.06868124008178711
1790266838945566500,7.82956640625,0.4586186408996582,1.3877887725830078,0.1776590347290039
1790266838955566600,7.839566650390625,0.6131620407104492,1.1558489799499512,0.14240789413452148
1790266838965566500,7.84956640625,0.9287905693054199,0.7222623825073242,0.08808755874633789
1790266838975566600,7.859566650390625,0.957298755645752,0.2565619945526123,-0.04150581359863281
1790266838985566500,7.86956640625,0.7028603553771973,-0.1853351593017578,-0.14809417724609375
1790266838995566600,7.879566650390625,0.5492086410522461,-0.5618038177490234,-0.25078535079956055
1790266839005566500,7.88956640625,0.4073314666748047,-0.7994213104248047,-0.39871668815612793
1790266839015566600,7.899566650390625,0.21054506301879883,-0.9172320365905762,-0.49113011360168457
1790266839025566500,7.90956640625,0.058660030364990234,-0.9357948303222656,-0.5936245918273926
1790266839035566600,7.919566650390625,0.1659073829650879,-0.8025140762329102,-0.723696231842041
1790266839045566500,7.92956640625,0.33593082427978516,-0.6423001289367676,-0.7983946800231934
1790266839055566600,7.939566650390625,0.2583613395690918,-0.45726442337036133,-0.7198700904846191
1790266839065566500,7.94956640625,-0.1647944450378418,-0.26007795333862305,-0.37728333473205566
1790266839075566600,7.959566650390625,-0.5833649635314941,-0.0797739028930664,0.028064727783203125
1790266839085566500,7.96956640625,-0.9009819030761719,0.02775096893310547,0.13796329498291016
1790266839095566600,7.979566650390625,-0.9890027046203613,0.006641387939453125,0.13082122802734375
1790266839105566500,7.98956640625,-0.7397637367248535,-0.12245702743530273,0.0674901008605957
1790266839115566600,7.999566650390625,-0.5215110778808594,-0.2847585678100586,-0.07674169540405273
1790266839125566500,8.00956640625,-0.40204572677612305,-0.45544862747192383,-0.07104635238647461
1790266839135566600,8.019566650390624,-0.6414890289306641,-0.6086740493774414,0.09970426559448242
1790266839145566500,8.02956640625,-0.8878364562988281,-0.7902007102966309,0.4121546745300293
1790266839155566600,8.039566650390626,-0.9237098693847656,-1.0991978645324707,0.683713436126709
1790266839165566500,8.04956640625,-1.0857434272766113,-1.4382514953613281,0.748960018157959
1790266839175566600,8.059566650390625,-1.1328353881835938,-1.7209296226501465,0.5765113830566406
1790266839185566500,8.06956640625,-1.0121979713439941,-1.8099770545959473,0.4651947021484375
1790266839195566600,8.079566650390625,-1.0423569679260254,-1.7107343673706055,0.4453420639038086
1790266839205566500,8.08956640625,-0.9469270706176758,-1.4321599006652832,0.5707311630249023
1790266839215566600,8.099566650390624,-1.0301666259765625,-1.0778799057006836,0.4797396659851074
1790266839225566500,8.10956640625,-1.0480403900146484,-0.6763248443603516,0.26009607315063477
1790266839235566600,8.119566650390626,-0.9516921043395996,-0.3352375030517578,0.1902143955230713
1790266839245566500,8.12956640625,-0.9406681060791016,-0.046090126037597656,0.29585957527160645
1790266839255566600,8.139566650390625,-0.9903779029846191,0.12060308456420898,0.4021439552307129
1790266839265566500,8.14956640625,-1.0994091033935547,0.06966781616210938,0.6098103523254395
1790266839275566600,8.159566650390625,-0.9129810333251953,-0.15082550048828125,0.8117945194244385
1790266839285566500,8.16956640625,-0.8890719413757324,-0.41242408752441406,0.8271918296813965
1790266839295566600,8.179566650390624,-0.8959856033325195,-0.675288200378418,0.7809967994689941
1790266839305566500,8.18956640625,-0.8388309478759766,-0.9123945236206055,0.6291930675506592
1790266839315566600,8.199566650390626,-0.9799036979675293,-1.059967041015625,0.5738904476165771
1790266839325566500,8.20956640625,-1.1913447380065918,-1.1187973022460938,0.6564629077911377
1790266839335566600,8.219566650390625,-1.2060766220092773,-1.1046476364135742,0.8570523262023926
1790266839345566500,8.22956640625,-0.611760139465332,-0.9591784477233887,1.087045669555664
1790266839355566600,8.239566650390625,-0.06000566482543945,-0.6781501770019531,1.073763132095337
1790266839365566500,8.24956640625,0.10536766052246094,-0.3334975242614746,0.9097175598144531
1790266839375566600,8.259566650390624,0.013104438781738281,0.0005955696105957031,0.650043249130249
1790266839385566500,8.26956640625,-0.22341489791870117,0.30951786041259766,0.3175215721130371
1790266839395566600,8.279566650390626,-0.41418981552124023,0.5435776710510254,-0.07193851470947266
1790266839405566500,8.28956640625,-0.49910974502563477,0.614997386932373,-0.4425373077392578
1790266839415566600,8.299566650390625,-0.7425384521484375,0.432037353515625,-0.6968421936035156
1790266839425566500,8.30956640625,-1.2959504127502441,-0.1380290985107422,-0.9563560485839844
1790266839435566600,8.319566650390625,-1.3133506774902344,-1.0483922958374023,-0.7919156551361084
1790266839445566500,8.32956640625,-1.0233535766601562,-1.8912324905395508,-0.3314504623413086
1790266839455566600,8.339566650390625,-0.8566374778747559,-2.341866970062256,-0.06325149536132812
1790266839465566500,8.34956640625,-0.7725100517272949,-2.2140703201293945,0.01659226417541504
1790266839475566600,8.359566650390626,-0.6491522789001465,-1.5631604194641113,-0.16477632522583008
1790266839485566500,8.36956640625,-0.5680427551269531,-0.6577482223510742,-0.3231089115142822
1790266839495566600,8.379566650390625,-0.5275344848632812,0.1821765899658203,-0.27538132667541504
1790266839505566500,8.38956640625,-0.5652327537536621,0.6944818496704102,-0.24773812294006348
1790266839515566600,8.399566650390625,-0.6270575523376465,0.8074564933776855,-0.26984405517578125
1790266839525566500,8.40956640625,-0.8428845405578613,0.4127683639526367,-0.1252596378326416
1790266839535566600,8.419566650390625,-1.0973410606384277,-0.2246990203857422,0.016883373260498047
1790266839545566500,8.42956640625,-1.1501178741455078,-0.9009509086608887,0.0359339714050293
1790266839555566600,8.439566650390624,-0.8701677322387695,-1.436589241027832,-0.07596778869628906
1790266839565566500,8.44956640625,-0.7753582000732422,-1.8304638862609863,-0.20676279067993164
1790266839575566600,8.459566650390625,-0.7254619598388672,-2.0882411003112793,-0.15888237953186035
1790266839585566500,8.46956640625,-0.7599477767944336,-2.0855674743652344,-0.01174783706665039
1790266839595566600,8.479566650390625,-0.5447201728820801,-1.8728647232055664,0.13975310325622559
1790266839605566500,8.48956640625,0.0014801025390625,-1.4168062210083008,0.21319079399108887
1790266839615566600,8.499566650390625,0.3779292106628418,-0.7705860137939453,0.11921548843383789
1790266839625566500,8.50956640625,0.33219051361083984,-0.10328388214111328,-0.07793879508972168
1790266839635566600,8.519566650390624,0.11671590805053711,0.40809154510498047,-0.26183652877807617
1790266839645566500,8.52956640625,-0.19354772567749023,0.718050479888916,-0.40137314796447754
1790266839655566600,8.539566650390626,-0.7539577484130859,0.7485966682434082,-0.4858582019805908
1790266839665566500,8.54956640625,-1.4640541076660156,0.38394641876220703,-0.3431253433227539
1790266839675566600,8.559566650390625,-2.056614875793457,-0.11297893524169922,-0.07262849807739258
1790266839685566500,8.56956640625,-2.249143123626709,-0.5437073707580566,0.38599324226379395
1790266839695566600,8.579566650390625,-2.1501121520996094,-0.7985577583312988,0.9188017845153809
1790266839705566500,8.58956640625,-1.7633757591247559,-0.9872879981994629,1.366469383239746
1790266839715566600,8.599566650390624,-0.8961653709411621,-1.0869970321655273,1.7650699615478516
1790266839725566500,8.60956640625,0.0397953987121582,-1.084643840789795,1.7834148406982422
1790266839735566600,8.619566650390626,0.49784183502197266,-0.9934506416320801,1.5978446006774902
1790266839745566500,8.62956640625,0.4778141975402832,-0.8141574859619141,1.2687935829162598
1790266839755566600,8.639566650390625,0.20561933517456055,-0.5365681648254395,0.9163289070129395
1790266839765566500,8.64956640625,0.10732555389404297,-0.29897069931030273,0.789088249206543
1790266839775566600,8.659566650390625,0.18766355514526367,-0.110626220703125,0.8195056915283203
1790266839785566500,8.66956640625,0.07402420043945312,-0.029972076416015625,0.9225559234619141
1790266839795566600,8.679566650390624,0.01617288589477539,-0.11696529388427734,1.0668048858642578
1790266839805566500,8.68956640625,0.13098478317260742,-0.22546052932739258,1.1887006759643555
1790266839815566600,8.699566650390626,0.42027950286865234,-0.2708263397216797,1.1945223808288574
1790266839825566500,8.70956640625,0.4888272285461426,-0.24361896514892578,1.0426740646362305
1790266839835566600,8.719566650390625,0.28994226455688477,-0.1657867431640625,0.9107623100280762
1790266839845566500,8.72956640625,0.30519723892211914,-0.006046772003173828,0.7333331108093262
1790266839855566600,8.739566650390625,0.5494308471679688,0.25278425216674805,0.5213017463684082
1790266839865566500,8.74956640625,0.6161398887634277,0.5261673927307129,0.20683908462524414
1790266839875566600,8.759566650390624,0.5208292007446289,0.6721467971801758,-0.1068120002746582
1790266839885566500,8.76956640625,0.44576501846313477,0.5735712051391602,-0.2708415985107422
1790266839895566600,8.779566650390626,0.549903392791748,0.3118138313293457,-0.37725210189819336
1790266839905566500,8.78956640625,0.42011404037475586,-0.008629322052001953,-0.5073587894439697
1790266839915566600,8.799566650390625,0.1305255889892578,-0.35574960708618164,-0.5052075386047363
1790266839925566500,8.80956640625,-0.07317352294921875,-0.6820178031921387,-0.39148616790771484
1790266839935566600,8.819566650390625,-0.17112445831298828,-0.9397854804992676,-0.13405084609985352
1790266839945566500,8.82956640625,-0.2671041488647461,-1.095090389251709,-0.004396200180053711
1790266839955566600,8.839566650390625,-0.4563126564025879,-1.1001172065734863,0.03606915473937988
1790266839965566500,8.84956640625,-0.7488312721252441,-0.8509650230407715,0.12322211265563965
1790266839975566600,8.859566650390626,-1.0964937210083008,-0.5028228759765625,0.15841436386108398
1790266839985566500,8.86956640625,-1.4231805801391602,-0.18782711029052734,0.2264692783355713
1790266839995566600,8.879566650390625,-1.4710273742675781,-0.0779275894165039,0.3376955986022949
1790266840005566500,8.88956640625,-1.0681171417236328,-0.05669736862182617,0.44904327392578125
1790266840015566600,8.899566650390625,-0.39885997772216797,-0.020282268524169922,0.503164529800415
1790266840025566500,8.90956640625,0.267117977142334,0.014241218566894531,0.5840442180633545
1790266840035566600,8.919566650390625,0.2885141372680664,0.11992931365966797,0.6505537033081055
1790266840045566500,8.92956640625,-0.1440110206604004,0.1004328727722168,0.6956324577331543
1790266840055566600,8.939566650390624,-0.549562931060791,-0.13501548767089844,0.6926281452178955
1790266840065566500,8.94956640625,-0.7037076950073242,-0.47980690002441406,0.6747639179229736
1790266840075566600,8.959566650390625,-0.3114948272705078,-0.8182520866394043,0.5767784118652344
1790266840085566500,8.96956640625,0.43825817108154297,-0.9586830139160156,0.27954530715942383
1790266840095566600,8.979566650390625,0.9177179336547852,-0.8459053039550781,0.012660026550292969
1790266840105566500,8.98956640625,1.0556740760803223,-0.582557201385498,-0.09976935386657715
1790266840115566600,8.999566650390625,0.9157085418701172,-0.37331342697143555,-0.1833937168121338
1790266840125566500,9.00956640625,0.6255416870117188,-0.3437013626098633,-0.29875802993774414
1790266840135566600,9.019566650390624,0.46681880950927734,-0.48497438430786133,-0.44385409355163574
1790266840145566500,9.02956640625,0.735621452331543,-0.6009607315063477,-0.4740293025970459
1790266840155566600,9.039566650390626,1.0651483535766602,-0.5375561714172363,-0.4101550579071045
1790266840165566500,9.04956640625,1.0179882049560547,-0.4516897201538086,-0.31954240798950195
1790266840175566600,9.059566650390625,0.7184553146362305,-0.36444926261901855,-0.3005537986755371
1790266840185566500,9.06956640625,0.21002197265625,-0.47374725341796875,-0.11001467704772949
1790266840195566600,9.079566650390625,-0.3520841598510742,-0.6157126426696777,0.0539250373840332
1790266840205566500,9.08956640625,-0.4000720977783203,-0.7004885673522949,0.09626340866088867
1790266840215566600,9.099566650390624,0.08795547485351562,-0.7211184501647949,-0.14652228355407715
1790266840225566500,9.10956640625,0.9584760665893555,-0.7578811645507812,-0.3460428714752197
1790266840235566600,9.119566650390626,1.6836977005004883,-0.7038564682006836,-0.4388711452484131
1790266840245566500,9.12956640625,1.8153419494628906,-0.485378623008728,-0.42983222007751465
1790266840255566600,9.139566650390625,1.4726462364196777,-0.21679270267486572,-0.594926118850708
1790266840265566500,9.14956640625,1.2838850021362305,-0.03523671627044678,-0.7688930034637451
1790266840275566600,9.159566650390625,1.2559890747070312,0.06631088256835938,-0.9407734870910645
1790266840285566500,9.16956640625,1.2290973663330078,0.26007819175720215,-1.2203309535980225
1790266840295566600,9.179566650390624,1.2431640625,0.6042461395263672,-1.2452034950256348
1790266840305566500,9.18956640625,0.9394330978393555,0.911922812461853,-1.1053436994552612
1790266840315566600,9.199566650390626,1.2400922775268555,0.9759076833724976,-1.014913558959961
1790266840325566500,9.20956640625,1.7147188186645508,0.7795646786689758,-0.8788678646087646
1790266840335566600,9.219566650390625,2.0302181243896484,0.30539679527282715,-0.8238844871520996
1790266840345566500,9.22956640625,2.031918525695801,-0.15524709224700928,-0.8472962379455566
1790266840355566600,9.239566650390625,1.9699583053588867,-0.2890549898147583,-1.0562047958374023
1790266840365566500,9.24956640625,1.9090638160705566,0.019734978675842285,-1.4752106666564941
1790266840375566600,9.259566650390624,1.731703758239746,0.5592536926269531,-1.9142911434173584
1790266840385566500,9.26956640625,1.665802001953125,0.9622260928153992,-2.0639724731445312
1790266840395566600,9.279566650390626,1.3455572128295898,1.1559770107269287,-2.008288621902466
1790266840405566500,9.28956640625,1.2044429779052734,1.2415810823440552,-1.5014781951904297
1790266840415566600,9.299566650390625,1.2019052505493164,1.014561653137207,-0.8551850318908691
1790266840425566500,9.30956640625,1.0802001953125,0.5689661502838135,0.04457902908325195
1790266840435566600,9.319566650390625,1.4336843490600586,0.13213789463043213,0.5426533222198486
1790266840445566500,9.32956640625,1.5356521606445312,-0.08712053298950195,0.4401214122772217
1790266840455566600,9.339566650390625,1.3446550369262695,-0.058190107345581055,0.18477797508239746
1790266840465566500,9.34956640625,1.5838775634765625,0.26032692193984985,-0.18503165245056152
1790266840475566600,9.359566650390626,1.7985777854919434,0.7604178190231323,-0.48975396156311035
1790266840485566500,9.36956640625,1.8679695129394531,1.0815420150756836,-0.6821568012237549
1790266840495566600,9.379566650390625,2.1130104064941406,1.259063482284546,-0.8035268783569336
1790266840505566500,9.38956640625,2.279635429382324,1.3549491167068481,-0.8510193824768066
1790266840515566600,9.399566650390625,2.456967830657959,1.3093959093093872,-0.7938084602355957
1790266840525566500,9.40956640625,2.4788293838500977,1.226351261138916,-0.744879961013794
1790266840535566600,9.419566650390625,2.4515933990478516,1.2514092922210693,-0.8682546615600586
1790266840545566500,9.42956640625,1.8431482315063477,1.2958744764328003,-1.140779733657837
1790266840555566600,9.439566650390624,1.4556198120117188,1.2970961332321167,-1.0941965579986572
1790266840565566500,9.44956640625,1.687150478363037,1.2425365447998047,-1.0185482501983643
1790266840575566600,9.459566650390625,2.308856964111328,1.1730574369430542,-0.861940860748291
1790266840585566500,9.46956640625,2.4663429260253906,1.1433922052383423,-0.8024551868438721
1790266840595566600,9.479566650390625,1.7694902420043945,1.0012478828430176,-0.6742985248565674
1790266840605566500,9.48956640625,0.9966201782226562,0.7438209056854248,-0.4483757019042969
1790266840615566600,9.499566650390625,1.009613037109375,0.374586820602417,-0.4505152702331543
1790266840625566500,9.50956640625,1.0661368370056152,-0.029554128646850586,-0.5663456916809082
1790266840635566600,9.519566650390624,0.714777946472168,-0.35160255432128906,-0.7038259506225586
1790266840645566500,9.52956640625,0.3246173858642578,-0.5489401817321777,-0.6973507404327393
1790266840655566600,9.539566650390626,-0.12692928314208984,-0.5712566375732422,-0.6249969005584717
1790266840665566500,9.54956640625,-0.3861265182495117,-0.4741401672363281,-0.5021078586578369
1790266840675566600,9.559566650390625,-0.2223072052001953,-0.3032255172729492,-0.3492577075958252
1790266840685566500,9.56956640625,0.4469609260559082,-0.13562989234924316,-0.3466043472290039
1790266840695566600,9.579566650390625,1.0173835754394531,-0.023977994918823242,-0.4049510955810547
1790266840705566500,9.58956640625,0.6089839935302734,-0.047310590744018555,-0.46559786796569824
1790266840715566600,9.599566650390624,0.5142574310302734,-0.16643095016479492,-0.3099026679992676
1790266840725566500,9.60956640625,0.7247257232666016,-0.33796191215515137,-0.312084436416626
1790266840735566600,9.619566650390626,0.8842563629150391,-0.49126100540161133,-0.3727531433105469
1790266840745566500,9.62956640625,0.47860097885131836,-0.5790953636169434,-0.4654526710510254
1790266840755566600,9.639566650390625,0.2584953308105469,-0.6320042610168457,-0.7456402778625488
1790266840765566500,9.64956640625,0.5681667327880859,-0.567997932434082,-0.9340686798095703
1790266840775566600,9.659566650390625,0.4383831024169922,-0.3626594543457031,-1.1703500747680664
1790266840785566500,9.66956640625,0.07221126556396484,-0.06305932998657227,-1.2820966243743896
1790266840795566600,9.679566650390624,-0.3740391731262207,0.27533674240112305,-1.2816047668457031
1790266840805566500,9.68956640625,-0.44028520584106445,0.5705361366271973,-1.1232123374938965
1790266840815566600,9.699566650390626,-0.41141223907470703,0.7953481674194336,-0.9476718902587891
1790266840825566500,9.70956640625,-0.5299906730651855,0.8062725067138672,-0.7491328716278076
1790266840835566600,9.719566650390625,-0.8997764587402344,0.6660099029541016,-0.598665714263916
1790266840845566500,9.72956640625,-1.2570915222167969,0.38454627990722656,-0.45983052253723145
1790266840855566600,9.739566650390625,-1.303421974182129,0.10434436798095703,-0.3785848617553711
1790266840865566500,9.74956640625,-1.450758457183838,-0.18276071548461914,-0.40179443359375
1790266840875566600,9.759566650390624,-1.3468399047851562,-0.4384880065917969,-0.33304262161254883
1790266840885566500,9.76956640625,-1.4628663063049316,-0.7161979675292969,-0.0693216323852539
1790266840895566600,9.779566650390626,-1.5542182922363281,-1.0985121726989746,0.2355785369873047
1790266840905566500,9.78956640625,-1.3637638092041016,-1.4536004066467285,0.47004175186157227
1790266840915566600,9.799566650390625,-1.3344306945800781,-1.7887630462646484,0.42638349533081055
1790266840925566500,9.80956640625,-1.4267253875732422,-2.1055335998535156,0.5061097145080566
1790266840935566600,9.819566650390625,-1.6236934661865234,-2.3692421913146973,0.6834731101989746
1790266840945566500,9.82956640625,-1.551950454711914,-2.5426902770996094,0.7765512466430664
1790266840955566600,9.839566650390625,-1.51206636428833,-2.607053756713867,0.7535223960876465
1790266840965566500,9.84956640625,-1.5080180168151855,-2.4404187202453613,0.7122268676757812
1790266840975566600,9.859566650390626,-1.3224115371704102,-2.076895236968994,0.7396745681762695
1790266840985566500,9.86956640625,-1.0920610427856445,-1.6768412590026855,0.8158464431762695
1790266840995566600,9.879566650390625,-0.9412240982055664,-1.3195347785949707,0.8329734802246094
1790266841005566500,9.88956640625,-1.1861214637756348,-1.0534181594848633,0.8168449401855469
1790266841015566600,9.899566650390625,-1.6596617698669434,-0.9486308097839355,0.7958159446716309
1790266841025566500,9.90956640625,-1.8527207374572754,-0.9104819297790527,0.833160400390625
1790266841035566600,9.919566650390625,-1.7154231071472168,-0.9066224098205566,0.8660523891448975
1790266841045566500,9.92956640625,-1.3712825775146484,-0.9362587928771973,0.9930179119110107
1790266841055566600,9.939566650390624,-1.0899152755737305,-0.9394855499267578,1.078352928161621
1790266841065566500,9.94956640625,-0.5476455688476562,-0.9176726341247559,1.080298900604248
1790266841075566600,9.959566650390625,0.07982206344604492,-0.7666893005371094,1.0270423889160156
1790266841085566500,9.96956640625,0.29284191131591797,-0.4089646339416504,0.8920462131500244
1790266841095566600,9.979566650390625,-0.11261415481567383,-0.0006260871887207031,0.7088229656219482
1790266841105566500,9.98956640625,-0.8022313117980957,0.27510595321655273,0.51664137840271
1790266841115566600,9.999566650390625,-1.1016440391540527,0.3672633171081543,0.3737945556640625
1790266841125566500,10.00956640625,-1.1164665222167969,0.2405071258544922,0.3551025390625
1790266841135566600,10.019566650390624,-0.9202098846435547,-0.03812456130981445,0.32518529891967773
1790266841145566500,10.02956640625,-0.5996637344360352,-0.3391761779785156,0.38395118713378906
1790266841155566600,10.039566650390626,-0.31830549240112305,-0.6049990653991699,0.4689595699310303
1790266841165566500,10.04956640625,-0.28053998947143555,-0.7991018295288086,0.3990180492401123
1790266841175566600,10.059566650390625,-0.5762691497802734,-0.9174232482910156,0.25377559661865234
1790266841185566500,10.06956640625,-0.905393123626709,-0.9517030715942383,0.13864612579345703
1790266841195566600,10.079566650390625,-0.9171862602233887,-1.0424699783325195,0.15921807289123535
1790266841205566500,10.08956640625,-0.6579771041870117,-1.0558104515075684,0.270355224609375
1790266841215566600,10.099566650390624,-0.5039410591125488,-0.9228849411010742,0.25685906410217285
1790266841225566500,10.10956640625,-0.4972071647644043,-0.6865391731262207,0.20139455795288086
1790266841235566600,10.119566650390626,-0.5020651817321777,-0.47360754013061523,0.11168456077575684
1790266841245566500,10.12956640625,-0.5151786804199219,-0.333132266998291,0.08771300315856934
1790266841255566600,10.139566650390625,-0.509089469909668,-0.3225679397583008,0.19517230987548828
1790266841265566500,10.14956640625,-0.5625863075256348,-0.4464902877807617,0.38857245445251465
1790266841275566600,10.159566650390625,-0.7579226493835449,-0.7207565307617188,0.5394284725189209
1790266841285566500,10.16956640625,-0.8729062080383301,-1.019505500793457,0.575063943862915
1790266841295566600,10.179566650390624,-0.8734831809997559,-1.2510919570922852,0.4887270927429199
1790266841305566500,10.18956640625,-0.7446498870849609,-1.3142900466918945,0.19125032424926758
1790266841315566600,10.199566650390626,-0.5924263000488281,-1.2236967086791992,-0.033942461013793945
1790266841325566500,10.20956640625,-0.44537830352783203,-0.9862833023071289,-0.11094379425048828
1790266841335566600,10.219566650390625,-0.13100528717041016,-0.5959739685058594,-0.0748131275177002
1790266841345566500,10.22956640625,0.19359683990478516,-0.20148754119873047,-0.020117521286010742
1790266841355566600,10.239566650390625,0.40682125091552734,0.10428237915039062,0.15554356575012207
1790266841365566500,10.24956640625,0.3976874351501465,0.28797197341918945,0.43662333488464355
1790266841375566600,10.259566650390624,0.29100704193115234,0.3634486198425293,0.6287775039672852
1790266841385566500,10.26956640625,0.26227426528930664,0.3555746078491211,0.6788992881774902
1790266841395566600,10.279566650390626,0.2751774787902832,0.29262495040893555,0.43834948539733887
1790266841405566500,10.28956640625,0.21316146850585938,0.24853086471557617,0.0244748592376709
1790266841415566600,10.299566650390625,0.013321876525878906,0.17905569076538086,-0.25887131690979004
1790266841425566500,10.30956640625,-0.2585153579711914,0.05184364318847656,-0.16991853713989258
1790266841435566600,10.319566650390625,-0.4507737159729004,-0.1822800636291504,0.2743091583251953
1790266841445566500,10.32956640625,-0.6514253616333008,-0.5060954093933105,1.0435447692871094
1790266841455566600,10.339566650390625,-0.8952541351318359,-0.847318172454834,1.8329145908355713
1790266841465566500,10.34956640625,-0.9640493392944336,-1.0208244323730469,2.3666999340057373
1790266841475566600,10.359566650390626,-0.792351245880127,-0.9981794357299805,2.460779905319214
1790266841485566500,10.36956640625,-0.45996856689453125,-0.7579731941223145,2.2241220474243164
1790266841495566600,10.379566650390625,-0.4053683280944824,-0.4327545166015625,1.8618528842926025
1790266841505566500,10.38956640625,-0.6466050148010254,-0.1453418731689453,1.5684971809387207
1790266841515566600,10.399566650390625,-0.8634042739868164,-0.03669929504394531,1.4168262481689453
1790266841525566500,10.40956640625,-0.7947139739990234,-0.09992122650146484,1.2200703620910645
1790266841535566600,10.419566650390625,-0.40197324752807617,-0.32110023498535156,0.9551358222961426
1790266841545566500,10.42956640625,0.08687305450439453,-0.5349879264831543,0.5934710502624512
1790266841555566600,10.439566650390624,0.4644918441772461,-0.6463260650634766,0.33443784713745117
1790266841565566500,10.44956640625,0.6706299781799316,-0.6273350715637207,0.26308584213256836
1790266841575566600,10.459566650390625,0.6388282775878906,-0.5762815475463867,0.27181243896484375
1790266841585566500,10.46956640625,0.4456629753112793,-0.598236083984375,0.2797427177429199
1790266841595566600,10.479566650390625,0.1654367446899414,-0.751070499420166,0.2330327033996582
1790266841605566500,10.48956640625,-0.025655269622802734,-0.9555511474609375,0.06714916229248047
1790266841615566600,10.499566650390625,-0.0998835563659668,-1.058661937713623,-0.19194555282592773
1790266841625566500,10.50956640625,-0.6128711700439453,-1.0266518592834473,-0.3716280460357666
1790266841635566600,10.519566650390624,-1.1827688217163086,-0.9185853004455566,-0.4173393249511719
1790266841645566500,10.52956640625,-1.3024630546569824,-0.7643775939941406,-0.2665672302246094
1790266841655566600,10.539566650390626,-0.9503383636474609,-0.6271176338195801,-0.042459964752197266
1790266841665566500,10.54956640625,-0.4167323112487793,-0.4034237861633301,0.1523141860961914
1790266841675566600,10.559566650390625,-0.210296630859375,-0.08735370635986328,0.2423567771911621
1790266841685566500,10.56956640625,-0.04657602310180664,0.1749277114868164,0.2741703987121582
1790266841695566600,10.579566650390625,0.24993228912353516,0.3005962371826172,0.30225658416748047
1790266841705566500,10.58956640625,0.4610886573791504,0.21610593795776367,0.2563896179199219
1790266841715566600,10.599566650390624,0.21555757522583008,0.007256507873535156,0.25793886184692383
1790266841725566500,10.60956640625,-0.24666547775268555,-0.3437347412109375,0.33698081970214844
1790266841735566600,10.619566650390626,-0.4484739303588867,-0.7245392799377441,0.4216461181640625
1790266841745566500,10.62956640625,-0.42572593688964844,-1.0099201202392578,0.5877480506896973
1790266841755566600,10.639566650390625,-0.23493289947509766,-1.0934934616088867,0.7803225517272949
1790266841765566500,10.64956640625,0.15008258819580078,-0.9658465385437012,0.7703008651733398
1790266841775566600,10.659566650390625,0.5987286567687988,-0.7335162162780762,0.5278887748718262
1790266841785566500,10.66956640625,0.7798552513122559,-0.4901304244995117,0.18154048919677734
1790266841795566600,10.679566650390624,0.7184610366821289,-0.2574005126953125,-0.10030794143676758
1790266841805566500,10.68956640625,0.25177860260009766,-0.13155603408813477,-0.40804553031921387
1790266841815566600,10.699566650390626,-0.3955259323120117,-0.1579737663269043,-0.719083309173584
1790266841825566500,10.70956640625,-0.6450424194335938,-0.32881975173950195,-0.8364963531494141
1790266841835566600,10.719566650390625,-0.35829639434814453,-0.5595471858978271,-0.7545754909515381
1790266841845566500,10.72956640625,-0.046329498291015625,-0.7275867462158203,-0.5066239833831787
1790266841855566600,10.739566650390625,0.30714988708496094,-0.8238606452941895,-0.16229534149169922
1790266841865566500,10.74956640625,0.8349208831787109,-0.8768341541290283,0.2262248992919922
1790266841875566600,10.759566650390624,1.1375627517700195,-0.9147970676422119,0.3493952751159668
1790266841885566500,10.76956640625,1.1378355026245117,-0.9873197078704834,0.12129020690917969
1790266841895566600,10.779566650390626,1.1554160118103027,-1.0647101402282715,-0.1231834888458252
1790266841905566500,10.78956640625,1.1147732734680176,-1.0236082077026367,-0.29378724098205566
1790266841915566600,10.799566650390625,1.1121129989624023,-0.7725780010223389,-0.38205432891845703
1790266841925566500,10.80956640625,1.4178948402404785,-0.37654685974121094,-0.4588134288787842
1790266841935566600,10.819566650390625,1.839123249053955,0.0001780986785888672,-0.4142286777496338
1790266841945566500,10.82956640625,1.6147165298461914,0.2573249340057373,-0.26842808723449707
1790266841955566600,10.839566650390625,1.5613117218017578,0.3254210948944092,-0.12405562400817871
1790266841965566500,10.84956640625,1.5404329299926758,0.2731996774673462,0.011378765106201172
1790266841975566600,10.859566650390626,0.7413005828857422,0.24332904815673828,0.29224467277526855
1790266841985566500,10.86956640625,0.5934715270996094,0.3075977563858032,0.4759204387664795
1790266841995566600,10.879566650390625,1.2574081420898438,0.4383237361907959,0.5394368171691895
1790266842005566500,10.88956640625,1.5063390731811523,0.43540191650390625,0.5054523944854736
1790266842015566600,10.899566650390625,1.5854692459106445,0.1766653060913086,0.20096230506896973
1790266842025566500,10.90956640625,1.610863208770752,-0.14861750602722168,-0.374009370803833
1790266842035566600,10.919566650390625,1.4219589233398438,-0.42406296730041504,-0.8956046104431152
1790266842045566500,10.92956640625,1.5479803085327148,-0.5198869705200195,-1.3472144603729248
1790266842055566600,10.939566650390624,1.6525726318359375,-0.2017993927001953,-1.6178046464920044
1790266842065566500,10.94956640625,1.4986743927001953,0.45644611120224,-1.895979881286621
1790266842075566600,10.959566650390625,1.5994043350219727,0.8917576670646667,-2.0227746963500977
1790266842085566500,10.96956640625,1.3827924728393555,0.8437513113021851,-1.8249332904815674
1790266842095566600,10.979566650390625,1.6873903274536133,0.5948744416236877,-1.4134714603424072
1790266842105566500,10.98956640625,2.1840085983276367,0.24715054035186768,-1.172964096069336
1790266842115566600,10.999566650390625,2.300009250640869,0.10303854942321777,-1.27195405960083
1790266842125566500,11.00956640625,1.8516268730163574,0.16616284847259521,-1.5667871236801147
1790266842135566600,11.019566650390624,2.1195855140686035,0.3955390751361847,-1.6624138355255127
1790266842145566500,11.02956640625,2.0495309829711914,0.641155481338501,-1.4110990762710571
1790266842155566600,11.039566650390626,1.6063799858093262,0.657055139541626,-1.0630669593811035
1790266842165566500,11.04956640625,1.3170528411865234,0.6317261457443237,-0.8949942588806152
1790266842175566600,11.059566650390625,1.3253002166748047,0.7922607660293579,-0.8785889148712158
1790266842185566500,11.06956640625,1.456627368927002,1.0485502481460571,-0.7199411392211914
1790266842195566600,11.079566650390625,1.4208621978759766,1.1729258298873901,-0.5335931777954102
1790266842205566500,11.08956640625,1.5737109184265137,1.2710109949111938,-0.7074356079101562
1790266842215566600,11.099566650390624,2.0035505294799805,1.168660283088684,-0.7093398571014404
1790266842225566500,11.10956640625,2.1404848098754883,0.8978362679481506,-0.7164864540100098
1790266842235566600,11.119566650390626,2.2047085762023926,0.5497532486915588,-0.5608234405517578
1790266842245566500,11.12956640625,1.9657225608825684,0.2598228454589844,-0.72603440284729
1790266842255566600,11.139566650390625,2.2793149948120117,0.11160993576049805,-0.8984277248382568
1790266842265566500,11.14956640625,2.5720415115356445,0.3012961149215698,-1.198106288909912
1790266842275566600,11.159566650390625,1.9105052947998047,0.7489156723022461,-1.3547918796539307
1790266842285566500,11.16956640625,1.5244598388671875,1.2906851768493652,-1.1931424140930176
1790266842295566600,11.179566650390624,1.3104429244995117,1.7317748069763184,-1.043710708618164
1790266842305566500,11.18956640625,0.9427089691162109,1.9014108180999756,-0.854374885559082
1790266842315566600,11.199566650390626,1.0467910766601562,1.7351151704788208,-0.6103811264038086
1790266842325566500,11.20956640625,1.3752622604370117,1.3398971557617188,-0.5098669528961182
1790266842335566600,11.219566650390625,1.4722957611083984,0.8226132392883301,-0.5150458812713623
1790266842345566500,11.22956640625,1.4266338348388672,0.3243074417114258,-0.5446102619171143
1790266842355566600,11.239566650390625,0.8224358558654785,-0.12680578231811523,-0.7028834819793701
1790266842365566500,11.24956640625,0.3117351531982422,-0.41381335258483887,-0.5787758827209473
1790266842375566600,11.259566650390624,0.29716014862060547,-0.5604476928710938,-0.6298296451568604
1790266842385566500,11.26956640625,0.040465354919433594,-0.6159696578979492,-0.9068632125854492
1790266842395566600,11.279566650390626,0.09062480926513672,-0.5867321491241455,-1.100006341934204
1790266842405566500,11.28956640625,0.48589277267456055,-0.46264219284057617,-1.120129108428955
1790266842415566600,11.299566650390625,0.421236515045166,-0.3443019390106201,-1.1781907081604004
1790266842425566500,11.30956640625,0.09623527526855469,-0.2941257953643799,-0.9643130302429199
1790266842435566600,11.319566650390625,-0.1689438819885254,-0.34564685821533203,-0.5203046798706055
1790266842445566500,11.32956640625,-0.38507747650146484,-0.5038080215454102,-0.04754829406738281
1790266842455566600,11.339566650390625,-0.2794027328491211,-0.7758927345275879,0.261777400970459
1790266842465566500,11.34956640625,0.26789331436157227,-1.0214767456054688,0.37981462478637695
1790266842475566600,11.359566650390626,0.5994601249694824,-1.1432747840881348,0.21396493911743164
1790266842485566500,11.36956640625,0.8499770164489746,-1.0868377685546875,-0.15839004516601562
1790266842495566600,11.379566650390625,0.5824942588806152,-0.8847751617431641,-0.37058591842651367
1790266842505566500,11.38956640625,0.47263622283935547,-0.5408940315246582,-0.5066657066345215
1790266842515566600,11.399566650390625,0.4690713882446289,-0.14646196365356445,-0.6358027458190918
1790266842525566500,11.40956640625,0.1819148063659668,0.1417088508605957,-0.7545490264892578
1790266842535566600,11.419566650390625,-0.039414405822753906,0.29515552520751953,-0.8332223892211914
1790266842545566500,11.42956640625,-0.25545215606689453,0.39600706100463867,-0.7867081165313721
1790266842555566600,11.439566650390624,-0.35542964935302734,0.37927770614624023,-0.6102495193481445
1790266842565566500,11.44956640625,-0.6818737983703613,0.3202085494995117,-0.4168062210083008
1790266842575566600,11.459566650390625,-1.3939027786254883,0.17900705337524414,-0.39841318130493164
1790266842585566500,11.46956640625,-1.7853713035583496,-0.0610198974609375,-0.45784521102905273
1790266842595566600,11.479566650390625,-2.035064697265625,-0.4414496421813965,-0.3401470184326172
1790266842605566500,11.48956640625,-1.9767861366271973,-0.9831252098083496,-0.007428169250488281
1790266842615566600,11.499566650390625,-1.7143645286560059,-1.5863957405090332,0.41395139694213867
1790266842625566500,11.50956640625,-1.7447280883789062,-2.172098159790039,0.752960205078125
1790266842635566600,11.519566650390624,-1.6546874046325684,-2.4824843406677246,0.8441348075866699
1790266842645566500,11.52956640625,-1.0962438583374023,-2.3938608169555664,0.7775897979736328
1790266842655566600,11.539566650390626,-0.840721607208252,-1.8811421394348145,0.5012545585632324
1790266842665566500,11.54956640625,-1.2073049545288086,-1.1540555953979492,0.11989307403564453
1790266842675566600,11.559566650390625,-1.7746286392211914,-0.5018243789672852,-0.025911331176757812
1790266842685566500,11.56956640625,-2.0696263313293457,-0.05996417999267578,0.12129449844360352
1790266842695566600,11.579566650390625,-2.038503646850586,0.07596969604492188,0.3053765296936035
1790266842705566500,11.58956640625,-1.5047087669372559,-0.1307821273803711,0.5796680450439453
1790266842715566600,11.599566650390624,-0.9765810966491699,-0.5255255699157715,0.9613180160522461
1790266842725566500,11.60956640625,-0.8191432952880859,-0.9058094024658203,1.3605399131774902
1790266842735566600,11.619566650390626,-0.7797446250915527,-1.2081189155578613,1.7014186382293701
1790266842745566500,11.62956640625,-0.5952610969543457,-1.3816032409667969,1.9591271877288818
1790266842755566600,11.639566650390625,-0.4485764503479004,-1.3295989036560059,2.086858034133911
1790266842765566500,11.64956640625,-0.5469179153442383,-0.9671287536621094,1.9331920146942139
1790266842775566600,11.659566650390625,-0.7123565673828125,-0.5055727958679199,1.697159767150879
1790266842785566500,11.66956640625,-0.8503308296203613,-0.16112756729125977,1.4681987762451172
1790266842795566600,11.679566650390624,-0.6889796257019043,-0.008074760437011719,1.2215440273284912
1790266842805566500,11.68956640625,-0.3229551315307617,-0.08646821975708008,1.0067265033721924
1790266842815566600,11.699566650390626,-0.28955650329589844,-0.23370647430419922,0.7287919521331787
1790266842825566500,11.70956640625,-0.490293025970459,-0.35001468658447266,0.36391639709472656
1790266842835566600,11.719566650390625,-0.5709071159362793,-0.40590906143188477,0.07792282104492188
1790266842845566500,11.72956640625,-0.4592885971069336,-0.4233055114746094,-0.09950542449951172
1790266842855566600,11.739566650390625,-0.5031733512878418,-0.4799680709838867,-0.24026775360107422
1790266842865566500,11.74956640625,-0.6844363212585449,-0.6334614753723145,-0.379300594329834
1790266842875566600,11.759566650390624,-0.894615650177002,-1.0052189826965332,-0.47351789474487305
1790266842885566500,11.76956640625,-1.203209400177002,-1.497382640838623,-0.49266767501831055
1790266842895566600,11.779566650390626,-1.6046838760375977,-1.9685778617858887,-0.35913896560668945
1790266842905566500,11.78956640625,-1.7548813819885254,-2.3896727561950684,0.02665543556213379
1790266842915566600,11.799566650390625,-1.5035324096679688,-2.6671323776245117,0.3175346851348877
1790266842925566500,11.80956640625,-1.0900487899780273,-2.5914149284362793,0.40813708305358887
1790266842935566600,11.819566650390625,-0.8170251846313477,-2.108307361602783,0.2519059181213379
1790266842945566500,11.82956640625,-0.6529150009155273,-1.3129844665527344,-0.011976957321166992
1790266842955566600,11.839566650390625,-0.40001344680786133,-0.4977431297302246,-0.2472391128540039
1790266842965566500,11.84956640625,-0.13574647903442383,0.1297287940979004,-0.30895161628723145
1790266842975566600,11.859566650390626,0.15515947341918945,0.48395490646362305,-0.14461326599121094
1790266842985566500,11.86956640625,0.40806055068969727,0.5104098320007324,0.14451384544372559
1790266842995566600,11.879566650390625,0.7002601623535156,0.3813967704772949,0.3338134288787842
1790266843005566500,11.88956640625,0.8062376976013184,0.1671452522277832,0.49280571937561035
1790266843015566600,11.899566650390625,0.7702603340148926,-0.17827939987182617,0.7385976314544678
1790266843025566500,11.90956640625,0.671208381652832,-0.5008349418640137,0.9797103404998779
1790266843035566600,11.919566650390625,0.5317506790161133,-0.7064070701599121,1.2883408069610596
1790266843045566500,11.92956640625,0.45099449157714844,-0.7560262680053711,1.7398035526275635
1790266843055566600,11.939566650390624,0.4490194320678711,-0.643531322479248,2.2891159057617188
1790266843065566500,11.94956640625,0.5228347778320312,-0.5322074890136719,2.6180386543273926
1790266843075566600,11.959566650390625,0.5730495452880859,-0.29743289947509766,2.6623878479003906
1790266843085566500,11.96956640625,0.4877810478210449,-0.07279348373413086,2.1645889282226562
1790266843095566600,11.979566650390625,0.29824256896972656,0.18382835388183594,1.269519329071045
1790266843105566500,11.98956640625,0.16910982131958008,0.40230321884155273,0.32212066650390625
1790266843115566600,11.999566650390625,-0.1321721076965332,0.6067371368408203,-0.36883974075317383
1790266843125566500,12.00956640625,-0.7255468368530273,0.7589836120605469,-0.8345887660980225
1790266843135566600,12.019566650390624,-1.086928367614746,0.697901725769043,-0.8599929809570312
1790266843145566500,12.02956640625,-1.4467921257019043,0.35335731506347656,-0.4267578125
1790266843155566600,12.039566650390626,-1.6835832595825195,-0.21923160552978516,-0.045751094818115234
1790266843165566500,12.04956640625,-1.7041778564453125,-0.9082040786743164,-0.08553409576416016
1790266843175566600,12.059566650390625,-1.3506226539611816,-1.4798526763916016,-0.5991830825805664
1790266843185566500,12.06956640625,-0.9366827011108398,-1.6714262962341309,-1.0535430908203125
1790266843195566600,12.079566650390625,-0.9293146133422852,-1.477308750152588,-1.210123062133789
1790266843205566500,12.08956640625,-1.092175006866455,-1.0233087539672852,-1.019211769104004
1790266843215566600,12.099566650390624,-1.175361156463623,-0.6871070861816406,-0.4547233581542969
1790266843225566500,12.10956640625,-1.374915599822998,-0.7294454574584961,0.43332672119140625
1790266843235566600,12.119566650390626,-1.539924144744873,-1.1329154968261719,1.1927809715270996
1790266843245566500,12.12956640625,-0.969815731048584,-1.6983108520507812,1.5270781517028809
1790266843255566600,12.139566650390625,0.47472381591796875,-2.098824977874756,1.1776976585388184
1790266843265566500,12.14956640625,1.4682703018188477,-1.981626033782959,0.5594525337219238
1790266843275566600,12.159566650390625,1.120837688446045,-1.412111759185791,-0.01853466033935547
1790266843285566500,12.16956640625,-0.24767112731933594,-0.7681536674499512,0.06107664108276367
1790266843295566600,12.179566650390624,-1.5821261405944824,-0.4542226791381836,0.7886123657226562
1790266843305566500,12.18956640625,-1.6817727088928223,-0.5042171478271484,1.5828776359558105
1790266843315566600,12.199566650390626,-0.662935733795166,-0.5874371528625488,1.8215370178222656
1790266843325566500,12.20956640625,0.18517541885375977,-0.43742847442626953,1.6072425842285156
1790266843335566600,12.219566650390625,0.19833993911743164,-0.18717193603515625,1.206282138824463
1790266843345566500,12.22956640625,-0.30567455291748047,0.03336620330810547,0.8999638557434082
1790266843355566600,12.239566650390625,-0.787966251373291,0.09439229965209961,0.934361457824707
1790266843365566500,12.24956640625,-0.6910715103149414,-0.009943962097167969,0.8985805511474609
1790266843375566600,12.259566650390624,0.12472915649414062,-0.49198102951049805,0.5818772315979004
1790266843385566500,12.26956640625,0.30837583541870117,0.5163335800170898,0.014444828033447266
1790266843395566600,12.279566650390626,0.6911683082580566,0.5651226043701172,-0.1886739730834961
1790266843405566500,12.28956640625,0.9011974334716797,0.7780680656433105,-0.031290531158447266
1790266843415566600,12.299566650390625,0.5094928741455078,0.9575142860412598,0.15834712982177734
1790266843425566500,12.30956640625,0.5974559783935547,0.8605914115905762,0.24246692657470703
1790266843435566600,12.319566650390625,0.08793401718139648,0.6124367713928223,0.37592411041259766
1790266843445566500,12.32956640625,-1.3295822143554688,0.33515405654907227,0.7061762809753418
1790266843455566600,12.339566650390625,-2.5579118728637695,-0.24636125564575195,1.2510757446289062
1790266843465566500,12.34956640625,-1.8057518005371094,-1.1946206092834473,1.5725412368774414
1790266843475566600,12.359566650390626,0.7399539947509766,-1.9638056755065918,1.3448333740234375
1790266843485566500,12.36956640625,2.3622918128967285,-2.03200626373291,0.9679956436157227
1790266843495566600,12.379566650390625,1.883676528930664,-1.3222081661224365,0.9909517765045166
1790266843505566500,12.38956640625,0.7678117752075195,-0.555619478225708,0.651012659072876
1790266843515566600,12.399566650390625,-0.0958404541015625,-0.3082594871520996,0.33591604232788086
1790266843525566500,12.40956640625,-0.40448856353759766,-0.352858304977417,0.28280019760131836
1790266843535566600,12.419566650390625,0.06130790710449219,-0.45036840438842773,0.4180915355682373
1790266843545566500,12.42956640625,1.0727767944335938,-0.5024237632751465,0.6132943630218506
1790266843555566600,12.439566650390624,1.8014955520629883,-0.41239070892333984,0.4505915641784668
1790266843565566500,12.44956640625,1.8061814308166504,-0.2782914638519287,0.0358891487121582
1790266843575566600,12.459566650390625,1.0713930130004883,-0.2939615249633789,-0.27009105682373047
1790266843585566500,12.46956640625,0.5498981475830078,-0.614910364151001,-0.5025451183319092
1790266843595566600,12.479566650390625,0.8664789199829102,-0.9903132915496826,-0.7082991600036621
1790266843605566500,12.48956640625,1.944392204284668,-1.0942590236663818,-0.7320334911346436
1790266843615566600,12.499566650390625,2.7232789993286133,-0.7628309726715088,-0.5439748764038086
1790266843625566500,12.50956640625,2.6726746559143066,-0.27157092094421387,-0.3148014545440674
1790266843635566600,12.519566650390624,2.333486557006836,-0.16170728206634521,-0.0501861572265625
1790266843645566500,12.52956640625,1.662461280822754,-0.6077022552490234,0.07947707176208496
1790266843655566600,12.539566650390626,1.2101202011108398,-1.2362812757492065,-0.2454831600189209
1790266843665566500,12.54956640625,1.009195327758789,-1.441394567489624,-0.9447624683380127
1790266843675566600,12.559566650390625,1.539088249206543,-0.699325442314148,-1.3594975471496582
1790266843685566500,12.56956640625,1.6077709197998047,0.42613208293914795,-1.1433470249176025
1790266843695566600,12.579566650390625,0.853973388671875,1.2954299449920654,-1.0143046379089355
1790266843705566500,12.58956640625,0.37882328033447266,1.391616940498352,-0.7211639881134033
1790266843715566600,12.599566650390624,0.701512336730957,0.5413291454315186,-0.09198737144470215
1790266843725566500,12.60956640625,1.4226799011230469,-0.7435427904129028,0.3889176845550537
1790266843735566600,12.619566650390626,1.919173240661621,-1.6511950492858887,0.3607189655303955
1790266843745566500,12.62956640625,1.4942398071289062,-1.7633419036865234,0.22465300559997559
1790266843755566600,12.639566650390625,1.0921649932861328,-1.4810978174209595,-0.06222128868103027
1790266843765566500,12.64956640625,1.5193467140197754,-1.3821368217468262,-0.9973709583282471
1790266843775566600,12.659566650390625,1.270583152770996,-1.2087421417236328,-1.361892819404602
1790266843785566500,12.66956640625,2.0759992599487305,-0.8208907246589661,-1.017573595046997
1790266843795566600,12.679566650390624,3.2608728408813477,0.1497071385383606,-0.8185455799102783
1790266843805566500,12.68956640625,3.909553050994873,1.749990463256836,-1.3194169998168945
1790266843815566600,12.699566650390626,4.66258430480957,3.2162113189697266,-1.5720500946044922
1790266843825566500,12.70956640625,4.505509376525879,3.913564682006836,-1.636026382446289
1790266843835566600,12.719566650390625,2.9696903228759766,3.585573673248291,-1.2213146686553955
1790266843845566500,12.72956640625,1.6240625381469727,2.42657470703125,-0.6639049053192139
1790266843855566600,12.739566650390625,1.5942611694335938,0.9733121991157532,-1.0545358657836914
1790266843865566500,12.74956640625,2.0079212188720703,0.0437091588973999,-1.3587641716003418
1790266843875566600,12.759566650390624,2.116471767425537,-0.34238243103027344,-1.4137572050094604
1790266843885566500,12.76956640625,1.7877135276794434,-0.3379582166671753,-1.2607147693634033
1790266843895566600,12.779566650390626,1.2201728820800781,-0.027970433235168457,-0.7207760810852051
1790266843905566500,12.78956640625,0.32422351837158203,0.26979053020477295,-0.2526226043701172
1790266843915566600,12.799566650390625,0.5148105621337891,0.40566539764404297,0.2187943458557129
1790266843925566500,12.80956640625,1.277024269104004,0.40562164783477783,0.24078059196472168
1790266843935566600,12.819566650390625,1.6515731811523438,0.3934730291366577,-0.2478032112121582
1790266843945566500,12.82956640625,1.995438575744629,0.47162926197052,-0.7615342140197754
1790266843955566600,12.839566650390625,2.0838003158569336,0.5514603853225708,-0.7217617034912109
1790266843965566500,12.84956640625,1.8111133575439453,0.5537921190261841,-0.5557339191436768
1790266843975566600,12.859566650390626,1.1381306648254395,0.47243165969848633,-0.43180084228515625
1790266843985566500,12.86956640625,0.8432931900024414,0.3746300935745239,-0.30759239196777344
1790266843995566600,12.879566650390625,1.068166732788086,0.2637348175048828,-0.2387256622314453
1790266844005566500,12.88956640625,2.0257773399353027,0.18058443069458008,-0.2983131408691406
1790266844015566600,12.899566650390625,2.3521499633789062,0.1367805004119873,-0.5420436859130859
1790266844025566500,12.90956640625,2.275880813598633,0.10454487800598145,-0.4848308563232422
1790266844035566600,12.919566650390625,2.315220832824707,0.08048462867736816,-0.25988101959228516
1790266844045566500,12.92956640625,2.334054946899414,-0.025370121002197266,-0.10597848892211914
1790266844055566600,12.939566650390624,2.030256748199463,-0.1708080768585205,-0.20145082473754883
1790266844065566500,12.94956640625,1.1930155754089355,-0.3604450225830078,-0.5926179885864258
1790266844075566600,12.959566650390625,0.3176450729370117,-0.4250357151031494,-0.9549403190612793
1790266844085566500,12.96956640625,0.07418012619018555,-0.28345465660095215,-1.3016715049743652
1790266844095566600,12.979566650390625,0.5985770225524902,0.07386136054992676,-1.4589769840240479
1790266844105566500,12.98956640625,0.7101120948791504,0.5347657203674316,-1.6564202308654785
1790266844115566600,12.999566650390625,0.22139739990234375,0.9132437705993652,-1.702054500579834
1790266844125566500,13.00956640625,-0.15323877334594727,1.0845556259155273,-1.6369476318359375
1790266844135566600,13.019566650390624,-0.4230766296386719,0.963137149810791,-1.5684585571289062
1790266844145566500,13.02956640625,-0.30275821685791016,0.6648640632629395,-1.4259428977966309
1790266844155566600,13.039566650390626,0.015720367431640625,0.2296900749206543,-1.2225282192230225
1790266844165566500,13.04956640625,0.20498132705688477,-0.30811548233032227,-1.079857349395752
1790266844175566600,13.059566650390625,-0.22620391845703125,-0.9718160629272461,-0.9240100383758545
1790266844185566500,13.06956640625,-0.5168442726135254,-1.6706929206848145,-0.725034236907959
1790266844195566600,13.079566650390625,-0.4437570571899414,-2.268120288848877,-0.41669178009033203
1790266844205566500,13.08956640625,-0.48186397552490234,-2.732788562774658,-0.36794471740722656
1790266844215566600,13.099566650390624,-0.22692441940307617,-2.969600200653076,-0.39896249771118164
1790266844225566500,13.10956640625,-0.38066959381103516,-2.904536247253418,-0.3347959518432617
1790266844235566600,13.119566650390626,-0.45234012603759766,-2.408806800842285,-0.289825439453125
1790266844245566500,13.12956640625,-0.09625864028930664,-1.5009026527404785,-0.20355749130249023
1790266844255566600,13.139566650390625,-0.2796211242675781,-0.570744514465332,-0.30180883407592773
1790266844265566500,13.14956640625,-0.5741791725158691,0.10739469528198242,-0.276273250579834
1790266844275566600,13.159566650390625,-1.0782222747802734,0.4539337158203125,-0.4457850456237793
1790266844285566500,13.16956640625,-1.948606014251709,0.4774489402770996,-0.6955728530883789
1790266844295566600,13.179566650390624,-2.2746634483337402,0.2734203338623047,-0.8018522262573242
1790266844305566500,13.18956640625,-1.8559770584106445,-0.2281208038330078,-0.6244735717773438
1790266844315566600,13.199566650390626,-1.4586114883422852,-0.8287129402160645,-0.4499537944793701
1790266844325566500,13.20956640625,-1.1313652992248535,-1.3820953369140625,-0.1474461555480957
1790266844335566600,13.219566650390625,-0.8852658271789551,-1.711287021636963,0.33377981185913086
1790266844345566500,13.22956640625,-0.899928092956543,-1.9747285842895508,0.7511346340179443
1790266844355566600,13.239566650390625,-0.9667825698852539,-2.000093936920166,0.9609537124633789
1790266844365566500,13.24956640625,-0.8548798561096191,-1.8262038230895996,1.1104300022125244
1790266844375566600,13.259566650390624,-0.7180638313293457,-1.5811877250671387,1.4480290412902832
1790266844385566500,13.26956640625,-0.8060016632080078,-1.2874155044555664,2.0509936809539795
1790266844395566600,13.279566650390626,-1.1132631301879883,-1.1497278213500977,2.752300500869751
1790266844405566500,13.28956640625,-1.648862600326538,-1.296116828918457,3.9161524772644043
1790266844415566600,13.299566650390625,-2.7273993492126465,-1.511429786682129,4.79432487487793
1790266844425566500,13.30956640625,-3.8107552528381348,-1.7947092056274414,5.33863639831543
1790266844435566600,13.319566650390625,-3.997823476791382,-2.2076826095581055,5.407229423522949
1790266844445566500,13.32956640625,-3.2976512908935547,-2.4991769790649414,5.0709757804870605
1790266844455566600,13.339566650390625,-2.429232597351074,-2.491103172302246,4.640724182128906
1790266844465566500,13.34956640625,-1.7054557800292969,-1.9368743896484375,4.210765838623047
1790266844475566600,13.359566650390626,-0.9631819725036621,-1.0988683700561523,3.3441224098205566
1790266844485566500,13.36956640625,-0.5811910629272461,-0.13971424102783203,2.0723915100097656
1790266844495566600,13.379566650390625,-0.5529043674468994,0.5779786109924316,0.8322591781616211
1790266844505566500,13.38956640625,-0.589853048324585,0.9993143081665039,-0.04661393165588379
1790266844515566600,13.399566650390625,-0.5459244251251221,0.9924354553222656,-0.4562969207763672
1790266844525566500,13.40956640625,-0.4835813045501709,0.5544586181640625,-0.7390344142913818
1790266844535566600,13.419566650390625,-0.7789485454559326,-0.1427021026611328,-0.9660422801971436
1790266844545566500,13.42956640625,-1.7280631065368652,-1.107874870300293,-1.1182506084442139
1790266844555566600,13.439566650390624,-1.9093363285064697,-2.167038917541504,-0.990290641784668
1790266844565566500,13.44956640625,-1.048879623413086,-2.8144874572753906,-0.7593283653259277
1790266844575566600,13.459566650390625,-0.13269996643066406,-2.6659440994262695,-0.452958345413208
1790266844585566500,13.46956640625,0.38483476638793945,-1.7276458740234375,-0.43703341484069824
1790266844595566600,13.479566650390625,0.8193297386169434,-0.5517177581787109,-0.6837620735168457
1790266844605566500,13.48956640625,1.006861686706543,0.32459068298339844,-0.6173117160797119
1790266844615566600,13.499566650390625,0.9955496788024902,0.7282924652099609,-0.26763248443603516
1790266844625566500,13.50956640625,1.0252246856689453,0.7153663635253906,-0.025870561599731445
1790266844635566600,13.519566650390624,0.8138082027435303,0.42910194396972656,0.2798914909362793
1790266844645566500,13.52956640625,0.46511220932006836,-0.132080078125,0.5703911781311035
1790266844655566600,13.539566650390626,0.08139801025390625,-0.8194694519042969,0.6104838848114014
1790266844665566500,13.54956640625,-0.29190587997436523,-1.4657115936279297,0.7115209102630615
1790266844675566600,13.559566650390625,-0.3325319290161133,-1.7953681945800781,0.8295509815216064
1790266844685566500,13.56956640625,-0.2584714889526367,-1.693267822265625,0.8714094161987305
1790266844695566600,13.579566650390625,-0.15305185317993164,-1.2475471496582031,0.957791805267334
1790266844705566500,13.58956640625,-0.05370283126831055,-0.7834110260009766,1.2063705921173096
1790266844715566600,13.599566650390624,0.32514238357543945,-0.2596611976623535,1.720630168914795
1790266844725566500,13.60956640625,0.7958974838256836,0.18002033233642578,2.24637508392334
1790266844735566600,13.619566650390626,1.29622483253479,0.4469790458679199,2.699965000152588
1790266844745566500,13.62956640625,1.7338852882385254,0.4981708526611328,2.971118688583374
1790266844755566600,13.639566650390625,2.014622688293457,0.4545106887817383,2.801405429840088
1790266844765566500,13.64956640625,1.8324737548828125,0.21294212341308594,2.3936450481414795
1790266844775566600,13.659566650390625,1.4755969047546387,-0.22617816925048828,1.6612951755523682
1790266844785566500,13.66956640625,1.0480337142944336,-0.6615262031555176,1.0529625415802002
1790266844795566600,13.679566650390624,0.6677336692810059,-1.0177221298217773,0.799623966217041
1790266844805566500,13.68956640625,0.6135134696960449,-1.0874834060668945,0.8467822074890137
1790266844815566600,13.699566650390626,0.8225750923156738,-0.8320245742797852,0.9833014011383057
1790266844825566500,13.70956640625,1.051231861114502,-0.37390851974487305,1.1416361331939697
1790266844835566600,13.719566650390625,1.284036636352539,0.13275527954101562,1.154129981994629
1790266844845566500,13.72956640625,1.1686511039733887,0.6184849739074707,1.0146698951721191
1790266844855566600,13.739566650390625,0.5594167709350586,0.9538578987121582,0.928208589553833
1790266844865566500,13.74956640625,-0.38100099563598633,0.853081226348877,0.9386777877807617
1790266844875566600,13.759566650390624,-0.9842753410339355,0.39727020263671875,0.8022310733795166
1790266844885566500,13.76956640625,-0.855461597442627,-0.2241983413696289,0.49135875701904297
1790266844895566600,13.779566650390626,-0.44257497787475586,-0.7600245475769043,0.0831446647644043
1790266844905566500,13.78956640625,-0.05167102813720703,-1.2171616554260254,-0.3459022045135498
1790266844915566600,13.799566650390625,0.07267618179321289,-1.513756275177002,-0.5503404140472412
1790266844925566500,13.80956640625,-0.04840421676635742,-1.527791976928711,-0.4883430004119873
1790266844935566600,13.819566650390625,-0.20159149169921875,-1.2115273475646973,-0.19811630249023438
1790266844945566500,13.82956640625,-0.15761375427246094,-0.8758482933044434,-0.05652904510498047
1790266844955566600,13.839566650390625,-0.20630359649658203,-0.7980055809020996,-0.10547924041748047
1790266844965566500,13.84956640625,-0.4406261444091797,-0.6969547271728516,-0.2075366973876953
1790266844975566600,13.859566650390626,-0.7002763748168945,-0.6376662254333496,-0.32253408432006836
1790266844985566500,13.86956640625,-0.8828091621398926,-0.6370735168457031,-0.4400453567504883
1790266844995566600,13.879566650390625,-0.9969296455383301,-0.6661639213562012,-0.5170068740844727
1790266845005566500,13.88956640625,-0.990086555480957,-0.696779727935791,-0.5019264221191406
1790266845015566600,13.899566650390625,-0.8561544418334961,-0.6837248802185059,-0.35735034942626953
1790266845025566500,13.90956640625,-0.677009105682373,-0.6346979141235352,-0.05210590362548828
1790266845035566600,13.919566650390625,-0.5918850898742676,-0.6181530952453613,0.3444666862487793
1790266845045566500,13.92956640625,-0.5895018577575684,-0.6962080001831055,0.7237582206726074
1790266845055566600,13.939566650390624,-0.5614862442016602,-0.8401913642883301,0.9882874488830566
1790266845065566500,13.94956640625,-0.5202631950378418,-1.0270843505859375,1.140523910522461
1790266845075566600,13.959566650390625,-0.5687322616577148,-1.20573091506958,1.1922025680541992
1790266845085566500,13.96956640625,-0.6755495071411133,-1.3681116104125977,1.1485066413879395
1790266845095566600,13.979566650390625,-0.759735107421875,-1.4990348815917969,1.0964131355285645
1790266845105566500,13.98956640625,-0.7733855247497559,-1.5772333145141602,1.01713228225708
1790266845115566600,13.999566650390625,-0.6432509422302246,-1.555382251739502,0.9040298461914062
1790266845125566500,14.00956640625,-0.27948760986328125,-1.398503303527832,0.7556490898132324
1790266845135566600,14.019566650390624,0.18660402297973633,-1.1326837539672852,0.616304874420166
1790266845145566500,14.02956640625,0.49096202850341797,-0.8111319541931152,0.5044307708740234
1790266845155566600,14.039566650390626,0.48632335662841797,-0.5418806076049805,0.3955366611480713
1790266845165566500,14.04956640625,0.38117027282714844,-0.4073939323425293,0.23133301734924316
1790266845175566600,14.059566650390625,0.39691972732543945,-0.4424774646759033,0.006212711334228516
1790266845185566500,14.06956640625,0.5905933380126953,-0.6226561069488525,-0.20838260650634766
1790266845195566600,14.079566650390625,0.8944091796875,-0.8799028396606445,-0.35588979721069336
1790266845205566500,14.08956640625,1.3827028274536133,-1.131861686706543,-0.3596808910369873
1790266845215566600,14.099566650390624,1.8290252685546875,-1.2846176624298096,-0.23247456550598145
1790266845225566500,14.10956640625,1.8850836753845215,-1.3266448974609375,-0.08096718788146973
1790266845235566600,14.119566650390626,1.5248851776123047,-1.3110456466674805,0.08363533020019531
1790266845245566500,14.12956640625,1.2059450149536133,-1.3114781379699707,0.19181299209594727
1790266845255566600,14.139566650390625,1.4510784149169922,-1.3523757457733154,0.14628100395202637
1790266845265566500,14.14956640625,2.0236358642578125,-1.2996623516082764,-0.01816582679748535
1790266845275566600,14.159566650390625,2.2349185943603516,-1.0665481090545654,-0.17996525764465332
1790266845285566500,14.16956640625,1.9229130744934082,-0.719459056854248,-0.23203182220458984
1790266845295566600,14.179566650390624,1.3367037773132324,-0.42767226696014404,-0.14792919158935547
1790266845305566500,14.18956640625,0.9060535430908203,-0.2979332208633423,0.01853203773498535
1790266845315566600,14.199566650390626,0.8636102676391602,-0.3739854097366333,0.25736093521118164
1790266845325566500,14.20956640625,0.8652420043945312,-0.5157263278961182,0.46242642402648926
1790266845335566600,14.219566650390625,0.7717914581298828,-0.5675127506256104,0.5389442443847656
1790266845345566500,14.22956640625,0.7842388153076172,-0.580715537071228,0.4888451099395752
1790266845355566600,14.239566650390625,0.827885627746582,-0.5836944580078125,0.24855852127075195
1790266845365566500,14.24956640625,0.8709468841552734,-0.5765286684036255,-0.15590119361877441
1790266845375566600,14.259566650390624,1.0713167190551758,-0.5781406164169312,-0.6264674663543701
1790266845385566500,14.26956640625,1.5054140090942383,-0.5732680559158325,-1.1520259380340576
1790266845395566600,14.279566650390626,1.9026002883911133,-0.4636772871017456,-1.670723795890808
1790266845405566500,14.28956640625,2.1372833251953125,-0.24514365196228027,-2.081315517425537
1790266845415566600,14.299566650390625,2.163545608520508,-0.053723692893981934,-2.4258790016174316
1790266845425566500,14.30956640625,2.0219736099243164,0.08801287412643433,-2.635153293609619
1790266845435566600,14.319566650390625,1.884979248046875,0.24916154146194458,-2.6412482261657715
1790266845445566500,14.32956640625,2.00518798828125,0.45916104316711426,-2.45827317237854
1790266845455566600,14.339566650390625,2.023770332336426,0.7105253338813782,-2.1665191650390625
1790266845465566500,14.34956640625,2.0542240142822266,0.8612038493156433,-1.7626235485076904
1790266845475566600,14.359566650390626,2.244965076446533,0.8723140358924866,-1.4192919731140137
1790266845485566500,14.36956640625,2.5296974182128906,0.8235213756561279,-1.2790188789367676
1790266845495566600,14.379566650390625,2.887420654296875,0.7234681248664856,-1.315845012664795
1790266845505566500,14.38956640625,2.9402570724487305,0.667171061038971,-1.5130929946899414
1790266845515566600,14.399566650390625,2.6512417793273926,0.7536836862564087,-1.76179838180542
1790266845525566500,14.40956640625,2.250899314880371,0.9791406989097595,-2.0052847862243652
1790266845535566600,14.419566650390625,1.867025375366211,1.3260009288787842,-2.1605522632598877
1790266845545566500,14.42956640625,1.5150508880615234,1.6407246589660645,-2.0282678604125977
1790266845555566600,14.439566650390624,1.3645200729370117,1.7941055297851562,-1.7208309173583984
1790266845565566500,14.44956640625,1.3826875686645508,1.701432228088379,-1.3855090141296387
1790266845575566600,14.459566650390625,1.3966360092163086,1.4195656776428223,-1.150306224822998
1790266845585566500,14.46956640625,1.3468990325927734,1.072224497795105,-1.0252182483673096
1790266845595566600,14.479566650390625,1.2031121253967285,0.7734102010726929,-1.0323028564453125
1790266845605566500,14.48956640625,1.0060062408447266,0.5848853588104248,-1.1094050407409668
1790266845615566600,14.499566650390625,0.7234945297241211,0.48796045780181885,-1.268479347229004
1790266845625566500,14.50956640625,0.28623199462890625,0.42127060890197754,-1.2986512184143066
1790266845635566600,14.519566650390624,0.05179119110107422,0.31736886501312256,-1.1661865711212158
1790266845645566500,14.52956640625,0.2815079689025879,0.17845773696899414,-0.9615535736083984
1790266845655566600,14.539566650390626,0.6108503341674805,0.054234981536865234,-0.800163745880127
1790266845665566500,14.54956640625,0.7986812591552734,0.0022568702697753906,-0.7698445320129395
1790266845675566600,14.559566650390625,0.9220032691955566,-0.004416227340698242,-0.8238961696624756
1790266845685566500,14.56956640625,0.9821672439575195,0.03868722915649414,-0.9448537826538086
1790266845695566600,14.579566650390625,1.0593304634094238,0.09746217727661133,-1.148167610168457
1790266845705566500,14.58956640625,1.271988868713379,0.14635753631591797,-1.3853626251220703
1790266845715566600,14.599566650390624,1.6032991409301758,0.17256474494934082,-1.6394026279449463
1790266845725566500,14.60956640625,1.825765609741211,0.2028493881225586,-1.7796802520751953
1790266845735566600,14.619566650390626,1.8334503173828125,0.2818288803100586,-1.802929162979126
1790266845745566500,14.62956640625,1.4280486106872559,0.4219322204589844,-1.71464204788208
1790266845755566600,14.639566650390625,0.8009872436523438,0.5512690544128418,-1.5442872047424316
1790266845765566500,14.64956640625,0.2863926887512207,0.6082613468170166,-1.394904375076294
1790266845775566600,14.659566650390625,0.014689445495605469,0.5874600410461426,-1.3681116104125977
1790266845785566500,14.66956640625,-0.024550914764404297,0.5873260498046875,-1.429731845855713
1790266845795566600,14.679566650390624,-0.007588863372802734,0.700993537902832,-1.5371379852294922
1790266845805566500,14.68956640625,0.03546953201293945,0.9266409873962402,-1.602177619934082
1790266845815566600,14.699566650390626,0.0596003532409668,1.196040153503418,-1.664247751235962
1790266845825566500,14.70956640625,-0.05637168884277344,1.4041085243225098,-1.720963478088379
1790266845835566600,14.719566650390625,-0.28635740280151367,1.488426685333252,-1.7730717658996582
1790266845845566500,14.72956640625,-0.4193129539489746,1.4344208240509033,-1.8456058502197266
1790266845855566600,14.739566650390625,-0.364962100982666,1.2887611389160156,-1.8819174766540527
1790266845865566500,14.74956640625,-0.3167152404785156,1.0965461730957031,-1.819045066833496
1790266845875566600,14.759566650390624,-0.47582530975341797,0.8427238464355469,-1.5523381233215332
1790266845885566500,14.76956640625,-0.8922762870788574,0.5007014274597168,-1.1174588203430176
1790266845895566600,14.779566650390626,-1.281489372253418,0.04539918899536133,-0.565528392791748
1790266845905566500,14.78956640625,-1.7116527557373047,-0.5913105010986328,0.08201313018798828
1790266845915566600,14.799566650390625,-2.067007064819336,-1.4011716842651367,0.7436137199401855
1790266845925566500,14.80956640625,-2.1228437423706055,-2.390382766723633,1.3465018272399902
1790266845935566600,14.819566650390625,-1.4625558853149414,-4.444337844848633,1.7099113464355469
1790266845945566500,14.82956640625,-1.1367363929748535,-5.558911323547363,1.6342144012451172
1790266845955566600,14.839566650390625,-1.4500298500061035,-5.120584964752197,1.77215576171875
1790266845965566500,14.84956640625,-1.5727596282958984,-4.1052632331848145,1.9251885414123535
1790266845975566600,14.859566650390626,-1.6888751983642578,-2.7819390296936035,1.6329545974731445
1790266845985566500,14.86956640625,-1.8273849487304688,-1.4924206733703613,1.0825223922729492
1790266845995566600,14.879566650390625,-1.5738883018493652,-0.5293312072753906,0.580780029296875
1790266846005566500,14.88956640625,-1.31550931930542,0.06295537948608398,0.17844867706298828
1790266846015566600,14.899566650390625,-1.323143482208252,0.1598496437072754,-0.06825685501098633
1790266846025566500,14.90956640625,-1.3328542709350586,-0.21532297134399414,0.13527965545654297
1790266846035566600,14.919566650390625,-1.0211234092712402,-0.7854366302490234,0.6415519714355469
1790266846045566500,14.92956640625,-0.6245241165161133,-1.112144947052002,1.1329703330993652
1790266846055566600,14.939566650390624,-0.7265520095825195,-1.038515567779541,1.4050111770629883
1790266846065566500,14.94956640625,-1.2203559875488281,-0.574732780456543,1.5318334102630615
1790266846075566600,14.959566650390625,-1.482053279876709,0.044203758239746094,1.5859389305114746
1790266846085566500,14.96956640625,-1.3921799659729004,0.6663732528686523,1.3149075508117676
1790266846095566600,14.979566650390625,-1.4240384101867676,1.1800799369812012,0.8300654888153076
1790266846105566500,14.98956640625,-1.7982478141784668,1.5090298652648926,0.20009660720825195
1790266846115566600,14.999566650390625,-2.3128528594970703,1.6027417182922363,-0.31177449226379395
1790266846125566500,15.00956640625,-2.3482298851013184,1.5248169898986816,-0.4473392963409424
1790266846135566600,15.019566650390624,-2.268392562866211,1.217573642730713,-0.28159189224243164
1790266846145566500,15.02956640625,-2.897531032562256,0.49837303161621094,0.1332545280456543
1790266846155566600,15.039566650390626,-2.9808616638183594,-0.7873201370239258,0.8426811695098877
1790266846165566500,15.04956640625,-2.1861586570739746,-2.283328056335449,1.6062214374542236
1790266846175566600,15.059566650390625,-1.1979970932006836,-3.6644339561462402,2.0859503746032715
1790266846185566500,15.06956640625,-0.41692447662353516,-4.373200416564941,2.121520757675171
1790266846195566600,15.079566650390625,0.2522010803222656,-4.224591255187988,1.639324426651001
1790266846205566500,15.08956640625,0.6855638027191162,-3.4723520278930664,0.8921034336090088
1790266846215566600,15.099566650390624,0.6563048362731934,-2.326022148132324,-0.0065975189208984375
1790266846225566500,15.10956640625,0.06369590759277344,-1.286630630493164,-0.8591294288635254
1790266846235566600,15.119566650390626,-0.5650510787963867,-0.7986183166503906,-0.9583485126495361
1790266846245566500,15.12956640625,-0.638918399810791,-0.5896100997924805,-0.6190874576568604
1790266846255566600,15.139566650390625,-0.5509920120239258,-0.4391965866088867,-0.18984317779541016
1790266846265566500,15.14956640625,-0.44842958450317383,-0.3001537322998047,0.05646634101867676
1790266846275566600,15.159566650390625,-0.28153324127197266,-0.06725835800170898,0.24990558624267578
1790266846285566500,15.16956640625,-0.1720747947692871,0.3236727714538574,0.44066643714904785
1790266846295566600,15.179566650390624,-0.1424388885498047,0.6668558120727539,0.5629982948303223
1790266846305566500,15.18956640625,0.21549606323242188,1.017655849456787,0.4627847671508789
1790266846315566600,15.199566650390626,0.4634695053100586,1.2432680130004883,0.3639206886291504
1790266846325566500,15.20956640625,0.697577953338623,1.481584072113037,0.2433924674987793
1790266846335566600,15.219566650390625,0.9352869987487793,1.6562423706054688,0.048285722732543945
1790266846345566500,15.22956640625,1.392688512802124,1.7846856117248535,-0.08457040786743164
1790266846355566600,15.239566650390625,1.9862303733825684,1.9185247421264648,-0.3176250457763672
1790266846365566500,15.24956640625,2.2890589237213135,2.0509538650512695,-0.6429131031036377
1790266846375566600,15.259566650390624,1.924767017364502,1.9144845008850098,-0.8460507392883301
1790266846385566500,15.26956640625,1.244424819946289,1.3215866088867188,-0.8290202617645264
1790266846395566600,15.279566650390626,0.11706066131591797,0.3687105178833008,-0.561997652053833
1790266846405566500,15.28956640625,-0.7247791290283203,-0.5721006393432617,-0.15006065368652344
1790266846415566600,15.299566650390625,-1.225080966949463,-1.4656648635864258,0.35641956329345703
1790266846425566500,15.30956640625,-1.1826143264770508,-2.217221260070801,0.8249287605285645
1790266846435566600,15.319566650390625,-1.0805926322937012,-2.8108973503112793,1.357313632965088
1790266846445566500,15.32956640625,-1.2201251983642578,-3.0796780586242676,1.8482224941253662
1790266846455566600,15.339566650390625,-1.3954463005065918,-3.0647521018981934,2.3915581703186035
1790266846465566500,15.34956640625,-1.5147290229797363,-2.828836441040039,2.6439435482025146
1790266846475566600,15.359566650390626,-1.5591254234313965,-2.260450839996338,2.468766212463379
1790266846485566500,15.36956640625,-1.0558114051818848,-1.5504403114318848,2.03124737739563
1790266846495566600,15.379566650390625,-0.48264551162719727,-0.9018926620483398,1.5590810775756836
1790266846505566500,15.38956640625,0.3679666519165039,-0.4839968681335449,1.0286054611206055
1790266846515566600,15.399566650390625,1.0034136772155762,-0.08919811248779297,0.791327953338623
1790266846525566500,15.40956640625,1.1094884872436523,0.3215603828430176,0.7344636917114258
1790266846535566600,15.419566650390625,0.6450600624084473,0.6775169372558594,0.7031583786010742
1790266846545566500,15.42956640625,-0.20307493209838867,0.9674715995788574,0.6514043807983398
1790266846555566600,15.439566650390624,-0.9373068809509277,0.9334158897399902,0.6604523658752441
1790266846565566500,15.44956640625,-1.140315055847168,0.5140495300292969,0.8772668838500977
1790266846575566600,15.459566650390625,-0.6829395294189453,-0.11664438247680664,0.9208688735961914
1790266846585566500,15.46956640625,0.1816267967224121,-0.5779323577880859,0.7823081016540527
1790266846595566600,15.479566650390625,0.6335768699645996,-0.666295051574707,0.4250154495239258
1790266846605566500,15.48956640625,0.29319286346435547,-0.6305398941040039,0.10014724731445312
1790266846615566600,15.499566650390625,-0.4996147155761719,-0.5960640907287598,0.0006871223449707031
1790266846625566500,15.50956640625,-1.1385784149169922,-0.6736512184143066,0.09409475326538086
1790266846635566600,15.519566650390624,-1.1223039627075195,-0.8575191497802734,0.0904855728149414
1790266846645566500,15.52956640625,-0.6227355003356934,-1.0288505554199219,-0.21012258529663086
1790266846655566600,15.539566650390626,-0.026912689208984375,-1.043281078338623,-0.6168413162231445
1790266846665566500,15.54956640625,0.23203325271606445,-0.9606971740722656,-1.014627456665039
1790266846675566600,15.559566650390625,-0.236114501953125,-0.7622771263122559,-1.029222011566162
1790266846685566500,15.56956640625,-1.204246997833252,-0.6824212074279785,-0.7269062995910645
1790266846695566600,15.579566650390625,-1.8762564659118652,-0.805941104888916,-0.21887445449829102
1790266846705566500,15.58956640625,-1.7555365562438965,-1.1027250289916992,0.3267173767089844
1790266846715566600,15.599566650390624,-1.2085347175598145,-1.3447356224060059,0.7990169525146484
1790266846725566500,15.60956640625,-0.7122883796691895,-1.3773961067199707,1.0706086158752441
1790266846735566600,15.619566650390626,-0.1516590118408203,-1.2252540588378906,1.0520968437194824
1790266846745566500,15.62956640625,0.574221134185791,-0.8081684112548828,0.9482197761535645
1790266846755566600,15.639566650390625,1.049938678741455,-0.2719855308532715,0.8336753845214844
1790266846765566500,15.64956640625,0.5526514053344727,0.19298410415649414,0.7235941886901855
1790266846775566600,15.659566650390625,-0.32416486740112305,0.29206085205078125,0.49913454055786133
1790266846785566500,15.66956640625,-1.0640239715576172,0.0807352066040039,0.32104063034057617
1790266846795566600,15.679566650390624,-0.8606023788452148,-0.3111276626586914,0.3080258369445801
1790266846805566500,15.68956640625,-0.034590721130371094,-0.7196321487426758,0.3044567108154297
1790266846815566600,15.699566650390626,0.278623104095459,-1.0472865104675293,0.20980310440063477
1790266846825566500,15.70956640625,0.17979669570922852,-1.1585750579833984,0.11395263671875
1790266846835566600,15.719566650390625,0.2545909881591797,-1.078545331954956,0.12288188934326172
1790266846845566500,15.72956640625,0.22041940689086914,-0.7760083675384521,0.44884228706359863
1790266846855566600,15.739566650390625,-0.0540008544921875,-0.4588134288787842,0.9276740550994873
1790266846865566500,15.74956640625,-0.12416362762451172,-0.3605198860168457,0.9839980602264404
1790266846875566600,15.759566650390624,0.39560699462890625,-0.4322636127471924,0.682215690612793
1790266846885566500,15.76956640625,1.2863903045654297,-0.5076663494110107,0.29793524742126465
1790266846895566600,15.779566650390626,1.8588924407958984,-0.47436976432800293,-0.00017642974853515625
1790266846905566500,15.78956640625,1.6806979179382324,-0.3368065357208252,-0.20751404762268066
1790266846915566600,15.799566650390625,1.0007085800170898,-0.2720816135406494,-0.33077526092529297
1790266846925566500,15.80956640625,0.7008991241455078,-0.4649519920349121,-0.4344606399536133
1790266846935566600,15.819566650390625,1.0120906829833984,-0.8612227439880371,-0.33861517906188965
1790266846945566500,15.82956640625,1.5393037796020508,-1.402864933013916,0.06460452079772949
1790266846955566600,15.839566650390625,1.85042142868042,-1.689981460571289,0.5812783241271973
1790266846965566500,15.84956640625,1.689107894897461,-1.6089756488800049,0.7521154880523682
1790266846975566600,15.859566650390626,1.7469654083251953,-1.4906882047653198,0.6036045551300049
1790266846985566500,15.86956640625,1.6704912185668945,-1.4122885465621948,0.34371066093444824
1790266846995566600,15.879566650390625,1.7708935737609863,-1.2091082334518433,-0.4646177291870117
1790266847005566500,15.88956640625,1.974130630493164,-0.50017249584198,-1.3035097122192383
1790266847015566600,15.899566650390625,1.9050955772399902,0.5035983324050903,-1.6393320560455322
1790266847025566500,15.90956640625,2.3466548919677734,1.5105335712432861,-1.774282455444336
1790266847035566600,15.919566650390625,3.041378974914551,2.311917781829834,-1.6978964805603027
1790266847045566500,15.92956640625,3.1666202545166016,2.5788745880126953,-1.4892572164535522
1790266847055566600,15.939566650390624,3.233464241027832,2.0994651317596436,-1.5473980903625488
1790266847065566500,15.94956640625,2.9654293060302734,1.2600699663162231,-2.0021748542785645
1790266847075566600,15.959566650390625,2.7380475997924805,0.4955577254295349,-2.5572257041931152
1790266847085566500,15.96956640625,2.2313718795776367,0.19839727878570557,-2.704223394393921
1790266847095566600,15.979566650390625,2.10758638381958,0.20252662897109985,-2.3098509311676025
1790266847105566500,15.98956640625,2.179478645324707,0.07559597492218018,-1.8123427629470825
1790266847115566600,15.999566650390625,2.1738381385803223,-0.029118895530700684,-1.4050631523132324
1790266847125566500,16.00956640625,1.9294309616088867,0.05120706558227539,-1.0516588687896729
1790266847135566600,16.019566650390626,0.797541618347168,0.5586968660354614,-0.5542254447937012
1790266847145566500,16.02956640625,0.6742124557495117,1.336395025253296,0.05153369903564453
1790266847155566600,16.039566650390626,0.5821304321289062,1.8273251056671143,0.2121875286102295
1790266847165566500,16.04956640625,0.6890859603881836,1.6715261936187744,0.48964762687683105
1790266847175566600,16.059566650390625,0.6804628372192383,1.2918267250061035,0.5671968460083008
1790266847185566500,16.06956640625,-0.031023025512695312,0.6582245826721191,0.37230658531188965
1790266847195566600,16.079566650390625,0.8062047958374023,-0.07328915596008301,-0.2528872489929199
1790266847205566500,16.08956640625,0.1553964614868164,-0.6145401000976562,-0.8984756469726562
1790266847215566600,16.099566650390624,-0.0760946273803711,-0.9790146350860596,-1.0912456512451172
1790266847225566500,16.10956640625,0.8011026382446289,-0.8743141889572144,-1.0926764011383057
1790266847235566600,16.119566650390624,1.7344083786010742,-0.5706928968429565,-1.0242180824279785
1790266847245566500,16.12956640625,2.480367660522461,-0.10850000381469727,-1.021416425704956
1790266847255566600,16.139566650390623,3.2134270668029785,0.43207311630249023,-1.1864161491394043
1790266847265566500,16.14956640625,3.023226737976074,0.9508373737335205,-1.3234374523162842
1790266847275566600,16.159566650390627,2.601895332336426,1.3069729804992676,-1.3789455890655518
1790266847285566500,16.16956640625,2.2954816818237305,1.4910945892333984,-1.3784427642822266
1790266847295566600,16.179566650390626,2.3102006912231445,1.3586969375610352,-1.3729333877563477
1790266847305566500,16.18956640625,2.71677303314209,1.3167072534561157,-1.5323810577392578
1790266847315566600,16.199566650390626,3.295539379119873,1.3423471450805664,-1.725585699081421
1790266847325566500,16.20956640625,3.1286773681640625,1.4746017456054688,-1.9949147701263428
1790266847335566600,16.219566650390625,2.224127769470215,1.5909483432769775,-2.0612845420837402
1790266847345566500,16.22956640625,1.2594494819641113,1.664398193359375,-1.6929430961608887
1790266847355566600,16.239566650390625,0.7406411170959473,1.5830156803131104,-1.3268344402313232
1790266847365566500,16.24956640625,0.5999412536621094,1.2815107107162476,-1.1323730945587158
1790266847375566600,16.259566650390624,0.053530216217041016,0.9335112571716309,-0.9610376358032227
1790266847385566500,16.26956640625,-0.5114879608154297,0.627540111541748,-0.5950899124145508
1790266847395566600,16.279566650390624,-0.42703914642333984,0.40045952796936035,-0.23889875411987305
1790266847405566500,16.28956640625,0.04508256912231445,0.14830327033996582,-0.06258916854858398
1790266847415566600,16.299566650390624,-0.09226226806640625,-0.23555517196655273,-0.09975242614746094
1790266847425566500,16.30956640625,-0.46778059005737305,-0.7493500709533691,-0.08381986618041992
1790266847435566600,16.319566650390627,-0.7556314468383789,-1.3852767944335938,0.02124929428100586
1790266847445566500,16.32956640625,-0.8518576622009277,-2.0777511596679688,-0.05487966537475586
1790266847455566600,16.339566650390626,-0.5294909477233887,-2.6942930221557617,-0.16658878326416016
1790266847465566500,16.34956640625,-0.5988073348999023,-3.1175780296325684,-0.11143207550048828
1790266847475566600,16.359566650390626,-0.23822975158691406,-3.295401096343994,0.031919002532958984
1790266847485566500,16.36956640625,0.39548826217651367,-3.192310333251953,-0.16817378997802734
1790266847495566600,16.379566650390625,0.7340641021728516,-2.8668746948242188,-0.5628008842468262
1790266847505566500,16.38956640625,0.6020669937133789,-2.2620654106140137,-0.966700553894043
1790266847515566600,16.399566650390625,0.4421076774597168,-1.444931983947754,-1.070880651473999
1790266847525566500,16.40956640625,0.33830976486206055,-0.42229700088500977,-0.9029591083526611
1790266847535566600,16.419566650390625,0.4138150215148926,0.6381988525390625,-0.7427873611450195
1790266847545566500,16.42956640625,0.4509873390197754,1.4959006309509277,-0.8119688034057617
1790266847555566600,16.439566650390624,0.7137761116027832,2.298412799835205,-0.9723987579345703
1790266847565566500,16.44956640625,0.31661510467529297,2.9310402870178223,-1.0779709815979004
1790266847575566600,16.459566650390624,-0.39453649520874023,3.2032992839813232,-1.0381574630737305
1790266847585566500,16.46956640625,-0.37319517135620117,3.16831111907959,-0.9491715431213379
1790266847595566600,16.479566650390623,-0.34714746475219727,2.837442398071289,-1.0349230766296387
1790266847605566500,16.48956640625,-1.2300105094909668,2.1542844772338867,-0.911104679107666
1790266847615566600,16.499566650390626,-1.9977893829345703,0.9197344779968262,-0.5805966854095459
1790266847625566500,16.50956640625,-2.1284584999084473,-0.6271252632141113,-0.2387077808380127
1790266847635566600,16.519566650390626,-2.174736976623535,-2.3071465492248535,0.23418426513671875
1790266847645566500,16.52956640625,-2.568580150604248,-4.104110240936279,1.118161916732788
1790266847655566600,16.539566650390626,-2.4478793144226074,-5.3555450439453125,1.9419710636138916
1790266847665566500,16.54956640625,-2.23110294342041,-6.221165657043457,2.3538126945495605
1790266847675566600,16.559566650390625,-2.0242199897766113,-6.778722286224365,2.4766128063201904
1790266847685566500,16.56956640625,-1.603250503540039,-6.638856410980225,2.686204195022583
1790266847695566600,16.579566650390625,-0.6299829483032227,-5.605861663818359,2.850646734237671
1790266847705566500,16.58956640625,-0.29114294052124023,-4.271124839782715,3.3016114234924316
1790266847715566600,16.599566650390624,-0.4995741844177246,-2.875767707824707,3.504715919494629
1790266847725566500,16.60956640625,-0.5555434226989746,-1.5789070129394531,3.2878270149230957
1790266847735566600,16.619566650390624,-0.9839825630187988,-0.5273551940917969,3.063843250274658
1790266847745566500,16.62956640625,-1.4540307521820068,0.01978302001953125,2.696047306060791
1790266847755566600,16.639566650390623,-1.686194658279419,-0.0061817169189453125,2.4480679035186768
1790266847765566500,16.64956640625,-1.4847831726074219,-0.3675050735473633,2.0856552124023438
1790266847775566600,16.659566650390627,-1.0486948490142822,-0.6552371978759766,1.7178516387939453
1790266847785566500,16.66956640625,-0.8801145553588867,-0.686009407043457,1.2609822750091553
1790266847795566600,16.679566650390626,-1.1040046215057373,-0.4628276824951172,0.7215266227722168
1790266847805566500,16.68956640625,-1.1909852027893066,-0.018563270568847656,0.23399615287780762
1790266847815566600,16.699566650390626,-1.1238563060760498,0.5899262428283691,-0.39312124252319336
1790266847825566500,16.70956640625,-0.974867582321167,1.2876124382019043,-0.6834464073181152
1790266847835566600,16.719566650390625,-0.8967685699462891,1.8492155075073242,-0.8241069316864014
1790266847845566500,16.72956640625,-0.7751426696777344,2.310227394104004,-0.9017117023468018
1790266847855566600,16.739566650390625,-0.5898289680480957,2.469247817993164,-0.6734769344329834
1790266847865566500,16.74956640625,-0.8349964618682861,2.0994653701782227,-0.18346834182739258
1790266847875566600,16.759566650390624,-1.4707744121551514,1.0560321807861328,0.26926541328430176
1790266847885566500,16.76956640625,-2.3931868076324463,-0.33747291564941406,0.8348774909973145
1790266847895566600,16.779566650390624,-2.855085611343384,-1.6732063293457031,1.2044646739959717
1790266847905566500,16.78956640625,-2.589261054992676,-2.8535423278808594,1.188077688217163
1790266847915566600,16.799566650390624,-1.8509831428527832,-3.735934257507324,1.0137052536010742
1790266847925566500,16.80956640625,-0.8347744941711426,-4.149096488952637,0.5523200035095215
1790266847935566600,16.819566650390627,-0.11806106567382812,-3.8559694290161133,-0.18811893463134766
1790266847945566500,16.82956640625,0.365419864654541,-2.83074951171875,-0.7435417175292969
1790266847955566600,16.839566650390626,0.9782578945159912,-1.5137948989868164,-0.848954439163208
1790266847965566500,16.84956640625,1.5861790180206299,-0.5218315124511719,-0.6419105529785156
1790266847975566600,16.859566650390626,1.781341552734375,-0.008908271789550781,-0.47153782844543457
1790266847985566500,16.86956640625,1.8334193229675293,0.13559627532958984,-0.4406905174255371
1790266847995566600,16.879566650390625,1.5008091926574707,0.12614202499389648,-0.38819026947021484
1790266848005566500,16.88956640625,0.8655009269714355,-0.1041722297668457,-0.2803494930267334
1790266848015566600,16.899566650390625,0.17493247985839844,-0.6127257347106934,0.02274799346923828
1790266848025566500,16.90956640625,-0.18353748321533203,-1.0920181274414062,0.4243500232696533
1790266848035566600,16.919566650390625,-0.2836294174194336,-1.2994647026062012,0.8574285507202148
1790266848045566500,16.92956640625,-0.24962663650512695,-1.2737150192260742,1.1360418796539307
1790266848055566600,16.939566650390624,-0.023867130279541016,-1.1381897926330566,1.1786165237426758
1790266848065566500,16.94956640625,0.35892343521118164,-0.8775768280029297,1.2256402969360352
1790266848075566600,16.959566650390624,0.5374889373779297,-0.5994997024536133,1.1195788383483887
1790266848085566500,16.96956640625,0.4037480354309082,-0.2879824638366699,0.9563181400299072
1790266848095566600,16.979566650390623,-0.11525869369506836,0.057378292083740234,0.9122388362884521
1790266848105566500,16.98956640625,-0.7899012565612793,0.31086015701293945,1.0067012310028076
1790266848115566600,16.999566650390626,-1.1013121604919434,0.38049840927124023,1.1715750694274902
1790266848125566500,17.00956640625,-0.9359903335571289,0.34895753860473633,1.0943739414215088
1790266848135566600,17.019566650390626,-0.34803295135498047,0.2754664421081543,0.569005012512207
1790266848145566500,17.02956640625,0.29561758041381836,0.19119834899902344,0.06368875503540039
1790266848155566600,17.039566650390626,0.49569129943847656,0.27083492279052734,-0.2542719841003418
1790266848165566500,17.04956640625,0.32014942169189453,0.3166961669921875,-0.4253103733062744
1790266848175566600,17.059566650390625,-0.1666431427001953,0.3139309883117676,-0.39395594596862793
1790266848185566500,17.06956640625,-0.6854715347290039,0.14023113250732422,-0.008913516998291016
1790266848195566600,17.079566650390625,-0.7769885063171387,-0.2540407180786133,0.7846817970275879
1790266848205566500,17.08956640625,-0.5001354217529297,-0.7160196304321289,1.327805995941162
1790266848215566600,17.099566650390624,0.15655183792114258,-0.9878706932067871,1.5469002723693848
1790266848225566500,17.10956640625,0.5956335067749023,-1.0060205459594727,1.7336959838867188
1790266848235566600,17.119566650390624,0.13223505020141602,-0.6800136566162109,1.5583772659301758
1790266848245566500,17.12956640625,-0.9919857978820801,-0.22949981689453125,1.3128056526184082
1790266848255566600,17.139566650390623,-1.8425045013427734,0.09200334548950195,1.5110177993774414
1790266848265566500,17.14956640625,-1.4899940490722656,0.10344839096069336,1.9370532035827637
1790266848275566600,17.159566650390627,-0.5276846885681152,-0.023445606231689453,2.0278892517089844
1790266848285566500,17.16956640625,-0.17234468460083008,-0.06946468353271484,1.8132548332214355
1790266848295566600,17.179566650390626,-0.9782838821411133,-0.23948001861572266,1.619448184967041
1790266848305566500,17.18956640625,-1.8584365844726562,-0.7581362724304199,1.5161933898925781
1790266848315566600,17.199566650390626,-1.758573055267334,-1.5919337272644043,1.5130071640014648
1790266848325566500,17.20956640625,-0.4828462600708008,-2.401249408721924,1.3817505836486816
1790266848335566600,17.219566650390625,0.7298703193664551,-2.7530040740966797,1.2032756805419922
1790266848345566500,17.22956640625,0.8341631889343262,-2.465697765350342,0.7547855377197266
1790266848355566600,17.239566650390625,-0.0041046142578125,-1.6856575012207031,0.3568406105041504
1790266848365566500,17.24956640625,-0.9481992721557617,-1.1508355140686035,-0.0019555091857910156
1790266848375566600,17.259566650390624,-0.9335122108459473,-0.9921422004699707,-0.4796905517578125
1790266848385566500,17.26956640625,-0.417940616607666,-0.9163141250610352,-0.9813613891601562
1790266848395566600,17.279566650390624,-0.42035675048828125,-0.7913222312927246,-1.2747745513916016
1790266848405566500,17.28956640625,-1.2184648513793945,-0.6165881156921387,-1.31593656539917
1790266848415566600,17.299566650390624,-1.8090009689331055,-0.4906158447265625,-1.1277706623077393
1790266848425566500,17.30956640625,-0.8675899505615234,-0.5483403205871582,-0.7550091743469238
1790266848435566600,17.319566650390627,0.9873771667480469,-0.5721530914306641,-0.48296308517456055
1790266848445566500,17.32956640625,1.738569736480713,-0.38877010345458984,-0.5842475891113281
1790266848455566600,17.339566650390626,1.140669822692871,-0.0456700325012207,-0.901191234588623
1790266848465566500,17.34956640625,0.6076774597167969,0.16968727111816406,-1.2221643924713135
1790266848475566600,17.359566650390626,1.0380926132202148,0.19299554824829102,-1.5176186561584473
1790266848485566500,17.36956640625,1.8602046966552734,0.10689306259155273,-1.5873751640319824
1790266848495566600,17.379566650390625,1.9561786651611328,-0.00966501235961914,-1.4951810836791992
1790266848505566500,17.38956640625,1.2965431213378906,-0.16269659996032715,-1.347456932067871
1790266848515566600,17.399566650390625,0.45029163360595703,-0.402742862701416,-1.1630632877349854
1790266848525566500,17.40956640625,0.29364585876464844,-0.6715817451477051,-0.7666962146759033
1790266848535566600,17.419566650390625,1.112657070159912,-0.8050022125244141,-0.15484857559204102
1790266848545566500,17.42956640625,2.097219944000244,-0.5234034061431885,0.7024550437927246
1790266848555566600,17.439566650390624,2.1119608879089355,-0.022127866744995117,1.5693933963775635
1790266848565566500,17.44956640625,1.6459417343139648,0.2051537036895752,2.0191516876220703
1790266848575566600,17.459566650390624,1.5724554061889648,-0.08407139778137207,1.8980154991149902
1790266848585566500,17.46956640625,1.9178285598754883,-0.6436982154846191,1.2733900547027588
1790266848595566600,17.479566650390623,2.7301459312438965,-1.3027544021606445,0.397169828414917
1790266848605566500,17.48956640625,3.1865439414978027,-1.505396842956543,-0.22761106491088867
1790266848615566600,17.499566650390626,2.4246511459350586,-0.9235615730285645,-0.8148188591003418
1790266848625566500,17.50956640625,1.0450806617736816,-0.003407597541809082,-1.1301348209381104
1790266848635566600,17.519566650390626,0.2152843475341797,0.6405894756317139,-0.9427390098571777
1790266848645566500,17.52956640625,-0.07603645324707031,1.0355966091156006,-0.4583301544189453
1790266848655566600,17.539566650390626,0.47713661193847656,1.0815876722335815,0.24961018562316895
1790266848665566500,17.54956640625,1.8599510192871094,0.9745179414749146,0.8357164859771729
1790266848675566600,17.559566650390625,2.233522891998291,0.5428669452667236,0.7877223491668701
1790266848685566500,17.56956640625,1.5377740859985352,-0.10307967662811279,0.08406996726989746
1790266848695566600,17.579566650390625,1.5266809463500977,-0.6529163122177124,-0.7818150520324707
1790266848705566500,17.58956640625,2.0183796882629395,-0.8747929334640503,-2.0153799057006836
1790266848715566600,17.599566650390624,2.0494489669799805,-0.4918510913848877,-3.123995542526245
1790266848725566500,17.60956640625,2.2257847785949707,0.3752319812774658,-3.7366082668304443
1790266848735566600,17.619566650390624,2.0255355834960938,1.1135245561599731,-3.649691104888916
1790266848745566500,17.62956640625,1.2814664840698242,1.4358000755310059,-2.939558982849121
1790266848755566600,17.639566650390623,1.190248966217041,1.2875699996948242,-2.280825614929199
1790266848765566500,17.64956640625,1.175771713256836,0.8661192655563354,-1.680710792541504
1790266848775566600,17.659566650390627,1.3219695091247559,0.3215479254722595,-1.279393196105957
1790266848785566500,17.66956640625,1.5226964950561523,-0.052124738693237305,-1.3808016777038574
1790266848795566600,17.679566650390626,1.2846999168395996,0.09340941905975342,-1.6518113613128662
1790266848805566500,17.68956640625,0.8019485473632812,0.5229636430740356,-2.080028772354126
1790266848815566600,17.699566650390626,0.33216285705566406,0.8021142482757568,-1.6904120445251465
1790266848825566500,17.70956640625,0.5984354019165039,0.6261398196220398,-0.986281156539917
1790266848835566600,17.719566650390625,2.084284782409668,0.4437965750694275,-0.9172515869140625
1790266848845566500,17.72956640625,2.559462547302246,0.3949408531188965,-1.4145982265472412
1790266848855566600,17.739566650390625,1.4263625144958496,0.5785452127456665,-1.6753504276275635
1790266848865566500,17.74956640625,0.8367547988891602,0.8758365511894226,-1.7033939361572266
1790266848875566600,17.759566650390624,0.782322883605957,1.3951817750930786,-1.5724329948425293
1790266848885566500,17.76956640625,0.4331531524658203,1.755236029624939,-1.0675830841064453
1790266848895566600,17.779566650390624,0.8023319244384766,1.8584800958633423,-0.5575761795043945
1790266848905566500,17.78956640625,1.5731430053710938,1.7162318229675293,-0.2897508144378662
1790266848915566600,17.799566650390624,1.8911619186401367,1.365132451057434,-0.12453079223632812
1790266848925566500,17.80956640625,1.7398347854614258,0.9499474763870239,-0.07963037490844727
1790266848935566600,17.819566650390627,1.3593592643737793,0.5943269729614258,-0.03965187072753906
1790266848945566500,17.82956640625,1.344557762145996,0.33124351501464844,-0.0053064823150634766
1790266848955566600,17.839566650390626,1.7805280685424805,0.2935786247253418,-0.06253743171691895
1790266848965566500,17.84956640625,2.6706786155700684,0.44504356384277344,-0.355954647064209
1790266848975566600,17.859566650390626,2.48581600189209,0.6870970726013184,-0.692253589630127
1790266848985566500,17.86956640625,2.182675361633301,0.9089553356170654,-0.8524556159973145
1790266848995566600,17.879566650390625,1.5214319229125977,1.110097885131836,-0.9389381408691406
1790266849005566500,17.88956640625,1.7113747596740723,1.2816452980041504,-0.8600096702575684
1790266849015566600,17.899566650390625,1.980733871459961,1.517242193222046,-1.0343923568725586
1790266849025566500,17.90956640625,1.9654145240783691,1.804832935333252,-1.2990143299102783
1790266849035566600,17.919566650390625,1.3879780769348145,2.013474941253662,-1.5972204208374023
1790266849045566500,17.92956640625,1.2747507095336914,2.0614287853240967,-1.5540826320648193
1790266849055566600,17.939566650390624,1.2660117149353027,1.910022497177124,-1.1476259231567383
1790266849065566500,17.94956640625,1.171285629272461,1.5555076599121094,-0.5914206504821777
1790266849075566600,17.959566650390624,1.1793818473815918,0.9604425430297852,-0.09170675277709961
1790266849085566500,17.96956640625,0.8897781372070312,0.17299270629882812,-0.11928272247314453
1790266849095566600,17.979566650390623,0.4732222557067871,-0.8209357261657715,-0.23131084442138672
1790266849105566500,17.98956640625,-0.11460733413696289,-1.8367538452148438,-0.12837934494018555
1790266849115566600,17.999566650390626,-0.7494721412658691,-2.70332670211792,0.019733428955078125
1790266849125566500,18.00956640625,-0.9823122024536133,-3.3666772842407227,0.38032054901123047
1790266849135566600,18.019566650390626,-1.0710248947143555,-3.7298364639282227,0.579352855682373
1790266849145566500,18.02956640625,-1.2367157936096191,-3.7558069229125977,0.37015342712402344
1790266849155566600,18.039566650390626,-0.9644479751586914,-3.3426342010498047,0.004283428192138672
1790266849165566500,18.04956640625,-0.8133420944213867,-2.4568967819213867,-0.4225039482116699
1790266849175566600,18.059566650390625,-0.9666337966918945,-1.3238654136657715,-0.6616978645324707
1790266849185566500,18.06956640625,-0.7561068534851074,-0.12552452087402344,-0.6875691413879395
1790266849195566600,18.079566650390625,-0.5347194671630859,0.7796006202697754,-0.9050705432891846
1790266849205566500,18.08956640625,-0.3460359573364258,1.0443000793457031,-1.1831893920898438
1790266849215566600,18.099566650390624,-0.2106485366821289,0.7821741104125977,-1.4788479804992676
1790266849225566500,18.10956640625,0.1937580108642578,0.37033796310424805,-1.994276523590088
1790266849235566600,18.119566650390624,0.980989933013916,-0.08096027374267578,-2.2562255859375
1790266849245566500,18.12956640625,2.003527879714966,-0.47280263900756836,-2.22135329246521
1790266849255566600,18.139566650390623,2.4667811393737793,-0.8537607192993164,-1.9602103233337402
1790266849265566500,18.14956640625,1.5622000694274902,-1.1251654624938965,-1.5579462051391602
1790266849275566600,18.159566650390627,-0.07384681701660156,-1.3956308364868164,-1.1136517524719238
1790266849285566500,18.16956640625,-1.4031901359558105,-1.666801929473877,-0.6185364723205566
1790266849295566600,18.179566650390626,-1.8657097816467285,-1.871511459350586,-0.1800827980041504
1790266849305566500,18.18956640625,-1.6175942420959473,-2.263741970062256,0.18244266510009766
1790266849315566600,18.199566650390626,-1.061361312866211,-2.844590187072754,0.5842263698577881
1790266849325566500,18.20956640625,-0.7567844390869141,-3.5245614051818848,1.0475654602050781
1790266849335566600,18.219566650390625,-0.5339052677154541,-4.1536712646484375,1.5489935874938965
1790266849345566500,18.22956640625,-0.32180213928222656,-4.701351165771484,2.463273763656616
1790266849355566600,18.239566650390625,-0.47592806816101074,-4.681323051452637,3.046018362045288
1790266849365566500,18.24956640625,-1.272608995437622,-3.839289665222168,3.361222267150879
1790266849375566600,18.259566650390624,-2.2358651161193848,-2.2838573455810547,3.5571179389953613
1790266849385566500,18.26956640625,-2.298797130584717,-0.5788583755493164,3.1801137924194336
1790266849395566600,18.279566650390624,-1.8515949249267578,0.7948794364929199,2.675527572631836
1790266849405566500,18.28956640625,-1.5743107795715332,1.5600700378417969,2.3533356189727783
1790266849415566600,18.299566650390624,-1.7653520107269287,1.4391450881958008,2.3311703205108643
1790266849425566500,18.30956640625,-2.6715118885040283,0.5271987915039062,2.7240211963653564
1790266849435566600,18.319566650390627,-3.5045742988586426,-0.8411836624145508,3.1149954795837402
1790266849445566500,18.32956640625,-3.843188762664795,-2.2411909103393555,3.4986963272094727
1790266849455566600,18.339566650390626,-3.9199094772338867,-3.366128921508789,3.696603536605835
1790266849465566500,18.34956640625,-4.02119779586792,-3.8841562271118164,3.5768489837646484
1790266849475566600,18.359566650390626,-3.795118808746338,-3.3682985305786133,2.8980655670166016
1790266849485566500,18.36956640625,-2.864902973175049,-1.8946895599365234,1.8387625217437744
1790266849495566600,18.379566650390625,-1.5633859634399414,-0.32190799713134766,0.8500287532806396
1790266849505566500,18.38956640625,-0.7324807643890381,0.7307004928588867,0.12875771522521973
1790266849515566600,18.399566650390625,-0.7393786907196045,1.1268997192382812,-0.26230573654174805
1790266849525566500,18.40956640625,-1.2357590198516846,1.0979304313659668,-0.42410707473754883
1790266849535566600,18.419566650390625,-1.7870063781738281,0.7638731002807617,-0.26238036155700684
1790266849545566500,18.42956640625,-2.0661404132843018,0.021218299865722656,0.37153124809265137
1790266849555566600,18.439566650390624,-2.1711654663085938,-0.8221158981323242,1.0712292194366455
1790266849565566500,18.44956640625,-1.958258867263794,-1.5076684951782227,1.4092473983764648
1790266849575566600,18.459566650390624,-1.1801934242248535,-1.9201536178588867,1.1687045097351074
1790266849585566500,18.46956640625,0.006533145904541016,-1.900629997253418,0.5350379943847656
1790266849595566600,18.479566650390623,1.0345520973205566,-1.6722078323364258,-0.0014603137969970703
1790266849605566500,18.48956640625,1.8490499258041382,-1.341771125793457,-0.9232425689697266
1790266849615566600,18.499566650390626,1.879226565361023,-0.8875560760498047,-1.6050159931182861
1790266849625566500,18.50956640625,1.8120901584625244,-0.5921792984008789,-2.2865710258483887
1790266849635566600,18.519566650390626,1.4802742004394531,-0.29207897186279297,-2.44092059135437
1790266849645566500,18.52956640625,0.7061090469360352,-0.27547550201416016,-2.154688835144043
1790266849655566600,18.539566650390626,0.22660136222839355,-0.6434612274169922,-1.7279949188232422
1790266849665566500,18.54956640625,-0.03301239013671875,-1.1773748397827148,-1.2692875862121582
1790266849675566600,18.559566650390625,-0.19218826293945312,-1.7355728149414062,-0.7598083019256592
1790266849685566500,18.56956640625,-0.450747013092041,-2.0917043685913086,-0.19564485549926758
1790266849695566600,18.579566650390625,-0.6268100738525391,-2.180171012878418,0.5850934982299805
1790266849705566500,18.58956640625,-0.6567201614379883,-1.9621710777282715,1.319124460220337
1790266849715566600,18.599566650390624,-0.5615968704223633,-1.5440950393676758,1.887446403503418
1790266849725566500,18.60956640625,-0.3020133972167969,-1.0465197563171387,2.2092092037200928
1790266849735566600,18.619566650390624,-0.09571409225463867,-0.5165038108825684,2.230867862701416
1790266849745566500,18.62956640625,0.13995981216430664,0.023692607879638672,2.169179916381836
1790266849755566600,18.639566650390623,0.313265323638916,0.4082608222961426,1.925750494003296
1790266849765566500,18.64956640625,0.5577921867370605,0.5635814666748047,1.6791203022003174
1790266849775566600,18.659566650390627,0.6373467445373535,0.4579758644104004,1.2824122905731201
1790266849785566500,18.66956640625,0.20096397399902344,0.26711463928222656,0.9025251865386963
1790266849795566600,18.679566650390626,-0.5888361930847168,0.10219764709472656,0.5420877933502197
1790266849805566500,18.68956640625,-1.1002311706542969,-0.007576942443847656,0.4038875102996826
1790266849815566600,18.699566650390626,-0.883246898651123,-0.21212482452392578,0.5414810180664062
1790266849825566500,18.70956640625,-0.053643226623535156,-0.4758491516113281,0.9612236022949219
1790266849835566600,18.719566650390625,0.8970780372619629,-0.7186694145202637,1.2153840065002441
1790266849845566500,18.72956640625,1.0799431800842285,-0.7923922538757324,1.1584982872009277
1790266849855566600,18.739566650390625,0.31261396408081055,-0.756385326385498,1.1552133560180664
1790266849865566500,18.74956640625,-0.8986849784851074,-0.6432976722717285,1.267880916595459
1790266849875566600,18.759566650390624,-1.2990798950195312,-0.7778892517089844,1.4950871467590332
1790266849885566500,18.76956640625,-0.4267120361328125,-1.0620651245117188,1.6370038986206055
1790266849895566600,18.779566650390624,0.8347983360290527,-1.105787754058838,1.4156403541564941
1790266849905566500,18.78956640625,1.0812005996704102,-0.7627396583557129,1.0629544258117676
1790266849915566600,18.799566650390624,0.33489084243774414,-0.37429285049438477,0.9860434532165527
1790266849925566500,18.80956640625,-0.4737820625305176,-0.2133932113647461,1.180501937866211
1790266849935566600,18.819566650390627,-0.6108002662658691,-0.37054014205932617,1.4392480850219727
1790266849945566500,18.82956640625,-0.005730628967285156,-0.6124176979064941,1.393528938293457
1790266849955566600,18.839566650390626,0.6650323867797852,-0.6729831695556641,0.9725794792175293
1790266849965566500,18.84956640625,0.8899469375610352,-0.5834231376647949,0.5306301116943359
1790266849975566600,18.859566650390626,0.48864269256591797,-0.4130864143371582,0.35245227813720703
1790266849985566500,18.86956640625,-0.5715165138244629,-0.39216136932373047,0.47606372833251953
1790266849995566600,18.879566650390625,-1.1177887916564941,-0.7319817543029785,0.6230125427246094
1790266850005566500,18.88956640625,-0.7580175399780273,-1.283773422241211,0.695683479309082
1790266850015566600,18.899566650390625,0.008955001831054688,-1.7070879936218262,0.5189003944396973
1790266850025566500,18.90956640625,0.1849818229675293,-1.7405943870544434,0.3080015182495117
1790266850035566600,18.919566650390625,-0.3402857780456543,-1.55523681640625,0.4180417060852051
1790266850045566500,18.92956640625,-0.6366629600524902,-1.4416766166687012,0.6861543655395508
1790266850055566600,18.939566650390624,-0.16916847229003906,-1.464975357055664,0.6334075927734375
1790266850065566500,18.94956640625,0.48690223693847656,-1.4543333053588867,0.3637971878051758
1790266850075566600,18.959566650390624,0.820216178894043,-1.384943962097168,-0.013692855834960938
1790266850085566500,18.96956640625,0.7823696136474609,-1.2453603744506836,-0.34040260314941406
1790266850095566600,18.979566650390623,1.0242810249328613,-1.0426435470581055,-0.5569367408752441
1790266850105566500,18.98956640625,1.4367103576660156,-0.8893725872039795,-0.47038960456848145
1790266850115566600,18.999566650390626,1.557215690612793,-0.9491939544677734,-0.19602704048156738
1790266850125566500,19.00956640625,1.5505313873291016,-1.172874927520752,-0.20188069343566895
1790266850135566600,19.019566650390626,1.5464744567871094,-1.3017678260803223,-0.5500020980834961
1790266850145566500,19.02956640625,1.6167488098144531,-1.1081984043121338,-0.8646566867828369
1790266850155566600,19.039566650390626,1.412125587463379,-0.6751298904418945,-0.963242769241333
1790266850165566500,19.04956640625,1.3844327926635742,-0.2821037769317627,-1.047616720199585
1790266850175566600,19.059566650390625,1.987619400024414,-0.033438920974731445,-1.1357872486114502
1790266850185566500,19.06956640625,2.109927177429199,0.08197689056396484,-1.2502930164337158
1790266850195566600,19.079566650390625,1.8657684326171875,0.18736863136291504,-1.4201066493988037
1790266850205566500,19.08956640625,1.484623908996582,0.4662081003189087,-1.5013457536697388
1790266850215566600,19.099566650390624,1.4039554595947266,0.7150058746337891,-1.3839054107666016
1790266850225566500,19.10956640625,2.039936065673828,0.8939744234085083,-1.0369701385498047
1790266850235566600,19.119566650390624,1.5662436485290527,0.8286821842193604,-0.47835779190063477
1790266850245566500,19.12956640625,1.1592769622802734,0.5435929298400879,-0.31121039390563965
1790266850255566600,19.139566650390623,1.517134189605713,0.10233879089355469,-0.23578858375549316
1790266850265566500,19.14956640625,1.5677762031555176,-0.39853382110595703,-0.1189417839050293
1790266850275566600,19.159566650390627,1.6001949310302734,-0.6363329887390137,-0.3633549213409424
1790266850285566500,19.16956640625,1.327768325805664,-0.6287790536880493,-0.6600484848022461
1790266850295566600,19.179566650390626,0.9420719146728516,-0.7178478240966797,-0.7034397125244141
1790266850305566500,19.18956640625,1.0624885559082031,-0.9665217399597168,-0.7031006813049316
1790266850315566600,19.199566650390626,1.2464885711669922,-0.9033374786376953,-1.1512048244476318
1790266850325566500,19.20956640625,1.5385961532592773,-0.4097546339035034,-1.5649750232696533
1790266850335566600,19.219566650390625,0.6632661819458008,0.15915977954864502,-1.5240447521209717
1790266850345566500,19.22956640625,0.889286994934082,0.5282659530639648,-1.4059460163116455
1790266850355566600,19.239566650390625,1.8712997436523438,0.7780236601829529,-1.650078296661377
1790266850365566500,19.24956640625,1.1577730178833008,0.891514241695404,-1.9447672367095947
1790266850375566600,19.259566650390624,1.575322151184082,0.8624679446220398,-2.246500015258789
1790266850385566500,19.26956640625,2.286076545715332,0.8585254549980164,-2.098651647567749
1790266850395566600,19.279566650390624,2.5433802604675293,0.8022656440734863,-2.1742937564849854
1790266850405566500,19.28956640625,3.2365026473999023,0.5935440063476562,-2.008053779602051
1790266850415566600,19.299566650390624,2.8843164443969727,0.5177456736564636,-1.8024218082427979
1790266850425566500,19.30956640625,2.508294105529785,0.6203140020370483,-1.4199907779693604
1790266850435566600,19.319566650390627,1.5644049644470215,0.8434227108955383,-1.4597008228302002
1790266850445566500,19.32956640625,1.4687352180480957,1.0096616744995117,-1.0311734676361084
1790266850455566600,19.339566650390626,2.0011343955993652,1.0811996459960938,-0.7547581195831299
1790266850465566500,19.34956640625,2.030953884124756,0.927955150604248,-0.7734603881835938
1790266850475566600,19.359566650390626,2.281740665435791,0.731523871421814,-0.8781640529632568
1790266850485566500,19.36956640625,2.7059707641601562,0.7150616645812988,-1.0013179779052734
1790266850495566600,19.379566650390625,2.141850471496582,0.8177758455276489,-1.1779308319091797
1790266850505566500,19.38956640625,1.5004692077636719,1.0690728425979614,-1.1014635562896729
1790266850515566600,19.399566650390625,1.7300310134887695,1.472076654434204,-0.8355588912963867
1790266850525566500,19.40956640625,2.043665885925293,1.7159626483917236,-0.9690406322479248
1790266850535566600,19.419566650390625,1.9225082397460938,1.8143925666809082,-1.1311142444610596
1790266850545566500,19.42956640625,1.325338363647461,1.8152310848236084,-1.0396077632904053
1790266850555566600,19.439566650390624,1.248793601989746,1.716001272201538,-0.5970282554626465
1790266850565566500,19.44956640625,1.1850528717041016,1.599139928817749,-0.22101926803588867
1790266850575566600,19.459566650390624,0.8501577377319336,1.3980610370635986,0.025748252868652344
1790266850585566500,19.46956640625,0.48265838623046875,1.0190634727478027,0.0712134838104248
1790266850595566600,19.479566650390623,0.32575416564941406,0.5377724170684814,-0.07887029647827148
1790266850605566500,19.48956640625,0.13566017150878906,-0.013462066650390625,-0.275099515914917
1790266850615566600,19.499566650390626,0.36066246032714844,-0.4931786060333252,-0.25708746910095215
1790266850625566500,19.50956640625,0.5343341827392578,-0.8050355911254883,-0.0028734207153320312
1790266850635566600,19.519566650390626,0.44866180419921875,-1.0247795581817627,0.17141056060791016
1790266850645566500,19.52956640625,0.6794624328613281,-1.1064753532409668,0.20085859298706055
1790266850655566600,19.539566650390626,1.1154894828796387,-0.982356071472168,-0.05211639404296875
1790266850665566500,19.54956640625,0.9055042266845703,-0.6118483543395996,-0.4030117988586426
1790266850675566600,19.559566650390625,0.3963942527770996,-0.09962224960327148,-0.6717982292175293
1790266850685566500,19.56956640625,0.49941062927246094,0.4216747283935547,-0.7180526256561279
1790266850695566600,19.579566650390625,1.0525846481323242,0.7680273056030273,-0.845130443572998
1790266850705566500,19.58956640625,1.3453450202941895,0.8277413845062256,-1.1809124946594238
1790266850715566600,19.599566650390624,1.0945582389831543,0.7231101989746094,-1.276388168334961
1790266850725566500,19.60956640625,0.7573990821838379,0.5352787971496582,-1.127732515335083
1790266850735566600,19.619566650390624,0.8284544944763184,0.3199596405029297,-0.8498339653015137
1790266850745566500,19.62956640625,0.5938572883605957,0.05148601531982422,-0.6993541717529297
1790266850755566600,19.639566650390623,0.017660140991210938,-0.21492528915405273,-0.4997825622558594
1790266850765566500,19.64956640625,0.11064386367797852,-0.5238962173461914,-0.23317193984985352
1790266850775566600,19.659566650390627,0.34816837310791016,-0.8688764572143555,-0.33387184143066406
1790266850785566500,19.66956640625,0.3409843444824219,-1.2731642723083496,-0.6953716278076172
1790266850795566600,19.679566650390626,0.0053272247314453125,-1.7380728721618652,-0.6730358600616455
1790266850805566500,19.68956640625,-0.6090817451477051,-2.1888484954833984,-0.3146076202392578
1790266850815566600,19.699566650390626,-1.1149005889892578,-2.4801387786865234,0.1951146125793457
1790266850825566500,19.70956640625,-1.4156813621520996,-2.563344955444336,0.5984807014465332
1790266850835566600,19.719566650390625,-1.2929191589355469,-2.3977012634277344,0.6160526275634766
1790266850845566500,19.72956640625,-0.7096185684204102,-2.178034782409668,0.36369752883911133
1790266850855566600,19.739566650390625,-0.45331573486328125,-1.832674503326416,-0.06067514419555664
1790266850865566500,19.74956640625,-0.33936548233032227,-1.3929200172424316,-0.3306717872619629
1790266850875566600,19.759566650390624,-0.3189668655395508,-0.9625072479248047,-0.38596415519714355
1790266850885566500,19.76956640625,-0.36831188201904297,-0.7832417488098145,-0.5903716087341309
1790266850895566600,19.779566650390624,-0.2915463447570801,-0.8298063278198242,-0.6130969524383545
1790266850905566500,19.78956640625,0.04644918441772461,-1.0559515953063965,-0.2814674377441406
1790266850915566600,19.799566650390624,0.25488758087158203,-1.339663028717041,0.35548853874206543
1790266850925566500,19.80956640625,0.34967851638793945,-1.6084833145141602,1.0590510368347168
1790266850935566600,19.819566650390627,0.19118595123291016,-1.633683204650879,1.5467441082000732
1790266850945566500,19.82956640625,0.021879196166992188,-1.5790891647338867,2.206620454788208
1790266850955566300,19.83956640625,-0.6725125312805176,-1.5013723373413086,2.748157501220703
1790266850965566500,19.84956640625,-1.9834873676300049,-1.2233343124389648,3.0227034091949463
1790266850975566300,19.85956640625,-2.897299289703369,-0.9257392883300781,2.9752800464630127
1790266850985566500,19.86956640625,-3.179492235183716,-0.8700876235961914,2.7659826278686523
1790266850995566300,19.87956640625,-3.5192530155181885,-0.9686698913574219,2.45752215385437
1790266851005566500,19.88956640625,-3.7404513359069824,-1.2832565307617188,2.596072196960449
1790266851015566300,19.89956640625,-3.4572393894195557,-1.7286348342895508,3.041451930999756
1790266851025566500,19.90956640625,-2.6109745502471924,-2.3865509033203125,3.474355459213257
1790266851035566300,19.91956640625,-1.6938252449035645,-2.877589225769043,3.4684979915618896
1790266851045566500,19.92956640625,-1.1903667449951172,-2.9041757583618164,2.9955742359161377
1790266851055566300,19.93956640625,-1.5672509670257568,-2.3844032287597656,2.0654196739196777
1790266851065566500,19.94956640625,-2.1101300716400146,-1.7149162292480469,1.0217351913452148
1790266851075566300,19.95956640625,-1.9366071224212646,-1.2014379501342773,0.21958279609680176
1790266851085566500,19.96956640625,-1.4398436546325684,-0.7125024795532227,-0.3875882625579834
1790266851095566300,19.97956640625,-1.0120611190795898,-0.1304483413696289,-0.9730579853057861
1790266851105566500,19.98956640625,-0.6718170642852783,0.5026731491088867,-1.3493019342422485
1790266851115566300,19.99956640625,-0.2799668312072754,0.7799291610717773,-1.248830795288086
1790266851125566500,20.00956640625,0.1086113452911377,0.4723529815673828,-0.7595310211181641
1790266851135566300,20.01956640625,0.1331331729888916,-0.17454147338867188,-0.43611788749694824
1790266851145566500,20.02956640625,-0.732011079788208,-1.1923093795776367,-0.22919392585754395
1790266851155566300,20.03956640625,-1.5736396312713623,-1.9631433486938477,-0.07015156745910645
1790266851165566500,20.04956640625,-1.8544700145721436,-2.2939186096191406,0.3690922260284424
1790266851175566300,20.05956640625,-1.489344596862793,-2.063462257385254,0.7256197929382324
1790266851185566500,20.06956640625,-0.7184209823608398,-1.5806903839111328,0.938507080078125
1790266851195566300,20.07956640625,0.2408432960510254,-1.2059049606323242,0.9610846042633057
1790266851205566500,20.08956640625,1.0369126796722412,-1.0077486038208008,0.74481201171875
1790266851215566300,20.09956640625,1.271066665649414,-1.039358139038086,0.3419477939605713
1790266851225566500,20.10956640625,1.0399999618530273,-1.4002752304077148,0.047074079513549805
1790266851235566300,20.11956640625,0.5056862831115723,-1.7754745483398438,-0.1526789665222168
1790266851245566500,20.12956640625,-0.12707090377807617,-2.097243309020996,-0.3359339237213135
1790266851255566300,20.13956640625,-0.45149850845336914,-2.074492931365967,-0.2961275577545166
1790266851265566500,20.14956640625,-0.2132272720336914,-1.7051129341125488,0.08179068565368652
1790266851275566300,20.15956640625,0.2828793525695801,-1.0598621368408203,0.4863095283508301
1790266851285566500,20.16956640625,0.6330132484436035,-0.28124094009399414,0.7750446796417236
1790266851295566300,20.17956640625,0.8191256523132324,0.43624019622802734,1.0088813304901123
1790266851305566500,20.18956640625,1.0552489757537842,0.9250130653381348,1.2639217376708984
1790266851315566300,20.19956640625,1.3631539344787598,1.350975513458252,1.3307387828826904
1790266851325566500,20.20956640625,1.2988648414611816,1.651951789855957,1.0189568996429443
1790266851335566300,20.21956640625,0.9646463394165039,1.856114387512207,0.9084420204162598
1790266851345566500,20.22956640625,0.5310840606689453,1.7891755104064941,1.1904196739196777
1790266851355566300,20.23956640625,0.22528791427612305,1.323282241821289,1.4490876197814941
1790266851365566500,20.24956640625,0.397092342376709,0.6260747909545898,1.6541404724121094
1790266851375566300,20.25956640625,0.7757673263549805,-0.061570167541503906,1.8778274059295654
1790266851385566500,20.26956640625,1.0144548416137695,-0.552675724029541,1.9792323112487793
1790266851395566300,20.27956640625,0.6906037330627441,-0.8731141090393066,1.9012706279754639
1790266851405566500,20.28956640625,0.03836631774902344,-0.8879251480102539,1.9378962516784668
1790266851415566300,20.29956640625,-0.531731128692627,-0.7026791572570801,2.167698383331299
1790266851425566500,20.30956640625,-0.8802027702331543,-0.5091814994812012,2.273310661315918
1790266851435566300,20.31956640625,-0.6973285675048828,-0.5131320953369141,2.215641975402832
1790266851445566500,20.32956640625,0.12638044357299805,-0.6649608612060547,2.037144184112549
1790266851455566300,20.33956640625,0.604494571685791,-0.8886137008666992,1.5821962356567383
1790266851465566500,20.34956640625,0.7497239112854004,-1.0754852294921875,1.1851921081542969
1790266851475566300,20.35956640625,0.9301166534423828,-1.1494488716125488,0.9122037887573242
1790266851485566500,20.36956640625,0.7564458847045898,-1.069221019744873,0.8662433624267578
1790266851495566300,20.37956640625,0.1996302604675293,-0.9688072204589844,0.8516764640808105
1790266851505566500,20.38956640625,-0.28962278366088867,-1.0042986869812012,0.9244704246520996
1790266851515566300,20.39956640625,-0.5742473602294922,-1.1804189682006836,1.1420636177062988
1790266851525566500,20.40956640625,-0.5965943336486816,-1.4547686576843262,1.1884026527404785
1790266851535566300,20.41956640625,-0.2766380310058594,-1.6957812309265137,1.0095791816711426
1790266851545566500,20.42956640625,0.051558494567871094,-1.742844581604004,0.6841201782226562
1790266851555566300,20.43956640625,0.11206483840942383,-1.6158947944641113,0.4307851791381836
1790266851565566500,20.44956640625,-0.21814203262329102,-1.3591842651367188,0.33692121505737305
1790266851575566300,20.45956640625,-0.49441099166870117,-1.1750264167785645,0.33373260498046875
1790266851585566500,20.46956640625,-0.48700857162475586,-1.0821199417114258,0.25919342041015625
1790266851595566300,20.47956640625,-0.3015885353088379,-1.1029186248779297,0.15613985061645508
1790266851605566500,20.48956640625,0.14440345764160156,-1.05393648147583,0.022817134857177734
1790266851615566300,20.49956640625,0.9216113090515137,-0.8529610633850098,-0.19397759437561035
1790266851625566500,20.50956640625,1.3777952194213867,-0.48586130142211914,-0.4303913116455078
1790266851635566300,20.51956640625,1.103445053100586,-0.12087345123291016,-0.6260356903076172
1790266851645566500,20.52956640625,0.510218620300293,0.022513389587402344,-0.6846637725830078
1790266851655566300,20.53956640625,0.5844907760620117,-0.03549957275390625,-0.690833568572998
1790266851665566500,20.54956640625,1.3104100227355957,-0.09769868850708008,-0.6672487258911133
1790266851675566300,20.55956640625,1.379262924194336,0.01955413818359375,-0.5667729377746582
1790266851685566500,20.56956640625,0.765779972076416,0.11543130874633789,-0.5192704200744629
1790266851695566300,20.57956640625,0.4806962013244629,0.005790233612060547,-0.4051828384399414
1790266851705566500,20.58956640625,1.0869016647338867,-0.2774336338043213,-0.1963050365447998
1790266851715566300,20.59956640625,1.798520565032959,-0.522010087966919,-0.033190250396728516
1790266851725566500,20.60956640625,1.8260345458984375,-0.686079740524292,0.09659814834594727
1790266851735566300,20.61956640625,1.1343460083007812,-0.8254232406616211,0.032364845275878906
1790266851745566500,20.62956640625,0.3094959259033203,-1.2058238983154297,-0.22531390190124512
1790266851755566300,20.63956640625,0.3546133041381836,-1.7041237354278564,-0.5226664543151855
1790266851765566500,20.64956640625,0.9532976150512695,-1.9807765483856201,-0.6447114944458008
1790266851775566300,20.65956640625,0.48018741607666016,-1.762275218963623,-0.3277137279510498
1790266851785566500,20.66956640625,-0.41057777404785156,-1.2513034343719482,0.3039400577545166
1790266851795566300,20.67956640625,-0.38365650177001953,-0.6449778079986572,0.775090217590332
1790266851805566500,20.68956640625,0.6037406921386719,-0.4215993881225586,0.8833804130554199
1790266851815566300,20.69956640625,1.4087114334106445,-0.6024425029754639,0.4986565113067627
1790266851825566500,20.70956640625,1.937417984008789,-0.9659302234649658,-0.5093836784362793
1790266851835566300,20.71956640625,2.225799560546875,-1.1654388904571533,-1.4666056632995605
1790266851845566500,20.72956640625,2.3316097259521484,-0.9732813835144043,-2.0282950401306152
1790266851855566300,20.73956640625,2.460531234741211,-0.5109241008758545,-2.2455906867980957
1790266851865566500,20.74956640625,2.4317712783813477,-0.07933616638183594,-2.3899972438812256
1790266851875566300,20.75956640625,2.004347324371338,0.11356163024902344,-2.449211835861206
1790266851885566500,20.76956640625,1.918302059173584,0.041803836822509766,-2.3666889667510986
1790266851895566300,20.77956640625,1.9489588737487793,-0.0027594566345214844,-2.0949087142944336
1790266851905566500,20.78956640625,2.3258543014526367,0.36032044887542725,-1.9435911178588867
1790266851915566300,20.79956640625,2.823296546936035,1.2812296152114868,-2.034372568130493
1790266851925566500,20.80956640625,2.7545156478881836,2.149667501449585,-1.9962546825408936
1790266851935566300,20.81956640625,2.2045249938964844,2.3192412853240967,-2.0155701637268066
1790266851945566500,20.82956640625,1.4066028594970703,1.9128530025482178,-2.229443073272705
1790266851955566300,20.83956640625,0.9738616943359375,1.630812168121338,-2.524944543838501
1790266851965566500,20.84956640625,0.6115045547485352,1.7158654928207397,-2.4400634765625
1790266851975566300,20.85956640625,-0.16418170928955078,1.7931406497955322,-1.6732730865478516
1790266851985566500,20.86956640625,-0.3267631530761719,1.6606006622314453,-0.6752302646636963
1790266851995566300,20.87956640625,0.05149650573730469,1.1742136478424072,-0.15253877639770508
1790266852005566500,20.88956640625,-0.43431663513183594,0.46914923191070557,-0.07413434982299805
1790266852015566300,20.89956640625,-0.7951087951660156,-0.5230104923248291,0.029681682586669922
1790266852025566500,20.90956640625,-0.4512338638305664,-1.1963655948638916,-0.0024132728576660156
1790266852035566300,20.91956640625,0.22245216369628906,-1.1568211317062378,-0.5351228713989258
1790266852045566500,20.92956640625,1.0438504219055176,-0.547598123550415,-1.0847177505493164
1790266852055566300,20.93956640625,1.4738225936889648,0.142203688621521,-1.3229658603668213
1790266852065566500,20.94956640625,1.4520387649536133,0.5864666104316711,-1.497697353363037
1790266852075566300,20.95956640625,1.1504411697387695,0.8384295701980591,-1.819809913635254
1790266852085566500,20.96956640625,1.0056562423706055,1.1606760025024414,-2.056692600250244
1790266852095566300,20.97956640625,1.0058307647705078,1.579022765159607,-2.160118579864502
1790266852105566500,20.98956640625,1.0415563583374023,1.920443058013916,-1.8861572742462158
1790266852115566300,20.99956640625,1.1140718460083008,2.0265419483184814,-1.763852834701538
1790266852125566500,21.00956640625,2.1861772537231445,1.8548518419265747,-1.5981409549713135
1790266852135566300,21.01956640625,2.566199779510498,1.2345057725906372,-1.2182493209838867
1790266852145566500,21.02956640625,2.7507858276367188,0.42212867736816406,-1.4190852642059326
1790266852155566300,21.03956640625,3.4283204078674316,-0.23717212677001953,-1.710953712463379
1790266852165566500,21.04956640625,3.4717636108398438,-0.6270785331726074,-1.668355941772461
1790266852175566300,21.05956640625,3.7447309494018555,-0.7820067405700684,-1.8347251415252686
1790266852185566500,21.06956640625,3.58046817779541,-0.5679752826690674,-2.2024073600769043
1790266852195566300,21.07956640625,2.9533472061157227,-0.01033639907836914,-2.3413896560668945
1790266852205566500,21.08956640625,2.218870162963867,0.7521450519561768,-2.3105053901672363
1790266852215566300,21.09956640625,1.1350326538085938,1.483906865119934,-2.0810532569885254
1790266852225566500,21.10956640625,-0.2144632339477539,2.120908737182617,-1.6192564964294434
1790266852235566300,21.11956640625,-0.7978992462158203,2.574547290802002,-0.9963665008544922
1790266852245566500,21.12956640625,-0.17966651916503906,2.676736354827881,-0.44849061965942383
1790266852255566300,21.13956640625,0.5049958229064941,2.3229074478149414,-0.20175409317016602
1790266852265566500,21.14956640625,0.5922427177429199,1.7391667366027832,-0.20679187774658203
1790266852275566300,21.15956640625,0.06573772430419922,0.875941276550293,-0.3334221839904785
1790266852285566500,21.16956640625,0.05923891067504883,-0.10184407234191895,-0.33927392959594727
1790266852295566300,21.17956640625,-0.03684091567993164,-0.974268913269043,-0.44190406799316406
1790266852305566500,21.18956640625,-0.5006508827209473,-1.6469988822937012,-0.5379929542541504
1790266852315566300,21.19956640625,-0.5090656280517578,-2.116497039794922,-0.4704780578613281
1790266852325566500,21.20956640625,-0.42061805725097656,-2.349475383758545,-0.6446938514709473
1790266852335566300,21.21956640625,-0.5044679641723633,-2.430318832397461,-0.8467392921447754
1790266852345566500,21.22956640625,-0.6590862274169922,-2.4071273803710938,-0.669405460357666
1790266852355566300,21.23956640625,-0.5136470794677734,-2.282895565032959,-0.3058490753173828
1790266852365566500,21.24956640625,-0.2313671112060547,-2.1524362564086914,-0.0032858848571777344
1790266852375566300,21.25956640625,-0.21229791641235352,-2.0683579444885254,0.3196444511413574
1790266852385566500,21.26956640625,-0.282773494720459,-2.0483875274658203,0.5142464637756348
1790266852395566300,21.27956640625,-0.1603245735168457,-1.9105863571166992,0.5480961799621582
1790266852405566500,21.28956640625,0.13191747665405273,-1.7509937286376953,0.24372577667236328
1790266852415566300,21.29956640625,0.7099251747131348,-1.4492697715759277,0.009755611419677734
1790266852425566500,21.30956640625,1.134413242340088,-0.9167995452880859,-0.10499191284179688
1790266852435566300,21.31956640625,1.105344295501709,-0.15325212478637695,-0.2162761688232422
1790266852445566500,21.32956640625,0.38112306594848633,0.6634550094604492,-0.22353219985961914
1790266852455566300,21.33956640625,-0.4334883689880371,1.382967472076416,-0.19692039489746094
1790266852465566500,21.34956640625,-0.901341438293457,1.8592948913574219,-0.25212812423706055
1790266852475566300,21.35956640625,-1.2613005638122559,2.0515785217285156,-0.21716928482055664
1790266852485566500,21.36956640625,-1.558298110961914,1.8747596740722656,-0.08378076553344727
1790266852495566300,21.37956640625,-1.5861811637878418,1.2275099754333496,0.15485143661499023
1790266852505566500,21.38956640625,-1.3768572807312012,0.13398265838623047,0.30536556243896484
1790266852515566300,21.39956640625,-1.207620620727539,-1.0269289016723633,0.5212044715881348
1790266852525566500,21.40956640625,-0.9775218963623047,-2.4302587509155273,0.7069034576416016
1790266852535566300,21.41956640625,-0.6793408393859863,-3.5544357299804688,0.5604910850524902
1790266852545566500,21.42956640625,-0.8657565116882324,-3.918919563293457,0.3309621810913086
1790266852555566300,21.43956640625,-1.2755484580993652,-3.9685230255126953,0.44965696334838867
1790266852565566500,21.44956640625,-1.9026198387145996,-3.518249034881592,0.6235456466674805
1790266852575566300,21.45956640625,-2.309797763824463,-2.9041857719421387,0.7273859977722168
1790266852585566500,21.46956640625,-2.1705546379089355,-2.289417266845703,0.7939250469207764
1790266852595566300,21.47956640625,-2.024081230163574,-1.8972978591918945,1.048382043838501
1790266852605566500,21.48956640625,-1.8372197151184082,-1.823747158050537,1.3203644752502441
1790266852615566300,21.49956640625,-1.8829474449157715,-1.948582649230957,1.6548688411712646
1790266852625566500,21.50956640625,-1.9709281921386719,-2.050968647003174,1.9532890319824219
1790266852635566300,21.51956640625,-1.9599518775939941,-1.908050537109375,1.982010841369629
1790266852645566500,21.52956640625,-1.8887052536010742,-1.5303993225097656,1.8275411128997803
1790266852655566300,21.53956640625,-1.4920969009399414,-0.9889163970947266,1.5329785346984863
1790266852665566500,21.54956640625,-0.5700006484985352,-0.25162220001220703,1.2198314666748047
1790266852675566300,21.55956640625,0.009908914566040039,0.5577564239501953,0.8085954189300537
1790266852685566500,21.56956640625,0.25823378562927246,1.3523812294006348,0.6509201526641846
1790266852695566300,21.57956640625,-0.05549764633178711,1.8596076965332031,0.4880819320678711
1790266852705566500,21.58956640625,-0.6917011737823486,1.863840103149414,0.2643702030181885
1790266852715566300,21.59956640625,-1.1433944702148438,1.3517274856567383,0.24104666709899902
1790266852725566500,21.60956640625,-1.2615995407104492,0.7153382301330566,0.35503435134887695
1790266852735566300,21.61956640625,-1.353050708770752,0.14964675903320312,0.6143238544464111
1790266852745566500,21.62956640625,-1.45597505569458,-0.3040800094604492,0.851710319519043
1790266852755566300,21.63956640625,-1.4732575416564941,-0.90350341796875,0.9764647483825684
1790266852765566500,21.64956640625,-1.3444089889526367,-1.7259607315063477,1.0276520252227783
1790266852775566300,21.65956640625,-1.212874412536621,-2.628188133239746,1.0218513011932373
1790266852785566500,21.66956640625,-0.929511547088623,-3.2891712188720703,0.8913168907165527
1790266852795566300,21.67956640625,-0.5977792739868164,-3.3562564849853516,0.37724995613098145
1790266852805566500,21.68956640625,-0.4718313217163086,-2.8238372802734375,-0.4019033908843994
1790266852815566300,21.69956640625,-0.2330617904663086,-1.9157819747924805,-1.020644187927246
1790266852825566500,21.70956640625,0.2291250228881836,-0.8517794609069824,-1.360708475112915
1790266852835566300,21.71956640625,0.7362766265869141,0.3009786605834961,-1.4419941902160645
1790266852845566500,21.72956640625,1.0049529075622559,1.322709083557129,-1.2255032062530518
1790266852855566300,21.73956640625,1.109936237335205,2.0367465019226074,-0.8064024448394775
1790266852865566500,21.74956640625,1.143387794494629,2.4824743270874023,-0.13086175918579102
1790266852875566300,21.75956640625,0.8510150909423828,2.5622315406799316,0.7165617942810059
1790266852885566500,21.76956640625,0.8715686798095703,2.2778711318969727,1.4386322498321533
1790266852895566300,21.77956640625,1.2322421073913574,1.6788630485534668,1.8124618530273438
1790266852905566500,21.78956640625,1.113368034362793,0.9724769592285156,1.7500054836273193
1790266852915566300,21.79956640625,0.698451042175293,0.1393427848815918,1.6013355255126953
1790266852925566500,21.80956640625,-0.28740930557250977,-0.8895306587219238,1.6017048358917236
1790266852935566300,21.81956640625,-1.868065357208252,-1.9309425354003906,1.4457769393920898
1790266852945566500,21.82956640625,-3.1955995559692383,-2.762989044189453,1.6488606929779053
1790266852955566300,21.83956640625,-3.1263318061828613,-3.2815089225769043,2.578524351119995
1790266852965566500,21.84956640625,-2.0002241134643555,-3.372678279876709,3.6909773349761963
1790266852975566300,21.85956640625,-0.9389171600341797,-3.054947853088379,3.725325107574463
1790266852985566500,21.86956640625,-0.45165252685546875,-2.16212797164917,2.868276596069336
1790266852995566300,21.87956640625,-0.5618863105773926,-1.1417150497436523,2.0238804817199707
1790266853005566500,21.88956640625,-0.927452564239502,-0.5008912086486816,1.219027042388916
1790266853015566300,21.89956640625,-1.0088920593261719,-0.3239002227783203,0.474029541015625
1790266853025566500,21.90956640625,-0.45967674255371094,-0.6128978729248047,0.07383394241333008
1790266853035566300,21.91956640625,0.7229452133178711,-0.9832067489624023,0.25320959091186523
1790266853045566500,21.92956640625,1.4864273071289062,-1.0782852172851562,0.5094962120056152
1790266853055566300,21.93956640625,1.3104586601257324,-0.8399429321289062,0.6945385932922363
1790266853065566500,21.94956640625,0.8115081787109375,-0.3078317642211914,0.7423644065856934
1790266853075566300,21.95956640625,0.787717342376709,0.2718024253845215,0.6711325645446777
1790266853085566500,21.96956640625,1.0622215270996094,0.703580379486084,0.41582584381103516
1790266853095566300,21.97956640625,1.2055816650390625,1.0091204643249512,-0.020909786224365234
1790266853105566500,21.98956640625,1.040759563446045,1.1917734146118164,-0.47501683235168457
1790266853115566300,21.99956640625,0.37462520599365234,1.2371644973754883,-0.689183235168457
1790266853125566500,22.00956640625,-0.8053302764892578,1.0453639030456543,-0.5037312507629395
1790266853135566300,22.01956640625,-1.8226332664489746,0.48375988006591797,0.2957286834716797
1790266853145566500,22.02956640625,-2.3225173950195312,-0.3218111991882324,1.2620468139648438
1790266853155566300,22.03956640625,-1.5287065505981445,-1.1422295570373535,1.709470272064209
1790266853165566500,22.04956640625,0.26494646072387695,-1.5699186325073242,1.3721766471862793
1790266853175566300,22.05956640625,1.18941068649292,-1.4270567893981934,0.48796939849853516
1790266853185566500,22.06956640625,0.8755660057067871,-0.850273609161377,0.2124943733215332
1790266853195566300,22.07956640625,0.14500045776367188,-0.3723630905151367,0.4130740165710449
1790266853205566500,22.08956640625,-0.5030698776245117,-0.4308915138244629,0.3281378746032715
1790266853215566300,22.09956640625,-0.9501457214355469,-0.8015003204345703,0.2954578399658203
1790266853225566500,22.10956640625,-1.0162615776062012,-1.224477767944336,0.6034445762634277
1790266853235566300,22.11956640625,-1.0723471641540527,-1.700627326965332,1.094003677368164
1790266853245566500,22.12956640625,-0.6921472549438477,-2.1858372688293457,1.3673534393310547
1790266853255566300,22.13956640625,0.31767749786376953,-2.461604118347168,1.3032279014587402
1790266853265566500,22.14956640625,1.0799760818481445,-2.3051185607910156,1.125439167022705
1790266853275566300,22.15956640625,0.6466479301452637,-1.8532524108886719,1.2383508682250977
1790266853285566500,22.16956640625,-0.2730283737182617,-1.558927059173584,1.390718936920166
1790266853295566300,22.17956640625,-0.5431709289550781,-1.5411920547485352,1.3611454963684082
1790266853305566500,22.18956640625,-0.12371635437011719,-1.6268301010131836,0.929013729095459
1790266853315566300,22.19956640625,0.6381340026855469,-1.5003199577331543,0.23175716400146484
1790266853325566500,22.20956640625,1.195192813873291,-1.1243791580200195,-0.23093461990356445
1790266853335566300,22.21956640625,1.4753389358520508,-0.6892571449279785,-0.5718183517456055
1790266853345566500,22.22956640625,1.4158315658569336,-0.2950551509857178,-0.7929491996765137
1790266853355566300,22.23956640625,1.362497329711914,-0.05609393119812012,-0.8641576766967773
1790266853365566500,22.24956640625,1.5167608261108398,-0.012274026870727539,-0.8677875995635986
1790266853375566300,22.25956640625,1.8124170303344727,-0.057378292083740234,-1.1140053272247314
1790266853385566500,22.26956640625,1.8951025009155273,-0.07812976837158203,-1.4355058670043945
1790266853395566300,22.27956640625,1.7847881317138672,-0.12949299812316895,-1.6434011459350586
1790266853405566500,22.28956640625,1.6360836029052734,-0.3046693801879883,-1.7043776512145996
1790266853415566300,22.29956640625,1.9259028434753418,-0.5477395057678223,-1.6197190284729004
1790266853425566500,22.30956640625,2.2940049171447754,-0.6856894493103027,-1.4365227222442627
1790266853435566300,22.31956640625,1.9423022270202637,-0.5332374572753906,-1.2294273376464844
1790266853445566500,22.32956640625,0.8839540481567383,-0.12426638603210449,-1.0701510906219482
1790266853455566300,22.33956640625,-0.1140604019165039,0.1390058994293213,-0.9977126121520996
1790266853465566500,22.34956640625,0.0036401748657226562,0.2120962142944336,-0.8544032573699951
1790266853475566300,22.35956640625,0.6177215576171875,0.25895237922668457,-0.5221004486083984
1790266853485566500,22.36956640625,0.9113636016845703,0.16152691841125488,-0.046135902404785156
1790266853495566300,22.37956640625,0.2215747833251953,-0.10422885417938232,0.2677323818206787
1790266853505566500,22.38956640625,0.04909229278564453,-0.6491602659225464,0.2501957416534424
1790266853515566300,22.39956640625,0.792327880859375,-1.039130449295044,0.09168052673339844
1790266853525566500,22.40956640625,1.2054142951965332,-1.0148558616638184,-0.24516844749450684
1790266853535566300,22.41956640625,1.1652684211730957,-0.735532283782959,-0.7637395858764648
1790266853545566500,22.42956640625,1.4478178024291992,-0.4502648115158081,-1.2020511627197266
1790266853555566300,22.43956640625,1.962651252746582,-0.11516034603118896,-1.543360710144043
1790266853565566500,22.44956640625,2.506206512451172,0.346232533454895,-1.9396641254425049
1790266853575566300,22.45956640625,2.96580171585083,0.8667154312133789,-2.3175597190856934
1790266853585566500,22.46956640625,2.521116256713867,1.2080638408660889,-2.5318098068237305
1790266853595566300,22.47956640625,1.7974929809570312,1.2337654829025269,-2.6872410774230957
1790266853605566500,22.48956640625,1.8060426712036133,1.1282687187194824,-2.5905942916870117
1790266853615566300,22.49956640625,2.3890380859375,0.9309657216072083,-2.3392951488494873
1790266853625566500,22.50956640625,2.4216670989990234,0.7159026861190796,-2.1654107570648193
1790266853635566300,22.51956640625,2.6768221855163574,0.6881821155548096,-1.7310981750488281
1790266853645566500,22.52956640625,3.3121213912963867,1.0996321439743042,-1.4979617595672607
1790266853655566300,22.53956640625,3.2932262420654297,1.7980701923370361,-1.7969505786895752
1790266853665566500,22.54956640625,3.241636276245117,2.4185338020324707,-2.0849218368530273
1790266853675566300,22.55956640625,3.156761646270752,2.5872833728790283,-1.6709823608398438
1790266853685566500,22.56956640625,2.8906235694885254,2.266622543334961,-1.2856502532958984
1790266853695566300,22.57956640625,2.496893882751465,1.7804605960845947,-0.8402376174926758
1790266853705566500,22.58956640625,1.8325648307800293,1.3435521125793457,-0.07853293418884277
1790266853715566300,22.59956640625,1.4001579284667969,1.1468913555145264,0.21190166473388672
1790266853725566500,22.60956640625,1.1359319686889648,1.1183578968048096,0.5588016510009766
1790266853735566300,22.61956640625,0.9071102142333984,0.9283100366592407,1.0956788063049316
1790266853745566500,22.62956640625,0.7263698577880859,0.4896661043167114,1.131638526916504
1790266853755566300,22.63956640625,0.5983104705810547,0.06593263149261475,0.6192617416381836
1790266853765566500,22.64956640625,0.4464406967163086,-0.12780344486236572,0.15154790878295898
1790266853775566300,22.65956640625,0.5981764793395996,-0.16719019412994385,-0.11397790908813477
1790266853785566500,22.66956640625,0.6327958106994629,-0.012327909469604492,-0.22461605072021484
1790266853795566300,22.67956640625,0.9149479866027832,0.24536991119384766,-0.3237724304199219
1790266853805566500,22.68956640625,1.0277504920959473,0.5606784820556641,-0.6162385940551758
1790266853815566300,22.69956640625,1.0115976333618164,0.8823268413543701,-0.8458657264709473
1790266853825566500,22.70956640625,0.972132682800293,1.2608647346496582,-1.0226573944091797
1790266853835566300,22.71956640625,1.641988754272461,1.6243071556091309,-1.3674616813659668
1790266853845566500,22.72956640625,2.573577880859375,1.9165581464767456,-1.7078752517700195
1790266853855566300,22.73956640625,2.3109307289123535,2.241971969604492,-1.9884517192840576
1790266853865566500,22.74956640625,1.445239543914795,2.3765721321105957,-1.854933261871338
1790266853875566300,22.75956640625,0.8677639961242676,2.0102109909057617,-1.2706198692321777
1790266853885566500,22.76956640625,1.8127260208129883,1.3009653091430664,-1.1311795711517334
1790266853895566300,22.77956640625,2.717898368835449,0.6362259387969971,-1.5369982719421387
1790266853905566500,22.78956640625,2.417904853820801,0.21100854873657227,-1.9544410705566406
1790266853915566300,22.79956640625,1.060272216796875,-0.11796736717224121,-1.8448622226715088
1790266853925566500,22.80956640625,0.45423030853271484,-0.447542667388916,-1.5951404571533203
1790266853935566300,22.81956640625,-0.1744251251220703,-0.7079610824584961,-1.1371684074401855
1790266853945566500,22.82956640625,-1.2533912658691406,-0.9418587684631348,-0.6881351470947266
1790266853955566300,22.83956640625,-2.00533390045166,-1.0117645263671875,-0.2109847068786621
1790266853965566500,22.84956640625,-1.1470160484313965,-0.923978328704834,-0.1501317024230957
1790266853975566300,22.85956640625,0.0954904556274414,-0.7890625,-0.6089715957641602
1790266853985566500,22.86956640625,0.29936981201171875,-0.7303524017333984,-1.0844707489013672
1790266853995566300,22.87956640625,-0.2909836769104004,-0.734217643737793,-0.9644284248352051
1790266854005566500,22.88956640625,-0.5807652473449707,-0.7555179595947266,-0.5251574516296387
1790266854015566300,22.89956640625,-0.49967050552368164,-0.7786135673522949,-0.48279380798339844
1790266854025566500,22.90956640625,-0.6122193336486816,-0.8650269508361816,-0.8241124153137207
1790266854035566300,22.91956640625,-1.2774815559387207,-1.0490875244140625,-0.9235858917236328
1790266854045566500,22.92956640625,-1.3503108024597168,-1.260481357574463,-0.6646041870117188
1790266854055566300,22.93956640625,-0.27771806716918945,-1.5977740287780762,-0.29745960235595703
1790266854065566500,22.94956640625,1.0856881141662598,-1.933598518371582,-0.19988441467285156
1790266854075566300,22.95956640625,1.1588168144226074,-2.2120304107666016,-0.11430597305297852
1790266854085566500,22.96956640625,-0.05133867263793945,-2.651258945465088,0.47321414947509766
1790266854095566300,22.97956640625,-1.2369632720947266,-2.94118070602417,1.217392921447754
1790266854105566500,22.98956640625,-1.9543828964233398,-2.842660427093506,1.6438846588134766
1790266854115566300,22.99956640625,-2.6348347663879395,-2.3214187622070312,1.8308415412902832
1790266854125566500,23.00956640625,-2.474106788635254,-1.5959134101867676,2.1125173568725586
1790266854135566300,23.01956640625,-1.9386911392211914,-0.837099552154541,2.170187473297119
1790266854145566500,23.02956640625,-1.575798511505127,-0.259737491607666,1.5704889297485352
1790266854155566300,23.03956640625,-1.4462013244628906,-0.20791053771972656,0.8846869468688965
1790266854165566500,23.04956640625,-1.5971522331237793,-0.5461153984069824,0.38471126556396484
1790266854175566300,23.05956640625,-1.711298942565918,-1.0245661735534668,0.13200950622558594
1790266854185566500,23.06956640625,-1.461254596710205,-1.410722255706787,0.026124954223632812
1790266854195566300,23.07956640625,-1.0950250625610352,-1.4759764671325684,-0.13220596313476562
1790266854205566500,23.08956640625,-1.2041101455688477,-1.1951041221618652,-0.47496747970581055
1790266854215566300,23.09956640625,-1.5467495918273926,-0.9010238647460938,-0.6292386054992676
1790266854225566500,23.10956640625,-1.8189177513122559,-0.7398257255554199,-0.6292767524719238
1790266854235566300,23.11956640625,-1.7572240829467773,-0.7175755500793457,-0.46263837814331055
1790266854245566500,23.12956640625,-1.222419261932373,-0.888847827911377,0.005552768707275391
1790266854255566300,23.13956640625,-0.9658422470092773,-1.3165721893310547,0.6618020534515381
1790266854265566500,23.14956640625,-1.267256736755371,-1.7799086570739746,1.1551952362060547
1790266854275566300,23.15956640625,-2.190976619720459,-2.1861929893493652,1.5342800617218018
1790266854285566500,23.16956640625,-2.9101762771606445,-2.7450313568115234,1.9017930030822754
1790266854295566300,23.17956640625,-2.822500228881836,-3.308159351348877,2.194209098815918
1790266854305566500,23.18956640625,-2.207418918609619,-3.630084991455078,2.336466073989868
1790266854315566300,23.19956640625,-1.8169326782226562,-3.475555419921875,2.290900707244873
1790266854325566500,23.20956640625,-1.4102134704589844,-2.8342409133911133,2.078859567642212
1790266854335566300,23.21956640625,-0.8662633895874023,-1.6677169799804688,1.5322275161743164
1790266854345566500,23.22956640625,-0.4524569511413574,-0.40514183044433594,0.7791168689727783
1790266854355566300,23.23956640625,-0.40840625762939453,0.7226996421813965,0.14622187614440918
1790266854365566500,23.24956640625,-0.34488964080810547,1.6368942260742188,-0.15787291526794434
1790266854375566300,23.25956640625,-0.12638187408447266,2.153193473815918,0.00727391242980957
1790266854385566500,23.26956640625,-0.10429954528808594,2.2700023651123047,0.3054482936859131
1790266854395566300,23.27956640625,-0.07619428634643555,2.026859760284424,0.6091976165771484
1790266854405566500,23.28956640625,-0.6296586990356445,1.338137149810791,0.7815427780151367
1790266854415566300,23.29956640625,-1.4458198547363281,0.2954072952270508,0.9263391494750977
1790266854425566500,23.30956640625,-1.8977599143981934,-0.8625402450561523,1.1140222549438477
1790266854435566300,23.31956640625,-1.918867588043213,-1.8804535865783691,1.2365188598632812
1790266854445566500,23.32956640625,-1.4643001556396484,-2.445286750793457,1.0961792469024658
1790266854455566300,23.33956640625,-0.9127473831176758,-2.4198832511901855,0.6918883323669434
1790266854465566500,23.34956640625,-0.34126853942871094,-1.9320826530456543,0.1394815444946289
1790266854475566300,23.35956640625,0.31269121170043945,-1.3107399940490723,-0.27568531036376953
1790266854485566500,23.36956640625,0.7514848709106445,-0.8462619781494141,-0.4655923843383789
1790266854495566300,23.37956640625,0.7404937744140625,-0.5557956695556641,-0.5860004425048828
1790266854505566500,23.38956640625,0.405789852142334,-0.4823288917541504,-0.5884203910827637
1790266854515566300,23.39956640625,-0.17279434204101562,-0.7035188674926758,-0.4729950428009033
1790266854525566500,23.40956640625,-0.5977082252502441,-0.9338374137878418,-0.21216511726379395
1790266854535566300,23.41956640625,-0.6384854316711426,-0.925508975982666,-0.04360604286193848
1790266854545566500,23.42956640625,-0.31648731231689453,-0.6456050872802734,0.005252361297607422
1790266854555566300,23.43956640625,0.0555877685546875,0.0010766983032226562,0.11777853965759277
1790266854565566500,23.44956640625,0.1723642349243164,0.698483943939209,0.06650233268737793
1790266854575566300,23.45956640625,0.17204952239990234,1.3159399032592773,0.21572232246398926
1790266854585566500,23.46956640625,0.3467135429382324,1.6521635055541992,0.6431152820587158
1790266854595566300,23.47956640625,0.7983212471008301,1.692232608795166,0.8016855716705322
1790266854605566500,23.48956640625,1.2678825855255127,1.7783751487731934,0.3958775997161865
1790266854615566300,23.49956640625,1.3967969417572021,1.9391536712646484,-0.2221994400024414
1790266854625566500,23.50956640625,0.9065456390380859,2.129495620727539,-0.6790575981140137
1790266854635566300,23.51956640625,-0.4157676696777344,2.183793067932129,-0.7495217323303223
1790266854645566500,23.52956640625,-2.0322799682617188,1.8248505592346191,-0.1613597869873047
1790266854655566300,23.53956640625,-3.5623393058776855,0.9070615768432617,0.7515416145324707
1790266854665566500,23.54956640625,-3.729414463043213,-0.45693016052246094,1.6669697761535645
1790266854675566300,23.55956640625,-2.2844319343566895,-1.9414920806884766,2.0984935760498047
1790266854685566500,23.56956640625,-0.33914661407470703,-3.116117477416992,1.8388242721557617
1790266854695566300,23.57956640625,0.44601011276245117,-3.719231128692627,1.5971159934997559
1790266854705566500,23.58956640625,-0.2446298599243164,-3.635331630706787,1.6069135665893555
1790266854715566300,23.59956640625,-1.4849004745483398,-3.041140556335449,2.0085248947143555
1790266854725566500,23.60956640625,-2.066999912261963,-2.5761523246765137,2.7156896591186523
1790266854735566300,23.61956640625,-1.6095805168151855,-2.3706512451171875,3.2677764892578125
1790266854745566500,23.62956640625,-0.5769467353820801,-2.0912270545959473,2.992832660675049
1790266854755566300,23.63956640625,0.18633270263671875,-1.7006311416625977,1.9389386177062988
1790266854765566500,23.64956640625,0.714594841003418,-1.3187627792358398,0.8134965896606445
1790266854775566300,23.65956640625,1.1002516746520996,-1.0660605430603027,-0.013102054595947266
1790266854785566500,23.66956640625,1.3558778762817383,-0.8471283912658691,-0.5229706764221191
1790266854795566300,23.67956640625,1.2902302742004395,-0.6866898536682129,-0.6410508155822754
1790266854805566500,23.68956640625,0.8708600997924805,-0.5895357131958008,-0.38941335678100586
1790266854815566300,23.69956640625,0.1547679901123047,-0.5290322303771973,0.06634950637817383
1790266854825566500,23.70956640625,-0.5496530532836914,-0.43256521224975586,0.4747943878173828
1790266854835566300,23.71956640625,-0.6898927688598633,-0.353759765625,0.6517133712768555
1790266854845566500,23.72956640625,-0.19595718383789062,-0.2478008270263672,0.35852622985839844
1790266854855566300,23.73956640625,0.4481472969055176,-0.05062580108642578,-0.40389013290405273
1790266854865566500,23.74956640625,0.4788222312927246,0.24231910705566406,-0.9966301918029785
1790266854875566300,23.75956640625,-0.06026029586791992,0.4870781898498535,-1.0974719524383545
1790266854885566500,23.76956640625,-0.27930784225463867,0.45054149627685547,-0.7228617668151855
1790266854895566300,23.77956640625,-0.007137298583984375,0.11586523056030273,-0.39133214950561523
1790266854905566500,23.78956640625,0.23104238510131836,-0.17331361770629883,-0.44692373275756836
1790266854915566300,23.79956640625,0.22560691833496094,-0.48367834091186523,-0.5627553462982178
1790266854925566500,23.80956640625,0.32900047302246094,-0.7703742980957031,-0.5723819732666016
1790266854935566300,23.81956640625,0.4697260856628418,-1.0126066207885742,-0.515678882598877
1790266854945566500,23.82956640625,0.42258548736572266,-1.1641578674316406,-0.38762617111206055
1790266854955566300,23.83956640625,0.23814630508422852,-1.1486682891845703,-0.1250782012939453
1790266854965566500,23.84956640625,0.30954790115356445,-1.1277077198028564,0.3227839469909668
1790266854975566300,23.85956640625,0.6852865219116211,-1.09419846534729,0.6295485496520996
1790266854985566500,23.86956640625,0.5995464324951172,-0.8577852249145508,0.7044963836669922
1790266854995566300,23.87956640625,-0.07448005676269531,-0.5414869785308838,0.6922721862792969
1790266855005566500,23.88956640625,-0.24552345275878906,-0.32969236373901367,0.6969976425170898
1790266855015566300,23.89956640625,0.4367055892944336,-0.2881946563720703,0.7131710052490234
1790266855025566500,23.90956640625,1.2464041709899902,-0.3521146774291992,0.6222028732299805
1790266855035566300,23.91956640625,1.3123235702514648,-0.49885129928588867,0.3676009178161621
1790266855045566500,23.92956640625,0.953639030456543,-0.7407205104827881,-0.026782512664794922
1790266855055566300,23.93956640625,0.8345723152160645,-1.0035960674285889,-0.45061492919921875
1790266855065566500,23.94956640625,0.9731760025024414,-1.1981446743011475,-0.8318405151367188
1790266855075566300,23.95956640625,1.224466323852539,-1.1988945007324219,-1.0942986011505127
1790266855085566500,23.96956640625,1.5091009140014648,-1.0001180171966553,-1.2905473709106445
1790266855095566300,23.97956640625,1.87896728515625,-0.6405341625213623,-1.4203641414642334
1790266855105566500,23.98956640625,1.9573593139648438,-0.18554723262786865,-1.63596510887146
1790266855115566300,23.99956640625,1.9377737045288086,0.21269965171813965,-2.1137993335723877
1790266855125566500,24.00956640625,2.0315160751342773,0.3988363742828369,-2.3489482402801514
1790266855135566300,24.01956640625,1.4183073043823242,0.4454754590988159,-2.352992534637451
1790266855145566500,24.02956640625,1.207587718963623,0.3516949415206909,-2.295501232147217
1790266855155566300,24.03956640625,1.8352885246276855,0.2089170217514038,-2.3472909927368164
1790266855165566500,24.04956640625,2.166536808013916,0.2637057304382324,-2.1648013591766357
1790266855175566300,24.05956640625,1.9395742416381836,0.45519447326660156,-1.5746569633483887
1790266855185566500,24.06956640625,1.4457626342773438,0.5225105285644531,-1.040229082107544
1790266855195566300,24.07956640625,1.404782772064209,0.39903151988983154,-0.8528943061828613
1790266855205566500,24.08956640625,1.427657127380371,0.20586764812469482,-1.033818244934082
1790266855215566300,24.09956640625,1.2159042358398438,0.10110855102539062,-1.1117446422576904
1790266855225566500,24.10956640625,1.6839919090270996,0.03125119209289551,-0.8777627944946289
1790266855235566300,24.11956640625,2.0196127891540527,0.0667191743850708,-0.8866825103759766
1790266855245566500,24.12956640625,1.5410070419311523,0.26431387662887573,-1.112788200378418
1790266855255566300,24.13956640625,1.3832387924194336,0.5716241598129272,-1.1883938312530518
1790266855265566500,24.14956640625,1.0933113098144531,0.9174946546554565,-1.3431353569030762
1790266855275566300,24.15956640625,1.6644868850708008,1.1402896642684937,-1.0976195335388184
1790266855285566500,24.16956640625,1.9866113662719727,1.2996126413345337,-0.5382471084594727
1790266855295566300,24.17956640625,2.3573036193847656,1.3787224292755127,-0.19745397567749023
1790266855305566500,24.18956640625,2.2744956016540527,1.4404103755950928,-0.4099137783050537
1790266855315566300,24.19956640625,2.352130889892578,1.3546351194381714,-0.7149128913879395
1790266855325566500,24.20956640625,2.390501022338867,1.1016639471054077,-0.6433887481689453
1790266855335566300,24.21956640625,2.786733627319336,0.8655588626861572,-0.6118793487548828
1790266855345566500,24.22956640625,2.496370315551758,0.8945919871330261,-0.7452867031097412
1790266855355566300,24.23956640625,2.013537883758545,0.9991012811660767,-0.6929125785827637
1790266855365566500,24.24956640625,1.5502758026123047,1.1437699794769287,-0.44410109519958496
1790266855375566300,24.25956640625,2.054863929748535,1.3571516275405884,-0.40798139572143555
1790266855385566500,24.26956640625,2.42996883392334,1.6350761651992798,-0.7111306190490723
1790266855395566300,24.27956640625,2.022645950317383,1.8220107555389404,-0.7788839340209961
1790266855405566500,24.28956640625,1.5728998184204102,1.7961440086364746,-0.6063494682312012
1790266855415566300,24.29956640625,1.6823005676269531,1.411088466644287,-0.38457393646240234
1790266855425566500,24.30956640625,1.8194708824157715,0.9392744302749634,-0.45658111572265625
1790266855435566300,24.31956640625,1.6697683334350586,0.5991477966308594,-0.6991403102874756
1790266855445566500,24.32956640625,1.1127796173095703,0.46469831466674805,-0.9469485282897949
1790266855455566300,24.33956640625,1.0787229537963867,0.46144795417785645,-0.9708194732666016
1790266855465566500,24.34956640625,1.0535802841186523,0.6089603900909424,-0.8780298233032227
1790266855475566300,24.35956640625,1.385939598083496,0.8198198080062866,-0.7353153228759766
1790266855485566500,24.36956640625,1.083709716796875,0.9661104679107666,-0.7182435989379883
1790266855495566300,24.37956640625,0.8881707191467285,0.9699254035949707,-0.6709365844726562
1790266855505566500,24.38956640625,0.8450932502746582,0.8691704273223877,-0.6204252243041992
1790266855515566300,24.39956640625,0.873563289642334,0.6339263916015625,-0.46529102325439453
1790266855525566500,24.40956640625,0.8038730621337891,0.4080512523651123,-0.35781335830688477
1790266855535566300,24.41956640625,0.7654757499694824,0.18367528915405273,-0.37207937240600586
1790266855545566500,24.42956640625,0.7635107040405273,-0.014961719512939453,-0.44134044647216797
1790266855555566300,24.43956640625,1.0327796936035156,-0.15761494636535645,-0.6852350234985352
1790266855565566500,24.44956640625,0.7820439338684082,-0.26421022415161133,-1.0861210823059082
1790266855575566300,24.45956640625,0.2968597412109375,-0.40073680877685547,-1.2053027153015137
1790266855585566500,24.46956640625,0.45846080780029297,-0.5376648902893066,-1.0808100700378418
1790266855595566300,24.47956640625,0.6397509574890137,-0.6360926628112793,-0.9073519706726074
1790266855605566500,24.48956640625,0.24608469009399414,-0.6598043441772461,-0.7544527053833008
1790266855615566300,24.49956640625,0.06273412704467773,-0.6239013671875,-0.4660468101501465
1790266855625566500,24.50956640625,0.14837884902954102,-0.6796431541442871,-0.2975029945373535
1790266855635566300,24.51956640625,0.24875926971435547,-0.7129864692687988,-0.41681337356567383
1790266855645566500,24.52956640625,0.2715725898742676,-0.7166590690612793,-0.6030516624450684
1790266855655566300,24.53956640625,-0.09422159194946289,-0.7533636093139648,-0.5013217926025391
1790266855665566500,24.54956640625,-0.30107784271240234,-0.9167237281799316,-0.24782466888427734
1790266855675566300,24.55956640625,-0.05904245376586914,-1.137807846069336,-0.15242290496826172
1790266855685566500,24.56956640625,-0.20009708404541016,-1.3966155052185059,-0.3315587043762207
1790266855695566300,24.57956640625,-0.5711445808410645,-1.5764436721801758,-0.5004634857177734
1790266855705566500,24.58956640625,-0.7718634605407715,-1.7951946258544922,-0.2767200469970703
1790266855715566300,24.59956640625,-0.7313365936279297,-1.9805583953857422,0.024299144744873047
1790266855725566500,24.60956640625,-0.8430075645446777,-2.1604504585266113,0.3126850128173828
1790266855735566300,24.61956640625,-0.9623465538024902,-2.3253173828125,0.5484967231750488
1790266855745566500,24.62956640625,-0.9597625732421875,-2.4101271629333496,0.5865139961242676
1790266855755566300,24.63956640625,-0.8312187194824219,-2.4824042320251465,0.5829987525939941
1790266855765566500,24.64956640625,-0.6539516448974609,-2.462434768676758,0.4978981018066406
1790266855775566300,24.65956640625,-0.6506214141845703,-2.3158926963806152,0.3643016815185547
1790266855785566500,24.66956640625,-0.6676454544067383,-2.0304527282714844,0.33939695358276367
1790266855795566300,24.67956640625,-0.7936034202575684,-1.654233455657959,0.2644619941711426
1790266855805566500,24.68956640625,-0.7941312789916992,-1.2341704368591309,0.14652061462402344
1790266855815566300,24.69956640625,-0.7640929222106934,-0.8428778648376465,0.11390137672424316
1790266855825566500,24.70956640625,-0.7635393142700195,-0.5362973213195801,0.23826217651367188
1790266855835566300,24.71956640625,-0.9115610122680664,-0.4521942138671875,0.6321964263916016
1790266855845566500,24.72956640625,-1.278951644897461,-0.46854543685913086,1.1309170722961426
1790266855855566300,24.73956640625,-1.7191104888916016,-0.7534689903259277,1.681079387664795
1790266855865566500,24.74956640625,-1.957390308380127,-1.3441286087036133,2.234316825866699
1790266855875566300,24.75956640625,-2.195033550262451,-1.9656152725219727,2.5866596698760986
1790266855885566500,24.76956640625,-2.835378408432007,-2.4009180068969727,2.984703302383423
1790266855895566300,24.77956640625,-3.277008533477783,-2.5943775177001953,3.235095977783203
1790266855905566500,24.78956640625,-3.4168198108673096,-2.48175048828125,3.2817962169647217
1790266855915566300,24.79956640625,-3.267761468887329,-1.9225749969482422,3.0476560592651367
1790266855925566500,24.80956640625,-2.6179614067077637,-1.2201204299926758,2.6977732181549072
1790266855935566300,24.81956640625,-1.8867931365966797,-0.6503047943115234,2.4492807388305664
1790266855945566500,24.82956640625,-1.2372322082519531,-0.2326192855834961,2.233412981033325
1790266855955566300,24.83956640625,-0.825615644454956,-0.036899566650390625,1.8774261474609375
1790266855965566500,24.84956640625,-0.607649564743042,0.028614044189453125,1.4496450424194336
1790266855975566300,24.85956640625,-0.7754542827606201,0.060769081115722656,0.7598674297332764
1790266855985566500,24.86956640625,-1.2039015293121338,0.021471023559570312,0.0964803695678711
1790266855995566300,24.87956640625,-1.5399718284606934,-0.23878860473632812,-0.26900506019592285
1790266856005566500,24.88956640625,-1.6262967586517334,-0.5460653305053711,-0.37485384941101074
1790266856015566300,24.89956640625,-1.4213943481445312,-0.7999429702758789,-0.4844400882720947
1790266856025566500,24.90956640625,-1.184840202331543,-0.9170055389404297,-0.6064107418060303
1790266856035566300,24.91956640625,-1.1105399131774902,-0.9255285263061523,-0.7541079521179199
1790266856045566500,24.92956640625,-1.1087031364440918,-0.9828071594238281,-0.7292697429656982
1790266856055566300,24.93956640625,-0.9872632026672363,-1.129134178161621,-0.6686873435974121
1790266856065566500,24.94956640625,-0.8019027709960938,-1.3700895309448242,-0.6873719692230225
1790266856075566300,24.95956640625,-0.5308403968811035,-1.5694761276245117,-0.6748063564300537
1790266856085566500,24.96956640625,-0.1679363250732422,-1.6236438751220703,-0.5758650302886963
1790266856095566300,24.97956640625,0.35492753982543945,-1.4188423156738281,-0.4729306697845459
1790266856105566500,24.98956640625,0.8636956214904785,-0.9350996017456055,-0.41549134254455566
1790266856115566300,24.99956640625,0.9705934524536133,-0.38959598541259766,-0.35934019088745117
1790266856125566500,25.00956640625,1.0171256065368652,0.04801797866821289,-0.3115410804748535
1790266856135566300,25.01956640625,1.2312242984771729,0.4198627471923828,-0.2599167823791504
1790266856145566500,25.02956640625,1.391383171081543,0.6367573738098145,-0.02509760856628418
1790266856155566300,25.03956640625,1.2050352096557617,0.7206988334655762,0.1435718536376953
1790266856165566500,25.04956640625,0.8003058433532715,0.7450757026672363,0.4990255832672119
1790266856175566300,25.05956640625,0.28655385971069336,0.5705909729003906,0.9455831050872803
1790266856185566500,25.06956640625,-0.2435159683227539,0.2220916748046875,1.3412108421325684
1790266856195566300,25.07956640625,-0.630617618560791,-0.22058629989624023,1.7816541194915771
1790266856205566500,25.08956640625,-0.7332019805908203,-0.6721615791320801,2.1134438514709473
1790266856215566300,25.09956640625,-0.6711454391479492,-1.1493816375732422,2.1114842891693115
1790266856225566500,25.10956640625,-0.5102062225341797,-1.5050339698791504,1.7985737323760986
1790266856235566300,25.11956640625,-0.12995100021362305,-1.563732624053955,1.2672514915466309
1790266856245566500,25.12956640625,0.27933168411254883,-1.1481084823608398,0.7203173637390137
1790266856255566300,25.13956640625,0.3591957092285156,-0.7247204780578613,0.3374674320220947
1790266856265566500,25.14956640625,0.4978957176208496,-0.22153472900390625,-0.17053461074829102
1790266856275566300,25.15956640625,0.3761477470397949,0.22571420669555664,-0.3114309310913086
1790266856285566500,25.16956640625,0.11327219009399414,0.38947200775146484,-0.1679227352142334
1790266856295566300,25.17956640625,-0.27289247512817383,0.3507513999938965,0.14106488227844238
1790266856305566500,25.18956640625,-0.42983484268188477,0.15566062927246094,0.5813431739807129
1790266856315566300,25.19956640625,-0.28829383850097656,-0.1954631805419922,1.11962890625
1790266856325566500,25.20956640625,-0.05267333984375,-0.5171728134155273,1.5702447891235352
1790266856335566300,25.21956640625,0.13554906845092773,-0.681708812713623,1.8642759323120117
1790266856345566500,25.22956640625,0.051488399505615234,-0.699131965637207,1.9935293197631836
1790266856355566300,25.23956640625,-0.18200159072875977,-0.6259341239929199,1.9769539833068848
1790266856365566500,25.24956640625,-0.2972269058227539,-0.578646183013916,2.009860038757324
1790266856375566300,25.25956640625,-0.3734922409057617,-0.6604537963867188,1.7842860221862793
1790266856385566500,25.26956640625,-0.2652754783630371,-0.8081679344177246,1.3196849822998047
1790266856395566300,25.27956640625,0.14957475662231445,-0.9504580497741699,0.8635139465332031
1790266856405566500,25.28956640625,0.567162036895752,-1.0091533660888672,0.4225940704345703
1790266856415566300,25.29956640625,0.49224233627319336,-0.8486795425415039,0.08293914794921875
1790266856425566500,25.30956640625,0.08915567398071289,-0.6556286811828613,-0.02785205841064453
1790266856435566300,25.31956640625,-0.3047299385070801,-0.6039528846740723,0.11474609375
1790266856445566500,25.32956640625,-0.28529930114746094,-0.712794303894043,0.296938419342041
1790266856455566300,25.33956640625,-0.021352291107177734,-0.8213882446289062,0.32410669326782227
1790266856465566500,25.34956640625,0.03027963638305664,-0.9225172996520996,0.21448802947998047
1790266856475566300,25.35956640625,-0.0013556480407714844,-0.9354696273803711,0.10078954696655273
1790266856485566500,25.36956640625,-0.23381567001342773,-0.9359784126281738,0.15281152725219727
1790266856495566300,25.37956640625,-0.4566779136657715,-0.9739303588867188,0.3422365188598633
1790266856505566500,25.38956640625,-0.47924232482910156,-1.1564626693725586,0.5998454093933105
1790266856515566300,25.39956640625,0.12821102142333984,-1.3179402351379395,0.6439414024353027
1790266856525566500,25.40956640625,0.9284629821777344,-1.2531132698059082,0.4834556579589844
1790266856535566300,25.41956640625,1.0574636459350586,-0.9422092437744141,0.27455568313598633
1790266856545566500,25.42956640625,0.5497550964355469,-0.6718072891235352,0.1430034637451172
1790266856555566300,25.43956640625,0.03458833694458008,-0.6319632530212402,0.20845651626586914
1790266856565566500,25.44956640625,-0.10467004776000977,-0.8076605796813965,0.2731804847717285
1790266856575566300,25.45956640625,0.16661596298217773,-1.030165672302246,0.2916445732116699
1790266856585566500,25.46956640625,0.5540409088134766,-1.2186284065246582,0.023613929748535156
1790266856595566300,25.47956640625,0.9152145385742188,-1.2747552394866943,-0.1987900733947754
1790266856605566500,25.48956640625,1.0511837005615234,-1.268855094909668,-0.1893148422241211
1790266856615566300,25.49956640625,0.5532169342041016,-1.240501880645752,-0.00949716567993164
1790266856625566500,25.50956640625,-0.4544839859008789,-1.1958801746368408,0.08924198150634766
1790266856635566300,25.51956640625,-0.6354532241821289,-1.2664060592651367,0.1139383316040039
1790266856645566500,25.52956640625,0.11310100555419922,-1.3884365558624268,0.027307510375976562
1790266856655566300,25.53956640625,0.7071294784545898,-1.3849766254425049,-0.2545204162597656
1790266856665566500,25.54956640625,0.8555312156677246,-1.1182429790496826,-0.47128748893737793
1790266856675566300,25.55956640625,1.1341524124145508,-0.7218751907348633,-0.5115277767181396
1790266856685566500,25.56956640625,1.1741724014282227,-0.25940537452697754,-0.5150279998779297
1790266856695566300,25.57956640625,0.8159365653991699,-0.17661571502685547,-0.6302812099456787
1790266856705566500,25.58956640625,0.6403360366821289,-0.3796103000640869,-0.8525228500366211
1790266856715566300,25.59956640625,1.1616888046264648,-0.6027686595916748,-1.128570556640625
1790266856725566500,25.60956640625,2.084780693054199,-0.5803296566009521,-1.1685729026794434
1790266856735566300,25.61956640625,2.474471092224121,-0.2901045083999634,-0.9753119945526123
1790266856745566500,25.62956640625,2.3286733627319336,0.16073036193847656,-0.9134278297424316
1790266856755566300,25.63956640625,1.7926135063171387,0.3797147274017334,-0.8906774520874023
1790266856765566500,25.64956640625,2.0652732849121094,0.340736985206604,-0.9857304096221924
1790266856775566300,25.65956640625,2.763688564300537,0.061634182929992676,-1.110029935836792
1790266856785566500,25.66956640625,3.181820869445801,-0.07257330417633057,-1.221165418624878
1790266856795566300,25.67956640625,2.774847984313965,0.24799847602844238,-1.5097010135650635
1790266856805566500,25.68956640625,2.246976852416992,0.8392084836959839,-1.794323444366455
1790266856815566300,25.69956640625,1.9905004501342773,1.3958079814910889,-1.890488624572754
1790266856825566500,25.70956640625,2.2062625885009766,1.60154128074646,-1.763647437095642
1790266856835566300,25.71956640625,1.8691120147705078,1.644832968711853,-1.5196623802185059
1790266856845566500,25.72956640625,1.784505844116211,1.542283058166504,-1.196500301361084
1790266856855566300,25.73956640625,1.935276985168457,1.3633830547332764,-1.0377624034881592
1790266856865566500,25.74956640625,1.2827272415161133,1.1901907920837402,-0.8463261127471924
1790266856875566300,25.75956640625,0.9775724411010742,0.8011027574539185,-0.593984842300415
1790266856885566500,25.76956640625,1.2458972930908203,0.33630186319351196,-0.37920403480529785
1790266856895566300,25.77956640625,1.490809440612793,0.008542656898498535,-0.38534092903137207
1790266856905566500,25.78956640625,1.3251762390136719,-0.009677290916442871,-0.4506416320800781
1790266856915566300,25.79956640625,1.6311111450195312,0.3042565584182739,-0.500068187713623
1790266856925566500,25.80956640625,1.8081459999084473,0.6697673797607422,-0.6162056922912598
1790266856935566300,25.81956640625,1.8034849166870117,0.984058141708374,-0.7192881107330322
1790266856945566500,25.82956640625,1.5828895568847656,1.1512653827667236,-0.5288817882537842
1790266856955566300,25.83956640625,1.5313329696655273,1.1920514106750488,-0.3456883430480957
1790266856965566500,25.84956640625,2.1778178215026855,1.207521677017212,-0.45510387420654297
1790266856975566300,25.85956640625,2.3636040687561035,1.2609888315200806,-0.6411020755767822
1790266856985566500,25.86956640625,2.259310722351074,1.2085474729537964,-0.594113826751709
1790266856995566300,25.87956640625,1.8322558403015137,1.0088765621185303,-0.5217719078063965
1790266857005566500,25.88956640625,1.4385137557983398,0.7221819758415222,-0.7325799465179443
1790266857015566300,25.89956640625,1.6318902969360352,0.48729586601257324,-1.0095202922821045
1790266857025566500,25.90956640625,2.0899949073791504,0.36589181423187256,-1.139512300491333
1790266857035566300,25.91956640625,2.3639941215515137,0.43584346771240234,-1.2516496181488037
1790266857045566500,25.92956640625,2.2418575286865234,0.564382791519165,-1.2001092433929443
1790266857055566300,25.93956640625,1.7127890586853027,0.7296671867370605,-1.2053790092468262
1790266857065566500,25.94956640625,1.1798043251037598,0.854587197303772,-1.1825580596923828
1790266857075566300,25.95956640625,1.013646125793457,0.9151638746261597,-1.0849485397338867
1790266857085566500,25.96956640625,0.8558931350708008,0.9238474369049072,-0.9449610710144043
1790266857095566300,25.97956640625,1.133814811706543,0.9158599376678467,-0.8517289161682129
1790266857105566500,25.98956640625,0.9656057357788086,0.8303894996643066,-0.7078404426574707
1790266857115566300,25.99956640625,0.7475290298461914,0.691570520401001,-0.7066292762756348
1790266857125566500,26.00956640625,0.6789102554321289,0.4618549346923828,-0.6206512451171875
1790266857135566300,26.01956640625,0.8084554672241211,0.056287288665771484,-0.30048561096191406
1790266857145566500,26.02956640625,0.45162296295166016,-0.45883870124816895,-0.08114290237426758
1790266857155566300,26.03956640625,0.0944056510925293,-0.9885194301605225,-0.0590362548828125
1790266857165566500,26.04956640625,0.13765764236450195,-1.4442768096923828,-0.17490005493164062
1790266857175566300,26.05956640625,0.5463218688964844,-1.683729887008667,-0.47893810272216797
1790266857185566500,26.06956640625,0.7059540748596191,-1.6060523986816406,-0.7307868003845215
1790266857195566300,26.07956640625,0.5396623611450195,-1.2164421081542969,-0.8263735771179199
1790266857205566500,26.08956640625,0.1336989402770996,-0.6297407150268555,-0.7378592491149902
1790266857215566300,26.09956640625,0.19942855834960938,-0.00979924201965332,-0.481905460357666
1790266857225566500,26.10956640625,0.3509840965270996,0.4934568405151367,-0.42730093002319336
1790266857235566300,26.11956640625,0.5113053321838379,0.83050537109375,-0.5089383125305176
1790266857245566500,26.12956640625,0.35454559326171875,0.9679999351501465,-0.5948066711425781
1790266857255566300,26.13956640625,-0.1035757064819336,0.9399709701538086,-0.5530605316162109
1790266857265566500,26.14956640625,-0.23012447357177734,0.7275452613830566,-0.3341407775878906
1790266857275566300,26.15956640625,0.05030250549316406,0.3811793327331543,-0.010670661926269531
1790266857285566500,26.16956640625,-0.10788488388061523,-0.048302650451660156,0.20505952835083008
1790266857295566300,26.17956640625,-0.12038946151733398,-0.5877480506896973,0.21041202545166016
1790266857305566500,26.18956640625,-0.06908273696899414,-1.1047744750976562,-0.052585601806640625
1790266857315566300,26.19956640625,0.016515254974365234,-1.6580171585083008,-0.21584272384643555
1790266857325566500,26.20956640625,0.021428585052490234,-2.017000675201416,-0.3097820281982422
1790266857335566300,26.21956640625,-0.24582386016845703,-2.20070743560791,-0.2267622947692871
1790266857345566500,26.22956640625,-0.6090264320373535,-2.2418479919433594,0.035956382751464844
1790266857355566300,26.23956640625,-0.6651697158813477,-2.141378879547119,0.09523773193359375
1790266857365566500,26.24956640625,-0.7611570358276367,-1.8132882118225098,0.06093549728393555
1790266857375566300,26.25956640625,-1.1160974502563477,-1.3898296356201172,0.1211247444152832
1790266857385566500,26.26956640625,-1.356813907623291,-1.0416984558105469,0.2761116027832031
1790266857395566300,26.27956640625,-1.2520008087158203,-0.8830618858337402,0.49621105194091797
1790266857405566500,26.28956640625,-0.9410858154296875,-0.8785204887390137,0.6457881927490234
1790266857415566300,26.29956640625,-0.821174144744873,-1.2020020484924316,0.9282851219177246
1790266857425566500,26.30956640625,-0.7131290435791016,-1.569115161895752,0.9707250595092773
1790266857435566300,26.31956640625,-0.5628418922424316,-1.8441729545593262,0.8713951110839844
1790266857445566500,26.32956640625,-0.6566805839538574,-2.016308307647705,0.8198752403259277
1790266857455566300,26.33956640625,-0.8690962791442871,-1.898092269897461,0.7582235336303711
1790266857465566500,26.34956640625,-1.0118446350097656,-1.5539488792419434,0.7849636077880859
1790266857475566300,26.35956640625,-1.1124138832092285,-1.0580062866210938,0.8541727066040039
1790266857485566500,26.36956640625,-1.1955389976501465,-0.5357308387756348,0.8137173652648926
1790266857495566300,26.37956640625,-1.1282687187194824,-0.06561565399169922,0.7029743194580078
1790266857505566500,26.38956640625,-0.9455862045288086,0.3588390350341797,0.5661263465881348
1790266857515566300,26.39956640625,-0.9163203239440918,0.5700564384460449,0.5526738166809082
1790266857525566500,26.40956640625,-1.1301398277282715,0.5012960433959961,0.6017935276031494
1790266857535566300,26.41956640625,-1.548506259918213,0.17280244827270508,0.8139200210571289
1790266857545566500,26.42956640625,-2.0409183502197266,-0.5565710067749023,1.3338313102722168
1790266857555566300,26.43956640625,-1.8530387878417969,-1.3513355255126953,2.0339932441711426
1790266857565566500,26.44956640625,-1.2388215065002441,-1.9449725151062012,2.4228603839874268
1790266857575566300,26.45956640625,-0.7691669464111328,-2.1356639862060547,2.4764835834503174
1790266857585566500,26.46956640625,-0.5572285652160645,-1.8547344207763672,2.251582384109497
1790266857595566300,26.47956640625,-0.4539036750793457,-1.2036938667297363,1.8822574615478516
1790266857605566500,26.48956640625,-0.3543281555175781,-0.48177242279052734,1.213066816329956
1790266857615566300,26.49956640625,-0.40407419204711914,0.07066583633422852,0.6222329139709473
1790266857625566500,26.50956640625,-0.7333369255065918,0.2765774726867676,0.3284590244293213
1790266857635566300,26.51956640625,-0.9668636322021484,0.2746758460998535,0.10558819770812988
1790266857645566500,26.52956640625,-0.9713997840881348,0.14280033111572266,-0.10524940490722656
1790266857655566300,26.53956640625,-1.014387607574463,0.045645713806152344,-0.4153869152069092
1790266857665566500,26.54956640625,-1.167496681213379,-0.07895231246948242,-0.6037769317626953
1790266857675566300,26.55956640625,-1.40964937210083,-0.3284745216369629,-0.5882601737976074
1790266857685566500,26.56956640625,-1.4154820442199707,-0.6955471038818359,-0.41480374336242676
1790266857695566300,26.57956640625,-1.3222928047180176,-1.113520622253418,-0.19059157371520996
1790266857705566500,26.58956640625,-1.2394189834594727,-1.4380874633789062,-0.012008190155029297
1790266857715566300,26.59956640625,-1.2419753074645996,-1.667905330657959,0.06447267532348633
1790266857725566500,26.60956640625,-1.3480472564697266,-1.646409511566162,0.12202310562133789
1790266857735566300,26.61956640625,-1.1703953742980957,-1.4805784225463867,0.20733904838562012
1790266857745566500,26.62956640625,-0.7238888740539551,-1.1963515281677246,0.28218603134155273
1790266857755566300,26.63956640625,-0.35572385787963867,-0.873894214630127,0.35331249237060547
1790266857765566500,26.64956640625,-0.15351295471191406,-0.6352338790893555,0.41323304176330566
1790266857775566300,26.65956640625,0.05340003967285156,-0.4840269088745117,0.3628673553466797
1790266857785566500,26.66956640625,0.2966766357421875,-0.4251713752746582,0.2982320785522461
1790266857795566300,26.67956640625,0.5083084106445312,-0.36740827560424805,0.24616622924804688
1790266857805566500,26.68956640625,0.7530603408813477,-0.26784372329711914,0.024316787719726562
1790266857815566300,26.69956640625,1.0257983207702637,0.09124279022216797,-0.07603216171264648
1790266857825566500,26.70956640625,0.830298900604248,0.5347962379455566,-0.21460556983947754
1790266857835566300,26.71956640625,0.06588935852050781,0.8309216499328613,-0.44246673583984375
1790266857845566500,26.72956640625,-0.756716251373291,0.847938060760498,-0.4001455307006836
1790266857855566300,26.73956640625,-1.234858512878418,0.6395120620727539,0.055853843688964844
1790266857865566500,26.74956640625,-1.2897210121154785,0.20043039321899414,0.7413368225097656
1790266857875566300,26.75956640625,-0.8867788314819336,-0.3247685432434082,1.4745097160339355
1790266857885566500,26.76956640625,-0.36692094802856445,-0.7704806327819824,1.9410991668701172
1790266857895566300,26.77956640625,-0.06409072875976562,-1.0615134239196777,2.041477680206299
1790266857905566500,26.78956640625,-0.029182910919189453,-1.055685043334961,1.854942798614502
1790266857915566300,26.79956640625,-0.2974696159362793,-0.8584575653076172,1.5371713638305664
1790266857925566500,26.80956640625,-0.7514033317565918,-0.6868271827697754,1.1323676109313965
1790266857935566300,26.81956640625,-1.1687045097351074,-0.5835833549499512,0.807032585144043
1790266857945566500,26.82956640625,-0.9944310188293457,-0.5714097023010254,0.6550741195678711
1790266857955566300,26.83956640625,-0.4871830940246582,-0.6397261619567871,0.6412549018859863
1790266857965566500,26.84956640625,-0.12274408340454102,-0.726506233215332,0.5488190650939941
1790266857975566300,26.85956640625,-0.07260608673095703,-0.7784733772277832,0.3033761978149414
1790266857985566500,26.86956640625,-0.2633352279663086,-0.8506360054016113,0.1571946144104004
1790266857995566300,26.87956640625,-0.6274013519287109,-0.9781413078308105,0.18941450119018555
1790266858005566500,26.88956640625,-0.8394622802734375,-1.2108683586120605,0.39749717712402344
1790266858015566300,26.89956640625,-0.7721214294433594,-1.473304271697998,0.6242327690124512
1790266858025566500,26.90956640625,-0.4420013427734375,-1.6551265716552734,0.7284164428710938
1790266858035566300,26.91956640625,0.03165483474731445,-1.5955147743225098,0.696467399597168
1790266858045566500,26.92956640625,0.5052900314331055,-1.2166180610656738,0.419497013092041
1790266858055566300,26.93956640625,0.6944947242736816,-0.5728096961975098,0.04668474197387695
1790266858065566500,26.94956640625,0.4073615074157715,-0.015875816345214844,-0.23180532455444336
1790266858075566300,26.95956640625,-0.055973052978515625,0.3248939514160156,-0.4719820022583008
1790266858085566500,26.96956640625,-0.27436017990112305,0.45466041564941406,-0.5998053550720215
1790266858095566300,26.97956640625,-0.2741875648498535,0.39205217361450195,-0.5418453216552734
1790266858105566500,26.98956640625,-0.32266807556152344,0.26787805557250977,-0.24647188186645508
1790266858115566300,26.99956640625,-0.2634162902832031,0.12303018569946289,0.058628082275390625
1790266858125566500,27.00956640625,-0.20691394805908203,-0.05871105194091797,0.4355888366699219
1790266858135566300,27.01956640625,-0.14661264419555664,-0.3608832359313965,0.8423628807067871
1790266858145566500,27.02956640625,0.13741207122802734,-0.7852492332458496,1.0047106742858887
1790266858155566300,27.03956640625,0.3419790267944336,-1.1797032356262207,0.9112658500671387
1790266858165566500,27.04956640625,0.19465923309326172,-1.4071364402770996,0.6604390144348145
1790266858175566300,27.05956640625,-0.2862100601196289,-1.4264264106750488,0.5575661659240723
1790266858185566500,27.06956640625,-0.8220806121826172,-1.3578109741210938,0.7068915367126465
1790266858195566300,27.07956640625,-0.7226734161376953,-1.3990178108215332,0.9461679458618164
1790266858205566500,27.08956640625,0.12524175643920898,-1.3932080268859863,1.1406869888305664
1790266858215566300,27.09956640625,0.4814643859863281,-1.299631118774414,1.2796149253845215
1790266858225566500,27.10956640625,0.052567481994628906,-1.1883864402770996,1.3244667053222656
1790266858235566300,27.11956640625,-0.49155378341674805,-1.2029471397399902,1.3446731567382812
1790266858245566500,27.12956640625,-0.22382545471191406,-1.3388149738311768,1.287248134613037
1790266858255566300,27.13956640625,0.462615966796875,-1.4075722694396973,1.1499786376953125
1790266858265566500,27.14956640625,0.948878288269043,-1.3455328941345215,0.9676737785339355
1790266858275566300,27.15956640625,1.3404617309570312,-1.173985481262207,0.597020149230957
1790266858285566500,27.16956640625,1.727898120880127,-0.8717131614685059,0.06684207916259766
1790266858295566300,27.17956640625,1.8311786651611328,-0.5652732849121094,-0.34690213203430176
1790266858305566500,27.18956640625,1.5769562721252441,-0.29530763626098633,-0.6058096885681152
1790266858315566300,27.19956640625,1.1482257843017578,-0.19639229774475098,-0.669203519821167
1790266858325566500,27.20956640625,1.009699821472168,-0.2564969062805176,-0.7029976844787598
1790266858335566300,27.21956640625,1.4766740798950195,-0.2799084186553955,-0.7623739242553711
1790266858345566500,27.22956640625,2.1972970962524414,-0.07224345207214355,-0.808011531829834
1790266858355566300,27.23956640625,2.2701659202575684,0.06757354736328125,-0.8215208053588867
1790266858365566500,27.24956640625,2.452578544616699,0.1880168914794922,-0.944629430770874
1790266858375566300,27.25956640625,2.0515565872192383,0.233201265335083,-1.2341594696044922
1790266858385566500,27.26956640625,1.3566107749938965,0.17345082759857178,-1.6194887161254883
1790266858395566300,27.27956640625,1.4056758880615234,-0.11163949966430664,-1.8389959335327148
1790266858405566500,27.28956640625,2.103923797607422,-0.335925817489624,-1.879677653312683
1790266858415566300,27.29956640625,2.2951364517211914,-0.29148101806640625,-1.6497106552124023
1790266858425566500,27.30956640625,1.8961901664733887,-0.14886677265167236,-1.426499366760254
1790266858435566300,27.31956640625,1.246870994567871,-0.007330536842346191,-1.351802110671997
1790266858445566500,27.32956640625,0.7630491256713867,-0.03671538829803467,-1.3672325611114502
1790266858455566300,27.33956640625,0.9775505065917969,-0.2155550718307495,-1.3211922645568848
1790266858465566500,27.34956640625,1.5621933937072754,-0.2715446352958679,-1.192981243133545
1790266858475566300,27.35956640625,1.6979084014892578,-0.0442771315574646,-0.9488646984100342
1790266858485566500,27.36956640625,1.5711088180541992,0.33378490805625916,-0.7942180633544922
1790266858495566300,27.37956640625,1.5884785652160645,0.5504994988441467,-0.904710054397583
1790266858505566500,27.38956640625,1.8202919960021973,0.5022152662277222,-1.1410911083221436
1790266858515566300,27.39956640625,1.8031582832336426,0.36588162183761597,-1.5170516967773438
1790266858525566500,27.40956640625,1.275996208190918,0.23909857869148254,-1.757346510887146
1790266858535566300,27.41956640625,1.2962665557861328,0.28376930952072144,-2.027941942214966
1790266858545566500,27.42956640625,1.4244565963745117,0.6411628723144531,-2.3345749378204346
1790266858555566300,27.43956640625,1.4271764755249023,1.2183741331100464,-2.3397254943847656
1790266858565566500,27.44956640625,1.501875400543213,1.548734426498413,-2.0334830284118652
1790266858575566300,27.45956640625,1.4091429710388184,1.4836113452911377,-1.6278419494628906
1790266858585566500,27.46956640625,1.5448241233825684,1.2477831840515137,-1.0608012676239014
1790266858595566300,27.47956640625,1.5129108428955078,0.8295515179634094,-0.7538492679595947
1790266858605566500,27.48956640625,1.0414109230041504,0.43109577894210815,-0.7670407295227051
1790266858615566300,27.49956640625,1.3985633850097656,0.2058919072151184,-1.019810438156128
1790266858625566500,27.50956640625,1.5950379371643066,0.22006815671920776,-1.6694865226745605
1790266858635566300,27.51956640625,1.1143560409545898,0.3840681314468384,-2.155503273010254
1790266858645566500,27.52956640625,1.2675848007202148,0.5562987327575684,-1.953831672668457
1790266858655566300,27.53956640625,1.8701963424682617,0.7991742491722107,-1.4639368057250977
1790266858665566500,27.54956640625,1.5629363059997559,0.8871908783912659,-1.2479281425476074
1790266858675566300,27.55956640625,1.1103334426879883,0.9424338340759277,-1.1705431938171387
1790266858685566500,27.56956640625,0.6183156967163086,0.8211085796356201,-0.7093391418457031
1790266858695566300,27.57956640625,0.5424871444702148,0.5558019876480103,-0.37751030921936035
1790266858705566500,27.58956640625,0.5025768280029297,0.2773935794830322,-0.34313440322875977
1790266858715566300,27.59956640625,1.0172653198242188,0.055254578590393066,-0.1978902816772461
1790266858725566500,27.60956640625,1.5754761695861816,-0.06148862838745117,-0.18177509307861328
1790266858735566300,27.61956640625,1.7159042358398438,-0.04442286491394043,-0.2844691276550293
1790266858745566500,27.62956640625,1.787099838256836,0.02946949005126953,-0.5229794979095459
1790266858755566300,27.63956640625,1.3582043647766113,0.06301665306091309,-0.5951080322265625
1790266858765566500,27.64956640625,0.587916374206543,0.16475629806518555,-0.42500734329223633
1790266858775566300,27.65956640625,0.7337021827697754,0.30657362937927246,-0.2055191993713379
1790266858785566500,27.66956640625,0.8359503746032715,0.5207927227020264,-0.23999500274658203
1790266858795566300,27.67956640625,1.2015786170959473,0.6790246963500977,-0.12806224822998047
1790266858805566500,27.68956640625,1.6047101020812988,0.8350753784179688,-0.10902833938598633
1790266858815566300,27.69956640625,1.6676483154296875,1.0531022548675537,-0.18970108032226562
1790266858825566500,27.70956640625,1.5669522285461426,1.2191641330718994,-0.36339616775512695
1790266858835566300,27.71956640625,0.9099559783935547,1.2178232669830322,-0.3904690742492676
1790266858845566500,27.72956640625,0.5024151802062988,1.0044162273406982,-0.3302016258239746
1790266858855566300,27.73956640625,0.398345947265625,0.6339459419250488,-0.4179682731628418
1790266858865566500,27.74956640625,0.43924999237060547,0.2669055461883545,-0.6145873069763184
1790266858875566300,27.75956640625,0.7093415260314941,-0.06799530982971191,-0.8177738189697266
1790266858885566500,27.76956640625,0.732637882232666,-0.31878137588500977,-0.9528727531433105
1790266858895566300,27.77956640625,0.2307753562927246,-0.48461484909057617,-0.6341714859008789
1790266858905566500,27.78956640625,-0.6567864418029785,-0.6576356887817383,-0.07511472702026367
1790266858915566300,27.79956640625,-1.2293338775634766,-0.8220458030700684,0.27445030212402344
1790266858925566500,27.80956640625,-1.0616302490234375,-0.9851226806640625,0.23934221267700195
1790266858935566300,27.81956640625,-0.6387414932250977,-1.096132755279541,0.0701441764831543
1790266858945566500,27.82956640625,-0.6179227828979492,-1.2075610160827637,0.030077457427978516
1790266858955566300,27.83956640625,-0.873103141784668,-1.353055477142334,0.3078789710998535
1790266858965566500,27.84956640625,-0.654721736907959,-1.5341315269470215,0.7328062057495117
1790266858975566300,27.85956640625,-0.44277143478393555,-1.674539566040039,0.8491172790527344
1790266858985566500,27.86956640625,-0.4108567237854004,-1.7466182708740234,0.6394548416137695
1790266858995566300,27.87956640625,-0.5672793388366699,-1.7179474830627441,0.3584771156311035
1790266859005566500,27.88956640625,-0.5866079330444336,-1.5746541023254395,0.2452249526977539
1790266859015566300,27.89956640625,-0.6508688926696777,-1.2045187950134277,0.13492298126220703
1790266859025566500,27.90956640625,-1.0176806449890137,-0.6776518821716309,0.006160736083984375
1790266859035566300,27.91956640625,-1.3369402885437012,-0.07263994216918945,0.01231527328491211
1790266859045566500,27.92956640625,-1.2091455459594727,0.4260125160217285,0.10254669189453125
1790266859055566300,27.93956640625,-0.8665919303894043,0.6215462684631348,0.29223155975341797
1790266859065566500,27.94956640625,-0.8779745101928711,0.5218992233276367,0.6265301704406738
1790266859075566300,27.95956640625,-1.2834677696228027,0.02198028564453125,1.0420241355895996
1790266859085566500,27.96956640625,-1.201219081878662,-0.664985179901123,1.2132129669189453
1790266859095566300,27.97956640625,-0.8187770843505859,-1.388868808746338,1.2418341636657715
1790266859105566500,27.98956640625,-0.7193660736083984,-1.9831914901733398,1.1717123985290527
1790266859115566300,27.99956640625,-0.5589165687561035,-2.105825424194336,0.9490203857421875
1790266859125566500,28.00956640625,-0.35536909103393555,-1.887047290802002,0.7072534561157227
1790266859135566300,28.01956640625,-0.23343563079833984,-1.4645075798034668,0.46898508071899414
1790266859145566500,28.02956640625,-0.3052639961242676,-1.0108270645141602,0.15931224822998047
1790266859155566300,28.03956640625,-0.7193551063537598,-0.6413116455078125,-0.07840704917907715
1790266859165566500,28.04956640625,-0.9134006500244141,-0.3826169967651367,-0.10829877853393555
1790266859175566300,28.05956640625,-0.9334940910339355,-0.31173038482666016,0.19779181480407715
1790266859185566500,28.06956640625,-1.0050463676452637,-0.42052268981933594,0.7094066143035889
1790266859195566300,28.07956640625,-1.073472023010254,-0.6615843772888184,1.1369731426239014
1790266859205566500,28.08956640625,-1.015275001525879,-0.8940958976745605,1.3732919692993164
1790266859215566300,28.09956640625,-0.8442463874816895,-1.0693426132202148,1.5309321880340576
1790266859225566500,28.10956640625,-0.654625415802002,-1.1163735389709473,1.5058913230895996
1790266859235566300,28.11956640625,-0.6201877593994141,-0.9523019790649414,1.3347136974334717
1790266859245566500,28.12956640625,-0.6540675163269043,-0.6296572685241699,1.0417945384979248
1790266859255566300,28.13956640625,-0.7568016052246094,-0.25668811798095703,0.6999375820159912
1790266859265566500,28.14956640625,-0.8584332466125488,0.02984619140625,0.45221710205078125
1790266859275566300,28.15956640625,-0.9621939659118652,0.1422133445739746,0.4210953712463379
1790266859285566500,28.16956640625,-1.0292139053344727,0.11765003204345703,0.592322587966919
1790266859295566300,28.17956640625,-1.0633187294006348,-0.03807258605957031,0.7373085021972656
1790266859305566500,28.18956640625,-1.236952781677246,-0.2406010627746582,0.7666468620300293
1790266859315566300,28.19956640625,-1.2931818962097168,-0.49663305282592773,0.7691538333892822
1790266859325566500,28.20956640625,-1.2391986846923828,-0.7337102890014648,0.8716816902160645
1790266859335566300,28.21956640625,-1.0082664489746094,-1.0291523933410645,1.0894050598144531
1790266859345566500,28.22956640625,-0.6391377449035645,-1.2051243782043457,0.9315905570983887
1790266859355566300,28.23956640625,-0.46195411682128906,-1.1899752616882324,0.3157188892364502
1790266859365566500,28.24956640625,-0.5699167251586914,-0.9799685478210449,-0.37836599349975586
1790266859375566300,28.25956640625,-0.8022017478942871,-0.7747821807861328,-0.6878371238708496
1790266859385566500,28.26956640625,-1.003509521484375,-0.6763820648193359,-0.5693709850311279
1790266859395566300,28.27956640625,-1.089864730834961,-0.7631397247314453,-0.21858453750610352
1790266859405566500,28.28956640625,-0.9257016181945801,-0.8664321899414062,0.05699658393859863
1790266859415566300,28.29956640625,-0.5732464790344238,-0.7281742095947266,-0.09917569160461426
1790266859425566500,28.30956640625,-0.40125226974487305,-0.4698629379272461,-0.40978193283081055
1790266859435566300,28.31956640625,-0.5754604339599609,-0.17592716217041016,-0.4676210880279541
1790266859445566500,28.32956640625,-0.8022251129150391,0.017322063446044922,-0.36371541023254395
1790266859455566300,28.33956640625,-0.7368354797363281,0.0885772705078125,-0.03508472442626953
1790266859465566500,28.34956640625,-0.3913431167602539,0.10611677169799805,0.1994030475616455
1790266859475566300,28.35956640625,0.09050512313842773,0.07313394546508789,0.2524998188018799
1790266859485566500,28.36956640625,0.3681612014770508,0.06744194030761719,0.2429063320159912
1790266859495566300,28.37956640625,0.07752513885498047,-0.0415802001953125,0.05970931053161621
1790266859505566500,28.38956640625,-0.3173861503601074,-0.15382099151611328,0.2301030158996582
1790266859515566300,28.39956640625,-0.5945558547973633,-0.363253116607666,0.5209693908691406
1790266859525566500,28.40956640625,-0.47115325927734375,-0.5817937850952148,0.9176115989685059
1790266859535566300,28.41956640625,-0.05409860610961914,-0.6034426689147949,1.176988124847412
1790266859545566500,28.42956640625,0.16229009628295898,-0.5157756805419922,1.0432071685791016
1790266859555566300,28.43956640625,-0.0742945671081543,-0.5100555419921875,0.4993162155151367
1790266859565566500,28.44956640625,-0.5020365715026855,-0.5897216796875,0.09944677352905273
1790266859575566300,28.45956640625,-0.996675968170166,-0.8839139938354492,-0.024730682373046875
1790266859585566500,28.46956640625,-1.1701788902282715,-1.2392773628234863,0.17116689682006836
1790266859595566300,28.47956640625,-0.8422536849975586,-1.5176010131835938,0.666450023651123
1790266859605566500,28.48956640625,-0.32207727432250977,-1.5426082611083984,1.3667306900024414
1790266859615566300,28.49956640625,-0.16880273818969727,-1.6734580993652344,1.448958396911621
1790266859625566500,28.50956640625,-0.304654598236084,-1.5087356567382812,1.3219819068908691
1790266859635566300,28.51956640625,-0.48586082458496094,-1.179213047027588,1.039503574371338
1790266859645566500,28.52956640625,-0.5310320854187012,-0.6959395408630371,0.5800652503967285
1790266859655566300,28.53956640625,-0.5001091957092285,-0.3389625549316406,0.29985523223876953
1790266859665566500,28.54956640625,-0.5200290679931641,-0.14077377319335938,0.16973447799682617
1790266859675566300,28.55956640625,-0.621178150177002,-0.021808147430419922,0.17561721801757812
1790266859685566500,28.56956640625,-0.7272744178771973,-0.04493999481201172,0.3059706687927246
1790266859695566300,28.57956640625,-0.8112616539001465,-0.3068265914916992,0.19961977005004883
1790266859705566500,28.58956640625,-0.49414539337158203,-0.6161260604858398,0.016274452209472656
1790266859715566300,28.59956640625,-0.3241419792175293,-0.8335671424865723,-0.1494898796081543
1790266859725566500,28.60956640625,-0.6189794540405273,-0.9229397773742676,-0.20812654495239258
1790266859735566300,28.61956640625,-0.7794475555419922,-1.030012607574463,-0.254331111907959
1790266859745566500,28.62956640625,-0.4612593650817871,-1.097829818725586,-0.27629566192626953
1790266859755566300,28.63956640625,-0.08262205123901367,-1.0167288780212402,-0.26988935470581055
1790266859765566500,28.64956640625,-0.0002942085266113281,-0.8012886047363281,-0.32852602005004883
1790266859775566300,28.65956640625,-0.1193995475769043,-0.6124801635742188,-0.3364396095275879
1790266859785566500,28.66956640625,-0.3447456359863281,-0.5970449447631836,-0.3173685073852539
1790266859795566300,28.67956640625,-0.6524033546447754,-0.7907123565673828,-0.07234764099121094
1790266859805566500,28.68956640625,-0.7213320732116699,-1.112555980682373,0.27791786193847656
1790266859815566300,28.69956640625,-0.47347497940063477,-1.4522333145141602,0.6410160064697266
1790266859825566500,28.70956640625,-0.15189361572265625,-1.5542340278625488,0.8365006446838379
1790266859835566300,28.71956640625,-0.09692811965942383,-1.4945507049560547,0.9432363510131836
1790266859845566500,28.72956640625,-0.42999696731567383,-1.3142881393432617,1.2371768951416016
1790266859855566300,28.73956640625,-0.8267855644226074,-1.246053695678711,1.6427712440490723
1790266859865566500,28.74956640625,-0.8556466102600098,-1.3623151779174805,1.8922500610351562
1790266859875566300,28.75956640625,-0.49800586700439453,-1.5352540016174316,1.707322597503662
1790266859885566500,28.76956640625,0.028811931610107422,-1.7960920333862305,1.2101330757141113
1790266859895566300,28.77956640625,0.370394229888916,-1.9423213005065918,0.5760536193847656
1790266859905566500,28.78956640625,0.8644661903381348,-1.8350331783294678,0.13709688186645508
1790266859915566300,28.79956640625,1.4498252868652344,-1.485719919204712,-0.05752706527709961
1790266859925566500,28.80956640625,1.4475674629211426,-1.014847993850708,-0.11970853805541992
1790266859935566300,28.81956640625,0.8277449607849121,-0.6736395359039307,-0.1413722038269043
1790266859945566500,28.82956640625,0.45885324478149414,-0.584148645401001,-0.3666505813598633
1790266859955566300,28.83956640625,1.0035476684570312,-0.606334924697876,-0.630591630935669
1790266859965566500,28.84956640625,1.9170784950256348,-0.4952242374420166,-0.7094733715057373
1790266859975566300,28.85956640625,2.2258596420288086,-0.02481555938720703,-0.6479825973510742
1790266859985566500,28.86956640625,1.9000396728515625,0.562312126159668,-0.6387419700622559
1790266859995566300,28.87956640625,1.7082605361938477,0.7934417724609375,-0.5508770942687988
1790266860005566500,28.88956640625,1.737809181213379,0.5712432861328125,-0.4942965507507324
1790266860015566300,28.89956640625,1.905360221862793,0.10317516326904297,-0.5743119716644287
1790266860025566500,28.90956640625,1.7864694595336914,-0.35946154594421387,-0.8460748195648193
1790266860035566300,28.91956640625,1.3045477867126465,-0.5402214527130127,-1.0150527954101562
1790266860045566500,28.92956640625,1.2926712036132812,-0.28685152530670166,-1.1335575580596924
1790266860055566300,28.93956640625,2.030742645263672,0.3210057020187378,-0.9127612113952637
1790266860065566500,28.94956640625,2.054861068725586,0.6425265073776245,-0.4756906032562256
1790266860075566300,28.95956640625,1.7076478004455566,0.4769190549850464,-0.22393178939819336
1790266860085566500,28.96956640625,1.5481147766113281,0.18454182147979736,-0.32666587829589844
1790266860095566300,28.97956640625,1.3845415115356445,0.03325355052947998,-0.5155272483825684
1790266860105566500,28.98956640625,1.5329217910766602,0.15384769439697266,-0.7611863613128662
1790266860115566300,28.99956640625,1.7007246017456055,0.5220890641212463,-0.8973338603973389
1790266860125566500,29.00956640625,1.5611724853515625,0.899131178855896,-0.7694137096405029
1790266860135566300,29.01956640625,1.4711666107177734,0.9166779518127441,-0.9291901588439941
1790266860145566500,29.02956640625,1.954228401184082,0.5813896656036377,-1.2556121349334717
1790266860155566300,29.03956640625,1.9331293106079102,0.19209152460098267,-1.421264886856079
1790266860165566500,29.04956640625,1.3097715377807617,-0.047425270080566406,-1.3857166767120361
1790266860175566300,29.05956640625,1.0078797340393066,0.034748196601867676,-1.1021065711975098
1790266860185566500,29.06956640625,0.6052064895629883,0.39711517095565796,-0.7185025215148926
1790266860195566300,29.07956640625,0.40189647674560547,0.828231930732727,-0.3363664150238037
1790266860205566500,29.08956640625,1.0882863998413086,0.878232479095459,-0.12532615661621094
1790266860215566300,29.09956640625,1.8509607315063477,0.6354038119316101,0.05468010902404785
1790266860225566500,29.10956640625,1.9796295166015625,0.30021750926971436,-0.10576057434082031
1790266860235566300,29.11956640625,1.242879867553711,-0.04831850528717041,-0.54146409034729
1790266860245566500,29.12956640625,1.004920482635498,-0.0496944785118103,-0.8615572452545166
1790266860255566300,29.13956640625,1.735785961151123,0.4049590229988098,-1.0132684707641602
1790266860265566500,29.14956640625,2.307713508605957,0.9296737313270569,-0.7550003528594971
1790266860275566300,29.15956640625,2.472231864929199,1.1340173482894897,-0.26132893562316895
1790266860285566500,29.16956640625,2.6075315475463867,1.117078423500061,-0.20289397239685059
1790266860295566300,29.17956640625,2.599612236022949,1.033961534500122,-0.692692756652832
1790266860305566500,29.18956640625,2.459874153137207,1.0939388275146484,-1.2905735969543457
1790266860315566300,29.19956640625,2.3764305114746094,1.350253939628601,-1.457270860671997
1790266860325566500,29.20956640625,2.5806331634521484,1.658953309059143,-1.470811367034912
1790266860335566300,29.21956640625,2.3777103424072266,2.0409770011901855,-1.2408924102783203
1790266860345566500,29.22956640625,2.452272415161133,2.2435874938964844,-0.6851274967193604
1790266860355566300,29.23956640625,2.0319414138793945,2.1857786178588867,0.09734344482421875
1790266860365566500,29.24956640625,1.5490732192993164,1.7924489974975586,0.9034285545349121
1790266860375566300,29.25956640625,1.9641199111938477,1.12442946434021,1.1210718154907227
1790266860385566500,29.26956640625,2.5594491958618164,0.424938440322876,0.7141408920288086
1790266860395566300,29.27956640625,3.0899534225463867,-0.04047060012817383,0.1892681121826172
1790266860405566500,29.28956640625,2.4394664764404297,-0.25908422470092773,-0.20275068283081055
1790266860415566300,29.29956640625,1.5591545104980469,-0.2901182174682617,-0.46147871017456055
1790266860425566500,29.30956640625,1.3495244979858398,-0.1293354034423828,-0.787559986114502
1790266860435566300,29.31956640625,1.3770952224731445,0.23525238037109375,-1.1173245906829834
1790266860445566500,29.32956640625,1.4108471870422363,0.6722288131713867,-1.34175705909729
1790266860455566300,29.33956640625,1.3215341567993164,1.0993144512176514,-1.4170794486999512
1790266860465566500,29.34956640625,1.0213189125061035,1.401479721069336,-1.328517198562622
1790266860475566300,29.35956640625,0.15018844604492188,1.3699898719787598,-1.0202279090881348
1790266860485566500,29.36956640625,-0.08732986450195312,0.9388308525085449,-0.6927294731140137
1790266860495566300,29.37956640625,0.21334028244018555,0.40273427963256836,-0.3597259521484375
1790266860505566500,29.38956640625,0.25194406509399414,-0.019060134887695312,-0.3209366798400879
1790266860515566300,29.39956640625,0.5976605415344238,-0.30356788635253906,-0.5681586265563965
1790266860525566500,29.40956640625,0.5017590522766113,-0.5601129531860352,-0.8413081169128418
1790266860535566300,29.41956640625,-0.4492793083190918,-0.9044308662414551,-0.7609717845916748
1790266860545566500,29.42956640625,-0.6439142227172852,-1.4656457901000977,-0.23033952713012695
1790266860555566300,29.43956640625,-0.2316908836364746,-2.0345263481140137,0.027771949768066406
1790266860565566500,29.44956640625,0.8014063835144043,-2.6625781059265137,-0.5791115760803223
1790266860575566300,29.45956640625,1.3837251663208008,-3.3009252548217773,-1.386953592300415
1790266860585566500,29.46956640625,1.5727591514587402,-3.545060634613037,-1.8407692909240723
1790266860595566300,29.47956640625,1.2890219688415527,-3.143925189971924,-1.630551815032959
1790266860605566500,29.48956640625,0.06104850769042969,-1.8975982666015625,-1.294870376586914
1790266860615566300,29.49956640625,-1.671546459197998,-0.22130727767944336,-0.9662630558013916
1790266860625566500,29.50956640625,-2.965027332305908,1.2031893730163574,-0.4012608528137207
1790266860635566300,29.51956640625,-3.32944393157959,2.065999746322632,-0.02037668228149414
1790266860645566500,29.52956640625,-2.8071107864379883,2.3712892532348633,-0.04641294479370117
1790266860655566300,29.53956640625,-1.763542652130127,2.065725803375244,-0.49118566513061523
1790266860665566500,29.54956640625,-0.7851176261901855,1.4503917694091797,-0.9421296119689941
1790266860675566300,29.55956640625,-0.589231014251709,0.7463116645812988,-1.0797967910766602
1790266860685566500,29.56956640625,-1.6217002868652344,0.11024045944213867,-0.6993074417114258
1790266860695566300,29.57956640625,-2.8897299766540527,-0.613457202911377,-0.12199974060058594
1790266860705566500,29.58956640625,-2.8652501106262207,-1.5000863075256348,-0.07227945327758789
1790266860715566300,29.59956640625,-2.095945358276367,-2.195981979370117,-0.3726959228515625
1790266860725566500,29.60956640625,-1.6628193855285645,-2.593001365661621,-0.272824764251709
1790266860735566300,29.61956640625,-1.5194902420043945,-2.523571491241455,0.4262533187866211
1790266860745566500,29.62956640625,-1.6264042854309082,-2.4066600799560547,2.086643695831299
1790266860755566300,29.63956640625,-1.7705769538879395,-2.0297603607177734,2.841472625732422
1790266860765566500,29.64956640625,-2.57096529006958,-1.6204748153686523,2.785627841949463
1790266860775566300,29.65956640625,-3.621548652648926,-1.3753294944763184,2.4316554069519043
1790266860785566500,29.66956640625,-3.4538583755493164,-1.2956738471984863,2.382997751235962
1790266860795566300,29.67956640625,-2.718817710876465,-1.3600730895996094,2.2894511222839355
1790266860805566500,29.68956640625,-1.5516419410705566,-1.7005109786987305,2.3047616481781006
1790266860815566300,29.69956640625,0.743720531463623,-2.190816879272461,2.4735872745513916
1790266860825566500,29.70956640625,2.215898275375366,-2.4999775886535645,2.4641969203948975
1790266860835566300,29.71956640625,2.269277572631836,-2.266284942626953,1.9800572395324707
1790266860845566500,29.72956640625,1.8328723907470703,-1.4129676818847656,0.8655033111572266
1790266860855566300,29.73956640625,0.9959530830383301,-0.17282533645629883,-0.09123396873474121
1790266860865566500,29.74956640625,-0.22814130783081055,1.0998430252075195,-0.821221113204956
1790266860875566300,29.75956640625,-1.2153997421264648,1.9890151023864746,-0.925180196762085
1790266860885566500,29.76956640625,-1.2329187393188477,2.2999329566955566,-0.25263476371765137
1790266860895566300,29.77956640625,-0.7175102233886719,2.074516773223877,0.4736905097961426
1790266860905566500,29.78956640625,-0.5565719604492188,1.2814812660217285,0.7916629314422607
1790266860915566300,29.79956640625,-0.8365392684936523,0.05655097961425781,0.9703242778778076
1790266860925566500,29.80956640625,-1.0892314910888672,-1.0927019119262695,1.4952833652496338
1790266860935566300,29.81956640625,-1.0005006790161133,-1.784339427947998,1.9707081317901611
1790266860945566500,29.82956640625,-0.8002643585205078,-1.8863954544067383,1.994767189025879
1790266860955566300,29.83956640625,-0.7321348190307617,-1.6563453674316406,1.6731054782867432
1790266860965566500,29.84956640625,-0.7507858276367188,-1.4071435928344727,1.159074306488037
1790266860975566300,29.85956640625,-0.621922492980957,-1.3918695449829102,0.700202465057373
1790266860985566500,29.86956640625,-0.4139580726623535,-1.5966987609863281,0.3325073719024658
1790266860995566300,29.87956640625,-0.39294958114624023,-1.8100433349609375,-0.01656365394592285
1790266861005566500,29.88956640625,-0.3491072654724121,-1.9265117645263672,-0.3399043083190918
1790266861015566300,29.89956640625,-0.30263710021972656,-1.8709383010864258,-0.51513671875
1790266861025566500,29.90956640625,-0.4428567886352539,-1.5913887023925781,-0.5547871589660645
1790266861035566300,29.91956640625,-0.6829915046691895,-1.1570334434509277,-0.49958133697509766
1790266861045566500,29.92956640625,-0.8328075408935547,-0.8340811729431152,-0.24269843101501465
1790266861055566300,29.93956640625,-0.6880083084106445,-0.720576286315918,0.17804384231567383
1790266861065566500,29.94956640625,-0.37328147888183594,-0.6814684867858887,0.46756410598754883
1790266861075566300,29.95956640625,0.02764892578125,-0.5694875717163086,0.5416176319122314
1790266861085566500,29.96956640625,0.2798004150390625,-0.5051817893981934,0.340451717376709
1790266861095566300,29.97956640625,0.3183407783508301,-0.5259809494018555,0.11375713348388672
1790266861105566500,29.98956640625,0.2552456855773926,-0.4223494529724121,0.0812218189239502
1790266861115566300,29.99956640625,0.20951414108276367,-0.1798081398010254,0.22398090362548828
1790266861125566500,30.00956640625,0.24593305587768555,0.09764814376831055,0.41248440742492676
1790266861135566300,30.01956640625,0.33071136474609375,0.4433608055114746,0.42592716217041016
1790266861145566500,30.02956640625,0.49312591552734375,0.784113883972168,0.2927591800689697
1790266861155566300,30.03956640625,0.6335282325744629,0.9693951606750488,0.10648083686828613
1790266861165566500,30.04956640625,0.6643996238708496,1.000586986541748,-0.15383481979370117
1790266861175566300,30.05956640625,0.554387092590332,0.8469638824462891,-0.29458141326904297
1790266861185566500,30.06956640625,0.12852859497070312,0.6752815246582031,-0.2780015468597412
1790266861195566300,30.07956640625,-0.6940007209777832,0.40717649459838867,-0.04729819297790527
1790266861205566500,30.08956640625,-1.7673664093017578,-0.05021810531616211,0.3753786087036133
1790266861215566300,30.09956640625,-2.4902329444885254,-0.5976176261901855,0.9705367088317871
1790266861225566500,30.10956640625,-2.3869357109069824,-1.1695928573608398,1.774613618850708
1790266861235566300,30.11956640625,-1.6917409896850586,-1.7440752983093262,2.64127516746521
1790266861245566500,30.12956640625,-0.8789710998535156,-2.1586480140686035,3.1358985900878906
1790266861255566300,30.13956640625,-0.6079635620117188,-2.341104030609131,3.0228095054626465
1790266861265566500,30.14956640625,-0.6275005340576172,-2.2768235206604004,2.6136908531188965
1790266861275566300,30.15956640625,-0.3801083564758301,-2.0487561225891113,2.0756802558898926
1790266861285566500,30.16956640625,-0.1384286880493164,-1.7417879104614258,1.407900333404541
1790266861295566300,30.17956640625,-0.0433955192565918,-1.5116453170776367,0.7279133796691895
1790266861305566500,30.18956640625,-0.20327472686767578,-1.293311595916748,0.2523002624511719
1790266861315566300,30.19956640625,-0.2779250144958496,-1.0514774322509766,-0.10991191864013672
1790266861325566500,30.20956640625,-0.02530670166015625,-0.7600789070129395,-0.3820672035217285
1790266861335566300,30.21956640625,0.32891178131103516,-0.45925331115722656,-0.5042276382446289
1790266861345566500,30.22956640625,0.5878739356994629,-0.20493745803833008,-0.4632256031036377
1790266861355566300,30.23956640625,0.6572575569152832,-0.009308815002441406,-0.19026851654052734
1790266861365566500,30.24956640625,0.43695974349975586,0.12945318222045898,0.2299327850341797
1790266861375566300,30.25956640625,-0.04719400405883789,0.12434005737304688,0.7037501335144043
1790266861385566500,30.26956640625,-0.5462207794189453,-0.008483409881591797,1.161482810974121
1790266861395566300,30.27956640625,-0.5688714981079102,-0.15950250625610352,1.515690803527832
1790266861405566500,30.28956640625,-0.13587474822998047,-0.3093123435974121,1.486907958984375
1790266861415566300,30.29956640625,0.13929176330566406,-0.28959226608276367,1.1836605072021484
1790266861425566500,30.30956640625,-0.053955078125,-0.12756681442260742,0.8966755867004395
1790266861435566300,30.31956640625,-0.4489006996154785,-0.03590250015258789,0.8610548973083496
1790266861445566500,30.32956640625,-0.8971691131591797,-0.04566526412963867,0.9251041412353516
1790266861455566300,30.33956640625,-1.2999544143676758,-0.1392970085144043,0.9691987037658691
1790266861465566500,30.34956640625,-1.1220793724060059,-0.27465057373046875,0.9929494857788086
1790266861475566300,30.35956640625,-0.1952047348022461,-0.3817887306213379,0.8485965728759766
1790266861485566500,30.36956640625,0.8766441345214844,-0.3449563980102539,0.45683717727661133
1790266861495566300,30.37956640625,1.061337947845459,-0.14531278610229492,0.20983552932739258
1790266861505566500,30.38956640625,0.46195077896118164,0.031191349029541016,0.19677114486694336
1790266861515566300,30.39956640625,-0.23753070831298828,-0.0775303840637207,0.35004520416259766
1790266861525566500,30.40956640625,-0.2369537353515625,-0.4645047187805176,0.4509449005126953
1790266861535566300,30.41956640625,0.2786726951599121,-0.904578685760498,0.38921117782592773
1790266861545566500,30.42956640625,0.593773365020752,-1.1500225067138672,0.27357959747314453
1790266861555566300,30.43956640625,0.4014320373535156,-1.1482925415039062,0.17741870880126953
1790266861565566500,30.44956640625,0.04859161376953125,-1.066053867340088,0.12772798538208008
1790266861575566300,30.45956640625,-0.1277146339416504,-1.0223050117492676,0.12423992156982422
1790266861585566500,30.46956640625,-0.07283449172973633,-1.0776066780090332,0.08767175674438477
1790266861595566300,30.47956640625,0.15204620361328125,-1.2824249267578125,0.13919925689697266
1790266861605566500,30.48956640625,0.5577564239501953,-1.5502853393554688,-0.038837432861328125
1790266861615566300,30.49956640625,0.8174285888671875,-1.5891187191009521,-0.2425537109375
1790266861625566500,30.50956640625,0.33620786666870117,-1.3555197715759277,-0.34409284591674805
1790266861635566300,30.51956640625,-0.37082862854003906,-1.1300389766693115,-0.42111659049987793
1790266861645566500,30.52956640625,-0.3880586624145508,-1.1384334564208984,-0.5413980484008789
1790266861655566300,30.53956640625,0.3119535446166992,-1.1786484718322754,-0.6466121673583984
1790266861665566500,30.54956640625,0.812199592590332,-1.1739988327026367,-0.7544488906860352
1790266861675566300,30.55956640625,0.7205333709716797,-1.0963318347930908,-0.8980607986450195
1790266861685566500,30.56956640625,0.608729362487793,-0.9616367816925049,-0.9255204200744629
1790266861695566300,30.57956640625,0.8257970809936523,-0.847794771194458,-0.8027889728546143
1790266861705566500,30.58956640625,1.153249740600586,-0.6993043422698975,-0.6439590454101562
1790266861715566300,30.59956640625,0.9866666793823242,-0.553856611251831,-0.6179027557373047
1790266861725566500,30.60956640625,1.1513819694519043,-0.45005178451538086,-0.8373122215270996
1790266861735566300,30.61956640625,1.7146167755126953,-0.3641657829284668,-1.0365068912506104
1790266861745566500,30.62956640625,2.9591546058654785,-0.18228328227996826,-1.1576335430145264
1790266861755566300,30.63956640625,3.4252119064331055,0.2396836280822754,-1.2141258716583252
1790266861765566500,30.64956640625,2.945291519165039,0.7165908217430115,-1.5624332427978516
1790266861775566300,30.65956640625,2.7182517051696777,0.9974324703216553,-1.7917094230651855
1790266861785566500,30.66956640625,2.5812926292419434,0.8336283564567566,-1.9502449035644531
1790266861795566300,30.67956640625,2.248258590698242,0.3503473997116089,-2.1048226356506348
1790266861805566500,30.68956640625,1.814344882965088,-0.040818095207214355,-2.2171943187713623
1790266861815566300,30.69956640625,1.5445995330810547,-0.09799468517303467,-2.0522756576538086
1790266861825566500,30.70956640625,1.1231651306152344,0.05138266086578369,-1.4285695552825928
1790266861835566300,30.71956640625,0.8283720016479492,0.19470202922821045,-0.806903600692749
1790266861845566500,30.72956640625,0.6151952743530273,0.25771504640579224,-0.42085790634155273
1790266861855566300,30.73956640625,0.8934097290039062,0.18681573867797852,0.0746767520904541
1790266861865566500,30.74956640625,0.9496831893920898,-0.04787743091583252,0.36456775665283203
1790266861875566300,30.75956640625,0.851902961730957,-0.3531113862991333,0.2536916732788086
1790266861885566500,30.76956640625,0.5524921417236328,-0.6199653148651123,0.20223188400268555
1790266861895566300,30.77956640625,0.7197446823120117,-0.7418791055679321,-0.10822868347167969
1790266861905566500,30.78956640625,0.9211530685424805,-0.39465367794036865,-0.21686267852783203
1790266861915566300,30.79956640625,1.4986510276794434,0.22225648164749146,0.060724735260009766
1790266861925566500,30.80956640625,1.3082942962646484,0.7219677567481995,0.15488386154174805
1790266861935566300,30.81956640625,1.3101720809936523,0.8272645473480225,0.07425689697265625
1790266861945566500,30.82956640625,2.3119568824768066,0.7660984992980957,-0.16951942443847656
1790266861955566300,30.83956640625,3.2018065452575684,0.7397484183311462,-0.30047178268432617
1790266861965566500,30.84956640625,3.3730597496032715,0.7661256194114685,-0.6398844718933105
1790266861975566300,30.85956640625,3.4603781700134277,0.8865225315093994,-1.1789867877960205
1790266861985566500,30.86956640625,3.5306930541992188,0.968737006187439,-1.495044231414795
1790266861995566300,30.87956640625,3.308788776397705,1.0550950765609741,-1.7469007968902588
1790266862005566500,30.88956640625,3.07110595703125,1.0793848037719727,-1.977325201034546
1790266862015566300,30.89956640625,2.7206273078918457,1.047895908355713,-2.1204776763916016
1790266862025566500,30.90956640625,2.7778682708740234,1.0403897762298584,-2.027981758117676
1790266862035566300,30.91956640625,2.417769432067871,1.1589559316635132,-1.8780362606048584
1790266862045566500,30.92956640625,1.6527705192565918,1.2802047729492188,-1.3611714839935303
1790266862055566300,30.93956640625,1.2989964485168457,1.3640046119689941,-0.7405924797058105
1790266862065566500,30.94956640625,1.077117919921875,1.3478338718414307,-0.5993008613586426
1790266862075566300,30.95956640625,1.097529411315918,1.2403900623321533,-0.7033286094665527
1790266862085566500,30.96956640625,1.0168352127075195,1.0590269565582275,-0.8184261322021484
1790266862095566300,30.97956640625,0.9145827293395996,0.8987681865692139,-1.0272045135498047
1790266862105566500,30.98956640625,0.4536776542663574,0.7216613292694092,-1.0252437591552734
1790266862115566300,30.99956640625,0.02294921875,0.4494168758392334,-0.9983475208282471
1790266862125566500,31.00956640625,-0.16661739349365234,0.07808566093444824,-0.8960409164428711
1790266862135566300,31.01956640625,-0.07496881484985352,-0.21535921096801758,-0.5733942985534668
1790266862145566500,31.02956640625,0.1896986961364746,-0.42874574661254883,-0.6083383560180664
1790266862155566300,31.03956640625,0.22780323028564453,-0.576587438583374,-0.8570027351379395
1790266862165566500,31.04956640625,0.2449502944946289,-0.6030495166778564,-1.1510324478149414
1790266862175566300,31.05956640625,0.40711164474487305,-0.5012798309326172,-1.2704238891601562
1790266862185566500,31.06956640625,-0.18782520294189453,-0.3430471420288086,-1.1598758697509766
1790266862195566300,31.07956640625,-0.34613990783691406,-0.20107603073120117,-0.7594285011291504
1790266862205566500,31.08956640625,0.42109060287475586,-0.15047073364257812,-0.6287117004394531
1790266862215566300,31.09956640625,0.46389341354370117,-0.13859987258911133,-0.8325419425964355
1790266862225566500,31.10956640625,0.03235626220703125,-0.21924495697021484,-0.9120845794677734
1790266862235566300,31.11956640625,-0.1976637840270996,-0.41254663467407227,-0.577782154083252
1790266862245566500,31.12956640625,-0.8177266120910645,-0.5520749092102051,-0.06293535232543945
1790266862255566300,31.13956640625,-0.5797781944274902,-0.7213864326477051,0.39448070526123047
1790266862265566500,31.14956640625,-0.11138343811035156,-0.790743350982666,0.34389495849609375
1790266862275566300,31.15956640625,-0.30853891372680664,-0.8408260345458984,0.013679981231689453
1790266862285566500,31.16956640625,-0.6463313102722168,-0.8095402717590332,-0.268862247467041
1790266862295566300,31.17956640625,-0.8879585266113281,-0.6017608642578125,-0.3725156784057617
1790266862305566500,31.18956640625,-0.774594783782959,-0.23143959045410156,-0.5009398460388184
1790266862315566300,31.19956640625,-0.657076358795166,0.2650318145751953,-0.5641632080078125
1790266862325566500,31.20956640625,-0.887209415435791,0.7510204315185547,-0.4817028045654297
1790266862335566300,31.21956640625,-1.1592063903808594,1.0972785949707031,-0.36958837509155273
1790266862345566500,31.22956640625,-0.5305757522583008,1.3169951438903809,-0.37905120849609375
1790266862355566300,31.23956640625,-0.12268400192260742,1.330918312072754,-0.4247398376464844
1790266862365566500,31.24956640625,-0.6523504257202148,1.1576170921325684,-0.3216385841369629
1790266862375566300,31.25956640625,-1.1767115592956543,0.8348026275634766,-0.027475357055664062
1790266862385566500,31.26956640625,-1.4369935989379883,0.42505979537963867,0.26111745834350586
1790266862395566300,31.27956640625,-1.1171283721923828,0.02803516387939453,0.36924314498901367
1790266862405566500,31.28956640625,-0.913905143737793,-0.3767995834350586,0.5350890159606934
1790266862415566300,31.29956640625,-0.9872455596923828,-0.6999268531799316,0.7036747932434082
1790266862425566500,31.30956640625,-0.9872283935546875,-1.0099849700927734,0.7941436767578125
1790266862435566300,31.31956640625,-0.7137622833251953,-1.1840710639953613,0.6995072364807129
1790266862445566500,31.32956640625,-0.635347843170166,-1.3346590995788574,0.6981010437011719
1790266862455566300,31.33956640625,-0.6602640151977539,-1.5109176635742188,0.8337759971618652
1790266862465566500,31.34956640625,-0.5514569282531738,-1.6018476486206055,1.0323944091796875
1790266862475566300,31.35956640625,-0.5400075912475586,-1.566671371459961,1.1476874351501465
1790266862485566500,31.36956640625,-0.427828311920166,-1.6535992622375488,1.2609543800354004
1790266862495566300,31.37956640625,-0.48897743225097656,-1.6488885879516602,1.1515765190124512
1790266862505566500,31.38956640625,-0.5293669700622559,-1.553365707397461,0.8919544219970703
1790266862515566300,31.39956640625,-1.0119562149047852,-1.3818655014038086,0.6637182235717773
1790266862525566500,31.40956640625,-1.5462589263916016,-1.2728891372680664,0.6027464866638184
1790266862535566300,31.41956640625,-1.3658218383789062,-1.1980838775634766,0.8048145771026611
1790266862545566500,31.42956640625,-0.7417149543762207,-1.2298331260681152,1.0519366264343262
1790266862555566300,31.43956640625,-0.27843141555786133,-1.363208293914795,1.2421579360961914
1790266862565566500,31.44956640625,0.03582286834716797,-1.558791160583496,1.3834843635559082
1790266862575566300,31.45956640625,0.44490814208984375,-1.6776328086853027,1.3511996269226074
1790266862585566500,31.46956640625,0.7786107063293457,-1.5675978660583496,1.0670220851898193
1790266862595566300,31.47956640625,0.8371231555938721,-1.2350506782531738,0.7637114524841309
1790266862605566500,31.48956640625,0.5796995162963867,-0.6263923645019531,0.48529911041259766
1790266862615566300,31.49956640625,0.19774198532104492,0.08611726760864258,0.2776036262512207
1790266862625566500,31.50956640625,0.03727245330810547,0.8443732261657715,0.26244425773620605
1790266862635566300,31.51956640625,0.16947221755981445,1.4641590118408203,0.452667236328125
1790266862645566500,31.52956640625,0.31546783447265625,1.8624897003173828,0.5918140411376953
1790266862655566300,31.53956640625,0.40459775924682617,2.008568286895752,0.5933094024658203
1790266862665566500,31.54956640625,0.12728214263916016,1.977684497833252,0.555370569229126
1790266862675566300,31.55956640625,-0.6201300621032715,1.658604621887207,0.57651686668396
1790266862685566500,31.56956640625,-1.3395600318908691,0.9310240745544434,0.8840444087982178
1790266862695566300,31.57956640625,-1.902122974395752,-0.19076776504516602,1.4268512725830078
1790266862705566500,31.58956640625,-2.079685688018799,-1.5435528755187988,1.7583668231964111
1790266862715566300,31.59956640625,-1.7203545570373535,-2.835521697998047,1.703850269317627
1790266862725566500,31.60956640625,-1.294370174407959,-3.7491326332092285,1.1615641117095947
1790266862735566300,31.61956640625,-1.034449577331543,-4.031418800354004,0.3379366397857666
1790266862745566500,31.62956640625,-0.5691494941711426,-3.5884037017822266,-0.36997056007385254
1790266862755566300,31.63956640625,0.0985250473022461,-2.7164716720581055,-0.7097697257995605
1790266862765566500,31.64956640625,0.6182546615600586,-1.7457623481750488,-0.5499992370605469
1790266862775566300,31.65956640625,0.8833761215209961,-0.9597702026367188,-0.2385573387145996
1790266862785566500,31.66956640625,0.961026668548584,-0.4873991012573242,0.06412601470947266
1790266862795566300,31.67956640625,0.865631103515625,-0.3757305145263672,0.30043911933898926
1790266862805566500,31.68956640625,0.5299510955810547,-0.3485989570617676,0.18236827850341797
1790266862815566300,31.69956640625,-0.3331465721130371,-0.4647641181945801,-0.3061666488647461
1790266862825566500,31.70956640625,-1.2837481498718262,-0.5569190979003906,-0.7833051681518555
1790266862835566300,31.71956640625,-1.83272123336792,-0.4603271484375,-0.9827284812927246
1790266862845566500,31.72956640625,-1.9290108680725098,-0.19329833984375,-0.8968193531036377
1790266862855566300,31.73956640625,-1.770296573638916,0.16815853118896484,-0.5395519733428955
1790266862865566500,31.74956640625,-1.5764918327331543,0.4369034767150879,0.0319056510925293
1790266862875566300,31.75956640625,-1.561758041381836,0.47149038314819336,0.6013641357421875
1790266862885566500,31.76956640625,-1.3718557357788086,0.2559328079223633,0.972496747970581
1790266862895566300,31.77956640625,-0.9562625885009766,0.05829048156738281,0.99057936668396
1790266862905566500,31.78956640625,-0.31609487533569336,-0.10188627243041992,0.8815135955810547
1790266862915566300,31.79956640625,0.21592473983764648,-0.28517818450927734,0.5276119709014893
1790266862925566500,31.80956640625,0.3553791046142578,-0.34433603286743164,0.2462906837463379
1790266862935566300,31.81956640625,0.22275161743164062,-0.3466358184814453,0.17072582244873047
1790266862945566500,31.82956640625,-0.2010965347290039,-0.34427499771118164,0.16560792922973633
1790266862955566300,31.83956640625,-0.5792012214660645,-0.3626708984375,0.2228560447692871
1790266862965566500,31.84956640625,-0.7755899429321289,-0.5215859413146973,0.4439229965209961
1790266862975566300,31.85956640625,-0.6717743873596191,-0.7968277931213379,0.8820285797119141
1790266862985566500,31.86956640625,-0.5540838241577148,-1.1159234046936035,1.379934310913086
1790266862995566300,31.87956640625,-0.5977697372436523,-1.208913803100586,1.8356924057006836
1790266863005566500,31.88956640625,-1.021240234375,-1.1244821548461914,1.8128104209899902
1790266863015566300,31.89956640625,-1.6457490921020508,-0.877840518951416,1.3506865501403809
1790266863025566500,31.90956640625,-1.9325876235961914,-0.633063793182373,1.014885425567627
1790266863035566300,31.91956640625,-1.6529021263122559,-0.48946475982666016,0.9400467872619629
1790266863045566500,31.92956640625,-0.8481407165527344,-0.39047813415527344,0.9379081726074219
1790266863055566300,31.93956640625,0.08135509490966797,-0.3099174499511719,0.9187226295471191
1790266863065566500,31.94956640625,0.6707220077514648,-0.23055648803710938,0.8673300743103027
1790266863075566300,31.95956640625,0.6704540252685547,-0.11299705505371094,0.8638129234313965
1790266863085566500,31.96956640625,0.31977367401123047,-0.036688804626464844,0.7711286544799805
1790266863095566300,31.97956640625,-0.1320810317993164,-0.10019111633300781,0.7547731399536133
1790266863105566500,31.98956640625,-0.25952816009521484,-0.3414649963378906,0.8670134544372559
1790266863115566300,31.99956640625,0.14657258987426758,-0.6355361938476562,0.921384334564209
1790266863125566500,32.00956640625,0.49469566345214844,-0.7282366752624512,0.8003077507019043
1790266863135566300,32.01956640625,0.4935903549194336,-0.6050333976745605,0.6883244514465332
1790266863145566500,32.02956640625,0.05677986145019531,-0.32752037048339844,0.809931755065918
1790266863155566300,32.03956640625,-0.5208277702331543,-0.0809946060180664,1.1612396240234375
1790266863165566500,32.04956640625,-0.9251704216003418,0.03985929489135742,1.4790830612182617
1790266863175566300,32.05956640625,-0.8049979209899902,-0.049538612365722656,1.4883675575256348
1790266863185566500,32.06956640625,-0.1666703224182129,-0.24048805236816406,1.0598855018615723
1790266863195566300,32.07956640625,0.6541447639465332,-0.359255313873291,0.34261322021484375
1790266863205566500,32.08956640625,1.1314749717712402,-0.3421363830566406,-0.15455245971679688
1790266863215566300,32.09956640625,0.7110800743103027,-0.2677278518676758,-0.06567716598510742
1790266863225566500,32.10956640625,-0.0496373176574707,-0.2395930290222168,0.14789915084838867
1790266863235566300,32.11956640625,-0.5323748588562012,-0.5920958518981934,0.3016633987426758
1790266863245566500,32.12956640625,-0.33339405059814453,-1.1052742004394531,0.3876962661743164
1790266863255566300,32.13956640625,0.31465625762939453,-1.4550418853759766,0.31574487686157227
1790266863265566500,32.14956640625,0.7556452751159668,-1.4974007606506348,0.15463829040527344
1790266863275566300,32.15956640625,0.7897071838378906,-1.3039169311523438,0.05883312225341797
1790266863285566500,32.16956640625,0.7882394790649414,-0.9546670913696289,0.028493404388427734
1790266863295566300,32.17956640625,0.9254002571105957,-0.6280832290649414,0.0028352737426757812
1790266863305566500,32.18956640625,0.8248705863952637,-0.37552642822265625,-0.1296529769897461
1790266863315566300,32.19956640625,0.5259561538696289,-0.2649707794189453,-0.3137187957763672
1790266863325566500,32.20956640625,0.21029949188232422,-0.2982635498046875,-0.5667896270751953
1790266863335566300,32.21956640625,0.05673360824584961,-0.40143918991088867,-0.814089298248291
1790266863345566500,32.22956640625,0.16720819473266602,-0.44783782958984375,-0.8016963005065918
1790266863355566300,32.23956640625,0.3035898208618164,-0.41905856132507324,-0.48414134979248047
1790266863365566500,32.24956640625,0.4185037612915039,-0.4299013614654541,-0.014788627624511719
1790266863375566300,32.25956640625,0.681969165802002,-0.3983476161956787,0.07815742492675781
1790266863385566500,32.26956640625,1.2633476257324219,-0.2544236183166504,-0.17174124717712402
1790266863395566300,32.27956640625,1.3360490798950195,-0.2723536491394043,-0.6179008483886719
1790266863405566500,32.28956640625,0.9121685028076172,-0.3964357376098633,-1.0657298564910889
1790266863415566300,32.29956640625,0.7309017181396484,-0.6214871406555176,-1.312070608139038
1790266863425566500,32.30956640625,0.9214239120483398,-0.7212224006652832,-1.1355376243591309
1790266863435566300,32.31956640625,1.287734031677246,-0.8114638328552246,-0.837456226348877
1790266863445566500,32.32956640625,1.1574068069458008,-0.8782987594604492,-0.4275846481323242
1790266863455566300,32.33956640625,1.3648324012756348,-0.8790287971496582,-0.09490513801574707
1790266863465566500,32.34956640625,1.723747730255127,-0.7979404926300049,0.26033854484558105
1790266863475566300,32.35956640625,1.36956787109375,-0.6006691455841064,0.27591633796691895
1790266863485566500,32.36956640625,0.8694095611572266,-0.23328518867492676,-0.09231233596801758
1790266863495566300,32.37956640625,1.1065921783447266,0.09305083751678467,-0.3767213821411133
1790266863505566500,32.38956640625,1.2921061515808105,0.32487964630126953,-0.38614797592163086
1790266863515566300,32.39956640625,1.239497184753418,0.4747697114944458,-0.40111303329467773
1790266863525566500,32.40956640625,1.6400508880615234,0.5482620000839233,-0.4304368495941162
1790266863535566300,32.41956640625,1.8280210494995117,0.3568192720413208,-0.3780980110168457
1790266863545566500,32.42956640625,1.8776679039001465,0.11715447902679443,-0.8217349052429199
1790266863555566300,32.43956640625,1.846419334411621,-0.17528307437896729,-1.2566077709197998
1790266863565566500,32.44956640625,2.1482491493225098,-0.19997012615203857,-1.4036879539489746
1790266863575566300,32.45956640625,1.8494300842285156,0.05371129512786865,-1.4808096885681152
1790266863585566500,32.46956640625,1.6505098342895508,0.2979468107223511,-1.4172916412353516
1790266863595566300,32.47956640625,1.5938262939453125,0.4028483033180237,-1.4245250225067139
1790266863605566500,32.48956640625,1.8975186347961426,0.4736015796661377,-1.3796520233154297
1790266863615566300,32.49956640625,1.5667877197265625,0.6381181478500366,-0.9766392707824707
1790266863625566500,32.50956640625,1.6253890991210938,0.7037897109985352,-0.8811049461364746
1790266863635566300,32.51956640625,1.8941988945007324,0.725958526134491,-0.9017243385314941
1790266863645566500,32.52956640625,1.6822643280029297,0.6805933713912964,-0.952866792678833
1790266863655566300,32.53956640625,1.1745176315307617,0.4878190755844116,-0.8130204677581787
1790266863665566500,32.54956640625,1.112849235534668,0.30728650093078613,-0.5926566123962402
1790266863675566300,32.55956640625,0.8277645111083984,0.2960931062698364,-0.48815441131591797
1790266863685566500,32.56956640625,0.9879617691040039,0.4620288610458374,-0.28670263290405273
1790266863695566300,32.57956640625,1.4637465476989746,0.6363409757614136,-0.23683404922485352
1790266863705566500,32.58956640625,1.73065185546875,0.7412296533584595,-0.31611013412475586
1790266863715566300,32.59956640625,1.4207267761230469,0.8820332288742065,-0.6582131385803223
1790266863725566500,32.60956640625,1.7825937271118164,0.9287972450256348,-0.9323904514312744
1790266863735566300,32.61956640625,2.1031761169433594,0.820676326751709,-1.1723999977111816
1790266863745566500,32.62956640625,1.6210594177246094,0.6800527572631836,-1.0878138542175293
1790266863755566300,32.63956640625,1.7388229370117188,0.5368320941925049,-0.7746171951293945
1790266863765566500,32.64956640625,1.9116897583007812,0.5052766799926758,-0.7010576725006104
1790266863775566300,32.65956640625,1.80401611328125,0.4873006343841553,-0.640805721282959
1790266863785566500,32.66956640625,1.828263282775879,0.49086904525756836,-0.893885612487793
1790266863795566300,32.67956640625,1.9531221389770508,0.5370116233825684,-1.255256175994873
1790266863805566500,32.68956640625,2.1568212509155273,0.7191088199615479,-1.4525036811828613
1790266863815566300,32.69956640625,2.076565742492676,1.08031165599823,-1.671656608581543
1790266863825566500,32.70956640625,1.4264135360717773,1.6174211502075195,-1.7273938655853271
1790266863835566300,32.71956640625,0.2178173065185547,2.0619115829467773,-1.512362003326416
1790266863845566500,32.72956640625,-0.39522743225097656,2.1530215740203857,-1.1178483963012695
1790266863855566300,32.73956640625,0.03422975540161133,1.7378954887390137,-1.0474827289581299
1790266863865566500,32.74956640625,0.9558286666870117,1.1863646507263184,-1.248849630355835
1790266863875566300,32.75956640625,1.481389045715332,0.6775667667388916,-1.2692623138427734
1790266863885566500,32.76956640625,1.2995080947875977,0.21616005897521973,-1.1032962799072266
1790266863895566300,32.77956640625,0.6978836059570312,-0.21813249588012695,-0.9107108116149902
1790266863905566500,32.78956640625,-0.18721675872802734,-0.5990569591522217,-0.8508844375610352
1790266863915566300,32.79956640625,-0.8197989463806152,-0.7956116199493408,-0.9705471992492676
1790266863925566500,32.80956640625,-0.3746185302734375,-0.886176586151123,-1.0611951351165771
1790266863935566300,32.81956640625,0.0075531005859375,-0.8411657810211182,-1.4101901054382324
1790266863945566500,32.82956640625,0.6541004180908203,-0.7581429481506348,-1.6373653411865234
1790266863955566300,32.83956640625,0.40902137756347656,-0.6483640670776367,-1.574763298034668
1790266863965566500,32.84956640625,-0.21185970306396484,-0.6258678436279297,-1.2831225395202637
1790266863975566300,32.85956640625,-0.22063493728637695,-0.649782657623291,-0.8034811019897461
1790266863985566500,32.86956640625,0.27343082427978516,-0.5511431694030762,-0.602630615234375
1790266863995566300,32.87956640625,0.054920196533203125,-0.4111189842224121,-0.691978931427002
1790266864005566500,32.88956640625,-0.6219887733459473,-0.23611879348754883,-0.6883268356323242
1790266864015566300,32.89956640625,-0.3848705291748047,-0.015661239624023438,-0.41897010803222656
1790266864025566500,32.90956640625,-0.12478780746459961,0.2504758834838867,-0.15255975723266602
1790266864035566300,32.91956640625,-0.5062189102172852,0.4107398986816406,-0.07960176467895508
1790266864045566500,32.92956640625,-0.3675370216369629,0.448697566986084,0.10786724090576172
1790266864055566300,32.93956640625,0.4258308410644531,0.353884220123291,0.21779346466064453
1790266864065566500,32.94956640625,0.6548051834106445,0.045893192291259766,-0.0359039306640625
1790266864075566300,32.95956640625,0.33208131790161133,-0.38254499435424805,-0.2669849395751953
1790266864085566500,32.96956640625,-0.3014535903930664,-0.6772809028625488,-0.4745979309082031
1790266864095566300,32.97956640625,-1.0769314765930176,-0.6859917640686035,-0.675635814666748
1790266864105566500,32.98956640625,-2.3989014625549316,-0.2794032096862793,-0.8027780055999756
1790266864115566300,32.99956640625,-2.636167526245117,0.2717437744140625,-0.6602787971496582
1790266864125566500,33.00956640625,-2.2185769081115723,0.59027099609375,-0.6123652458190918
1790266864135566300,33.01956640625,-1.7382183074951172,0.35335683822631836,-0.30393362045288086
1790266864145566500,33.02956640625,-1.4368205070495605,-0.34281110763549805,0.41590309143066406
1790266864155566300,33.03956640625,-1.5898113250732422,-1.2121825218200684,1.1735615730285645
1790266864165566500,33.04956640625,-1.8802227973937988,-2.0835700035095215,1.8979401588439941
1790266864175566300,33.05956640625,-1.6832828521728516,-2.7398524284362793,2.287186622619629
1790266864185566500,33.06956640625,-1.051621437072754,-3.1462936401367188,2.2966432571411133
1790266864195566300,33.07956640625,-0.6583786010742188,-3.136235237121582,2.093113422393799
1790266864205566500,33.08956640625,-0.5229854583740234,-2.851912498474121,1.8822779655456543
1790266864215566300,33.09956640625,-0.2064218521118164,-2.286741256713867,1.7013139724731445
1790266864225566500,33.10956640625,0.004648685455322266,-1.4975180625915527,1.4829800128936768
1790266864235566300,33.11956640625,-0.3230471611022949,-0.7615842819213867,1.4049303531646729
1790266864245566500,33.12956640625,-0.8192424774169922,-0.14466238021850586,1.4696037769317627
1790266864255566300,33.13956640625,-1.5059494972229004,0.2833552360534668,1.5197904109954834
1790266864265566500,33.14956640625,-1.8346505165100098,0.48685550689697266,1.5220141410827637
1790266864275566300,33.15956640625,-1.9868898391723633,0.3510403633117676,1.4187381267547607
1790266864285566500,33.16956640625,-2.123807430267334,-0.12356138229370117,1.2723689079284668
1790266864295566300,33.17956640625,-2.0455403327941895,-0.8195705413818359,1.295581340789795
1790266864305566500,33.18956640625,-1.562211036682129,-1.409348487854004,1.3663420677185059
1790266864315566300,33.19956640625,-1.106022834777832,-1.7206177711486816,1.2845180034637451
1790266864325566500,33.20956640625,-0.8884797096252441,-1.6358766555786133,1.1095099449157715
1790266864335566300,33.21956640625,-0.7770977020263672,-1.2178125381469727,0.9147846698760986
1790266864345566500,33.22956640625,-0.6971840858459473,-0.6407594680786133,0.7437267303466797
1790266864355566300,33.23956640625,-0.6147089004516602,-0.0721731185913086,0.5258450508117676
1790266864365566500,33.24956640625,-0.33842992782592773,0.32417774200439453,0.23451900482177734
1790266864375566300,33.25956640625,-0.15235090255737305,0.5410699844360352,-0.04204225540161133
1790266864385566500,33.26956640625,0.048004150390625,0.5544548034667969,-0.04141068458557129
1790266864395566300,33.27956640625,0.20371723175048828,0.35638999938964844,-0.039203643798828125
1790266864405566500,33.28956640625,0.2738018035888672,-0.1063833236694336,-0.06293869018554688
1790266864415566300,33.29956640625,0.46617889404296875,-0.7996683120727539,-0.0467681884765625
1790266864425566500,33.30956640625,0.3493537902832031,-1.3620481491088867,-0.11533117294311523
1790266864435566300,33.31956640625,-0.0735483169555664,-1.7283086776733398,-0.34194111824035645
1790266864445566500,33.32956640625,-0.3084721565246582,-1.868804931640625,-0.576030969619751
1790266864455566300,33.33956640625,-0.3731813430786133,-1.7725496292114258,-0.7204389572143555
1790266864465566500,33.34956640625,-0.4831876754760742,-1.5089168548583984,-0.7194938659667969
1790266864475566300,33.35956640625,-0.6786937713623047,-1.2413368225097656,-0.5156383514404297
1790266864485566500,33.36956640625,-0.762537956237793,-1.0019941329956055,-0.19969797134399414
1790266864495566300,33.37956640625,-0.5747237205505371,-0.787135124206543,0.08916664123535156
1790266864505566500,33.38956640625,-0.12935447692871094,-0.5129179954528809,0.17554807662963867
1790266864515566300,33.39956640625,0.2796168327331543,-0.2814474105834961,0.05653548240661621
1790266864525566500,33.40956640625,0.46448183059692383,-0.14114046096801758,-0.16527366638183594
1790266864535566300,33.41956640625,0.5623126029968262,-0.11650419235229492,-0.31893467903137207
1790266864545566500,33.42956640625,0.7292370796203613,-0.25530529022216797,-0.3693809509277344
1790266864555566300,33.43956640625,0.7810087203979492,-0.5051836967468262,-0.17060613632202148
1790266864565566500,33.44956640625,0.5890398025512695,-0.8097343444824219,0.12319803237915039
1790266864575566300,33.45956640625,0.38034772872924805,-0.9813628196716309,0.4535560607910156
1790266864585566500,33.46956640625,0.14538192749023438,-0.998100757598877,0.6640374660491943
1790266864595566300,33.47956640625,-0.09715080261230469,-0.8582496643066406,0.7911586761474609
1790266864605566500,33.48956640625,-0.23311758041381836,-0.6297645568847656,0.9635007381439209
1790266864615566300,33.49956640625,-0.29913854598999023,-0.39116859436035156,1.1226294040679932
1790266864625566500,33.50956640625,-0.3753657341003418,-0.2833113670349121,1.1626908779144287
1790266864635566300,33.51956640625,-0.5037927627563477,-0.19728660583496094,1.1257576942443848
1790266864645566500,33.52956640625,-0.7424707412719727,-0.19504451751708984,1.0412161350250244
1790266864655566300,33.53956640625,-0.8828845024108887,-0.3170619010925293,0.8902463912963867
1790266864665566500,33.54956640625,-0.9063477516174316,-0.482698917388916,0.675295352935791
1790266864675566300,33.55956640625,-0.7145862579345703,-0.6262316703796387,0.528876781463623
1790266864685566500,33.56956640625,-0.48562097549438477,-0.6276373863220215,0.4723505973815918
1790266864695566300,33.57956640625,-0.32251739501953125,-0.4527263641357422,0.5037927627563477
1790266864705566500,33.58956640625,-0.3279991149902344,-0.18658065795898438,0.5867462158203125
1790266864715566300,33.59956640625,-0.499814510345459,0.042810916900634766,0.7285404205322266
1790266864725566500,33.60956640625,-0.5311689376831055,0.12635278701782227,0.9465150833129883
1790266864735566300,33.61956640625,-0.5509781837463379,0.05514335632324219,1.143068790435791
1790266864745566500,33.62956640625,-0.6663503646850586,-0.07848930358886719,1.2678589820861816
1790266864755566300,33.63956640625,-0.6471586227416992,-0.19901275634765625,1.1865205764770508
1790266864765566500,33.64956640625,-0.5198054313659668,-0.26039743423461914,1.0929455757141113
1790266864775566300,33.65956640625,-0.522517204284668,-0.331632137298584,1.1156740188598633
1790266864785566500,33.66956640625,-0.6399469375610352,-0.5148711204528809,1.3725018501281738
1790266864795566300,33.67956640625,-0.7252006530761719,-0.7866978645324707,1.6157007217407227
1790266864805566500,33.68956640625,-0.7145223617553711,-0.9740195274353027,1.6444692611694336
1790266864815566300,33.69956640625,-0.7323079109191895,-0.9720983505249023,1.4873270988464355
1790266864825566500,33.70956640625,-0.5786442756652832,-0.8245668411254883,1.362088680267334
1790266864835566300,33.71956640625,0.021108627319335938,-0.5617218017578125,1.2240471839904785
1790266864845566500,33.72956640625,0.748387336730957,-0.27348804473876953,0.9746789932250977
1790266864855566300,33.73956640625,0.8526506423950195,-0.0003833770751953125,0.8365683555603027
1790266864865566500,33.74956640625,0.32919740676879883,0.12721776962280273,0.9608569145202637
1790266864875566300,33.75956640625,-0.19880199432373047,-0.09062671661376953,1.1828632354736328
1790266864885566500,33.76956640625,-0.2904825210571289,-0.45545101165771484,1.3436627388000488
1790266864895566300,33.77956640625,-0.13989543914794922,-0.6796407699584961,1.1702232360839844
1790266864905566500,33.78956640625,0.07792282104492188,-0.6474342346191406,0.8874387741088867
1790266864915566300,33.79956640625,0.07520723342895508,-0.3822965621948242,0.6852207183837891
1790266864925566500,33.80956640625,0.2849750518798828,-0.12642478942871094,0.705256462097168
1790266864935566300,33.81956640625,0.5445404052734375,0.07533502578735352,0.7153468132019043
1790266864945566500,33.82956640625,0.4125962257385254,0.11317873001098633,0.7957296371459961
1790266864955566300,33.83956640625,0.05815744400024414,-0.02589702606201172,0.8064875602722168
1790266864965566500,33.84956640625,0.3154420852661133,-0.3068699836730957,0.5551238059997559
1790266864975566300,33.85956640625,0.9571833610534668,-0.521599292755127,0.16779804229736328
1790266864985566500,33.86956640625,1.344247817993164,-0.47079944610595703,-0.13861083984375
1790266864995566300,33.87956640625,1.0458979606628418,-0.16210508346557617,-0.06071901321411133
1790266865005566500,33.88956640625,0.46936988830566406,0.056157588958740234,0.05282163619995117
1790266865015566300,33.89956640625,0.15607929229736328,0.03544044494628906,0.1543445587158203
1790266865025566500,33.90956640625,0.1787552833557129,-0.11591768264770508,0.27457714080810547
1790266865035566300,33.91956640625,0.33421802520751953,-0.37949037551879883,0.27657604217529297
1790266865045566500,33.92956640625,0.45299339294433594,-0.7250604629516602,0.1393122673034668
1790266865055566300,33.93956640625,0.6306023597717285,-0.9714717864990234,-0.05156898498535156
1790266865065566500,33.94956640625,0.7686395645141602,-1.0564241409301758,-0.27046728134155273
1790266865075566300,33.95956640625,0.96722412109375,-1.0135793685913086,-0.39007139205932617
1790266865085566500,33.96956640625,0.9950151443481445,-0.9145538806915283,-0.19864702224731445
1790266865095566300,33.97956640625,0.4834575653076172,-0.835322380065918,0.10650157928466797
1790266865105566500,33.98956640625,0.08292198181152344,-0.7810115814208984,0.14705657958984375
1790266865115566300,33.99956640625,0.3493976593017578,-0.6842641830444336,0.09899091720581055
1790266865125566500,34.00956640625,0.7452592849731445,-0.5776786804199219,0.04615926742553711
1790266865135566300,34.01956640625,1.1639437675476074,-0.556143045425415,-0.09187602996826172
1790266865145566500,34.02956640625,1.4810314178466797,-0.6394634246826172,-0.22816848754882812
1790266865155566300,34.03956640625,1.8007583618164062,-0.7804439067840576,-0.41710758209228516
1790266865165566500,34.04956640625,1.8621625900268555,-0.8061599731445312,-0.6145963668823242
1790266865175566300,34.05956640625,1.3584270477294922,-0.7648732662200928,-0.7510585784912109
1790266865185566500,34.06956640625,0.9266524314880371,-0.6085035800933838,-0.6382322311401367
1790266865195566300,34.07956640625,1.302067756652832,-0.4123058319091797,-0.39993715286254883
1790266865205566500,34.08956640625,1.8627629280090332,-0.29553020000457764,-0.12287759780883789
1790266865215566300,34.09956640625,1.7444000244140625,-0.08032715320587158,-0.3960738182067871
1790266865225566500,34.10956640625,1.4811902046203613,-0.16451585292816162,-0.8050758838653564
1790266865235566300,34.11956640625,1.07142972946167,-0.4046210050582886,-0.9893031120300293
1790266865245566500,34.12956640625,1.125640869140625,-0.6468095779418945,-1.3845138549804688
1790266865255566300,34.13956640625,1.3350982666015625,-0.5493761301040649,-1.6401002407073975
1790266865265566500,34.14956640625,1.2732429504394531,-0.09912240505218506,-1.6829748153686523
1790266865275566300,34.15956640625,1.2113804817199707,0.5502339601516724,-1.7889816761016846
1790266865285566500,34.16956640625,0.8229656219482422,0.98710697889328,-1.5077385902404785
1790266865295566300,34.17956640625,0.5440025329589844,0.846985936164856,-1.401257038116455
1790266865305566500,34.18956640625,0.4371681213378906,0.3836003541946411,-1.3653342723846436
1790266865315566300,34.19956640625,0.9975519180297852,0.007718801498413086,-1.2690715789794922
1790266865325566500,34.20956640625,1.9087347984313965,-0.26432621479034424,-1.4020662307739258
1790266865335566300,34.21956640625,2.107083320617676,-0.4169044494628906,-1.9107494354248047
1790266865345566500,34.22956640625,0.6500577926635742,-0.5232807397842407,-1.8447904586791992
1790266865355566300,34.23956640625,0.3456239700317383,-0.6354799270629883,-1.10499906539917
1790266865365566500,34.24956640625,1.053140640258789,-0.5695980787277222,-0.34368348121643066
1790266865375566300,34.25956640625,1.6756200790405273,-0.2731825113296509,0.048572540283203125
1790266865385566500,34.26956640625,1.5876622200012207,0.2433851957321167,0.4131026268005371
1790266865395566300,34.27956640625,1.8669509887695312,0.560330867767334,0.02549266815185547
1790266865405566500,34.28956640625,2.089737892150879,0.7125158309936523,-0.25099754333496094
1790266865415566300,34.29956640625,2.079068183898926,0.8896709680557251,-0.3602752685546875
1790266865425566500,34.30956640625,2.064748764038086,1.0543946027755737,-0.7205691337585449
1790266865435566300,34.31956640625,2.200594902038574,1.1321769952774048,-0.9544858932495117
1790266865445566500,34.32956640625,2.476046562194824,1.1291725635528564,-1.3797900676727295
1790266865455566300,34.33956640625,2.494981288909912,1.0901633501052856,-1.5343546867370605
1790266865465566500,34.34956640625,1.727128505706787,1.0401675701141357,-1.5613961219787598
1790266865475566300,34.35956640625,1.6101226806640625,0.9515222311019897,-1.2896380424499512
1790266865485566500,34.36956640625,1.2460203170776367,0.9018064737319946,-1.1408271789550781
1790266865495566300,34.37956640625,0.8099865913391113,0.9143636226654053,-1.109513759613037
1790266865505566500,34.38956640625,0.9922771453857422,0.9790916442871094,-1.1183977127075195
1790266865515566300,34.39956640625,1.1455583572387695,1.0371570587158203,-1.1144700050354004
1790266865525566500,34.40956640625,1.0084424018859863,1.0202624797821045,-0.9485516548156738
1790266865535566300,34.41956640625,0.3719625473022461,0.9171390533447266,-0.7030439376831055
1790266865545566500,34.42956640625,0.3579225540161133,0.6855289936065674,-0.38048791885375977
1790266865555566300,34.43956640625,0.44509124755859375,0.38553714752197266,-0.23368501663208008
1790266865565566500,34.44956640625,0.48073339462280273,0.0032491683959960938,-0.2409534454345703
1790266865575566300,34.45956640625,0.9085054397583008,-0.28186488151550293,-0.5297355651855469
1790266865585566500,34.46956640625,1.0702290534973145,-0.48979878425598145,-0.8300495147705078
1790266865595566300,34.47956640625,1.1515650749206543,-0.540022611618042,-1.029740810394287
1790266865605566500,34.48956640625,0.8307895660400391,-0.3617682456970215,-1.1442925930023193
1790266865615566300,34.49956640625,0.9247384071350098,-0.04761075973510742,-1.2377653121948242
1790266865625566500,34.50956640625,1.5190300941467285,0.3550255298614502,-1.4359030723571777
1790266865635566300,34.51956640625,1.3253130912780762,0.6576719284057617,-1.5671794414520264
1790266865645566500,34.52956640625,1.0804624557495117,0.7691125869750977,-1.336035966873169
1790266865655566300,34.53956640625,0.2093195915222168,0.7460727691650391,-1.144399881362915
1790266865665566500,34.54956640625,-0.040131568908691406,0.6350743770599365,-1.046555519104004
1790266865675566300,34.55956640625,0.45804882049560547,0.5748419761657715,-1.0571684837341309
1790266865685566500,34.56956640625,0.724820613861084,0.5127573013305664,-1.2748022079467773
1790266865695566300,34.57956640625,0.30989742279052734,0.39978885650634766,-1.422804355621338
1790266865705566500,34.58956640625,0.1287369728088379,0.20140409469604492,-1.333664894104004
1790266865715566300,34.59956640625,-0.1716022491455078,-0.09109878540039062,-1.2585489749908447
1790266865725566500,34.60956640625,-0.0072689056396484375,-0.3484487533569336,-1.0750987529754639
1790266865735566300,34.61956640625,-0.7767601013183594,-0.5705456733703613,-0.911095142364502
1790266865745566500,34.62956640625,-1.0119199752807617,-0.7467517852783203,-0.7315630912780762
1790266865755566300,34.63956640625,-0.4665346145629883,-0.7719502449035645,-0.6920771598815918
1790266865765566500,34.64956640625,-0.20294713973999023,-0.8049063682556152,-0.9264845848083496
1790266865775566300,34.65956640625,-0.7045745849609375,-0.8993520736694336,-0.995476245880127
1790266865785566500,34.66956640625,-1.2660636901855469,-1.0593996047973633,-0.6720819473266602
1790266865795566300,34.67956640625,-1.2015471458435059,-1.2880744934082031,-0.22833871841430664
1790266865805566500,34.68956640625,-1.0699305534362793,-1.484189510345459,0.24172258377075195
1790266865815566300,34.69956640625,-1.1312661170959473,-1.7190899848937988,0.42727231979370117
1790266865825566500,34.70956640625,-1.2671928405761719,-2.0187816619873047,0.35480642318725586
1790266865835566300,34.71956640625,-1.0370049476623535,-2.2809572219848633,0.3645749092102051
1790266865845566500,34.72956640625,-0.7424602508544922,-2.4371814727783203,0.45540952682495117
1790266865855566300,34.73956640625,-0.7909317016601562,-2.402822971343994,0.5128092765808105
1790266865865566500,34.74956640625,-0.24649953842163086,-2.1431937217712402,0.5136322975158691
1790266865875566300,34.75956640625,0.1774129867553711,-1.6832590103149414,0.47987985610961914
1790266865885566500,34.76956640625,-0.04031229019165039,-1.1420445442199707,0.3391408920288086
1790266865895566300,34.77956640625,-0.11564445495605469,-0.7008461952209473,0.0284881591796875
1790266865905566500,34.78956640625,-0.6647047996520996,-0.2877159118652344,-0.2703390121459961
1790266865915566300,34.79956640625,-1.2789859771728516,0.18697357177734375,-0.6223094463348389
1790266865925566500,34.80956640625,-1.5546717643737793,0.6131672859191895,-0.9085307121276855
1790266865935566300,34.81956640625,-1.254380702972412,0.6852083206176758,-0.9174785614013672
1790266865945566500,34.82956640625,-0.7914276123046875,0.45813608169555664,-0.7007384300231934
1790266865955566300,34.83956640625,-0.7533960342407227,-0.028605937957763672,-0.15721344947814941
1790266865965566500,34.84956640625,-1.0140581130981445,-0.5801496505737305,0.5984272956848145
1790266865975566300,34.85956640625,-1.2907967567443848,-1.0974664688110352,1.220611572265625
1790266865985566500,34.86956640625,-1.5412487983703613,-1.663353443145752,1.6588044166564941
1790266865995566300,34.87956640625,-1.8014445304870605,-1.9959750175476074,2.0027623176574707
1790266866005566500,34.88956640625,-1.8156847953796387,-2.0319228172302246,2.2215487957000732
1790266866015566300,34.89956640625,-2.178086757659912,-1.7514476776123047,2.3857171535491943
1790266866025566500,34.90956640625,-2.6589832305908203,-1.3099393844604492,2.435401439666748
1790266866035566300,34.91956640625,-2.582892417907715,-0.9268560409545898,2.355604410171509
1790266866045566500,34.92956640625,-2.300764560699463,-0.6926078796386719,2.300807237625122
1790266866055566300,34.93956640625,-2.2816619873046875,-0.6717472076416016,2.408355236053467
1790266866065566500,34.94956640625,-2.19960355758667,-1.0833215713500977,2.3517568111419678
1790266866075566300,34.95956640625,-1.475081443786621,-1.7644567489624023,2.1186375617980957
1790266866085566500,34.96956640625,-0.5180268287658691,-2.2941036224365234,1.5395874977111816
1790266866095566300,34.97956640625,-0.08187341690063477,-2.3176307678222656,0.5280613899230957
1790266866105566500,34.98956640625,0.016191482543945312,-1.8151617050170898,-0.5348765850067139
1790266866115566300,34.99956640625,0.4521152973175049,-1.0489015579223633,-1.0827560424804688
1790266866125566500,35.00956640625,0.7154490947723389,-0.2339019775390625,-1.105501413345337
1790266866135566300,35.01956640625,0.6863086223602295,0.4323091506958008,-0.8131964206695557
1790266866145566500,35.02956640625,0.38017988204956055,0.8117237091064453,-0.34629249572753906
1790266866155566300,35.03956640625,-0.041857242584228516,0.8250150680541992,0.30605149269104004
1790266866165566500,35.04956640625,-0.2856316566467285,0.6111230850219727,0.8435821533203125
1790266866175566300,35.05956640625,-0.444089412689209,0.2255239486694336,1.248243808746338
1790266866185566500,35.06956640625,-0.3769950866699219,-0.15143585205078125,1.3277771472930908
1790266866195566300,35.07956640625,-0.2534952163696289,-0.2858772277832031,1.129377841949463
1790266866205566500,35.08956640625,-0.22833967208862305,-0.15030193328857422,0.9153687953948975
1790266866215566300,35.09956640625,-0.3358941078186035,0.1252727508544922,0.5699524879455566
1790266866225566500,35.10956640625,-0.3900027275085449,0.3306722640991211,0.37962961196899414
1790266866235566300,35.11956640625,-0.33547353744506836,0.33192968368530273,0.40511536598205566
1790266866245566500,35.12956640625,-0.06664752960205078,0.0710911750793457,0.44762468338012695
1790266866255566300,35.13956640625,0.17264461517333984,-0.26819324493408203,0.43149542808532715
1790266866265566500,35.14956640625,0.5240464210510254,-0.6247458457946777,0.40767979621887207
1790266866275566300,35.15956640625,0.9242620468139648,-0.806114673614502,0.26721644401550293
1790266866285566500,35.16956640625,1.1879444122314453,-0.6752429008483887,-0.028933048248291016
1790266866295566300,35.17956640625,1.280378818511963,-0.4081287384033203,-0.23311233520507812
1790266866305566500,35.18956640625,1.1676619052886963,-0.2290797233581543,-0.3716847896575928
1790266866315566300,35.19956640625,0.8573317527770996,-0.22724246978759766,-0.39502835273742676
1790266866325566500,35.20956640625,0.37542247772216797,-0.3937206268310547,-0.18000507354736328
1790266866335566300,35.21956640625,-0.19818496704101562,-0.6632180213928223,0.29141950607299805
1790266866345566500,35.22956640625,-0.41846370697021484,-0.8940930366516113,0.9169745445251465
1790266866355566300,35.23956640625,-0.3331451416015625,-0.9451327323913574,1.315004825592041
1790266866365566500,35.24956640625,-0.2647705078125,-0.958153247833252,1.3466732501983643
1790266866375566300,35.25956640625,-0.1586451530456543,-0.9136991500854492,1.1653168201446533
1790266866385566500,35.26956640625,-0.3276047706604004,-0.6943826675415039,0.9923486709594727
1790266866395566300,35.27956640625,-0.7506628036499023,-0.6329212188720703,0.8111476898193359
1790266866405566500,35.28956640625,-0.9485340118408203,-0.619722843170166,0.8464937210083008
1790266866415566300,35.29956640625,-0.6406188011169434,-0.6035833358764648,0.9833056926727295
1790266866425566500,35.30956640625,-0.27740478515625,-0.5933117866516113,0.9724845886230469
1790266866435566300,35.31956640625,-0.035306453704833984,-0.40738677978515625,0.7271420955657959
1790266866445566500,35.32956640625,0.05207204818725586,-0.02404022216796875,0.42585062980651855
1790266866455566300,35.33956640625,0.23617219924926758,0.40186262130737305,0.30385923385620117
1790266866465566500,35.34956640625,0.548527717590332,0.6976094245910645,0.3159506320953369
1790266866475566300,35.35956640625,0.6604447364807129,0.7262778282165527,0.4148893356323242
1790266866485566500,35.36956640625,0.3702235221862793,0.6024613380432129,0.5265448093414307
1790266866495566300,35.37956640625,-0.13533592224121094,0.35670042037963867,0.7704060077667236
1790266866505566500,35.38956640625,-0.3562488555908203,0.059600830078125,1.0538957118988037
1790266866515566300,35.39956640625,-0.19973468780517578,-0.2551436424255371,1.2154583930969238
1790266866525566500,35.40956640625,0.1313471794128418,-0.5259785652160645,1.3430404663085938
1790266866535566300,35.41956640625,0.3426523208618164,-0.6926579475402832,1.5038185119628906
1790266866545566500,35.42956640625,0.1846761703491211,-0.6982574462890625,1.752854824066162
1790266866555566300,35.43956640625,-0.0017905235290527344,-0.6117234230041504,2.0437450408935547
1790266866565566500,35.44956640625,0.1814885139465332,-0.5219020843505859,2.0689496994018555
1790266866575566300,35.45956640625,0.5700821876525879,-0.44428443908691406,1.9624881744384766
1790266866585566500,35.46956640625,0.7307982444763184,-0.41300392150878906,1.7997865676879883
1790266866595566300,35.47956640625,0.49935150146484375,-0.35663509368896484,1.5590553283691406
1790266866605566500,35.48956640625,0.17829322814941406,-0.3175010681152344,1.4811787605285645
1790266866615566300,35.49956640625,-0.09584999084472656,-0.35328245162963867,1.5960655212402344
1790266866625566500,35.50956640625,-0.1807875633239746,-0.5010333061218262,1.6963682174682617
1790266866635566300,35.51956640625,-0.07244205474853516,-0.6661605834960938,1.584432601928711
1790266866645566500,35.52956640625,0.21364593505859375,-0.756411075592041,1.229264259338379
1790266866655566300,35.53956640625,0.4717397689819336,-0.6852169036865234,0.8541674613952637
1790266866665566500,35.54956640625,0.6659059524536133,-0.39426088333129883,0.6208882331848145
1790266866675566300,35.55956640625,0.9099621772766113,-0.03388071060180664,0.35111236572265625
1790266866685566500,35.56956640625,1.1987738609313965,0.25185585021972656,-0.029182910919189453
1790266866695566300,35.57956640625,1.1353659629821777,0.4309196472167969,-0.28309154510498047
1790266866705566500,35.58956640625,0.7624163627624512,0.5373773574829102,-0.40713071823120117
1790266866715566300,35.59956640625,0.06532001495361328,0.4859023094177246,-0.353043794631958
1790266866725566500,35.60956640625,-0.6224303245544434,0.15489530563354492,-0.13487768173217773
1790266866735566300,35.61956640625,-0.8877487182617188,-0.36191558837890625,0.12846803665161133
1790266866745566500,35.62956640625,-0.8508076667785645,-0.9529166221618652,0.28351306915283203
1790266866755566300,35.63956640625,-0.32988834381103516,-1.4759931564331055,0.47849035263061523
1790266866765566500,35.64956640625,0.6528077125549316,-1.784036636352539,0.5311145782470703
1790266866775566300,35.65956640625,1.4987683296203613,-1.6449580192565918,0.4472012519836426
1790266866785566500,35.66956640625,1.3732585906982422,-1.1271023750305176,0.42191505432128906
1790266866795566300,35.67956640625,0.5583724975585938,-0.5616774559020996,0.08480453491210938
1790266866805566500,35.68956640625,-0.06195688247680664,-0.3120408058166504,-0.38316869735717773
1790266866815566300,35.69956640625,-0.0011992454528808594,-0.41779327392578125,-0.5687141418457031
1790266866825566500,35.70956640625,0.651547908782959,-0.603562593460083,-0.6885857582092285
1790266866835566300,35.71956640625,1.2893710136413574,-0.653841495513916,-0.9319853782653809
1790266866845566500,35.72956640625,1.252486228942871,-0.4690587520599365,-0.8872179985046387
1790266866855566300,35.73956640625,0.7951207160949707,-0.2764763832092285,-0.4485452175140381
1790266866865566500,35.74956640625,0.0865163803100586,-0.24580001831054688,0.034459590911865234
1790266866875566300,35.75956640625,-0.4450502395629883,-0.44392824172973633,0.11837053298950195
1790266866885566500,35.76956640625,-0.30976009368896484,-0.5285820960998535,-0.1591484546661377
1790266866895566300,35.77956640625,0.1932353973388672,-0.6850583553314209,-0.2642242908477783
1790266866905566500,35.78956640625,0.5005636215209961,-0.643568754196167,-0.27548933029174805
1790266866915566300,35.79956640625,0.8304386138916016,-0.6589508056640625,-0.30887913703918457
1790266866925566500,35.80956640625,1.4274249076843262,-0.49169206619262695,-0.40012478828430176
1790266866935566300,35.81956640625,1.6632976531982422,-0.5858583450317383,-0.515876054763794
1790266866945566500,35.82956640625,1.4415783882141113,-0.7627053260803223,-0.7128615379333496
1790266866955566300,35.83956640625,1.363180160522461,-0.9703676700592041,-1.2074432373046875
1790266866965566500,35.84956640625,1.2177762985229492,-0.8890495300292969,-1.739645004272461
1790266866975566300,35.85956640625,0.7459621429443359,-0.519925594329834,-2.066537857055664
1790266866985566500,35.86956640625,0.3181734085083008,-0.0365293025970459,-1.9852430820465088
1790266866995566300,35.87956640625,0.8098640441894531,0.4076104164123535,-1.614308476448059
1790266867005566500,35.88956640625,1.0563783645629883,0.8731340169906616,-1.1674778461456299
1790266867015566300,35.89956640625,0.8455867767333984,1.0707167387008667,-0.7502398490905762
1790266867025566500,35.90956640625,0.687896728515625,0.7698811292648315,-0.6276800632476807
1790266867035566300,35.91956640625,0.9059276580810547,0.13882195949554443,-0.6739635467529297
1790266867045566500,35.92956640625,1.1294903755187988,-0.585564374923706,-0.660125732421875
1790266867055566300,35.93956640625,1.502206802368164,-0.9825302362442017,-0.789088249206543
1790266867065566500,35.94956640625,1.880300521850586,-0.9401657581329346,-1.080695390701294
1790266867075566300,35.95956640625,1.9272956848144531,-0.6272491216659546,-1.3884663581848145
1790266867085566500,35.96956640625,1.7917943000793457,-0.25523996353149414,-1.709850788116455
1790266867095566300,35.97956640625,1.924367904663086,0.2158634066581726,-2.091625928878784
1790266867105566500,35.98956640625,2.201045036315918,0.6632547378540039,-2.3573861122131348
1790266867115566300,35.99956640625,1.9596138000488281,1.0521600246429443,-2.3676819801330566
1790266867125566500,36.00956640625,1.5898237228393555,1.2443630695343018,-2.192692756652832
1790266867135566300,36.01956640625,1.6453094482421875,1.3388233184814453,-1.8153166770935059
1790266867145566500,36.02956640625,1.808558464050293,1.2968045473098755,-1.5826520919799805
1790266867155566300,36.03956640625,2.13128662109375,1.2000596523284912,-1.3588500022888184
1790266867165566500,36.04956640625,1.9702296257019043,0.924848198890686,-0.7375087738037109
1790266867175566300,36.05956640625,1.7795648574829102,0.5071239471435547,-0.84303879737854
1790266867185566500,36.06956640625,1.3714475631713867,0.09120023250579834,-0.9753050804138184
1790266867195566300,36.07956640625,1.1748452186584473,-0.1732344627380371,-0.5802254676818848
1790266867205566500,36.08956640625,1.0068902969360352,-0.22910869121551514,0.03411102294921875
1790266867215566300,36.09956640625,1.0515556335449219,-0.08089256286621094,0.9010303020477295
1790266867225566500,36.10956640625,1.2987442016601562,0.17566955089569092,1.4207003116607666
1790266867235566300,36.11956640625,1.0198192596435547,0.42757487297058105,1.56467866897583
1790266867245566500,36.12956640625,0.9704389572143555,0.6353495121002197,1.6176955699920654
1790266867255566300,36.13956640625,1.1189899444580078,0.7954193949699402,1.3176100254058838
1790266867265566500,36.14956640625,1.7099409103393555,0.9432610273361206,0.8760406970977783
1790266867275566300,36.15956640625,1.8876991271972656,1.1505568027496338,0.4695110321044922
1790266867285566500,36.16956640625,1.5783157348632812,1.4807791709899902,0.23540806770324707
1790266867295566300,36.17956640625,0.9768128395080566,1.7359274625778198,0.24113941192626953
1790266867305566500,36.18956640625,0.9623241424560547,1.756295084953308,0.4499549865722656
1790266867315566300,36.19956640625,1.1656904220581055,1.5451306104660034,0.4561147689819336
1790266867325566500,36.20956640625,1.3776865005493164,1.2613638639450073,0.4778730869293213
1790266867335566300,36.21956640625,1.4531307220458984,1.0936312675476074,0.5415971279144287
1790266867345566500,36.22956640625,1.5708675384521484,1.0121427774429321,0.5781235694885254
1790266867355566300,36.23956640625,1.676586627960205,0.9050047397613525,0.38060998916625977
1790266867365566500,36.24956640625,1.2396044731140137,0.8629162311553955,0.22596979141235352
1790266867375566300,36.25956640625,1.0741910934448242,0.9043252468109131,0.12885475158691406
1790266867385566500,36.26956640625,0.7397451400756836,0.9678645133972168,0.14802980422973633
1790266867395566300,36.27956640625,1.0598092079162598,0.9734498262405396,0.31712961196899414
1790266867405566500,36.28956640625,1.6110444068908691,1.0165834426879883,0.08990907669067383
1790266867415566300,36.29956640625,1.7147560119628906,1.0486578941345215,-0.1203317642211914
1790266867425566500,36.30956640625,1.6802473068237305,1.0757243633270264,-0.29447126388549805
1790266867435566300,36.31956640625,1.3904919624328613,1.024240493774414,-0.47522783279418945
1790266867445566500,36.32956640625,1.081923484802246,0.9305722713470459,-0.5276970863342285
1790266867455566300,36.33956640625,0.690770149230957,0.7640268802642822,-0.3162374496459961
1790266867465566500,36.34956640625,0.21626996994018555,0.4873831272125244,-0.0848073959350586
1790266867475566300,36.35956640625,-0.24607133865356445,0.12333106994628906,0.13687944412231445
1790266867485566500,36.36956640625,0.04235029220581055,-0.3440284729003906,0.34895801544189453
1790266867495566300,36.37956640625,0.613957405090332,-0.743964672088623,0.43741607666015625
1790266867505566500,36.38956640625,1.2110424041748047,-1.0061397552490234,0.3108706474304199
1790266867515566300,36.39956640625,1.000638484954834,-1.1361021995544434,0.10553741455078125
1790266867525566500,36.40956640625,-0.011081695556640625,-1.1742005348205566,0.06032896041870117
1790266867535566300,36.41956640625,-0.9642667770385742,-1.0433588027954102,0.11358070373535156
1790266867545566500,36.42956640625,-0.8327136039733887,-0.9666271209716797,0.24809980392456055
1790266867555566300,36.43956640625,-0.2813129425048828,-0.8552689552307129,0.0846090316772461
1790266867565566500,36.44956640625,-0.02865457534790039,-0.819481372833252,-0.10421180725097656
1790266867575566300,36.45956640625,-0.006690025329589844,-0.8270735740661621,-0.20010948181152344
1790266867585566500,36.46956640625,0.7071890830993652,-0.7480030059814453,-0.30131959915161133
1790266867595566300,36.47956640625,1.7754650115966797,-0.47469186782836914,-0.481842041015625
1790266867605566500,36.48956640625,1.7179336547851562,0.0005927085876464844,-0.6435694694519043
1790266867615566300,36.49956640625,0.4419674873352051,0.5676674842834473,-0.6665635108947754
1790266867625566500,36.50956640625,-1.249321460723877,0.9574127197265625,-0.47463226318359375
1790266867635566300,36.51956640625,-1.2108993530273438,0.9214930534362793,-0.3096349239349365
1790266867645566500,36.52956640625,0.07776069641113281,0.39180850982666016,-0.22756266593933105
1790266867655566300,36.53956640625,1.0640068054199219,-0.37495946884155273,-0.1851513385772705
1790266867665566500,36.54956640625,1.2782387733459473,-0.9778575897216797,0.16323113441467285
1790266867675566300,36.55956640625,0.9354376792907715,-1.567011833190918,1.0350658893585205
1790266867685566500,36.56956640625,0.1578693389892578,-2.0516719818115234,2.0192253589630127
1790266867695566300,36.57956640625,-0.7019844055175781,-2.414118766784668,2.6265482902526855
1790266867705566500,36.58956640625,-1.2968764305114746,-2.740877628326416,2.7770118713378906
1790266867715566300,36.59956640625,-1.063767910003662,-2.870152473449707,2.332958459854126
1790266867725566500,36.60956640625,-0.42208194732666016,-2.6576919555664062,1.8570044040679932
1790266867735566300,36.61956640625,-0.5870428085327148,-2.2004480361938477,2.0223605632781982
1790266867745566500,36.62956640625,-0.33849382400512695,-1.6445889472961426,2.395132303237915
1790266867755566300,36.63956640625,1.166266918182373,-0.9963154792785645,2.270339250564575
1790266867765566500,36.64956640625,1.1673874855041504,-0.3275465965270996,1.8334410190582275
1790266867775566300,36.65956640625,-0.2608327865600586,0.2469320297241211,1.3611462116241455
1790266867785566500,36.66956640625,-0.4396820068359375,0.5378870964050293,0.8245556354522705
1790266867795566300,36.67956640625,-0.6326684951782227,0.7684450149536133,0.5698111057281494
1790266867805566500,36.68956640625,-1.876021385192871,0.9880547523498535,0.11675858497619629
1790266867815566300,36.69956640625,-2.376711368560791,0.9419746398925781,0.008954524993896484
1790266867825566500,36.70956640625,-1.6894431114196777,0.6031055450439453,0.7467122077941895
1790266867835566300,36.71956640625,-0.8491311073303223,0.09478473663330078,1.1688601970672607
1790266867845566500,36.72956640625,-0.6659893989562988,-0.5061583518981934,1.1834261417388916
1790266867855566300,36.73956640625,-0.8129091262817383,-1.096254825592041,1.214656114578247
1790266867865566500,36.74956640625,-0.5785956382751465,-1.481668472290039,1.174739122390747
1790266867875566300,36.75956640625,-0.2749671936035156,-1.5768990516662598,1.1386687755584717
1790266867885566500,36.76956640625,-0.806525707244873,-1.4133715629577637,0.9153785705566406
1790266867895566300,36.77956640625,-1.4221553802490234,-1.171839714050293,0.5425074100494385
1790266867905566500,36.78956640625,-1.5011849403381348,-1.1851577758789062,0.7141427993774414
1790266867915566300,36.79956640625,-1.2424888610839844,-1.3749504089355469,1.1145451068878174
1790266867925566500,36.80956640625,-0.8437485694885254,-1.4104804992675781,1.2540736198425293
1790266867935566300,36.81956640625,-0.39603567123413086,-1.2570972442626953,1.2314567565917969
1790266867945566500,36.82956640625,-0.2346477508544922,-0.9085264205932617,1.1903517246246338
1790266867955566300,36.83956640625,-0.29552364349365234,-0.5015439987182617,1.0265552997589111
1790266867965566500,36.84956640625,-0.600191593170166,-0.19501209259033203,0.7599966526031494
1790266867975566300,36.85956640625,-0.9204273223876953,-0.15615081787109375,0.5348131656646729
1790266867985566500,36.86956640625,-0.9905920028686523,-0.4120950698852539,0.5047180652618408
1790266867995566300,36.87956640625,-0.9162263870239258,-0.749943733215332,0.4706549644470215
1790266868005566500,36.88956640625,-0.8015909194946289,-0.9289560317993164,0.34703850746154785
1790266868015566300,36.89956640625,-0.704622745513916,-0.9281511306762695,0.178389310836792
1790266868025566500,36.90956640625,-0.47988462448120117,-0.8791437149047852,-0.01034235954284668
1790266868035566300,36.91956640625,-0.20831680297851562,-0.781097412109375,-0.19063711166381836
1790266868045566500,36.92956640625,-0.05358600616455078,-0.6676912307739258,-0.24339580535888672
1790266868055566300,36.93956640625,-0.012068748474121094,-0.5683069229125977,-0.31548070907592773
1790266868065566500,36.94956640625,-0.031142711639404297,-0.5038242340087891,-0.48694920539855957
1790266868075566300,36.95956640625,-0.08629941940307617,-0.3698129653930664,-0.6187856197357178
1790266868085566500,36.96956640625,-0.16042804718017578,-0.29161787033081055,-0.8776519298553467
1790266868095566300,36.97956640625,-0.3631448745727539,-0.26280927658081055,-1.0770862102508545
1790266868105566500,36.98956640625,-0.558967113494873,-0.28952789306640625,-0.9601624011993408
1790266868115566300,36.99956640625,-0.8453383445739746,-0.39255619049072266,-0.5999917984008789
1790266868125566500,37.00956640625,-1.0739068984985352,-0.5245251655578613,-0.1586301326751709
1790266868135566300,37.01956640625,-1.2089972496032715,-0.7781744003295898,0.17420339584350586
1790266868145566500,37.02956640625,-0.9482698440551758,-0.9389643669128418,0.3922595977783203
1790266868155566300,37.03956640625,-0.6153721809387207,-1.0079636573791504,0.4479408264160156
1790266868165566500,37.04956640625,-0.6396632194519043,-0.9060206413269043,0.5106160640716553
1790266868175566300,37.05956640625,-0.9462127685546875,-0.6705226898193359,0.5651378631591797
1790266868185566500,37.06956640625,-1.33689546585083,-0.46088266372680664,0.7332406044006348
1790266868195566300,37.07956640625,-1.5450787544250488,-0.4612460136413574,1.012711524963379
1790266868205566500,37.08956640625,-1.3173775672912598,-0.6702980995178223,1.2281012535095215
1790266868215566300,37.09956640625,-1.0440897941589355,-1.0062665939331055,1.0786113739013672
1790266868225566500,37.10956640625,-0.8738017082214355,-1.2869806289672852,0.4444093704223633
1790266868235566300,37.11956640625,-0.7816424369812012,-1.4114603996276855,-0.410017728805542
1790266868245566500,37.12956640625,-0.7991495132446289,-1.270576000213623,-1.0196843147277832
1790266868255566300,37.13956640625,-0.782045841217041,-0.9244203567504883,-1.0301790237426758
1790266868265566500,37.14956640625,-1.2026996612548828,-0.48479366302490234,-0.5916233062744141
1790266868275566300,37.15956640625,-1.7220921516418457,-0.07889556884765625,-0.007903099060058594
1790266868285566500,37.16956640625,-1.7529687881469727,0.11642313003540039,0.521918773651123
1790266868295566300,37.17956640625,-1.1143856048583984,-0.016241073608398438,0.9762992858886719
1790266868305566500,37.18956640625,-0.13978004455566406,-0.32166290283203125,1.211240291595459
1790266868315566300,37.19956640625,0.22077655792236328,-0.6057066917419434,1.0843000411987305
1790266868325566500,37.20956640625,-0.23854923248291016,-0.7531476020812988,0.8279924392700195
1790266868335566300,37.21956640625,-0.8730254173278809,-0.7469124794006348,0.43195390701293945
1790266868345566500,37.22956640625,-1.2713017463684082,-0.7743411064147949,0.25978660583496094
1790266868355566300,37.23956640625,-1.226944923400879,-0.7794771194458008,0.5794596672058105
1790266868365566500,37.24956640625,-1.2434024810791016,-0.8007240295410156,0.9834208488464355
1790266868375566300,37.25956640625,-0.9912405014038086,-0.8785371780395508,1.157160758972168
1790266868385566500,37.26956640625,-0.17807245254516602,-0.926154613494873,1.0166730880737305
1790266868395566300,37.27956640625,0.7795066833496094,-0.8166508674621582,0.6893458366394043
1790266868405566500,37.28956640625,0.8824586868286133,-0.5636825561523438,0.48435115814208984
1790266868415566300,37.29956640625,-0.05617809295654297,-0.34323930740356445,0.4497995376586914
1790266868425566500,37.30956640625,-1.448753833770752,-0.3523383140563965,0.509030818939209
1790266868435566300,37.31956640625,-2.3484959602355957,-0.6798076629638672,0.7160654067993164
1790266868445566500,37.32956640625,-2.004397392272949,-1.1679468154907227,0.9083843231201172
1790266868455566300,37.33956640625,-0.6684603691101074,-1.471796989440918,0.7252316474914551
1790266868465566500,37.34956640625,0.7071037292480469,-1.3388738632202148,0.38614559173583984
1790266868475566300,37.35956640625,1.1248950958251953,-0.8535952568054199,0.20213699340820312
1790266868485566500,37.36956640625,0.5508017539978027,-0.4027223587036133,0.2816643714904785
1790266868495566300,37.37956640625,-0.28115081787109375,-0.4128241539001465,0.3196730613708496
1790266868505566500,37.38956640625,-0.5113377571105957,-0.8846836090087891,0.17368173599243164
1790266868515566300,37.39956640625,0.11225509643554688,-1.445490837097168,-0.2589845657348633
1790266868525566500,37.40956640625,1.0803632736206055,-1.6377310752868652,-0.7114334106445312
1790266868535566300,37.41956640625,1.6959500312805176,-1.4179387092590332,-0.9453027248382568
1790266868545566500,37.42956640625,1.5800094604492188,-0.9909305572509766,-1.0114996433258057
1790266868555566300,37.43956640625,0.8708767890930176,-0.6206169128417969,-0.9990944862365723
1790266868565566500,37.44956640625,0.35025691986083984,-0.4376373291015625,-1.1106271743774414
1790266868575566300,37.45956640625,0.5370602607727051,-0.39049649238586426,-1.2964956760406494
1790266868585566500,37.46956640625,0.6331448554992676,-0.26612281799316406,-1.459449291229248
1790266868595566300,37.47956640625,0.7338705062866211,-0.014209985733032227,-1.4364914894104004
1790266868605566500,37.48956640625,1.316452980041504,0.4268953800201416,-1.2238245010375977
1790266868615566300,37.49956640625,1.7016243934631348,0.9263744354248047,-0.8949732780456543
1790266868625566500,37.50956640625,1.2872366905212402,1.2561297416687012,-0.5729656219482422
1790266868635566300,37.51956640625,0.46762561798095703,1.3173472881317139,-0.3979611396789551
1790266868645566500,37.52956640625,0.12211894989013672,0.8563270568847656,-0.36476755142211914
1790266868655566300,37.53956640625,0.7172174453735352,0.22076678276062012,-0.33426570892333984
1790266868665566500,37.54956640625,0.9420232772827148,-0.2518503665924072,-0.11274242401123047
1790266868675566300,37.55956640625,0.4014406204223633,-0.4911532402038574,0.11103105545043945
1790266868685566500,37.56956640625,0.2729825973510742,-0.5827047824859619,0.40117692947387695
1790266868695566300,37.57956640625,0.4799470901489258,-0.7424236536026001,0.7752647399902344
1790266868705566500,37.58956640625,0.8799800872802734,-0.9161859750747681,0.9413704872131348
1790266868715566300,37.59956640625,1.3515892028808594,-1.1062836647033691,0.7986674308776855
1790266868725566500,37.60956640625,1.4066781997680664,-0.9988018274307251,0.44640111923217773
1790266868735566300,37.61956640625,1.101301670074463,-0.6774270534515381,-0.014322280883789062
1790266868745566500,37.62956640625,1.3386507034301758,-0.38742148876190186,-0.4326291084289551
1790266868755566300,37.63956640625,1.826751708984375,-0.15563595294952393,-0.8115565776824951
1790266868765566500,37.64956640625,2.1059322357177734,0.09625113010406494,-1.2148816585540771
1790266868775566300,37.65956640625,1.9205074310302734,0.23217099905014038,-1.5538172721862793
1790266868785566500,37.66956640625,1.8746962547302246,0.3228541612625122,-1.9021990299224854
1790266868795566300,37.67956640625,2.015549659729004,0.5064033269882202,-2.2120046615600586
1790266868805566500,37.68956640625,1.7705469131469727,0.8360110521316528,-2.3460261821746826
1790266868815566300,37.69956640625,1.3584327697753906,1.240125060081482,-2.238281011581421
1790266868825566500,37.70956640625,1.6750469207763672,1.5342648029327393,-2.066483736038208
1790266868835566300,37.71956640625,1.9011878967285156,1.5405097007751465,-2.0425221920013428
1790266868845566500,37.72956640625,1.4603500366210938,1.4019535779953003,-2.07521915435791
1790266868855566300,37.73956640625,1.5398540496826172,1.1358413696289062,-1.7769184112548828
1790266868865566500,37.74956640625,1.5434460639953613,1.0208194255828857,-1.6385061740875244
1790266868875566300,37.75956640625,1.5577125549316406,0.9440457820892334,-1.5681934356689453
1790266868885566500,37.76956640625,1.2741289138793945,0.6532701253890991,-1.0413479804992676
1790266868895566300,37.77956640625,1.4623727798461914,0.43781816959381104,-0.20226716995239258
1790266868905566500,37.78956640625,2.112423896789551,0.5778368711471558,0.19513559341430664
1790266868915566300,37.79956640625,1.4836339950561523,0.9023404121398926,-0.04088735580444336
1790266868925566500,37.80956640625,1.3353972434997559,1.2068060636520386,-0.2903409004211426
1790266868935566300,37.81956640625,0.9284448623657227,1.2916356325149536,-0.5337390899658203
1790266868945566500,37.82956640625,0.8333010673522949,1.075547695159912,-0.36699819564819336
1790266868955566300,37.83956640625,0.5313491821289062,0.7079485654830933,-0.2595844268798828
1790266868965566500,37.84956640625,0.2740812301635742,0.33541977405548096,-0.17347288131713867
1790266868975566300,37.85956640625,0.9612140655517578,0.08847904205322266,-0.33756065368652344
1790266868985566500,37.86956640625,1.953476905822754,0.028134822845458984,-0.7099957466125488
1790266868995566300,37.87956640625,1.990220069885254,0.17780113220214844,-1.0742638111114502
1790266869005566500,37.88956640625,1.112802505493164,0.43556416034698486,-1.2010128498077393
1790266869015566300,37.89956640625,0.3569183349609375,0.6569451093673706,-1.0644476413726807
1790266869025566500,37.90956640625,0.34657859802246094,0.7864015102386475,-0.8455662727355957
1790266869035566300,37.91956640625,0.6070122718811035,0.8482043743133545,-0.9237446784973145
1790266869045566500,37.92956640625,1.1397733688354492,0.9945812225341797,-1.1985774040222168
1790266869055566300,37.93956640625,1.7224931716918945,1.1917705535888672,-1.2442588806152344
1790266869065566500,37.94956640625,2.1634068489074707,1.3611949682235718,-1.1454989910125732
1790266869075566300,37.95956640625,2.0275025367736816,1.4151369333267212,-1.0422086715698242
1790266869085566500,37.96956640625,1.3555831909179688,1.3272173404693604,-1.0234999656677246
1790266869095566300,37.97956640625,0.527163028717041,1.079610824584961,-0.9503951072692871
1790266869105566500,37.98956640625,0.48982858657836914,0.6500053405761719,-0.8125615119934082
1790266869115566300,37.99956640625,0.9848189353942871,0.2557985782623291,-0.9005937576293945
1790266869125566500,38.00956640625,0.9674596786499023,0.07032179832458496,-0.8516197204589844
1790266869135566300,38.01956640625,0.03723478317260742,0.01870417594909668,-0.20279693603515625
1790266869145566500,38.02956640625,-0.11752510070800781,-0.189589262008667,0.4318399429321289
1790266869155566300,38.03956640625,0.7115764617919922,-0.4587883949279785,0.42868757247924805
1790266869165566500,38.04956640625,2.3898959159851074,-0.5786473751068115,-0.15036582946777344
1790266869175566300,38.05956640625,2.9744338989257812,-0.3977501392364502,-0.9355854988098145
1790266869185566500,38.06956640625,2.0920863151550293,-0.012665033340454102,-1.3998212814331055
1790266869195566300,38.07956640625,0.28600263595581055,0.46938371658325195,-1.1608469486236572
1790266869205566500,38.08956640625,-1.0322718620300293,0.9083042144775391,-0.5174322128295898
1790266869215566300,38.09956640625,-1.4442453384399414,1.1615185737609863,-0.271486759185791
1790266869225566500,38.10956640625,-0.6471152305603027,1.147780179977417,-0.4624929428100586
1790266869235566300,38.11956640625,0.3760972023010254,0.9610772132873535,-0.8353462219238281
1790266869245566500,38.12956640625,1.045443058013916,0.7482213973999023,-0.9038486480712891
1790266869255566300,38.13956640625,1.023397445678711,0.5149426460266113,-0.7330141067504883
1790266869265566500,38.14956640625,-0.5512790679931641,0.15530920028686523,-0.49854135513305664
1790266869275566300,38.15956640625,-2.094026565551758,-0.23711347579956055,0.09654045104980469
1790266869285566500,38.16956640625,-2.1241512298583984,-0.8250575065612793,1.157430648803711
1790266869295566300,38.17956640625,-0.9542269706726074,-1.7004427909851074,1.5720887184143066
1790266869305566500,38.18956640625,-0.2867403030395508,-2.433169364929199,0.8444595336914062
1790266869315566300,38.19956640625,-0.18430185317993164,-2.8772330284118652,0.14795207977294922
1790266869325566500,38.20956640625,-0.12692499160766602,-3.1872429847717285,-0.22710752487182617
1790266869335566300,38.21956640625,0.23546791076660156,-3.2360596656799316,-0.10780143737792969
1790266869345566500,38.22956640625,0.2847304344177246,-3.131948471069336,0.16732072830200195
1790266869355566300,38.23956640625,-0.41926145553588867,-2.6744933128356934,0.4166684150695801
1790266869365566500,38.24956640625,-1.4313530921936035,-2.005627155303955,0.3749556541442871
1790266869375566300,38.25956640625,-1.9938244819641113,-1.3517251014709473,0.1808614730834961
1790266869385566500,38.26956640625,-1.4968290328979492,-0.7940349578857422,0.10854244232177734
1790266869395566300,38.27956640625,-0.28450918197631836,-0.32697200775146484,0.07928752899169922
1790266869405566500,38.28956640625,0.5802955627441406,-0.09871673583984375,0.09899425506591797
1790266869415566300,38.29956640625,0.6763825416564941,-0.11570310592651367,0.45281124114990234
1790266869425566500,38.30956640625,0.46532773971557617,-0.26251888275146484,0.7312717437744141
1790266869435566300,38.31956640625,0.2728853225708008,-0.40105247497558594,0.47843313217163086
1790266869445566500,38.32956640625,-0.29492998123168945,-0.4143099784851074,0.023175716400146484
1790266869455566300,38.33956640625,-0.8962159156799316,-0.19755029678344727,-0.1949009895324707
1790266869465566500,38.34956640625,-0.9871058464050293,0.24659013748168945,-0.06606006622314453
1790266869475566300,38.35956640625,-0.9450654983520508,0.6888461112976074,0.06895017623901367
1790266869485566500,38.36956640625,-1.1663107872009277,0.9352831840515137,0.11435556411743164
1790266869495566300,38.37956640625,-1.3315520286560059,0.8788843154907227,0.081146240234375
1790266869505566500,38.38956640625,-1.3401780128479004,0.4395613670349121,0.0990898609161377
1790266869515566300,38.39956640625,-1.6863856315612793,-0.2995262145996094,0.13328027725219727
1790266869525566500,38.40956640625,-2.0512919425964355,-1.2582502365112305,0.5114991664886475
1790266869535566300,38.41956640625,-1.961845874786377,-2.279627799987793,1.2126502990722656
1790266869545566500,38.42956640625,-1.777879238128662,-3.099991798400879,1.762082815170288
1790266869555566300,38.43956640625,-1.8192453384399414,-3.7245545387268066,2.0960423946380615
1790266869565566500,38.44956640625,-1.633476734161377,-4.127641201019287,2.3132035732269287
1790266869575566300,38.45956640625,-1.177250862121582,-3.9202260971069336,2.3072261810302734
1790266869585566500,38.46956640625,-0.9093718528747559,-3.1875224113464355,2.040381669998169
1790266869595566300,38.47956640625,-1.0704092979431152,-2.0923118591308594,1.716841220855713
1790266869605566500,38.48956640625,-1.201301097869873,-0.8871016502380371,1.4209651947021484
1790266869615566300,38.49956640625,-0.8344483375549316,0.14204645156860352,1.2476887702941895
1790266869625566500,38.50956640625,-0.12872552871704102,0.9761414527893066,1.0975027084350586
1790266869635566300,38.51956640625,0.4847750663757324,1.5854897499084473,0.7581624984741211
1790266869645566500,38.52956640625,0.9175229072570801,2.004387855529785,0.21376299858093262
1790266869655566300,38.53956640625,1.1016054153442383,2.165194034576416,-0.31170105934143066
1790266869665566500,38.54956640625,0.7479157447814941,2.1241469383239746,-0.6646864414215088
1790266869675566300,38.55956640625,-0.21793031692504883,1.761932373046875,-0.7331433296203613
1790266869685566500,38.56956640625,-1.2019281387329102,0.9402623176574707,-0.29836249351501465
1790266869695566300,38.57956640625,-1.6077609062194824,-0.14145708084106445,0.4850449562072754
1790266869705566500,38.58956640625,-1.1792659759521484,-1.0847139358520508,1.0864357948303223
1790266869715566300,38.59956640625,-0.7126870155334473,-1.6081395149230957,1.1047451496124268
1790266869725566500,38.60956640625,-0.6186203956604004,-1.747389793395996,0.7732272148132324
1790266869735566300,38.61956640625,-0.7040557861328125,-1.6808552742004395,0.4959280490875244
1790266869745566500,38.62956640625,-1.0286521911621094,-1.4832377433776855,0.4215524196624756
1790266869755566300,38.63956640625,-1.5449705123901367,-1.306957721710205,0.6937105655670166
1790266869765566500,38.64956640625,-1.6859827041625977,-1.3036231994628906,1.2133166790008545
1790266869775566300,38.65956640625,-1.2076048851013184,-1.285942554473877,1.5304231643676758
1790266869785566500,38.66956640625,-0.6394681930541992,-1.28261137008667,1.3837754726409912
1790266869795566300,38.67956640625,-0.3894824981689453,-1.365990161895752,1.01383376121521
1790266869805566500,38.68956640625,-0.3004918098449707,-1.4354400634765625,0.5434038639068604
1790266869815566300,38.69956640625,-0.06175661087036133,-1.1417875289916992,0.2660386562347412
1790266869825566500,38.70956640625,-0.10653257369995117,-0.9726448059082031,-0.2952840328216553
1790266869835566300,38.71956640625,0.002720355987548828,-0.4734025001525879,-0.3982071876525879
1790266869845566500,38.72956640625,0.04931974411010742,-0.09149837493896484,-0.3128187656402588
1790266869855566300,38.73956640625,-0.04507160186767578,0.22605562210083008,-0.14540576934814453
1790266869865566500,38.74956640625,-0.1613903045654297,0.4044947624206543,0.0507349967956543
1790266869875566300,38.75956640625,-0.0013356208801269531,0.4534950256347656,0.2695450782775879
1790266869885566500,38.76956640625,0.21894073486328125,0.492034912109375,0.38653039932250977
1790266869895566300,38.77956640625,-0.0644216537475586,0.5468440055847168,0.3649625778198242
1790266869905566500,38.78956640625,-1.0094408988952637,0.4998130798339844,0.45502519607543945
1790266869915566300,38.79956640625,-2.0715584754943848,0.22431707382202148,0.7361621856689453
1790266869925566500,38.80956640625,-2.2277307510375977,-0.31323909759521484,1.248300552368164
1790266869935566300,38.81956640625,-1.137376308441162,-0.9136099815368652,1.7015719413757324
1790266869945566500,38.82956640625,0.2458806037902832,-1.3159880638122559,1.885904312133789
1790266869955566300,38.83956640625,1.0024919509887695,-1.4624462127685547,1.6908988952636719
1790266869965566500,38.84956640625,1.3571796417236328,-1.1556692123413086,1.273237705230713
1790266869975566300,38.85956640625,1.0738935470581055,-0.5223355293273926,0.8524608612060547
1790266869985566500,38.86956640625,0.2982954978942871,0.054923057556152344,0.5650649070739746
1790266869995566300,38.87956640625,-0.3677639961242676,0.2471923828125,0.3734464645385742
1790266870005566500,38.88956640625,-0.5779194831848145,0.15432310104370117,0.44714879989624023
1790266870015566300,38.89956640625,-0.06194591522216797,-0.029779911041259766,0.6448450088500977
1790266870025566500,38.90956640625,0.6606640815734863,-0.14671611785888672,0.758089542388916
1790266870035566300,38.91956640625,0.764223575592041,-0.15892934799194336,0.7406344413757324
1790266870045566500,38.92956640625,0.19829559326171875,-0.08824920654296875,0.7495970726013184
1790266870055566300,38.93956640625,-0.3082461357116699,0.031752586364746094,1.0272407531738281
1790266870065566500,38.94956640625,-0.5223007202148438,-0.013778209686279297,1.4937481880187988
1790266870075566300,38.95956640625,-0.45180606842041016,-0.30017757415771484,1.9496049880981445
1790266870085566500,38.96956640625,-0.037690162658691406,-0.6397595405578613,2.100048065185547
1790266870095566300,38.97956640625,0.2961101531982422,-0.8181304931640625,1.9340095520019531
1790266870105566500,38.98956640625,0.20547866821289062,-0.8914003372192383,1.6355705261230469
1790266870115566300,38.99956640625,0.0782465934753418,-0.9898037910461426,1.3445024490356445
1790266870125566500,39.00956640625,0.3503232002258301,-1.1214189529418945,1.1748065948486328
1790266870135566300,39.01956640625,0.6055135726928711,-1.1509222984313965,1.0308465957641602
1790266870145566500,39.02956640625,0.31772518157958984,-1.096682071685791,0.9925537109375
1790266870155566300,39.03956640625,-0.19247913360595703,-1.0520944595336914,0.9513993263244629
1790266870165566500,39.04956640625,-0.21099376678466797,-1.0554132461547852,0.7265110015869141
1790266870175566300,39.05956640625,0.5112848281860352,-1.009352207183838,0.38789796829223633
1790266870185566500,39.06956640625,1.1570158004760742,-0.8909521102905273,0.10637950897216797
1790266870195566300,39.07956640625,1.298628330230713,-0.8056497573852539,-0.04181051254272461
1790266870205566500,39.08956640625,1.1123156547546387,-0.7929363250732422,-0.15430831909179688
1790266870215566300,39.09956640625,0.8043971061706543,-0.806126594543457,-0.13877582550048828
1790266870225566500,39.10956640625,0.5673708915710449,-0.810631275177002,-0.03393077850341797
1790266870235566300,39.11956640625,0.2988910675048828,-0.8981709480285645,-0.036670684814453125
1790266870245566500,39.12956640625,0.5073285102844238,-0.902308464050293,-0.26326680183410645
1790266870255566300,39.13956640625,1.1492300033569336,-0.8473670482635498,-0.5587074756622314
1790266870265566500,39.14956640625,1.4900250434875488,-0.6857805252075195,-0.6639766693115234
1790266870275566300,39.15956640625,1.1919708251953125,-0.49044013023376465,-0.7196693420410156
1790266870285566500,39.16956640625,0.5825796127319336,-0.40518975257873535,-0.7730765342712402
1790266870295566300,39.17956640625,0.5116500854492188,-0.38886427879333496,-0.6816244125366211
1790266870305566500,39.18956640625,0.9684391021728516,-0.44434547424316406,-0.4834940433502197
1790266870315566300,39.19956640625,1.2122669219970703,-0.5188515186309814,-0.261110782623291
1790266870325566500,39.20956640625,1.1295099258422852,-0.5509066581726074,-0.07556653022766113
1790266870335566300,39.21956640625,1.6499061584472656,-0.38606905937194824,0.08126473426818848
1790266870345566500,39.22956640625,1.9412508010864258,-0.07767391204833984,0.10864734649658203
1790266870355566300,39.23956640625,1.4125442504882812,0.2372896671295166,0.0009067058563232422
1790266870365566500,39.24956640625,0.23230457305908203,0.2896592617034912,-0.08495950698852539
1790266870375566300,39.25956640625,0.1325693130493164,-0.05393862724304199,-0.28260064125061035
1790266870385566500,39.26956640625,1.866696834564209,-0.38077354431152344,-0.5949008464813232
1790266870395566300,39.27956640625,2.6669979095458984,-0.35961198806762695,-0.7524173259735107
1790266870405566500,39.28956640625,2.1266841888427734,-0.15235865116119385,-0.7952113151550293
1790266870415566300,39.29956640625,1.0218863487243652,0.11174333095550537,-0.7179989814758301
1790266870425566500,39.30956640625,0.7943267822265625,0.3031773567199707,-0.6704685688018799
1790266870435566300,39.31956640625,1.4815044403076172,0.38306665420532227,-0.8701207637786865
1790266870445566500,39.32956640625,1.6132173538208008,0.5716824531555176,-1.278548002243042
1790266870455566300,39.33956640625,1.7045841217041016,0.9064053893089294,-1.2280840873718262
1790266870465566500,39.34956640625,1.8796873092651367,1.2452013492584229,-0.6973137855529785
1790266870475566300,39.35956640625,1.7738037109375,1.3493356704711914,-0.330737829208374
1790266870485566500,39.36956640625,1.643054485321045,1.0559438467025757,-0.4603612422943115
1790266870495566300,39.37956640625,1.8422393798828125,0.6364333629608154,-1.074352741241455
1790266870505566500,39.38956640625,2.1227378845214844,0.4700295925140381,-1.828589916229248
1790266870515566300,39.39956640625,1.9815082550048828,0.8896791934967041,-2.101738929748535
1790266870525566500,39.40956640625,2.221859931945801,1.7418920993804932,-1.8201043605804443
1790266870535566300,39.41956640625,1.3866586685180664,2.4162163734436035,-1.6186704635620117
1790266870545566500,39.42956640625,0.20880508422851562,2.353057861328125,-1.1709866523742676
1790266870555566300,39.43956640625,-0.6312026977539062,1.5938206911087036,-0.36940574645996094
1790266870565566500,39.44956640625,0.30711936950683594,0.17317414283752441,0.6297369003295898
1790266870575566300,39.45956640625,1.7661089897155762,-1.1631406545639038,1.1765007972717285
1790266870585566500,39.46956640625,2.315884590148926,-1.2244313955307007,1.2112479209899902
1790266870595566300,39.47956640625,2.319436550140381,-0.5537014007568359,0.8417754173278809
1790266870605566500,39.48956640625,1.5234861373901367,-0.013050198554992676,-0.03075408935546875
1790266870615566300,39.49956640625,0.9056105613708496,0.040427565574645996,-0.8176217079162598
1790266870625566500,39.50956640625,0.6374082565307617,0.10073530673980713,-0.849733829498291
1790266870635566300,39.51956640625,1.431227684020996,0.3201005458831787,-0.7013812065124512
1790266870645566500,39.52956640625,2.4191646575927734,0.8411032557487488,-0.8696999549865723
1790266870655566300,39.53956640625,2.7655534744262695,1.4338600635528564,-1.281921148300171
1790266870665566500,39.54956640625,2.8918657302856445,1.8165489435195923,-1.6202738285064697
1790266870675566300,39.55956640625,3.000621795654297,1.9556686878204346,-1.6621851921081543
1790266870685566500,39.56956640625,2.949045181274414,1.933356523513794,-1.434708833694458
1790266870695566300,39.57956640625,2.513033866882324,1.8042409420013428,-1.3486912250518799
1790266870705566500,39.58956640625,1.9528312683105469,1.5638505220413208,-1.1848056316375732
1790266870715566300,39.59956640625,1.3783159255981445,1.2639379501342773,-0.863379955291748
1790266870725566500,39.60956640625,1.8529472351074219,0.8996493816375732,-0.4325523376464844
1790266870735566300,39.61956640625,2.690861701965332,0.4670734405517578,-0.2802863121032715
1790266870745566500,39.62956640625,3.0513553619384766,0.04344630241394043,-0.3968672752380371
1790266870755566300,39.63956640625,2.807272434234619,-0.25992417335510254,-0.4415707588195801
1790266870765566500,39.64956640625,0.46584129333496094,-0.4462742805480957,-0.6148552894592285
1790266870775566300,39.65956640625,-0.692896842956543,-0.4532041549682617,-0.7345962524414062
1790266870785566500,39.66956640625,-0.9709339141845703,-0.14969754219055176,-0.4874277114868164
1790266870795566300,39.67956640625,0.07251501083374023,0.48403406143188477,-0.5684223175048828
1790266870805566500,39.68956640625,0.6533479690551758,1.3754339218139648,-0.4831504821777344
1790266870815566300,39.69956640625,0.9488635063171387,2.1241371631622314,-0.04575300216674805
1790266870825566500,39.70956640625,-0.06977033615112305,2.4219131469726562,0.09236812591552734
1790266870835566300,39.71956640625,-0.6434383392333984,1.8813273906707764,0.32894229888916016
1790266870845566500,39.72956640625,0.14922666549682617,0.8810029029846191,0.34564208984375
1790266870855566300,39.73956640625,0.7357354164123535,-0.005789995193481445,0.0905008316040039
1790266870865566500,39.74956640625,0.7005114555358887,-0.8558840751647949,-0.04493284225463867
1790266870875566300,39.75956640625,0.07431745529174805,-1.5952329635620117,0.05205965042114258
1790266870885566500,39.76956640625,-0.6423768997192383,-2.092616081237793,0.19237899780273438
1790266870895566300,39.77956640625,-0.392669677734375,-2.30552339553833,0.28944873809814453
1790266870905566500,39.78956640625,-0.2868361473083496,-2.3253979682922363,0.18094825744628906
1790266870915566300,39.79956640625,-0.36469125747680664,-2.2210569381713867,0.015175342559814453
1790266870925566500,39.80956640625,0.4086933135986328,-2.0051398277282715,-0.24200677871704102
1790266870935566300,39.81956640625,0.8628363609313965,-1.654353141784668,-0.4717097282409668
1790266870945566500,39.82956640625,0.4703092575073242,-1.136472225189209,-0.5157470703125
1790266870955566300,39.83956640625,-0.19353389739990234,-0.3919029235839844,-0.22020959854125977
1790266870965566500,39.84956640625,-0.7530064582824707,0.48062753677368164,0.024060726165771484
1790266870975566300,39.85956640625,-0.865208625793457,1.255014419555664,-0.05865812301635742
1790266870985566500,39.86956640625,-0.5938425064086914,1.699079990386963,-0.36599063873291016
1790266870995566300,39.87956640625,-0.4615478515625,1.7887821197509766,-0.4960331916809082
1790266871005566500,39.88956640625,-0.6550464630126953,1.436851978302002,-0.54541015625
1790266871015566300,39.89956640625,-0.5062422752380371,0.7169709205627441,-0.2893691062927246
1790266871025566500,39.90956640625,-0.29363489151000977,-0.23430395126342773,0.04539775848388672
1790266871035566300,39.91956640625,-0.31975603103637695,-1.0971860885620117,0.290008544921875
1790266871045566500,39.92956640625,-0.7157430648803711,-2.119325637817383,0.4373512268066406
1790266871055566300,39.93956640625,-1.0367927551269531,-2.877197742462158,0.49696922302246094
1790266871065566500,39.94956640625,-1.141587734222412,-3.0752639770507812,0.37668371200561523
1790266871075566300,39.95956640625,-1.3518991470336914,-2.8028383255004883,0.3200206756591797
1790266871085566500,39.96956640625,-1.723114013671875,-2.248991012573242,0.5762901306152344
1790266871095566300,39.97956640625,-1.9409403800964355,-1.6771345138549805,0.8363041877746582
1790266871105566500,39.98956640625,-1.7603716850280762,-1.1847543716430664,0.7724514007568359
1790266871115566300,39.99956640625,-1.4895777702331543,-0.9728374481201172,0.6652250289916992
1790266871125566500,40.00956640625,-1.3706321716308594,-1.047041893005371,0.8815698623657227
1790266871135566300,40.01956640625,-1.4012136459350586,-1.189197063446045,1.297119140625
1790266871145566500,40.02956640625,-1.1935529708862305,-1.3110265731811523,1.8193254470825195
1790266871155566300,40.03956640625,-0.8354525566101074,-1.3329105377197266,2.3926219940185547
1790266871165566500,40.04956640625,-0.4609565734863281,-1.379575252532959,2.828032970428467
1790266871175566300,40.05956640625,0.04115152359008789,-1.4224457740783691,3.1719515323638916
1790266871185566500,40.06956640625,0.4138631820678711,-1.2986130714416504,3.1537492275238037
1790266871195566300,40.07956640625,0.5393686294555664,-0.9066176414489746,2.680631637573242
1790266871205566500,40.08956640625,0.5144643783569336,-0.2554941177368164,2.0283846855163574
1790266871215566300,40.09956640625,0.3842949867248535,0.48522377014160156,1.327390432357788
1790266871225566500,40.10956640625,0.26080751419067383,1.0967278480529785,0.7473912239074707
1790266871235566300,40.11956640625,-0.09754753112792969,1.5869073867797852,0.41953015327453613
1790266871245566500,40.12956640625,-0.4471445083618164,1.6778388023376465,0.6123044490814209
1790266871255566300,40.13956640625,-0.49845075607299805,1.4502944946289062,0.8369102478027344
1790266871265566500,40.14956640625,-0.40482187271118164,0.9178895950317383,0.9811904430389404
1790266871275566300,40.15956640625,-0.46291542053222656,0.2560901641845703,0.8803613185882568
1790266871285566500,40.16956640625,-0.7154860496520996,-0.40445375442504883,0.6831936836242676
1790266871295566300,40.17956640625,-0.9102177619934082,-0.9907550811767578,0.44603848457336426
1790266871305566500,40.18956640625,-0.913632869720459,-1.3905763626098633,0.12459754943847656
1790266871315566300,40.19956640625,-0.9391098022460938,-1.5618557929992676,-0.1465287208557129
1790266871325566500,40.20956640625,-1.2759389877319336,-1.4690513610839844,-0.517418622970581
1790266871335566300,40.21956640625,-1.7115583419799805,-1.3013019561767578,-0.8039746284484863
1790266871345566500,40.22956640625,-1.8418216705322266,-1.1651363372802734,-0.751469612121582
1790266871355566300,40.23956640625,-1.582730770111084,-1.073720932006836,-0.391552209854126
1790266871365566500,40.24956640625,-1.0934123992919922,-0.9718770980834961,0.0587918758392334
1790266871375566300,40.25956640625,-0.8895630836486816,-0.8342394828796387,0.2593352794647217
1790266871385566500,40.26956640625,-0.8079361915588379,-0.712101936340332,0.21932220458984375
1790266871395566300,40.27956640625,-0.6030488014221191,-0.5635638236999512,-0.029575586318969727
1790266871405566500,40.28956640625,-0.41297388076782227,-0.38297224044799805,-0.25379443168640137
1790266871415566300,40.29956640625,-0.3072209358215332,-0.21319150924682617,-0.3414440155029297
1790266871425566500,40.30956640625,-0.4028029441833496,-0.18042612075805664,-0.17695188522338867
1790266871435566300,40.31956640625,-0.5833616256713867,-0.41887331008911133,0.27272558212280273
1790266871445566500,40.32956640625,-0.6654195785522461,-0.7061448097229004,0.7468390464782715
1790266871455566300,40.33956640625,-0.5983023643493652,-0.8910441398620605,1.1811187267303467
1790266871465566500,40.34956640625,-0.46866559982299805,-1.0142712593078613,1.1152427196502686
1790266871475566300,40.35956640625,-0.4510021209716797,-0.8908076286315918,0.745805025100708
1790266871485566500,40.36956640625,-0.36698484420776367,-0.6708760261535645,0.2509770393371582
1790266871495566300,40.37956640625,-0.34860897064208984,-0.3371734619140625,-0.11482810974121094
1790266871505566500,40.38956640625,-0.33331775665283203,-0.022552013397216797,-0.2766890525817871
1790266871515566300,40.39956640625,-0.42398929595947266,0.18418645858764648,-0.25694870948791504
1790266871525566500,40.40956640625,-0.7008233070373535,0.1418619155883789,-0.1714625358581543
1790266871535566300,40.41956640625,-1.0973114967346191,-0.05177879333496094,-0.02601480484008789
1790266871545566500,40.42956640625,-1.308931827545166,-0.33845949172973633,0.1030735969543457
1790266871555566300,40.43956640625,-1.1725921630859375,-0.5628628730773926,0.22300052642822266
1790266871565566500,40.44956640625,-0.7600760459899902,-0.735041618347168,0.4440011978149414
1790266871575566300,40.45956640625,-0.28618431091308594,-0.8286457061767578,0.760127067565918
1790266871585566500,40.46956640625,-0.2675628662109375,-0.8714871406555176,1.0321683883666992
1790266871595566300,40.47956640625,-0.6721339225769043,-0.8427820205688477,1.211850643157959
1790266871605566500,40.48956640625,-1.008288860321045,-0.7689809799194336,1.4146332740783691
1790266871615566300,40.49956640625,-0.9617533683776855,-0.7313146591186523,1.632521152496338
1790266871625566500,40.50956640625,-0.8120088577270508,-0.7224063873291016,1.6479840278625488
1790266871635566300,40.51956640625,-0.4670844078063965,-0.7658438682556152,1.4846844673156738
1790266871645566500,40.52956640625,0.08368968963623047,-0.7761693000793457,1.2470135688781738
1790266871655566300,40.53956640625,0.2103428840637207,-0.6249818801879883,0.9978642463684082
1790266871665566500,40.54956640625,-0.298978328704834,-0.4324502944946289,0.7381157875061035
1790266871675566300,40.55956640625,-0.9645214080810547,-0.40029191970825195,0.6028866767883301
1790266871685566500,40.56956640625,-1.0316472053527832,-0.4772176742553711,0.7555961608886719
1790266871695566300,40.57956640625,-0.41251087188720703,-0.5359177589416504,0.9702320098876953
1790266871705566500,40.58956640625,0.14671993255615234,-0.44888830184936523,0.9054055213928223
1790266871715566300,40.59956640625,-0.026079654693603516,-0.38491296768188477,0.8441400527954102
1790266871725566500,40.60956640625,-0.598414421081543,-0.515385627746582,0.8910107612609863
1790266871735566300,40.61956640625,-1.1321897506713867,-0.8135652542114258,1.0745935440063477
1790266871745566500,40.62956640625,-0.8974084854125977,-1.1612162590026855,1.1707444190979004
1790266871755566300,40.63956640625,0.10155868530273438,-1.3428802490234375,0.8296890258789062
1790266871765566500,40.64956640625,0.7423744201660156,-1.1290788650512695,0.4296712875366211
1790266871775566300,40.65956640625,0.32828187942504883,-0.7130017280578613,0.3319730758666992
1790266871785566500,40.66956640625,-0.5960359573364258,-0.4762845039367676,0.5570411682128906
1790266871795566300,40.67956640625,-1.0434226989746094,-0.5867300033569336,0.8068404197692871
1790266871805566500,40.68956640625,-0.6141743659973145,-0.7627530097961426,0.7249774932861328
1790266871815566300,40.69956640625,0.09079504013061523,-0.8066339492797852,0.48348331451416016
1790266871825566500,40.70956640625,0.5245604515075684,-0.6847805976867676,0.3597879409790039
1790266871835566300,40.71956640625,0.8232645988464355,-0.4706439971923828,0.260526180267334
1790266871845566500,40.72956640625,1.0538325309753418,-0.37691307067871094,0.04412364959716797
1790266871855566300,40.73956640625,0.8637475967407227,-0.3408036231994629,-0.16275787353515625
1790266871865566500,40.74956640625,0.2791733741760254,-0.34178829193115234,-0.34717226028442383
1790266871875566300,40.75956640625,0.02032184600830078,-0.508988618850708,-0.5000391006469727
1790266871885566500,40.76956640625,0.666264533996582,-0.6282398700714111,-0.4667367935180664
1790266871895566300,40.77956640625,1.165271282196045,-0.6109561920166016,-0.34345436096191406
1790266871905566500,40.78956640625,0.7543573379516602,-0.4634833335876465,-0.10747241973876953
1790266871915566300,40.79956640625,0.11976099014282227,-0.43602585792541504,0.09281110763549805
1790266871925566500,40.80956640625,0.058669090270996094,-0.669912576675415,0.0877828598022461
1790266871935566300,40.81956640625,0.46517181396484375,-0.9232461452484131,0.049329280853271484
1790266871945566500,40.82956640625,0.5708990097045898,-1.0266172885894775,0.0378108024597168
1790266871955566300,40.83956640625,0.7250537872314453,-0.9376363754272461,-0.025449275970458984
1790266871965566500,40.84956640625,1.0763359069824219,-0.7703664302825928,-0.18172311782836914
1790266871975566300,40.85956640625,1.270340919494629,-0.6521506309509277,-0.3355693817138672
1790266871985566500,40.86956640625,1.3128929138183594,-0.6701376438140869,-0.48769283294677734
1790266871995566300,40.87956640625,1.5658531188964844,-0.7354857921600342,-0.6850242614746094
1790266872005566500,40.88956640625,1.5421195030212402,-0.7524755001068115,-0.8143963813781738
1790266872015566300,40.89956640625,1.797867774963379,-0.5376086235046387,-1.053361415863037
1790266872025566500,40.90956640625,2.0608444213867188,-0.14926767349243164,-1.213911771774292
1790266872035566300,40.91956640625,1.5470800399780273,0.07176470756530762,-1.286966323852539
1790266872045566500,40.92956640625,1.3765459060668945,0.09598612785339355,-1.527634620666504
1790266872055566300,40.93956640625,1.8910675048828125,0.09074807167053223,-1.7923452854156494
1790266872065566500,40.94956640625,2.647913932800293,0.3122251033782959,-1.9507930278778076
1790266872075566300,40.95956640625,2.830066680908203,0.6335657238960266,-1.9768695831298828
1790266872085566500,40.96956640625,2.189718246459961,0.9231427907943726,-2.0465173721313477
1790266872095566300,40.97956640625,1.6155667304992676,1.1192803382873535,-2.046243190765381
1790266872105566500,40.98956640625,1.2979545593261719,1.0869789123535156,-1.9593758583068848
1790266872115566300,40.99956640625,1.7102336883544922,1.0648083686828613,-1.9029245376586914
1790266872125566500,41.00956640625,2.266324996948242,1.3434417247772217,-1.9981341361999512
1790266872135566300,41.01956640625,1.871232032775879,1.6953448057174683,-2.143620014190674
1790266872145566500,41.02956640625,0.7373342514038086,1.7593107223510742,-1.6861486434936523
1790266872155566300,41.03956640625,0.6843204498291016,1.2798384428024292,-0.9447951316833496
1790266872165566500,41.04956640625,1.1594429016113281,0.6958975195884705,-0.47693586349487305
1790266872175566300,41.05956640625,1.9895696640014648,0.32349538803100586,-0.7076938152313232
1790266872185566500,41.06956640625,2.8011999130249023,0.3296533226966858,-0.8533482551574707
1790266872195566300,41.07956640625,3.135735511779785,0.5678105354309082,-0.7429060935974121
1790266872205566500,41.08956640625,1.3880348205566406,0.568334698677063,-0.7056903839111328
1790266872215566300,41.09956640625,-1.7838783264160156,0.09823393821716309,-0.9532332420349121
1790266872225566500,41.10956640625,-2.7684431076049805,-0.7800543308258057,-0.1358504295349121
1790266872235566300,41.11956640625,-0.8105907440185547,-1.3287171125411987,0.6540999412536621
1790266872245566500,41.12956640625,1.7965011596679688,-0.3330850601196289,0.48697614669799805
1790266872255566300,41.13956640625,4.061028480529785,0.728421688079834,0.06699371337890625
1790266872265566500,41.14956640625,4.556385040283203,1.2436022758483887,-0.43936872482299805
1790266872275566300,41.15956640625,2.7696423530578613,1.6048403978347778,-1.184953212738037
1790266872285566500,41.16956640625,1.3805303573608398,1.644309163093567,-1.8496794700622559
1790266872295566300,41.17956640625,0.49474525451660156,1.5774791240692139,-2.4708967208862305
1790266872305566500,41.18956640625,0.47352123260498047,1.5643070936203003,-2.6105713844299316
1790266872315566300,41.19956640625,2.0866527557373047,1.7339756488800049,-2.1729650497436523
1790266872325566500,41.20956640625,3.5482468605041504,2.1833415031433105,-2.032501220703125
1790266872335566300,41.21956640625,2.975714683532715,2.599709987640381,-1.9496111869812012
1790266872345566500,41.22956640625,1.6521010398864746,2.5460355281829834,-1.5893223285675049
1790266872355566300,41.23956640625,1.0382370948791504,2.054337739944458,-1.4524405002593994
1790266872365566500,41.24956640625,0.7466330528259277,1.431934118270874,-1.5806465148925781
1790266872375566300,41.25956640625,1.6148171424865723,0.8126459121704102,-1.693486213684082
1790266872385566500,41.26956640625,2.06687068939209,0.5077114105224609,-1.8242077827453613
1790266872395566300,41.27956640625,1.6343927383422852,0.3892395496368408,-1.8202815055847168
1790266872405566500,41.28956640625,0.8982481956481934,0.23940443992614746,-1.4571385383605957
1790266872415566300,41.29956640625,0.0860438346862793,-0.061280250549316406,-1.006824016571045
1790266872425566500,41.30956640625,-2.2429819107055664,-0.4855666160583496,-0.8922696113586426
1790266872435566300,41.31956640625,-4.472498893737793,-0.835036039352417,-0.4933009147644043
1790266872445566500,41.32956640625,-3.5941290855407715,-0.9364101886749268,0.8252630233764648
1790266872455566300,41.33956640625,-0.8017711639404297,-0.6755764484405518,1.3625550270080566
1790266872465566500,41.34956640625,1.2063531875610352,-0.4611973762512207,0.923499584197998
1790266872475566300,41.35956640625,0.8603610992431641,-0.6139726638793945,0.790651798248291
1790266872485566500,41.36956640625,-0.547630786895752,-1.3138341903686523,1.097055435180664
1790266872495566300,41.37956640625,-1.3088550567626953,-2.3329334259033203,1.025918960571289
1790266872505566500,41.38956640625,-1.1118221282958984,-3.283607006072998,0.6007189750671387
1790266872515566300,41.39956640625,-0.4372525215148926,-3.965637683868408,0.03465604782104492
1790266872525566500,41.40956640625,0.14375829696655273,-4.2235870361328125,-0.5041403770446777
1790266872535566300,41.41956640625,-0.1795511245727539,-3.760714054107666,-0.5994930267333984
1790266872545566500,41.42956640625,-0.4719376564025879,-2.7331795692443848,-0.6720757484436035
1790266872555566300,41.43956640625,-0.2712225914001465,-1.4596805572509766,-0.8366661071777344
1790266872565566500,41.44956640625,-0.2099447250366211,-0.14969301223754883,-1.1141424179077148
1790266872575566300,41.45956640625,-0.03927135467529297,0.855675220489502,-1.3108444213867188
1790266872585566500,41.46956640625,0.5703682899475098,1.5118656158447266,-1.242264747619629
1790266872595566300,41.47956640625,0.8158912658691406,1.8540444374084473,-0.9689292907714844
1790266872605566500,41.48956640625,0.6276397705078125,1.8514537811279297,-0.4796333312988281
1790266872615566300,41.49956640625,0.22409486770629883,1.5890283584594727,0.08606910705566406
1790266872625566500,41.50956640625,-0.30233001708984375,1.0346622467041016,0.42517566680908203
1790266872635566300,41.51956640625,-1.0451383590698242,0.31140947341918945,0.5013842582702637
1790266872645566500,41.52956640625,-1.6292147636413574,-0.43687868118286133,0.36989545822143555
1790266872655566300,41.53956640625,-2.067000389099121,-1.0503716468811035,0.15450143814086914
1790266872665566500,41.54956640625,-2.352062702178955,-1.4743318557739258,-0.13237667083740234
1790266872675566300,41.55956640625,-2.111084461212158,-1.7695679664611816,-0.43366241455078125
1790266872685566500,41.56956640625,-1.5111784934997559,-1.90623140335083,-0.6233291625976562
1790266872695566300,41.57956640625,-1.651029109954834,-1.9696993827819824,-0.6549105644226074
1790266872705566500,41.58956640625,-2.1193599700927734,-1.9074163436889648,-0.37508106231689453
1790266872715566300,41.59956640625,-2.6816353797912598,-1.840355396270752,0.04637956619262695
1790266872725566500,41.60956640625,-3.080843448638916,-1.7572522163391113,0.44048404693603516
1790266872735566300,41.61956640625,-3.272594928741455,-1.7757277488708496,1.0353617668151855
1790266872745566500,41.62956640625,-2.9264116287231445,-2.074657440185547,1.8042731285095215
1790266872755566300,41.63956640625,-2.040820598602295,-2.63529109954834,2.1380090713500977
1790266872765566500,41.64956640625,-0.8135919570922852,-3.2307591438293457,2.125969409942627
1790266872775566300,41.65956640625,0.1255812644958496,-3.4391403198242188,1.922755241394043
1790266872785566500,41.66956640625,0.33356714248657227,-3.0190682411193848,1.5422353744506836
1790266872795566300,41.67956640625,-0.13558292388916016,-2.190263271331787,1.0717878341674805
1790266872805566500,41.68956640625,-0.4962329864501953,-1.2150774002075195,0.8641204833984375
1790266872815566300,41.69956640625,-0.4051661491394043,-0.26384401321411133,1.0228919982910156
1790266872825566500,41.70956640625,-0.0414729118347168,0.5026745796203613,1.383847713470459
1790266872835566300,41.71956640625,0.3546109199523926,1.0663480758666992,1.714223861694336
1790266872845566500,41.72956640625,0.5444469451904297,1.4274015426635742,1.861513614654541
1790266872855566300,41.73956640625,0.36919546127319336,1.5592389106750488,1.6646099090576172
1790266872865566500,41.74956640625,-0.13402080535888672,1.4603605270385742,1.2944989204406738
1790266872875566300,41.75956640625,-0.6949605941772461,1.0852646827697754,1.0076625347137451
1790266872885566500,41.76956640625,-1.0086917877197266,0.5321431159973145,1.0197460651397705
1790266872895566300,41.77956640625,-1.1142826080322266,-0.13968753814697266,1.1943082809448242
1790266872905566500,41.78956640625,-1.1386995315551758,-0.695366382598877,1.063401460647583
1790266872915566300,41.79956640625,-1.0463824272155762,-0.9128408432006836,0.5509483814239502
1790266872925566500,41.80956640625,-0.767235279083252,-0.8433952331542969,-0.2713444232940674
1790266872935566300,41.81956640625,-0.48758935928344727,-0.5387406349182129,-1.0100619792938232
1790266872945566500,41.82956640625,-0.3060779571533203,-0.15103626251220703,-1.293717384338379
1790266872955566300,41.83956640625,-0.266298770904541,0.252042293548584,-1.2672309875488281
1790266872965566500,41.84956640625,-0.3778495788574219,0.43902063369750977,-1.030522108078003
1790266872975566300,41.85956640625,-0.7081222534179688,0.18532705307006836,-0.4655022621154785
1790266872985566500,41.86956640625,-1.1426010131835938,-0.4265742301940918,0.3548738956451416
1790266872995566300,41.87956640625,-1.3776865005493164,-1.1580471992492676,1.1246018409729004
1790266873005566500,41.88956640625,-1.1075010299682617,-1.8558616638183594,1.532386302947998
1790266873015566300,41.89956640625,-0.7491779327392578,-2.5349035263061523,1.2823801040649414
1790266873025566500,41.90956640625,-0.5279850959777832,-2.7937207221984863,0.883026123046875
1790266873035566300,41.91956640625,-0.5690293312072754,-2.620304584503174,0.36907386779785156
1790266873045566500,41.92956640625,-0.7047276496887207,-2.0822601318359375,-0.008434295654296875
1790266873055566300,41.93956640625,-0.8594775199890137,-1.4228320121765137,-0.08952617645263672
1790266873065566500,41.94956640625,-1.0977811813354492,-0.9636387825012207,-0.07430791854858398
1790266873075566300,41.95956640625,-1.2995471954345703,-0.6810016632080078,0.07705354690551758
1790266873085566500,41.96956640625,-1.4007682800292969,-0.5693750381469727,0.35987138748168945
1790266873095566300,41.97956640625,-1.2067885398864746,-0.5685815811157227,0.7650232315063477
1790266873105566500,41.98956640625,-0.9220938682556152,-0.7110371589660645,1.0132818222045898
1790266873115566300,41.99956640625,-0.23163604736328125,-0.783660888671875,1.386509895324707
1790266873125566500,42.00956640625,0.42572641372680664,-0.7181334495544434,1.415928840637207
1790266873135566300,42.01956640625,0.7279477119445801,-0.4418001174926758,1.139939785003662
1790266873145566500,42.02956640625,0.7327852249145508,0.05244255065917969,0.5543599128723145
1790266873155566300,42.03956640625,0.5332198143005371,0.5900559425354004,-0.07469654083251953
1790266873165566500,42.04956640625,-0.040590763092041016,0.9176292419433594,-0.40921449661254883
1790266873175566300,42.05956640625,-0.9703207015991211,0.8579773902893066,-0.23269224166870117
1790266873185566500,42.06956640625,-1.6294069290161133,0.3651304244995117,0.22133207321166992
1790266873195566300,42.07956640625,-1.4376840591430664,-0.3617219924926758,0.6786680221557617
1790266873205566500,42.08956640625,-0.7680997848510742,-1.0304498672485352,0.9161319732666016
1790266873215566300,42.09956640625,-0.2044529914855957,-1.4977827072143555,0.8949413299560547
1790266873225566500,42.10956640625,-0.013459205627441406,-1.699193000793457,0.7435951232910156
1790266873235566300,42.11956640625,0.047246456146240234,-1.6398801803588867,0.7159476280212402
1790266873245566500,42.12956640625,-0.010410308837890625,-1.3755292892456055,0.808342456817627
1790266873255566300,42.13956640625,-0.3117079734802246,-1.040639877319336,0.8575410842895508
1790266873265566500,42.14956640625,-0.6341886520385742,-0.8020129203796387,0.8533535003662109
1790266873275566300,42.15956640625,-0.5498514175415039,-0.7390103340148926,0.8851113319396973
1790266873285566500,42.16956640625,-0.3046131134033203,-0.7440762519836426,1.0058436393737793
1790266873295566300,42.17956640625,-0.08862495422363281,-0.7742834091186523,0.9842853546142578
1790266873305566500,42.18956640625,0.046190738677978516,-0.859501838684082,0.9034619331359863
1790266873315566300,42.19956640625,0.21535539627075195,-0.9911260604858398,0.8298177719116211
1790266873325566500,42.20956640625,0.36644983291625977,-1.0580329895019531,0.7948598861694336
1790266873335566300,42.21956640625,0.3539590835571289,-0.9837865829467773,0.8001513481140137
1790266873345566500,42.22956640625,0.255734920501709,-0.7837657928466797,0.8528652191162109
1790266873355566300,42.23956640625,0.39514923095703125,-0.5725860595703125,0.8194079399108887
1790266873365566500,42.24956640625,0.9211616516113281,-0.34790802001953125,0.6482629776000977
1790266873375566300,42.25956640625,1.139944076538086,-0.28434228897094727,0.5165753364562988
1790266873385566500,42.26956640625,0.7380719184875488,-0.37535762786865234,0.35803937911987305
1790266873395566300,42.27956640625,0.20643091201782227,-0.6151371002197266,0.21219730377197266
1790266873405566500,42.28956640625,0.10653352737426758,-0.8775267601013184,0.16724586486816406
1790266873415566300,42.29956640625,0.3096308708190918,-1.0263738632202148,0.37775278091430664
1790266873425566500,42.30956640625,0.7921314239501953,-1.0148813724517822,0.62908935546875
1790266873435566300,42.31956640625,0.6977095603942871,-1.289888620376587,0.536078929901123
1790266873445566500,42.32956640625,-0.15751981735229492,-1.6089704036712646,0.27707815170288086
1790266873455566300,42.33956640625,-0.41793155670166016,-1.5380020141601562,0.39327573776245117
1790266873465566500,42.34956640625,-0.13463497161865234,-1.6398234367370605,0.3664379119873047
1790266873475566300,42.35956640625,0.6696548461914062,-1.924450397491455,0.22069072723388672
1790266873485566500,42.36956640625,1.1769828796386719,-2.202008008956909,-0.08109188079833984
1790266873495566300,42.37956640625,0.7538084983825684,-2.1945507526397705,-0.35523319244384766
1790266873505566500,42.38956640625,0.1113424301147461,-1.9490480422973633,-0.5041885375976562
1790266873515566300,42.39956640625,0.39783382415771484,-1.5163486003875732,-0.541816234588623
1790266873525566500,42.40956640625,0.8504400253295898,-1.1464831829071045,-0.553638219833374
1790266873535566300,42.41956640625,1.104898452758789,-0.941321849822998,-0.561983585357666
1790266873545566500,42.42956640625,1.47733736038208,-0.7462890148162842,-0.5736963748931885
1790266873555566300,42.43956640625,2.132695198059082,-0.5707406997680664,-0.712066650390625
1790266873565566500,42.44956640625,2.484307289123535,-0.43074774742126465,-1.0228228569030762
1790266873575566300,42.45956640625,2.3104801177978516,-0.3057551383972168,-1.4292306900024414
1790266873585566500,42.46956640625,2.244778633117676,-0.0776294469833374,-1.8898115158081055
1790266873595566300,42.47956640625,2.101591110229492,0.2528703212738037,-2.1301918029785156
1790266873605566500,42.48956640625,1.7643518447875977,0.4605962038040161,-2.1965255737304688
1790266873615566300,42.49956640625,1.8020710945129395,0.5153795480728149,-2.0120887756347656
1790266873625566500,42.50956640625,2.083131790161133,0.5378924608230591,-1.6395869255065918
1790266873635566300,42.51956640625,1.890641212463379,0.5070914030075073,-1.1818647384643555
1790266873645566500,42.52956640625,1.9926743507385254,0.3513496518135071,-0.925544023513794
1790266873655566300,42.53956640625,2.8949098587036133,0.3061724305152893,-1.036776065826416
1790266873665566500,42.54956640625,3.084369659423828,0.4603140652179718,-1.536041021347046
1790266873675566300,42.55956640625,2.502562999725342,0.6829739809036255,-2.11968731880188
1790266873685566500,42.56956640625,2.019390106201172,0.7762904167175293,-2.5605034828186035
1790266873695566300,42.57956640625,2.0195398330688477,0.7640265226364136,-2.8903591632843018
1790266873705566500,42.58956640625,2.154003620147705,0.7982210516929626,-2.9330034255981445
1790266873715566300,42.59956640625,2.01741886138916,1.0268423557281494,-2.513258934020996
1790266873725566500,42.60956640625,2.2987709045410156,1.255800724029541,-1.6413745880126953
1790266873735566300,42.61956640625,2.2179574966430664,1.5922688245773315,-0.610140323638916
1790266873745566500,42.62956640625,2.1787118911743164,1.687784194946289,-0.05638313293457031
1790266873755566300,42.63956640625,2.437617301940918,1.5036433935165405,0.046260833740234375
1790266873765566500,42.64956640625,2.303162097930908,1.1669061183929443,-0.06621217727661133
1790266873775566300,42.65956640625,1.9571962356567383,0.8418364524841309,-0.23829174041748047
1790266873785566500,42.66956640625,1.8379650115966797,0.6459606885910034,-0.43820858001708984
1790266873795566300,42.67956640625,2.072361946105957,0.5390123724937439,-0.5011672973632812
1790266873805566500,42.68956640625,2.1102218627929688,0.6075565814971924,-0.5726661682128906
1790266873815566300,42.69956640625,1.8303260803222656,0.726806640625,-0.5881245136260986
1790266873825566500,42.70956640625,1.6814212799072266,0.8013201951980591,-0.6297008991241455
1790266873835566300,42.71956640625,1.092686653137207,0.8132131099700928,-0.6470088958740234
1790266873845566500,42.72956640625,0.6700077056884766,0.7977885603904724,-0.6736235618591309
1790266873855566300,42.73956640625,0.9983587265014648,0.7962467670440674,-0.5424346923828125
1790266873865566500,42.74956640625,1.735729694366455,0.783899188041687,-0.5353918075561523
1790266873875566300,42.75956640625,1.9260921478271484,0.7590726613998413,-0.7337651252746582
1790266873885566500,42.76956640625,2.141913414001465,0.6702793836593628,-0.9796276092529297
1790266873895566300,42.77956640625,2.044013023376465,0.5589258670806885,-1.30189847946167
1790266873905566500,42.78956640625,1.9901647567749023,0.40231549739837646,-1.4976043701171875
1790266873915566300,42.79956640625,1.9455924034118652,0.21620357036590576,-1.6795415878295898
1790266873925566500,42.80956640625,1.8257136344909668,0.15513205528259277,-1.6893742084503174
1790266873935566300,42.81956640625,1.5636768341064453,0.264462947845459,-1.5952305793762207
1790266873945566500,42.82956640625,1.1265754699707031,0.44972801208496094,-1.3180758953094482
1790266873955566300,42.83956640625,0.8528842926025391,0.5928497314453125,-1.1154894828796387
1790266873965566500,42.84956640625,0.8874669075012207,0.632796049118042,-1.0194644927978516
1790266873975566300,42.85956640625,1.1426944732666016,0.601738691329956,-0.979649543762207
1790266873985566500,42.86956640625,1.6296453475952148,0.5297524929046631,-0.7679047584533691
1790266873995566300,42.87956640625,1.6738157272338867,0.42003917694091797,-0.6468515396118164
1790266874005566500,42.88956640625,0.5567183494567871,0.2539174556732178,-0.5811977386474609
1790266874015566300,42.89956640625,-1.1136956214904785,-0.02978038787841797,-0.3096771240234375
1790266874025566500,42.90956640625,-1.9564571380615234,-0.5285801887512207,0.26305484771728516
1790266874035566300,42.91956640625,-1.6114063262939453,-1.1616499423980713,0.7182126045227051
1790266874045566500,42.92956640625,-0.7412877082824707,-1.8369770050048828,0.7367196083068848
1790266874055566300,42.93956640625,0.015210151672363281,-2.338134765625,0.4441184997558594
1790266874065566500,42.94956640625,0.2852334976196289,-2.6604299545288086,0.16547822952270508
1790266874075566300,42.95956640625,0.14279508590698242,-2.770232677459717,0.10941886901855469
1790266874085566500,42.96956640625,-0.5239686965942383,-2.703796863555908,0.013704776763916016
1790266874095566300,42.97956640625,-1.0729432106018066,-2.4683032035827637,0.08348751068115234
1790266874105566500,42.98956640625,-1.0029802322387695,-2.1332778930664062,0.1607065200805664
1790266874115566300,42.99956640625,-0.5354857444763184,-1.7664833068847656,-0.10650253295898438
1790266874125566500,43.00956640625,-0.11913919448852539,-1.3996672630310059,-0.45070600509643555
1790266874135566300,43.01956640625,0.27457475662231445,-0.9748921394348145,-0.4574599266052246
1790266874145566500,43.02956640625,0.541719913482666,-0.5232415199279785,-0.2969088554382324
1790266874155566300,43.03956640625,0.44649744033813477,-0.028555870056152344,-0.19167709350585938
1790266874165566500,43.04956640625,0.2211165428161621,0.3742504119873047,-0.38050079345703125
1790266874175566300,43.05956640625,0.005085945129394531,0.5852231979370117,-0.6875810623168945
1790266874185566500,43.06956640625,-0.22968721389770508,0.6089940071105957,-0.9982843399047852
1790266874195566300,43.07956640625,-0.505213737487793,0.4467754364013672,-0.8676810264587402
1790266874205566500,43.08956640625,-0.28310346603393555,0.11345815658569336,-0.5307722091674805
1790266874215566300,43.09956640625,-0.3907284736633301,-0.31101131439208984,-0.3351593017578125
1790266874225566500,43.10956640625,-0.9261040687561035,-0.6298518180847168,-0.21360158920288086
1790266874235566300,43.11956640625,-1.6278047561645508,-0.8300814628601074,-0.14253520965576172
1790266874245566500,43.12956640625,-1.9149632453918457,-1.0205707550048828,-0.16179180145263672
1790266874255566300,43.13956640625,-1.9635000228881836,-1.2746963500976562,-0.10332393646240234
1790266874265566500,43.14956640625,-2.0869483947753906,-1.6241955757141113,0.2538886070251465
1790266874275566300,43.15956640625,-1.932929515838623,-2.0583386421203613,0.8313465118408203
1790266874285566500,43.16956640625,-1.449256420135498,-2.503624439239502,1.233473777770996
1790266874295566300,43.17956640625,-0.9430155754089355,-2.76749324798584,1.31842041015625
1790266874305566500,43.18956640625,-0.8089780807495117,-2.8223466873168945,1.23870849609375
1790266874315566300,43.19956640625,-1.1740412712097168,-2.478914260864258,1.0246520042419434
1790266874325566500,43.20956640625,-1.500556468963623,-1.957247257232666,0.8921170234680176
1790266874335566300,43.21956640625,-1.7474279403686523,-1.3936352729797363,0.728848934173584
1790266874345566500,43.22956640625,-1.8731236457824707,-0.902228832244873,0.5814085006713867
1790266874355566300,43.23956640625,-1.65401029586792,-0.5664668083190918,0.6808614730834961
1790266874365566500,43.24956640625,-1.3532657623291016,-0.42557859420776367,0.8761639595031738
1790266874375566300,43.25956640625,-1.057694911956787,-0.42479658126831055,0.9845056533813477
1790266874385566500,43.26956640625,-0.6382856369018555,-0.497774600982666,1.0051956176757812
1790266874395566300,43.27956640625,-0.19641923904418945,-0.6350855827331543,1.0227680206298828
1790266874405566500,43.28956640625,-0.10739517211914062,-0.8010702133178711,1.1430461406707764
1790266874415566300,43.29956640625,-0.14283180236816406,-0.9208526611328125,1.2848403453826904
1790266874425566500,43.30956640625,-0.2976417541503906,-0.8480591773986816,1.3129234313964844
1790266874435566300,43.31956640625,-0.5239162445068359,-0.5190601348876953,1.3333055973052979
1790266874445566500,43.32956640625,-0.8261599540710449,0.0058116912841796875,1.2103700637817383
1790266874455566300,43.33956640625,-1.2152748107910156,0.5062236785888672,1.0654659271240234
1790266874465566500,43.34956640625,-1.5132207870483398,0.7883858680725098,1.0582857131958008
1790266874475566300,43.35956640625,-1.5495100021362305,0.6580076217651367,1.2037591934204102
1790266874485566500,43.36956640625,-1.4664721488952637,0.15668296813964844,1.3872170448303223
1790266874495566300,43.37956640625,-1.222191333770752,-0.4716172218322754,1.5344624519348145
1790266874505566500,43.38956640625,-0.8910393714904785,-0.8861451148986816,1.4736912250518799
1790266874515566300,43.39956640625,-0.7321405410766602,-1.0807485580444336,1.0151066780090332
1790266874525566500,43.40956640625,-0.7071576118469238,-1.0664286613464355,0.4066298007965088
1790266874535566300,43.41956640625,-0.6354074478149414,-0.8597497940063477,-0.11861634254455566
1790266874545566500,43.42956640625,-0.5072269439697266,-0.5559568405151367,-0.4609692096710205
1790266874555566300,43.43956640625,-0.373443603515625,-0.265716552734375,-0.5882854461669922
1790266874565566500,43.44956640625,-0.2347402572631836,-0.05239725112915039,-0.5817606449127197
1790266874575566300,43.45956640625,-0.3165283203125,0.04015541076660156,-0.5777473449707031
1790266874585566500,43.46956640625,-0.510591983795166,-0.0631861686706543,-0.4823729991912842
1790266874595566300,43.47956640625,-0.6003246307373047,-0.24306201934814453,-0.06358218193054199
1790266874605566500,43.48956640625,-0.723048210144043,-0.6585521697998047,0.3925971984863281
1790266874615566300,43.49956640625,-0.7850522994995117,-1.0684432983398438,0.926978588104248
1790266874625566500,43.50956640625,-0.48798656463623047,-1.474865436553955,1.4924602508544922
1790266874635566300,43.51956640625,-0.1650404930114746,-1.741621971130371,1.8632760047912598
1790266874645566500,43.52956640625,0.06548500061035156,-1.7050204277038574,1.8301057815551758
1790266874655566300,43.53956640625,0.12639379501342773,-1.3958344459533691,1.5528626441955566
1790266874665566500,43.54956640625,0.0933675765991211,-0.9480433464050293,1.1478090286254883
1790266874675566300,43.55956640625,-0.005839347839355469,-0.4807162284851074,0.7395834922790527
1790266874685566500,43.56956640625,-0.16976451873779297,-0.12798118591308594,0.4544100761413574
1790266874695566300,43.57956640625,-0.23892736434936523,0.1027383804321289,0.5568394660949707
1790266874705566500,43.58956640625,-0.2027115821838379,0.0941615104675293,0.8542265892028809
1790266874715566300,43.59956640625,-0.21849536895751953,-0.10814714431762695,0.9359583854675293
1790266874725566500,43.60956640625,0.0001926422119140625,-0.2705049514770508,1.1405305862426758
1790266874735566300,43.61956640625,0.2554936408996582,-0.3545513153076172,1.304023265838623
1790266874745566500,43.62956640625,0.46137380599975586,-0.27707338333129883,1.197798728942871
1790266874755566300,43.63956640625,0.30440282821655273,-0.05412864685058594,0.864504337310791
1790266874765566500,43.64956640625,-0.08811330795288086,0.12947368621826172,0.48213624954223633
1790266874775566300,43.65956640625,-0.44971323013305664,0.04209756851196289,0.2908506393432617
1790266874785566500,43.66956640625,-0.7330050468444824,-0.24536705017089844,0.43767261505126953
1790266874795566300,43.67956640625,-0.8638358116149902,-0.6676077842712402,0.6526899337768555
1790266874805566500,43.68956640625,-0.8474750518798828,-1.0632452964782715,0.5525174140930176
1790266874815566300,43.69956640625,-0.6369242668151855,-1.3201913833618164,0.2814011573791504
1790266874825566500,43.70956640625,-0.35192012786865234,-1.4185242652893066,0.19480276107788086
1790266874835566300,43.71956640625,-0.22377443313598633,-1.409231185913086,0.339907169342041
1790266874845566500,43.72956640625,-0.3953824043273926,-1.4136652946472168,0.5965080261230469
1790266874855566300,43.73956640625,-0.39435911178588867,-1.4389419555664062,0.8509955406188965
1790266874865566500,43.74956640625,-0.19967269897460938,-1.3576655387878418,1.0263924598693848
1790266874875566300,43.75956640625,0.08154439926147461,-1.0340228080749512,1.0111885070800781
1790266874885566500,43.76956640625,-0.10082530975341797,-0.577239990234375,0.9956450462341309
1790266874895566300,43.77956640625,-0.5623583793640137,-0.3434920310974121,1.1593728065490723
1790266874905566500,43.78956640625,-0.6421627998352051,-0.4742717742919922,1.3587002754211426
1790266874915566300,43.79956640625,-0.42481279373168945,-0.8527660369873047,1.4848122596740723
1790266874925566500,43.80956640625,-0.08313703536987305,-1.2837142944335938,1.4360923767089844
1790266874935566300,43.81956640625,0.2774829864501953,-1.5605435371398926,1.1466140747070312
1790266874945566500,43.82956640625,0.3441305160522461,-1.5678176879882812,0.9543933868408203
1790266874955566300,43.83956640625,-0.003995418548583984,-1.4987068176269531,0.9854159355163574
1790266874965566500,43.84956640625,-0.2485942840576172,-1.470557689666748,1.0122995376586914
1790266874975566300,43.85956640625,0.23783111572265625,-1.5505180358886719,0.6067118644714355
1790266874985566500,43.86956640625,1.2933540344238281,-1.4821505546569824,0.014247417449951172
1790266874995566300,43.87956640625,1.8559694290161133,-1.107311725616455,-0.3402576446533203
1790266875005566500,43.88956640625,1.462477684020996,-0.6111409664154053,-0.4408140182495117
1790266875015566300,43.89956640625,1.0009026527404785,-0.21575570106506348,-0.46481800079345703
1790266875025566500,43.90956640625,0.8026957511901855,0.006163358688354492,-0.3261876106262207
1790266875035566300,43.91956640625,0.28040599822998047,-0.01208806037902832,-0.11872673034667969
1790266875045566500,43.92956640625,-0.23714256286621094,-0.1481914520263672,-0.011759281158447266
1790266875055566300,43.93956640625,-0.14380455017089844,-0.38744401931762695,0.10902214050292969
1790266875065566500,43.94956640625,0.5827455520629883,-0.46811366081237793,0.2357773780822754
1790266875075566300,43.95956640625,0.745084285736084,-0.5748691558837891,0.5374412536621094
1790266875085566500,43.96956640625,0.7139644622802734,-0.9887242317199707,0.9158406257629395
1790266875095566300,43.97956640625,1.0535898208618164,-1.6508126258850098,1.0034394264221191
1790266875105566500,43.98956640625,1.545140266418457,-2.0349841117858887,0.6271371841430664
1790266875115566300,43.99956640625,1.9480080604553223,-1.861039161682129,0.06612443923950195
1790266875125566500,44.00956640625,1.867344856262207,-1.2090411186218262,-0.42054033279418945
1790266875135566300,44.01956640625,1.8113369941711426,-0.4706571102142334,-0.5645818710327148
1790266875145566500,44.02956640625,1.5549049377441406,0.0671391487121582,-0.45751261711120605
1790266875155566300,44.03956640625,1.3048772811889648,0.3263821601867676,-0.5670537948608398
1790266875165566500,44.04956640625,1.5461053848266602,0.32196855545043945,-0.6357135772705078
1790266875175566300,44.05956640625,2.0407800674438477,0.05991542339324951,-0.4388003349304199
1790266875185566500,44.06956640625,2.5820508003234863,-0.2074800729751587,-0.2797508239746094
1790266875195566300,44.07956640625,2.237990379333496,-0.42141592502593994,-0.5743708610534668
1790266875205566500,44.08956640625,1.6418161392211914,-0.5075956583023071,-1.0788395404815674
1790266875215566300,44.09956640625,1.642174243927002,-1.0771191120147705,-1.5175809860229492
1790266875225566500,44.10956640625,1.9275879859924316,-1.4373557567596436,-0.9549412727355957
1790266875235566300,44.11956640625,2.743319034576416,-0.5828405022621155,-1.3854069709777832
1790266875245566500,44.12956640625,2.937497615814209,0.23049598932266235,-1.4525794982910156
1790266875255566300,44.13956640625,2.744807243347168,0.8267926573753357,-1.559145450592041
1790266875265566500,44.14956640625,2.2911529541015625,0.8654912114143372,-1.7010517120361328
1790266875275566300,44.15956640625,1.8477153778076172,1.0056564807891846,-1.585700273513794
1790266875285566500,44.16956640625,1.6658954620361328,1.4263044595718384,-1.4670088291168213
1790266875295566300,44.17956640625,1.7557334899902344,1.6607859134674072,-1.1032443046569824
1790266875305566500,44.18956640625,2.14652681350708,1.7127825021743774,-0.712958812713623
1790266875315566300,44.19956640625,2.3324594497680664,1.3866091966629028,-0.651294469833374
1790266875325566500,44.20956640625,2.198080062866211,1.0853488445281982,-0.6784477233886719
1790266875335566300,44.21956640625,2.2473621368408203,0.9246619939804077,-0.7494306564331055
1790266875345566500,44.22956640625,2.3486719131469727,0.869936466217041,-0.9069643020629883
1790266875355566300,44.23956640625,1.8447790145874023,0.7392846345901489,-1.3013975620269775
1790266875365566500,44.24956640625,1.3495521545410156,0.5389307141304016,-1.429321050643921
1790266875375566300,44.25956640625,1.7345619201660156,-0.24015235900878906,-1.655992031097412
1790266875385566500,44.26956640625,1.1726126670837402,0.45114240050315857,-0.7719502449035645
1790266875395566300,44.27956640625,1.8307857513427734,1.5441830158233643,-0.4062061309814453
1790266875405566500,44.28956640625,2.14078426361084,3.1224381923675537,-0.6184840202331543
1790266875415566300,44.29956640625,2.8484420776367188,3.3957011699676514,-0.7433109283447266
1790266875425566500,44.30956640625,3.2954344749450684,3.464221477508545,-1.3790631294250488
1790266875435566300,44.31956640625,2.672616958618164,2.6538751125335693,-2.1004366874694824
1790266875445566500,44.32956640625,1.5549850463867188,0.6798979043960571,-2.011859893798828
1790266875455566300,44.33956640625,0.829707145690918,-0.7559490203857422,-1.5864500999450684
1790266875465566500,44.34956640625,1.1953964233398438,-1.5970348119735718,-0.919590950012207
1790266875475566300,44.35956640625,1.521566390991211,-1.793164610862732,-0.1844463348388672
1790266875485566500,44.36956640625,2.168405532836914,-1.1532249450683594,0.361814022064209
1790266875495566300,44.37956640625,2.5231542587280273,-0.26350724697113037,0.5694289207458496
1790266875505566500,44.38956640625,2.210275650024414,-0.014176607131958008,0.39328813552856445
1790266875515566300,44.39956640625,1.6765193939208984,-0.6599373817443848,-0.17400407791137695
1790266875525566500,44.40956640625,1.2272915840148926,-1.88014554977417,-0.4539947509765625
1790266875535566300,44.41956640625,1.0621848106384277,-2.7329142093658447,-0.3812441825866699
1790266875545566500,44.42956640625,0.8840570449829102,-3.0023648738861084,-0.12647581100463867
1790266875555566300,44.43956640625,0.8811726570129395,-2.976888656616211,-0.37334251403808594
1790266875565566500,44.44956640625,1.2845549583435059,-2.0580813884735107,-0.5931992530822754
1790266875575566300,44.45956640625,1.373723030090332,0.1591799259185791,-0.5290985107421875
1790266875585566500,44.46956640625,2.4735403060913086,1.6639916896820068,-0.661290168762207
1790266875595566300,44.47956640625,3.334712028503418,0.43657779693603516,-1.248948574066162
1790266875605566500,44.48956640625,0.5260114669799805,-0.6565160751342773,-1.326840877532959
1790266875615566300,44.49956640625,-0.3167591094970703,-2.1800827980041504,-0.6870012283325195
1790266875625566500,44.50956640625,-0.2023777961730957,-4.066433906555176,0.16653919219970703
1790266875635566300,44.51956640625,-0.40721940994262695,-5.665721893310547,0.9597764015197754
1790266875645566500,44.52956640625,-1.1837496757507324,-7.132704257965088,1.4297289848327637
1790266875655566300,44.53956640625,-0.9195437431335449,-8.313997268676758,-0.5501680374145508
1790266875665566500,44.54956640625,-0.9671716690063477,-8.531830787658691,-1.4854192733764648
1790266875675566300,44.55956640625,-1.302412986755371,-8.769030570983887,-1.4493730068206787
1790266875685566500,44.56956640625,-1.1330437660217285,-7.756171226501465,-0.7477016448974609
1790266875695566300,44.57956640625,-0.50372314453125,-6.561415672302246,0.38122129440307617
1790266875705566500,44.58956640625,-1.2070789337158203,-5.898950099945068,2.8598361015319824
1790266875715566300,44.59956640625,-2.880262851715088,-5.519399166107178,4.9799699783325195
1790266875725566500,44.60956640625,-3.546689510345459,-4.488749980926514,5.077284336090088
1790266875735566300,44.61956640625,-3.7269392013549805,-4.190108776092529,3.996164321899414
1790266875745566500,44.62956640625,-2.5893349647521973,-3.951425075531006,2.506345748901367
1790266875755566300,44.63956640625,-1.1966419219970703,-3.023832321166992,0.660670280456543
1790266875765566500,44.64956640625,-1.5743613243103027,-2.2511210441589355,0.7205591201782227
1790266875775566300,44.65956640625,-1.735219955444336,-1.130526065826416,0.4584941864013672
1790266875785566500,44.66956640625,-1.328202724456787,-0.6970663070678711,0.8597359657287598
1790266875795566300,44.67956640625,-1.5404205322265625,1.055180549621582,1.3081746101379395
1790266875805566500,44.68956640625,-1.7015995979309082,1.1827783584594727,1.5826168060302734
1790266875815566300,44.69956640625,-1.6518259048461914,2.790778636932373,0.5861606597900391
1790266875825566500,44.70956640625,-0.7408103942871094,5.399652481079102,1.0993995666503906
1790266875835566300,44.71956640625,-1.3306894302368164,5.510849475860596,-1.0168638229370117
1790266875845566500,44.72956640625,-1.2735075950622559,5.4397807121276855,-3.0783753395080566
1790266875855566300,44.73956640625,-0.6636428833007812,7.5977373123168945,-3.189293384552002
1790266875865566500,44.74956640625,0.8167328834533691,11.796815872192383,2.722470283508301
1790266875875566300,44.75956640625,0.9106259346008301,12.495525360107422,3.299816608428955
1790266875885566500,44.76956640625,-1.762218952178955,10.659282684326172,-1.3417139053344727
1790266875895566300,44.77956640625,-3.423834800720215,10.631755828857422,-3.8159797191619873
1790266875905566500,44.78956640625,-3.213263988494873,9.803736686706543,-4.270322799682617
1790266875915566300,44.79956640625,0.025852680206298828,5.872188568115234,-2.541513442993164
1790266875925566500,44.80956640625,-0.6883254051208496,0.5487504005432129,-1.7687983512878418
1790266875935566300,44.81956640625,-0.557650089263916,-2.2844295501708984,-0.5170493125915527
1790266875945566500,44.82956640625,0.20734882354736328,-3.782252073287964,1.253377914428711
1790266875955566300,44.83956640625,-0.11177253723144531,-5.093505859375,0.4387350082397461
1790266875965566500,44.84956640625,2.270221710205078,-4.593166828155518,-1.5566229820251465
1790266875975566300,44.85956640625,4.701964378356934,-1.5969536304473877,-2.2008628845214844
1790266875985566500,44.86956640625,3.5116000175476074,2.0913877487182617,0.012919902801513672
1790266875995566300,44.87956640625,0.3103909492492676,4.948655128479004,3.182915210723877
1790266876005566500,44.88956640625,1.8153257369995117,10.662092208862305,0.626676082611084
1790266876015566300,44.89956640625,-8.223917007446289,8.147359848022461,6.687289237976074
1790266876025566500,44.90956640625,-5.999475002288818,1.2854502201080322,12.934831619262695
1790266876035566300,44.91956640625,2.903613805770874,-6.745246887207031,11.766368865966797
1790266876045566500,44.92956640625,4.589903831481934,-12.620932579040527,4.837503433227539
1790266876055566300,44.93956640625,3.5608739852905273,-14.97802734375,-2.6304268836975098
1790266876065566500,44.94956640625,1.0536375045776367,-14.906678199768066,-8.984622955322266
1790266876075566300,44.95956640625,0.2466120719909668,-14.47803020477295,-12.61050033569336
1790266876085566500,44.96956640625,-4.65718412399292,-13.885051727294922,-9.374300003051758
1790266876095566300,44.97956640625,-5.217971324920654,-10.745460510253906,0.1714463233947754
1790266876105566500,44.98956640625,-2.600182056427002,-7.955154895782471,4.360023498535156
1790266876115566300,44.99956640625,-2.325594425201416,-6.747725486755371,5.766509056091309
1790266876125566500,45.00956640625,-1.7485318183898926,-6.420806884765625,5.281355381011963
1790266876135566300,45.01956640625,-0.013915538787841797,-6.3744306564331055,4.234671592712402
1790266876145566500,45.02956640625,2.477778196334839,-5.69802713394165,1.9233183860778809
1790266876155566300,45.03956640625,2.370661973953247,-1.8938441276550293,-4.661959648132324
1790266876165566500,45.04956640625,2.139281749725342,1.7390856742858887,-7.877864360809326
1790266876175566300,45.05956640625,3.656628131866455,1.8133745193481445,-9.057361602783203
1790266876185566500,45.06956640625,3.962796926498413,0.3954610824584961,-7.936698913574219
1790266876195566300,45.07956640625,2.5990023612976074,0.36626720428466797,-8.185277938842773
1790266876205566500,45.08956640625,-1.8433318138122559,1.4780306816101074,-8.62475872039795
1790266876215566300,45.09956640625,-7.6911139488220215,3.1374411582946777,-9.077363014221191
1790266876225566500,45.10956640625,-4.072872638702393,4.873535633087158,-9.17237663269043
1790266876235566300,45.11956640625,-7.413568496704102,5.857614040374756,-5.646206378936768
1790266876245566500,45.12956640625,-11.781463623046875,6.010595798492432,-1.6479883193969727
1790266876255566300,45.13956640625,-13.421896934509277,5.12637186050415,1.799750804901123
1790266876265566500,45.14956640625,-13.433053970336914,2.291811227798462,8.060760498046875
1790266876275566300,45.15956640625,-10.9227294921875,3.442129611968994,10.573759078979492
1790266876285566500,45.16956640625,-6.762637138366699,4.781230926513672,10.651571273803711
1790266876295566300,45.17956640625,-2.8548264503479004,5.217811584472656,9.439915657043457
1790266876305566500,45.18956640625,-1.6403491497039795,6.259239196777344,8.71712589263916
1790266876315566300,45.19956640625,-0.5554919242858887,7.73248815536499,7.871936798095703
1790266876325566500,45.20956640625,0.09756088256835938,8.637941360473633,7.478207588195801
1790266876335566300,45.21956640625,-0.7204108238220215,8.021330833435059,8.217082023620605
1790266876345566500,45.22956640625,-2.0561325550079346,6.296994209289551,9.854888916015625
1790266876355566300,45.23956640625,-2.081585645675659,5.402525901794434,11.194290161132812
1790266876365566500,45.24956640625,-2.401139736175537,5.022566318511963,10.04753303527832
1790266876375566300,45.25956640625,-2.9971413612365723,4.627982139587402,7.997386932373047
1790266876385566500,45.26956640625,-3.0700924396514893,4.034393310546875,6.595370292663574
1790266876395566300,45.27956640625,-3.1617465019226074,2.50581693649292,5.943799018859863
1790266876405566500,45.28956640625,-2.463987350463867,1.057640552520752,5.92142391204834
1790266876415566300,45.29956640625,-0.10515832901000977,-0.0005691051483154297,5.502108573913574
1790266876425566500,45.30956640625,2.3133835792541504,-0.22269582748413086,4.910998344421387
1790266876435566300,45.31956640625,3.386225938796997,-0.54490065574646,4.665504455566406
1790266876445566500,45.32956640625,3.66656494140625,-1.4488959312438965,5.706551551818848
1790266876455566300,45.33956640625,4.161930084228516,-2.3612494468688965,6.986994743347168
1790266876465566500,45.34956640625,4.576279640197754,-3.005239486694336,6.095487594604492
1790266876475566300,45.35956640625,4.469724178314209,-2.9431636333465576,4.8748884201049805
1790266876485566500,45.36956640625,3.7292466163635254,-3.9157426357269287,3.6722002029418945
1790266876495566300,45.37956640625,3.4814696311950684,-4.184896945953369,3.054743766784668
1790266876505566500,45.38956640625,3.614701271057129,-3.2160911560058594,2.6439552307128906
1790266876515566300,45.39956640625,3.49504017829895,-2.0095834732055664,1.000661849975586
1790266876525566500,45.40956640625,2.100372552871704,-1.5657591819763184,-1.2851057052612305
1790266876535566300,45.41956640625,-0.6877231597900391,-1.536003828048706,-2.4110593795776367
1790266876545566500,45.42956640625,-1.2795741558074951,-2.1710729598999023,-2.00862979888916
1790266876555566300,45.43956640625,-0.9159681797027588,-3.2246627807617188,-0.8513641357421875
1790266876565566500,45.44956640625,-0.6097564697265625,-3.3906173706054688,-0.7261934280395508
1790266876575566300,45.45956640625,-1.2432608604431152,-4.1947760581970215,0.10369491577148438
1790266876585566500,45.46956640625,-1.3453962802886963,-4.185000419616699,-0.7943592071533203
1790266876595566300,45.47956640625,-2.8372650146484375,-3.3893229961395264,-2.517442226409912
1790266876605566500,45.48956640625,-5.65555477142334,-3.7547407150268555,-2.136103630065918
1790266876615566300,45.49956640625,-6.0654401779174805,-4.2454915046691895,-1.2182250022888184
1790266876625566500,45.50956640625,-4.864652156829834,-3.4323432445526123,-1.8977599143981934
1790266876635566300,45.51956640625,-3.7540242671966553,-2.3416640758514404,-3.1423215866088867
1790266876645566500,45.52956640625,-3.216998815536499,-1.7596616744995117,-3.1572065353393555
1790266876655566300,45.53956640625,-3.28493595123291,-2.081277370452881,-1.5886807441711426
1790266876665566500,45.54956640625,-3.4171061515808105,-2.5027823448181152,-0.010503292083740234
1790266876675566300,45.55956640625,-3.922455310821533,-2.877798318862915,0.4723644256591797
1790266876685566500,45.56956640625,-4.754243850708008,-2.881897449493408,-0.415712833404541
1790266876695566300,45.57956640625,-5.03738260269165,-2.626171588897705,-1.7978603839874268
1790266876705566500,45.58956640625,-4.4459428787231445,-2.712240219116211,-3.6422219276428223
1790266876715566300,45.59956640625,-4.529152870178223,-2.915451765060425,-2.5926783084869385
1790266876725566500,45.60956640625,-4.35007381439209,-2.0212841033935547,-0.23777413368225098
1790266876735566300,45.61956640625,-3.2231197357177734,-0.6625580787658691,1.8064384460449219
1790266876745566500,45.62956640625,-1.4879088401794434,0.29138875007629395,3.6191165447235107
1790266876755566300,45.63956640625,-0.503849983215332,0.5949256420135498,4.432909965515137
1790266876765566500,45.64956640625,-0.12062263488769531,0.2453782558441162,3.9671072959899902
1790266876775566300,45.65956640625,0.36726951599121094,-0.5287439823150635,3.1949777603149414
1790266876785566500,45.66956640625,1.0883293151855469,-1.401940107345581,3.139971971511841
1790266876795566300,45.67956640625,1.6133155822753906,-2.1396372318267822,2.8110618591308594
1790266876805566500,45.68956640625,1.648294448852539,-2.6592600345611572,2.164167642593384
1790266876815566300,45.69956640625,1.1078758239746094,-2.856395959854126,1.285569190979004
1790266876825566500,45.70956640625,0.450531005859375,-2.8091068267822266,1.0374168157577515
1790266876835566300,45.71956640625,0.5999317169189453,-2.994264841079712,1.9810748100280762
1790266876845566500,45.72956640625,1.3241596221923828,-2.8295559883117676,2.926218032836914
1790266876855566300,45.73956640625,1.3726062774658203,-2.1683034896850586,2.678098201751709
1790266876865566500,45.74956640625,0.5215845108032227,-1.6880353689193726,1.804947853088379
1790266876875566300,45.75956640625,-0.8159942626953125,-1.8392994403839111,1.1928746700286865
1790266876885566500,45.76956640625,-2.365276336669922,-2.5315818786621094,0.966010570526123
1790266876895566300,45.77956640625,-3.4335412979125977,-3.3943064212799072,1.0664246082305908
1790266876905566500,45.78956640625,-3.8678789138793945,-3.855898857116699,1.4862828254699707
1790266876915566300,45.79956640625,-3.6350040435791016,-3.7654922008514404,1.9418554306030273
1790266876925566500,45.80956640625,-3.282064437866211,-3.5822713375091553,2.100438117980957
1790266876935566300,45.81956640625,-3.9626007080078125,-3.1667990684509277,2.145681619644165
1790266876945566500,45.82956640625,-3.687946319580078,-1.7350506782531738,1.1634480953216553
1790266876955566300,45.83956640625,-3.06624698638916,-0.3922114372253418,-0.14858031272888184
1790266876965566500,45.84956640625,-2.372836112976074,0.35889649391174316,-0.7383084297180176
1790266876975566300,45.85956640625,-1.9817795753479004,0.6664185523986816,-0.42427825927734375
1790266876985566500,45.86956640625,-1.7096233367919922,0.5402874946594238,0.5127370357513428
1790266876995566300,45.87956640625,-1.9519171714782715,-0.07560849189758301,1.6968638896942139
1790266877005566500,45.88956640625,-2.3826684951782227,-0.8608553409576416,2.4057319164276123
1790266877015566300,45.89956640625,-2.198897361755371,-1.2998406887054443,2.717311382293701
1790266877025566200,45.90956616210938,-0.6887750625610352,-1.4404778480529785,3.2342123985290527
1790266877035566300,45.91956640625,0.2630777359008789,-1.3634281158447266,2.7114434242248535
1790266877045566200,45.929566162109374,0.4025745391845703,-1.2634048461914062,1.9792019128799438
1790266877055566300,45.93956640625,0.16330623626708984,-1.0205352306365967,1.2846349477767944
1790266877065566200,45.94956616210938,-0.12965011596679688,-0.5988636016845703,0.592910647392273
1790266877075566300,45.95956640625,-0.2610940933227539,-0.16458415985107422,0.047585129737854004
1790266877085566200,45.96956616210937,-0.027605056762695312,0.42043423652648926,-0.4713512659072876
1790266877095566300,45.97956640625,-0.1212148666381836,0.31632566452026367,0.23386883735656738
1790266877105566200,45.98956616210938,0.390228271484375,0.071563720703125,0.8292421698570251
1790266877115566300,45.99956640625,1.4971466064453125,0.6256687641143799,0.8554111123085022
1790266877125566200,46.00956616210937,2.0780420303344727,1.151261806488037,1.2789585590362549
1790266877135566300,46.01956640625,1.4058523178100586,0.8011813163757324,2.315572738647461
1790266877145566200,46.029566162109376,0.9897603988647461,0.616938591003418,2.533311605453491
1790266877155566300,46.03956640625,0.6606845855712891,0.38620758056640625,2.440333366394043
1790266877165566200,46.04956616210937,0.8766269683837891,-0.0158231258392334,1.8964760303497314
1790266877175566300,46.05956640625,1.7644214630126953,-0.24118483066558838,0.8319071531295776
1790266877185566200,46.069566162109375,2.895366668701172,-0.10899972915649414,-0.0573427677154541
1790266877195566300,46.07956640625,3.847848892211914,0.1553635597229004,-0.1979759931564331
1790266877205566200,46.08956616210938,4.066417694091797,0.3798537254333496,0.05256533622741699
1790266877215566300,46.09956640625,3.3911867141723633,0.32788610458374023,0.6932625770568848
1790266877225566200,46.109566162109374,2.104084014892578,0.250507116317749,1.2126494646072388
1790266877235566300,46.11956640625,0.8369369506835938,0.18103456497192383,1.306105613708496
1790266877245566200,46.12956616210938,0.10970497131347656,-0.07502198219299316,1.0314505100250244
1790266877255566300,46.13956640625,-0.19291973114013672,0.06721687316894531,0.1810307502746582
1790266877265566200,46.14956616210937,-1.169947624206543,-0.04054450988769531,-0.6676673889160156
1790266877275566300,46.15956640625,-1.6100640296936035,-0.08353996276855469,-0.9341509342193604
1790266877285566200,46.169566162109376,-0.4483985900878906,-0.307873010635376,-0.4423205852508545
1790266877295566300,46.17956640625,1.076430320739746,-0.11268329620361328,0.35253214836120605
1790266877305566200,46.18956616210937,2.102081298828125,0.4731941223144531,0.4534037113189697
1790266877315566300,46.19956640625,2.570746421813965,0.7168674468994141,0.5209040641784668
1790266877325566200,46.209566162109375,2.538167953491211,0.5187959671020508,0.7439718246459961
1790266877335566300,46.21956640625,1.8676671981811523,0.6180377006530762,0.5422134399414062
1790266877345566200,46.22956616210938,1.254603385925293,0.7891860008239746,0.22198259830474854
1790266877355566300,46.23956640625,0.6936750411987305,0.9374539852142334,0.15141785144805908
1790266877365566200,46.249566162109375,0.18664073944091797,1.0976414680480957,0.1210622787475586
1790266877375566300,46.25956640625,-0.1165018081665039,1.0673432350158691,0.15415740013122559
1790266877385566200,46.26956616210938,-0.35015106201171875,0.9709737300872803,-0.0327916145324707
1790266877395566300,46.27956640625,-0.29004383087158203,0.777777910232544,-0.5473818778991699
1790266877405566200,46.289566162109374,0.23958587646484375,0.577735424041748,-1.0405094623565674
1790266877415566300,46.29956640625,0.9567852020263672,0.4215257167816162,-1.1845028400421143
1790266877425566200,46.30956616210938,1.6819705963134766,0.380662202835083,-1.1335084438323975
1790266877435566300,46.31956640625,2.098687171936035,0.4489290714263916,-0.7696065902709961
1790266877445566200,46.32956616210937,2.4004383087158203,0.5040333271026611,0.037401437759399414
1790266877455566300,46.33956640625,2.505613327026367,0.47305941581726074,0.2820417881011963
1790266877465566200,46.349566162109376,2.448287010192871,0.5004024505615234,-0.024033308029174805
1790266877475566300,46.35956640625,2.372621536254883,0.32784509658813477,-0.6009311676025391
1790266877485566200,46.36956616210937,2.4342050552368164,0.2850611209869385,-1.1123192310333252
1790266877495566300,46.37956640625,2.3489675521850586,0.3516080379486084,-0.9824404716491699
1790266877505566200,46.389566162109375,2.0674123764038086,0.3823709487915039,-0.622967004776001
1790266877515566300,46.39956640625,1.654210090637207,0.5459592342376709,-0.6259210109710693
1790266877525566200,46.40956616210938,1.5763378143310547,0.6663076877593994,-0.7861533164978027
1790266877535566300,46.41956640625,1.4627714157104492,0.7779412269592285,-0.762657642364502
1790266877545566200,46.429566162109374,1.1303014755249023,0.8161849975585938,-0.45240187644958496
1790266877555566300,46.43956640625,0.7381496429443359,0.7128393650054932,0.0003399848937988281
1790266877565566200,46.44956616210938,0.12328052520751953,0.6288769245147705,0.2804265022277832
1790266877575566300,46.45956640625,-0.6020927429199219,0.5554995536804199,0.3669850826263428
1790266877585566200,46.46956616210937,-1.068251609802246,0.30706071853637695,0.397796630859375
1790266877595566300,46.47956640625,-1.5942916870117188,0.06949257850646973,0.003966093063354492
1790266877605566200,46.48956616210938,-1.9987068176269531,-0.2229480743408203,-0.19255352020263672
1790266877615566300,46.49956640625,-2.6866626739501953,-0.5964202880859375,-0.0596921443939209
1790266877625566200,46.50956616210937,-3.271347999572754,-0.8070144653320312,0.3892507553100586
1790266877635566300,46.51956640625,-3.091935157775879,-0.9093532562255859,1.0913095474243164
1790266877645566200,46.529566162109376,-2.406059741973877,-0.9257643222808838,1.2692279815673828
1790266877655566300,46.53956640625,-1.059349536895752,-1.1108663082122803,0.7093615531921387
1790266877665566200,46.54956616210937,0.25147247314453125,-1.346893548965454,-0.2177278995513916
1790266877675566300,46.55956640625,0.876678466796875,-1.3840208053588867,-0.8844561576843262
1790266877685566200,46.569566162109375,1.0407466888427734,-1.3307993412017822,-0.8561031818389893
1790266877695566300,46.57956640625,0.8701572418212891,-1.1781017780303955,-0.4236304759979248
1790266877705566200,46.58956616210938,0.2909727096557617,-0.8275694847106934,-0.2028825283050537
1790266877715566300,46.59956640625,-0.5725059509277344,-0.4810476303100586,-0.14127874374389648
1790266877725566200,46.609566162109374,-0.975125789642334,-0.22004413604736328,0.15958142280578613
1790266877735566300,46.61956640625,-1.8165655136108398,0.11993885040283203,-0.5957889556884766
1790266877745566200,46.62956616210938,-2.3282556533813477,-0.06895017623901367,-1.1267952919006348
1790266877755566300,46.63956640625,-2.8593759536743164,-0.2407517433166504,-1.026714563369751
1790266877765566200,46.64956616210937,-3.0114259719848633,-0.25944089889526367,-0.4065062999725342
1790266877775566300,46.65956640625,-2.786931037902832,-0.09031391143798828,0.5763546228408813
1790266877785566200,46.669566162109376,-2.322141170501709,0.16204476356506348,1.1487500667572021
1790266877795566300,46.67956640625,-1.7829852104187012,0.4830493927001953,1.4286925792694092
1790266877805566200,46.68956616210937,-1.1462087631225586,0.43917083740234375,1.6053756475448608
1790266877815566300,46.69956640625,-0.790776252746582,0.21875500679016113,1.7019493579864502
1790266877825566200,46.709566162109375,-0.7731533050537109,0.0536799430847168,1.755635380744934
1790266877835566300,46.71956640625,-0.7016668319702148,0.11872243881225586,1.5627925395965576
1790266877845566200,46.72956616210938,-0.6161203384399414,0.04053664207458496,1.1327409744262695
1790266877855566300,46.73956640625,-0.6003513336181641,-0.24796485900878906,-0.006282806396484375
1790266877865566200,46.749566162109375,-0.6059446334838867,-0.09221267700195312,-0.9384244680404663
1790266877875566300,46.75956640625,-0.6863374710083008,-0.1152651309967041,-1.1396331787109375
1790266877885566200,46.76956616210938,0.12716293334960938,-0.24860596656799316,-0.9741833209991455
1790266877895566300,46.77956640625,1.2499361038208008,-0.26989293098449707,-0.4715127944946289
1790266877905566200,46.789566162109374,2.0792675018310547,-0.048279523849487305,-0.34402918815612793
1790266877915566300,46.79956640625,2.239060401916504,0.3991250991821289,-0.14828741550445557
1790266877925566200,46.80956616210938,1.683664321899414,0.7663214206695557,0.7978973984718323
1790266877935566300,46.81956640625,0.7004432678222656,0.8834600448608398,1.5472981929779053
1790266877945566200,46.82956616210937,-0.3583049774169922,0.7628629207611084,1.9020862579345703
1790266877955566300,46.83956640625,-0.9726800918579102,0.557136058807373,1.8768064975738525
1790266877965566200,46.849566162109376,-1.3157873153686523,0.289994478225708,1.4157992601394653
1790266877975566300,46.85956640625,-1.2630949020385742,0.43929386138916016,0.20837724208831787
1790266877985566200,46.86956616210937,-0.5738277435302734,0.20007824897766113,-0.6721848249435425
1790266877995566300,46.87956640625,0.4014291763305664,0.19999384880065918,-1.1956897974014282
1790266878005566200,46.889566162109375,1.207301139831543,0.2878377437591553,-1.50760018825531
1790266878015566300,46.89956640625,1.7465953826904297,0.2997725009918213,-1.454518437385559
1790266878025566200,46.90956616210938,1.573272705078125,0.059670448303222656,-1.0413377285003662
1790266878035566300,46.91956640625,0.9227962493896484,-0.24183869361877441,-0.35807371139526367
1790266878045566200,46.929566162109374,0.026734352111816406,0.23130035400390625,-0.36377549171447754
1790266878055566300,46.93956640625,-0.7953004837036133,-0.40302276611328125,0.7776362895965576
1790266878065566200,46.94956616210938,-1.0903558731079102,-0.9854097366333008,1.9575177431106567
1790266878075566300,46.95956640625,-0.6429595947265625,-1.064150333404541,2.593818187713623
1790266878085566200,46.96956616210937,0.05391407012939453,-0.7540760040283203,2.210923194885254
1790266878095566300,46.97956640625,0.15273666381835938,-0.20074009895324707,1.572434902191162
1790266878105566200,46.98956616210938,0.3437385559082031,0.42005133628845215,1.2467527389526367
1790266878115566300,46.99956640625,0.5879411697387695,0.8498396873474121,1.1557844877243042
1790266878125566200,47.00956616210937,0.5562076568603516,0.8178215026855469,1.1928330659866333
1790266878135566300,47.01956640625,0.29149627685546875,0.6411983966827393,1.3058980703353882
1790266878145566200,47.029566162109376,-0.08449649810791016,0.47179174423217773,1.342451572418213
1790266878155566300,47.03956640625,-0.5116395950317383,0.41578197479248047,1.3299369812011719
1790266878165566200,47.04956616210937,-0.9240541458129883,0.29529523849487305,1.172095537185669
1790266878175566300,47.05956640625,-1.2871294021606445,-0.00005245208740234375,0.8599339127540588
1790266878185566200,47.069566162109375,-1.4338865280151367,-0.36095452308654785,0.28469228744506836
1790266878195566300,47.07956640625,-1.0742273330688477,-0.6321883201599121,-0.47446727752685547
1790266878205566200,47.08956616210938,-0.30217838287353516,-0.5489425659179688,-1.0343011617660522
1790266878215566300,47.09956640625,0.49477672576904297,-0.18898653984069824,-1.3264645338058472
1790266878225566200,47.109566162109374,0.9259681701660156,-0.014633655548095703,-1.202811598777771
1790266878235566300,47.11956640625,0.9320201873779297,0.19151616096496582,-0.8180534839630127
1790266878245566200,47.12956616210938,0.8792304992675781,0.4451122283935547,-0.4102621078491211
1790266878255566300,47.13956640625,0.8434810638427734,0.5210773944854736,-0.25356364250183105
1790266878265566200,47.14956616210937,1.2745628356933594,0.26191186904907227,-0.13995695114135742
1790266878275566300,47.15956640625,1.5651187896728516,0.46176719665527344,-0.1434183120727539
1790266878285566200,47.169566162109376,1.2812604904174805,0.630760669708252,-0.45438671112060547
1790266878295566300,47.17956640625,0.8629379272460938,1.0902137756347656,-0.7589261531829834
1790266878305566200,47.18956616210937,0.6050987243652344,1.231029748916626,-0.6477609872817993
1790266878315566300,47.19956640625,0.5203914642333984,0.8840768337249756,0.12540745735168457
1790266878325566200,47.209566162109375,0.3618440628051758,0.4741945266723633,0.5373712778091431
1790266878335566300,47.21956640625,0.26793479919433594,-0.05428814888000488,0.33520984649658203
1790266878345566200,47.22956616210938,-0.13659381866455078,-0.2648305892944336,-0.10810351371765137
