time,seconds_elapsed,z,y,x
1790266831195566600,0.079566650390625,8.532519340515137,3.424135684967041,-3.412008285522461
1790266831205566500,0.08956640625,8.527520179748535,3.4752330780029297,-3.3726141452789307
1790266831215566600,0.099566650390625,8.512914657592773,3.5105342864990234,-3.372955322265625
1790266831225566500,0.10956640625,8.499836921691895,3.5322186946868896,-3.3832805156707764
1790266831235566600,0.119566650390625,8.478022575378418,3.532621145248413,-3.437166213989258
1790266831245566500,0.12956640625,8.437642097473145,3.5364463329315186,-3.5313053131103516
1790266831255566600,0.139566650390625,8.37852668762207,3.5575737953186035,-3.6488828659057617
1790266831265566500,0.14956640625,8.317924499511719,3.5767226219177246,-3.7669074535369873
1790266831275566600,0.159566650390625,8.269418716430664,3.602226972579956,-3.8485138416290283
1790266831285566500,0.16956640625,8.242591857910156,3.607283353805542,-3.900970458984375
1790266831295566600,0.179566650390625,8.260481834411621,3.563222646713257,-3.903620719909668
1790266831305566500,0.18956640625,8.316827774047852,3.4677438735961914,-3.869821786880493
1790266831315566600,0.199566650390625,8.399520874023438,3.3347506523132324,-3.807607412338257
1790266831325566500,0.20956640625,8.513248443603516,3.151301622390747,-3.7100260257720947
1790266831335566600,0.219566650390625,8.612537384033203,2.9455347061157227,-3.6494393348693848
1790266831345566500,0.22956640625,8.706570625305176,2.750109910964966,-3.5781149864196777
1790266831355566600,0.239566650390625,8.828937530517578,2.536702871322632,-3.432985305786133
1790266831365566500,0.24956640625,8.957429885864258,2.305265188217163,-3.258923053741455
1790266831375566600,0.259566650390625,9.050570487976074,2.088188886642456,-3.145956516265869
1790266831385566500,0.26956640625,9.10851001739502,1.914355754852295,-3.0888001918792725
1790266831395566600,0.279566650390625,9.143121719360352,1.7880157232284546,-3.0621414184570312
1790266831405566500,0.28956640625,9.151410102844238,1.7150667905807495,-3.079063892364502
1790266831415566600,0.299566650390625,9.134716987609863,1.7009453773498535,-3.1359400749206543
1790266831425566500,0.30956640625,9.098932266235352,1.745474100112915,-3.214520215988159
1790266831435566600,0.319566650390625,9.037027359008789,1.8406285047531128,-3.3338582515716553
1790266831445566500,0.32956640625,8.933195114135742,1.9869489669799805,-3.524264335632324
1790266831455566600,0.339566650390625,8.78272533416748,2.1781787872314453,-3.780165433883667
1790266831465566500,0.34956640625,8.655186653137207,2.3388917446136475,-3.973374843597412
1790266831475566600,0.359566650390625,8.593666076660156,2.420858860015869,-4.056937217712402
1790266831485566500,0.36956640625,8.553714752197266,2.466770648956299,-4.113321304321289
1790266831495566600,0.379566650390625,8.525697708129883,2.4888713359832764,-4.157929420471191
1790266831505566500,0.38956640625,8.526147842407227,2.5074217319488525,-4.145843982696533
1790266831515566600,0.399566650390625,8.576431274414062,2.5205912590026855,-4.032596111297607
1790266831525566500,0.40956640625,8.676477432250977,2.5294535160064697,-3.806705951690674
1790266831535566600,0.419566650390625,8.799490928649902,2.545077085494995,-3.5017027854919434
1790266831545566500,0.42956640625,8.930452346801758,2.57905650138855,-3.125037908554077
1790266831555566600,0.439566650390625,9.05138874053955,2.6266775131225586,-2.7098560333251953
1790266831565566500,0.44956640625,9.158491134643555,2.6684794425964355,-2.2741289138793945
1790266831575566600,0.459566650390625,9.252063751220703,2.7137598991394043,-1.790308952331543
1790266831585566500,0.46956640625,9.320411682128906,2.7725517749786377,-1.2701472043991089
1790266831595566600,0.479566650390625,9.349837303161621,2.8096508979797363,-0.9256274104118347
1790266831605566500,0.48956640625,9.370211601257324,2.7882583141326904,-0.7714452147483826
1790266831615566600,0.499566650390625,9.386611938476562,2.7366573810577393,-0.7567070126533508
1790266831625566500,0.50956640625,9.408714294433594,2.64310622215271,-0.8126907348632812
1790266831635566600,0.519566650390625,9.447145462036133,2.4920969009399414,-0.8433773517608643
1790266831645566500,0.52956640625,9.496453285217285,2.319873094558716,-0.7784371376037598
1790266831655566600,0.539566650390625,9.539724349975586,2.1807286739349365,-0.6391074061393738
1790266831665566500,0.54956640625,9.574053764343262,2.0710854530334473,-0.4674360752105713
1790266831675566600,0.559566650390625,9.605463027954102,1.9611462354660034,-0.24363860487937927
1790266831685566500,0.56956640625,9.6178560256958,1.9143034219741821,0.05184370279312134
1790266831695566600,0.579566650390625,9.595410346984863,1.9767873287200928,0.43681544065475464
1790266831705566500,0.58956640625,9.527256965637207,2.142991542816162,0.8996428847312927
1790266831715566600,0.599566650390625,9.411832809448242,2.369539499282837,1.4046592712402344
1790266831725566500,0.60956640625,9.259259223937988,2.6044912338256836,1.9113188982009888
1790266831735566600,0.619566650390625,9.065093994140625,2.8340353965759277,2.441868305206299
1790266831745566500,0.62956640625,8.836282730102539,3.045973300933838,2.9685943126678467
1790266831755566600,0.639566650390625,8.587179183959961,3.205720901489258,3.4862725734710693
1790266831765566500,0.64956640625,8.329404830932617,3.31362247467041,3.976344347000122
1790266831775566600,0.659566650390625,8.067110061645508,3.374192714691162,4.439250946044922
1790266831785566500,0.66956640625,7.793122291564941,3.390718936920166,4.892919540405273
1790266831795566600,0.679566650390625,7.491713047027588,3.372040033340454,5.354808807373047
1790266831805566500,0.68956640625,7.155562400817871,3.339383125305176,5.8152241706848145
1790266831815566600,0.699566650390625,6.779966831207275,3.297769784927368,6.271137237548828
1790266831825566500,0.70956640625,6.351329803466797,3.2455739974975586,6.73032283782959
1790266831835566600,0.719566650390625,5.859512805938721,3.1705081462860107,7.196135520935059
1790266831845566500,0.72956640625,5.299290657043457,3.062627077102661,7.662128925323486
1790266831855566600,0.739566650390625,4.662322044372559,2.9153096675872803,8.119982719421387
1790266831865566500,0.74956640625,3.9418985843658447,2.723118543624878,8.556659698486328
1790266831875566600,0.759566650390625,3.136686086654663,2.4801950454711914,8.954341888427734
1790266831885566500,0.76956640625,2.2603673934936523,2.19040846824646,9.287800788879395
1790266831895566600,0.779566650390625,1.347488284111023,1.8364466428756714,9.538454055786133
1790266831905566500,0.78956640625,0.4460615813732147,1.3880906105041504,9.697660446166992
1790266831915566600,0.799566650390625,-0.3763016164302826,0.843170166015625,9.76308536529541
1790266831925566500,0.80956640625,-1.0802037715911865,0.2462816685438156,9.743864059448242
1790266831935566600,0.819566650390625,-1.666015386581421,-0.38777488470077515,9.6563138961792
1790266831945566500,0.82956640625,-2.1467936038970947,-1.0496078729629517,9.511045455932617
1790266831955566600,0.839566650390625,-2.506946086883545,-1.708513617515564,9.32558822631836
1790266831965566500,0.84956640625,-2.733643054962158,-2.315688371658325,9.128809928894043
1790266831975566600,0.859566650390625,-2.8405933380126953,-2.8474650382995605,8.943901062011719
1790266831985566500,0.86956640625,-2.856898069381714,-3.3161678314208984,8.775622367858887
1790266831995566600,0.879566650390625,-2.817807197570801,-3.739955186843872,8.616443634033203
1790266832005566500,0.88956640625,-2.755254030227661,-4.110795497894287,8.466423988342285
1790266832015566600,0.899566650390625,-2.6913485527038574,-4.404448509216309,8.338336944580078
1790266832025566500,0.90956640625,-2.6276988983154297,-4.615443229675293,8.24398422241211
1790266832035566600,0.919566650390625,-2.5615792274475098,-4.757493019104004,8.183823585510254
1790266832045566500,0.92956640625,-2.496875524520874,-4.842772960662842,8.1537446975708
1790266832055566600,0.939566650390625,-2.4363250732421875,-4.881434440612793,8.149005889892578
1790266832065566500,0.94956640625,-2.3802783489227295,-4.885313987731934,8.16323184967041
1790266832075566600,0.959566650390625,-2.3303253650665283,-4.858458995819092,8.193615913391113
1790266832085566500,0.96956640625,-2.296178102493286,-4.7970170974731445,8.239331245422363
1790266832095566600,0.979566650390625,-2.2935800552368164,-4.69365119934082,8.299367904663086
1790266832105566500,0.98956640625,-2.33583402633667,-4.550605297088623,8.366974830627441
1790266832115566600,0.999566650390625,-2.419334650039673,-4.382504463195801,8.43272590637207
1790266832125566500,1.00956640625,-2.531981945037842,-4.204633712768555,8.490023612976074
1790266832135566600,1.019566650390625,-2.6588337421417236,-4.025516033172607,8.537928581237793
1790266832145566500,1.02956640625,-2.781672954559326,-3.8321549892425537,8.58762264251709
1790266832155566600,1.039566650390625,-2.9043681621551514,-3.618440628051758,8.639555931091309
1790266832165566500,1.04956640625,-3.0393571853637695,-3.388273000717163,8.686328887939453
1790266832175566600,1.059566650390625,-3.1862049102783203,-3.1492645740509033,8.723566055297852
1790266832185566500,1.06956640625,-3.3325250148773193,-2.913257360458374,8.750863075256348
1790266832195566600,1.079566650390625,-3.469653367996216,-2.693331480026245,8.7680025100708
1790266832205566500,1.08956640625,-3.6115639209747314,-2.4881808757781982,8.77131462097168
1790266832215566600,1.099566650390625,-3.776956796646118,-2.2990925312042236,8.753235816955566
1790266832225566500,1.10956640625,-3.979339838027954,-2.1336350440979004,8.705333709716797
1790266832235566600,1.119566650390625,-4.199775218963623,-2.0052411556243896,8.63199234008789
1790266832245566500,1.12956640625,-4.394680023193359,-1.9182225465774536,8.554390907287598
1790266832255566600,1.139566650390625,-4.560816287994385,-1.8662946224212646,8.478577613830566
1790266832265566500,1.14956640625,-4.705568313598633,-1.8299822807312012,8.40709114074707
1790266832275566600,1.159566650390625,-4.848680019378662,-1.7981524467468262,8.332306861877441
1790266832285566500,1.16956640625,-5.028418064117432,-1.7423354387283325,8.237091064453125
1790266832295566600,1.179566650390625,-5.245475769042969,-1.6715260744094849,8.11550235748291
1790266832305566500,1.18956640625,-5.445952415466309,-1.6202740669250488,7.992915630340576
1790266832315566600,1.199566650390625,-5.614637851715088,-1.6079071760177612,7.877871990203857
1790266832325566500,1.20956640625,-5.781323432922363,-1.5940848588943481,7.759225845336914
1790266832335566600,1.219566650390625,-5.963160037994385,-1.5625803470611572,7.626890182495117
1790266832345566500,1.22956640625,-6.198733806610107,-1.5028024911880493,7.449005126953125
1790266832355566600,1.239566650390625,-6.470386028289795,-1.4136149883270264,7.232302188873291
1790266832365566500,1.24956640625,-6.72685432434082,-1.3083186149597168,7.0148491859436035
1790266832375566600,1.259566650390625,-6.921621799468994,-1.2284519672393799,6.837575435638428
1790266832385566500,1.26956640625,-7.026844024658203,-1.1845840215682983,6.737256050109863
1790266832395566600,1.279566650390625,-7.056939125061035,-1.179422378540039,6.706636428833008
1790266832405566500,1.28956640625,-7.007590293884277,-1.2124621868133545,6.752334117889404
1790266832415566600,1.299566650390625,-6.9247870445251465,-1.2776622772216797,6.825341701507568
1790266832425566500,1.30956640625,-6.925414562225342,-1.3869881629943848,6.803329944610596
1790266832435566600,1.319566650390625,-7.079799175262451,-1.527091383934021,6.611718654632568
1790266832445566500,1.32956640625,-7.35284948348999,-1.7054214477539062,6.260793209075928
1790266832455566600,1.339566650390625,-7.645625114440918,-1.9201023578643799,5.833353519439697
1790266832465566500,1.34956640625,-7.890268802642822,-2.1544876098632812,5.410382270812988
1790266832475566600,1.359566650390625,-8.036075592041016,-2.3320562839508057,5.114039421081543
1790266832485566500,1.36956640625,-8.11301326751709,-2.3506834506988525,4.982337951660156
1790266832495566600,1.379566650390625,-8.165002822875977,-2.231189250946045,4.952262878417969
1790266832505566500,1.38956640625,-8.212974548339844,-2.035737991333008,4.957137584686279
1790266832515566600,1.399566650390625,-8.272663116455078,-1.8018158674240112,4.948421478271484
1790266832525566500,1.40956640625,-8.349006652832031,-1.5462839603424072,4.906472682952881
1790266832535566600,1.419566650390625,-8.438773155212402,-1.281101942062378,4.82869291305542
1790266832545566500,1.42956640625,-8.531449317932129,-1.02530038356781,4.72583532333374
1790266832555566600,1.439566650390625,-8.607665061950684,-0.7776208519935608,4.6339826583862305
1790266832565566500,1.44956640625,-8.66012191772461,-0.5370713472366333,4.56992769241333
1790266832575566600,1.459566650390625,-8.683752059936523,-0.30725958943367004,4.546254634857178
1790266832585566500,1.46956640625,-8.67544174194336,-0.0807531327009201,4.571714878082275
1790266832595566600,1.479566650390625,-8.658523559570312,0.16453289985656738,4.601444721221924
1790266832605566500,1.48956640625,-8.657340049743652,0.4403155446052551,4.585517406463623
1790266832615566600,1.499566650390625,-8.673973083496094,0.7341318130493164,4.515931129455566
1790266832625566500,1.50956640625,-8.706165313720703,1.0195823907852173,4.396988868713379
1790266832635566600,1.519566650390625,-8.761435508728027,1.2587915658950806,4.221739292144775
1790266832645566500,1.52956640625,-8.84412670135498,1.4127269983291626,3.994497537612915
1790266832655566600,1.539566650390625,-8.934514999389648,1.4906078577041626,3.7580456733703613
1790266832665566500,1.54956640625,-9.007027626037598,1.5365861654281616,3.5612831115722656
1790266832675566600,1.559566650390625,-9.05146312713623,1.5908915996551514,3.422055959701538
1790266832685566500,1.56956640625,-9.072396278381348,1.6770515441894531,3.324082374572754
1790266832695566600,1.579566650390625,-9.083748817443848,1.7906584739685059,3.232560396194458
1790266832705566500,1.58956640625,-9.092708587646484,1.9145835638046265,3.13486909866333
1790266832715566600,1.599566650390625,-9.098034858703613,2.033813714981079,3.042985439300537
1790266832725566500,1.60956640625,-9.094786643981934,2.139887571334839,2.9792816638946533
1790266832735566600,1.619566650390625,-9.079071044921875,2.2289443016052246,2.961867094039917
1790266832745566500,1.62956640625,-9.057126998901367,2.2911360263824463,2.981529712677002
1790266832755566600,1.639566650390625,-9.04153823852539,2.317333698272705,3.0084798336029053
1790266832765566500,1.64956640625,-9.034038543701172,2.318549633026123,3.0299932956695557
1790266832775566600,1.659566650390625,-9.031241416931152,2.311901807785034,3.043381452560425
1790266832785566500,1.66956640625,-9.033710479736328,2.304309844970703,3.04180908203125
1790266832795566600,1.679566650390625,-9.043313980102539,2.2888681888580322,3.0248849391937256
1790266832805566500,1.68956640625,-9.069315910339355,2.227261543273926,2.9928581714630127
1790266832815566600,1.699566650390625,-9.121461868286133,2.0926287174224854,2.9309091567993164
1790266832825566500,1.70956640625,-9.192008972167969,1.9052718877792358,2.8367772102355957
1790266832835566600,1.719566650390625,-9.267911911010742,1.6849998235702515,2.727080821990967
1790266832845566500,1.72956640625,-9.345125198364258,1.43877112865448,2.6017229557037354
1790266832855566600,1.739566650390625,-9.418567657470703,1.1750826835632324,2.465794801712036
1790266832865566500,1.74956640625,-9.480631828308105,0.8997517228126526,2.3406124114990234
1790266832875566600,1.759566650390625,-9.519024848937988,0.6148483157157898,2.2760770320892334
1790266832885566500,1.76956640625,-9.527359008789062,0.32699164748191833,2.3006293773651123
1790266832895566600,1.779566650390625,-9.510369300842285,0.037869203835725784,2.3920319080352783
1790266832905566500,1.78956640625,-9.478672981262207,-0.2800683379173279,2.4993388652801514
1790266832915566600,1.799566650390625,-9.42915153503418,-0.669003427028656,2.610349416732788
1790266832925566500,1.80956640625,-9.35027027130127,-1.1260234117507935,2.734027147293091
1790266832935566600,1.819566650390625,-9.248028755187988,-1.609824776649475,2.8377485275268555
1790266832945566500,1.82956640625,-9.12269115447998,-2.1328377723693848,2.8979105949401855
1790266832955566600,1.839566650390625,-8.961615562438965,-2.6829135417938232,2.9430975914001465
1790266832965566500,1.84956640625,-8.742103576660156,-3.263350486755371,3.016047477722168
1790266832975566600,1.859566650390625,-8.467909812927246,-3.872692108154297,3.076873302459717
1790266832985566500,1.86956640625,-8.154703140258789,-4.498373031616211,3.0717811584472656
1790266832995566600,1.879566650390625,-7.813104152679443,-5.1306586265563965,2.966838836669922
1790266833005566500,1.88956640625,-7.427013397216797,-5.769472122192383,2.7790367603302
1790266833015566600,1.899566650390625,-6.973570823669434,-6.406075477600098,2.549882650375366
1790266833025566500,1.90956640625,-6.4998955726623535,-6.989897727966309,2.250126600265503
1790266833035566600,1.919566650390625,-6.0285420417785645,-7.4872541427612305,1.9411613941192627
1790266833045566500,1.92956640625,-5.639681816101074,-7.859270095825195,1.61128568649292
1790266833055566600,1.939566650390625,-5.348610877990723,-8.118232727050781,1.2872638702392578
1790266833065566500,1.94956640625,-5.057482719421387,-8.33472728729248,1.0604631900787354
1790266833075566600,1.959566650390625,-4.739847660064697,-8.534686088562012,0.9291763305664062
1790266833085566500,1.96956640625,-4.462144374847412,-8.690178871154785,0.860498309135437
1790266833095566600,1.979566650390625,-4.276467800140381,-8.788969039916992,0.7976402640342712
1790266833105566500,1.98956640625,-4.180409908294678,-8.840597152709961,0.7337551116943359
1790266833115566600,1.999566650390625,-4.136703968048096,-8.86338996887207,0.7059685587882996
1790266833125566500,2.00956640625,-4.132155895233154,-8.862957954406738,0.7373252511024475
1790266833135566600,2.019566650390625,-4.158316135406494,-8.843795776367188,0.8161425590515137
1790266833145566500,2.02956640625,-4.2131171226501465,-8.807747840881348,0.9184820652008057
1790266833155566600,2.039566650390625,-4.29444694519043,-8.75549030303955,1.0341719388961792
1790266833165566500,2.04956640625,-4.390368461608887,-8.691672325134277,1.161846399307251
1790266833175566600,2.059566650390625,-4.489048004150391,-8.620718002319336,1.3046292066574097
1790266833185566500,2.06956640625,-4.583459854125977,-8.546512603759766,1.4558225870132446
1790266833195566600,2.079566650390625,-4.673266410827637,-8.47359561920166,1.5903286933898926
1790266833205566500,2.08956640625,-4.755034446716309,-8.407435417175293,1.6956043243408203
1790266833215566600,2.099566650390625,-4.840614318847656,-8.340251922607422,1.7829865217208862
1790266833225566500,2.10956640625,-4.939984321594238,-8.262731552124023,1.8692772388458252
1790266833235566600,2.119566650390625,-5.046130180358887,-8.177834510803223,1.957037329673767
1790266833245566500,2.12956640625,-5.160869598388672,-8.090853691101074,2.0183897018432617
1790266833255566600,2.139566650390625,-5.288595199584961,-8.004375457763672,2.0325136184692383
1790266833265566500,2.14956640625,-5.432160377502441,-7.900850772857666,2.0587806701660156
1790266833275566600,2.159566650390625,-5.554527282714844,-7.797112941741943,2.126652240753174
1790266833285566500,2.16956640625,-5.656337738037109,-7.710935592651367,2.172029495239258
1790266833295566600,2.179566650390625,-5.789594650268555,-7.616292476654053,2.1547787189483643
1790266833305566500,2.18956640625,-5.933955192565918,-7.514580726623535,2.1188790798187256
1790266833315566600,2.199566650390625,-6.04565954208374,-7.427022457122803,2.111802816390991
1790266833325566500,2.20956640625,-6.148465633392334,-7.341860294342041,2.1127817630767822
1790266833335566600,2.219566650390625,-6.254534721374512,-7.250088214874268,2.118350028991699
1790266833345566500,2.22956640625,-6.36567497253418,-7.145707130432129,2.1418297290802
1790266833355566600,2.239566650390625,-6.477330207824707,-7.03125524520874,2.1854145526885986
1790266833365566500,2.24956640625,-6.599637031555176,-6.907099723815918,2.215210199356079
1790266833375566600,2.259566650390625,-6.743378162384033,-6.765991687774658,2.2177934646606445
1790266833385566500,2.26956640625,-6.906099796295166,-6.598541736602783,2.221579074859619
1790266833395566600,2.279566650390625,-7.076825141906738,-6.401438236236572,2.2606453895568848
1790266833405566500,2.28956640625,-7.246491432189941,-6.180324554443359,2.3371658325195312
1790266833415566600,2.299566650390625,-7.413296222686768,-5.9401960372924805,2.4346446990966797
1790266833425566500,2.30956640625,-7.577837944030762,-5.684653282165527,2.536036729812622
1790266833435566600,2.319566650390625,-7.734836101531982,-5.41486120223999,2.6499016284942627
1790266833445566500,2.32956640625,-7.881001949310303,-5.135763168334961,2.772027015686035
1790266833455566600,2.339566650390625,-8.020552635192871,-4.850371360778809,2.883575916290283
1790266833465566500,2.34956640625,-8.155661582946777,-4.55502462387085,2.9845128059387207
1790266833475566600,2.359566650390625,-8.290144920349121,-4.23837947845459,3.0789647102355957
1790266833485566500,2.36956640625,-8.424141883850098,-3.888888359069824,3.1750237941741943
1790266833495566600,2.379566650390625,-8.551637649536133,-3.509676456451416,3.2744531631469727
1790266833505566500,2.38956640625,-8.659664154052734,-3.11275315284729,3.3898916244506836
1790266833515566600,2.399566650390625,-8.74857234954834,-2.714895486831665,3.5017433166503906
1790266833525566500,2.40956640625,-8.837065696716309,-2.334825277328491,3.55320143699646
1790266833535566600,2.419566650390625,-8.927997589111328,-1.9900166988372803,3.53568696975708
1790266833545566500,2.42956640625,-9.023161888122559,-1.6864069700241089,3.450936794281006
1790266833555566600,2.439566650390625,-9.098512649536133,-1.4070638418197632,3.377516746520996
1790266833565566500,2.44956640625,-9.13946533203125,-1.172158122062683,3.3565778732299805
1790266833575566600,2.459566650390625,-9.161450386047363,-0.9815727472305298,3.357785940170288
1790266833585566500,2.46956640625,-9.181081771850586,-0.8270909786224365,3.345747232437134
1790266833595566600,2.479566650390625,-9.193168640136719,-0.7027014493942261,3.340996503829956
1790266833605566500,2.48956640625,-9.192384719848633,-0.6136155128479004,3.360644817352295
1790266833615566600,2.499566650390625,-9.18025016784668,-0.5607509613037109,3.40278697013855
1790266833625566500,2.50956640625,-9.162151336669922,-0.5370835065841675,3.4549827575683594
1790266833635566600,2.519566650390625,-9.140161514282227,-0.5379682779312134,3.512608766555786
1790266833645566500,2.52956640625,-9.11380386352539,-0.5587913393974304,3.577249765396118
1790266833655566600,2.539566650390625,-9.08879280090332,-0.5999956130981445,3.633762836456299
1790266833665566500,2.54956640625,-9.066167831420898,-0.671232283115387,3.6775569915771484
1790266833675566600,2.559566650390625,-9.040618896484375,-0.7744978666305542,3.7199149131774902
1790266833685566500,2.56956640625,-9.010421752929688,-0.9140817523002625,3.761270046234131
1790266833695566600,2.579566650390625,-8.97750473022461,-1.0953243970870972,3.791445732116699
1790266833705566500,2.58956640625,-8.942808151245117,-1.3087940216064453,3.8057358264923096
1790266833715566600,2.599566650390625,-8.895439147949219,-1.5427457094192505,3.8290326595306396
1790266833725566500,2.60956640625,-8.824236869812012,-1.7921364307403564,3.884774684906006
1790266833735566600,2.619566650390625,-8.724312782287598,-2.0540289878845215,3.979661464691162
1790266833745566500,2.62956640625,-8.598663330078125,-2.3344035148620605,4.096820831298828
1790266833755566600,2.639566650390625,-8.45447063446045,-2.636202096939087,4.212213516235352
1790266833765566500,2.64956640625,-8.297510147094727,-2.9536595344543457,4.312494277954102
1790266833775566600,2.659566650390625,-8.131932258605957,-3.276388168334961,4.3940110206604
1790266833785566500,2.66956640625,-7.960146903991699,-3.596259355545044,4.457954406738281
1790266833795566600,2.679566650390625,-7.786885738372803,-3.9063782691955566,4.502778053283691
1790266833805566500,2.68956640625,-7.61341667175293,-4.202915191650391,4.532302379608154
1790266833815566600,2.699566650390625,-7.4409871101379395,-4.484676361083984,4.548602104187012
1790266833825566500,2.70956640625,-7.271984100341797,-4.751850605010986,4.550664901733398
1790266833835566600,2.719566650390625,-7.1062541007995605,-5.004439830780029,4.541710376739502
1790266833845566500,2.72956640625,-6.947792053222656,-5.241232872009277,4.519740104675293
1790266833855566600,2.739566650390625,-6.791859149932861,-5.453149795532227,4.506016731262207
1790266833865566500,2.74956640625,-6.629697322845459,-5.647830963134766,4.507715702056885
1790266833875566600,2.759566650390625,-6.469183921813965,-5.838482856750488,4.498017311096191
1790266833885566500,2.76956640625,-6.3153581619262695,-6.02324104309082,4.4729413986206055
1790266833895566600,2.779566650390625,-6.172006130218506,-6.210981369018555,4.415928840637207
1790266833905566500,2.78956640625,-6.041041851043701,-6.400791168212891,4.3250508308410645
1790266833915566600,2.799566650390625,-5.917086601257324,-6.587326526641846,4.214925289154053
1790266833925566500,2.80956640625,-5.800368309020996,-6.762879848480225,4.097507476806641
1790266833935566600,2.819566650390625,-5.6919074058532715,-6.922062397003174,3.9821643829345703
1790266833945566500,2.82956640625,-5.587434768676758,-7.065812110900879,3.876243829727173
1790266833955566600,2.839566650390625,-5.485777378082275,-7.195145606994629,3.782395601272583
1790266833965566500,2.84956640625,-5.389825344085693,-7.305728912353516,3.707628011703491
1790266833975566600,2.859566650390625,-5.303697109222412,-7.395850658416748,3.652747392654419
1790266833985566500,2.86956640625,-5.232325077056885,-7.4657511711120605,3.6132707595825195
1790266833995566600,2.879566650390625,-5.178147315979004,-7.516611576080322,3.5857677459716797
1790266834005566500,2.88956640625,-5.14485502243042,-7.548429012298584,3.566800117492676
1790266834015566600,2.899566650390625,-5.131817817687988,-7.562411785125732,3.555945634841919
1790266834025566500,2.90956640625,-5.132737159729004,-7.563398361206055,3.5525200366973877
1790266834035566600,2.919566650390625,-5.14802885055542,-7.549086570739746,3.560826301574707
1790266834045566500,2.92956640625,-5.1748552322387695,-7.523523330688477,3.57601261138916
1790266834055566600,2.939566650390625,-5.211813926696777,-7.492425441741943,3.5876083374023438
1790266834065566500,2.94956640625,-5.2595672607421875,-7.4548468589782715,3.5961928367614746
1790266834075566600,2.959566650390625,-5.325586795806885,-7.404079437255859,3.6039040088653564
1790266834085566500,2.96956640625,-5.413079738616943,-7.338436126708984,3.607811450958252
1790266834095566600,2.979566650390625,-5.501070499420166,-7.265395641326904,3.6225175857543945
1790266834105566500,2.98956640625,-5.590512275695801,-7.185512065887451,3.6448569297790527
1790266834115566600,2.999566650390625,-5.690640449523926,-7.098182201385498,3.660984754562378
1790266834125566500,3.00956640625,-5.810543060302734,-7.004790782928467,3.652517318725586
1790266834135566600,3.019566650390625,-5.9387288093566895,-6.908721923828125,3.6292479038238525
1790266834145566500,3.02956640625,-6.06358528137207,-6.810832977294922,3.6077537536621094
1790266834155566600,3.039566650390625,-6.1798930168151855,-6.712295055389404,3.5950510501861572
1790266834165566500,3.04956640625,-6.2882914543151855,-6.610686302185059,3.5953586101531982
1790266834175566600,3.059566650390625,-6.394067287445068,-6.5044121742248535,3.602626323699951
1790266834185566500,3.06956640625,-6.503301620483398,-6.391084671020508,3.6099157333374023
1790266834195566600,3.079566650390625,-6.621508598327637,-6.268626689910889,3.6097540855407715
1790266834205566500,3.08956640625,-6.748693466186523,-6.1342453956604,3.605073928833008
1790266834215566600,3.099566650390625,-6.884171485900879,-5.982602119445801,3.603752374649048
1790266834225566500,3.10956640625,-7.027882099151611,-5.810258388519287,3.6083452701568604
1790266834235566600,3.119566650390625,-7.179009914398193,-5.615920066833496,3.618514060974121
1790266834245566500,3.12956640625,-7.331948757171631,-5.396503925323486,3.6456358432769775
1790266834255566600,3.139566650390625,-7.4840850830078125,-5.156989574432373,3.6829771995544434
1790266834265566500,3.14956640625,-7.642729759216309,-4.914042949676514,3.689342737197876
1790266834275566600,3.159566650390625,-7.808082580566406,-4.67060661315918,3.659188747406006
1790266834285566500,3.16956640625,-7.979344844818115,-4.4190592765808105,3.601714849472046
1790266834295566600,3.179566650390625,-8.150042533874512,-4.1566314697265625,3.5312321186065674
1790266834305566500,3.18956640625,-8.312285423278809,-3.8924460411071777,3.4532828330993652
1790266834315566600,3.199566650390625,-8.463342666625977,-3.63423490524292,3.366682529449463
1790266834325566500,3.20956640625,-8.603653907775879,-3.3832828998565674,3.2712249755859375
1790266834335566600,3.219566650390625,-8.733746528625488,-3.137371301651001,3.170011281967163
1790266834345566500,3.22956640625,-8.854188919067383,-2.8916914463043213,3.0678720474243164
1790266834355566600,3.239566650390625,-8.965886116027832,-2.6426732540130615,2.966402769088745
1790266834365566500,3.24956640625,-9.065401077270508,-2.3961288928985596,2.871838331222534
1790266834375566600,3.259566650390625,-9.147502899169922,-2.1615188121795654,2.796679735183716
1790266834385566500,3.26956640625,-9.213701248168945,-1.9414280652999878,2.7402455806732178
1790266834395566600,3.279566650390625,-9.267829895019531,-1.7431797981262207,2.690549612045288
1790266834405566500,3.28956640625,-9.313201904296875,-1.5734609365463257,2.637970209121704
1790266834415566600,3.299566650390625,-9.353363037109375,-1.4280765056610107,2.57790207862854
1790266834425566500,3.30956640625,-9.388025283813477,-1.3056976795196533,2.516052007675171
1790266834435566600,3.319566650390625,-9.414782524108887,-1.2039874792099,2.466310501098633
1790266834445566500,3.32956640625,-9.43312931060791,-1.1153907775878906,2.4376981258392334
1790266834455566600,3.339566650390625,-9.445865631103516,-1.0372529029846191,2.4228320121765137
1790266834465566500,3.34956640625,-9.455610275268555,-0.9696325063705444,2.4128050804138184
1790266834475566600,3.359566650390625,-9.461555480957031,-0.9138739109039307,2.4112613201141357
1790266834485566500,3.36956640625,-9.460545539855957,-0.8731337785720825,2.4302475452423096
1790266834495566600,3.379566650390625,-9.451642990112305,-0.8520892858505249,2.472001075744629
1790266834505566500,3.38956640625,-9.436651229858398,-0.857567310333252,2.5267698764801025
1790266834515566600,3.399566650390625,-9.41795539855957,-0.8945854306221008,2.583064079284668
1790266834525566500,3.40956640625,-9.39631175994873,-0.9627678990364075,2.6368134021759033
1790266834535566600,3.419566650390625,-9.370088577270508,-1.0601496696472168,2.6921911239624023
1790266834545566500,3.42956640625,-9.337706565856934,-1.1852800846099854,2.7518579959869385
1790266834555566600,3.439566650390625,-9.298561096191406,-1.3323122262954712,2.8163957595825195
1790266834565566500,3.44956640625,-9.250606536865234,-1.4934464693069458,2.892451524734497
1790266834575566600,3.459566650390625,-9.190058708190918,-1.665725588798523,2.9897444248199463
1790266834585566500,3.46956640625,-9.114388465881348,-1.8537423610687256,3.108367443084717
1790266834595566600,3.479566650390625,-9.023036003112793,-2.0645344257354736,3.239274740219116
1790266834605566500,3.48956640625,-8.915513038635254,-2.30200457572937,3.374135732650757
1790266834615566600,3.499566650390625,-8.792036056518555,-2.5618479251861572,3.5081934928894043
1790266834625566500,3.50956640625,-8.655903816223145,-2.8336079120635986,3.6354355812072754
1790266834635566600,3.519566650390625,-8.507566452026367,-3.1104936599731445,3.757197856903076
1790266834645566500,3.52956640625,-8.346540451049805,-3.389115810394287,3.8755056858062744
1790266834655566600,3.539566650390625,-8.174453735351562,-3.668302297592163,3.986511468887329
1790266834665566500,3.54956640625,-7.992039203643799,-3.949329376220703,4.08662223815918
1790266834675566600,3.559566650390625,-7.799679279327393,-4.23272180557251,4.173661708831787
1790266834685566500,3.56956640625,-7.597970008850098,-4.5192084312438965,4.244762420654297
1790266834695566600,3.579566650390625,-7.390858173370361,-4.804499626159668,4.296789169311523
1790266834705566500,3.58956640625,-7.184417247772217,-5.081024646759033,4.328710079193115
1790266834715566600,3.599566650390625,-6.986579418182373,-5.342855930328369,4.337277412414551
1790266834725566500,3.60956640625,-6.801270484924316,-5.58619499206543,4.325221061706543
1790266834735566600,3.619566650390625,-6.625555515289307,-5.811925888061523,4.300457000732422
1790266834745566500,3.62956640625,-6.4582343101501465,-6.0208611488342285,4.267415523529053
1790266834755566600,3.639566650390625,-6.299201965332031,-6.215784072875977,4.225456237792969
1790266834765566500,3.64956640625,-6.149472236633301,-6.399878025054932,4.170844078063965
1790266834775566600,3.659566650390625,-6.011326313018799,-6.573490619659424,4.101653099060059
1790266834785566500,3.66956640625,-5.8861212730407715,-6.73480224609375,4.020745754241943
1790266834795566600,3.679566650390625,-5.7729878425598145,-6.8816094398498535,3.93528151512146
1790266834805566500,3.68956640625,-5.667938709259033,-7.013628005981445,3.854074716567993
1790266834815566600,3.699566650390625,-5.567474842071533,-7.129982948303223,3.786416530609131
1790266834825566500,3.70956640625,-5.472484588623047,-7.229827404022217,3.7352232933044434
1790266834835566600,3.719566650390625,-5.386980056762695,-7.313608169555664,3.696209192276001
1790266834845566500,3.72956640625,-5.315060138702393,-7.383321285247803,3.6615681648254395
1790266834855566600,3.739566650390625,-5.256963729858398,-7.441260814666748,3.627998113632202
1790266834865566500,3.74956640625,-5.209582805633545,-7.488720893859863,3.598567247390747
1790266834875566600,3.759566650390625,-5.1676740646362305,-7.5267109870910645,3.579686403274536
1790266834885566500,3.76956640625,-5.131103992462158,-7.555647373199463,3.5713229179382324
1790266834895566600,3.779566650390625,-5.105676174163818,-7.574888706207275,3.567004919052124
1790266834905566500,3.78956640625,-5.0968194007873535,-7.583000183105469,3.5624325275421143
1790266834915566600,3.799566650390625,-5.105432987213135,-7.577404499053955,3.562005043029785
1790266834925566500,3.80956640625,-5.129288196563721,-7.55599308013916,3.5732007026672363
1790266834935566600,3.819566650390625,-5.163414001464844,-7.52119255065918,3.5973873138427734
1790266834945566500,3.82956640625,-5.203051567077637,-7.4784626960754395,3.6292190551757812
1790266834955566600,3.839566650390625,-5.249568462371826,-7.432126522064209,3.6573076248168945
1790266834965566500,3.84956640625,-5.307717323303223,-7.381570339202881,3.6757233142852783
1790266834975566600,3.859566650390625,-5.384706497192383,-7.321235656738281,3.68440580368042
1790266834985566500,3.86956640625,-5.486797332763672,-7.244156360626221,3.6861414909362793
1790266834995566600,3.879566650390625,-5.611449241638184,-7.1476664543151855,3.686851739883423
1790266835005566500,3.88956640625,-5.750020503997803,-7.033022880554199,3.693810224533081
1790266835015566600,3.899566650390625,-5.8955230712890625,-6.9038615226745605,3.708085536956787
1790266835025566500,3.90956640625,-6.044970989227295,-6.764235496520996,3.7247586250305176
1790266835035566600,3.919566650390625,-6.195620536804199,-6.618757247924805,3.7385458946228027
1790266835045566500,3.92956640625,-6.344720363616943,-6.472270488739014,3.7449469566345215
1790266835055566600,3.939566650390625,-6.49073600769043,-6.3297295570373535,3.738349676132202
1790266835065566500,3.94956640625,-6.634137153625488,-6.193945407867432,3.713981866836548
1790266835075566600,3.959566650390625,-6.780815124511719,-6.059191703796387,3.6711204051971436
1790266835085566500,3.96956640625,-6.934961795806885,-5.915579319000244,3.6169893741607666
1790266835095566600,3.979566650390625,-7.095226764678955,-5.754464626312256,3.565708875656128
1790266835105566500,3.98956640625,-7.25587797164917,-5.5733418464660645,3.5299394130706787
1790266835115566600,3.999566650390625,-7.413182258605957,-5.37406587600708,3.5120537281036377
1790266835125566500,4.00956640625,-7.568370342254639,-5.160261154174805,3.501694440841675
1790266835135566600,4.019566650390625,-7.724764823913574,-4.934263706207275,3.4858908653259277
1790266835145566500,4.02956640625,-7.88184928894043,-4.697656154632568,3.461050271987915
1790266835155566600,4.039566650390625,-8.03398609161377,-4.456043720245361,3.430615186691284
1790266835165566500,4.04956640625,-8.178812980651855,-4.213151454925537,3.395109176635742
1790266835175566600,4.059566650390625,-8.318754196166992,-3.9701621532440186,3.3476150035858154
1790266835185566500,4.06956640625,-8.454973220825195,-3.7290761470794678,3.282957077026367
1790266835195566600,4.079566650390625,-8.584405899047852,-3.4913947582244873,3.2075746059417725
1790266835205566500,4.08956640625,-8.705394744873047,-3.2551279067993164,3.1289987564086914
1790266835215566600,4.099566650390625,-8.817194938659668,-3.020871639251709,3.049882173538208
1790266835225566500,4.10956640625,-8.917730331420898,-2.7973382472991943,2.969745397567749
1790266835235566600,4.119566650390625,-9.00865650177002,-2.5886900424957275,2.8832576274871826
1790266835245566500,4.12956640625,-9.093523025512695,-2.3901171684265137,2.7866764068603516
1790266835255566600,4.139566650390625,-9.170178413391113,-2.1974546909332275,2.692469596862793
1790266835265566500,4.14956640625,-9.236603736877441,-2.0124104022979736,2.608780860900879
1790266835275566600,4.159566650390625,-9.293070793151855,-1.8389711380004883,2.5352330207824707
1790266835285566500,4.16956640625,-9.339391708374023,-1.6785234212875366,2.47562313079834
1790266835295566600,4.179566650390625,-9.375038146972656,-1.5334134101867676,2.434688091278076
1790266835305566500,4.18956640625,-9.400157928466797,-1.406847596168518,2.414163589477539
1790266835315566600,4.199566650390625,-9.41623592376709,-1.2986737489700317,2.412123680114746
1790266835325566500,4.20956640625,-9.42474365234375,-1.2084826231002808,2.425729513168335
1790266835335566600,4.219566650390625,-9.427188873291016,-1.1375315189361572,2.4504148960113525
1790266835345566500,4.22956640625,-9.42427921295166,-1.0889562368392944,2.4834511280059814
1790266835355566600,4.239566650390625,-9.416712760925293,-1.0626963376998901,2.5232110023498535
1790266835365566500,4.24956640625,-9.405397415161133,-1.057124376296997,2.567366123199463
1790266835375566600,4.259566650390625,-9.391260147094727,-1.0707203149795532,2.6130764484405518
1790266835385566500,4.26956640625,-9.374382019042969,-1.1045401096343994,2.6591997146606445
1790266835395566600,4.279566650390625,-9.353652000427246,-1.1619718074798584,2.7072880268096924
1790266835405566500,4.28956640625,-9.327333450317383,-1.2472785711288452,2.7596240043640137
1790266835415566600,4.299566650390625,-9.294136047363281,-1.3614170551300049,2.817082405090332
1790266835425566500,4.30956640625,-9.252174377441406,-1.5026189088821411,2.882669687271118
1790266835435566600,4.319566650390625,-9.199220657348633,-1.6678727865219116,2.9602243900299072
1790266835445566500,4.32956640625,-9.133247375488281,-1.8523224592208862,3.053373336791992
1790266835455566600,4.339566650390625,-9.053557395935059,-2.0517728328704834,3.1612823009490967
1790266835465566500,4.34956640625,-8.960134506225586,-2.26655650138855,3.2785799503326416
1790266835475566600,4.359566650390625,-8.85226821899414,-2.4986510276794434,3.400658130645752
1790266835485566500,4.36956640625,-8.72740650177002,-2.7520675659179688,3.5254616737365723
1790266835495566600,4.379566650390625,-8.582053184509277,-3.0287210941314697,3.6531622409820557
1790266835505566500,4.38956640625,-8.414690017700195,-3.325320243835449,3.7822763919830322
1790266835515566600,4.399566650390625,-8.230030059814453,-3.630565643310547,3.9058921337127686
1790266835525566500,4.40956640625,-8.033513069152832,-3.934291362762451,4.019254207611084
1790266835535566600,4.419566650390625,-7.8311309814453125,-4.230020999908447,4.117121696472168
1790266835545566500,4.42956640625,-7.627886772155762,-4.51223611831665,4.198269367218018
1790266835555566600,4.439566650390625,-7.426567554473877,-4.779273509979248,4.263218402862549
1790266835565566500,4.44956640625,-7.231487274169922,-5.03377628326416,4.3054704666137695
1790266835575566600,4.459566650390625,-7.045353889465332,-5.278483867645264,4.320995330810547
1790266835585566500,4.46956640625,-6.868856906890869,-5.513067722320557,4.312224864959717
1790266835595566600,4.479566650390625,-6.702184200286865,-5.735741138458252,4.283967971801758
1790266835605566500,4.48956640625,-6.545020580291748,-5.9450364112854,4.241418838500977
1790266835615566600,4.499566650390625,-6.39771842956543,-6.140438079833984,4.187435150146484
1790266835625566500,4.50956640625,-6.259665489196777,-6.322580814361572,4.124553680419922
1790266835635566600,4.519566650390625,-6.130344390869141,-6.491570472717285,4.055710315704346
1790266835645566500,4.52956640625,-6.012382507324219,-6.645747184753418,3.9819188117980957
1790266835655566600,4.539566650390625,-5.9085588455200195,-6.784454345703125,3.9026267528533936
1790266835665566500,4.54956640625,-5.8152079582214355,-6.911746025085449,3.8185737133026123
1790266835675566600,4.559566650390625,-5.7268524169921875,-7.031272888183594,3.732926607131958
1790266835685566500,4.56956640625,-5.644136905670166,-7.141380310058594,3.6489439010620117
1790266835695566600,4.579566650390625,-5.5728936195373535,-7.2378830909729,3.5673930644989014
1790266835705566500,4.58956640625,-5.516829013824463,-7.3176093101501465,3.4910709857940674
1790266835715566600,4.599566650390625,-5.477180004119873,-7.379673004150391,3.422179698944092
1790266835725566500,4.60956640625,-5.454586029052734,-7.423508644104004,3.3629462718963623
1790266835735566600,4.619566650390625,-5.445186614990234,-7.450058937072754,3.3191792964935303
1790266835745566500,4.62956640625,-5.44655179977417,-7.461328983306885,3.2915098667144775
1790266835755566600,4.639566650390625,-5.457874298095703,-7.4602508544921875,3.2751548290252686
1790266835765566500,4.64956640625,-5.479332447052002,-7.4484543800354,3.266165018081665
1790266835775566600,4.659566650390625,-5.512918472290039,-7.4259161949157715,3.2609639167785645
1790266835785566500,4.66956640625,-5.561070919036865,-7.391515731811523,3.257357120513916
1790266835795566600,4.679566650390625,-5.624038219451904,-7.344476222991943,3.2556490898132324
1790266835805566500,4.68956640625,-5.69692850112915,-7.287112236022949,3.257819414138794
1790266835815566600,4.699566650390625,-5.772809982299805,-7.222987651824951,3.2670304775238037
1790266835825566500,4.70956640625,-5.848382949829102,-7.154963493347168,3.2822721004486084
1790266835835566600,4.719566650390625,-5.922733783721924,-7.085739612579346,3.29907488822937
1790266835845566500,4.72956640625,-5.996347427368164,-7.0155792236328125,3.31600022315979
1790266835855566600,4.739566650390625,-6.071745872497559,-6.941826343536377,3.333966016769409
1790266835865566500,4.74956640625,-6.15073823928833,-6.861456394195557,3.355475664138794
1790266835875566600,4.759566650390625,-6.234912395477295,-6.7721638679504395,3.3814263343811035
1790266835885566500,4.76956640625,-6.327003002166748,-6.671881675720215,3.409607172012329
1790266835895566600,4.779566650390625,-6.430631160736084,-6.557190895080566,3.438112258911133
1790266835905566500,4.78956640625,-6.544301509857178,-6.426698684692383,3.469879150390625
1790266835915566600,4.799566650390625,-6.6631083488464355,-6.281337261199951,3.5097250938415527
1790266835925566500,4.80956640625,-6.782564163208008,-6.124979496002197,3.5569405555725098
1790266835935566600,4.819566650390625,-6.903109073638916,-5.962105751037598,3.601494550704956
1790266835945566500,4.82956640625,-7.030274391174316,-5.791688919067383,3.6334519386291504
1790266835955566600,4.839566650390625,-7.168114185333252,-5.610203742980957,3.6488547325134277
1790266835965566500,4.84956640625,-7.315999984741211,-5.416705131530762,3.647716999053955
1790266835975566600,4.859566650390625,-7.470500469207764,-5.2134480476379395,3.630699396133423
1790266835985566500,4.86956640625,-7.6284098625183105,-5.003252983093262,3.597944498062134
1790266835995566600,4.879566650390625,-7.7904791831970215,-4.7858991622924805,3.545984983444214
1790266836005566500,4.88956640625,-7.957298755645752,-4.559163570404053,3.473590135574341
1790266836015566600,4.899566650390625,-8.126604080200195,-4.321522235870361,3.384249448776245
1790266836025566500,4.90956640625,-8.293259620666504,-4.073411464691162,3.286266803741455
1790266836035566600,4.919566650390625,-8.451282501220703,-3.815812349319458,3.191516876220703
1790266836045566500,4.92956640625,-8.595661163330078,-3.554873466491699,3.1061010360717773
1790266836055566600,4.939566650390625,-8.72493839263916,-3.2990827560424805,3.026862621307373
1790266836065566500,4.94956640625,-8.841561317443848,-3.051955223083496,2.946650743484497
1790266836075566600,4.959566650390625,-8.948296546936035,-2.812429666519165,2.861577272415161
1790266836085566500,4.96956640625,-9.044364929199219,-2.5827465057373047,2.7747578620910645
1790266836095566600,4.979566650390625,-9.127948760986328,-2.3622069358825684,2.6964664459228516
1790266836105566500,4.98956640625,-9.198994636535645,-2.1431331634521484,2.637396812438965
1790266836115566600,4.999566650390625,-9.257048606872559,-1.9240566492080688,2.602968454360962
1790266836125566500,5.00956640625,-9.300982475280762,-1.7173677682876587,2.5909006595611572
1790266836135566600,5.019566650390625,-9.331530570983887,-1.537381649017334,2.594106435775757
1790266836145566500,5.02956640625,-9.351492881774902,-1.3851301670074463,2.60794734954834
1790266836155566600,5.039566650390625,-9.362593650817871,-1.2548253536224365,2.6339409351348877
1790266836165566500,5.04956640625,-9.36290168762207,-1.1450477838516235,2.6824114322662354
1790266836175566600,5.059566650390625,-9.354497909545898,-1.0580097436904907,2.746702194213867
1790266836185566500,5.06956640625,-9.341705322265625,-0.9957810640335083,2.8127124309539795
1790266836195566600,5.079566650390625,-9.327178955078125,-0.9582358598709106,2.8733057975769043
1790266836205566500,5.08956640625,-9.311869621276855,-0.9431447386741638,2.9274466037750244
1790266836215566600,5.099566650390625,-9.295970916748047,-0.9500994682312012,2.9753363132476807
1790266836225566500,5.10956640625,-9.278298377990723,-0.9819399118423462,3.019826889038086
1790266836235566600,5.119566650390625,-9.257403373718262,-1.0401721000671387,3.0641305446624756
1790266836245566500,5.12956640625,-9.232922554016113,-1.1240538358688354,3.108059883117676
1790266836255566600,5.139566650390625,-9.203719139099121,-1.2311718463897705,3.1537506580352783
1790266836265566500,5.14956640625,-9.166723251342773,-1.361635446548462,3.207418918609619
1790266836275566600,5.159566650390625,-9.118617057800293,-1.5156214237213135,3.2747676372528076
1790266836285566500,5.16956640625,-9.057372093200684,-1.6916275024414062,3.357497215270996
1790266836295566600,5.179566650390625,-8.982661247253418,-1.8848670721054077,3.453903913497925
1790266836305566500,5.18956640625,-8.893743515014648,-2.0910565853118896,3.5635933876037598
1790266836315566600,5.199566650390625,-8.789546966552734,-2.3067831993103027,3.6868698596954346
1790266836325566500,5.20956640625,-8.669207572937012,-2.5328681468963623,3.820969820022583
1790266836335566600,5.219566650390625,-8.53386402130127,-2.767159938812256,3.960604429244995
1790266836345566500,5.22956640625,-8.385589599609375,-3.0074989795684814,4.0996599197387695
1790266836355566600,5.239566650390625,-8.2255859375,-3.2536427974700928,4.233665943145752
1790266836365566500,5.24956640625,-8.052582740783691,-3.506774663925171,4.362203598022461
1790266836375566600,5.259566650390625,-7.867882251739502,-3.766757011413574,4.480888366699219
1790266836385566500,5.26956640625,-7.677767276763916,-4.027987957000732,4.582312107086182
1790266836395566600,5.279566650390625,-7.488518714904785,-4.284248352050781,4.6623687744140625
1790266836405566500,5.28956640625,-7.302180290222168,-4.5317182540893555,4.723566055297852
1790266836415566600,5.299566650390625,-7.115261077880859,-4.772227764129639,4.7717180252075195
1790266836425566500,5.30956640625,-6.927770614624023,-5.007483959197998,4.806398868560791
1790266836435566600,5.319566650390625,-6.741357326507568,-5.24069881439209,4.822817325592041
1790266836445566500,5.32956640625,-6.560702323913574,-5.471522808074951,4.815600395202637
1790266836455566600,5.339566650390625,-6.386641025543213,-5.698448657989502,4.786323070526123
1790266836465566500,5.34956640625,-6.221333026885986,-5.916905403137207,4.738737106323242
1790266836475566600,5.359566650390625,-6.071817874908447,-6.120880603790283,4.6731390953063965
1790266836485566500,5.36956640625,-5.940035820007324,-6.307671546936035,4.593433856964111
1790266836495566600,5.379566650390625,-5.823311805725098,-6.4778900146484375,4.505149841308594
1790266836505566500,5.38956640625,-5.717618465423584,-6.632880210876465,4.4140825271606445
1790266836515566600,5.399566650390625,-5.6180830001831055,-6.774385929107666,4.326108455657959
1790266836525566500,5.40956640625,-5.522846698760986,-6.902284145355225,4.24582576751709
1790266836535566600,5.419566650390625,-5.432709693908691,-7.016846656799316,4.173716068267822
1790266836545566500,5.42956640625,-5.351252555847168,-7.117548942565918,4.107917785644531
1790266836555566600,5.439566650390625,-5.284267902374268,-7.202948570251465,4.045297145843506
1790266836565566500,5.44956640625,-5.237206935882568,-7.271053791046143,3.984196424484253
1790266836575566600,5.459566650390625,-5.210157871246338,-7.322383880615234,3.925217866897583
1790266836585566500,5.46956640625,-5.198469161987305,-7.360092639923096,3.869797706604004
1790266836595566600,5.479566650390625,-5.1983137130737305,-7.387648105621338,3.817140579223633
1790266836605566500,5.48956640625,-5.207170486450195,-7.408231258392334,3.764820098876953
1790266836615566600,5.499566650390625,-5.224296569824219,-7.423578262329102,3.710472822189331
1790266836625566500,5.50956640625,-5.247610569000244,-7.434494972229004,3.6553056240081787
1790266836635566600,5.519566650390625,-5.274349689483643,-7.440736293792725,3.6037585735321045
1790266836645566500,5.52956640625,-5.304869174957275,-7.44000244140625,3.5602128505706787
1790266836655566600,5.539566650390625,-5.3392839431762695,-7.4297099113464355,3.5301342010498047
1790266836665566500,5.54956640625,-5.3795294761657715,-7.408440113067627,3.51369571685791
1790266836675566600,5.559566650390625,-5.427425384521484,-7.375792026519775,3.508723258972168
1790266836685566500,5.56956640625,-5.479669570922852,-7.3341240882873535,3.514857530593872
1790266836695566600,5.579566650390625,-5.533220291137695,-7.286358833312988,3.5302746295928955
1790266836705566500,5.58956640625,-5.586821556091309,-7.235023021697998,3.5513741970062256
1790266836715566600,5.599566650390625,-5.63874626159668,-7.182844161987305,3.575148582458496
1790266836725566500,5.60956640625,-5.688943862915039,-7.130736351013184,3.5998494625091553
1790266836735566600,5.619566650390625,-5.747262001037598,-7.071691989898682,3.6236085891723633
1790266836745566500,5.62956640625,-5.827205657958984,-6.992380142211914,3.6497507095336914
1790266836755566600,5.639566650390625,-5.9284844398498535,-6.885603427886963,3.6894333362579346
1790266836765566500,5.64956640625,-6.042446613311768,-6.752211093902588,3.750582456588745
1790266836775566600,5.659566650390625,-6.148784160614014,-6.608246326446533,3.8332650661468506
1790266836785566500,5.66956640625,-6.22681999206543,-6.4876322746276855,3.912508010864258
1790266836795566600,5.679566650390625,-6.282582759857178,-6.4045562744140625,3.959949016571045
1790266836805566500,5.68956640625,-6.337865352630615,-6.346421241760254,3.9654479026794434
1790266836815566600,5.699566650390625,-6.416660308837891,-6.28961706161499,3.929067611694336
1790266836825566500,5.70956640625,-6.534270763397217,-6.209264755249023,3.8624775409698486
1790266836835566600,5.719566650390625,-6.6896586418151855,-6.082220554351807,3.7980833053588867
1790266836845566500,5.72956640625,-6.862024307250977,-5.900893211364746,3.7765674591064453
1790266836855566600,5.739566650390625,-7.028766632080078,-5.687446117401123,3.7973392009735107
1790266836865566500,5.74956640625,-7.180646896362305,-5.483891010284424,3.81256365776062
1790266836875566600,5.759566650390625,-7.31219482421875,-5.3221893310546875,3.791635274887085
1790266836885566500,5.76956640625,-7.4236979484558105,-5.201993942260742,3.741438627243042
1790266836895566600,5.779566650390625,-7.521828651428223,-5.0996198654174805,3.6859688758850098
1790266836905566500,5.78956640625,-7.617524147033691,-4.9899749755859375,3.6392109394073486
1790266836915566600,5.799566650390625,-7.7158355712890625,-4.859780788421631,3.6081554889678955
1790266836925566500,5.80956640625,-7.811791896820068,-4.7152886390686035,3.5933756828308105
1790266836935566600,5.819566650390625,-7.901697635650635,-4.571432590484619,3.582674503326416
1790266836945566500,5.82956640625,-7.987790584564209,-4.436427593231201,3.5614194869995117
1790266836955566600,5.839566650390625,-8.073719024658203,-4.308079719543457,3.525038719177246
1790266836965566500,5.84956640625,-8.161767959594727,-4.177862644195557,3.478703498840332
1790266836975566600,5.859566650390625,-8.247591018676758,-4.040497779846191,3.4383139610290527
1790266836985566500,5.86956640625,-8.325833320617676,-3.898726463317871,3.413330078125
1790266836995566600,5.879566650390625,-8.398956298828125,-3.7569310665130615,3.3931376934051514
1790266837005566500,5.88956640625,-8.470702171325684,-3.618637800216675,3.3649742603302
1790266837015566600,5.899566650390625,-8.541324615478516,-3.485102891921997,3.327195167541504
1790266837025566500,5.90956640625,-8.610031127929688,-3.3524882793426514,3.2861177921295166
1790266837035566600,5.919566650390625,-8.676408767700195,-3.2152364253997803,3.248469829559326
1790266837045566500,5.92956640625,-8.740163803100586,-3.07383394241333,3.2142598628997803
1790266837055566600,5.939566650390625,-8.803156852722168,-2.9315404891967773,3.1750407218933105
1790266837065566500,5.94956640625,-8.868457794189453,-2.7880303859710693,3.12213397026062
1790266837075566600,5.959566650390625,-8.936470985412598,-2.641221284866333,3.0551321506500244
1790266837085566500,5.96956640625,-9.005473136901855,-2.490837574005127,2.977846622467041
1790266837095566600,5.979566650390625,-9.07296085357666,-2.3395330905914307,2.8945393562316895
1790266837105566500,5.98956640625,-9.132772445678711,-2.191981077194214,2.8210062980651855
1790266837115566600,5.999566650390625,-9.177923202514648,-2.050610303878784,2.7804877758026123
1790266837125566500,6.00956640625,-9.207762718200684,-1.9160958528518677,2.7777814865112305
1790266837135566600,6.019566650390625,-9.229100227355957,-1.7888686656951904,2.7917816638946533
1790266837145566500,6.02956640625,-9.24686050415039,-1.6684423685073853,2.807535409927368
1790266837155566600,6.039566650390625,-9.25896167755127,-1.557225227355957,2.8314430713653564
1790266837165566500,6.04956640625,-9.262020111083984,-1.4645600318908691,2.8706154823303223
1790266837175566600,6.059566650390625,-9.255824089050293,-1.3983278274536133,2.923149585723877
1790266837185566500,6.06956640625,-9.243199348449707,-1.3529837131500244,2.9838035106658936
1790266837195566600,6.079566650390625,-9.228229522705078,-1.3185244798660278,3.044938564300537
1790266837205566500,6.08956640625,-9.213476181030273,-1.2885305881500244,3.101923704147339
1790266837215566600,6.099566650390625,-9.200304985046387,-1.2617955207824707,3.1516106128692627
1790266837225566500,6.10956640625,-9.188400268554688,-1.2420036792755127,3.1939175128936768
1790266837235566600,6.119566650390625,-9.175861358642578,-1.234210729598999,3.2327492237091064
1790266837245566500,6.12956640625,-9.161556243896484,-1.2403137683868408,3.2707643508911133
1790266837255566600,6.139566650390625,-9.145342826843262,-1.2588685750961304,3.3088302612304688
1790266837265566500,6.14956640625,-9.128941535949707,-1.2848482131958008,3.3439459800720215
1790266837275566600,6.159566650390625,-9.111926078796387,-1.3186296224594116,3.377042055130005
1790266837285566500,6.16956640625,-9.092707633972168,-1.3621492385864258,3.4113924503326416
1790266837295566600,6.179566650390625,-9.071441650390625,-1.4149035215377808,3.4463565349578857
1790266837305566500,6.18956640625,-9.047469139099121,-1.4771140813827515,3.4830784797668457
1790266837315566600,6.199566650390625,-9.019646644592285,-1.5504381656646729,3.5231382846832275
1790266837325566500,6.20956640625,-8.986209869384766,-1.6370965242385864,3.569080114364624
1790266837335566600,6.219566650390625,-8.947978973388672,-1.735047459602356,3.6185176372528076
1790266837345566500,6.22956640625,-8.906933784484863,-1.8392823934555054,3.6679632663726807
1790266837355566600,6.239566650390625,-8.862504005432129,-1.947696566581726,3.7192585468292236
1790266837365566500,6.24956640625,-8.815400123596191,-2.0578157901763916,3.7715365886688232
1790266837375566600,6.259566650390625,-8.765970230102539,-2.1700048446655273,3.823511838912964
1790266837385566500,6.26956640625,-8.713347434997559,-2.2871861457824707,3.8751437664031982
1790266837395566600,6.279566650390625,-8.660061836242676,-2.4068315029144287,3.9218475818634033
1790266837405566500,6.28956640625,-8.605600357055664,-2.529860496520996,3.964069366455078
1790266837415566600,6.299566650390625,-8.548612594604492,-2.6571848392486572,4.003872394561768
1790266837425566500,6.30956640625,-8.49041748046875,-2.7875430583953857,4.038911819458008
1790266837435566600,6.319566650390625,-8.42790412902832,-2.9213454723358154,4.07511568069458
1790266837445566500,6.32956640625,-8.359841346740723,-3.0591073036193848,4.114038944244385
1790266837455566600,6.339566650390625,-8.287790298461914,-3.2002415657043457,4.152271270751953
1790266837465566500,6.34956640625,-8.211807250976562,-3.3447964191436768,4.189146995544434
1790266837475566600,6.359566650390625,-8.13218879699707,-3.491307497024536,4.224769115447998
1790266837485566500,6.36956640625,-8.048513412475586,-3.638688325881958,4.260488986968994
1790266837495566600,6.379566650390625,-7.959433078765869,-3.7879791259765625,4.2975616455078125
1790266837505566500,6.38956640625,-7.8647565841674805,-3.938829183578491,4.33608341217041
1790266837515566600,6.399566650390625,-7.765793323516846,-4.089656829833984,4.374647617340088
1790266837525566500,6.40956640625,-7.664020538330078,-4.239856243133545,4.410985469818115
1790266837535566600,6.419566650390625,-7.558854103088379,-4.390380382537842,4.445073127746582
1790266837545566500,6.42956640625,-7.449923515319824,-4.54130744934082,4.477225303649902
1790266837555566600,6.439566650390625,-7.336666584014893,-4.693416595458984,4.507279396057129
1790266837565566500,6.44956640625,-7.21856164932251,-4.847932815551758,4.534347057342529
1790266837575566600,6.459566650390625,-7.097214698791504,-5.004127502441406,4.5561652183532715
1790266837585566500,6.46956640625,-6.974160671234131,-5.160693168640137,4.571513652801514
1790266837595566600,6.479566650390625,-6.84942626953125,-5.31637716293335,4.581687927246094
1790266837605566500,6.48956640625,-6.72575044631958,-5.468451023101807,4.585925579071045
1790266837615566600,6.499566650390625,-6.605442047119141,-5.614500045776367,4.584310531616211
1790266837625566500,6.50956640625,-6.4913763999938965,-5.752959251403809,4.575573444366455
1790266837635566600,6.519566650390625,-6.3848371505737305,-5.886158466339111,4.556025505065918
1790266837645566500,6.52956640625,-6.2856245040893555,-6.016636848449707,4.523426532745361
1790266837655566600,6.539566650390625,-6.1937665939331055,-6.143772125244141,4.479028701782227
1790266837665566500,6.54956640625,-6.108876705169678,-6.265758991241455,4.426315784454346
1790266837675566600,6.559566650390625,-6.031343460083008,-6.3811116218566895,4.367458343505859
1790266837685566500,6.56956640625,-5.960496425628662,-6.489118576049805,4.305136203765869
1790266837695566600,6.579566650390625,-5.895357608795166,-6.589924335479736,4.241230487823486
1790266837705566500,6.58956640625,-5.833425521850586,-6.684162616729736,4.178935527801514
1790266837715566600,6.599566650390625,-5.770817756652832,-6.772573947906494,4.123142242431641
1790266837725566500,6.60956640625,-5.7082672119140625,-6.854605674743652,4.074366092681885
1790266837735566600,6.619566650390625,-5.649257659912109,-6.930318832397461,4.028269290924072
1790266837745566500,6.62956640625,-5.591912746429443,-7.002211093902588,3.9837095737457275
1790266837755566600,6.639566650390625,-5.5347514152526855,-7.07192325592041,3.9401538372039795
1790266837765566500,6.64956640625,-5.47861909866333,-7.139566898345947,3.896369695663452
1790266837775566600,6.659566650390625,-5.423898696899414,-7.204536437988281,3.853097438812256
1790266837785566500,6.66956640625,-5.372035980224609,-7.265215873718262,3.8115930557250977
1790266837795566600,6.679566650390625,-5.324763298034668,-7.319871425628662,3.7731621265411377
1790266837805566500,6.68956640625,-5.283058166503906,-7.367387294769287,3.7391562461853027
1790266837815566600,6.699566650390625,-5.247566223144531,-7.4065961837768555,3.7115724086761475
1790266837825566500,6.70956640625,-5.2181220054626465,-7.436808109283447,3.6926231384277344
1790266837835566600,6.719566650390625,-5.194430351257324,-7.45878267288208,3.681689500808716
1790266837845566500,6.72956640625,-5.175715923309326,-7.47464656829834,3.6758689880371094
1790266837855566600,6.739566650390625,-5.161606788635254,-7.486911773681641,3.670743703842163
1790266837865566500,6.74956640625,-5.152464389801025,-7.496577262878418,3.6638526916503906
1790266837875566600,6.759566650390625,-5.147196292877197,-7.503959655761719,3.656137466430664
1790266837885566500,6.76956640625,-5.148358345031738,-7.507132530212402,3.6479780673980713
1790266837895566600,6.779566650390625,-5.159559726715088,-7.5031304359436035,3.64037823677063
1790266837905566500,6.78956640625,-5.1805901527404785,-7.490413665771484,3.636697292327881
1790266837915566600,6.799566650390625,-5.2094011306762695,-7.469723701477051,3.638097047805786
1790266837925566500,6.80956640625,-5.245027542114258,-7.442101001739502,3.6435158252716064
1790266837935566600,6.819566650390625,-5.287988662719727,-7.407960414886475,3.650984287261963
1790266837945566500,6.82956640625,-5.337038993835449,-7.369199752807617,3.658045768737793
1790266837955566600,6.839566650390625,-5.389933109283447,-7.3280534744262695,3.663147211074829
1790266837965566500,6.84956640625,-5.446181297302246,-7.286109924316406,3.6636176109313965
1790266837975566600,6.859566650390625,-5.505128383636475,-7.2441911697387695,3.658639669418335
1790266837985566500,6.86956640625,-5.565030574798584,-7.202307224273682,3.650698661804199
1790266837995566600,6.879566650390625,-5.625041484832764,-7.159306049346924,3.643299102783203
1790266838005566500,6.88956640625,-5.685243606567383,-7.11389684677124,3.638800621032715
1790266838015566600,6.899566650390625,-5.74606990814209,-7.065410137176514,3.637726068496704
1790266838025566500,6.90956640625,-5.808549880981445,-7.0134477615356445,3.639052152633667
1790266838035566600,6.919566650390625,-5.873330116271973,-6.958026885986328,3.6414616107940674
1790266838045566500,6.92956640625,-5.939392566680908,-6.899968147277832,3.644782304763794
1790266838055566600,6.939566650390625,-6.0043044090271,-6.840209484100342,3.651059627532959
1790266838065566500,6.94956640625,-6.065871238708496,-6.7802605628967285,3.661100149154663
1790266838075566600,6.959566650390625,-6.123213291168213,-6.721776008605957,3.673468589782715
1790266838085566500,6.96956640625,-6.1767401695251465,-6.664897918701172,3.687466859817505
1790266838095566600,6.979566650390625,-6.227930068969727,-6.607285499572754,3.7050044536590576
1790266838105566500,6.98956640625,-6.279356002807617,-6.545242786407471,3.7282538414001465
1790266838115566600,6.999566650390625,-6.333256721496582,-6.47646427154541,3.7570810317993164
1790266838125566500,7.00956640625,-6.391915321350098,-6.400996208190918,3.7869575023651123
1790266838135566600,7.019566650390625,-6.458367824554443,-6.318850040435791,3.8120875358581543
1790266838145566500,7.02956640625,-6.536118984222412,-6.228542327880859,3.828158140182495
1790266838155566600,7.039566650390625,-6.626060962677002,-6.129258155822754,3.833784580230713
1790266838165566500,7.04956640625,-6.724567890167236,-6.0228352546691895,3.8309311866760254
1790266838175566600,7.059566650390625,-6.824216365814209,-5.915138244628906,3.82251238822937
1790266838185566500,7.06956640625,-6.919379711151123,-5.810859680175781,3.8113627433776855
1790266838195566600,7.079566650390625,-7.008481979370117,-5.710809707641602,3.799764633178711
1790266838205566500,7.08956640625,-7.095163822174072,-5.611886024475098,3.786261796951294
1790266838215566600,7.099566650390625,-7.183069229125977,-5.510604381561279,3.7692360877990723
1790266838225566500,7.10956640625,-7.273073673248291,-5.405982494354248,3.7480852603912354
1790266838235566600,7.119566650390625,-7.362129211425781,-5.301248550415039,3.7237346172332764
1790266838245566500,7.12956640625,-7.448518753051758,-5.198770523071289,3.696314573287964
1790266838255566600,7.139566650390625,-7.535580158233643,-5.096543788909912,3.662057399749756
1790266838265566500,7.14956640625,-7.62834358215332,-4.990400314331055,3.6158924102783203
1790266838275566600,7.159566650390625,-7.728280067443848,-4.877065181732178,3.557851791381836
1790266838285566500,7.16956640625,-7.833946704864502,-4.754878520965576,3.491533041000366
1790266838295566600,7.179566650390625,-7.941526412963867,-4.624814033508301,3.422520875930786
1790266838305566500,7.18956640625,-8.047255516052246,-4.488903045654297,3.355862617492676
1790266838315566600,7.199566650390625,-8.149758338928223,-4.347909927368164,3.293555498123169
1790266838325566500,7.20956640625,-8.247481346130371,-4.2039794921875,3.236664056777954
1790266838335566600,7.219566650390625,-8.33816909790039,-4.061639785766602,3.185656785964966
1790266838345566500,7.22956640625,-8.420825004577637,-3.9250996112823486,3.13905930519104
1790266838355566600,7.239566650390625,-8.494841575622559,-3.797299385070801,3.0965421199798584
1790266838365566500,7.24956640625,-8.561274528503418,-3.6775636672973633,3.0578579902648926
1790266838375566600,7.259566650390625,-8.623799324035645,-3.559849262237549,3.021250009536743
1790266838385566500,7.26956640625,-8.685301780700684,-3.4373536109924316,2.9867255687713623
1790266838395566600,7.279566650390625,-8.746647834777832,-3.3066160678863525,2.9551339149475098
1790266838405566500,7.28956640625,-8.807053565979004,-3.1695456504821777,2.925778865814209
1790266838415566600,7.299566650390625,-8.865789413452148,-3.029921531677246,2.8961591720581055
1790266838425566500,7.30956640625,-8.921982765197754,-2.8905301094055176,2.8659112453460693
1790266838435566600,7.319566650390625,-8.974180221557617,-2.753138542175293,2.838083028793335
1790266838445566500,7.32956640625,-9.021385192871094,-2.6191937923431396,2.815108299255371
1790266838455566600,7.339566650390625,-9.063972473144531,-2.4893178939819336,2.796086311340332
1790266838465566500,7.34956640625,-9.102657318115234,-2.3647072315216064,2.7785210609436035
1790266838475566600,7.359566650390625,-9.139150619506836,-2.2442643642425537,2.758547067642212
1790266838485566500,7.36956640625,-9.176438331604004,-2.118311882019043,2.734247922897339
1790266838495566600,7.379566650390625,-9.2166166305542,-1.980075716972351,2.7025275230407715
1790266838505566500,7.38956640625,-9.256698608398438,-1.8465443849563599,2.659734010696411
1790266838515566600,7.399566650390625,-9.295289039611816,-1.7318986654281616,2.6016368865966797
1790266838525566500,7.40956640625,-9.329051971435547,-1.627703070640564,2.547502279281616
1790266838535566600,7.419566650390625,-9.352067947387695,-1.5277655124664307,2.524906635284424
1790266838545566500,7.42956640625,-9.363081932067871,-1.4401851892471313,2.5355374813079834
1790266838555566600,7.439566650390625,-9.366560935974121,-1.372448444366455,2.5601396560668945
1790266838565566500,7.44956640625,-9.364144325256348,-1.3209500312805176,2.5958170890808105
1790266838575566600,7.459566650390625,-9.354089736938477,-1.2847604751586914,2.6496741771698
1790266838585566500,7.46956640625,-9.337676048278809,-1.2566176652908325,2.720128059387207
1790266838595566600,7.479566650390625,-9.318572044372559,-1.227125883102417,2.7979907989501953
1790266838605566500,7.48956640625,-9.29869556427002,-1.194666862487793,2.8770482540130615
1790266838615566600,7.499566650390625,-9.279158592224121,-1.159206748008728,2.953616142272949
1790266838625566500,7.50956640625,-9.26010799407959,-1.1348282098770142,3.0220754146575928
1790266838635566600,7.519566650390625,-9.242292404174805,-1.1319400072097778,3.07719349861145
1790266838645566500,7.52956640625,-9.227887153625488,-1.1467519998550415,3.1147148609161377
1790266838655566600,7.539566650390625,-9.222430229187012,-1.1680209636688232,3.1229629516601562
1790266838665566500,7.54956640625,-9.225074768066406,-1.184346318244934,3.108973264694214
1790266838675566600,7.559566650390625,-9.231314659118652,-1.1921459436416626,3.087395429611206
1790266838685566500,7.56956640625,-9.23906421661377,-1.1966339349746704,3.062373399734497
1790266838695566600,7.579566650390625,-9.245097160339355,-1.2049939632415771,3.040813684463501
1790266838705566500,7.58956640625,-9.24750804901123,-1.2215173244476318,3.0268611907958984
1790266838715566600,7.599566650390625,-9.244352340698242,-1.2494463920593262,3.025099277496338
1790266838725566500,7.60956640625,-9.233880996704102,-1.289103627204895,3.0404012203216553
1790266838735566600,7.619566650390625,-9.216497421264648,-1.3402369022369385,3.070883274078369
1790266838745566500,7.62956640625,-9.193938255310059,-1.4009666442871094,3.111137866973877
1790266838755566600,7.639566650390625,-9.166419982910156,-1.4736578464508057,3.1583967208862305
1790266838765566500,7.64956640625,-9.133936882019043,-1.5594418048858643,3.2108774185180664
1790266838775566600,7.659566650390625,-9.099350929260254,-1.6474519968032837,3.2646756172180176
1790266838785566500,7.66956640625,-9.063632011413574,-1.7328823804855347,3.319350004196167
1790266838795566600,7.679566650390625,-9.023876190185547,-1.8207067251205444,3.3800976276397705
1790266838805566500,7.68956640625,-8.97885799407959,-1.9166152477264404,3.4463133811950684
1790266838815566600,7.699566650390625,-8.929702758789062,-2.0235915184020996,3.5122437477111816
1790266838825566500,7.70956640625,-8.878007888793945,-2.1408867835998535,3.5732321739196777
1790266838835566600,7.719566650390625,-8.825013160705566,-2.2637758255004883,3.6283419132232666
1790266838845566500,7.72956640625,-8.77048110961914,-2.385530948638916,3.6821584701538086
1790266838855566600,7.739566650390625,-8.71434211730957,-2.5023984909057617,3.737461566925049
1790266838865566500,7.74956640625,-8.657755851745605,-2.618292808532715,3.7892186641693115
1790266838875566600,7.759566650390625,-8.603102684020996,-2.7339015007019043,3.8318140506744385
1790266838885566500,7.76956640625,-8.55158805847168,-2.8461079597473145,3.865278720855713
1790266838895566600,7.779566650390625,-8.500524520874023,-2.9545791149139404,3.8964009284973145
1790266838905566500,7.78956640625,-8.446090698242188,-3.063554048538208,3.930467128753662
1790266838915566600,7.799566650390625,-8.38791275024414,-3.175325870513916,3.966184139251709
1790266838925566500,7.80956640625,-8.326091766357422,-3.29136323928833,4.001689434051514
1790266838935566600,7.819566650390625,-8.261345863342285,-3.41060209274292,4.035882949829102
1790266838945566500,7.82956640625,-8.194992065429688,-3.532106637954712,4.066537380218506
1790266838955566600,7.839566650390625,-8.12716007232666,-3.6563286781311035,4.092787265777588
1790266838965566500,7.84956640625,-8.056678771972656,-3.7845706939697266,4.115500450134277
1790266838975566600,7.859566650390625,-7.983667850494385,-3.9155585765838623,4.135194301605225
1790266838985566500,7.86956640625,-7.909286022186279,-4.046469211578369,4.152068614959717
1790266838995566600,7.879566650390625,-7.831622123718262,-4.177350044250488,4.169630527496338
1790266839005566500,7.88956640625,-7.749539375305176,-4.308633804321289,4.189356803894043
1790266839015566600,7.899566650390625,-7.663361072540283,-4.439725875854492,4.210951805114746
1790266839025566500,7.90956640625,-7.574239253997803,-4.569973945617676,4.232802867889404
1790266839035566600,7.919566650390625,-7.482745170593262,-4.700009822845459,4.253096103668213
1790266839045566500,7.92956640625,-7.388941764831543,-4.8305253982543945,4.270826816558838
1790266839055566600,7.939566650390625,-7.293362140655518,-4.960329532623291,4.286302089691162
1790266839065566500,7.94956640625,-7.195676803588867,-5.087352752685547,4.302495956420898
1790266839075566600,7.959566650390625,-7.0956830978393555,-5.2104105949401855,4.321259498596191
1790266839085566500,7.96956640625,-6.99578857421875,-5.32922887802124,4.339198112487793
1790266839095566600,7.979566650390625,-6.896730422973633,-5.444932460784912,4.354100227355957
1790266839105566500,7.98956640625,-6.799341678619385,-5.5592570304870605,4.362797737121582
1790266839115566600,7.999566650390625,-6.704877853393555,-5.673267364501953,4.362228870391846
1790266839125566500,8.00956640625,-6.612309455871582,-5.78775691986084,4.353116512298584
1790266839135566600,8.019566650390624,-6.52117919921875,-5.90155553817749,4.337769985198975
1790266839145566500,8.02956640625,-6.432136058807373,-6.012623310089111,4.318145275115967
1790266839155566600,8.039566650390626,-6.346672058105469,-6.118992805480957,4.2951226234436035
1790266839165566500,8.04956640625,-6.267207145690918,-6.218591213226318,4.268679141998291
1790266839175566600,8.059566650390625,-6.193178653717041,-6.312592029571533,4.238643646240234
1790266839185566500,8.06956640625,-6.12136173248291,-6.403622627258301,4.206295490264893
1790266839195566600,8.079566650390625,-6.049709796905518,-6.49257755279541,4.1734700202941895
1790266839205566500,8.08956640625,-5.979102611541748,-6.578503131866455,4.140533924102783
1790266839215566600,8.099566650390624,-5.913458824157715,-6.659520626068115,4.10513973236084
1790266839225566500,8.10956640625,-5.855099201202393,-6.7358012199401855,4.064132213592529
1790266839235566600,8.119566650390626,-5.80267333984375,-6.808386325836182,4.01811408996582
1790266839245566500,8.12956640625,-5.752633094787598,-6.877966403961182,3.97129487991333
1790266839255566600,8.139566650390625,-5.70297908782959,-6.944338798522949,3.9271585941314697
1790266839265566500,8.14956640625,-5.6508283615112305,-7.007015228271484,3.891047716140747
1790266839275566600,8.159566650390625,-5.595013618469238,-7.066169738769531,3.864640235900879
1790266839285566500,8.16956640625,-5.5400495529174805,-7.1212158203125,3.8427250385284424
1790266839295566600,8.179566650390624,-5.4893951416015625,-7.171746730804443,3.821385622024536
1790266839305566500,8.18956640625,-5.444543361663818,-7.218378067016602,3.797678232192993
1790266839315566600,8.199566650390626,-5.406277656555176,-7.260632514953613,3.771704912185669
1790266839325566500,8.20956640625,-5.374197006225586,-7.297862529754639,3.7456088066101074
1790266839335566600,8.219566650390625,-5.345781326293945,-7.330562114715576,3.722348690032959
1790266839345566500,8.22956640625,-5.316301345825195,-7.3612165451049805,3.704026460647583
1790266839355566600,8.239566650390625,-5.286221504211426,-7.391049385070801,3.6876347064971924
1790266839365566500,8.24956640625,-5.258496284484863,-7.419137954711914,3.6708285808563232
1790266839375566600,8.259566650390624,-5.232266902923584,-7.444736957550049,3.6564557552337646
1790266839385566500,8.26956640625,-5.20683479309082,-7.466996192932129,3.6473593711853027
1790266839395566600,8.279566650390626,-5.183578968048096,-7.485132217407227,3.6433067321777344
1790266839405566500,8.28956640625,-5.162670135498047,-7.4998779296875,3.642672538757324
1790266839415566600,8.299566650390625,-5.143631458282471,-7.5127668380737305,3.643045425415039
1790266839425566500,8.30956640625,-5.1268744468688965,-7.525145530700684,3.6411166191101074
1790266839435566600,8.319566650390625,-5.1086626052856445,-7.538816928863525,3.6384317874908447
1790266839445566500,8.32956640625,-5.0871453285217285,-7.553060054779053,3.6390421390533447
1790266839455566600,8.339566650390625,-5.067283630371094,-7.56474494934082,3.642479658126831
1790266839465566500,8.34956640625,-5.056152820587158,-7.570875644683838,3.6452105045318604
1790266839475566600,8.359566650390626,-5.055706977844238,-7.570645332336426,3.6463043689727783
1790266839485566500,8.36956640625,-5.064229488372803,-7.56411600112915,3.6480298042297363
1790266839495566600,8.379566650390625,-5.081077575683594,-7.5506792068481445,3.6524345874786377
1790266839505566500,8.38956640625,-5.106046676635742,-7.5307698249816895,3.6587135791778564
1790266839515566600,8.399566650390625,-5.1381683349609375,-7.505996227264404,3.664644479751587
1790266839525566500,8.40956640625,-5.175992012023926,-7.4766011238098145,3.6715030670166016
1790266839535566600,8.419566650390625,-5.216302394866943,-7.443030834197998,3.6826436519622803
1790266839545566500,8.42956640625,-5.2560319900512695,-7.407708644866943,3.697345733642578
1790266839555566600,8.439566650390624,-5.292450904846191,-7.374490261077881,3.7117726802825928
1790266839565566500,8.44956640625,-5.3242716789245605,-7.345383167266846,3.7239575386047363
1790266839575566600,8.459566650390625,-5.34931755065918,-7.320158004760742,3.7377121448516846
1790266839585566500,8.46956640625,-5.3682122230529785,-7.296480655670166,3.7568697929382324
1790266839595566600,8.479566650390625,-5.384025573730469,-7.272417068481445,3.780820369720459
1790266839605566500,8.48956640625,-5.398388385772705,-7.2479634284973145,3.8072056770324707
1790266839615566600,8.499566650390625,-5.413435935974121,-7.222843647003174,3.833488702774048
1790266839625566500,8.50956640625,-5.431711196899414,-7.195711135864258,3.858579397201538
1790266839635566600,8.519566650390624,-5.455353736877441,-7.1653242111206055,3.8817038536071777
1790266839645566500,8.52956640625,-5.486331462860107,-7.13088321685791,3.9014179706573486
1790266839655566600,8.539566650390626,-5.524436950683594,-7.092325210571289,3.917896032333374
1790266839665566500,8.54956640625,-5.566359996795654,-7.050483703613281,3.93404483795166
1790266839675566600,8.559566650390625,-5.607349872589111,-7.0065083503723145,3.954345226287842
1790266839685566500,8.56956640625,-5.64522123336792,-6.960919380187988,3.9808874130249023
1790266839695566600,8.579566650390625,-5.683617115020752,-6.912200927734375,4.011031150817871
1790266839705566500,8.58956640625,-5.726778030395508,-6.859290599822998,4.040363311767578
1790266839715566600,8.599566650390624,-5.773868560791016,-6.803679943084717,4.067281723022461
1790266839725566500,8.60956640625,-5.820652008056641,-6.749131202697754,4.0914082527160645
1790266839735566600,8.619566650390626,-5.8656439781188965,-6.697735786437988,4.111562252044678
1790266839745566500,8.62956640625,-5.908477306365967,-6.649384498596191,4.128676891326904
1790266839755566600,8.639566650390625,-5.950502872467041,-6.6018781661987305,4.144527912139893
1790266839765566500,8.64956640625,-5.9931111335754395,-6.552682399749756,4.161172389984131
1790266839775566600,8.659566650390625,-6.037984371185303,-6.499081611633301,4.180318832397461
1790266839785566500,8.66956640625,-6.089107990264893,-6.4376220703125,4.201210021972656
1790266839795566600,8.679566650390624,-6.1478753089904785,-6.367624282836914,4.2222490310668945
1790266839805566500,8.68956640625,-6.212591648101807,-6.2912116050720215,4.242021083831787
1790266839815566600,8.699566650390626,-6.280426025390625,-6.212942123413086,4.257463455200195
1790266839825566500,8.70956640625,-6.349898815155029,-6.137391567230225,4.263988971710205
1790266839835566600,8.719566650390625,-6.418537139892578,-6.068498134613037,4.259824275970459
1790266839845566500,8.72956640625,-6.483132362365723,-6.009165287017822,4.246096134185791
1790266839855566600,8.739566650390625,-6.542036056518555,-5.9595513343811035,4.225623607635498
1790266839865566500,8.74956640625,-6.597532272338867,-5.915278434753418,4.201478958129883
1790266839875566600,8.759566650390624,-6.654620170593262,-5.870892524719238,4.17361307144165
1790266839885566500,8.76956640625,-6.7156081199646,-5.823174953460693,4.142659664154053
1790266839895566600,8.779566650390626,-6.778730869293213,-5.771967887878418,4.111396789550781
1790266839905566500,8.78956640625,-6.844520568847656,-5.716869831085205,4.079255104064941
1790266839915566600,8.799566650390625,-6.913605690002441,-5.656887054443359,4.046241283416748
1790266839925566500,8.80956640625,-6.983870506286621,-5.592277526855469,4.015268325805664
1790266839935566600,8.819566650390625,-7.052859783172607,-5.523821830749512,3.98935604095459
1790266839945566500,8.82956640625,-7.120460510253906,-5.452369689941406,3.9675042629241943
1790266839955566600,8.839566650390625,-7.188190937042236,-5.378076076507568,3.9467203617095947
1790266839965566500,8.84956640625,-7.257920742034912,-5.299660682678223,3.9251203536987305
1790266839975566600,8.859566650390626,-7.331499099731445,-5.214919090270996,3.901810646057129
1790266839985566500,8.86956640625,-7.411035060882568,-5.120788097381592,3.876141309738159
1790266839995566600,8.879566650390625,-7.495981216430664,-5.015760898590088,3.850039005279541
1790266840005566500,8.88956640625,-7.581698894500732,-4.902459144592285,3.8280696868896484
1790266840015566600,8.899566650390625,-7.6636834144592285,-4.786067008972168,3.8120741844177246
1790266840025566500,8.90956640625,-7.739743232727051,-4.672515869140625,3.7992584705352783
1790266840035566600,8.919566650390625,-7.811888694763184,-4.562471389770508,3.785317897796631
1790266840045566500,8.92956640625,-7.8844733238220215,-4.4522247314453125,3.766054630279541
1790266840055566600,8.939566650390624,-7.960204124450684,-4.338423252105713,3.7394673824310303
1790266840065566500,8.94956640625,-8.037935256958008,-4.220217704772949,3.70833683013916
1790266840075566600,8.959566650390625,-8.114847183227539,-4.1008219718933105,3.6746299266815186
1790266840085566500,8.96956640625,-8.188948631286621,-3.985337972640991,3.6371145248413086
1790266840095566600,8.979566650390625,-8.261571884155273,-3.8749377727508545,3.5918900966644287
1790266840105566500,8.98956640625,-8.335911750793457,-3.766751766204834,3.5347611904144287
1790266840115566600,8.999566650390625,-8.412271499633789,-3.656250476837158,3.4692788124084473
1790266840125566500,9.00956640625,-8.488484382629395,-3.5394790172576904,3.404132127761841
1790266840135566600,9.019566650390624,-8.563311576843262,-3.4146313667297363,3.3437087535858154
1790266840145566500,9.02956640625,-8.636395454406738,-3.2825868129730225,3.287503719329834
1790266840155566600,9.039566650390626,-8.707457542419434,-3.1452462673187256,3.233882188796997
1790266840165566500,9.04956640625,-8.776656150817871,-3.0042312145233154,3.1804544925689697
1790266840175566600,9.059566650390625,-8.842024803161621,-2.8640546798706055,3.1282849311828613
1790266840185566500,9.06956640625,-8.901666641235352,-2.727602005004883,3.080731153488159
1790266840195566600,9.079566650390625,-8.955789566040039,-2.592999219894409,3.0398335456848145
1790266840205566500,9.08956640625,-9.004024505615234,-2.4613842964172363,3.0065793991088867
1790266840215566600,9.099566650390624,-9.048407554626465,-2.3355984687805176,2.9734981060028076
1790266840225566500,9.10956640625,-9.090704917907715,-2.2169699668884277,2.9350485801696777
1790266840235566600,9.119566650390626,-9.131613731384277,-2.1025686264038086,2.891923189163208
1790266840245566500,9.12956640625,-9.169548034667969,-1.9880001544952393,2.8526554107666016
1790266840255566600,9.139566650390625,-9.202641487121582,-1.8722230195999146,2.824279308319092
1790266840265566500,9.14956640625,-9.22974681854248,-1.7586297988891602,2.808802843093872
1790266840275566600,9.159566650390625,-9.251004219055176,-1.6514832973480225,2.8039090633392334
1790266840285566500,9.16956640625,-9.26830005645752,-1.5535637140274048,2.802755355834961
1790266840295566600,9.179566650390624,-9.281192779541016,-1.467447280883789,2.8065030574798584
1790266840305566500,9.18956640625,-9.289916038513184,-1.3904777765274048,2.8168091773986816
1790266840315566600,9.199566650390626,-9.296028137207031,-1.3202744722366333,2.8303921222686768
1790266840325566500,9.20956640625,-9.301671028137207,-1.255743384361267,2.841198682785034
1790266840335566600,9.219566650390625,-9.306929588317871,-1.1967189311981201,2.849439859390259
1790266840345566500,9.22956640625,-9.311860084533691,-1.144505500793457,2.8547780513763428
1790266840355566600,9.239566650390625,-9.317190170288086,-1.0976473093032837,2.855787515640259
1790266840365566500,9.24956640625,-9.321924209594727,-1.056347131729126,2.8559162616729736
1790266840375566600,9.259566650390624,-9.322900772094727,-1.023339033126831,2.864732027053833
1790266840385566500,9.26956640625,-9.318503379821777,-0.9996642470359802,2.8873074054718018
1790266840395566600,9.279566650390626,-9.311431884765625,-0.9836227297782898,2.9154934883117676
1790266840405566500,9.28956640625,-9.30368709564209,-0.9770870804786682,2.9422929286956787
1790266840415566600,9.299566650390625,-9.294193267822266,-0.9810464978218079,2.9708411693573
1790266840425566500,9.30956640625,-9.282402992248535,-0.993430495262146,3.0034122467041016
1790266840435566600,9.319566650390625,-9.268814086914062,-1.0154297351837158,3.0378239154815674
1790266840445566500,9.32956640625,-9.255859375,-1.0436104536056519,3.0676283836364746
1790266840455566600,9.339566650390625,-9.245174407958984,-1.075808048248291,3.088654041290283
1790266840465566500,9.34956640625,-9.23564624786377,-1.11558198928833,3.1030139923095703
1790266840475566600,9.359566650390626,-9.225167274475098,-1.1650352478027344,3.1159842014312744
1790266840485566500,9.36956640625,-9.21323013305664,-1.2214932441711426,3.1296541690826416
1790266840495566600,9.379566650390625,-9.199091911315918,-1.2840396165847778,3.1461613178253174
1790266840505566500,9.38956640625,-9.181550025939941,-1.3535475730895996,3.1681909561157227
1790266840515566600,9.399566650390625,-9.160242080688477,-1.4301776885986328,3.196082830429077
1790266840525566500,9.40956640625,-9.135021209716797,-1.5120835304260254,3.2303833961486816
1790266840535566600,9.419566650390625,-9.105067253112793,-1.5984859466552734,3.2730681896209717
1790266840545566500,9.42956640625,-9.070855140686035,-1.6876137256622314,3.322939395904541
1790266840555566600,9.439566650390624,-9.032415390014648,-1.7808668613433838,3.378516912460327
1790266840565566500,9.44956640625,-8.990849494934082,-1.8813798427581787,3.434448719024658
1790266840575566600,9.459566650390625,-8.94713306427002,-1.9908674955368042,3.4864954948425293
1790266840585566500,9.46956640625,-8.901226043701172,-2.107135057449341,3.5353269577026367
1790266840595566600,9.479566650390625,-8.85236644744873,-2.2246243953704834,3.585670232772827
1790266840605566500,9.48956640625,-8.79750919342041,-2.3429012298583984,3.6448652744293213
1790266840615566600,9.499566650390625,-8.738065719604492,-2.4648630619049072,3.7068912982940674
1790266840625566500,9.50956640625,-8.676838874816895,-2.5907599925994873,3.764413833618164
1790266840635566600,9.519566650390624,-8.612730979919434,-2.7197015285491943,3.8202714920043945
1790266840645566500,9.52956640625,-8.543712615966797,-2.8515326976776123,3.8786780834198
1790266840655566600,9.539566650390626,-8.469788551330566,-2.985189914703369,3.939761161804199
1790266840665566500,9.54956640625,-8.39107608795166,-3.121018171310425,4.002435207366943
1790266840675566600,9.559566650390625,-8.306863784790039,-3.2620015144348145,4.065187454223633
1790266840685566500,9.56956640625,-8.219317436218262,-3.409888982772827,4.1213908195495605
1790266840695566600,9.579566650390625,-8.131889343261719,-3.5624682903289795,4.165523052215576
1790266840705566500,9.58956640625,-8.044281959533691,-3.7163655757904053,4.201015472412109
1790266840715566600,9.599566650390624,-7.9520769119262695,-3.871504068374634,4.2363104820251465
1790266840725566500,9.60956640625,-7.856337070465088,-4.027126789093018,4.269731521606445
1790266840735566600,9.619566650390626,-7.76004695892334,-4.180156707763672,4.298644065856934
1790266840745566500,9.62956640625,-7.664996147155762,-4.327451705932617,4.323352813720703
1790266840755566600,9.639566650390625,-7.568070411682129,-4.471583843231201,4.3473711013793945
1790266840765566500,9.64956640625,-7.464584827423096,-4.617702960968018,4.3734636306762695
1790266840775566600,9.659566650390625,-7.356699466705322,-4.765866279602051,4.397257328033447
1790266840785566500,9.66956640625,-7.247824668884277,-4.913289546966553,4.415770530700684
1790266840795566600,9.679566650390624,-7.138893127441406,-5.058182716369629,4.42960262298584
1790266840805566500,9.68956640625,-7.027400016784668,-5.2020697593688965,4.441227436065674
1790266840815566600,9.699566650390626,-6.913737773895264,-5.345175266265869,4.4496870040893555
1790266840825566500,9.70956640625,-6.799858093261719,-5.485883712768555,4.453918933868408
1790266840835566600,9.719566650390625,-6.686450481414795,-5.622439861297607,4.45532751083374
1790266840845566500,9.72956640625,-6.572078227996826,-5.7551069259643555,4.456110000610352
1790266840855566600,9.739566650390625,-6.453724384307861,-5.885713577270508,4.458497047424316
1790266840865566500,9.74956640625,-6.331414699554443,-6.01366662979126,4.463113307952881
1790266840875566600,9.759566650390624,-6.208184719085693,-6.138011455535889,4.466951370239258
1790266840885566500,9.76956640625,-6.08881950378418,-6.256556510925293,4.466783046722412
1790266840895566600,9.779566650390626,-5.976269245147705,-6.368716716766357,4.460273265838623
1790266840905566500,9.78956640625,-5.8700761795043945,-6.475533485412598,4.447477340698242
1790266840915566600,9.799566650390625,-5.7691216468811035,-6.577392578125,4.430069923400879
1790266840925566500,9.80956640625,-5.673128604888916,-6.674224376678467,4.409162998199463
1790266840935566600,9.819566650390625,-5.5829949378967285,-6.765761852264404,4.3846354484558105
1790266840945566500,9.82956640625,-5.496630668640137,-6.853935718536377,4.35671854019165
1790266840955566600,9.839566650390625,-5.414211273193359,-6.939639091491699,4.324131965637207
1790266840965566500,9.84956640625,-5.339239120483398,-7.021491050720215,4.285041809082031
1790266840975566600,9.859566650390626,-5.270927429199219,-7.099663257598877,4.240577220916748
1790266840985566500,9.86956640625,-5.206782817840576,-7.174811363220215,4.193075180053711
1790266840995566600,9.879566650390625,-5.145852565765381,-7.246372699737549,4.144956588745117
1790266841005566500,9.88956640625,-5.090699195861816,-7.312371253967285,4.096876621246338
1790266841015566600,9.899566650390625,-5.04328727722168,-7.371654033660889,4.048995018005371
1790266841025566500,9.90956640625,-5.000777721405029,-7.425440788269043,4.003177165985107
1790266841035566600,9.919566650390625,-4.959388732910156,-7.476402759552002,3.959578275680542
1790266841045566500,9.92956640625,-4.918320655822754,-7.525891304016113,3.916818618774414
1790266841055566600,9.939566650390624,-4.882393836975098,-7.572625637054443,3.871428966522217
1790266841065566500,9.94956640625,-4.854406356811523,-7.61620569229126,3.8208014965057373
1790266841075566600,9.959566650390625,-4.832150936126709,-7.657447814941406,3.766191244125366
1790266841085566500,9.96956640625,-4.813533306121826,-7.696269989013672,3.7104876041412354
1790266841095566600,9.979566650390625,-4.797305107116699,-7.731247901916504,3.6584208011627197
1790266841105566500,9.98956640625,-4.78366231918335,-7.760444641113281,3.6142044067382812
1790266841115566600,9.999566650390625,-4.771768093109131,-7.7838029861450195,3.5795300006866455
1790266841125566500,10.00956640625,-4.759957790374756,-7.8022074699401855,3.555101156234741
1790266841135566600,10.019566650390624,-4.744666576385498,-7.818358421325684,3.540025472640991
1790266841145566500,10.02956640625,-4.7239885330200195,-7.834659576416016,3.5316309928894043
1790266841155566600,10.039566650390626,-4.700563907623291,-7.851685523986816,3.5250699520111084
1790266841165566500,10.04956640625,-4.679482936859131,-7.868691444396973,3.515184164047241
1790266841175566600,10.059566650390625,-4.663539409637451,-7.884442329406738,3.501049757003784
1790266841185566500,10.06956640625,-4.653820514678955,-7.897143363952637,3.4853241443634033
1790266841195566600,10.079566650390625,-4.648687362670898,-7.906052589416504,3.4719481468200684
1790266841205566500,10.08956640625,-4.647639751434326,-7.910508155822754,3.463188409805298
1790266841215566600,10.099566650390624,-4.652748107910156,-7.9098052978515625,3.4579319953918457
1790266841225566500,10.10956640625,-4.668118000030518,-7.903061389923096,3.4526331424713135
1790266841235566600,10.119566650390626,-4.69435977935791,-7.890611171722412,3.445521116256714
1790266841245566500,10.12956640625,-4.729142665863037,-7.873210430145264,3.437755823135376
1790266841255566600,10.139566650390625,-4.768732070922852,-7.85197639465332,3.4316229820251465
1790266841265566500,10.14956640625,-4.810345649719238,-7.827834129333496,3.4286997318267822
1790266841275566600,10.159566650390625,-4.853355884552002,-7.801437854766846,3.428248882293701
1790266841285566500,10.16956640625,-4.897496223449707,-7.77375602722168,3.4283552169799805
1790266841295566600,10.179566650390624,-4.942716121673584,-7.7455363273620605,3.427333354949951
1790266841305566500,10.18956640625,-4.987593650817871,-7.717761993408203,3.424975872039795
1790266841315566600,10.199566650390626,-5.030636310577393,-7.690671920776367,3.4229583740234375
1790266841325566500,10.20956640625,-5.0716400146484375,-7.66358757019043,3.423199415206909
1790266841335566600,10.219566650390625,-5.1085896492004395,-7.636467933654785,3.4288580417633057
1790266841345566500,10.22956640625,-5.138741493225098,-7.6101155281066895,3.442361831665039
1790266841355566600,10.239566650390625,-5.161046504974365,-7.584813117980957,3.464766502380371
1790266841365566500,10.24956640625,-5.177498817443848,-7.559315204620361,3.495805025100708
1790266841375566600,10.259566650390624,-5.191898345947266,-7.531835079193115,3.5335581302642822
1790266841385566500,10.26956640625,-5.2071638107299805,-7.501204967498779,3.575998306274414
1790266841395566600,10.279566650390626,-5.2247419357299805,-7.467706203460693,3.620196580886841
1790266841405566500,10.28956640625,-5.246327877044678,-7.431995868682861,3.662222385406494
1790266841415566600,10.299566650390625,-5.274284362792969,-7.393873691558838,3.6990463733673096
1790266841425566500,10.30956640625,-5.310739994049072,-7.352113723754883,3.729992151260376
1790266841435566600,10.319566650390625,-5.3545756340026855,-7.306480884552002,3.756892204284668
1790266841445566500,10.32956640625,-5.402931213378906,-7.256900787353516,3.783662796020508
1790266841455566600,10.339566650390625,-5.45267391204834,-7.2031097412109375,3.8149638175964355
1790266841465566500,10.34956640625,-5.500124454498291,-7.1457839012146,3.8544490337371826
1790266841475566600,10.359566650390626,-5.543542385101318,-7.086996555328369,3.9005143642425537
1790266841485566500,10.36956640625,-5.583999156951904,-7.029282093048096,3.946964740753174
1790266841495566600,10.379566650390625,-5.62500524520874,-6.973343372344971,3.9877541065216064
1790266841505566500,10.38956640625,-5.669178485870361,-6.9174418449401855,4.0224127769470215
1790266841515566600,10.399566650390625,-5.717928409576416,-6.859273433685303,4.052906513214111
1790266841525566500,10.40956640625,-5.771528720855713,-6.7979044914245605,4.080237865447998
1790266841535566600,10.419566650390625,-5.828400135040283,-6.735217571258545,4.103290557861328
1790266841545566500,10.42956640625,-5.887189865112305,-6.673553466796875,4.12007999420166
1790266841555566600,10.439566650390624,-5.948240756988525,-6.613571643829346,4.12910270690918
1790266841565566500,10.44956640625,-6.013647079467773,-6.552750587463379,4.131330966949463
1790266841575566600,10.459566650390625,-6.086605072021484,-6.486914157867432,4.1283860206604
1790266841585566500,10.46956640625,-6.17109489440918,-6.411551475524902,4.120676517486572
1790266841595566600,10.479566650390625,-6.26793098449707,-6.324532508850098,4.10897970199585
1790266841605566500,10.48956640625,-6.371542930603027,-6.228839874267578,4.095775604248047
1790266841615566600,10.499566650390625,-6.473205089569092,-6.1311235427856445,4.083786964416504
1790266841625566500,10.50956640625,-6.568315505981445,-6.034606456756592,4.075676441192627
1790266841635566600,10.519566650390624,-6.655664443969727,-5.939238548278809,4.074061393737793
1790266841645566500,10.52956640625,-6.736454010009766,-5.844428062438965,4.078387260437012
1790266841655566600,10.539566650390626,-6.813610553741455,-5.7493109703063965,4.0854034423828125
1790266841665566500,10.54956640625,-6.890189170837402,-5.653163909912109,4.091137409210205
1790266841675566600,10.559566650390625,-6.969215393066406,-5.554145812988281,4.092907428741455
1790266841685566500,10.56956640625,-7.051541328430176,-5.45116662979126,4.090347766876221
1790266841695566600,10.579566650390625,-7.136479377746582,-5.345757007598877,4.082149028778076
1790266841705566500,10.58956640625,-7.221920967102051,-5.239835262298584,4.069199085235596
1790266841715566600,10.599566650390624,-7.308507919311523,-5.131443023681641,4.052701473236084
1790266841725566500,10.60956640625,-7.3974480628967285,-5.017321586608887,4.034182548522949
1790266841735566600,10.619566650390626,-7.488297462463379,-4.89702844619751,4.014336109161377
1790266841745566500,10.62956640625,-7.580049514770508,-4.7728071212768555,3.9916839599609375
1790266841755566600,10.639566650390625,-7.672170162200928,-4.648383617401123,3.962414026260376
1790266841765566500,10.64956640625,-7.763498783111572,-4.527772426605225,3.9239988327026367
1790266841775566600,10.659566650390625,-7.852174282073975,-4.413601875305176,3.877352714538574
1790266841785566500,10.66956640625,-7.935996055603027,-4.305225372314453,3.8282358646392822
1790266841795566600,10.679566650390624,-8.01611042022705,-4.198374271392822,3.7796835899353027
1790266841805566500,10.68956640625,-8.096823692321777,-4.086029529571533,3.730440616607666
1790266841815566600,10.699566650390626,-8.18110179901123,-3.9629366397857666,3.679006814956665
1790266841825566500,10.70956640625,-8.26773452758789,-3.8297908306121826,3.625969409942627
1790266841835566600,10.719566650390625,-8.352453231811523,-3.6922852993011475,3.5740654468536377
1790266841845566500,10.72956640625,-8.431992530822754,-3.554926872253418,3.5262413024902344
1790266841855566600,10.739566650390625,-8.505880355834961,-3.419313669204712,3.482625722885132
1790266841865566500,10.74956640625,-8.575881004333496,-3.285283327102661,3.439706325531006
1790266841875566600,10.759566650390624,-8.6448335647583,-3.1505038738250732,3.392869710922241
1790266841885566500,10.76956640625,-8.7151517868042,-3.011927843093872,3.338383436203003
1790266841895566600,10.779566650390626,-8.785537719726562,-2.86892032623291,3.2793309688568115
1790266841905566500,10.78956640625,-8.852232933044434,-2.7236762046813965,3.2233431339263916
1790266841915566600,10.799566650390625,-8.912989616394043,-2.579096794128418,3.174468517303467
1790266841925566500,10.80956640625,-8.968744277954102,-2.4377012252807617,3.1288375854492188
1790266841935566600,10.819566650390625,-9.020395278930664,-2.301564931869507,3.0831265449523926
1790266841945566500,10.82956640625,-9.066825866699219,-2.167956590652466,3.0435197353363037
1790266841955566600,10.839566650390625,-9.107075691223145,-2.0349619388580322,3.0150458812713623
1790266841965566500,10.84956640625,-9.141508102416992,-1.9044746160507202,2.9960286617279053
1790266841975566600,10.859566650390626,-9.16956615447998,-1.7773696184158325,2.9883790016174316
1790266841985566500,10.86956640625,-9.192474365234375,-1.656671404838562,2.9873461723327637
1790266841995566600,10.879566650390625,-9.211520195007324,-1.5480632781982422,2.9869344234466553
1790266842005566500,10.88956640625,-9.227006912231445,-1.4525518417358398,2.9871103763580322
1790266842015566600,10.899566650390625,-9.240792274475098,-1.366370677947998,2.9851603507995605
1790266842025566500,10.90956640625,-9.253374099731445,-1.2869184017181396,2.981491804122925
1790266842035566600,10.919566650390625,-9.263526916503906,-1.2117838859558105,2.9814493656158447
1790266842045566500,10.92956640625,-9.270201683044434,-1.1403523683547974,2.9888696670532227
1790266842055566600,10.939566650390624,-9.27326774597168,-1.0747357606887817,3.0036346912384033
1790266842065566500,10.94956640625,-9.273037910461426,-1.016316533088684,3.0246076583862305
1790266842075566600,10.959566650390625,-9.270742416381836,-0.9669979214668274,3.0477261543273926
1790266842085566500,10.96956640625,-9.26667308807373,-0.9259176254272461,3.0727555751800537
1790266842095566600,10.979566650390625,-9.260621070861816,-0.895855724811554,3.0997931957244873
1790266842105566500,10.98956640625,-9.252541542053223,-0.8786337375640869,3.128718137741089
1790266842115566600,10.999566650390625,-9.242242813110352,-0.8692915439605713,3.161590576171875
1790266842125566500,11.00956640625,-9.232596397399902,-0.8625292778015137,3.1914868354797363
1790266842135566600,11.019566650390624,-9.224146842956543,-0.865609347820282,3.214998245239258
1790266842145566500,11.02956640625,-9.215202331542969,-0.8806161880493164,3.2365033626556396
1790266842155566600,11.039566650390626,-9.203849792480469,-0.9061890244483948,3.261651039123535
1790266842165566500,11.04956640625,-9.190813064575195,-0.9441884160041809,3.2875306606292725
1790266842175566600,11.059566650390625,-9.178255081176758,-0.9952176809310913,3.3074989318847656
1790266842185566500,11.06956640625,-9.164111137390137,-1.057532787322998,3.3273215293884277
1790266842195566600,11.079566650390625,-9.146126747131348,-1.1267695426940918,3.353973150253296
1790266842205566500,11.08956640625,-9.123716354370117,-1.2020577192306519,3.388695001602173
1790266842215566600,11.099566650390624,-9.10171127319336,-1.2831178903579712,3.418018341064453
1790266842225566500,11.10956640625,-9.08158016204834,-1.368187665939331,3.4385106563568115
1790266842235566600,11.119566650390626,-9.060737609863281,-1.4550776481628418,3.4577698707580566
1790266842245566500,11.12956640625,-9.036826133728027,-1.5455982685089111,3.4809908866882324
1790266842255566600,11.139566650390625,-9.00892162322998,-1.644024133682251,3.5081207752227783
1790266842265566500,11.14956640625,-8.977104187011719,-1.7505182027816772,3.538031578063965
1790266842275566600,11.159566650390625,-8.939922332763672,-1.861922025680542,3.575110912322998
1790266842285566500,11.16956640625,-8.894547462463379,-1.979594111442566,3.6247236728668213
1790266842295566600,11.179566650390624,-8.84256649017334,-2.1032567024230957,3.681809425354004
1790266842305566500,11.18956640625,-8.786025047302246,-2.229546546936035,3.7423624992370605
1790266842315566600,11.199566650390626,-8.726123809814453,-2.3577303886413574,3.803454875946045
1790266842325566500,11.20956640625,-8.663907051086426,-2.488474130630493,3.8619425296783447
1790266842335566600,11.219566650390625,-8.598814964294434,-2.6225430965423584,3.9182965755462646
1790266842345566500,11.22956640625,-8.530755043029785,-2.759357213973999,3.9727261066436768
1790266842355566600,11.239566650390625,-8.460169792175293,-2.8966078758239746,4.025613784790039
1790266842365566500,11.24956640625,-8.385379791259766,-3.0336978435516357,4.080742835998535
1790266842375566600,11.259566650390624,-8.305646896362305,-3.1728720664978027,4.137571811676025
1790266842385566500,11.26956640625,-8.222049713134766,-3.3148794174194336,4.192834377288818
1790266842395566600,11.279566650390626,-8.1340913772583,-3.460797071456909,4.246153354644775
1790266842405566500,11.28956640625,-8.040553092956543,-3.612243175506592,4.297857761383057
1790266842415566600,11.299566650390625,-7.942586421966553,-3.767308473587036,4.346620082855225
1790266842425566500,11.30956640625,-7.840410232543945,-3.922722339630127,4.394383430480957
1790266842435566600,11.319566650390625,-7.734529495239258,-4.07499885559082,4.443178176879883
1790266842445566500,11.32956640625,-7.626244068145752,-4.221608638763428,4.4931960105896
1790266842455566600,11.339566650390625,-7.516787528991699,-4.362029075622559,4.5432353019714355
1790266842465566500,11.34956640625,-7.406055927276611,-4.498568534851074,4.5916900634765625
1790266842475566600,11.359566650390626,-7.296019554138184,-4.633181571960449,4.633800029754639
1790266842485566500,11.36956640625,-7.1890716552734375,-4.76772928237915,4.664376258850098
1790266842495566600,11.379566650390625,-7.086805820465088,-4.9009881019592285,4.682722568511963
1790266842505566500,11.38956640625,-6.987699031829834,-5.033534526824951,4.69105339050293
1790266842515566600,11.399566650390625,-6.886534690856934,-5.168692111968994,4.6936821937561035
1790266842525566500,11.40956640625,-6.783092498779297,-5.306350231170654,4.690702438354492
1790266842535566600,11.419566650390625,-6.679033279418945,-5.445509910583496,4.680527210235596
1790266842545566500,11.42956640625,-6.574489593505859,-5.584997653961182,4.66414737701416
1790266842555566600,11.439566650390624,-6.466423034667969,-5.7246599197387695,4.64586067199707
1790266842565566500,11.44956640625,-6.352393627166748,-5.863731861114502,4.629700660705566
1790266842575566600,11.459566650390625,-6.236457347869873,-5.998835563659668,4.614212989807129
1790266842585566500,11.46956640625,-6.122134685516357,-6.128037929534912,4.597498893737793
1790266842595566600,11.479566650390625,-6.012341022491455,-6.250952243804932,4.576869964599609
1790266842605566500,11.48956640625,-5.9077982902526855,-6.368293285369873,4.551170349121094
1790266842615566600,11.499566650390625,-5.80730676651001,-6.480847358703613,4.52152681350708
1790266842625566500,11.50956640625,-5.714972972869873,-6.58633279800415,4.486611366271973
1790266842635566600,11.519566650390624,-5.633992671966553,-6.683884143829346,4.444570541381836
1790266842645566500,11.52956640625,-5.560763835906982,-6.776760101318359,4.395884990692139
1790266842655566600,11.539566650390626,-5.494075775146484,-6.866624355316162,4.339930534362793
1790266842665566500,11.54956640625,-5.435769557952881,-6.952433109283447,4.276268005371094
1790266842675566600,11.559566650390625,-5.383410930633545,-7.033369541168213,4.209629535675049
1790266842685566500,11.56956640625,-5.331733703613281,-7.10929536819458,4.14739990234375
1790266842695566600,11.579566650390625,-5.277572154998779,-7.180738925933838,4.093238830566406
1790266842705566500,11.58956640625,-5.221286296844482,-7.248510360717773,4.045694351196289
1790266842715566600,11.599566650390624,-5.1659159660339355,-7.313002586364746,4.000461578369141
1790266842725566500,11.60956640625,-5.11395788192749,-7.374045372009277,3.9549052715301514
1790266842735566600,11.619566650390626,-5.06601619720459,-7.431532859802246,3.9087307453155518
1790266842745566500,11.62956640625,-5.022700786590576,-7.485344409942627,3.8616678714752197
1790266842755566600,11.639566650390625,-4.983787536621094,-7.535241603851318,3.81475830078125
1790266842765566500,11.64956640625,-4.947210788726807,-7.581148147583008,3.7711639404296875
1790266842775566600,11.659566650390625,-4.911032199859619,-7.622442722320557,3.735039710998535
1790266842785566500,11.66956640625,-4.875874042510986,-7.657759189605713,3.7087693214416504
1790266842795566600,11.679566650390624,-4.843109607696533,-7.6868896484375,3.6913950443267822
1790266842805566500,11.68956640625,-4.813465595245361,-7.710914134979248,3.680044412612915
1790266842815566600,11.699566650390626,-4.788413047790527,-7.73015022277832,3.672365665435791
1790266842825566500,11.70956640625,-4.767922878265381,-7.745044231414795,3.6676409244537354
1790266842835566600,11.719566650390625,-4.750704765319824,-7.756815433502197,3.6651082038879395
1790266842845566500,11.72956640625,-4.735060691833496,-7.767463207244873,3.6628010272979736
1790266842855566600,11.739566650390625,-4.721977710723877,-7.7778000831604,3.6577510833740234
1790266842865566500,11.74956640625,-4.710203170776367,-7.788986682891846,3.6491177082061768
1790266842875566600,11.759566650390624,-4.696769714355469,-7.802095890045166,3.6384105682373047
1790266842885566500,11.76956640625,-4.681333065032959,-7.816615104675293,3.627126932144165
1790266842895566600,11.779566650390626,-4.668578624725342,-7.829658031463623,3.6154143810272217
1790266842905566500,11.78956640625,-4.663261413574219,-7.837904453277588,3.6043903827667236
1790266842915566600,11.799566650390625,-4.667802333831787,-7.839698314666748,3.594599723815918
1790266842925566500,11.80956640625,-4.683298110961914,-7.834259986877441,3.5862910747528076
1790266842935566600,11.819566650390625,-4.710999488830566,-7.821169376373291,3.57857346534729
1790266842945566500,11.82956640625,-4.750134468078613,-7.8007330894470215,3.571439266204834
1790266842955566600,11.839566650390625,-4.796381950378418,-7.774369239807129,3.567112922668457
1790266842965566500,11.84956640625,-4.845010280609131,-7.743587970733643,3.568347692489624
1790266842975566600,11.859566650390626,-4.893287658691406,-7.710197448730469,3.574770450592041
1790266842985566500,11.86956640625,-4.938683032989502,-7.676204681396484,3.585482358932495
1790266842995566600,11.879566650390625,-4.977058410644531,-7.644207954406738,3.6007442474365234
1790266843005566500,11.88956640625,-5.00525426864624,-7.615528583526611,3.622368812561035
1790266843015566600,11.899566650390625,-5.021653652191162,-7.590141296386719,3.652827739715576
1790266843025566500,11.90956640625,-5.025343418121338,-7.567613124847412,3.69425892829895
1790266843035566600,11.919566650390625,-5.017807483673096,-7.546820640563965,3.7466654777526855
1790266843045566500,11.92956640625,-5.0017876625061035,-7.526129722595215,3.80918288230896
1790266843055566600,11.939566650390624,-4.980220317840576,-7.5034918785095215,3.8814167976379395
1790266843065566500,11.94956640625,-4.954936981201172,-7.477967739105225,3.9621942043304443
1790266843075566600,11.959566650390625,-4.928128719329834,-7.448958396911621,4.049314498901367
1790266843085566500,11.96956640625,-4.9039435386657715,-7.416714668273926,4.13691520690918
1790266843095566600,11.979566650390625,-4.888524532318115,-7.382044315338135,4.2164106369018555
1790266843105566500,11.98956640625,-4.8866376876831055,-7.346437931060791,4.280303001403809
1790266843115566600,11.999566650390625,-4.902248382568359,-7.309742450714111,4.32504415512085
1790266843125566500,12.00956640625,-4.938188552856445,-7.270088195800781,4.3509202003479
1790266843135566600,12.019566650390624,-4.993280410766602,-7.225769519805908,4.361855983734131
1790266843145566500,12.02956640625,-5.063589096069336,-7.174904823303223,4.3647661209106445
1790266843155566600,12.039566650390626,-5.140140056610107,-7.117949485778809,4.368539810180664
1790266843165566500,12.04956640625,-5.2116169929504395,-7.058592319488525,4.380148410797119
1790266843175566600,12.059566650390625,-5.269918441772461,-7.002933025360107,4.399690628051758
1790266843185566500,12.06956640625,-5.313148498535156,-6.954968452453613,4.423715591430664
1790266843195566600,12.079566650390625,-5.3484697341918945,-6.913424491882324,4.4462151527404785
1790266843205566500,12.08956640625,-5.3871660232543945,-6.872649669647217,4.462680816650391
1790266843215566600,12.099566650390624,-5.436849117279053,-6.826720237731934,4.472914218902588
1790266843225566500,12.10956640625,-5.498741626739502,-6.769809246063232,4.483736515045166
1790266843235566600,12.119566650390626,-5.5702290534973145,-6.698614120483398,4.502389430999756
1790266843245566500,12.12956640625,-5.645876884460449,-6.615861892700195,4.530435085296631
1790266843255566600,12.139566650390625,-5.719245910644531,-6.531439304351807,4.5608015060424805
1790266843265566500,12.14956640625,-5.790546417236328,-6.452423095703125,4.583252429962158
1790266843275566600,12.159566650390625,-5.865277290344238,-6.378081321716309,4.592275142669678
1790266843285566500,12.16956640625,-5.95033597946167,-6.299205780029297,4.591719627380371
1790266843295566600,12.179566650390624,-6.049810886383057,-6.205887794494629,4.588804721832275
1790266843305566500,12.18956640625,-6.158417701721191,-6.097229957580566,4.589995861053467
1790266843315566600,12.199566650390626,-6.267272472381592,-5.981969356536865,4.594314098358154
1790266843325566500,12.20956640625,-6.373673439025879,-5.86908483505249,4.59352970123291
1790266843335566600,12.219566650390625,-6.478918552398682,-5.761922836303711,4.5819478034973145
1790266843345566500,12.22956640625,-6.583094596862793,-5.658980369567871,4.561708927154541
1790266843355566600,12.239566650390625,-6.685983180999756,-5.555456161499023,4.53926420211792
1790266843365566500,12.24956640625,-6.788452625274658,-5.44875955581665,4.516449451446533
1790266843375566600,12.259566650390624,-6.898655891418457,-5.332425594329834,4.488226890563965
1790266843385566500,12.26956640625,-7.008081436157227,-5.2137837409973145,4.457984924316406
1790266843395566600,12.279566650390626,-7.115617752075195,-5.100189208984375,4.418874263763428
1790266843405566500,12.28956640625,-7.229208946228027,-4.988478183746338,4.361652374267578
1790266843415566600,12.299566650390625,-7.3399481773376465,-4.877360820770264,4.301964282989502
1790266843425566500,12.30956640625,-7.443962097167969,-4.767930030822754,4.245544910430908
1790266843435566600,12.319566650390625,-7.543802738189697,-4.65590763092041,4.193321228027344
1790266843445566500,12.32956640625,-7.6430439949035645,-4.532289505004883,4.148810863494873
1790266843455566600,12.339566650390625,-7.743606090545654,-4.391133785247803,4.113987922668457
1790266843465566500,12.34956640625,-7.842084884643555,-4.242115497589111,4.083691596984863
1790266843475566600,12.359566650390626,-7.9330854415893555,-4.1061482429504395,4.046738624572754
1790266843485566500,12.36956640625,-8.017410278320312,-3.989572048187256,3.996851921081543
1790266843495566600,12.379566650390625,-8.10216236114502,-3.875215530395508,3.9380266666412354
1790266843505566500,12.38956640625,-8.193317413330078,-3.747115135192871,3.872861862182617
1790266843515566600,12.399566650390625,-8.287435531616211,-3.6008710861206055,3.810844659805298
1790266843525566500,12.40956640625,-8.381097793579102,-3.440568447113037,3.753673791885376
1790266843535566600,12.419566650390625,-8.469344139099121,-3.2792022228240967,3.6996543407440186
1790266843545566500,12.42956640625,-8.547881126403809,-3.1323037147521973,3.6459274291992188
1790266843555566600,12.439566650390624,-8.62119197845459,-3.004171371459961,3.580556869506836
1790266843565566500,12.44956640625,-8.69741439819336,-2.884286642074585,3.4937453269958496
1790266843575566600,12.459566650390625,-8.776519775390625,-2.7572991847991943,3.3971142768859863
1790266843585566500,12.46956640625,-8.850152969360352,-2.617767095565796,3.315490245819092
1790266843595566600,12.479566650390625,-8.911595344543457,-2.4719998836517334,3.262371301651001
1790266843605566500,12.48956640625,-8.961753845214844,-2.3320488929748535,3.2278308868408203
1790266843615566600,12.499566650390625,-9.003851890563965,-2.2061073780059814,3.1990818977355957
1790266843625566500,12.50956640625,-9.042627334594727,-2.0912346839904785,3.166701078414917
1790266843635566600,12.519566650390624,-9.079901695251465,-1.9792803525924683,3.1318068504333496
1790266843645566500,12.52956640625,-9.112557411193848,-1.864614725112915,3.1072335243225098
1790266843655566600,12.539566650390626,-9.138984680175781,-1.7476719617843628,3.09757924079895
1790266843665566500,12.54956640625,-9.159610748291016,-1.634139895439148,3.0986311435699463
1790266843675566600,12.559566650390625,-9.175456047058105,-1.5334638357162476,3.1032052040100098
1790266843685566500,12.56956640625,-9.188579559326172,-1.4463471174240112,3.1061995029449463
1790266843695566600,12.579566650390625,-9.199373245239258,-1.3665236234664917,3.110391616821289
1790266843705566500,12.58956640625,-9.204605102539062,-1.2929733991622925,3.1263163089752197
1790266843715566600,12.599566650390624,-9.204187393188477,-1.230518102645874,3.152642250061035
1790266843725566500,12.60956640625,-9.205278396606445,-1.1811844110488892,3.1682889461517334
1790266843735566600,12.619566650390626,-9.213724136352539,-1.1413164138793945,3.158334732055664
1790266843745566500,12.62956640625,-9.224081993103027,-1.102881908416748,3.1417105197906494
1790266843755566600,12.639566650390625,-9.22847843170166,-1.058774709701538,3.1439733505249023
1790266843765566500,12.64956640625,-9.228408813476562,-1.010143518447876,3.1601343154907227
1790266843775566600,12.659566650390625,-9.2299222946167,-0.9614642858505249,3.170882225036621
1790266843785566500,12.66956640625,-9.231851577758789,-0.9229902029037476,3.1766974925994873
1790266843795566600,12.679566650390624,-9.231616020202637,-0.9001418948173523,3.1839261054992676
1790266843805566500,12.68956640625,-9.228499412536621,-0.8935567140579224,3.1948015689849854
1790266843815566600,12.699566650390626,-9.225686073303223,-0.9025777578353882,3.200385093688965
1790266843825566500,12.70956640625,-9.223492622375488,-0.9217756986618042,3.2012345790863037
1790266843835566600,12.719566650390625,-9.217154502868652,-0.9463561177253723,3.212299108505249
1790266843845566500,12.72956640625,-9.205949783325195,-0.9753600358963013,3.2356677055358887
1790266843855566600,12.739566650390625,-9.190412521362305,-1.0183666944503784,3.26643967628479
1790266843865566500,12.74956640625,-9.170682907104492,-1.0782744884490967,3.302469253540039
1790266843875566600,12.759566650390624,-9.149495124816895,-1.1472468376159668,3.337806463241577
1790266843885566500,12.76956640625,-9.126100540161133,-1.2201883792877197,3.3757681846618652
1790266843895566600,12.779566650390626,-9.098812103271484,-1.2953695058822632,3.4211158752441406
1790266843905566500,12.78956640625,-9.067758560180664,-1.3720300197601318,3.473280191421509
1790266843915566600,12.799566650390625,-9.032404899597168,-1.454595685005188,3.5313189029693604
1790266843925566500,12.80956640625,-8.993734359741211,-1.5457890033721924,3.5907766819000244
1790266843935566600,12.819566650390625,-8.952327728271484,-1.6451778411865234,3.649602174758911
1790266843945566500,12.82956640625,-8.908170700073242,-1.7542694807052612,3.7064032554626465
1790266843955566600,12.839566650390625,-8.860675811767578,-1.871916651725769,3.762279987335205
1790266843965566500,12.84956640625,-8.80885124206543,-1.9962432384490967,3.819624423980713
1790266843975566600,12.859566650390626,-8.750250816345215,-2.126986265182495,3.88322377204895
1790266843985566500,12.86956640625,-8.685325622558594,-2.2640907764434814,3.9508726596832275
1790266843995566600,12.879566650390625,-8.615957260131836,-2.4079904556274414,4.017119407653809
1790266844005566500,12.88956640625,-8.543508529663086,-2.5607166290283203,4.076958179473877
1790266844015566600,12.899566650390625,-8.469061851501465,-2.7209415435791016,4.128179550170898
1790266844025566500,12.90956640625,-8.39106273651123,-2.885603189468384,4.175374984741211
1790266844035566600,12.919566650390625,-8.30850887298584,-3.052781105041504,4.221325874328613
1790266844045566500,12.92956640625,-8.222649574279785,-3.2200021743774414,4.264974594116211
1790266844055566600,12.939566650390624,-8.134221076965332,-3.385518789291382,4.3061699867248535
1790266844065566500,12.94956640625,-8.041462898254395,-3.5495896339416504,4.3480658531188965
1790266844075566600,12.959566650390625,-7.942175388336182,-3.711549758911133,4.395068645477295
1790266844085566500,12.96956640625,-7.833029747009277,-3.873532295227051,4.450818061828613
1790266844095566600,12.979566650390625,-7.712306499481201,-4.03839635848999,4.514650344848633
1790266844105566500,12.98956640625,-7.584349632263184,-4.205814361572266,4.578117370605469
1790266844115566600,12.999566650390625,-7.454101085662842,-4.373524188995361,4.63455057144165
1790266844125566500,13.00956640625,-7.321499824523926,-4.54246711730957,4.683161735534668
1790266844135566600,13.019566650390624,-7.186699867248535,-4.712522983551025,4.723755359649658
1790266844145566500,13.02956640625,-7.050439357757568,-4.883487701416016,4.755337238311768
1790266844155566600,13.039566650390626,-6.912372589111328,-5.055517196655273,4.778203964233398
1790266844165566500,13.04956640625,-6.773684501647949,-5.226153373718262,4.793214321136475
1790266844175566600,13.059566650390625,-6.635798931121826,-5.391760349273682,4.802652359008789
1790266844185566500,13.06956640625,-6.498635292053223,-5.549821376800537,4.810155868530273
1790266844195566600,13.079566650390625,-6.359025955200195,-5.7009172439575195,4.820034027099609
1790266844205566500,13.08956640625,-6.218003273010254,-5.8467793464660645,4.829285144805908
1790266844215566600,13.099566650390624,-6.072234153747559,-5.992495536804199,4.836150646209717
1790266844225566500,13.10956640625,-5.924838066101074,-6.1371660232543945,4.837549209594727
1790266844235566600,13.119566650390626,-5.779596328735352,-6.279917240142822,4.830041408538818
1790266844245566500,13.12956640625,-5.635732173919678,-6.4233012199401855,4.811458110809326
1790266844255566600,13.139566650390625,-5.498198509216309,-6.566941738128662,4.77655553817749
1790266844265566500,13.14956640625,-5.371524810791016,-6.708870887756348,4.723151206970215
1790266844275566600,13.159566650390625,-5.256865501403809,-6.848013877868652,4.651932239532471
1790266844285566500,13.16956640625,-5.154847621917725,-6.983033657073975,4.564557075500488
1790266844295566600,13.179566650390624,-5.0607099533081055,-7.115096569061279,4.464863300323486
1790266844305566500,13.18956640625,-4.965886116027832,-7.245605945587158,4.360222816467285
1790266844315566600,13.199566650390626,-4.867504596710205,-7.373562335968018,4.255392074584961
1790266844325566500,13.20956640625,-4.765744686126709,-7.497422695159912,4.152915954589844
1790266844335566600,13.219566650390625,-4.663952827453613,-7.615363121032715,4.052674770355225
1790266844345566500,13.22956640625,-4.56409215927124,-7.726900100708008,3.9540438652038574
1790266844355566600,13.239566650390625,-4.467360496520996,-7.832538604736328,3.8554396629333496
1790266844365566500,13.24956640625,-4.372941493988037,-7.933711528778076,3.755527973175049
1790266844375566600,13.259566650390624,-4.279897689819336,-8.031224250793457,3.654081344604492
1790266844385566500,13.26956640625,-4.188809394836426,-8.124003410339355,3.5531437397003174
1790266844395566600,13.279566650390626,-4.100800037384033,-8.210590362548828,3.455437183380127
1790266844405566500,13.28956640625,-4.016515731811523,-8.288178443908691,3.3680975437164307
1790266844415566600,13.299566650390625,-3.940643072128296,-8.353529930114746,3.2954914569854736
1790266844425566500,13.30956640625,-3.8792765140533447,-8.40515422821045,3.2365078926086426
1790266844435566600,13.319566650390625,-3.834378957748413,-8.444364547729492,3.1875734329223633
1790266844445566500,13.32956640625,-3.8043906688690186,-8.474571228027344,3.1430294513702393
1790266844455566600,13.339566650390625,-3.7882888317108154,-8.496845245361328,3.1020760536193848
1790266844465566500,13.34956640625,-3.782707691192627,-8.51096248626709,3.0700178146362305
1790266844475566600,13.359566650390626,-3.78012752532959,-8.518597602844238,3.051969051361084
1790266844485566500,13.36956640625,-3.7797698974609375,-8.520976066589355,3.0457663536071777
1790266844495566600,13.379566650390625,-3.787917137145996,-8.517874717712402,3.0443201065063477
1790266844505566500,13.38956640625,-3.8071627616882324,-8.509526252746582,3.0436582565307617
1790266844515566600,13.399566650390625,-3.8350820541381836,-8.496988296508789,3.0436339378356934
1790266844525566500,13.40956640625,-3.868058204650879,-8.4823579788208,3.042715072631836
1790266844535566600,13.419566650390625,-3.903841018676758,-8.467424392700195,3.038609027862549
1790266844545566500,13.42956640625,-3.946195363998413,-8.450957298278809,3.0297296047210693
1790266844555566600,13.439566650390624,-3.9923222064971924,-8.433505058288574,3.017904758453369
1790266844565566500,13.44956640625,-4.0346221923828125,-8.416860580444336,3.0080997943878174
1790266844575566600,13.459566650390625,-4.074985980987549,-8.398981094360352,3.0036637783050537
1790266844585566500,13.46956640625,-4.123172760009766,-8.376289367675781,3.0012667179107666
1790266844595566600,13.479566650390625,-4.1828389167785645,-8.348373413085938,2.996480941772461
1790266844605566500,13.48956640625,-4.25366735458374,-8.315031051635742,2.9894745349884033
1790266844615566600,13.499566650390625,-4.334315776824951,-8.276086807250977,2.9816935062408447
1790266844625566500,13.50956640625,-4.420470714569092,-8.233392715454102,2.973395824432373
1790266844635566600,13.519566650390624,-4.508259296417236,-8.188201904296875,2.966367721557617
1790266844645566500,13.52956640625,-4.5947747230529785,-8.141020774841309,2.9634809494018555
1790266844655566600,13.539566650390626,-4.678370952606201,-8.092265129089355,2.966221570968628
1790266844665566500,13.54956640625,-4.758627891540527,-8.041543006896973,2.9764811992645264
1790266844675566600,13.559566650390625,-4.834508895874023,-7.989187717437744,2.9951298236846924
1790266844685566500,13.56956640625,-4.90624475479126,-7.93612003326416,3.0194642543792725
1790266844695566600,13.579566650390625,-4.975278377532959,-7.883052349090576,3.045400619506836
1790266844705566500,13.58956640625,-5.042497158050537,-7.830053806304932,3.071460247039795
1790266844715566600,13.599566650390624,-5.105813980102539,-7.777261257171631,3.1008481979370117
1790266844725566500,13.60956640625,-5.161098957061768,-7.725790977478027,3.137770414352417
1790266844735566600,13.619566650390626,-5.2060418128967285,-7.676820755004883,3.1833860874176025
1790266844745566500,13.62956640625,-5.239819049835205,-7.631277084350586,3.237018346786499
1790266844755566600,13.639566650390625,-5.262758731842041,-7.590198993682861,3.2958521842956543
1790266844765566500,13.64956640625,-5.279153823852539,-7.5521111488342285,3.3565661907196045
1790266844775566600,13.659566650390625,-5.293630123138428,-7.515710830688477,3.4149622917175293
1790266844785566500,13.66956640625,-5.309146881103516,-7.479329586029053,3.4703004360198975
1790266844795566600,13.679566650390624,-5.32690954208374,-7.441133499145508,3.5247642993927
1790266844805566500,13.68956640625,-5.345895290374756,-7.400869369506836,3.5803542137145996
1790266844815566600,13.699566650390626,-5.364081859588623,-7.360040187835693,3.6368720531463623
1790266844825566500,13.70956640625,-5.383536338806152,-7.318364143371582,3.6918113231658936
1790266844835566600,13.719566650390625,-5.406619548797607,-7.275107383728027,3.7432148456573486
1790266844845566500,13.72956640625,-5.435186386108398,-7.228697776794434,3.7914462089538574
1790266844855566600,13.739566650390625,-5.471210956573486,-7.175211429595947,3.8409087657928467
1790266844865566500,13.74956640625,-5.5168256759643555,-7.1103434562683105,3.8959012031555176
1790266844875566600,13.759566650390624,-5.571296691894531,-7.0335493087768555,3.9572997093200684
1790266844885566500,13.76956640625,-5.6296281814575195,-6.950092315673828,4.021678447723389
1790266844895566600,13.779566650390626,-5.6875481605529785,-6.8668975830078125,4.082632064819336
1790266844905566500,13.78956640625,-5.744167327880859,-6.789112567901611,4.133144378662109
1790266844915566600,13.799566650390625,-5.80006742477417,-6.717316150665283,4.1722025871276855
1790266844925566500,13.80956640625,-5.857171058654785,-6.648399829864502,4.202702045440674
1790266844935566600,13.819566650390625,-5.9178290367126465,-6.577653408050537,4.22896671295166
1790266844945566500,13.82956640625,-5.982796669006348,-6.502437114715576,4.25380277633667
1790266844955566600,13.839566650390625,-6.053407192230225,-6.420217514038086,4.278722763061523
1790266844965566500,13.84956640625,-6.131826400756836,-6.328066349029541,4.304261684417725
1790266844975566600,13.859566650390626,-6.216823101043701,-6.225775241851807,4.331422328948975
1790266844985566500,13.86956640625,-6.305576801300049,-6.115737438201904,4.359798431396484
1790266844995566600,13.879566650390625,-6.395471096038818,-6.00191068649292,4.386959552764893
1790266845005566500,13.88956640625,-6.483423233032227,-5.889403820037842,4.410276889801025
1790266845015566600,13.899566650390625,-6.567436218261719,-5.783238410949707,4.426436424255371
1790266845025566500,13.90956640625,-6.6481218338012695,-5.6850762367248535,4.433145046234131
1790266845035566600,13.919566650390625,-6.726721286773682,-5.591570854187012,4.433504104614258
1790266845045566500,13.92956640625,-6.804592132568359,-5.4982991218566895,4.431324005126953
1790266845055566600,13.939566650390624,-6.883488655090332,-5.403517723083496,4.426054954528809
1790266845065566500,13.94956640625,-6.9664177894592285,-5.305042743682861,4.41541862487793
1790266845075566600,13.959566650390625,-7.058791160583496,-5.198928356170654,4.394883632659912
1790266845085566500,13.96956640625,-7.163031101226807,-5.083632946014404,4.3609700202941895
1790266845095566600,13.979566650390625,-7.27663516998291,-4.9601874351501465,4.3147993087768555
1790266845105566500,13.98956640625,-7.395027160644531,-4.8316121101379395,4.259047031402588
1790266845115566600,13.999566650390625,-7.513176918029785,-4.701585292816162,4.197339057922363
1790266845125566500,14.00956640625,-7.628926753997803,-4.574450969696045,4.128469467163086
1790266845135566600,14.019566650390624,-7.742117404937744,-4.451211452484131,4.051755428314209
1790266845145566500,14.02956640625,-7.85349178314209,-4.327324390411377,3.9708080291748047
1790266845155566600,14.039566650390626,-7.963356018066406,-4.196155071258545,3.8919947147369385
1790266845165566500,14.04956640625,-8.070040702819824,-4.055638313293457,3.8205552101135254
1790266845175566600,14.059566650390625,-8.17260456085205,-3.907188892364502,3.756700038909912
1790266845185566500,14.06956640625,-8.272894859313965,-3.750640869140625,3.696255922317505
1790266845195566600,14.079566650390625,-8.373529434204102,-3.5839710235595703,3.634493350982666
1790266845205566500,14.08956640625,-8.472657203674316,-3.4111831188201904,3.5704777240753174
1790266845215566600,14.099566650390624,-8.563166618347168,-3.239976644515991,3.5135600566864014
1790266845225566500,14.10956640625,-8.64005184173584,-3.074474573135376,3.473830223083496
1790266845235566600,14.119566650390626,-8.704255104064941,-2.9124104976654053,3.4531431198120117
1790266845245566500,14.12956640625,-8.760929107666016,-2.7512905597686768,3.4419329166412354
1790266845255566600,14.139566650390625,-8.815760612487793,-2.593733072280884,3.424222946166992
1790266845265566500,14.14956640625,-8.867522239685059,-2.4425718784332275,3.401658296585083
1790266845275566600,14.159566650390625,-8.910992622375488,-2.2937631607055664,3.391644239425659
1790266845285566500,14.16956640625,-8.944174766540527,-2.1430084705352783,3.4028871059417725
1790266845295566600,14.179566650390624,-8.967422485351562,-1.993368148803711,3.4325218200683594
1790266845305566500,14.18956640625,-8.983857154846191,-1.852319359779358,3.468371868133545
1790266845315566600,14.199566650390626,-8.997036933898926,-1.7239196300506592,3.500260353088379
1790266845325566500,14.20956640625,-9.009954452514648,-1.6050169467926025,3.5234954357147217
1790266845335566600,14.219566650390625,-9.023155212402344,-1.4938219785690308,3.538581371307373
1790266845345566500,14.22956640625,-9.035599708557129,-1.3932708501815796,3.5478320121765137
1790266845355566600,14.239566650390625,-9.046653747558594,-1.305384874343872,3.553084135055542
1790266845365566500,14.24956640625,-9.054373741149902,-1.230208396911621,3.5602362155914307
1790266845375566600,14.259566650390624,-9.060541152954102,-1.1644866466522217,3.5666441917419434
1790266845385566500,14.26956640625,-9.066567420959473,-1.1065982580184937,3.5697596073150635
1790266845395566600,14.279566650390626,-9.06905746459961,-1.0563116073608398,3.578658103942871
1790266845405566500,14.28956640625,-9.067941665649414,-1.0136476755142212,3.5937912464141846
1790266845415566600,14.299566650390625,-9.06423568725586,-0.9791578054428101,3.612654209136963
1790266845425566500,14.30956640625,-9.05679988861084,-0.9528379440307617,3.638249397277832
1790266845435566600,14.319566650390625,-9.047056198120117,-0.9348973035812378,3.6670336723327637
1790266845445566500,14.32956640625,-9.038739204406738,-0.9259982109069824,3.6897289752960205
1790266845455566600,14.339566650390625,-9.030721664428711,-0.925324022769928,3.7094788551330566
1790266845465566500,14.34956640625,-9.020330429077148,-0.9337191581726074,3.732586145401001
1790266845475566600,14.359566650390626,-9.008564949035645,-0.9475789070129395,3.7574234008789062
1790266845485566500,14.36956640625,-8.999201774597168,-0.9655851721763611,3.775235652923584
1790266845495566600,14.379566650390625,-8.989901542663574,-0.9936928153038025,3.790072441101074
1790266845505566500,14.38956640625,-8.976400375366211,-1.0343157052993774,3.8111419677734375
1790266845515566600,14.399566650390625,-8.954647064208984,-1.0853606462478638,3.84794282913208
1790266845525566500,14.40956640625,-8.925885200500488,-1.1447445154190063,3.8972461223602295
1790266845535566600,14.419566650390625,-8.89194107055664,-1.211899995803833,3.9541187286376953
1790266845545566500,14.42956640625,-8.852949142456055,-1.2873945236206055,4.017248153686523
1790266845555566600,14.439566650390624,-8.810887336730957,-1.3725923299789429,4.081009864807129
1790266845565566500,14.44956640625,-8.76644515991211,-1.4683895111083984,4.142905235290527
1790266845575566600,14.459566650390625,-8.719401359558105,-1.572302222251892,4.203605651855469
1790266845585566500,14.46956640625,-8.669878959655762,-1.682854175567627,4.262813568115234
1790266845595566600,14.479566650390625,-8.61911392211914,-1.7979490756988525,4.318408489227295
1790266845605566500,14.48956640625,-8.567669868469238,-1.9156947135925293,4.36984395980835
1790266845615566600,14.499566650390625,-8.513426780700684,-2.03824520111084,4.4201250076293945
1790266845625566500,14.50956640625,-8.453804016113281,-2.1665849685668945,4.473195552825928
1790266845635566600,14.519566650390624,-8.388829231262207,-2.3025851249694824,4.527254581451416
1790266845645566500,14.52956640625,-8.32191276550293,-2.446073293685913,4.575246810913086
1790266845655566600,14.539566650390626,-8.254598617553711,-2.5931859016418457,4.615993022918701
1790266845665566500,14.54956640625,-8.186941146850586,-2.7419934272766113,4.650362014770508
1790266845675566600,14.559566650390625,-8.115862846374512,-2.8923776149749756,4.683727741241455
1790266845685566500,14.56956640625,-8.040633201599121,-3.042593002319336,4.718181610107422
1790266845695566600,14.579566650390625,-7.9605793952941895,-3.1934354305267334,4.754107475280762
1790266845705566500,14.58956640625,-7.87528657913208,-3.3474650382995605,4.790064811706543
1790266845715566600,14.599566650390624,-7.786556720733643,-3.5054590702056885,4.822000980377197
1790266845725566500,14.60956640625,-7.697065830230713,-3.6641390323638916,4.8476433753967285
1790266845735566600,14.619566650390626,-7.60591459274292,-3.8206098079681396,4.870666027069092
1790266845745566500,14.62956640625,-7.510925769805908,-3.9705541133880615,4.898069381713867
1790266845755566600,14.639566650390625,-7.409580707550049,-4.112663269042969,4.935029029846191
1790266845765566500,14.64956640625,-7.300756931304932,-4.249640464782715,4.980952739715576
1790266845775566600,14.659566650390625,-7.1865153312683105,-4.3860650062561035,5.028600215911865
1790266845785566500,14.66956640625,-7.071022033691406,-4.52455472946167,5.069461822509766
1790266845795566600,14.679566650390624,-6.9551544189453125,-4.666684150695801,5.100810527801514
1790266845805566500,14.68956640625,-6.837287425994873,-4.812058448791504,5.125034809112549
1790266845815566600,14.699566650390626,-6.7183380126953125,-4.958128929138184,5.143080234527588
1790266845825566500,14.70956640625,-6.596552848815918,-5.1021342277526855,5.159855365753174
1790266845835566600,14.719566650390625,-6.471667289733887,-5.2432661056518555,5.176491737365723
1790266845845566500,14.72956640625,-6.34160041809082,-5.3852643966674805,5.19166898727417
1790266845855566600,14.739566650390625,-6.207071304321289,-5.530969142913818,5.201059341430664
1790266845865566500,14.74956640625,-6.072575569152832,-5.679566383361816,5.1996870040893555
1790266845875566600,14.759566650390624,-5.940264701843262,-5.829169273376465,5.186949729919434
1790266845885566500,14.76956640625,-5.809234619140625,-5.977594375610352,5.166385650634766
1790266845895566600,14.779566650390626,-5.67875337600708,-6.122771263122559,5.141383171081543
1790266845905566500,14.78956640625,-5.549489498138428,-6.26073694229126,5.116318702697754
1790266845915566600,14.799566650390625,-5.425459384918213,-6.391333103179932,5.087792873382568
1790266845925566500,14.80956640625,-5.314455032348633,-6.517022132873535,5.045332908630371
1790266845935566600,14.819566650390625,-5.2150468826293945,-6.644769668579102,4.982038974761963
1790266845945566500,14.82956640625,-5.123337268829346,-6.775994777679443,4.899765491485596
1790266845955566600,14.839566650390625,-5.036902904510498,-6.905106544494629,4.808272838592529
1790266845965566500,14.84956640625,-4.955461502075195,-7.027137279510498,4.715202331542969
1790266845975566600,14.859566650390626,-4.882370948791504,-7.138887405395508,4.622674942016602
1790266845985566500,14.86956640625,-4.819158554077148,-7.240508079528809,4.530026912689209
1790266845995566600,14.879566650390625,-4.762172222137451,-7.333812236785889,4.439291954040527
1790266846005566500,14.88956640625,-4.705682277679443,-7.420881748199463,4.354014873504639
1790266846015566600,14.899566650390625,-4.64619255065918,-7.504016876220703,4.274693965911865
1790266846025566500,14.90956640625,-4.584305286407471,-7.583287715911865,4.200986385345459
1790266846035566600,14.919566650390625,-4.522709369659424,-7.657482147216797,4.132610321044922
1790266846045566500,14.92956640625,-4.464382171630859,-7.725834369659424,4.06831169128418
1790266846055566600,14.939566650390624,-4.411402702331543,-7.787365436553955,4.00834846496582
1790266846065566500,14.94956640625,-4.366536617279053,-7.840770721435547,3.9529805183410645
1790266846075566600,14.959566650390625,-4.3299970626831055,-7.88563346862793,3.9036262035369873
1790266846085566500,14.96956640625,-4.299256324768066,-7.9235663414001465,3.860553741455078
1790266846095566600,14.979566650390625,-4.275421142578125,-7.955069065093994,3.822045087814331
1790266846105566500,14.98956640625,-4.260310649871826,-7.980076789855957,3.78662371635437
1790266846115566600,14.999566650390625,-4.254987716674805,-7.998542308807373,3.753502368927002
1790266846125566500,15.00956640625,-4.255867958068848,-8.01251220703125,3.7225840091705322
1790266846135566600,15.019566650390624,-4.256704807281494,-8.025338172912598,3.6938838958740234
1790266846145566500,15.02956640625,-4.2585225105285645,-8.036750793457031,3.6668810844421387
1790266846155566600,15.039566650390626,-4.259205341339111,-8.046415328979492,3.6448276042938232
1790266846165566500,15.04956640625,-4.255636692047119,-8.055145263671875,3.62968111038208
1790266846175566600,15.059566650390625,-4.25179386138916,-8.062470436096191,3.6179003715515137
1790266846185566500,15.06956640625,-4.257381439208984,-8.066705703735352,3.601853609085083
1790266846195566600,15.079566650390625,-4.273858547210693,-8.068315505981445,3.5786619186401367
1790266846205566500,15.08956640625,-4.295825004577637,-8.068697929382324,3.551391839981079
1790266846215566600,15.099566650390624,-4.317307949066162,-8.069960594177246,3.522352695465088
1790266846225566500,15.10956640625,-4.338217735290527,-8.071934700012207,3.492006540298462
1790266846235566600,15.119566650390626,-4.362173080444336,-8.071619987487793,3.462770938873291
1790266846245566500,15.12956640625,-4.387565612792969,-8.067537307739258,3.4401283264160156
1790266846255566600,15.139566650390625,-4.414229393005371,-8.059530258178711,3.4247517585754395
1790266846265566500,15.14956640625,-4.44496488571167,-8.048213005065918,3.411588668823242
1790266846275566600,15.159566650390625,-4.479974269866943,-8.034248352050781,3.398688554763794
1790266846285566500,15.16956640625,-4.519366264343262,-8.016878128051758,3.387533664703369
1790266846295566600,15.179566650390624,-4.562405109405518,-7.995337009429932,3.380744695663452
1790266846305566500,15.18956640625,-4.606939792633057,-7.971268653869629,3.377183437347412
1790266846315566600,15.199566650390626,-4.651793956756592,-7.946082592010498,3.3750510215759277
1790266846325566500,15.20956640625,-4.696210861206055,-7.921098709106445,3.372267484664917
1790266846335566600,15.219566650390625,-4.740373611450195,-7.8969597816467285,3.3670878410339355
1790266846345566500,15.22956640625,-4.782744407653809,-7.874385833740234,3.3600265979766846
1790266846355566600,15.239566650390625,-4.820990562438965,-7.8546648025512695,3.351517915725708
1790266846365566500,15.24956640625,-4.8539958000183105,-7.8379130363464355,3.343088150024414
1790266846375566600,15.259566650390624,-4.883881092071533,-7.821348190307617,3.338353395462036
1790266846385566500,15.26956640625,-4.91422176361084,-7.801816940307617,3.3395297527313232
1790266846395566600,15.279566650390626,-4.950464248657227,-7.774536609649658,3.349608898162842
1790266846405566500,15.28956640625,-4.99224853515625,-7.737771987915039,3.372642755508423
1790266846415566600,15.299566650390625,-5.034714221954346,-7.692750930786133,3.41227650642395
1790266846425566500,15.30956640625,-5.070194721221924,-7.644027233123779,3.4687700271606445
1790266846435566600,15.319566650390625,-5.094055652618408,-7.595041275024414,3.5406672954559326
1790266846445566500,15.32956640625,-5.108112812042236,-7.5462493896484375,3.623764753341675
1790266846455566600,15.339566650390625,-5.117509365081787,-7.496217250823975,3.7132484912872314
1790266846465566500,15.34956640625,-5.128551006317139,-7.442742824554443,3.8044607639312744
1790266846475566600,15.359566650390626,-5.153841972351074,-7.380005359649658,3.891507148742676
1790266846485566500,15.36956640625,-5.191349029541016,-7.310349941253662,3.97228741645813
1790266846495566600,15.379566650390625,-5.232273101806641,-7.2406325340271,4.045608997344971
1790266846505566500,15.38956640625,-5.271401882171631,-7.175264358520508,4.110753536224365
1790266846515566600,15.399566650390625,-5.3059401512146,-7.1167683601379395,4.1676130294799805
1790266846525566500,15.40956640625,-5.336556434631348,-7.064082145690918,4.217854976654053
1790266846535566600,15.419566650390625,-5.3672614097595215,-7.013270854949951,4.263441562652588
1790266846545566500,15.42956640625,-5.406848907470703,-6.957915306091309,4.303926944732666
1790266846555566600,15.439566650390624,-5.46436882019043,-6.891544818878174,4.337934494018555
1790266846565566500,15.44956640625,-5.5406575202941895,-6.811352729797363,4.367717742919922
1790266846575566600,15.459566650390625,-5.627748012542725,-6.721014976501465,4.396225452423096
1790266846585566500,15.46956640625,-5.715072154998779,-6.629584312438965,4.422324180603027
1790266846595566600,15.479566650390625,-5.797823429107666,-6.54404878616333,4.441965103149414
1790266846605566500,15.48956640625,-5.8782958984375,-6.465113162994385,4.451778411865234
1790266846615566600,15.499566650390625,-5.960798263549805,-6.387026786804199,4.454791069030762
1790266846625566500,15.50956640625,-6.047662734985352,-6.303210258483887,4.457095623016357
1790266846635566600,15.519566650390624,-6.139389514923096,-6.211446285247803,4.460516452789307
1790266846645566500,15.52956640625,-6.232749938964844,-6.1151442527771,4.464103698730469
1790266846655566600,15.539566650390626,-6.325591087341309,-6.018828392028809,4.464415073394775
1790266846665566500,15.54956640625,-6.4175262451171875,-5.924875736236572,4.458878517150879
1790266846675566600,15.559566650390625,-6.508842945098877,-5.829823970794678,4.451797962188721
1790266846685566500,15.56956640625,-6.600391387939453,-5.7272772789001465,4.450115203857422
1790266846695566600,15.579566650390625,-6.691771507263184,-5.613458156585693,4.458662509918213
1790266846705566500,15.58956640625,-6.7814412117004395,-5.490635871887207,4.47608757019043
1790266846715566600,15.599566650390624,-6.869282245635986,-5.364852428436279,4.494630336761475
1790266846725566500,15.60956640625,-6.957020282745361,-5.241415023803711,4.505308628082275
1790266846735566600,15.619566650390626,-7.044712066650391,-5.125280380249023,4.502655506134033
1790266846745566500,15.62956640625,-7.130965232849121,-5.018546104431152,4.487083435058594
1790266846755566600,15.639566650390625,-7.217719554901123,-4.919414043426514,4.458056926727295
1790266846765566500,15.64956640625,-7.310201168060303,-4.819801330566406,4.415977954864502
1790266846775566600,15.659566650390625,-7.410965919494629,-4.711432456970215,4.364672660827637
1790266846785566500,15.66956640625,-7.519598960876465,-4.588480472564697,4.30950927734375
1790266846795566600,15.679566650390624,-7.633248329162598,-4.453375816345215,4.251041412353516
1790266846805566500,15.68956640625,-7.747016906738281,-4.314125061035156,4.1883697509765625
1790266846815566600,15.699566650390626,-7.858644485473633,-4.1740851402282715,4.1217851638793945
1790266846825566500,15.70956640625,-7.9677019119262695,-4.031461238861084,4.053818702697754
1790266846835566600,15.719566650390625,-8.074467658996582,-3.885162353515625,3.9848289489746094
1790266846845566500,15.72956640625,-8.17661190032959,-3.735511302947998,3.9191012382507324
1790266846855566600,15.739566650390625,-8.27039909362793,-3.583136796951294,3.8641958236694336
1790266846865566500,15.74956640625,-8.355361938476562,-3.4309704303741455,3.819261074066162
1790266846875566600,15.759566650390624,-8.435439109802246,-3.283350706100464,3.772711992263794
1790266846885566500,15.76956640625,-8.514370918273926,-3.1425328254699707,3.714883804321289
1790266846895566600,15.779566650390626,-8.594160079956055,-3.005693197250366,3.6437079906463623
1790266846905566500,15.78956640625,-8.673540115356445,-2.866454839706421,3.5670065879821777
1790266846915566600,15.799566650390625,-8.747819900512695,-2.7207934856414795,3.4990475177764893
1790266846925566500,15.80956640625,-8.811971664428711,-2.570983648300171,3.4510231018066406
1790266846935566600,15.819566650390625,-8.86461067199707,-2.422192096710205,3.42374849319458
1790266846945566500,15.82956640625,-8.90828800201416,-2.278564929962158,3.408947467803955
1790266846955566600,15.839566650390625,-8.946577072143555,-2.1406681537628174,3.3980438709259033
1790266846965566500,15.84956640625,-8.982218742370605,-2.005999803543091,3.386162757873535
1790266846975566600,15.859566650390626,-9.015599250793457,-1.874897837638855,3.372551918029785
1790266846985566500,15.86956640625,-9.043696403503418,-1.747117280960083,3.365935802459717
1790266846995566600,15.879566650390625,-9.067468643188477,-1.6222034692764282,3.364497661590576
1790266847005566500,15.88956640625,-9.088072776794434,-1.5015608072280884,3.364910364151001
1790266847015566600,15.899566650390625,-9.103675842285156,-1.3883631229400635,3.371337652206421
1790266847025566500,15.90956640625,-9.114675521850586,-1.289672613143921,3.38080096244812
1790266847035566600,15.919566650390625,-9.12336254119873,-1.211107850074768,3.3864240646362305
1790266847045566500,15.92956640625,-9.12922477722168,-1.149294376373291,3.392162799835205
1790266847055566600,15.939566650390624,-9.128843307495117,-1.1007059812545776,3.409261465072632
1790266847065566500,15.94956640625,-9.121037483215332,-1.063668131828308,3.4417552947998047
1790266847075566600,15.959566650390625,-9.110718727111816,-1.0349229574203491,3.4776611328125
1790266847085566500,15.96956640625,-9.1008939743042,-1.0117443799972534,3.510056257247925
1790266847095566600,15.979566650390625,-9.090374946594238,-0.9950338006019592,3.5419445037841797
1790266847105566500,15.98956640625,-9.078354835510254,-0.9856867790222168,3.5752322673797607
1790266847115566600,15.999566650390625,-9.063912391662598,-0.9834028482437134,3.6123135089874268
1790266847125566500,16.00956640625,-9.048248291015625,-0.9890943765640259,3.6498332023620605
1790266847135566600,16.019566650390626,-9.028300285339355,-1.0014666318893433,3.6955723762512207
1790266847145566500,16.02956640625,-9.002614974975586,-1.026885986328125,3.750840425491333
1790266847155566600,16.039566650390626,-8.976190567016602,-1.0672521591186523,3.8025460243225098
1790266847165566500,16.04956640625,-8.94945240020752,-1.1227365732192993,3.8493032455444336
1790266847175566600,16.059566650390625,-8.92174243927002,-1.1924597024917603,3.892420768737793
1790266847185566500,16.06956640625,-8.895708084106445,-1.2681511640548706,3.9279189109802246
1790266847195566600,16.079566650390625,-8.872289657592773,-1.3484153747558594,3.9540674686431885
1790266847205566500,16.08956640625,-8.849261283874512,-1.426209568977356,3.978302478790283
1790266847215566600,16.099566650390624,-8.822869300842285,-1.502869963645935,4.008584499359131
1790266847225566500,16.10956640625,-8.791675567626953,-1.5857915878295898,4.045005798339844
1790266847235566600,16.119566650390624,-8.759272575378418,-1.677231788635254,4.0782880783081055
1790266847245566500,16.12956640625,-8.727477073669434,-1.7755162715911865,4.104762554168701
1790266847255566600,16.139566650390623,-8.697244644165039,-1.8787953853607178,4.122915744781494
1790266847265566500,16.14956640625,-8.668025970458984,-1.9833431243896484,4.135464191436768
1790266847275566600,16.159566650390627,-8.635623931884766,-2.0873570442199707,4.1520256996154785
1790266847285566500,16.16956640625,-8.596928596496582,-2.19271183013916,4.177944660186768
1790266847295566600,16.179566650390626,-8.550370216369629,-2.304112672805786,4.2133870124816895
1790266847305566500,16.18956640625,-8.497257232666016,-2.4244801998138428,4.2531046867370605
1790266847315566600,16.199566650390626,-8.438182830810547,-2.5555317401885986,4.293799877166748
1790266847325566500,16.20956640625,-8.374893188476562,-2.6939141750335693,4.332940101623535
1790266847335566600,16.219566650390625,-8.30557632446289,-2.8357126712799072,4.375673770904541
1790266847345566500,16.22956640625,-8.227018356323242,-2.9793496131896973,4.4283223152160645
1790266847355566600,16.239566650390625,-8.140018463134766,-3.126113176345825,4.487528324127197
1790266847365566500,16.24956640625,-8.046977996826172,-3.2780709266662598,4.546513080596924
1790266847375566600,16.259566650390624,-7.948343276977539,-3.4348740577697754,4.60389518737793
1790266847385566500,16.26956640625,-7.8434600830078125,-3.5948262214660645,4.661303520202637
1790266847395566600,16.279566650390624,-7.733380317687988,-3.757619857788086,4.716513633728027
1790266847405566500,16.28956640625,-7.622012138366699,-3.9237186908721924,4.762325763702393
1790266847415566600,16.299566650390624,-7.512355804443359,-4.090636253356934,4.795996189117432
1790266847425566500,16.30956640625,-7.402321815490723,-4.255969524383545,4.823145866394043
1790266847435566600,16.319566650390627,-7.290274143218994,-4.418312072753906,4.847762584686279
1790266847445566500,16.32956640625,-7.178055286407471,-4.576358795166016,4.868557453155518
1790266847455566600,16.339566650390626,-7.063846588134766,-4.732529640197754,4.886268615722656
1790266847465566500,16.34956640625,-6.94927453994751,-4.8850836753845215,4.900402069091797
1790266847475566600,16.359566650390626,-6.838597774505615,-5.032085418701172,4.907351016998291
1790266847485566500,16.36956640625,-6.735198497772217,-5.174973964691162,4.901748180389404
1790266847495566600,16.379566650390625,-6.635533809661865,-5.318578243255615,4.883934020996094
1790266847505566500,16.38956640625,-6.53410530090332,-5.4662766456604,4.857537269592285
1790266847515566600,16.399566650390625,-6.427595138549805,-5.6188859939575195,4.825405120849609
1790266847525566500,16.40956640625,-6.315331935882568,-5.775121688842773,4.78904390335083
1790266847535566600,16.419566650390625,-6.197261810302734,-5.93313455581665,4.749974250793457
1790266847545566500,16.42956640625,-6.074969291687012,-6.091512203216553,4.707293510437012
1790266847555566600,16.439566650390624,-5.949280261993408,-6.2505388259887695,4.659099102020264
1790266847565566500,16.44956640625,-5.825935363769531,-6.408547401428223,4.5999321937561035
1790266847575566600,16.459566650390624,-5.708446025848389,-6.563950061798096,4.527536869049072
1790266847585566500,16.46956640625,-5.591220855712891,-6.719925403594971,4.444237232208252
1790266847595566600,16.479566650390623,-5.4672698974609375,-6.879966735839844,4.35263204574585
1790266847605566500,16.48956640625,-5.336071491241455,-7.041867733001709,4.255446910858154
1790266847615566600,16.499566650390626,-5.199679851531982,-7.200087547302246,4.158420562744141
1790266847625566500,16.50956640625,-5.061980724334717,-7.349770545959473,4.0654168128967285
1790266847635566600,16.519566650390626,-4.928831100463867,-7.487356662750244,3.9769976139068604
1790266847645566500,16.52956640625,-4.808379173278809,-7.609033107757568,3.892620801925659
1790266847655566600,16.539566650390626,-4.697480201721191,-7.717522144317627,3.8136491775512695
1790266847665566500,16.54956640625,-4.589717388153076,-7.817131996154785,3.741300106048584
1790266847675566600,16.559566650390625,-4.481466293334961,-7.911112308502197,3.6743922233581543
1790266847685566500,16.56956640625,-4.37977409362793,-7.9993743896484375,3.605271816253662
1790266847695566600,16.579566650390625,-4.290267467498779,-8.082335472106934,3.5270168781280518
1790266847705566500,16.58956640625,-4.211540699005127,-8.157831192016602,3.447187662124634
1790266847715566600,16.599566650390624,-4.140890598297119,-8.222986221313477,3.3772642612457275
1790266847725566500,16.60956640625,-4.077186107635498,-8.277674674987793,3.320700168609619
1790266847735566600,16.619566650390624,-4.0204267501831055,-8.321476936340332,3.2801783084869385
1790266847745566500,16.62956640625,-3.9711225032806396,-8.355827331542969,3.2528018951416016
1790266847755566600,16.639566650390623,-3.9276299476623535,-8.382875442504883,3.2359726428985596
1790266847765566500,16.64956640625,-3.8877980709075928,-8.405397415161133,3.225633382797241
1790266847775566600,16.659566650390627,-3.849625825881958,-8.424891471862793,3.2205560207366943
1790266847785566500,16.66956640625,-3.8153324127197266,-8.441646575927734,3.217486619949341
1790266847795566600,16.679566650390626,-3.7895758152008057,-8.454535484313965,3.214083671569824
1790266847805566500,16.68956640625,-3.7751572132110596,-8.46269416809082,3.2095768451690674
1790266847815566600,16.699566650390626,-3.7717394828796387,-8.466933250427246,3.2024073600769043
1790266847825566500,16.70956640625,-3.777597427368164,-8.467642784118652,3.1936147212982178
1790266847835566600,16.719566650390625,-3.792339563369751,-8.46450424194336,3.184448480606079
1790266847845566500,16.72956640625,-3.815369129180908,-8.45710277557373,3.1765949726104736
1790266847855566600,16.739566650390625,-3.8433926105499268,-8.44579029083252,3.1729085445404053
1790266847865566500,16.74956640625,-3.8751885890960693,-8.429841041564941,3.176645517349243
1790266847875566600,16.759566650390624,-3.91373610496521,-8.408082008361816,3.1870360374450684
1790266847885566500,16.76956640625,-3.964033603668213,-8.37837028503418,3.2030820846557617
1790266847895566600,16.779566650390624,-4.027616024017334,-8.339858055114746,3.224200487136841
1790266847905566500,16.78956640625,-4.099888801574707,-8.29522705078125,3.2481534481048584
1790266847915566600,16.799566650390624,-4.176208019256592,-8.247803688049316,3.2716073989868164
1790266847925566500,16.80956640625,-4.2522077560424805,-8.201850891113281,3.2891883850097656
1790266847935566600,16.819566650390627,-4.3230695724487305,-8.160398483276367,3.2999022006988525
1790266847945566500,16.82956640625,-4.3855061531066895,-8.12418270111084,3.306868314743042
1790266847955566600,16.839566650390626,-4.438501834869385,-8.093133926391602,3.3122901916503906
1790266847965566500,16.84956640625,-4.485659122467041,-8.065780639648438,3.3154826164245605
1790266847975566600,16.859566650390626,-4.532412052154541,-8.039822578430176,3.3149478435516357
1790266847985566500,16.86956640625,-4.5796732902526855,-8.014829635620117,3.3105099201202393
1790266847995566600,16.879566650390625,-4.624311923980713,-7.99027156829834,3.307821035385132
1790266848005566500,16.88956640625,-4.6612749099731445,-7.9649248123168945,3.317058801651001
1790266848015566600,16.899566650390625,-4.689002990722656,-7.937371253967285,3.3439154624938965
1790266848025566500,16.90956640625,-4.7085652351379395,-7.90761661529541,3.386648178100586
1790266848035566600,16.919566650390625,-4.723612308502197,-7.875764846801758,3.4395079612731934
1790266848045566500,16.92956640625,-4.739451885223389,-7.841976165771484,3.494478464126587
1790266848055566600,16.939566650390624,-4.760153770446777,-7.807884216308594,3.542354106903076
1790266848065566500,16.94956640625,-4.787936210632324,-7.774598121643066,3.577942371368408
1790266848075566600,16.959566650390624,-4.824061393737793,-7.7416534423828125,3.6007821559906006
1790266848085566500,16.96956640625,-4.868564128875732,-7.707902908325195,3.6132664680480957
1790266848095566600,16.979566650390623,-4.919947147369385,-7.67122745513916,3.6217093467712402
1790266848105566500,16.98956640625,-4.9752349853515625,-7.628931045532227,3.6354973316192627
1790266848115566600,16.999566650390626,-5.030858516693115,-7.578962326049805,3.6633551120758057
1790266848125566500,17.00956640625,-5.083093643188477,-7.521873950958252,3.708632707595825
1790266848135566600,17.019566650390626,-5.12907600402832,-7.461785793304443,3.766261100769043
1790266848145566500,17.02956640625,-5.17026948928833,-7.4017558097839355,3.8278863430023193
1790266848155566600,17.039566650390626,-5.208180904388428,-7.34314489364624,3.8888914585113525
1790266848165566500,17.04956640625,-5.2478132247924805,-7.284841060638428,3.9448602199554443
1790266848175566600,17.059566650390625,-5.295915126800537,-7.22325325012207,3.9935286045074463
1790266848185566500,17.06956640625,-5.356322765350342,-7.15364933013916,4.03800630569458
1790266848195566600,17.079566650390625,-5.425868511199951,-7.072949409484863,4.0870184898376465
1790266848205566500,17.08956640625,-5.4974775314331055,-6.982455253601074,4.146496772766113
1790266848215566600,17.099566650390624,-5.5651750564575195,-6.88779878616333,4.213957786560059
1790266848225566500,17.10956640625,-5.626523971557617,-6.793886184692383,4.284357070922852
1790266848235566600,17.119566650390624,-5.685069561004639,-6.701454162597656,4.352112770080566
1790266848245566500,17.12956640625,-5.746809959411621,-6.608044624328613,4.413424015045166
1790266848255566600,17.139566650390623,-5.815099239349365,-6.51057243347168,4.468496322631836
1790266848265566500,17.14956640625,-5.887063980102539,-6.411261558532715,4.517585754394531
1790266848275566600,17.159566650390627,-5.95993185043335,-6.315838813781738,4.556289196014404
1790266848285566500,17.16956640625,-6.034188747406006,-6.226395130157471,4.581589221954346
1790266848295566600,17.179566650390626,-6.114881992340088,-6.137169361114502,4.594969749450684
1790266848305566500,17.18956640625,-6.203615665435791,-6.041745185852051,4.602482795715332
1790266848315566600,17.199566650390626,-6.294604301452637,-5.9408135414123535,4.610321998596191
1790266848325566500,17.20956640625,-6.38054895401001,-5.844301700592041,4.615530014038086
1790266848335566600,17.219566650390625,-6.4623565673828125,-5.759469985961914,4.608344078063965
1790266848345566500,17.22956640625,-6.547171115875244,-5.685009479522705,4.581004619598389
1790266848355566600,17.239566650390625,-6.6400933265686035,-5.611261367797852,4.537984848022461
1790266848365566500,17.24956640625,-6.742464065551758,-5.527831077575684,4.489170074462891
1790266848375566600,17.259566650390624,-6.853431701660156,-5.431225299835205,4.43876838684082
1790266848385566500,17.26956640625,-6.9711527824401855,-5.323304176330566,4.38586950302124
1790266848395566600,17.279566650390624,-7.09419059753418,-5.204463481903076,4.33086633682251
1790266848405566500,17.28956640625,-7.222955226898193,-5.071452617645264,4.275473594665527
1790266848415566600,17.299566650390624,-7.353796482086182,-4.924966812133789,4.223360538482666
1790266848425566500,17.30956640625,-7.478923797607422,-4.775828838348389,4.174631118774414
1790266848435566600,17.319566650390627,-7.592826843261719,-4.638266086578369,4.123816013336182
1790266848445566500,17.32956640625,-7.696781158447266,-4.513864994049072,4.068779468536377
1790266848455566600,17.339566650390626,-7.7952375411987305,-4.392221927642822,4.014105796813965
1790266848465566500,17.34956640625,-7.891693592071533,-4.262814044952393,3.9648427963256836
1790266848475566600,17.359566650390626,-7.9881720542907715,-4.125565052032471,3.916531801223755
1790266848485566500,17.36956640625,-8.084869384765625,-3.9840898513793945,3.864232301712036
1790266848495566600,17.379566650390625,-8.181167602539062,-3.8366036415100098,3.810427665710449
1790266848505566500,17.38956640625,-8.276070594787598,-3.676546096801758,3.762983798980713
1790266848515566600,17.399566650390625,-8.367012977600098,-3.498573064804077,3.7314157485961914
1790266848525566500,17.40956640625,-8.448736190795898,-3.3063974380493164,3.7224960327148438
1790266848535566600,17.419566650390625,-8.517294883728027,-3.1157443523406982,3.730713367462158
1790266848545566500,17.42956640625,-8.574248313903809,-2.9420464038848877,3.741258144378662
1790266848555566600,17.439566650390624,-8.623345375061035,-2.7899491786956787,3.7449285984039307
1790266848565566500,17.44956640625,-8.669445037841797,-2.6508421897888184,3.739537239074707
1790266848575566600,17.459566650390624,-8.718056678771973,-2.513340711593628,3.7214229106903076
1790266848585566500,17.46956640625,-8.770442962646484,-2.3721044063568115,3.690912961959839
1790266848595566600,17.479566650390623,-8.823344230651855,-2.2319750785827637,3.652021646499634
1790266848605566500,17.48956640625,-8.871874809265137,-2.0996906757354736,3.612689256668091
1790266848615566600,17.499566650390626,-8.913212776184082,-1.9735133647918701,3.581936836242676
1790266848625566500,17.50956640625,-8.947606086730957,-1.8474220037460327,3.5633935928344727
1790266848635566600,17.519566650390626,-8.974783897399902,-1.7236641645431519,3.5570528507232666
1790266848645566500,17.52956640625,-8.994553565979004,-1.6093398332595825,3.560676336288452
1790266848655566600,17.539566650390626,-9.010783195495605,-1.510672688484192,3.562868356704712
1790266848665566500,17.54956640625,-9.02869701385498,-1.4296926259994507,3.550915479660034
1790266848675566600,17.559566650390625,-9.046134948730469,-1.3625801801681519,3.5328757762908936
1790266848685566500,17.56956640625,-9.05735969543457,-1.305354118347168,3.5257155895233154
1790266848695566600,17.579566650390625,-9.064414024353027,-1.2587279081344604,3.524542808532715
1790266848705566500,17.58956640625,-9.070114135742188,-1.2211434841156006,3.5230987071990967
1790266848715566600,17.599566650390624,-9.07104206085205,-1.1893086433410645,3.531587600708008
1790266848725566500,17.60956640625,-9.066783905029297,-1.1644328832626343,3.5507636070251465
1790266848735566600,17.619566650390624,-9.059260368347168,-1.1468130350112915,3.575613260269165
1790266848745566500,17.62956640625,-9.047835350036621,-1.1344867944717407,3.6083221435546875
1790266848755566600,17.639566650390623,-9.034048080444336,-1.1325137615203857,3.643319606781006
1790266848765566500,17.64956640625,-9.016946792602539,-1.142204999923706,3.682448148727417
1790266848775566600,17.659566650390627,-8.997515678405762,-1.1599823236465454,3.724184036254883
1790266848785566500,17.66956640625,-8.980642318725586,-1.1833317279815674,3.7574148178100586
1790266848795566600,17.679566650390626,-8.966235160827637,-1.2106040716171265,3.7830498218536377
1790266848805566500,17.68956640625,-8.952295303344727,-1.2445638179779053,3.804978370666504
1790266848815566600,17.699566650390626,-8.936884880065918,-1.2888494729995728,3.826401948928833
1790266848825566500,17.70956640625,-8.920042991638184,-1.3452526330947876,3.8462345600128174
1790266848835566600,17.719566650390625,-8.90352725982666,-1.4148379564285278,3.8595097064971924
1790266848845566500,17.72956640625,-8.887737274169922,-1.4896538257598877,3.8677444458007812
1790266848855566600,17.739566650390625,-8.87037467956543,-1.556654453277588,3.881195306777954
1790266848865566500,17.74956640625,-8.850531578063965,-1.6190804243087769,3.9009041786193848
1790266848875566600,17.759566650390624,-8.82771110534668,-1.68917977809906,3.922827959060669
1790266848885566500,17.76956640625,-8.80221176147461,-1.7683024406433105,3.945195198059082
1790266848895566600,17.779566650390624,-8.772791862487793,-1.8570942878723145,3.969851493835449
1790266848905566500,17.78956640625,-8.740970611572266,-1.9581488370895386,3.9914259910583496
1790266848915566600,17.799566650390624,-8.709189414978027,-2.0684814453125,4.005218982696533
1790266848925566500,17.80956640625,-8.677623748779297,-2.1828854084014893,4.013010025024414
1790266848935566600,17.819566650390627,-8.643616676330566,-2.2977590560913086,4.022261619567871
1790266848945566500,17.82956640625,-8.603217124938965,-2.416041612625122,4.039525985717773
1790266848955566600,17.839566650390626,-8.554941177368164,-2.54266095161438,4.064264297485352
1790266848965566500,17.84956640625,-8.501678466796875,-2.680119037628174,4.087639808654785
1790266848975566600,17.859566650390626,-8.446684837341309,-2.8229455947875977,4.105467796325684
1790266848985566500,17.86956640625,-8.38991641998291,-2.9670345783233643,4.120242118835449
1790266848995566600,17.879566650390625,-8.327943801879883,-3.111768960952759,4.139158248901367
1790266849005566500,17.88956640625,-8.256421089172363,-3.2622663974761963,4.166476249694824
1790266849015566600,17.899566650390625,-8.175756454467773,-3.420990228652954,4.1981201171875
1790266849025566500,17.90956640625,-8.0870943069458,-3.586681365966797,4.2314300537109375
1790266849035566600,17.919566650390625,-7.991301536560059,-3.75667667388916,4.2657790184021
1790266849045566500,17.92956640625,-7.888522148132324,-3.930678367614746,4.3001604080200195
1790266849055566600,17.939566650390624,-7.777094841003418,-4.108778953552246,4.33648681640625
1790266849065566500,17.94956640625,-7.653442859649658,-4.2903218269348145,4.38045072555542
1790266849075566600,17.959566650390624,-7.5193095207214355,-4.471092224121094,4.431671619415283
1790266849085566500,17.96956640625,-7.381441593170166,-4.645627975463867,4.483619689941406
1790266849095566600,17.979566650390623,-7.242586135864258,-4.812481880187988,4.533799648284912
1790266849105566500,17.98956640625,-7.102357387542725,-4.972169399261475,4.5830607414245605
1790266849115566600,17.999566650390626,-6.9605207443237305,-5.1248579025268555,4.632210731506348
1790266849125566500,18.00956640625,-6.818198204040527,-5.271756172180176,4.678797721862793
1790266849135566600,18.019566650390626,-6.681151866912842,-5.412256240844727,4.715938568115234
1790266849145566500,18.02956640625,-6.553746223449707,-5.546473503112793,4.7387166023254395
1790266849155566600,18.039566650390626,-6.432319641113281,-5.68004035949707,4.746872425079346
1790266849165566500,18.04956640625,-6.315758228302002,-5.816996097564697,4.73752498626709
1790266849175566600,18.059566650390625,-6.203157424926758,-5.957886219024658,4.711138725280762
1790266849185566500,18.06956640625,-6.092559337615967,-6.102847576141357,4.669728755950928
1790266849195566600,18.079566650390625,-5.98327112197876,-6.250192642211914,4.6158366203308105
1790266849205566500,18.08956640625,-5.871556282043457,-6.39874792098999,4.555353164672852
1790266849215566600,18.099566650390624,-5.753694534301758,-6.547204971313477,4.494384765625
1790266849225566500,18.10956640625,-5.631141185760498,-6.695412635803223,4.430811882019043
1790266849235566600,18.119566650390624,-5.504831314086914,-6.8451337814331055,4.360200881958008
1790266849245566500,18.12956640625,-5.371725559234619,-6.998626708984375,4.281842231750488
1790266849255566600,18.139566650390623,-5.230005741119385,-7.155526638031006,4.197125434875488
1790266849265566500,18.14956640625,-5.082975387573242,-7.311164855957031,4.108603477478027
1790266849275566600,18.159566650390627,-4.93287467956543,-7.460784912109375,4.021668910980225
1790266849285566500,18.16956640625,-4.78116512298584,-7.601200103759766,3.9411420822143555
1790266849295566600,18.179566650390626,-4.627424240112305,-7.732860088348389,3.8678417205810547
1790266849305566500,18.18956640625,-4.471025466918945,-7.85952091217041,3.7958197593688965
1790266849315566600,18.199566650390626,-4.316905498504639,-7.984114170074463,3.713305950164795
1790266849325566500,18.20956640625,-4.170338153839111,-8.107515335083008,3.612043857574463
1790266849335566600,18.219566650390625,-4.029921531677246,-8.230640411376953,3.4909427165985107
1790266849345566500,18.22956640625,-3.89359712600708,-8.35103988647461,3.357145309448242
1790266849355566600,18.239566650390625,-3.7631239891052246,-8.46396255493164,3.2203454971313477
1790266849365566500,18.24956640625,-3.6380748748779297,-8.56540584564209,3.09332013130188
1790266849375566600,18.259566650390624,-3.51790714263916,-8.652168273925781,2.989096164703369
1790266849385566500,18.26956640625,-3.398763656616211,-8.725780487060547,2.911966562271118
1790266849395566600,18.279566650390624,-3.2793846130371094,-8.789639472961426,2.856269359588623
1790266849405566500,18.28956640625,-3.161649465560913,-8.846125602722168,2.8143250942230225
1790266849415566600,18.299566650390624,-3.0490939617156982,-8.895990371704102,2.7811458110809326
1790266849425566500,18.30956640625,-2.9504528045654297,-8.936408042907715,2.7578670978546143
1790266849435566600,18.319566650390627,-2.8715646266937256,-8.966630935668945,2.7429986000061035
1790266849445566500,18.32956640625,-2.8118233680725098,-8.988298416137695,2.7339553833007812
1790266849455566600,18.339566650390626,-2.7716705799102783,-9.00199031829834,2.729907274246216
1790266849465566500,18.34956640625,-2.7548234462738037,-9.006306648254395,2.732720136642456
1790266849475566600,18.359566650390626,-2.761699676513672,-9.000810623168945,2.743868350982666
1790266849485566500,18.36956640625,-2.7884132862091064,-8.987112998962402,2.7616941928863525
1790266849495566600,18.379566650390625,-2.8284947872161865,-8.9682035446167,2.782327651977539
1790266849505566500,18.38956640625,-2.878019332885742,-8.945821762084961,2.803511381149292
1790266849515566600,18.399566650390625,-2.938978433609009,-8.919756889343262,2.8232481479644775
1790266849525566500,18.40956640625,-3.015207052230835,-8.889134407043457,2.839402437210083
1790266849535566600,18.419566650390625,-3.1051814556121826,-8.853272438049316,2.854438304901123
1790266849545566500,18.42956640625,-3.2015621662139893,-8.812007904052734,2.87556791305542
1790266849555566600,18.439566650390624,-3.300442934036255,-8.764747619628906,2.908033609390259
1790266849565566500,18.44956640625,-3.4005656242370605,-8.711664199829102,2.951857089996338
1790266849575566600,18.459566650390624,-3.5013587474823,-8.654808044433594,3.0008630752563477
1790266849585566500,18.46956640625,-3.600411891937256,-8.59671688079834,3.050229072570801
1790266849595566600,18.479566650390623,-3.6933443546295166,-8.538607597351074,3.1018991470336914
1790266849605566500,18.48956640625,-3.7787985801696777,-8.483256340026855,3.1504642963409424
1790266849615566600,18.499566650390626,-3.8612992763519287,-8.430156707763672,3.1926801204681396
1790266849625566500,18.50956640625,-3.942537307739258,-8.380315780639648,3.224452495574951
1790266849635566600,18.519566650390626,-4.024027347564697,-8.332782745361328,3.2468931674957275
1790266849645566500,18.52956640625,-4.108147621154785,-8.283378601074219,3.2678985595703125
1790266849655566600,18.539566650390626,-4.191997528076172,-8.231090545654297,3.293430805206299
1790266849665566500,18.54956640625,-4.272101879119873,-8.178088188171387,3.322408676147461
1790266849675566600,18.559566650390625,-4.3461503982543945,-8.126667976379395,3.352407932281494
1790266849685566500,18.56956640625,-4.413151741027832,-8.07718276977539,3.3843154907226562
1790266849695566600,18.579566650390625,-4.472833633422852,-8.028522491455078,3.421546220779419
1790266849705566500,18.58956640625,-4.526357173919678,-7.978692531585693,3.4674112796783447
1790266849715566600,18.599566650390624,-4.576970100402832,-7.92545747756958,3.5226221084594727
1790266849725566500,18.60956640625,-4.62805700302124,-7.867774963378906,3.5846338272094727
1790266849735566600,18.619566650390624,-4.683034896850586,-7.805152893066406,3.649540424346924
1790266849745566500,18.62956640625,-4.74450159072876,-7.737294673919678,3.7140774726867676
1790266849755566600,18.639566650390623,-4.812276363372803,-7.664868354797363,3.7765300273895264
1790266849765566500,18.64956640625,-4.885201930999756,-7.589303970336914,3.8350536823272705
1790266849775566600,18.659566650390627,-4.962630748748779,-7.512575149536133,3.886373996734619
1790266849785566500,18.66956640625,-5.046604156494141,-7.433915138244629,3.92926025390625
1790266849795566600,18.679566650390626,-5.140893936157227,-7.350729465484619,3.96337890625
1790266849805566500,18.68956640625,-5.246135711669922,-7.2607903480529785,3.991161346435547
1790266849815566600,18.699566650390626,-5.354869842529297,-7.166278839111328,4.017485618591309
1790266849825566500,18.70956640625,-5.457916259765625,-7.0718092918396,4.046115875244141
1790266849835566600,18.719566650390625,-5.5503435134887695,-6.982641696929932,4.075143814086914
1790266849845566500,18.72956640625,-5.6341376304626465,-6.899419784545898,4.101815700531006
1790266849855566600,18.739566650390625,-5.717136859893799,-6.816135406494141,4.126138210296631
1790266849865566500,18.74956640625,-5.807709693908691,-6.723932266235352,4.150859355926514
1790266849875566600,18.759566650390624,-5.906883239746094,-6.6193084716796875,4.178979873657227
1790266849885566500,18.76956640625,-6.007167816162109,-6.507479667663574,4.211535930633545
1790266849895566600,18.779566650390624,-6.103011608123779,-6.397679805755615,4.241854190826416
1790266849905566500,18.78956640625,-6.19624137878418,-6.293468475341797,4.262538909912109
1790266849915566600,18.799566650390624,-6.291963577270508,-6.190690517425537,4.27281379699707
1790266849925566500,18.80956640625,-6.392619609832764,-6.082986354827881,4.2780938148498535
1790266849935566600,18.819566650390627,-6.495221138000488,-5.967714786529541,4.285892963409424
1790266849945566500,18.82956640625,-6.59528923034668,-5.848471164703369,4.297434329986572
1790266849955566600,18.839566650390626,-6.692808151245117,-5.730169296264648,4.306026935577393
1790266849965566500,18.84956640625,-6.790828227996826,-5.6150593757629395,4.304201126098633
1790266849975566600,18.859566650390626,-6.893127918243408,-5.500245094299316,4.289811134338379
1790266849985566500,18.86956640625,-7.002700328826904,-5.3782525062561035,4.266963005065918
1790266849995566600,18.879566650390625,-7.117326736450195,-5.245615005493164,4.242355823516846
1790266850005566500,18.88956640625,-7.230037689208984,-5.104848384857178,4.2234416007995605
1790266850015566600,18.899566650390625,-7.336888790130615,-4.961759567260742,4.209679126739502
1790266850025566500,18.90956640625,-7.43922233581543,-4.8195929527282715,4.1952223777771
1790266850035566600,18.919566650390625,-7.542279243469238,-4.67653751373291,4.173058986663818
1790266850045566500,18.92956640625,-7.647887706756592,-4.531667232513428,4.140553951263428
1790266850055566600,18.939566650390624,-7.749859809875488,-4.389443874359131,4.10400390625
1790266850065566500,18.94956640625,-7.841028213500977,-4.254293441772461,4.0730414390563965
1790266850075566600,18.959566650390624,-7.9228901863098145,-4.123937606811523,4.048621654510498
1790266850085566500,18.96956640625,-8.00492000579834,-3.990676164627075,4.020712852478027
1790266850095566600,18.979566650390623,-8.094708442687988,-3.849982976913452,3.977902412414551
1790266850105566500,18.98956640625,-8.190900802612305,-3.702524185180664,3.9205665588378906
1790266850115566600,18.999566650390626,-8.285970687866211,-3.5502572059631348,3.861185073852539
1790266850125566500,19.00956640625,-8.37234878540039,-3.395740032196045,3.8135435581207275
1790266850135566600,19.019566650390626,-8.44903564453125,-3.2413814067840576,3.7785747051239014
1790266850145566500,19.02956640625,-8.520038604736328,-3.0896248817443848,3.7461373805999756
1790266850155566600,19.039566650390626,-8.58847713470459,-2.9409828186035156,3.7093212604522705
1790266850165566500,19.04956640625,-8.656293869018555,-2.795764207839966,3.663696050643921
1790266850175566600,19.059566650390625,-8.724333763122559,-2.6544408798217773,3.6069836616516113
1790266850185566500,19.06956640625,-8.789923667907715,-2.513294219970703,3.548377275466919
1790266850195566600,19.079566650390625,-8.84793472290039,-2.3695008754730225,3.502842903137207
1790266850205566500,19.08956640625,-8.895064353942871,-2.226818323135376,3.4769952297210693
1790266850215566600,19.099566650390624,-8.933303833007812,-2.091764450073242,3.4628007411956787
1790266850225566500,19.10956640625,-8.967244148254395,-1.9690113067626953,3.4470162391662598
1790266850235566600,19.119566650390624,-8.998810768127441,-1.8506289720535278,3.430302619934082
1790266850245566500,19.12956640625,-9.026373863220215,-1.7338117361068726,3.4188969135284424
1790266850255566600,19.139566650390623,-9.049505233764648,-1.6266391277313232,3.410409450531006
1790266850265566500,19.14956640625,-9.070074081420898,-1.5306397676467896,3.4001898765563965
1790266850275566600,19.159566650390627,-9.089056015014648,-1.445408821105957,3.3867740631103516
1790266850285566500,19.16956640625,-9.104686737060547,-1.3700839281082153,3.376081943511963
1790266850295566600,19.179566650390626,-9.114227294921875,-1.3027818202972412,3.376981019973755
1790266850305566500,19.18956640625,-9.114073753356934,-1.2457315921783447,3.3988523483276367
1790266850315566600,19.199566650390626,-9.109695434570312,-1.2014769315719604,3.426409959793091
1790266850325566500,19.20956640625,-9.107322692871094,-1.1693772077560425,3.443779468536377
1790266850335566600,19.219566650390625,-9.103346824645996,-1.1424877643585205,3.4632601737976074
1790266850345566500,19.22956640625,-9.095084190368652,-1.125321865081787,3.490485668182373
1790266850355566600,19.239566650390625,-9.086054801940918,-1.1251097917556763,3.5139904022216797
1790266850365566500,19.24956640625,-9.077120780944824,-1.1368540525436401,3.5332467555999756
1790266850375566600,19.259566650390624,-9.071290016174316,-1.1533019542694092,3.5428764820098877
1790266850385566500,19.26956640625,-9.06644058227539,-1.1743369102478027,3.5483741760253906
1790266850395566600,19.279566650390624,-9.061147689819336,-1.2035866975784302,3.5520946979522705
1790266850405566500,19.28956640625,-9.056903839111328,-1.244283676147461,3.5488927364349365
1790266850415566600,19.299566650390624,-9.0507173538208,-1.2928746938705444,3.5473060607910156
1790266850425566500,19.30956640625,-9.039586067199707,-1.3453565835952759,3.556164264678955
1790266850435566600,19.319566650390627,-9.026700973510742,-1.3991544246673584,3.5681118965148926
1790266850445566500,19.32956640625,-9.012350082397461,-1.4592249393463135,3.580308198928833
1790266850455566600,19.339566650390626,-8.995131492614746,-1.5296905040740967,3.5941691398620605
1790266850465566500,19.34956640625,-8.976131439208984,-1.6047381162643433,3.6089134216308594
1790266850475566600,19.359566650390626,-8.95393180847168,-1.6847803592681885,3.627533435821533
1790266850485566500,19.36956640625,-8.92780590057373,-1.7742806673049927,3.6491925716400146
1790266850495566600,19.379566650390625,-8.898225784301758,-1.869673252105713,3.6737303733825684
1790266850505566500,19.38956640625,-8.862873077392578,-1.9681707620620728,3.7075836658477783
1790266850515566600,19.399566650390625,-8.821139335632324,-2.0723912715911865,3.750077486038208
1790266850525566500,19.40956640625,-8.777349472045898,-2.1819002628326416,3.7904911041259766
1790266850535566600,19.419566650390625,-8.7313232421875,-2.296147346496582,3.8291103839874268
1790266850545566500,19.42956640625,-8.680275917053223,-2.416112184524536,3.8711235523223877
1790266850555566600,19.439566650390624,-8.622732162475586,-2.5428152084350586,3.918285369873047
1790266850565566500,19.44956640625,-8.560043334960938,-2.674830198287964,3.967534303665161
1790266850575566600,19.459566650390624,-8.493127822875977,-2.8091540336608887,4.018187999725342
1790266850585566500,19.46956640625,-8.420988082885742,-2.9457762241363525,4.071824550628662
1790266850595566600,19.479566650390623,-8.342813491821289,-3.0857925415039062,4.128647327423096
1790266850605566500,19.48956640625,-8.260881423950195,-3.2272777557373047,4.184840202331543
1790266850615566600,19.499566650390626,-8.176007270812988,-3.370877742767334,4.237980842590332
1790266850625566500,19.50956640625,-8.087728500366211,-3.516672134399414,4.288596153259277
1790266850635566600,19.519566650390626,-7.996269702911377,-3.6629796028137207,4.337352275848389
1790266850645566500,19.52956640625,-7.902115821838379,-3.8100483417510986,4.382976531982422
1790266850655566600,19.539566650390626,-7.805670738220215,-3.9604508876800537,4.42229700088501
1790266850665566500,19.54956640625,-7.707518100738525,-4.114850997924805,4.453375339508057
1790266850675566600,19.559566650390625,-7.607515811920166,-4.272422790527344,4.4768853187561035
1790266850685566500,19.56956640625,-7.501258373260498,-4.433963775634766,4.499053001403809
1790266850695566600,19.579566650390625,-7.38713264465332,-4.5997209548950195,4.521419525146484
1790266850705566500,19.58956640625,-7.268322467803955,-4.767228126525879,4.54041862487793
1790266850715566600,19.599566650390624,-7.146813869476318,-4.9335551261901855,4.555598258972168
1790266850725566500,19.60956640625,-7.0211005210876465,-5.097616672515869,4.570429801940918
1790266850735566600,19.619566650390624,-6.885890960693359,-5.261672019958496,4.590174198150635
1790266850745566500,19.62956640625,-6.742055892944336,-5.425899505615234,4.6124491691589355
1790266850755566600,19.639566650390623,-6.591712474822998,-5.588910102844238,4.635062217712402
1790266850765566500,19.64956640625,-6.4369306564331055,-5.75083065032959,4.654487609863281
1790266850775566600,19.659566650390627,-6.283723831176758,-5.912113666534424,4.661770343780518
1790266850785566500,19.66956640625,-6.135949611663818,-6.074281692504883,4.650119781494141
1790266850795566600,19.679566650390626,-5.991140842437744,-6.237974166870117,4.622153282165527
1790266850805566500,19.68956640625,-5.8473663330078125,-6.400489807128906,4.583930969238281
1790266850815566600,19.699566650390626,-5.704787731170654,-6.5592732429504395,4.53891134262085
1790266850825566500,19.70956640625,-5.565892219543457,-6.7134552001953125,4.4856157302856445
1790266850835566600,19.719566650390625,-5.434639930725098,-6.863217353820801,4.419425964355469
1790266850845566500,19.72956640625,-5.314056873321533,-7.009252071380615,4.3360772132873535
1790266850855566600,19.739566650390625,-5.207137584686279,-7.150599479675293,4.233797550201416
1790266850865566500,19.74956640625,-5.110941410064697,-7.286322116851807,4.118029594421387
1790266850875566600,19.759566650390624,-5.017791748046875,-7.4164934158325195,3.998471736907959
1790266850885566500,19.76956640625,-4.918917655944824,-7.543735980987549,3.8815832138061523
1790266850895566600,19.779566650390624,-4.808689594268799,-7.669966220855713,3.7707438468933105
1790266850905566500,19.78956640625,-4.687033653259277,-7.794034957885742,3.668121814727783
1790266850915566600,19.799566650390624,-4.558663368225098,-7.912501811981201,3.5750925540924072
1790266850925566500,19.80956640625,-4.428961753845215,-8.022743225097656,3.4914588928222656
1790266850935566600,19.819566650390627,-4.30251407623291,-8.124289512634277,3.413898468017578
1790266850945566500,19.82956640625,-4.174917221069336,-8.219249725341797,3.3443078994750977
1790266850955566300,19.83956640625,-4.045936107635498,-8.307567596435547,3.2840688228607178
1790266850965566500,19.84956640625,-3.922541856765747,-8.385660171508789,3.2349257469177246
1790266850975566300,19.85956640625,-3.8128435611724854,-8.450968742370605,3.195892333984375
1790266850985566500,19.86956640625,-3.719517469406128,-8.503870010375977,3.1654036045074463
1790266850995566300,19.87956640625,-3.6420788764953613,-8.546930313110352,3.139366865158081
1790266851005566500,19.88956640625,-3.5774052143096924,-8.58240032196045,3.116884708404541
1790266851015566300,19.89956640625,-3.5206050872802734,-8.611361503601074,3.1016457080841064
1790266851025566500,19.90956640625,-3.471092462539673,-8.633667945861816,3.095431089401245
1790266851035566300,19.91956640625,-3.4293079376220703,-8.649591445922852,3.0975468158721924
1790266851045566500,19.92956640625,-3.396498441696167,-8.659013748168945,3.1073570251464844
1790266851055566300,19.93956640625,-3.378580331802368,-8.659647941589355,3.125072717666626
1790266851065566500,19.94956640625,-3.3790972232818604,-8.650364875793457,3.1501238346099854
1790266851075566300,19.95956640625,-3.394381523132324,-8.633255004882812,3.180483341217041
1790266851085566500,19.96956640625,-3.4208552837371826,-8.61089038848877,3.212587594985962
1790266851095566300,19.97956640625,-3.456352949142456,-8.585721969604492,3.2418212890625
1790266851105566500,19.98956640625,-3.500542640686035,-8.55968189239502,3.263195276260376
1790266851115566300,19.99956640625,-3.5532054901123047,-8.533873558044434,3.2738523483276367
1790266851125566500,20.00956640625,-3.6100707054138184,-8.509810447692871,3.274278163909912
1790266851135566300,20.01956640625,-3.666456937789917,-8.4891939163208,3.2651309967041016
1790266851145566500,20.02956640625,-3.7248826026916504,-8.47012996673584,3.248466730117798
1790266851155566300,20.03956640625,-3.7887494564056396,-8.449289321899414,3.228820562362671
1790266851165566500,20.04956640625,-3.859193801879883,-8.423129081726074,3.2137069702148438
1790266851175566300,20.05956640625,-3.936523199081421,-8.389451026916504,3.2080023288726807
1790266851185566500,20.06956640625,-4.020263671875,-8.34772777557373,3.2129924297332764
1790266851195566300,20.07956640625,-4.10762357711792,-8.299458503723145,3.2275068759918213
1790266851205566500,20.08956640625,-4.194176197052002,-8.247400283813477,3.249561309814453
1790266851215566300,20.09956640625,-4.2775797843933105,-8.194222450256348,3.2752737998962402
1790266851225566500,20.10956640625,-4.357752323150635,-8.14122200012207,3.3016486167907715
1790266851235566300,20.11956640625,-4.436463356018066,-8.087913513183594,3.327738046646118
1790266851245566500,20.12956640625,-4.514465808868408,-8.03308391571045,3.3555285930633545
1790266851255566300,20.13956640625,-4.589732646942139,-7.975982666015625,3.389460325241089
1790266851265566500,20.14956640625,-4.658163070678711,-7.917350769042969,3.43328857421875
1790266851275566300,20.15956640625,-4.716495037078857,-7.859207630157471,3.4868195056915283
1790266851285566500,20.16956640625,-4.764625549316406,-7.803236484527588,3.546581268310547
1790266851295566300,20.17956640625,-4.805544376373291,-7.750176906585693,3.607199192047119
1790266851305566500,20.18956640625,-4.84397554397583,-7.699475288391113,3.6639294624328613
1790266851315566300,20.19956640625,-4.883374214172363,-7.6502838134765625,3.7143237590789795
1790266851325566500,20.20956640625,-4.92728853225708,-7.601107597351074,3.7570443153381348
1790266851335566300,20.21956640625,-4.978954315185547,-7.548315525054932,3.795172691345215
1790266851345566500,20.22956640625,-5.042532444000244,-7.4874958992004395,3.8315343856811523
1790266851355566300,20.23956640625,-5.118399143218994,-7.417911529541016,3.8661322593688965
1790266851365566500,20.24956640625,-5.199626445770264,-7.3437910079956055,3.899104118347168
1790266851375566300,20.25956640625,-5.277320861816406,-7.270933151245117,3.9311325550079346
1790266851385566500,20.26956640625,-5.345241069793701,-7.203493118286133,3.963391065597534
1790266851395566300,20.27956640625,-5.404169082641602,-7.141185760498047,3.996096611022949
1790266851405566500,20.28956640625,-5.459600448608398,-7.079870223999023,4.029714107513428
1790266851415566300,20.29956640625,-5.517482757568359,-7.015041351318359,4.064107418060303
1790266851425566500,20.30956640625,-5.582162380218506,-6.9439191818237305,4.097784042358398
1790266851435566300,20.31956640625,-5.65413761138916,-6.8675127029418945,4.1277570724487305
1790266851445566500,20.32956640625,-5.731987476348877,-6.789602279663086,4.1492180824279785
1790266851455566300,20.33956640625,-5.8136491775512695,-6.713029861450195,4.160179615020752
1790266851465566500,20.34956640625,-5.8963775634765625,-6.638204097747803,4.163814544677734
1790266851475566300,20.35956640625,-5.976476192474365,-6.565855503082275,4.164331436157227
1790266851485566500,20.36956640625,-6.052920341491699,-6.494494915008545,4.165823936462402
1790266851495566300,20.37956640625,-6.130156993865967,-6.420782566070557,4.167147159576416
1790266851505566500,20.38956640625,-6.212810516357422,-6.341180801391602,4.166629791259766
1790266851515566300,20.39956640625,-6.301923751831055,-6.25277042388916,4.1664137840271
1790266851525566500,20.40956640625,-6.395373821258545,-6.155521392822266,4.16882848739624
1790266851535566300,20.41956640625,-6.49026346206665,-6.052690029144287,4.1727471351623535
1790266851545566500,20.42956640625,-6.584389686584473,-5.94847297668457,4.175149917602539
1790266851555566300,20.43956640625,-6.677242279052734,-5.845133304595947,4.173637390136719
1790266851565566500,20.44956640625,-6.770883560180664,-5.740335464477539,4.168221950531006
1790266851575566300,20.45956640625,-6.866274833679199,-5.631102085113525,4.161172389984131
1790266851585566500,20.46956640625,-6.961468696594238,-5.5163798332214355,4.156668663024902
1790266851595566300,20.47956640625,-7.054129123687744,-5.397343158721924,4.156722068786621
1790266851605566500,20.48956640625,-7.145222187042236,-5.276116847991943,4.15677547454834
1790266851615566300,20.49956640625,-7.236812114715576,-5.155219078063965,4.150019645690918
1790266851625566500,20.50956640625,-7.330112934112549,-5.034785270690918,4.134099006652832
1790266851635566300,20.51956640625,-7.427005767822266,-4.909809112548828,4.111417293548584
1790266851645566500,20.52956640625,-7.526995658874512,-4.775330543518066,4.087902069091797
1790266851655566300,20.53956640625,-7.626413822174072,-4.632995128631592,4.067377090454102
1790266851665566500,20.54956640625,-7.720105171203613,-4.489721775054932,4.051266193389893
1790266851675566300,20.55956640625,-7.808184623718262,-4.346949100494385,4.038153648376465
1790266851685566500,20.56956640625,-7.892127513885498,-4.202543258666992,4.027820587158203
1790266851695566300,20.57956640625,-7.969488620758057,-4.057076930999756,4.0246453285217285
1790266851705566500,20.58956640625,-8.037638664245605,-3.9163360595703125,4.0285325050354
1790266851715566300,20.59956640625,-8.09847354888916,-3.7845823764801025,4.032623291015625
1790266851725566500,20.60956640625,-8.156612396240234,-3.658592939376831,4.0317182540893555
1790266851735566300,20.61956640625,-8.215726852416992,-3.5290629863739014,4.027151107788086
1790266851745566500,20.62956640625,-8.277983665466309,-3.387998104095459,4.020801544189453
1790266851755566300,20.63956640625,-8.344069480895996,-3.2366621494293213,4.008852958679199
1790266851765566500,20.64956640625,-8.410508155822754,-3.0851619243621826,3.9894256591796875
1790266851775566300,20.65956640625,-8.47057819366455,-2.9382972717285156,3.9731719493865967
1790266851785566500,20.66956640625,-8.520892143249512,-2.7967915534973145,3.9677114486694336
1790266851795566300,20.67956640625,-8.56556510925293,-2.6624817848205566,3.963921070098877
1790266851805566500,20.68956640625,-8.613349914550781,-2.5350053310394287,3.943899393081665
1790266851815566300,20.69956640625,-8.667470932006836,-2.4090683460235596,3.9040653705596924
1790266851825566500,20.70956640625,-8.724048614501953,-2.280592203140259,3.8548998832702637
1790266851835566300,20.71956640625,-8.778375625610352,-2.148456573486328,3.8071815967559814
1790266851845566500,20.72956640625,-8.827634811401367,-2.014570951461792,3.766266107559204
1790266851855566300,20.73956640625,-8.869841575622559,-1.884077787399292,3.734508514404297
1790266851865566500,20.74956640625,-8.904839515686035,-1.760313868522644,3.711538791656494
1790266851875566300,20.75956640625,-8.93289566040039,-1.6405385732650757,3.698972463607788
1790266851885566500,20.76956640625,-8.951902389526367,-1.5240452289581299,3.7028517723083496
1790266851895566300,20.77956640625,-8.960578918457031,-1.4143049716949463,3.725339412689209
1790266851905566500,20.78956640625,-8.961977005004883,-1.3189350366592407,3.756829023361206
1790266851915566300,20.79956640625,-8.961864471435547,-1.2411969900131226,3.7834904193878174
1790266851925566500,20.80956640625,-8.961112976074219,-1.17713463306427,3.805680274963379
1790266851935566300,20.81956640625,-8.954231262207031,-1.1231670379638672,3.8380486965179443
1790266851945566500,20.82956640625,-8.941060066223145,-1.0779281854629517,3.8814802169799805
1790266851955566300,20.83956640625,-8.924915313720703,-1.0402072668075562,3.9286458492279053
1790266851965566500,20.84956640625,-8.909080505371094,-1.0122030973434448,3.9716637134552
1790266851975566300,20.85956640625,-8.89455509185791,-0.9964432120323181,4.008039474487305
1790266851985566500,20.86956640625,-8.879566192626953,-0.9967280626296997,4.041067600250244
1790266851995566300,20.87956640625,-8.863358497619629,-1.0132393836975098,4.072421550750732
1790266852005566500,20.88956640625,-8.847134590148926,-1.0380281209945679,4.101352214813232
1790266852015566300,20.89956640625,-8.83183765411377,-1.0678000450134277,4.1265997886657715
1790266852025566500,20.90956640625,-8.817975997924805,-1.1055516004562378,4.146258354187012
1790266852035566300,20.91956640625,-8.808225631713867,-1.1521354913711548,4.1542887687683105
1790266852045566500,20.92956640625,-8.800338745117188,-1.2046712636947632,4.156102657318115
1790266852055566300,20.93956640625,-8.790692329406738,-1.2576714754104614,4.1608147621154785
1790266852065566500,20.94956640625,-8.778334617614746,-1.3098615407943726,4.170790195465088
1790266852075566300,20.95956640625,-8.761747360229492,-1.3666564226150513,4.187413692474365
1790266852085566500,20.96956640625,-8.741137504577637,-1.434234857559204,4.207835674285889
1790266852095566300,20.97956640625,-8.716253280639648,-1.5149190425872803,4.231113433837891
1790266852105566500,20.98956640625,-8.687166213989258,-1.6061582565307617,4.257203102111816
1790266852115566300,20.99956640625,-8.651551246643066,-1.7078783512115479,4.290010452270508
1790266852125566500,21.00956640625,-8.613123893737793,-1.8217583894729614,4.320380210876465
1790266852135566300,21.01956640625,-8.577342987060547,-1.9425019025802612,4.338923931121826
1790266852145566500,21.02956640625,-8.540029525756836,-2.0654423236846924,4.355712413787842
1790266852155566300,21.03956640625,-8.50072193145752,-2.1908316612243652,4.371313095092773
1790266852165566500,21.04956640625,-8.461090087890625,-2.3170759677886963,4.383091449737549
1790266852175566300,21.05956640625,-8.417511940002441,-2.4447436332702637,4.397624969482422
1790266852185566500,21.06956640625,-8.369105339050293,-2.5702574253082275,4.418397903442383
1790266852195566300,21.07956640625,-8.3138427734375,-2.6896345615386963,4.451546669006348
1790266852205566500,21.08956640625,-8.247373580932617,-2.8059020042419434,4.503125190734863
1790266852215566300,21.09956640625,-8.169648170471191,-2.922261953353882,4.570298671722412
1790266852225566500,21.10956640625,-8.082659721374512,-3.0406434535980225,4.6470947265625
1790266852235566300,21.11956640625,-7.988513469696045,-3.166168212890625,4.725402355194092
1790266852245566500,21.12956640625,-7.888584613800049,-3.3052000999450684,4.797528266906738
1790266852255566300,21.13956640625,-7.784581184387207,-3.4578804969787598,4.8593974113464355
1790266852265566500,21.14956640625,-7.678247451782227,-3.6178483963012695,4.911830425262451
1790266852275566300,21.15956640625,-7.572296619415283,-3.777954578399658,4.9555792808532715
1790266852285566500,21.16956640625,-7.465146541595459,-3.9369821548461914,4.994211673736572
1790266852295566300,21.17956640625,-7.355074882507324,-4.094934940338135,5.030383586883545
1790266852305566500,21.18956640625,-7.243885040283203,-4.250283718109131,5.062765121459961
1790266852315566300,21.19956640625,-7.132209777832031,-4.4033427238464355,5.090437889099121
1790266852325566500,21.20956640625,-7.018896102905273,-4.55736780166626,5.1123270988464355
1790266852335566300,21.21956640625,-6.9028449058532715,-4.715014457702637,5.127354145050049
1790266852345566500,21.22956640625,-6.783382415771484,-4.87581205368042,5.1363959312438965
1790266852355566300,21.23956640625,-6.662228584289551,-5.038213729858398,5.138239860534668
1790266852365566500,21.24956640625,-6.542147636413574,-5.200601577758789,5.130733489990234
1790266852375566300,21.25956640625,-6.423959732055664,-5.360369682312012,5.115620136260986
1790266852385566500,21.26956640625,-6.309141159057617,-5.514012336730957,5.095174312591553
1790266852395566300,21.27956640625,-6.199670791625977,-5.659775257110596,5.069655418395996
1790266852405566500,21.28956640625,-6.095910549163818,-5.799905776977539,5.036996841430664
1790266852415566300,21.29956640625,-5.994251728057861,-5.938723564147949,4.9970879554748535
1790266852425566500,21.30956640625,-5.891026020050049,-6.078486919403076,4.9515862464904785
1790266852435566300,21.31956640625,-5.785430431365967,-6.218602657318115,4.901854038238525
1790266852445566500,21.32956640625,-5.6803879737854,-6.356268882751465,4.8478264808654785
1790266852455566300,21.33956640625,-5.578432083129883,-6.489848613739014,4.788878440856934
1790266852465566500,21.34956640625,-5.479347229003906,-6.620163917541504,4.7244648933410645
1790266852475566300,21.35956640625,-5.382503032684326,-6.747858047485352,4.654616832733154
1790266852485566500,21.36956640625,-5.28424596786499,-6.874151706695557,4.581830978393555
1790266852495566300,21.37956640625,-5.181251525878906,-6.999266147613525,4.509466648101807
1790266852505566500,21.38956640625,-5.073936462402344,-7.122495651245117,4.437973976135254
1790266852515566300,21.39956640625,-4.963173866271973,-7.242347717285156,4.368718147277832
1790266852525566500,21.40956640625,-4.854232311248779,-7.355407238006592,4.301721096038818
1790266852535566300,21.41956640625,-4.754239082336426,-7.459216594696045,4.234109401702881
1790266852545566500,21.42956640625,-4.659371852874756,-7.555014133453369,4.169219493865967
1790266852555566300,21.43956640625,-4.567178726196289,-7.643001079559326,4.110450744628906
1790266852565566500,21.44956640625,-4.480897903442383,-7.7213521003723145,4.058652400970459
1790266852575566300,21.45956640625,-4.404579162597656,-7.788944244384766,4.012782573699951
1790266852585566500,21.46956640625,-4.339122772216797,-7.847202301025391,3.9703688621520996
1790266852595566300,21.47956640625,-4.284761428833008,-7.898254871368408,3.9279491901397705
1790266852605566500,21.48956640625,-4.239933013916016,-7.9447712898254395,3.882521867752075
1790266852615566300,21.49956640625,-4.2018022537231445,-7.988056659698486,3.8348658084869385
1790266852625566500,21.50956640625,-4.166479587554932,-8.029044151306152,3.7875165939331055
1790266852635566300,21.51956640625,-4.130699157714844,-8.06833267211914,3.7429566383361816
1790266852645566500,21.52956640625,-4.095028400421143,-8.105183601379395,3.702315092086792
1790266852655566300,21.53956640625,-4.061920642852783,-8.139143943786621,3.6640849113464355
1790266852665566500,21.54956640625,-4.031698226928711,-8.170817375183105,3.6267812252044678
1790266852675566300,21.55956640625,-4.004909515380859,-8.200225830078125,3.589897632598877
1790266852685566500,21.56956640625,-3.982593297958374,-8.225680351257324,3.5563342571258545
1790266852695566300,21.57956640625,-3.969418525695801,-8.244587898254395,3.5271644592285156
1790266852705566500,21.58956640625,-3.9697391986846924,-8.255295753479004,3.5016636848449707
1790266852715566300,21.59956640625,-3.983370065689087,-8.257816314697266,3.480177640914917
1790266852725566500,21.60956640625,-4.00873327255249,-8.253254890441895,3.4618237018585205
1790266852735566300,21.61956640625,-4.044805526733398,-8.241899490356445,3.446887493133545
1790266852745566500,21.62956640625,-4.091512203216553,-8.22362232208252,3.435396671295166
1790266852755566300,21.63956640625,-4.146831512451172,-8.199060440063477,3.427765130996704
1790266852765566500,21.64956640625,-4.206021308898926,-8.169634819030762,3.42590594291687
1790266852775566300,21.65956640625,-4.264657020568848,-8.13710880279541,3.43082332611084
1790266852785566500,21.66956640625,-4.319995403289795,-8.103658676147461,3.440748453140259
1790266852795566300,21.67956640625,-4.371795177459717,-8.071122169494629,3.451779365539551
1790266852805566500,21.68956640625,-4.421375751495361,-8.039490699768066,3.4624288082122803
1790266852815566300,21.69956640625,-4.4666876792907715,-8.008566856384277,3.475910186767578
1790266852825566500,21.70956640625,-4.504902362823486,-7.978963375091553,3.4946229457855225
1790266852835566300,21.71956640625,-4.535589218139648,-7.95163631439209,3.517141819000244
1790266852845566500,21.72956640625,-4.562276840209961,-7.926161289215088,3.540053606033325
1790266852855566300,21.73956640625,-4.590636253356934,-7.901378154754639,3.558746814727783
1790266852865566500,21.74956640625,-4.625499248504639,-7.87543249130249,3.5710933208465576
1790266852875566300,21.75956640625,-4.670994281768799,-7.84492301940918,3.5790181159973145
1790266852885566500,21.76956640625,-4.723832130432129,-7.8091816902160645,3.5878231525421143
1790266852895566300,21.77956640625,-4.774665355682373,-7.771175384521484,3.603025197982788
1790266852905566500,21.78956640625,-4.81963586807251,-7.733434200286865,3.6242918968200684
1790266852915566300,21.79956640625,-4.855835437774658,-7.699162006378174,3.648857593536377
1790266852925566500,21.80956640625,-4.884255886077881,-7.667940616607666,3.6765637397766113
1790266852935566300,21.81956640625,-4.914897441864014,-7.634738922119141,3.7047183513641357
1790266852945566500,21.82956640625,-4.957298278808594,-7.592813014984131,3.7342681884765625
1790266852955566300,21.83956640625,-5.008380889892578,-7.539414405822754,3.77408766746521
1790266852965566500,21.84956640625,-5.059525489807129,-7.475932598114014,3.831713914871216
1790266852975566300,21.85956640625,-5.1065754890441895,-7.406656265258789,3.9031684398651123
1790266852985566500,21.86956640625,-5.149620056152344,-7.336565017700195,3.9782676696777344
1790266852995566300,21.87956640625,-5.190048694610596,-7.268345832824707,4.050301551818848
1790266853005566500,21.88956640625,-5.230124473571777,-7.203482627868652,4.1141252517700195
1790266853015566300,21.89956640625,-5.273350238800049,-7.143294334411621,4.163594722747803
1790266853025566500,21.90956640625,-5.322669506072998,-7.088050842285156,4.195130825042725
1790266853035566300,21.91956640625,-5.377082347869873,-7.037613391876221,4.210626125335693
1790266853045566500,21.92956640625,-5.433763027191162,-6.989861488342285,4.217397212982178
1790266853055566300,21.93956640625,-5.492364883422852,-6.939387321472168,4.224835395812988
1790266853065566500,21.94956640625,-5.554844379425049,-6.881721496582031,4.23745059967041
1790266853075566300,21.95956640625,-5.6225905418396,-6.817081451416016,4.252558708190918
1790266853085566500,21.96956640625,-5.696608543395996,-6.747908115386963,4.264360427856445
1790266853095566300,21.97956640625,-5.7757978439331055,-6.675994873046875,4.271023273468018
1790266853105566500,21.98956640625,-5.85725736618042,-6.601678371429443,4.275602340698242
1790266853115566300,21.99956640625,-5.940545558929443,-6.521597862243652,4.283581733703613
1790266853125566500,22.00956640625,-6.028391361236572,-6.429657936096191,4.299811840057373
1790266853135566300,22.01956640625,-6.123422622680664,-6.321265697479248,4.3261637687683105
1790266853145566500,22.02956640625,-6.225511074066162,-6.197143077850342,4.359910011291504
1790266853155566300,22.03956640625,-6.328713893890381,-6.068559646606445,4.3920769691467285
1790266853165566500,22.04956640625,-6.423586368560791,-5.953079700469971,4.412341117858887
1790266853175566300,22.05956640625,-6.505303859710693,-5.86038064956665,4.416711330413818
1790266853185566500,22.06956640625,-6.578155040740967,-5.783168792724609,4.410581111907959
1790266853195566300,22.07956640625,-6.652103900909424,-5.706872463226318,4.3990349769592285
1790266853205566500,22.08956640625,-6.734888076782227,-5.620451927185059,4.384312152862549
1790266853215566300,22.09956640625,-6.82877254486084,-5.518858432769775,4.3681182861328125
1790266853225566500,22.10956640625,-6.932044506072998,-5.401336669921875,4.352321624755859
1790266853235566300,22.11956640625,-7.040220737457275,-5.269317626953125,4.340505123138428
1790266853245566500,22.12956640625,-7.144169330596924,-5.1296515464782715,4.337961673736572
1790266853255566300,22.13956640625,-7.235886573791504,-4.9936747550964355,4.344598293304443
1790266853265566500,22.14956640625,-7.316337585449219,-4.868649959564209,4.351762771606445
1790266853275566300,22.15956640625,-7.394828796386719,-4.750918865203857,4.349214553833008
1790266853285566500,22.16956640625,-7.4793901443481445,-4.631653785705566,4.3332319259643555
1790266853295566300,22.17956640625,-7.569275379180908,-4.50699520111084,4.308532238006592
1790266853305566500,22.18956640625,-7.660826683044434,-4.378282070159912,4.279340744018555
1790266853315566300,22.19956640625,-7.752586841583252,-4.247278690338135,4.245987415313721
1790266853325566500,22.20956640625,-7.844409465789795,-4.1143598556518555,4.2080464363098145
1790266853335566300,22.21956640625,-7.935810089111328,-3.9816620349884033,4.164093017578125
1790266853345566500,22.22956640625,-8.025753021240234,-3.8487277030944824,4.116427421569824
1790266853355566300,22.23956640625,-8.111376762390137,-3.7145392894744873,4.071627140045166
1790266853365566500,22.24956640625,-8.19084358215332,-3.5779364109039307,4.034704685211182
1790266853375566300,22.25956640625,-8.2662353515625,-3.437699556350708,4.002743721008301
1790266853385566500,22.26956640625,-8.34114933013916,-3.2917072772979736,3.9699223041534424
1790266853395566300,22.27956640625,-8.416727066040039,-3.137734889984131,3.9349353313446045
1790266853405566500,22.28956640625,-8.492629051208496,-2.976496696472168,3.896935224533081
1790266853415566300,22.29956640625,-8.566473007202148,-2.8137269020080566,3.8560171127319336
1790266853425566500,22.30956640625,-8.6354341506958,-2.6550698280334473,3.8144822120666504
1790266853435566300,22.31956640625,-8.6973876953125,-2.5011136531829834,3.777599811553955
1790266853445566500,22.32956640625,-8.749971389770508,-2.3484342098236084,3.7540979385375977
1790266853455566300,22.33956640625,-8.79228401184082,-2.197503089904785,3.746612310409546
1790266853465566500,22.34956640625,-8.827728271484375,-2.0552406311035156,3.7440075874328613
1790266853475566300,22.35956640625,-8.860710144042969,-1.925904393196106,3.734849452972412
1790266853485566500,22.36956640625,-8.890523910522461,-1.8091968297958374,3.7223353385925293
1790266853495566300,22.37956640625,-8.91465950012207,-1.7008849382400513,3.7156729698181152
1790266853505566500,22.38956640625,-8.934821128845215,-1.5999714136123657,3.7120699882507324
1790266853515566300,22.39956640625,-8.956072807312012,-1.5072166919708252,3.6996543407440186
1790266853525566500,22.40956640625,-8.979514122009277,-1.4194884300231934,3.677466869354248
1790266853535566300,22.41956640625,-9.002228736877441,-1.3338475227355957,3.653917074203491
1790266853545566500,22.42956640625,-9.021037101745605,-1.253668189048767,3.6358771324157715
1790266853555566300,22.43956640625,-9.034884452819824,-1.1845719814300537,3.624643087387085
1790266853565566500,22.44956640625,-9.04503059387207,-1.1298168897628784,3.616811990737915
1790266853575566300,22.45956640625,-9.05116081237793,-1.0881084203720093,3.614262819290161
1790266853585566500,22.46956640625,-9.050196647644043,-1.053321361541748,3.6269617080688477
1790266853595566300,22.47956640625,-9.041069030761719,-1.022631287574768,3.6583709716796875
1790266853605566500,22.48956640625,-9.027238845825195,-0.9970287084579468,3.6993627548217773
1790266853615566300,22.49956640625,-9.01406192779541,-0.9809855818748474,3.735603094100952
1790266853625566500,22.50956640625,-9.002779006958008,-0.9794652462005615,3.763110637664795
1790266853635566300,22.51956640625,-8.991793632507324,-0.9947821497917175,3.7852938175201416
1790266853645566500,22.52956640625,-8.97810173034668,-1.024547815322876,3.8097734451293945
1790266853655566300,22.53956640625,-8.962759971618652,-1.061024785041809,3.8358237743377686
1790266853665566500,22.54956640625,-8.946367263793945,-1.0999259948730469,3.863039493560791
1790266853675566300,22.55956640625,-8.926530838012695,-1.1406899690628052,3.8969552516937256
1790266853685566500,22.56956640625,-8.901073455810547,-1.1879487037658691,3.9408183097839355
1790266853695566300,22.57956640625,-8.870030403137207,-1.2451082468032837,3.9928250312805176
1790266853705566500,22.58956640625,-8.836289405822754,-1.3117977380752563,4.045930862426758
1790266853715566300,22.59956640625,-8.801762580871582,-1.3888095617294312,4.095188617706299
1790266853725566500,22.60956640625,-8.766390800476074,-1.4749765396118164,4.140679836273193
1790266853735566300,22.61956640625,-8.728631973266602,-1.567205786705017,4.186314582824707
1790266853745566500,22.62956640625,-8.68708610534668,-1.6616085767745972,4.236033916473389
1790266853755566300,22.63956640625,-8.641879081726074,-1.7589834928512573,4.288857460021973
1790266853765566500,22.64956640625,-8.59493350982666,-1.86038339138031,4.34010124206543
1790266853775566300,22.65956640625,-8.546987533569336,-1.9663782119750977,4.3877949714660645
1790266853785566500,22.66956640625,-8.49716567993164,-2.07550048828125,4.434057235717773
1790266853795566300,22.67956640625,-8.44389820098877,-2.1874685287475586,4.481736660003662
1790266853805566500,22.68956640625,-8.388461112976074,-2.302711009979248,4.527871131896973
1790266853815566300,22.69956640625,-8.33212947845459,-2.420783281326294,4.570098876953125
1790266853825566500,22.70956640625,-8.274069786071777,-2.54245662689209,4.609346389770508
1790266853835566300,22.71956640625,-8.213736534118652,-2.6719114780426025,4.643901824951172
1790266853845566500,22.72956640625,-8.151368141174316,-2.811939001083374,4.671036243438721
1790266853855566300,22.73956640625,-8.088635444641113,-2.9581940174102783,4.689717769622803
1790266853865566500,22.74956640625,-8.025837898254395,-3.1031603813171387,4.703903675079346
1790266853875566300,22.75956640625,-7.95700740814209,-3.2434780597686768,4.7261271476745605
1790266853885566500,22.76956640625,-7.877635478973389,-3.3860461711883545,4.758984565734863
1790266853895566300,22.77956640625,-7.788576602935791,-3.535633087158203,4.796640396118164
1790266853905566500,22.78956640625,-7.694581985473633,-3.6890110969543457,4.832699775695801
1790266853915566300,22.79956640625,-7.599096298217773,-3.8390111923217773,4.86683988571167
1790266853925566500,22.80956640625,-7.498064994812012,-3.985468626022339,4.905653953552246
1790266853935566300,22.81956640625,-7.388137340545654,-4.12947416305542,4.953104496002197
1790266853945566500,22.82956640625,-7.270922660827637,-4.270193576812744,5.006947994232178
1790266853955566300,22.83956640625,-7.150570869445801,-4.408209323883057,5.060377597808838
1790266853965566500,22.84956640625,-7.031521320343018,-4.548952102661133,5.102463245391846
1790266853975566300,22.85956640625,-6.915961742401123,-4.697205066680908,5.12602424621582
1790266853985566500,22.86956640625,-6.806703090667725,-4.8506293296813965,5.129383087158203
1790266853995566300,22.87956640625,-6.698883533477783,-5.004767894744873,5.123244762420654
1790266854005566500,22.88956640625,-6.586761951446533,-5.157126426696777,5.117518424987793
1790266854015566300,22.89956640625,-6.471369743347168,-5.305866241455078,5.11268424987793
1790266854025566500,22.90956640625,-6.355433940887451,-5.451502799987793,5.104896068572998
1790266854035566300,22.91956640625,-6.239895343780518,-5.594649791717529,5.092541694641113
1790266854045566500,22.92956640625,-6.121565818786621,-5.73893928527832,5.075568199157715
1790266854055566300,22.93956640625,-5.998620510101318,-5.8885321617126465,5.050952911376953
1790266854065566500,22.94956640625,-5.873768329620361,-6.04256534576416,5.0156402587890625
1790266854075566300,22.95956640625,-5.747855186462402,-6.196476936340332,4.9735517501831055
1790266854085566500,22.96956640625,-5.6232404708862305,-6.3429341316223145,4.931202411651611
1790266854095566300,22.97956640625,-5.499342918395996,-6.478834629058838,4.894110202789307
1790266854105566500,22.98956640625,-5.374349117279053,-6.605990886688232,4.862884998321533
1790266854115566300,22.99956640625,-5.251885890960693,-6.726074695587158,4.831976413726807
1790266854125566500,23.00956640625,-5.137486457824707,-6.839837551116943,4.7951273918151855
1790266854135566300,23.01956640625,-5.036884307861328,-6.946642875671387,4.748086929321289
1790266854145566500,23.02956640625,-4.951135635375977,-7.048511028289795,4.687763690948486
1790266854155566300,23.03956640625,-4.877631187438965,-7.146934986114502,4.615239143371582
1790266854165566500,23.04956640625,-4.81306266784668,-7.241673469543457,4.534642696380615
1790266854175566300,23.05956640625,-4.754013538360596,-7.331873416900635,4.4512224197387695
1790266854185566500,23.06956640625,-4.697023391723633,-7.416467666625977,4.370853900909424
1790266854195566300,23.07956640625,-4.639379978179932,-7.4948930740356445,4.298036575317383
1790266854205566500,23.08956640625,-4.580563068389893,-7.567410945892334,4.233570098876953
1790266854215566300,23.09956640625,-4.52059268951416,-7.634837627410889,4.176588535308838
1790266854225566500,23.10956640625,-4.46129846572876,-7.697881698608398,4.124297618865967
1790266854235566300,23.11956640625,-4.405751705169678,-7.756474494934082,4.073923587799072
1790266854245566500,23.12956640625,-4.354064464569092,-7.8110761642456055,4.02487325668335
1790266854255566300,23.13956640625,-4.306100368499756,-7.861188888549805,3.978641986846924
1790266854265566500,23.14956640625,-4.25986909866333,-7.906590461730957,3.9382388591766357
1790266854275566300,23.15956640625,-4.217217445373535,-7.945677280426025,3.9053375720977783
1790266854285566500,23.16956640625,-4.181303024291992,-7.977458477020264,3.879077434539795
1790266854295566300,23.17956640625,-4.153252601623535,-8.002819061279297,3.8569142818450928
1790266854305566500,23.18956640625,-4.131070137023926,-8.023856163024902,3.8369762897491455
1790266854315566300,23.19956640625,-4.115496635437012,-8.040651321411133,3.8185083866119385
1790266854325566500,23.20956640625,-4.106680870056152,-8.052458763122559,3.8030877113342285
1790266854335566300,23.21956640625,-4.104250431060791,-8.05965518951416,3.7904446125030518
1790266854345566500,23.22956640625,-4.107648849487305,-8.063590049743652,3.778376579284668
1790266854355566300,23.23956640625,-4.1174702644348145,-8.064804077148438,3.7650704383850098
1790266854365566500,23.24956640625,-4.13291072845459,-8.064306259155273,3.749187469482422
1790266854375566300,23.25956640625,-4.152162075042725,-8.063087463378906,3.7304883003234863
1790266854385566500,23.26956640625,-4.174193859100342,-8.062151908874512,3.707855224609375
1790266854395566300,23.27956640625,-4.196923732757568,-8.06268310546875,3.6809451580047607
1790266854405566500,23.28956640625,-4.221707344055176,-8.063033103942871,3.6517231464385986
1790266854415566300,23.29956640625,-4.25220251083374,-8.059646606445312,3.6237082481384277
1790266854425566500,23.30956640625,-4.289180755615234,-8.050137519836426,3.601194143295288
1790266854435566300,23.31956640625,-4.332176685333252,-8.033795356750488,3.586190700531006
1790266854445566500,23.32956640625,-4.379258155822754,-8.012008666992188,3.577737331390381
1790266854455566300,23.33956640625,-4.426950454711914,-7.986502647399902,3.5760695934295654
1790266854465566500,23.34956640625,-4.47194242477417,-7.959012985229492,3.581373691558838
1790266854475566300,23.35956640625,-4.511724472045898,-7.930821895599365,3.5939929485321045
1790266854485566500,23.36956640625,-4.546632766723633,-7.902529716491699,3.612277030944824
1790266854495566300,23.37956640625,-4.57850456237793,-7.874688625335693,3.6327617168426514
1790266854505566500,23.38956640625,-4.6065592765808105,-7.847879886627197,3.655240535736084
1790266854515566300,23.39956640625,-4.631190299987793,-7.821743488311768,3.680053234100342
1790266854525566500,23.40956640625,-4.654319763183594,-7.79513692855835,3.70723032951355
1790266854535566300,23.41956640625,-4.676609992980957,-7.767580509185791,3.736896514892578
1790266854545566500,23.42956640625,-4.697889804840088,-7.739714622497559,3.767895460128784
1790266854555566300,23.43956640625,-4.720695972442627,-7.710975646972656,3.7981936931610107
1790266854565566500,23.44956640625,-4.749255180358887,-7.680718898773193,3.8238091468811035
1790266854575566300,23.45956640625,-4.784768581390381,-7.64816427230835,3.8447318077087402
1790266854585566500,23.46956640625,-4.825605869293213,-7.61254358291626,3.8643364906311035
1790266854595566300,23.47956640625,-4.868266582489014,-7.574633598327637,3.885266065597534
1790266854605566500,23.48956640625,-4.909748554229736,-7.536438941955566,3.907280445098877
1790266854615566300,23.49956640625,-4.949512958526611,-7.498861789703369,3.929348945617676
1790266854625566500,23.50956640625,-4.989542484283447,-7.459380626678467,3.953794479370117
1790266854635566300,23.51956640625,-5.036391258239746,-7.41161584854126,3.984105348587036
1790266854645566500,23.52956640625,-5.096794605255127,-7.347714900970459,4.0254387855529785
1790266854655566300,23.53956640625,-5.173678398132324,-7.262054920196533,4.082401752471924
1790266854665566500,23.54956640625,-5.26017951965332,-7.158883094787598,4.153467655181885
1790266854675566300,23.55956640625,-5.342985153198242,-7.052813529968262,4.2285590171813965
1790266854685566500,23.56956640625,-5.412616729736328,-6.961040496826172,4.291605472564697
1790266854695566300,23.57956640625,-5.47047758102417,-6.889461040496826,4.333542823791504
1790266854705566500,23.58956640625,-5.522325038909912,-6.832569122314453,4.357788562774658
1790266854715566300,23.59956640625,-5.573918342590332,-6.778063774108887,4.377176284790039
1790266854725566500,23.60956640625,-5.623310089111328,-6.717966556549072,4.40654993057251
1790266854735566300,23.61956640625,-5.66664981842041,-6.650875091552734,4.4525628089904785
1790266854745566500,23.62956640625,-5.709974765777588,-6.577605247497559,4.505739212036133
1790266854755566300,23.63956640625,-5.762795448303223,-6.498762607574463,4.5526533126831055
1790266854765566500,23.64956640625,-5.829315662384033,-6.415151596069336,4.586426734924316
1790266854775566300,23.65956640625,-5.90777063369751,-6.328718185424805,4.6060791015625
1790266854785566500,23.66956640625,-5.994105339050293,-6.241191864013672,4.613958358764648
1790266854795566300,23.67956640625,-6.08759880065918,-6.151081085205078,4.6125617027282715
1790266854805566500,23.68956640625,-6.189667701721191,-6.0536394119262695,4.6056318283081055
1790266854815566300,23.69956640625,-6.302497386932373,-5.942673683166504,4.597123146057129
1790266854825566500,23.70956640625,-6.426255702972412,-5.81459379196167,4.5895676612854
1790266854835566300,23.71956640625,-6.556166648864746,-5.672718524932861,4.583376407623291
1790266854845566500,23.72956640625,-6.683934211730957,-5.527167320251465,4.576661586761475
1790266854855566300,23.73956640625,-6.803057670593262,-5.389326572418213,4.565517902374268
1790266854865566500,23.74956640625,-6.91239070892334,-5.262745380401611,4.548928260803223
1790266854875566300,23.75956640625,-7.015960216522217,-5.142317295074463,4.52805233001709
1790266854885566500,23.76956640625,-7.1128153800964355,-5.022729396820068,4.511146068572998
1790266854895566300,23.77956640625,-7.201171398162842,-4.900996685028076,4.50485897064209
1790266854905566500,23.78956640625,-7.285070419311523,-4.774213790893555,4.506109237670898
1790266854915566300,23.79956640625,-7.36949348449707,-4.639590740203857,4.509451389312744
1790266854925566500,23.80956640625,-7.4574055671691895,-4.495982646942139,4.510390281677246
1790266854935566300,23.81956640625,-7.549366474151611,-4.344298362731934,4.506053924560547
1790266854945566500,23.82956640625,-7.64477014541626,-4.186010360717773,4.4950175285339355
1790266854955566300,23.83956640625,-7.74224328994751,-4.022282600402832,4.477644920349121
1790266854965566500,23.84956640625,-7.837083339691162,-3.8575546741485596,4.457554340362549
1790266854975566300,23.85956640625,-7.922712326049805,-3.6988840103149414,4.440639495849609
1790266854985566500,23.86956640625,-7.998172283172607,-3.548954486846924,4.427703857421875
1790266854995566300,23.87956640625,-8.068428993225098,-3.403909206390381,4.414093494415283
1790266855005566500,23.88956640625,-8.138980865478516,-3.2624330520629883,4.391345024108887
1790266855015566300,23.89956640625,-8.211386680603027,-3.1280252933502197,4.354190349578857
1790266855025566500,23.90956640625,-8.284915924072266,-3.0036144256591797,4.30219030380249
1790266855035566300,23.91956640625,-8.358890533447266,-2.8842642307281494,4.240324974060059
1790266855045566500,23.92956640625,-8.432351112365723,-2.7628722190856934,4.175209999084473
1790266855055566300,23.93956640625,-8.503802299499512,-2.6365609169006348,4.111483573913574
1790266855065566500,23.94956640625,-8.572410583496094,-2.5062122344970703,4.050068378448486
1790266855075566300,23.95956640625,-8.638525009155273,-2.3727872371673584,3.9895036220550537
1790266855085566500,23.96956640625,-8.702430725097656,-2.2387073040008545,3.9276325702667236
1790266855095566300,23.97956640625,-8.76091194152832,-2.108907699584961,3.869020938873291
1790266855105566500,23.98956640625,-8.811217308044434,-1.985817790031433,3.8196041584014893
1790266855115566300,23.99956640625,-8.854602813720703,-1.8685230016708374,3.7782304286956787
1790266855125566500,24.00956640625,-8.891016960144043,-1.7567076683044434,3.7462220191955566
1790266855135566300,24.01956640625,-8.919198989868164,-1.6464817523956299,3.7292592525482178
1790266855145566500,24.02956640625,-8.93740177154541,-1.5410666465759277,3.7307310104370117
1790266855155566300,24.03956640625,-8.94615364074707,-1.4517685174942017,3.745542287826538
1790266855165566500,24.04956640625,-8.950840950012207,-1.3790340423583984,3.761794328689575
1790266855175566300,24.05956640625,-8.953227996826172,-1.3161568641662598,3.778599739074707
1790266855185566500,24.06956640625,-8.951459884643555,-1.2605806589126587,3.801668167114258
1790266855195566300,24.07956640625,-8.945178985595703,-1.212714433670044,3.831904411315918
1790266855205566500,24.08956640625,-8.93977165222168,-1.171661615371704,3.857210397720337
1790266855215566300,24.09956640625,-8.938224792480469,-1.1355586051940918,3.8715665340423584
1790266855225566500,24.10956640625,-8.938471794128418,-1.1085386276245117,3.878821611404419
1790266855235566300,24.11956640625,-8.938222885131836,-1.092085838317871,3.8840599060058594
1790266855245566500,24.12956640625,-8.935712814331055,-1.0806752443313599,3.8930158615112305
1790266855255566300,24.13956640625,-8.927032470703125,-1.072778344154358,3.9150497913360596
1790266855265566500,24.14956640625,-8.913796424865723,-1.0699520111083984,3.9458606243133545
1790266855275566300,24.15956640625,-8.899568557739258,-1.0773801803588867,3.975841999053955
1790266855285566500,24.16956640625,-8.884881019592285,-1.0955921411514282,4.003615856170654
1790266855295566300,24.17956640625,-8.870010375976562,-1.1216338872909546,4.029296398162842
1790266855305566500,24.18956640625,-8.856366157531738,-1.15225088596344,4.0506157875061035
1790266855315566300,24.19956640625,-8.843754768371582,-1.1898902654647827,4.067253589630127
1790266855325566500,24.20956640625,-8.831381797790527,-1.2344391345977783,4.080836296081543
1790266855335566300,24.21956640625,-8.817448616027832,-1.2869411706924438,4.094725608825684
1790266855345566500,24.22956640625,-8.799994468688965,-1.3458561897277832,4.113287925720215
1790266855355566300,24.23956640625,-8.778118133544922,-1.4085708856582642,4.1389570236206055
1790266855365566500,24.24956640625,-8.751518249511719,-1.475494623184204,4.171839714050293
1790266855375566300,24.25956640625,-8.7206392288208,-1.5542315244674683,4.207755088806152
1790266855385566500,24.26956640625,-8.688504219055176,-1.6466952562332153,4.23894739151001
1790266855395566300,24.27956640625,-8.656410217285156,-1.7462832927703857,4.264673709869385
1790266855405566500,24.28956640625,-8.621688842773438,-1.8482381105422974,4.291957378387451
1790266855415566300,24.29956640625,-8.583303451538086,-1.9540648460388184,4.32191276550293
1790266855425566500,24.30956640625,-8.541356086730957,-2.065751314163208,4.352963447570801
1790266855435566300,24.31956640625,-8.497193336486816,-2.182877779006958,4.382137775421143
1790266855445566500,24.32956640625,-8.449210166931152,-2.30484938621521,4.412356853485107
1790266855455566300,24.33956640625,-8.394203186035156,-2.4335029125213623,4.448123931884766
1790266855465566500,24.34956640625,-8.332571983337402,-2.568024158477783,4.488193511962891
1790266855475566300,24.35956640625,-8.265275955200195,-2.7078211307525635,4.5302653312683105
1790266855485566500,24.36956640625,-8.194113731384277,-2.850393056869507,4.5718865394592285
1790266855495566300,24.37956640625,-8.117937088012695,-2.9956889152526855,4.614686965942383
1790266855505566500,24.38956640625,-8.036725044250488,-3.14595103263855,4.656654357910156
1790266855515566300,24.39956640625,-7.950292110443115,-3.3021187782287598,4.696727752685547
1790266855525566500,24.40956640625,-7.859790325164795,-3.462296485900879,4.7335615158081055
1790266855535566300,24.41956640625,-7.7668046951293945,-3.6240394115448,4.765865325927734
1790266855545566500,24.42956640625,-7.670699119567871,-3.7861549854278564,4.795392990112305
1790266855555566300,24.43956640625,-7.571224212646484,-3.948516845703125,4.822463512420654
1790266855565566500,24.44956640625,-7.46882963180542,-4.11027717590332,4.846916198730469
1790266855575566300,24.45956640625,-7.36295223236084,-4.270886421203613,4.869994640350342
1790266855585566500,24.46956640625,-7.251936435699463,-4.433525085449219,4.891181945800781
1790266855595566300,24.47956640625,-7.135846138000488,-4.5993123054504395,4.908810138702393
1790266855605566500,24.48956640625,-7.0146050453186035,-4.7668609619140625,4.923691749572754
1790266855615566300,24.49956640625,-6.887808799743652,-4.935009002685547,4.937018394470215
1790266855625566500,24.50956640625,-6.756763458251953,-5.102790832519531,4.947530746459961
1790266855635566300,24.51956640625,-6.625494480133057,-5.269750595092773,4.95004415512085
1790266855645566500,24.52956640625,-6.4985480308532715,-5.435276508331299,4.939333915710449
1790266855655566300,24.53956640625,-6.378084659576416,-5.596622467041016,4.916120529174805
1790266855665566500,24.54956640625,-6.260141849517822,-5.753361701965332,4.886699676513672
1790266855675566300,24.55956640625,-6.140232086181641,-5.907097816467285,4.855320453643799
1790266855685566500,24.56956640625,-6.019659996032715,-6.057709217071533,4.820606708526611
1790266855695566300,24.57956640625,-5.900378227233887,-6.205456256866455,4.779983043670654
1790266855705566500,24.58956640625,-5.780917644500732,-6.351470947265625,4.733940124511719
1790266855715566300,24.59956640625,-5.659657001495361,-6.496480941772461,4.683416843414307
1790266855725566500,24.60956640625,-5.539194583892822,-6.638860702514648,4.627443790435791
1790266855735566300,24.61956640625,-5.423548221588135,-6.776072025299072,4.56512451171875
1790266855745566500,24.62956640625,-5.314977645874023,-6.906806945800781,4.496377944946289
1790266855755566300,24.63956640625,-5.213414192199707,-7.031793117523193,4.42092752456665
1790266855765566500,24.64956640625,-5.116962432861328,-7.153320789337158,4.33786678314209
1790266855775566300,24.65956640625,-5.023308753967285,-7.272032737731934,4.249032974243164
1790266855785566500,24.66956640625,-4.930341720581055,-7.386849880218506,4.1589131355285645
1790266855795566300,24.67956640625,-4.837375640869141,-7.496623516082764,4.070727825164795
1790266855805566500,24.68956640625,-4.743597030639648,-7.601519584655762,3.9856719970703125
1790266855815566300,24.69956640625,-4.648355960845947,-7.702041149139404,3.9040653705596924
1790266855825566500,24.70956640625,-4.55095100402832,-7.798720359802246,3.826118230819702
1790266855835566300,24.71956640625,-4.450243949890137,-7.891880035400391,3.7528584003448486
1790266855845566500,24.72956640625,-4.3478851318359375,-7.980562210083008,3.6846871376037598
1790266855855566300,24.73956640625,-4.248926162719727,-8.062307357788086,3.621631622314453
1790266855865566500,24.74956640625,-4.156864643096924,-8.135443687438965,3.5644681453704834
1790266855875566300,24.75956640625,-4.073817729949951,-8.199819564819336,3.512457847595215
1790266855885566500,24.76956640625,-4.004209995269775,-8.25388240814209,3.4655609130859375
1790266855895566300,24.77956640625,-3.9485716819763184,-8.297524452209473,3.424945831298828
1790266855905566500,24.78956640625,-3.906364679336548,-8.331000328063965,3.3919219970703125
1790266855915566300,24.79956640625,-3.8764588832855225,-8.355948448181152,3.364755868911743
1790266855925566500,24.80956640625,-3.8546292781829834,-8.37588119506836,3.3401834964752197
1790266855935566300,24.81956640625,-3.8386693000793457,-8.392843246459961,3.3159000873565674
1790266855945566500,24.82956640625,-3.8279244899749756,-8.40738296508789,3.291396379470825
1790266855955566300,24.83956640625,-3.821338176727295,-8.419172286987305,3.268838405609131
1790266855965566500,24.84956640625,-3.8179140090942383,-8.42739486694336,3.25160813331604
1790266855975566300,24.85956640625,-3.820420980453491,-8.431035995483398,3.239198684692383
1790266855985566500,24.86956640625,-3.8347110748291016,-8.428482055664062,3.228943109512329
1790266855995566300,24.87956640625,-3.8646788597106934,-8.418435096740723,3.2194104194641113
1790266856005566500,24.88956640625,-3.9095053672790527,-8.400761604309082,3.2114412784576416
1790266856015566300,24.89956640625,-3.965391159057617,-8.376707077026367,3.2057504653930664
1790266856025566500,24.90956640625,-4.029526233673096,-8.347114562988281,3.202967643737793
1790266856035566300,24.91956640625,-4.09985876083374,-8.312689781188965,3.2032384872436523
1790266856045566500,24.92956640625,-4.173344135284424,-8.274184226989746,3.2080330848693848
1790266856055566300,24.93956640625,-4.244983673095703,-8.23327350616455,3.219270944595337
1790266856065566500,24.94956640625,-4.3094801902771,-8.192173957824707,3.238372564315796
1790266856075566300,24.95956640625,-4.363770008087158,-8.152512550354004,3.2656450271606445
1790266856085566500,24.96956640625,-4.407920837402344,-8.115113258361816,3.299328565597534
1790266856095566300,24.97956640625,-4.444747447967529,-8.080599784851074,3.334444046020508
1790266856105566500,24.98956640625,-4.478597164154053,-8.048528671264648,3.3665640354156494
1790266856115566300,24.99956640625,-4.510992527008057,-8.017216682434082,3.3978748321533203
1790266856125566500,25.00956640625,-4.541898727416992,-7.985755443572998,3.4306347370147705
1790266856135566300,25.01956640625,-4.571972846984863,-7.9545416831970215,3.4630489349365234
1790266856145566500,25.02956640625,-4.603124141693115,-7.923805236816406,3.4921274185180664
1790266856155566300,25.03956640625,-4.639702320098877,-7.892498016357422,3.5145437717437744
1790266856165566500,25.04956640625,-4.684756278991699,-7.85842752456665,3.5310850143432617
1790266856175566300,25.05956640625,-4.738973140716553,-7.819433689117432,3.545276641845703
1790266856185566500,25.06956640625,-4.799768447875977,-7.774524211883545,3.5622177124023438
1790266856195566300,25.07956640625,-4.861549377441406,-7.7240095138549805,3.588230609893799
1790266856205566500,25.08956640625,-4.918243885040283,-7.670024394989014,3.626567840576172
1790266856215566300,25.09956640625,-4.967088222503662,-7.615356922149658,3.6748833656311035
1790266856225566500,25.10956640625,-5.010677814483643,-7.56193208694458,3.7256767749786377
1790266856235566300,25.11956640625,-5.0550312995910645,-7.510089874267578,3.7703568935394287
1790266856245566500,25.12956640625,-5.100982666015625,-7.460244655609131,3.8072450160980225
1790266856255566300,25.13956640625,-5.1461639404296875,-7.411196231842041,3.8420767784118652
1790266856265566500,25.14956640625,-5.191960334777832,-7.361728668212891,3.875419855117798
1790266856275566300,25.15956640625,-5.239133834838867,-7.310067653656006,3.9095730781555176
1790266856285566500,25.16956640625,-5.2888383865356445,-7.254265785217285,3.9464166164398193
1790266856295566300,25.17956640625,-5.342846393585205,-7.192403316497803,3.986692190170288
1790266856305566500,25.18956640625,-5.401893138885498,-7.123952865600586,4.029792308807373
1790266856315566300,25.19956640625,-5.463710784912109,-7.0508222579956055,4.0748209953308105
1790266856325566500,25.20956640625,-5.525716304779053,-6.975654125213623,4.120326995849609
1790266856335566300,25.21956640625,-5.585880279541016,-6.900645732879639,4.165263652801514
1790266856345566500,25.22956640625,-5.644730091094971,-6.825756072998047,4.209092617034912
1790266856355566300,25.23956640625,-5.705170154571533,-6.749332427978516,4.250638008117676
1790266856365566500,25.24956640625,-5.7702717781066895,-6.668529510498047,4.290112018585205
1790266856375566300,25.25956640625,-5.8433637619018555,-6.580875873565674,4.326379299163818
1790266856385566500,25.26956640625,-5.925826072692871,-6.486652374267578,4.356412410736084
1790266856395566300,25.27956640625,-6.016271114349365,-6.388864040374756,4.3769049644470215
1790266856405566500,25.28956640625,-6.111721515655518,-6.291051387786865,4.386333465576172
1790266856415566300,25.29956640625,-6.21150016784668,-6.193006992340088,4.385693550109863
1790266856425566500,25.30956640625,-6.3142476081848145,-6.0920867919921875,4.380313873291016
1790266856435566300,25.31956640625,-6.416335105895996,-5.986178398132324,4.377978324890137
1790266856445566500,25.32956640625,-6.514538288116455,-5.875722885131836,4.3825860023498535
1790266856455566300,25.33956640625,-6.608069896697998,-5.763217449188232,4.391938209533691
1790266856465566500,25.34956640625,-6.699696063995361,-5.649418354034424,4.4009690284729
1790266856475566300,25.35956640625,-6.791993141174316,-5.534104824066162,4.406007766723633
1790266856485566500,25.36956640625,-6.886483669281006,-5.415403366088867,4.406826496124268
1790266856495566300,25.37956640625,-6.984098434448242,-5.290801525115967,4.404564380645752
1790266856505566500,25.38956640625,-7.082279205322266,-5.160699844360352,4.402146339416504
1790266856515566300,25.39956640625,-7.175915718078613,-5.03023624420166,4.401515007019043
1790266856525566500,25.40956640625,-7.2615532875061035,-4.905210494995117,4.402173042297363
1790266856535566300,25.41956640625,-7.342902183532715,-4.7850542068481445,4.399482250213623
1790266856545566500,25.42956640625,-7.426333427429199,-4.663677215576172,4.3897705078125
1790266856555566300,25.43956640625,-7.516011714935303,-4.534329414367676,4.372621536254883
1790266856565566500,25.44956640625,-7.611952304840088,-4.3947014808654785,4.34915828704834
1790266856575566300,25.45956640625,-7.70897102355957,-4.247711181640625,4.324244499206543
1790266856585566500,25.46956640625,-7.802106857299805,-4.098782539367676,4.3008713722229
1790266856595566300,25.47956640625,-7.891475200653076,-3.952437162399292,4.274722099304199
1790266856605566500,25.48956640625,-7.979918956756592,-3.8093554973602295,4.240293025970459
1790266856615566300,25.49956640625,-8.067936897277832,-3.6647820472717285,4.2009711265563965
1790266856625566500,25.50956640625,-8.154496192932129,-3.51416015625,4.162362098693848
1790266856635566300,25.51956640625,-8.236395835876465,-3.3602075576782227,4.128097057342529
1790266856645566500,25.52956640625,-8.310073852539062,-3.212163209915161,4.098178863525391
1790266856655566300,25.53956640625,-8.378567695617676,-3.073216199874878,4.0651373863220215
1790266856665566500,25.54956640625,-8.448040962219238,-2.937567710876465,4.021403789520264
1790266856675566300,25.55956640625,-8.521879196166992,-2.7988386154174805,3.964149236679077
1790266856685566500,25.56956640625,-8.597412109375,-2.6542906761169434,3.899951696395874
1790266856695566300,25.57956640625,-8.67046070098877,-2.503079414367676,3.8377199172973633
1790266856705566500,25.58956640625,-8.737564086914062,-2.3473031520843506,3.783585786819458
1790266856715566300,25.59956640625,-8.7968168258667,-2.1939938068389893,3.738020420074463
1790266856725566500,25.60956640625,-8.849390983581543,-2.051093578338623,3.6948184967041016
1790266856735566300,25.61956640625,-8.897500991821289,-1.919749140739441,3.64957857131958
1790266856745566500,25.62956640625,-8.941800117492676,-1.7960987091064453,3.6039745807647705
1790266856755566300,25.63956640625,-8.980841636657715,-1.67339026927948,3.565760374069214
1790266856765566500,25.64956640625,-9.013617515563965,-1.551964521408081,3.5378642082214355
1790266856775566300,25.65956640625,-9.040918350219727,-1.437856674194336,3.5163538455963135
1790266856785566500,25.66956640625,-9.06494426727295,-1.3343254327774048,3.4952495098114014
1790266856795566300,25.67956640625,-9.086140632629395,-1.2390086650848389,3.4752395153045654
1790266856805566500,25.68956640625,-9.102217674255371,-1.1508162021636963,3.4634716510772705
1790266856815566300,25.69956640625,-9.112128257751465,-1.0708298683166504,3.4630680084228516
1790266856825566500,25.70956640625,-9.116727828979492,-1.0019499063491821,3.471564531326294
1790266856835566300,25.71956640625,-9.116559982299805,-0.9452664256095886,3.487863540649414
1790266856845566500,25.72956640625,-9.112822532653809,-0.9022102952003479,3.508970260620117
1790266856855566300,25.73956640625,-9.10833740234375,-0.8755061626434326,3.527329921722412
1790266856865566500,25.74956640625,-9.102949142456055,-0.8586905002593994,3.545328378677368
1790266856875566300,25.75956640625,-9.094371795654297,-0.8469622135162354,3.5700769424438477
1790266856885566500,25.76956640625,-9.084108352661133,-0.8420774936676025,3.5972585678100586
1790266856895566300,25.77956640625,-9.074951171875,-0.8471433520317078,3.6191160678863525
1790266856905566500,25.78956640625,-9.066161155700684,-0.8600491285324097,3.638051986694336
1790266856915566300,25.79956640625,-9.055768966674805,-0.8793303966522217,3.659264087677002
1790266856925566500,25.80956640625,-9.043800354003906,-0.9028914570808411,3.683046817779541
1790266856935566300,25.81956640625,-9.030367851257324,-0.9300240874290466,3.7091665267944336
1790266856945566500,25.82956640625,-9.014715194702148,-0.963225245475769,3.7386488914489746
1790266856955566300,25.83956640625,-8.996485710144043,-1.0055352449417114,3.771278142929077
1790266856965566500,25.84956640625,-8.976713180541992,-1.0627151727676392,3.802582025527954
1790266856975566300,25.85956640625,-8.9554443359375,-1.1319406032562256,3.832637071609497
1790266856985566500,25.86956640625,-8.932848930358887,-1.2051080465316772,3.8629415035247803
1790266856995566300,25.87956640625,-8.908279418945312,-1.2776920795440674,3.896210193634033
1790266857005566500,25.88956640625,-8.88161563873291,-1.3517212867736816,3.9319357872009277
1790266857015566300,25.89956640625,-8.85333251953125,-1.433788537979126,3.966503143310547
1790266857025566500,25.90956640625,-8.822936058044434,-1.5278326272964478,3.998990058898926
1790266857035566300,25.91956640625,-8.78819751739502,-1.6331884860992432,4.033691883087158
1790266857045566500,25.92956640625,-8.746420860290527,-1.7467520236968994,4.076686859130859
1790266857055566300,25.93956640625,-8.697722434997559,-1.8626911640167236,4.129209995269775
1790266857065566500,25.94956640625,-8.643218994140625,-1.9782167673110962,4.189489364624023
1790266857075566300,25.95956640625,-8.584522247314453,-2.0958077907562256,4.252523899078369
1790266857085566500,25.96956640625,-8.521992683410645,-2.2199714183807373,4.314829349517822
1790266857095566300,25.97956640625,-8.4542818069458,-2.3544583320617676,4.376302242279053
1790266857105566500,25.98956640625,-8.380516052246094,-2.4952797889709473,4.439698219299316
1790266857115566300,25.99956640625,-8.303262710571289,-2.6377480030059814,4.502054214477539
1790266857125566500,26.00956640625,-8.224108695983887,-2.7808785438537598,4.56082820892334
1790266857135566300,26.01956640625,-8.14315128326416,-2.9249138832092285,4.615664482116699
1790266857145566500,26.02956640625,-8.061205863952637,-3.0678229331970215,4.666455268859863
1790266857155566300,26.03956640625,-7.978407859802246,-3.2082431316375732,4.714082717895508
1790266857165566500,26.04956640625,-7.89356803894043,-3.347647190093994,4.759751796722412
1790266857175566300,26.05956640625,-7.807352542877197,-3.4882242679595947,4.800826072692871
1790266857185566500,26.06956640625,-7.719493865966797,-3.6302988529205322,4.837430953979492
1790266857195566300,26.07956640625,-7.630172252655029,-3.7724504470825195,4.870265960693359
1790266857205566500,26.08956640625,-7.539718151092529,-3.914335012435913,4.899083137512207
1790266857215566300,26.09956640625,-7.447465896606445,-4.0581374168396,4.923125743865967
1790266857225566500,26.10956640625,-7.354226112365723,-4.205807685852051,4.939324855804443
1790266857235566300,26.11956640625,-7.260014057159424,-4.35748815536499,4.947209358215332
1790266857245566500,26.12956640625,-7.164046764373779,-4.512568950653076,4.948083877563477
1790266857255566300,26.13956640625,-7.066112041473389,-4.66845178604126,4.9442901611328125
1790266857265566500,26.14956640625,-6.965446949005127,-4.823740005493164,4.938063144683838
1790266857275566300,26.15956640625,-6.861342430114746,-4.977783679962158,4.93092679977417
1790266857285566500,26.16956640625,-6.7553606033325195,-5.127511978149414,4.923830986022949
1790266857295566300,26.17956640625,-6.646574974060059,-5.27262544631958,4.9186224937438965
1790266857305566500,26.18956640625,-6.535614967346191,-5.414308071136475,4.913388729095459
1790266857315566300,26.19956640625,-6.424356460571289,-5.553530693054199,4.904725551605225
1790266857325566500,26.20956640625,-6.31465482711792,-5.689981460571289,4.890770435333252
1790266857335566300,26.21956640625,-6.208288192749023,-5.822707176208496,4.870690822601318
1790266857345566500,26.22956640625,-6.106621742248535,-5.950796604156494,4.844334602355957
1790266857355566300,26.23956640625,-6.009453773498535,-6.075650215148926,4.810750961303711
1790266857365566500,26.24956640625,-5.915258407592773,-6.198267936706543,4.770908832550049
1790266857375566300,26.25956640625,-5.823514938354492,-6.317957401275635,4.726571083068848
1790266857385566500,26.26956640625,-5.731533050537109,-6.435076713562012,4.680779457092285
1790266857395566300,26.27956640625,-5.637250900268555,-6.5501389503479,4.6354570388793945
1790266857405566500,26.28956640625,-5.540625095367432,-6.663170337677002,4.590645790100098
1790266857415566300,26.29956640625,-5.4445271492004395,-6.771629333496094,4.546708106994629
1790266857425566500,26.30956640625,-5.3527913093566895,-6.8743510246276855,4.501255989074707
1790266857435566300,26.31956640625,-5.2671661376953125,-6.971996307373047,4.451809883117676
1790266857445566500,26.32956640625,-5.187674045562744,-7.064825534820557,4.3984832763671875
1790266857455566300,26.33956640625,-5.114760398864746,-7.152096271514893,4.342480182647705
1790266857465566500,26.34956640625,-5.04826545715332,-7.232446670532227,4.286853790283203
1790266857475566300,26.35956640625,-4.987173557281494,-7.304506778717041,4.235878944396973
1790266857485566500,26.36956640625,-4.931602478027344,-7.3683695793151855,4.190084934234619
1790266857495566300,26.37956640625,-4.881386756896973,-7.4257426261901855,4.147385120391846
1790266857505566500,26.38956640625,-4.835196018218994,-7.479028701782227,4.105531215667725
1790266857515566300,26.39956640625,-4.791942119598389,-7.529837608337402,4.0631537437438965
1790266857525566500,26.40956640625,-4.748206615447998,-7.579615116119385,4.021736145019531
1790266857535566300,26.41956640625,-4.701674938201904,-7.628747940063477,3.9833202362060547
1790266857545566500,26.42956640625,-4.654214382171631,-7.675151348114014,3.949775457382202
1790266857555566300,26.43956640625,-4.607953071594238,-7.717005252838135,3.922370672225952
1790266857565566500,26.44956640625,-4.56473445892334,-7.754355430603027,3.8991761207580566
1790266857575566300,26.45956640625,-4.525661468505859,-7.7876691818237305,3.878272294998169
1790266857585566500,26.46956640625,-4.4916510581970215,-7.816692352294922,3.8593735694885254
1790266857595566300,26.47956640625,-4.462584495544434,-7.840597152709961,3.8445773124694824
1790266857605566500,26.48956640625,-4.436971664428711,-7.8605170249938965,3.8335273265838623
1790266857615566300,26.49956640625,-4.415053844451904,-7.877261161804199,3.824453592300415
1790266857625566500,26.50956640625,-4.398848533630371,-7.8898820877075195,3.8171043395996094
1790266857635566300,26.51956640625,-4.388317108154297,-7.89845609664917,3.811488628387451
1790266857645566500,26.52956640625,-4.380265712738037,-7.904305458068848,3.8086235523223877
1790266857655566300,26.53956640625,-4.372419834136963,-7.908612251281738,3.8086984157562256
1790266857665566500,26.54956640625,-4.365584850311279,-7.911416530609131,3.8107151985168457
1790266857675566300,26.55956640625,-4.362407684326172,-7.9112868309021,3.8146204948425293
1790266857685566500,26.56956640625,-4.362910747528076,-7.907679080963135,3.8215203285217285
1790266857695566300,26.57956640625,-4.366469383239746,-7.900816440582275,3.8316357135772705
1790266857705566500,26.58956640625,-4.373834609985352,-7.890646457672119,3.844172239303589
1790266857715566300,26.59956640625,-4.386099338531494,-7.876987934112549,3.8581840991973877
1790266857725566500,26.60956640625,-4.402819633483887,-7.859575271606445,3.8746159076690674
1790266857735566300,26.61956640625,-4.422788619995117,-7.8380889892578125,3.895341634750366
1790266857745566500,26.62956640625,-4.445685386657715,-7.812785625457764,3.920032262802124
1790266857755566300,26.63956640625,-4.469967842102051,-7.784456253051758,3.9486746788024902
1790266857765566500,26.64956640625,-4.493499755859375,-7.7542266845703125,3.9813079833984375
1790266857775566300,26.65956640625,-4.514316082000732,-7.723677158355713,4.01698112487793
1790266857785566500,26.66956640625,-4.531055450439453,-7.694547653198242,4.053869247436523
1790266857795566300,26.67956640625,-4.544510364532471,-7.667690753936768,4.089540958404541
1790266857805566500,26.68956640625,-4.556941509246826,-7.64410924911499,4.1197428703308105
1790266857815566300,26.69956640625,-4.569492340087891,-7.623720169067383,4.143551349639893
1790266857825566500,26.70956640625,-4.583948612213135,-7.60450553894043,4.162848949432373
1790266857835566300,26.71956640625,-4.605220317840576,-7.582899570465088,4.1787519454956055
1790266857845566500,26.72956640625,-4.637646675109863,-7.554879665374756,4.193615436553955
1790266857855566300,26.73956640625,-4.681650161743164,-7.5171918869018555,4.212406158447266
1790266857865566500,26.74956640625,-4.731966018676758,-7.469498157501221,4.240928649902344
1790266857875566300,26.75956640625,-4.7822465896606445,-7.414392471313477,4.2810378074646
1790266857885566500,26.76956640625,-4.829776763916016,-7.355747222900391,4.328583240509033
1790266857895566300,26.77956640625,-4.875490188598633,-7.2960052490234375,4.378159999847412
1790266857905566500,26.78956640625,-4.921934604644775,-7.2356858253479,4.426035404205322
1790266857915566300,26.79956640625,-4.972628593444824,-7.173370838165283,4.470582962036133
1790266857925566500,26.80956640625,-5.029167175292969,-7.107509136199951,4.512335777282715
1790266857935566300,26.81956640625,-5.091404438018799,-7.037344932556152,4.552335262298584
1790266857945566500,26.82956640625,-5.157614231109619,-6.964267730712891,4.590029716491699
1790266857955566300,26.83956640625,-5.225226402282715,-6.890467643737793,4.624809741973877
1790266857965566500,26.84956640625,-5.29431676864624,-6.816922664642334,4.65512228012085
1790266857975566300,26.85956640625,-5.366420269012451,-6.7432661056518555,4.679774761199951
1790266857985566500,26.86956640625,-5.444945335388184,-6.667232513427734,4.697974681854248
1790266857995566300,26.87956640625,-5.531764030456543,-6.586497783660889,4.710415840148926
1790266858005566500,26.88956640625,-5.626126766204834,-6.499366283416748,4.719675064086914
1790266858015566300,26.89956640625,-5.724681377410889,-6.406735897064209,4.72780704498291
1790266858025566500,26.90956640625,-5.823551654815674,-6.311399936676025,4.7352776527404785
1790266858035566300,26.91956640625,-5.921169757843018,-6.21693754196167,4.739178657531738
1790266858045566500,26.92956640625,-6.016800880432129,-6.126616954803467,4.736354351043701
1790266858055566300,26.93956640625,-6.111567974090576,-6.040581703186035,4.725516319274902
1790266858065566500,26.94956640625,-6.2077412605285645,-5.954864978790283,4.708919048309326
1790266858075566300,26.95956640625,-6.308159828186035,-5.864427089691162,4.688924789428711
1790266858085566500,26.96956640625,-6.413829803466797,-5.766463279724121,4.667020320892334
1790266858095566300,26.97956640625,-6.52339506149292,-5.660586833953857,4.6447248458862305
1790266858105566500,26.98956640625,-6.635324478149414,-5.546915531158447,4.62326717376709
1790266858115566300,26.99956640625,-6.746483325958252,-5.4279584884643555,4.603542327880859
1790266858125566500,27.00956640625,-6.853222846984863,-5.306772232055664,4.587143898010254
1790266858135566300,27.01956640625,-6.9539642333984375,-5.185519218444824,4.574182987213135
1790266858145566500,27.02956640625,-7.0478925704956055,-5.066844940185547,4.563406467437744
1790266858155566300,27.03956640625,-7.135393142700195,-4.951233863830566,4.554320812225342
1790266858165566500,27.04956640625,-7.220649242401123,-4.8354387283325195,4.544353485107422
1790266858175566300,27.05956640625,-7.309073448181152,-4.714014530181885,4.530550003051758
1790266858185566500,27.06956640625,-7.403616428375244,-4.582949161529541,4.511477947235107
1790266858195566300,27.07956640625,-7.502706527709961,-4.443426132202148,4.487285137176514
1790266858205566500,27.08956640625,-7.601534366607666,-4.301553249359131,4.459115505218506
1790266858215566300,27.09956640625,-7.698541641235352,-4.159058094024658,4.427762508392334
1790266858225566500,27.10956640625,-7.792542457580566,-4.012732028961182,4.398255825042725
1790266858235566300,27.11956640625,-7.8831915855407715,-3.858884811401367,4.374322891235352
1790266858245566500,27.12956640625,-7.969356060028076,-3.7004494667053223,4.355046272277832
1790266858255566300,27.13956640625,-8.051643371582031,-3.5437278747558594,4.333983898162842
1790266858265566500,27.14956640625,-8.133537292480469,-3.3915414810180664,4.30272102355957
1790266858275566300,27.15956640625,-8.216010093688965,-3.244173288345337,4.259449005126953
1790266858285566500,27.16956640625,-8.298527717590332,-3.0997564792633057,4.206701755523682
1790266858295566300,27.17956640625,-8.37993335723877,-2.9544119834899902,4.1495256423950195
1790266858305566500,27.18956640625,-8.457779884338379,-2.8048195838928223,4.095037937164307
1790266858315566300,27.19956640625,-8.528508186340332,-2.651606559753418,4.050175666809082
1790266858325566500,27.20956640625,-8.589311599731445,-2.4984359741210938,4.018945217132568
1790266858335566300,27.21956640625,-8.640345573425293,-2.349454641342163,3.9993603229522705
1790266858345566500,27.22956640625,-8.693403244018555,-2.2113146781921387,3.9629812240600586
1790266858355566300,27.23956640625,-8.745841026306152,-2.0818984508514404,3.9174413681030273
1790266858365566500,27.24956640625,-8.79655647277832,-1.9565520286560059,3.8681859970092773
1790266858375566300,27.25956640625,-8.843047142028809,-1.830997109413147,3.823396921157837
1790266858385566500,27.26956640625,-8.882624626159668,-1.7029123306274414,3.790705442428589
1790266858395566300,27.27956640625,-8.915719032287598,-1.5754115581512451,3.7680795192718506
1790266858405566500,27.28956640625,-8.943272590637207,-1.4555350542068481,3.7509586811065674
1790266858415566300,27.29956640625,-8.966681480407715,-1.3473753929138184,3.7354495525360107
1790266858425566500,27.30956640625,-8.986391067504883,-1.2474628686904907,3.722766876220703
1790266858435566300,27.31956640625,-9.00045394897461,-1.1517043113708496,3.719651937484741
1790266858445566500,27.32956640625,-9.00829792022705,-1.0591377019882202,3.7281625270843506
1790266858455566300,27.33956640625,-9.011366844177246,-0.9740949273109436,3.7438998222351074
1790266858465566500,27.34956640625,-9.01315689086914,-0.9020229578018188,3.7576231956481934
1790266858475566300,27.35956640625,-9.016298294067383,-0.8426049947738647,3.7638769149780273
1790266858485566500,27.36956640625,-9.020092010498047,-0.7937742471694946,3.765402317047119
1790266858495566300,27.37956640625,-9.023788452148438,-0.7546213865280151,3.7645955085754395
1790266858505566500,27.38956640625,-9.0267972946167,-0.7247539758682251,3.763249397277832
1790266858515566300,27.39956640625,-9.027870178222656,-0.7029266357421875,3.764814853668213
1790266858525566500,27.40956640625,-9.024489402770996,-0.6870444416999817,3.7758378982543945
1790266858535566300,27.41956640625,-9.017398834228516,-0.6779113411903381,3.794382333755493
1790266858545566500,27.42956640625,-9.008326530456543,-0.6760345697402954,3.8162052631378174
1790266858555566300,27.43956640625,-8.996973991394043,-0.6823088526725769,3.8417816162109375
1790266858565566500,27.44956640625,-8.98332691192627,-0.6982133388519287,3.8707523345947266
1790266858575566300,27.45956640625,-8.967941284179688,-0.7252391576766968,3.9013400077819824
1790266858585566500,27.46956640625,-8.95248031616211,-0.7655360698699951,3.9290502071380615
1790266858595566300,27.47956640625,-8.935955047607422,-0.8194858431816101,3.955695629119873
1790266858605566500,27.48956640625,-8.91608715057373,-0.8806217312812805,3.9872634410858154
1790266858615566300,27.49956640625,-8.894949913024902,-0.9471994042396545,4.019086837768555
1790266858625566500,27.50956640625,-8.874281883239746,-1.0210942029953003,4.0465874671936035
1790266858635566300,27.51956640625,-8.853928565979004,-1.1000422239303589,4.070411205291748
1790266858645566500,27.52956640625,-8.83205795288086,-1.1825650930404663,4.094715595245361
1790266858655566300,27.53956640625,-8.8086519241333,-1.27060067653656,4.118690490722656
1790266858665566500,27.54956640625,-8.782538414001465,-1.3634061813354492,4.1446990966796875
1790266858675566300,27.55956640625,-8.751880645751953,-1.4624404907226562,4.175673961639404
1790266858685566500,27.56956640625,-8.716404914855957,-1.5669623613357544,4.21180534362793
1790266858695566300,27.57956640625,-8.677528381347656,-1.675665020942688,4.250064373016357
1790266858705566500,27.58956640625,-8.636164665222168,-1.7890328168869019,4.287937641143799
1790266858715566300,27.59956640625,-8.592287063598633,-1.9083102941513062,4.324505805969238
1790266858725566500,27.60956640625,-8.54560661315918,-2.031893491744995,4.360551834106445
1790266858735566300,27.61956640625,-8.495075225830078,-2.1558074951171875,4.399611473083496
1790266858745566500,27.62956640625,-8.440465927124023,-2.2793610095977783,4.442233562469482
1790266858755566300,27.63956640625,-8.38237476348877,-2.400446653366089,4.488210201263428
1790266858765566500,27.64956640625,-8.32060432434082,-2.5171828269958496,4.538910865783691
1790266858775566300,27.65956640625,-8.254094123840332,-2.635110378265381,4.593092918395996
1790266858785566500,27.66956640625,-8.18325138092041,-2.7598235607147217,4.64630651473999
1790266858795566300,27.67956640625,-8.109077453613281,-2.893038749694824,4.695057392120361
1790266858805566500,27.68956640625,-8.031477928161621,-3.033090591430664,4.739841938018799
1790266858815566300,27.69956640625,-7.951110363006592,-3.1760737895965576,4.781505584716797
1790266858825566500,27.70956640625,-7.870186805725098,-3.3197810649871826,4.817633628845215
1790266858835566300,27.71956640625,-7.788723945617676,-3.4619252681732178,4.849869728088379
1790266858845566500,27.72956640625,-7.703909397125244,-3.6032540798187256,4.88228702545166
1790266858855566300,27.73956640625,-7.613545894622803,-3.746598482131958,4.916025161743164
1790266858865566500,27.74956640625,-7.517258167266846,-3.893719434738159,4.949764251708984
1790266858875566300,27.75956640625,-7.41642427444458,-4.044940948486328,4.9805121421813965
1790266858885566500,27.76956640625,-7.313467502593994,-4.198894023895264,5.005283832550049
1790266858895566300,27.77956640625,-7.209970474243164,-4.351783752441406,5.024808406829834
1790266858905566500,27.78956640625,-7.105598449707031,-4.50028657913208,5.042645454406738
1790266858915566300,27.79956640625,-7.000142574310303,-4.644646167755127,5.0592145919799805
1790266858925566500,27.80956640625,-6.893913269042969,-4.788891792297363,5.070589542388916
1790266858935566300,27.81956640625,-6.786865234375,-4.935064315795898,5.074839115142822
1790266858945566500,27.82956640625,-6.680850028991699,-5.082240581512451,5.070251941680908
1790266858955566300,27.83956640625,-6.578554630279541,-5.227449417114258,5.056360244750977
1790266858965566500,27.84956640625,-6.479665756225586,-5.3698015213012695,5.034832954406738
1790266858975566300,27.85956640625,-6.38559103012085,-5.508004665374756,5.005646705627441
1790266858985566500,27.86956640625,-6.298007965087891,-5.640686988830566,4.968715667724609
1790266858995566300,27.87956640625,-6.216092109680176,-5.767900466918945,4.925638675689697
1790266859005566500,27.88956640625,-6.136316776275635,-5.891475677490234,4.8791913986206055
1790266859015566300,27.89956640625,-6.055488586425781,-6.013154983520508,4.831502914428711
1790266859025566500,27.90956640625,-5.973066329956055,-6.132782459259033,4.783498287200928
1790266859035566300,27.91956640625,-5.88956880569458,-6.249452590942383,4.7357892990112305
1790266859045566500,27.92956640625,-5.807040214538574,-6.363670825958252,4.685334205627441
1790266859055566300,27.93956640625,-5.728128910064697,-6.476005554199219,4.628204345703125
1790266859065566500,27.94956640625,-5.652011871337891,-6.585944175720215,4.566233158111572
1790266859075566300,27.95956640625,-5.576514720916748,-6.6909871101379395,4.505947113037109
1790266859085566500,27.96956640625,-5.499845027923584,-6.7917280197143555,4.449101448059082
1790266859095566300,27.97956640625,-5.424168586730957,-6.888088226318359,4.393521308898926
1790266859105566500,27.98956640625,-5.354832649230957,-6.977623462677002,4.336925983428955
1790266859115566300,27.99956640625,-5.29282808303833,-7.06033992767334,4.278780460357666
1790266859125566500,28.00956640625,-5.236498832702637,-7.1380414962768555,4.218748569488525
1790266859135566300,28.01956640625,-5.184859275817871,-7.211553573608398,4.15705680847168
1790266859145566500,28.02956640625,-5.135812282562256,-7.280655860900879,4.097057342529297
1790266859155566300,28.03956640625,-5.089529514312744,-7.344363689422607,4.040717601776123
1790266859165566500,28.04956640625,-5.045350551605225,-7.402925491333008,3.9889230728149414
1790266859175566300,28.05956640625,-4.999541759490967,-7.4569525718688965,3.945734977722168
1790266859185566500,28.06956640625,-4.9501729011535645,-7.506083965301514,3.9146995544433594
1790266859195566300,28.07956640625,-4.8973069190979,-7.550440788269043,3.895845890045166
1790266859205566500,28.08956640625,-4.840442180633545,-7.591378688812256,3.8873491287231445
1790266859215566300,28.09956640625,-4.782839775085449,-7.629247665405273,3.884509801864624
1790266859225566500,28.10956640625,-4.729928493499756,-7.663808822631836,3.8812618255615234
1790266859235566300,28.11956640625,-4.685790061950684,-7.694674015045166,3.873725652694702
1790266859245566500,28.12956640625,-4.649827480316162,-7.722353935241699,3.8619608879089355
1790266859255566300,28.13956640625,-4.618918418884277,-7.7477216720581055,3.848220109939575
1790266859265566500,28.14956640625,-4.590382099151611,-7.770904064178467,3.8356001377105713
1790266859275566300,28.15956640625,-4.564636707305908,-7.791491985321045,3.824542760848999
1790266859285566500,28.16956640625,-4.543026924133301,-7.809271335601807,3.8139970302581787
1790266859295566300,28.17956640625,-4.52443265914917,-7.825248718261719,3.803338050842285
1790266859305566500,28.18956640625,-4.508691310882568,-7.839951038360596,3.791736364364624
1790266859315566300,28.19956640625,-4.495196342468262,-7.853427886962891,3.779850482940674
1790266859325566500,28.20956640625,-4.484437942504883,-7.864449977874756,3.769699811935425
1790266859335566300,28.21956640625,-4.476589202880859,-7.871408939361572,3.7644989490509033
1790266859345566500,28.22956640625,-4.470489978790283,-7.874382972717285,3.7655270099639893
1790266859355566300,28.23956640625,-4.4672980308532715,-7.874046802520752,3.770017147064209
1790266859365566500,28.24956640625,-4.470294952392578,-7.8708319664001465,3.773176431655884
1790266859375566300,28.25956640625,-4.481787204742432,-7.86464262008667,3.7724485397338867
1790266859385566500,28.26956640625,-4.502443790435791,-7.85475492477417,3.7684500217437744
1790266859395566300,28.27956640625,-4.53002405166626,-7.84031867980957,3.765458822250366
1790266859405566500,28.28956640625,-4.560632705688477,-7.821387767791748,3.767879009246826
1790266859415566300,28.29956640625,-4.591294288635254,-7.800384521484375,3.7741758823394775
1790266859425566500,28.30956640625,-4.621397495269775,-7.7796502113342285,3.780226230621338
1790266859435566300,28.31956640625,-4.652804851531982,-7.758269786834717,3.7856364250183105
1790266859445566500,28.32956640625,-4.688007831573486,-7.734105587005615,3.79164719581604
1790266859455566300,28.33956640625,-4.727365970611572,-7.7053375244140625,3.8013384342193604
1790266859465566500,28.34956640625,-4.768820285797119,-7.6721367835998535,3.816682815551758
1790266859475566300,28.35956640625,-4.810254096984863,-7.636569023132324,3.835969924926758
1790266859485566500,28.36956640625,-4.850090503692627,-7.600306034088135,3.8577680587768555
1790266859495566300,28.37956640625,-4.889799118041992,-7.56389045715332,3.879150390625
1790266859505566500,28.38956640625,-4.931594371795654,-7.52498197555542,3.9018478393554688
1790266859515566300,28.39956640625,-4.977626323699951,-7.481022834777832,3.9278404712677
1790266859525566500,28.40956640625,-5.026329517364502,-7.430727958679199,3.9611456394195557
1790266859535566300,28.41956640625,-5.072633266448975,-7.375347137451172,4.005375862121582
1790266859545566500,28.42956640625,-5.113020420074463,-7.317359447479248,4.060007095336914
1790266859555566300,28.43956640625,-5.147608757019043,-7.260006427764893,4.118835926055908
1790266859565566500,28.44956640625,-5.179084300994873,-7.203831195831299,4.17759370803833
1790266859575566300,28.45956640625,-5.210748672485352,-7.1478071212768555,4.234066963195801
1790266859585566500,28.46956640625,-5.243657112121582,-7.091352462768555,4.288025379180908
1790266859595566300,28.47956640625,-5.276647567749023,-7.035366535186768,4.339470386505127
1790266859605566500,28.48956640625,-5.308993339538574,-6.979887962341309,4.3893208503723145
1790266859615566300,28.49956640625,-5.34074592590332,-6.924948215484619,4.437557220458984
1790266859625566500,28.50956640625,-5.371714115142822,-6.868649005889893,4.487398147583008
1790266859635566300,28.51956640625,-5.403909683227539,-6.809351921081543,4.538818359375
1790266859645566500,28.52956640625,-5.442690849304199,-6.746242523193359,4.586470603942871
1790266859655566300,28.53956640625,-5.489709854125977,-6.67891263961792,4.628780841827393
1790266859665566500,28.54956640625,-5.546362400054932,-6.606487274169922,4.665038108825684
1790266859675566300,28.55956640625,-5.615073204040527,-6.527411460876465,4.694064617156982
1790266859685566500,28.56956640625,-5.6969523429870605,-6.440083026885986,4.715978145599365
1790266859695566300,28.57956640625,-5.790264129638672,-6.345117568969727,4.731037616729736
1790266859705566500,28.58956640625,-5.886596202850342,-6.2467803955078125,4.74300479888916
1790266859715566300,28.59956640625,-5.980194568634033,-6.148521900177002,4.754297733306885
1790266859725566500,28.60956640625,-6.071844100952148,-6.04972505569458,4.76486349105835
1790266859735566300,28.61956640625,-6.163336277008057,-5.949563980102539,4.773505687713623
1790266859745566500,28.62956640625,-6.253644943237305,-5.849040508270264,4.780276775360107
1790266859755566300,28.63956640625,-6.3406853675842285,-5.749353885650635,4.7865447998046875
1790266859765566500,28.64956640625,-6.4245147705078125,-5.649783611297607,4.793322563171387
1790266859775566300,28.65956640625,-6.507694244384766,-5.547457695007324,4.8006272315979
1790266859785566500,28.66956640625,-6.592198371887207,-5.4402546882629395,4.80800724029541
1790266859795566300,28.67956640625,-6.678245544433594,-5.326367378234863,4.816765785217285
1790266859805566500,28.68956640625,-6.764455795288086,-5.206508636474609,4.827503204345703
1790266859815566300,28.69956640625,-6.84922981262207,-5.0825018882751465,4.840104103088379
1790266859825566500,28.70956640625,-6.930678844451904,-4.956888675689697,4.854413986206055
1790266859835566300,28.71956640625,-7.008736610412598,-4.831796646118164,4.868443012237549
1790266859845566500,28.72956640625,-7.085774898529053,-4.7053093910217285,4.88080358505249
1790266859855566300,28.73956640625,-7.164342403411865,-4.574391841888428,4.890555381774902
1790266859865566500,28.74956640625,-7.245846748352051,-4.437778949737549,4.896346092224121
1790266859875566300,28.75956640625,-7.332305908203125,-4.296932697296143,4.893265247344971
1790266859885566500,28.76956640625,-7.423559665679932,-4.155508995056152,4.877796649932861
1790266859895566300,28.77956640625,-7.519768714904785,-4.0147600173950195,4.848214149475098
1790266859905566500,28.78956640625,-7.619322299957275,-3.874605178833008,4.806636333465576
1790266859915566300,28.79956640625,-7.71921443939209,-3.7355642318725586,4.757065773010254
1790266859925566500,28.80956640625,-7.818267345428467,-3.5949769020080566,4.703320026397705
1790266859935566300,28.81956640625,-7.915234088897705,-3.4476075172424316,4.651177883148193
1790266859945566500,28.82956640625,-8.009451866149902,-3.292703628540039,4.601867198944092
1790266859955566300,28.83956640625,-8.098245620727539,-3.137439012527466,4.5546979904174805
1790266859965566500,28.84956640625,-8.178750991821289,-2.9920265674591064,4.508458614349365
1790266859975566300,28.85956640625,-8.253045082092285,-2.859419584274292,4.458851337432861
1790266859985566500,28.86956640625,-8.326578140258789,-2.7341294288635254,4.40034294128418
1790266859995566300,28.87956640625,-8.40234661102295,-2.6082310676574707,4.33221435546875
1790266860005566500,28.88956640625,-8.477230072021484,-2.476926565170288,4.262839317321777
1790266860015566300,28.89956640625,-8.545466423034668,-2.3402798175811768,4.203389644622803
1790266860025566500,28.90956640625,-8.602787971496582,-2.2041501998901367,4.159825801849365
1790266860035566300,28.91956640625,-8.650617599487305,-2.0735673904418945,4.127653121948242
1790266860045566500,28.92956640625,-8.693078994750977,-1.9521082639694214,4.097565650939941
1790266860055566300,28.93956640625,-8.732192993164062,-1.8423497676849365,4.065089225769043
1790266860065566500,28.94956640625,-8.766738891601562,-1.7394739389419556,4.035951137542725
1790266860075566300,28.95956640625,-8.793801307678223,-1.637810468673706,4.019580841064453
1790266860085566500,28.96956640625,-8.812626838684082,-1.5387601852416992,4.017488479614258
1790266860095566300,28.97956640625,-8.824991226196289,-1.446881651878357,4.024480819702148
1790266860105566500,28.98956640625,-8.836854934692383,-1.3655848503112793,4.026855945587158
1790266860115566300,28.99956640625,-8.852548599243164,-1.2948616743087769,4.015731334686279
1790266860125566500,29.00956640625,-8.870013236999512,-1.230311393737793,3.9974465370178223
1790266860135566300,29.01956640625,-8.885138511657715,-1.1682120561599731,3.982459783554077
1790266860145566500,29.02956640625,-8.898455619812012,-1.1118279695510864,3.968844413757324
1790266860155566300,29.03956640625,-8.910467147827148,-1.0636255741119385,3.9550819396972656
1790266860165566500,29.04956640625,-8.91821575164795,-1.0237343311309814,3.948136568069458
1790266860175566300,29.05956640625,-8.919872283935547,-0.9927520155906677,3.9523043632507324
1790266860185566500,29.06956640625,-8.917250633239746,-0.9680729508399963,3.9643232822418213
1790266860195566300,29.07956640625,-8.91478443145752,-0.949094831943512,3.9744465351104736
1790266860205566500,29.08956640625,-8.914990425109863,-0.940315306186676,3.976071357727051
1790266860215566300,29.09956640625,-8.916342735290527,-0.9440779685974121,3.972144842147827
1790266860225566500,29.10956640625,-8.916096687316895,-0.957410454750061,3.96950626373291
1790266860235566300,29.11956640625,-8.914107322692871,-0.9754750728607178,3.969576120376587
1790266860245566500,29.12956640625,-8.909463882446289,-0.9978912472724915,3.974425792694092
1790266860255566300,29.13956640625,-8.90294075012207,-1.02989661693573,3.9808738231658936
1790266860265566500,29.14956640625,-8.895398139953613,-1.0718472003936768,3.986656904220581
1790266860275566300,29.15956640625,-8.88493824005127,-1.118397831916809,3.9971799850463867
1790266860285566500,29.16956640625,-8.869977951049805,-1.1682322025299072,4.016105651855469
1790266860295566300,29.17956640625,-8.851868629455566,-1.2215627431869507,4.040122985839844
1790266860305566500,29.18956640625,-8.8316650390625,-1.2794865369796753,4.066323757171631
1790266860315566300,29.19956640625,-8.807663917541504,-1.345468282699585,4.096968650817871
1790266860325566500,29.20956640625,-8.779205322265625,-1.4229416847229004,4.131728172302246
1790266860335566300,29.21956640625,-8.747637748718262,-1.5103238821029663,4.167511463165283
1790266860345566500,29.22956640625,-8.712889671325684,-1.607439398765564,4.2038164138793945
1790266860355566300,29.23956640625,-8.673563003540039,-1.7115191221237183,4.243865489959717
1790266860365566500,29.24956640625,-8.628580093383789,-1.8188687562942505,4.29065465927124
1790266860375566300,29.25956640625,-8.579488754272461,-1.9305521249771118,4.340014457702637
1790266860385566500,29.26956640625,-8.530675888061523,-2.0481276512145996,4.382138252258301
1790266860395566300,29.27956640625,-8.483574867248535,-2.173266649246216,4.413191318511963
1790266860405566500,29.28956640625,-8.436515808105469,-2.3028345108032227,4.437627792358398
1790266860415566300,29.29956640625,-8.384001731872559,-2.4346890449523926,4.466676712036133
1790266860425566500,29.30956640625,-8.323615074157715,-2.5712530612945557,4.502941131591797
1790266860435566300,29.31956640625,-8.255951881408691,-2.7148032188415527,4.5430707931518555
1790266860445566500,29.32956640625,-8.182116508483887,-2.865487813949585,4.583921909332275
1790266860455566300,29.33956640625,-8.104293823242188,-3.0215628147125244,4.621792793273926
1790266860465566500,29.34956640625,-8.023642539978027,-3.1818180084228516,4.654844760894775
1790266860475566300,29.35956640625,-7.9382405281066895,-3.345550537109375,4.68636417388916
1790266860485566500,29.36956640625,-7.847075939178467,-3.513401508331299,4.716969013214111
1790266860495566300,29.37956640625,-7.751972675323486,-3.685793399810791,4.7425971031188965
1790266860505566500,29.38956640625,-7.656871318817139,-3.860544443130493,4.7580366134643555
1790266860515566300,29.39956640625,-7.561286926269531,-4.038192272186279,4.763437271118164
1790266860525566500,29.40956640625,-7.461401462554932,-4.217839241027832,4.765259265899658
1790266860535566300,29.41956640625,-7.3539533615112305,-4.395839214324951,4.771408557891846
1790266860545566500,29.42956640625,-7.238393306732178,-4.571591377258301,4.782948970794678
1790266860555566300,29.43956640625,-7.119665145874023,-4.742918014526367,4.794317722320557
1790266860565566500,29.44956640625,-7.001373291015625,-4.910095691680908,4.800221920013428
1790266860575566300,29.45956640625,-6.885449409484863,-5.075999736785889,4.795331001281738
1790266860585566500,29.46956640625,-6.77010440826416,-5.244856357574463,4.7778191566467285
1790266860595566300,29.47956640625,-6.654028415679932,-5.415654182434082,4.750262260437012
1790266860605566500,29.48956640625,-6.5397515296936035,-5.582441329956055,4.715758800506592
1790266860615566300,29.49956640625,-6.429375171661377,-5.738933086395264,4.679548263549805
1790266860625566500,29.50956640625,-6.323305130004883,-5.880496025085449,4.648223876953125
1790266860635566300,29.51956640625,-6.219531536102295,-6.006146430969238,4.627529144287109
1790266860645566500,29.52956640625,-6.114574432373047,-6.120812892913818,4.61714506149292
1790266860655566300,29.53956640625,-6.0083112716674805,-6.233032703399658,4.606505393981934
1790266860665566500,29.54956640625,-5.90385103225708,-6.347809791564941,4.58478307723999
1790266860675566300,29.55956640625,-5.80034065246582,-6.467391014099121,4.549647331237793
1790266860685566500,29.56956640625,-5.697206497192383,-6.587923049926758,4.5068278312683105
1790266860695566300,29.57956640625,-5.598061561584473,-6.701881408691406,4.462832927703857
1790266860705566500,29.58956640625,-5.508113861083984,-6.806112766265869,4.416774272918701
1790266860715566300,29.59956640625,-5.425799369812012,-6.904898166656494,4.365026950836182
1790266860725566500,29.60956640625,-5.344223976135254,-7.00291109085083,4.309163570404053
1790266860735566300,29.61956640625,-5.259521961212158,-7.100664138793945,4.2530436515808105
1790266860745566500,29.62956640625,-5.177148818969727,-7.189846515655518,4.204000473022461
1790266860755566300,29.63956640625,-5.105161666870117,-7.26550817489624,4.161742687225342
1790266860765566500,29.64956640625,-5.047830581665039,-7.327653884887695,4.122533321380615
1790266860775566300,29.65956640625,-5.004532337188721,-7.380484104156494,4.080871105194092
1790266860785566500,29.66956640625,-4.968663215637207,-7.430880546569824,4.032962322235107
1790266860795566300,29.67956640625,-4.937958240509033,-7.483701705932617,3.972550630569458
1790266860805566500,29.68956640625,-4.913984775543213,-7.539778709411621,3.8954954147338867
1790266860815566300,29.69956640625,-4.893490791320801,-7.5992326736450195,3.8047075271606445
1790266860825566500,29.70956640625,-4.874144554138184,-7.658676624298096,3.7091493606567383
1790266860835566300,29.71956640625,-4.854298114776611,-7.714113712310791,3.61920166015625
1790266860845566500,29.72956640625,-4.8288445472717285,-7.765189170837402,3.54323148727417
1790266860855566300,29.73956640625,-4.795222759246826,-7.811161994934082,3.48740553855896
1790266860865566500,29.74956640625,-4.758244514465332,-7.850732326507568,3.448986530303955
1790266860875566300,29.75956640625,-4.724073886871338,-7.8833088874816895,3.421543598175049
1790266860885566500,29.76956640625,-4.692015171051025,-7.910668849945068,3.402454137802124
1790266860895566300,29.77956640625,-4.656362056732178,-7.936533451080322,3.3911826610565186
1790266860905566500,29.78956640625,-4.614968299865723,-7.963952541351318,3.383476734161377
1790266860915566300,29.79956640625,-4.571660995483398,-7.992865562438965,3.374077320098877
1790266860925566500,29.80956640625,-4.53111457824707,-8.020370483398438,3.363487958908081
1790266860935566300,29.81956640625,-4.495795726776123,-8.043716430664062,3.355119466781616
1790266860945566500,29.82956640625,-4.467613697052002,-8.061796188354492,3.3493666648864746
1790266860955566300,29.83956640625,-4.448943614959717,-8.07421875,3.3442904949188232
1790266860965566500,29.84956640625,-4.440587520599365,-8.081687927246094,3.3373477458953857
1790266860975566300,29.85956640625,-4.441425800323486,-8.084765434265137,3.328768253326416
1790266860985566500,29.86956640625,-4.449017524719238,-8.084207534790039,3.319974422454834
1790266860995566300,29.87956640625,-4.463209629058838,-8.080029487609863,3.311081647872925
1790266861005566500,29.88956640625,-4.483704566955566,-8.072558403015137,3.301602840423584
1790266861015566300,29.89956640625,-4.508157730102539,-8.06195068359375,3.2942159175872803
1790266861025566500,29.90956640625,-4.534404754638672,-8.047335624694824,3.2939260005950928
1790266861035566300,29.91956640625,-4.560962200164795,-8.027758598327637,3.3050131797790527
1790266861045566500,29.92956640625,-4.587873458862305,-8.003114700317383,3.32745623588562
1790266861055566300,29.93956640625,-4.614696025848389,-7.973930835723877,3.3602664470672607
1790266861065566500,29.94956640625,-4.639985084533691,-7.941433906555176,3.40213942527771
1790266861075566300,29.95956640625,-4.662214279174805,-7.907456398010254,3.4505481719970703
1790266861085566500,29.96956640625,-4.681645393371582,-7.8739848136901855,3.500422716140747
1790266861095566300,29.97956640625,-4.699429512023926,-7.8418192863464355,3.548466205596924
1790266861105566500,29.98956640625,-4.715773105621338,-7.810733318328857,3.595041275024414
1790266861115566300,29.99956640625,-4.730788230895996,-7.780527591705322,3.640524387359619
1790266861125566500,30.00956640625,-4.7433013916015625,-7.75171422958374,3.685431957244873
1790266861135566300,30.01956640625,-4.753377437591553,-7.724822998046875,3.7286598682403564
1790266861145566500,30.02956640625,-4.761982440948486,-7.700228214263916,3.7683424949645996
1790266861155566300,30.03956640625,-4.770349979400635,-7.678069591522217,3.80281400680542
1790266861165566500,30.04956640625,-4.779832363128662,-7.658507823944092,3.830254554748535
1790266861175566300,30.05956640625,-4.7913007736206055,-7.641178607940674,3.85048246383667
1790266861185566500,30.06956640625,-4.806288242340088,-7.624002933502197,3.8658194541931152
1790266861195566300,30.07956640625,-4.827591896057129,-7.603127479553223,3.8803606033325195
1790266861205566500,30.08956640625,-4.858877658843994,-7.57400369644165,3.8982250690460205
1790266861215566300,30.09956640625,-4.901393890380859,-7.533682823181152,3.9230527877807617
1790266861225566500,30.10956640625,-4.951174259185791,-7.483216285705566,3.956984043121338
1790266861235566300,30.11956640625,-5.001461505889893,-7.426900386810303,3.9996159076690674
1790266861245566500,30.12956640625,-5.047176361083984,-7.370060443878174,4.0470499992370605
1790266861255566300,30.13956640625,-5.0906853675842285,-7.314884662628174,4.092404842376709
1790266861265566500,30.14956640625,-5.137610912322998,-7.260217666625977,4.130929470062256
1790266861275566300,30.15956640625,-5.189753532409668,-7.204773902893066,4.162700653076172
1790266861285566500,30.16956640625,-5.2478203773498535,-7.14773416519165,4.188158988952637
1790266861295566300,30.17956640625,-5.311163902282715,-7.088828086853027,4.208377361297607
1790266861305566500,30.18956640625,-5.377774238586426,-7.02698278427124,4.227461814880371
1790266861315566300,30.19956640625,-5.444921016693115,-6.962479591369629,4.248188495635986
1790266861325566500,30.20956640625,-5.511417865753174,-6.896594047546387,4.269853591918945
1790266861335566300,30.21956640625,-5.576119422912598,-6.830475330352783,4.292072296142578
1790266861345566500,30.22956640625,-5.637537956237793,-6.763798713684082,4.317358016967773
1790266861355566300,30.23956640625,-5.695711612701416,-6.694692134857178,4.348602771759033
1790266861365566500,30.24956640625,-5.753628730773926,-6.619834899902344,4.386792182922363
1790266861375566300,30.25956640625,-5.816282272338867,-6.535213947296143,4.430827617645264
1790266861385566500,30.26956640625,-5.88765811920166,-6.438107967376709,4.478463649749756
1790266861395566300,30.27956640625,-5.969342231750488,-6.329305648803711,4.525177478790283
1790266861405566500,30.28956640625,-6.059230327606201,-6.214980602264404,4.564004898071289
1790266861415566300,30.29956640625,-6.153594493865967,-6.100779056549072,4.591750144958496
1790266861425566500,30.30956640625,-6.249528408050537,-5.988423824310303,4.610049724578857
1790266861435566300,30.31956640625,-6.3454389572143555,-5.875476837158203,4.6243438720703125
1790266861445566500,30.32956640625,-6.4409332275390625,-5.758362293243408,4.639615058898926
1790266861455566300,30.33956640625,-6.537432670593262,-5.634523868560791,4.656661510467529
1790266861465566500,30.34956640625,-6.6358489990234375,-5.505321502685547,4.671972751617432
1790266861475566300,30.35956640625,-6.735957622528076,-5.377228260040283,4.677892208099365
1790266861485566500,30.36956640625,-6.8356781005859375,-5.25679874420166,4.670114040374756
1790266861495566300,30.37956640625,-6.93281364440918,-5.1436028480529785,4.652938365936279
1790266861505566500,30.38956640625,-7.0280632972717285,-5.031200885772705,4.63289737701416
1790266861515566300,30.39956640625,-7.122368335723877,-4.912904262542725,4.6158013343811035
1790266861525566500,30.40956640625,-7.215222358703613,-4.7883806228637695,4.602428913116455
1790266861535566300,30.41956640625,-7.304186820983887,-4.663354873657227,4.590463638305664
1790266861545566500,30.42956640625,-7.3889570236206055,-4.541698932647705,4.57675313949585
1790266861555566300,30.43956640625,-7.472048282623291,-4.422893524169922,4.558167457580566
1790266861565566500,30.44956640625,-7.5553741455078125,-4.304017066955566,4.53455114364624
1790266861575566300,30.45956640625,-7.639038562774658,-4.182245254516602,4.508248329162598
1790266861585566500,30.46956640625,-7.723326206207275,-4.056480407714844,4.479462623596191
1790266861595566300,30.47956640625,-7.806764125823975,-3.9270336627960205,4.450080871582031
1790266861605566500,30.48956640625,-7.887340545654297,-3.7968177795410156,4.420907974243164
1790266861615566300,30.49956640625,-7.965218544006348,-3.6685826778411865,4.389439105987549
1790266861625566500,30.50956640625,-8.040770530700684,-3.540280342102051,4.356925964355469
1790266861635566300,30.51956640625,-8.114944458007812,-3.408169746398926,4.324631214141846
1790266861645566500,30.52956640625,-8.18925952911377,-3.271589517593384,4.289884567260742
1790266861655566300,30.53956640625,-8.264309883117676,-3.1337833404541016,4.248643398284912
1790266861665566500,30.54956640625,-8.338645935058594,-2.9974944591522217,4.201476097106934
1790266861675566300,30.55956640625,-8.410375595092773,-2.8623311519622803,4.152472019195557
1790266861685566500,30.56956640625,-8.478253364562988,-2.7262513637542725,4.105746746063232
1790266861695566300,30.57956640625,-8.541773796081543,-2.5884625911712646,4.063046455383301
1790266861705566500,30.58956640625,-8.601714134216309,-2.4494738578796387,4.022558689117432
1790266861715566300,30.59956640625,-8.658327102661133,-2.3075900077819824,3.984818458557129
1790266861725566500,30.60956640625,-8.710864067077637,-2.1655068397521973,3.9499123096466064
1790266861735566300,30.61956640625,-8.75861930847168,-2.029651641845703,3.9163103103637695
1790266861745566500,30.62956640625,-8.8019437789917,-1.9074883460998535,3.8804192543029785
1790266861755566300,30.63956640625,-8.839649200439453,-1.800315499305725,3.845757484436035
1790266861765566500,30.64956640625,-8.869853019714355,-1.702960729598999,3.820472478866577
1790266861775566300,30.65956640625,-8.892084121704102,-1.6139836311340332,3.8073983192443848
1790266861785566500,30.66956640625,-8.907873153686523,-1.532857894897461,3.804014205932617
1790266861795566300,30.67956640625,-8.91876220703125,-1.4563400745391846,3.808560848236084
1790266861805566500,30.68956640625,-8.925559997558594,-1.3848106861114502,3.819300889968872
1790266861815566300,30.69956640625,-8.927682876586914,-1.3215407133102417,3.836716890335083
1790266861825566500,30.70956640625,-8.925304412841797,-1.2648385763168335,3.8612847328186035
1790266861835566300,30.71956640625,-8.920235633850098,-1.2123490571975708,3.8897294998168945
1790266861845566500,30.72956640625,-8.915679931640625,-1.1650254726409912,3.9145562648773193
1790266861855566300,30.73956640625,-8.9120454788208,-1.1279994249343872,3.933628797531128
1790266861865566500,30.74956640625,-8.905441284179688,-1.1007648706436157,3.9562387466430664
1790266861875566300,30.75956640625,-8.896201133728027,-1.0767654180526733,3.983536958694458
1790266861885566500,30.76956640625,-8.887711524963379,-1.0506138801574707,4.009387493133545
1790266861895566300,30.77956640625,-8.879377365112305,-1.0271754264831543,4.033851146697998
1790266861905566500,30.78956640625,-8.86861801147461,-1.0119494199752808,4.061277866363525
1790266861915566300,30.79956640625,-8.85458755493164,-1.0050650835037231,4.093472480773926
1790266861925566500,30.80956640625,-8.839513778686523,-1.0057709217071533,4.125747203826904
1790266861935566300,30.81956640625,-8.824790954589844,-1.0201690196990967,4.153637886047363
1790266861945566500,30.82956640625,-8.81056022644043,-1.0539766550064087,4.175350189208984
1790266861955566300,30.83956640625,-8.798863410949707,-1.099929928779602,4.188142776489258
1790266861965566500,30.84956640625,-8.788790702819824,-1.1491926908493042,4.196056365966797
1790266861975566300,30.85956640625,-8.779354095458984,-1.2001700401306152,4.201537609100342
1790266861985566500,30.86956640625,-8.76995849609375,-1.25369131565094,4.205527305603027
1790266861995566300,30.87956640625,-8.756723403930664,-1.3138431310653687,4.214735984802246
1790266862005566500,30.88956640625,-8.738336563110352,-1.382606029510498,4.230871200561523
1790266862015566300,30.89956640625,-8.715317726135254,-1.4578109979629517,4.253046035766602
1790266862025566500,30.90956640625,-8.68626880645752,-1.5403693914413452,4.283267974853516
1790266862035566300,30.91956640625,-8.648307800292969,-1.6320042610168457,4.3259358406066895
1790266862045566500,30.92956640625,-8.600394248962402,-1.7298634052276611,4.383054733276367
1790266862055566300,30.93956640625,-8.544881820678711,-1.829793930053711,4.450532913208008
1790266862065566500,30.94956640625,-8.484931945800781,-1.9312022924423218,4.521811485290527
1790266862075566300,30.95956640625,-8.422760963439941,-2.037541627883911,4.59084939956665
1790266862085566500,30.96956640625,-8.360589981079102,-2.150987386703491,4.652329921722412
1790266862095566300,30.97956640625,-8.299073219299316,-2.2711384296417236,4.705071926116943
1790266862105566500,30.98956640625,-8.23652172088623,-2.395887851715088,4.752875804901123
1790266862115566300,30.99956640625,-8.171040534973145,-2.525271415710449,4.798696994781494
1790266862125566500,31.00956640625,-8.102287292480469,-2.6606545448303223,4.84192419052124
1790266862135566300,31.01956640625,-8.031097412109375,-2.8000307083129883,4.881772041320801
1790266862145566500,31.02956640625,-7.9571919441223145,-2.9431240558624268,4.918484210968018
1790266862155566300,31.03956640625,-7.87827205657959,-3.0913448333740234,4.954472541809082
1790266862165566500,31.04956640625,-7.793546199798584,-3.2443301677703857,4.99052619934082
1790266862175566300,31.05956640625,-7.70286750793457,-3.4007198810577393,5.0270586013793945
1790266862185566500,31.06956640625,-7.6076436042785645,-3.555560827255249,5.064794063568115
1790266862195566300,31.07956640625,-7.507298946380615,-3.707550287246704,5.105382919311523
1790266862205566500,31.08956640625,-7.401118278503418,-3.860910177230835,5.146572589874268
1790266862215566300,31.09956640625,-7.293758869171143,-4.015446186065674,5.181473731994629
1790266862225566500,31.10956640625,-7.189485549926758,-4.168996810913086,5.20587682723999
1790266862235566300,31.11956640625,-7.086738109588623,-4.320492267608643,5.22320556640625
1790266862245566500,31.12956640625,-6.9857964515686035,-4.466750621795654,5.236140727996826
1790266862255566300,31.13956640625,-6.88702392578125,-4.607455253601074,5.245059013366699
1790266862265566500,31.14956640625,-6.793302059173584,-4.744327068328857,5.24526309967041
1790266862275566300,31.15956640625,-6.705212116241455,-4.879409313201904,5.234680652618408
1790266862285566500,31.16956640625,-6.620031833648682,-5.0140509605407715,5.215827941894531
1790266862295566300,31.17956640625,-6.538107395172119,-5.145532608032227,5.1910529136657715
1790266862305566500,31.18956640625,-6.45664119720459,-5.273510932922363,5.164519786834717
1790266862315566300,31.19956640625,-6.372440338134766,-5.399407386779785,5.138948440551758
1790266862325566500,31.20956640625,-6.286273956298828,-5.5223164558410645,5.114407062530518
1790266862335566300,31.21956640625,-6.200933456420898,-5.640873908996582,5.089139461517334
1790266862345566500,31.22956640625,-6.117889404296875,-5.757908821105957,5.058487415313721
1790266862355566300,31.23956640625,-6.03632116317749,-5.875834941864014,5.0207343101501465
1790266862365566500,31.24956640625,-5.953974723815918,-5.9938836097717285,4.9793500900268555
1790266862375566300,31.25956640625,-5.867938041687012,-6.110259532928467,4.93988037109375
1790266862385566500,31.26956640625,-5.779715538024902,-6.222707748413086,4.903385639190674
1790266862395566300,31.27956640625,-5.692100524902344,-6.330528259277344,4.867729187011719
1790266862405566500,31.28956640625,-5.607432842254639,-6.432931900024414,4.831611156463623
1790266862415566300,31.29956640625,-5.5284247398376465,-6.529494762420654,4.792973518371582
1790266862425566500,31.30956640625,-5.454834461212158,-6.620856761932373,4.751780986785889
1790266862435566300,31.31956640625,-5.384025573730469,-6.709741115570068,4.707655429840088
1790266862445566500,31.32956640625,-5.315302848815918,-6.797627925872803,4.659421443939209
1790266862455566300,31.33956640625,-5.249427795410156,-6.884465217590332,4.6063032150268555
1790266862465566500,31.34956640625,-5.187935829162598,-6.969758987426758,4.547325134277344
1790266862475566300,31.35956640625,-5.134703159332275,-7.051872730255127,4.4806599617004395
1790266862485566500,31.36956640625,-5.0894317626953125,-7.130250453948975,4.4076738357543945
1790266862495566300,31.37956640625,-5.050600528717041,-7.205366134643555,4.329493999481201
1790266862505566500,31.38956640625,-5.016202926635742,-7.278296947479248,4.246702194213867
1790266862515566300,31.39956640625,-4.987236499786377,-7.347846031188965,4.160170078277588
1790266862525566500,31.40956640625,-4.962846755981445,-7.412691593170166,4.073394298553467
1790266862535566300,31.41956640625,-4.939898490905762,-7.473243713378906,3.989788770675659
1790266862545566500,31.42956640625,-4.915966510772705,-7.530886650085449,3.9101674556732178
1790266862555566300,31.43956640625,-4.890949249267578,-7.586042404174805,3.8341829776763916
1790266862565566500,31.44956640625,-4.864988327026367,-7.638926982879639,3.7615232467651367
1790266862575566300,31.45956640625,-4.837390422821045,-7.6903395652771,3.6917078495025635
1790266862585566500,31.46956640625,-4.807913780212402,-7.740905284881592,3.6239125728607178
1790266862595566300,31.47956640625,-4.776410102844238,-7.790470600128174,3.5587732791900635
1790266862605566500,31.48956640625,-4.7441511154174805,-7.837610244750977,3.497896194458008
1790266862615566300,31.49956640625,-4.712170600891113,-7.880722522735596,3.443843126296997
1790266862625566500,31.50956640625,-4.679714202880859,-7.9187517166137695,3.4005937576293945
1790266862635566300,31.51956640625,-4.647284507751465,-7.950760841369629,3.370244026184082
1790266862645566500,31.52956640625,-4.616194248199463,-7.9769792556762695,3.350961685180664
1790266862655566300,31.53956640625,-4.585608959197998,-7.999074459075928,3.340268850326538
1790266862665566500,31.54956640625,-4.555398941040039,-8.018317222595215,3.335462808609009
1790266862675566300,31.55956640625,-4.5288801193237305,-8.034427642822266,3.3328075408935547
1790266862685566500,31.56956640625,-4.509795188903809,-8.046321868896484,3.329991340637207
1790266862695566300,31.57956640625,-4.501080513000488,-8.051827430725098,3.328472375869751
1790266862705566500,31.58956640625,-4.503076076507568,-8.049825668334961,3.3306169509887695
1790266862715566300,31.59956640625,-4.5141282081604,-8.04130744934082,3.336226463317871
1790266862725566500,31.60956640625,-4.5318145751953125,-8.028661727905273,3.342698812484741
1790266862735566300,31.61956640625,-4.55279541015625,-8.013822555541992,3.349790334701538
1790266862745566500,31.62956640625,-4.5715556144714355,-7.9990234375,3.3595962524414062
1790266862755566300,31.63956640625,-4.58210563659668,-7.9863786697387695,3.375269889831543
1790266862765566500,31.64956640625,-4.583488941192627,-7.975526809692383,3.39896821975708
1790266862775566300,31.65956640625,-4.575710773468018,-7.965316295623779,3.433218240737915
1790266862785566500,31.66956640625,-4.559068202972412,-7.955106258392334,3.4787323474884033
1790266862795566300,31.67956640625,-4.536011219024658,-7.94450569152832,3.532679796218872
1790266862805566500,31.68956640625,-4.510838985443115,-7.933125019073486,3.590019941329956
1790266862815566300,31.69956640625,-4.491589069366455,-7.919386386871338,3.6440815925598145
1790266862825566500,31.70956640625,-4.482884407043457,-7.902055740356445,3.692105770111084
1790266862835566300,31.71956640625,-4.484475612640381,-7.881503105163574,3.7338674068450928
1790266862845566500,31.72956640625,-4.493724822998047,-7.859584808349609,3.7687861919403076
1790266862855566300,31.73956640625,-4.508208274841309,-7.83831262588501,3.7956953048706055
1790266862865566500,31.74956640625,-4.527336597442627,-7.818105697631836,3.814556360244751
1790266862875566300,31.75956640625,-4.553561210632324,-7.796940326690674,3.8266408443450928
1790266862885566500,31.76956640625,-4.5889081954956055,-7.772858142852783,3.8334028720855713
1790266862895566300,31.77956640625,-4.632484436035156,-7.7454657554626465,3.836435556411743
1790266862905566500,31.78956640625,-4.681468963623047,-7.7153239250183105,3.837709665298462
1790266862915566300,31.79956640625,-4.731173515319824,-7.683560848236084,3.8404788970947266
1790266862925566500,31.80956640625,-4.776790618896484,-7.650792121887207,3.8494200706481934
1790266862935566300,31.81956640625,-4.814616680145264,-7.616436958312988,3.8703672885894775
1790266862945566500,31.82956640625,-4.845493316650391,-7.578762531280518,3.9056296348571777
1790266862955566300,31.83956640625,-4.87327766418457,-7.536107063293457,3.9533073902130127
1790266862965566500,31.84956640625,-4.903659820556641,-7.486943244934082,4.008762836456299
1790266862975566300,31.85956640625,-4.941058158874512,-7.4302239418029785,4.067936897277832
1790266862985566500,31.86956640625,-4.987602233886719,-7.365690231323242,4.1280517578125
1790266862995566300,31.87956640625,-5.043303489685059,-7.293821334838867,4.187557697296143
1790266863005566500,31.88956640625,-5.106133937835693,-7.216506004333496,4.244977951049805
1790266863015566300,31.89956640625,-5.173455715179443,-7.136176109313965,4.298923015594482
1790266863025566500,31.90956640625,-5.245762348175049,-7.054519176483154,4.345816135406494
1790266863035566300,31.91956640625,-5.324524879455566,-6.9725518226623535,4.382160663604736
1790266863045566500,31.92956640625,-5.407356262207031,-6.8923659324646,4.4075140953063965
1790266863055566300,31.93956640625,-5.4915642738342285,-6.815543174743652,4.422835350036621
1790266863065566500,31.94956640625,-5.573203086853027,-6.742301940917969,4.432961940765381
1790266863075566300,31.95956640625,-5.650664806365967,-6.670521259307861,4.443480014801025
1790266863085566500,31.96956640625,-5.7255377769470215,-6.597553253173828,4.456556797027588
1790266863095566300,31.97956640625,-5.8018388748168945,-6.519933223724365,4.472083568572998
1790266863105566500,31.98956640625,-5.882429599761963,-6.435452938079834,4.489136695861816
1790266863115566300,31.99956640625,-5.965813636779785,-6.345663547515869,4.5068840980529785
1790266863125566500,32.00956640625,-6.048870086669922,-6.253210067749023,4.525362968444824
1790266863135566300,32.01956640625,-6.130807876586914,-6.159966945648193,4.542949676513672
1790266863145566500,32.02956640625,-6.21375036239624,-6.064535617828369,4.558628559112549
1790266863155566300,32.03956640625,-6.302473545074463,-5.963289260864258,4.5703840255737305
1790266863165566500,32.04956640625,-6.400460243225098,-5.853492736816406,4.576146602630615
1790266863175566300,32.05956640625,-6.505197525024414,-5.736912727355957,4.576092720031738
1790266863185566500,32.06956640625,-6.610026836395264,-5.620266914367676,4.57061767578125
1790266863195566300,32.07956640625,-6.7087836265563965,-5.511265754699707,4.559447288513184
1790266863205566500,32.08956640625,-6.7989397048950195,-5.413559913635254,4.54292631149292
1790266863215566300,32.09956640625,-6.882854461669922,-5.321415901184082,4.525399208068848
1790266863225566500,32.10956640625,-6.964548587799072,-5.226642608642578,4.510837554931641
1790266863235566300,32.11956640625,-7.047049522399902,-5.12431526184082,4.500095844268799
1790266863245566500,32.12956640625,-7.131276607513428,-5.014218330383301,4.4914231300354
1790266863255566300,32.13956640625,-7.216342449188232,-4.9001874923706055,4.481400966644287
1790266863265566500,32.14956640625,-7.301379680633545,-4.785044193267822,4.468063831329346
1790266863275566300,32.15956640625,-7.38623046875,-4.669399261474609,4.450921058654785
1790266863285566500,32.16956640625,-7.4707932472229,-4.553368091583252,4.429953575134277
1790266863295566300,32.17956640625,-7.5538554191589355,-4.437561988830566,4.406552314758301
1790266863305566500,32.18956640625,-7.635959625244141,-4.320292949676514,4.381504535675049
1790266863315566300,32.19956640625,-7.718899726867676,-4.196927547454834,4.356005668640137
1790266863325566500,32.20956640625,-7.8048996925354,-4.063270568847656,4.329406261444092
1790266863335566300,32.21956640625,-7.896531105041504,-3.918081760406494,4.296954154968262
1790266863345566500,32.22956640625,-7.993163108825684,-3.765245199203491,4.254721641540527
1790266863355566300,32.23956640625,-8.087634086608887,-3.613072395324707,4.207881450653076
1790266863365566500,32.24956640625,-8.170592308044434,-3.470161199569702,4.1677069664001465
1790266863375566300,32.25956640625,-8.24148178100586,-3.340930461883545,4.1335883140563965
1790266863385566500,32.26956640625,-8.308062553405762,-3.2227349281311035,4.093952178955078
1790266863395566300,32.27956640625,-8.378377914428711,-3.103846549987793,4.042191028594971
1790266863405566500,32.28956640625,-8.452656745910645,-2.972271680831909,3.9860475063323975
1790266863415566300,32.29956640625,-8.52373218536377,-2.827270746231079,3.939913034439087
1790266863425566500,32.30956640625,-8.584924697875977,-2.6775214672088623,3.9115633964538574
1790266863435566300,32.31956640625,-8.635238647460938,-2.5336153507232666,3.896641969680786
1790266863445566500,32.32956640625,-8.678683280944824,-2.3973357677459717,3.8863391876220703
1790266863455566300,32.33956640625,-8.71795654296875,-2.26628041267395,3.8770594596862793
1790266863465566500,32.34956640625,-8.753183364868164,-2.140789747238159,3.8690032958984375
1790266863475566300,32.35956640625,-8.784188270568848,-2.017949104309082,3.8647496700286865
1790266863485566500,32.36956640625,-8.808338165283203,-1.896815538406372,3.8711307048797607
1790266863495566300,32.37956640625,-8.825464248657227,-1.785029411315918,3.885260581970215
1790266863505566500,32.38956640625,-8.838354110717773,-1.6852138042449951,3.9005041122436523
1790266863515566300,32.39956640625,-8.847841262817383,-1.5966323614120483,3.9162299633026123
1790266863525566500,32.40956640625,-8.855536460876465,-1.5205165147781372,3.9291093349456787
1790266863535566300,32.41956640625,-8.861175537109375,-1.4524128437042236,3.9421403408050537
1790266863545566500,32.42956640625,-8.866881370544434,-1.3904527425765991,3.9516360759735107
1790266863555566300,32.43956640625,-8.869778633117676,-1.3363786935806274,3.963775157928467
1790266863565566500,32.44956640625,-8.869491577148438,-1.2907980680465698,3.979490280151367
1790266863575566300,32.45956640625,-8.867125511169434,-1.24943208694458,3.9979233741760254
1790266863585566500,32.46956640625,-8.861348152160645,-1.2123287916183472,4.022082328796387
1790266863595566300,32.47956640625,-8.852487564086914,-1.1818445920944214,4.050564765930176
1790266863605566500,32.48956640625,-8.840157508850098,-1.1626752614974976,4.082915782928467
1790266863615566300,32.49956640625,-8.82647705078125,-1.1534667015075684,4.114996910095215
1790266863625566500,32.50956640625,-8.811811447143555,-1.1523936986923218,4.146607398986816
1790266863635566300,32.51956640625,-8.796234130859375,-1.1584453582763672,4.177877902984619
1790266863645566500,32.52956640625,-8.781768798828125,-1.169503092765808,4.205138206481934
1790266863655566300,32.53956640625,-8.766312599182129,-1.1850676536560059,4.232938289642334
1790266863665566500,32.54956640625,-8.748075485229492,-1.2096869945526123,4.263594627380371
1790266863675566300,32.55956640625,-8.72714614868164,-1.2474116086959839,4.295495986938477
1790266863685566500,32.56956640625,-8.705402374267578,-1.2953988313674927,4.325307369232178
1790266863695566300,32.57956640625,-8.683349609375,-1.3505139350891113,4.352692127227783
1790266863705566500,32.58956640625,-8.659482955932617,-1.4095780849456787,4.381417751312256
1790266863715566300,32.59956640625,-8.632181167602539,-1.4709221124649048,4.414999961853027
1790266863725566500,32.60956640625,-8.602395057678223,-1.5380631685256958,4.4501166343688965
1790266863735566300,32.61956640625,-8.571343421936035,-1.6111894845962524,4.484029293060303
1790266863745566500,32.62956640625,-8.538764953613281,-1.686291217803955,4.518438339233398
1790266863755566300,32.63956640625,-8.502808570861816,-1.7650352716445923,4.5560173988342285
1790266863765566500,32.64956640625,-8.462766647338867,-1.8499952554702759,4.596681594848633
1790266863775566300,32.65956640625,-8.419639587402344,-1.9394631385803223,4.6388068199157715
1790266863785566500,32.66956640625,-8.374361038208008,-2.0344815254211426,4.679887294769287
1790266863795566300,32.67956640625,-8.32793140411377,-2.1371755599975586,4.716825008392334
1790266863805566500,32.68956640625,-8.279497146606445,-2.248753547668457,4.750097274780273
1790266863815566300,32.69956640625,-8.229150772094727,-2.3670687675476074,4.780004024505615
1790266863825566500,32.70956640625,-8.17483901977539,-2.489201068878174,4.811057090759277
1790266863835566300,32.71956640625,-8.112525939941406,-2.613226890563965,4.850603103637695
1790266863845566500,32.72956640625,-8.040599822998047,-2.739194393157959,4.900609016418457
1790266863855566300,32.73956640625,-7.960948944091797,-2.8718912601470947,4.954384803771973
1790266863865566500,32.74956640625,-7.878224849700928,-3.0151586532592773,5.00127649307251
1790266863875566300,32.75956640625,-7.796097278594971,-3.165703773498535,5.0368218421936035
1790266863885566500,32.76956640625,-7.716490268707275,-3.3157424926757812,5.062806606292725
1790266863895566300,32.77956640625,-7.637922286987305,-3.4617972373962402,5.084140777587891
1790266863905566500,32.78956640625,-7.55750036239624,-3.6038424968719482,5.105575084686279
1790266863915566300,32.79956640625,-7.474464416503906,-3.7432150840759277,5.127485275268555
1790266863925566500,32.80956640625,-7.384732723236084,-3.885406255722046,5.151671886444092
1790266863935566300,32.81956640625,-7.289938449859619,-4.032014846801758,5.173976898193359
1790266863945566500,32.82956640625,-7.191169738769531,-4.183191776275635,5.192144393920898
1790266863955566300,32.83956640625,-7.089258193969727,-4.3350958824157715,5.2076616287231445
1790266863965566500,32.84956640625,-6.986307144165039,-4.483322620391846,5.221274375915527
1790266863975566300,32.85956640625,-6.881280899047852,-4.627499580383301,5.234942436218262
1790266863985566500,32.86956640625,-6.772785186767578,-4.771193504333496,5.247424602508545
1790266863995566300,32.87956640625,-6.662793159484863,-4.915401458740234,5.255130290985107
1790266864005566500,32.88956640625,-6.552700519561768,-5.060153961181641,5.256172180175781
1790266864015566300,32.89956640625,-6.442066669464111,-5.206954479217529,5.249551296234131
1790266864025566500,32.90956640625,-6.3300862312316895,-5.355847358703613,5.235961437225342
1790266864035566300,32.91956640625,-6.219307899475098,-5.504108428955078,5.2149200439453125
1790266864045566500,32.92956640625,-6.110587120056152,-5.650411605834961,5.1869025230407715
1790266864055566300,32.93956640625,-6.0073041915893555,-5.793957233428955,5.149052143096924
1790266864065566500,32.94956640625,-5.912017822265625,-5.934191703796387,5.099393367767334
1790266864075566300,32.95956640625,-5.821051597595215,-6.071877479553223,5.04163122177124
1790266864085566500,32.96956640625,-5.731208324432373,-6.208269119262695,4.97805643081665
1790266864095566300,32.97956640625,-5.639469623565674,-6.344292640686035,4.910876750946045
1790266864105566500,32.98956640625,-5.546136856079102,-6.477809906005859,4.842388153076172
1790266864115566300,32.99956640625,-5.450636386871338,-6.608638763427734,4.773557662963867
1790266864125566500,33.00956640625,-5.355926513671875,-6.737031936645508,4.700727462768555
1790266864135566300,33.01956640625,-5.26387882232666,-6.86259126663208,4.622424125671387
1790266864145566500,33.02956640625,-5.174984931945801,-6.982323169708252,4.542806625366211
1790266864155566300,33.03956640625,-5.090715408325195,-7.0925750732421875,4.466586112976074
1790266864165566500,33.04956640625,-5.010524749755859,-7.1917924880981445,4.39808464050293
1790266864175566300,33.05956640625,-4.9350905418396,-7.281466960906982,4.335378646850586
1790266864185566500,33.06956640625,-4.863998889923096,-7.365413665771484,4.273472785949707
1790266864195566300,33.07956640625,-4.796602725982666,-7.446910858154297,4.2079081535339355
1790266864205566500,33.08956640625,-4.731758117675781,-7.526829242706299,4.138561725616455
1790266864215566300,33.09956640625,-4.67018461227417,-7.604107856750488,4.06660795211792
1790266864225566500,33.10956640625,-4.6147027015686035,-7.6768975257873535,3.9925131797790527
1790266864235566300,33.11956640625,-4.565093994140625,-7.743866443634033,3.919545888900757
1790266864245566500,33.12956640625,-4.518753528594971,-7.804694652557373,3.8520114421844482
1790266864255566300,33.13956640625,-4.476219177246094,-7.858893394470215,3.79099702835083
1790266864265566500,33.14956640625,-4.438100337982178,-7.906407833099365,3.7366275787353516
1790266864275566300,33.15956640625,-4.405217170715332,-7.947603225708008,3.687826633453369
1790266864285566500,33.16956640625,-4.3790717124938965,-7.983153820037842,3.6418919563293457
1790266864295566300,33.17956640625,-4.36124849319458,-8.01318359375,3.5970535278320312
1790266864305566500,33.18956640625,-4.350002765655518,-8.038580894470215,3.553741216659546
1790266864315566300,33.19956640625,-4.343201637268066,-8.06002140045166,3.513265371322632
1790266864325566500,33.20956640625,-4.340155601501465,-8.077417373657227,3.4768922328948975
1790266864335566300,33.21956640625,-4.339545726776123,-8.090764999389648,3.4464850425720215
1790266864345566500,33.22956640625,-4.3408894538879395,-8.09993839263916,3.4231669902801514
1790266864355566300,33.23956640625,-4.344211578369141,-8.104887008666992,3.4072020053863525
1790266864365566500,33.24956640625,-4.3467278480529785,-8.1074800491333,3.397812604904175
1790266864375566300,33.25956640625,-4.3476972579956055,-8.109221458435059,3.392411947250366
1790266864385566500,33.26956640625,-4.348811626434326,-8.110042572021484,3.389017105102539
1790266864395566300,33.27956640625,-4.350804805755615,-8.110072135925293,3.3863861560821533
1790266864405566500,33.28956640625,-4.35183048248291,-8.110316276550293,3.38448429107666
1790266864415566300,33.29956640625,-4.34800910949707,-8.112607955932617,3.3839027881622314
1790266864425566500,33.30956640625,-4.340480804443359,-8.116302490234375,3.384708881378174
1790266864435566300,33.31956640625,-4.3343377113342285,-8.11935043334961,3.3852717876434326
1790266864445566500,33.32956640625,-4.332730770111084,-8.120092391967773,3.3855481147766113
1790266864455566300,33.33956640625,-4.337618350982666,-8.117632865905762,3.3851897716522217
1790266864465566500,33.34956640625,-4.350610733032227,-8.111302375793457,3.38368821144104
1790266864475566300,33.35956640625,-4.373148441314697,-8.099671363830566,3.3824949264526367
1790266864485566500,33.36956640625,-4.405037879943848,-8.081298828125,3.385061264038086
1790266864495566300,33.37956640625,-4.444293022155762,-8.05605411529541,3.3939123153686523
1790266864505566500,33.38956640625,-4.487657070159912,-8.025708198547363,3.4087138175964355
1790266864515566300,33.39956640625,-4.532220363616943,-7.9927592277526855,3.4271228313446045
1790266864525566500,33.40956640625,-4.575882434844971,-7.9592814445495605,3.446957588195801
1790266864535566300,33.41956640625,-4.616244316101074,-7.927082061767578,3.46728253364563
1790266864545566500,33.42956640625,-4.650957107543945,-7.897711753845215,3.4878549575805664
1790266864555566300,33.43956640625,-4.680029392242432,-7.87106466293335,3.509140968322754
1790266864565566500,33.44956640625,-4.705171585083008,-7.845297336578369,3.533137798309326
1790266864575566300,33.45956640625,-4.727265357971191,-7.817915916442871,3.5642027854919434
1790266864585566500,33.46956640625,-4.747200965881348,-7.787032604217529,3.605079412460327
1790266864595566300,33.47956640625,-4.765547752380371,-7.751925945281982,3.6561689376831055
1790266864605566500,33.48956640625,-4.782215118408203,-7.712336540222168,3.717616558074951
1790266864615566300,33.49956640625,-4.798501014709473,-7.668365478515625,3.786945343017578
1790266864625566500,33.50956640625,-4.815179824829102,-7.620779037475586,3.8611063957214355
1790266864635566300,33.51956640625,-4.832716941833496,-7.571080684661865,3.93623685836792
1790266864645566500,33.52956640625,-4.851393222808838,-7.520895957946777,4.008800983428955
1790266864655566300,33.53956640625,-4.871786594390869,-7.471469879150391,4.075931549072266
1790266864665566500,33.54956640625,-4.895147323608398,-7.423513889312744,4.135137557983398
1790266864675566300,33.55956640625,-4.922830581665039,-7.376866817474365,4.1854472160339355
1790266864685566500,33.56956640625,-4.955183506011963,-7.331453800201416,4.226858139038086
1790266864695566300,33.57956640625,-4.992363452911377,-7.28639554977417,4.260883808135986
1790266864705566500,33.58956640625,-5.034031867980957,-7.240302562713623,4.290329933166504
1790266864715566300,33.59956640625,-5.079822063446045,-7.191502094268799,4.3183441162109375
1790266864725566500,33.60956640625,-5.128127098083496,-7.13950777053833,4.347428321838379
1790266864735566300,33.61956640625,-5.179115295410156,-7.08340311050415,4.378646373748779
1790266864745566500,33.62956640625,-5.234265327453613,-7.021669864654541,4.412369251251221
1790266864755566300,33.63956640625,-5.29396915435791,-6.954311370849609,4.447677135467529
1790266864765566500,33.64956640625,-5.357949733734131,-6.882819175720215,4.482138156890869
1790266864775566300,33.65956640625,-5.426061153411865,-6.808067798614502,4.5142502784729
1790266864785566500,33.66956640625,-5.498098850250244,-6.730009078979492,4.544037818908691
1790266864795566300,33.67956640625,-5.573390483856201,-6.649028301239014,4.57144832611084
1790266864805566500,33.68956640625,-5.649399757385254,-6.567140579223633,4.596447944641113
1790266864815566300,33.69956640625,-5.724198818206787,-6.48605489730835,4.618983745574951
1790266864825566500,33.70956640625,-5.798388957977295,-6.405333995819092,4.639047622680664
1790266864835566300,33.71956640625,-5.872664451599121,-6.3244123458862305,4.656608581542969
1790266864845566500,33.72956640625,-5.94639253616333,-6.24402379989624,4.671506881713867
1790266864855566300,33.73956640625,-6.022360324859619,-6.161584854125977,4.6836347579956055
1790266864865566500,33.74956640625,-6.105107307434082,-6.07183837890625,4.693702220916748
1790266864875566300,33.75956640625,-6.1947340965271,-5.972039222717285,4.7042951583862305
1790266864885566500,33.76956640625,-6.287442684173584,-5.8630290031433105,4.718405246734619
1790266864895566300,33.77956640625,-6.382783889770508,-5.748630046844482,4.731143474578857
1790266864905566500,33.78956640625,-6.481034278869629,-5.6333136558532715,4.736280918121338
1790266864915566300,33.79956640625,-6.580489158630371,-5.519772529602051,4.732829570770264
1790266864925566500,33.80956640625,-6.678260803222656,-5.409562110900879,4.723118782043457
1790266864935566300,33.81956640625,-6.771062850952148,-5.303538799285889,4.711216926574707
1790266864945566500,33.82956640625,-6.858679294586182,-5.199254035949707,4.700708866119385
1790266864955566300,33.83956640625,-6.9446821212768555,-5.092586517333984,4.691198348999023
1790266864965566500,33.84956640625,-7.031036376953125,-4.9835004806518555,4.679705619812012
1790266864975566300,33.85956640625,-7.117259979248047,-4.875084400177002,4.663534641265869
1790266864985566500,33.86956640625,-7.204089164733887,-4.7684478759765625,4.640408992767334
1790266864995566300,33.87956640625,-7.293874740600586,-4.6592302322387695,4.611003398895264
1790266865005566500,33.88956640625,-7.386807441711426,-4.543334007263184,4.578601360321045
1790266865015566300,33.89956640625,-7.481339454650879,-4.419924736022949,4.545792102813721
1790266865025566500,33.90956640625,-7.573859214782715,-4.291085720062256,4.515928745269775
1790266865035566300,33.91956640625,-7.661640644073486,-4.159646034240723,4.490767955780029
1790266865045566500,33.92956640625,-7.745002746582031,-4.0268354415893555,4.468771934509277
1790266865055566300,33.93956640625,-7.826083660125732,-3.8926360607147217,4.446368217468262
1790266865065566500,33.94956640625,-7.908544063568115,-3.755758047103882,4.418097972869873
1790266865075566300,33.95956640625,-7.9958906173706055,-3.614345073699951,4.378655433654785
1790266865085566500,33.96956640625,-8.084185600280762,-3.4695472717285156,4.333423137664795
1790266865095566300,33.97956640625,-8.166949272155762,-3.3217086791992188,4.2938995361328125
1790266865105566500,33.98956640625,-8.241181373596191,-3.1730780601501465,4.264373779296875
1790266865115566300,33.99956640625,-8.309012413024902,-3.026916980743408,4.238924026489258
1790266865125566500,34.00956640625,-8.373367309570312,-2.8847434520721436,4.211337089538574
1790266865135566300,34.01956640625,-8.434470176696777,-2.7475366592407227,4.181045055389404
1790266865145566500,34.02956640625,-8.492661476135254,-2.6144330501556396,4.148473739624023
1790266865155566300,34.03956640625,-8.547629356384277,-2.4834964275360107,4.115903854370117
1790266865165566500,34.04956640625,-8.597763061523438,-2.3540899753570557,4.087435245513916
1790266865175566300,34.05956640625,-8.639958381652832,-2.2275331020355225,4.069348335266113
1790266865185566500,34.06956640625,-8.676140785217285,-2.1046531200408936,4.0577569007873535
1790266865195566300,34.07956640625,-8.70934772491455,-1.9861180782318115,4.0463547706604
1790266865205566500,34.08956640625,-8.737553596496582,-1.8736976385116577,4.039156913757324
1790266865215566300,34.09956640625,-8.766809463500977,-1.7677923440933228,4.023475646972656
1790266865225566500,34.10956640625,-8.791650772094727,-1.6698936223983765,4.011072635650635
1790266865235566300,34.11956640625,-8.80848217010498,-1.5788918733596802,4.011003494262695
1790266865245566500,34.12956640625,-8.819511413574219,-1.4964946508407593,4.018346309661865
1790266865255566300,34.13956640625,-8.828617095947266,-1.4249305725097656,4.024360179901123
1790266865265566500,34.14956640625,-8.837004661560059,-1.3613499402999878,4.02795934677124
1790266865275566300,34.15956640625,-8.841268539428711,-1.3059245347976685,4.036944389343262
1790266865285566500,34.16956640625,-8.839256286621094,-1.2592419385910034,4.0561370849609375
1790266865295566300,34.17956640625,-8.83258056640625,-1.2244620323181152,4.081249713897705
1790266865305566500,34.18956640625,-8.824565887451172,-1.2053849697113037,4.1041998863220215
1790266865315566300,34.19956640625,-8.815923690795898,-1.199661374092102,4.1244025230407715
1790266865325566500,34.20956640625,-8.807016372680664,-1.197702407836914,4.143953323364258
1790266865335566300,34.21956640625,-8.797676086425781,-1.194443702697754,4.164683818817139
1790266865345566500,34.22956640625,-8.783731460571289,-1.1862030029296875,4.196352481842041
1790266865355566300,34.23956640625,-8.762152671813965,-1.1778913736343384,4.243539810180664
1790266865365566500,34.24956640625,-8.739045143127441,-1.1756236553192139,4.291547775268555
1790266865375566300,34.25956640625,-8.718491554260254,-1.180198311805725,4.331907749176025
1790266865385566500,34.26956640625,-8.698389053344727,-1.188956618309021,4.369758605957031
1790266865395566300,34.27956640625,-8.680397987365723,-1.2074731588363647,4.400350570678711
1790266865405566500,34.28956640625,-8.665247917175293,-1.2357460260391235,4.42230749130249
1790266865415566300,34.29956640625,-8.650891304016113,-1.2695008516311646,4.4408135414123535
1790266865425566500,34.30956640625,-8.636991500854492,-1.3081746101379395,4.456618785858154
1790266865435566300,34.31956640625,-8.62362289428711,-1.3519036769866943,4.469437599182129
1790266865445566500,34.32956640625,-8.610466957092285,-1.402509331703186,4.479197978973389
1790266865455566300,34.33956640625,-8.59585952758789,-1.460989236831665,4.488553047180176
1790266865465566500,34.34956640625,-8.576923370361328,-1.5255094766616821,4.503288745880127
1790266865475566300,34.35956640625,-8.55096435546875,-1.5982815027236938,4.527348518371582
1790266865485566500,34.36956640625,-8.519049644470215,-1.676910400390625,4.558964729309082
1790266865495566300,34.37956640625,-8.481666564941406,-1.7583849430084229,4.597804546356201
1790266865505566500,34.38956640625,-8.440735816955566,-1.8459312915802002,4.6386308670043945
1790266865515566300,34.39956640625,-8.397408485412598,-1.9423903226852417,4.677717208862305
1790266865525566500,34.40956640625,-8.350486755371094,-2.04645037651062,4.7171807289123535
1790266865535566300,34.41956640625,-8.298652648925781,-2.153559446334839,4.760768890380859
1790266865545566500,34.42956640625,-8.240259170532227,-2.2641875743865967,4.810609340667725
1790266865555566300,34.43956640625,-8.178460121154785,-2.380056381225586,4.859888076782227
1790266865565566500,34.44956640625,-8.116374015808105,-2.500624656677246,4.903237342834473
1790266865575566300,34.45956640625,-8.054742813110352,-2.6277904510498047,4.938241481781006
1790266865585566500,34.46956640625,-7.993733882904053,-2.760392189025879,4.964962959289551
1790266865595566300,34.47956640625,-7.930767059326172,-2.896639585494995,4.988266468048096
1790266865605566500,34.48956640625,-7.863130569458008,-3.035919189453125,5.012460231781006
1790266865615566300,34.49956640625,-7.790946006774902,-3.1804308891296387,5.035514831542969
1790266865625566500,34.50956640625,-7.71652364730835,-3.332015037536621,5.052061080932617
1790266865635566300,34.51956640625,-7.641961574554443,-3.487408399581909,5.060512542724609
1790266865645566500,34.52956640625,-7.564169883728027,-3.6432113647460938,5.067615509033203
1790266865655566300,34.53956640625,-7.479736328125,-3.796962261199951,5.080060005187988
1790266865665566500,34.54956640625,-7.387198448181152,-3.950622797012329,5.09826135635376
1790266865675566300,34.55956640625,-7.287458896636963,-4.108248710632324,5.117189407348633
1790266865685566500,34.56956640625,-7.1851806640625,-4.268298149108887,5.130809307098389
1790266865695566300,34.57956640625,-7.085114479064941,-4.425148963928223,5.137080669403076
1790266865705566500,34.58956640625,-6.983870983123779,-4.5788187980651855,5.141046047210693
1790266865715566300,34.59956640625,-6.878559112548828,-4.731391906738281,5.144876003265381
1790266865725566500,34.60956640625,-6.767521381378174,-4.884634494781494,5.148920059204102
1790266865735566300,34.61956640625,-6.652419090270996,-5.0361647605896,5.152935981750488
1790266865745566500,34.62956640625,-6.532736778259277,-5.186123371124268,5.157310485839844
1790266865755566300,34.63956640625,-6.408815860748291,-5.337545394897461,5.158301830291748
1790266865765566500,34.64956640625,-6.287014484405518,-5.491080284118652,5.1470255851745605
1790266865775566300,34.65956640625,-6.171006679534912,-5.643827438354492,5.12213659286499
1790266865785566500,34.66956640625,-6.060123920440674,-5.79304313659668,5.087822914123535
1790266865795566300,34.67956640625,-5.949668884277344,-5.938904762268066,5.049874782562256
1790266865805566500,34.68956640625,-5.836521148681641,-6.081833839416504,5.01165771484375
1790266865815566300,34.69956640625,-5.723315715789795,-6.221341133117676,4.970810890197754
1790266865825566500,34.70956640625,-5.616489887237549,-6.356113910675049,4.921914577484131
1790266865835566300,34.71956640625,-5.516125679016113,-6.4870285987854,4.864278316497803
1790266865845566500,34.72956640625,-5.420508861541748,-6.614843368530273,4.79919958114624
1790266865855566300,34.73956640625,-5.3315749168396,-6.738522052764893,4.726206302642822
1790266865865566500,34.74956640625,-5.249457836151123,-6.858821868896484,4.644367218017578
1790266865875566300,34.75956640625,-5.174463748931885,-6.974737644195557,4.555035591125488
1790266865885566500,34.76956640625,-5.104933738708496,-7.084912300109863,4.462517261505127
1790266865895566300,34.77956640625,-5.03496789932251,-7.190914154052734,4.371525287628174
1790266865905566500,34.78956640625,-4.965353012084961,-7.291269779205322,4.284045219421387
1790266865915566300,34.79956640625,-4.897802829742432,-7.385393142700195,4.1997480392456055
1790266865925566500,34.80956640625,-4.831140518188477,-7.474958896636963,4.117700099945068
1790266865935566300,34.81956640625,-4.7615065574646,-7.562876224517822,4.037494659423828
1790266865945566500,34.82956640625,-4.686612129211426,-7.650798320770264,3.958705186843872
1790266865955566300,34.83956640625,-4.608348846435547,-7.7368597984313965,3.882589817047119
1790266865965566500,34.84956640625,-4.530188083648682,-7.818155765533447,3.811065912246704
1790266865975566300,34.85956640625,-4.456031322479248,-7.8924174308776855,3.7448537349700928
1790266865985566500,34.86956640625,-4.390391826629639,-7.958095073699951,3.682875156402588
1790266865995566300,34.87956640625,-4.337525844573975,-8.013721466064453,3.624434471130371
1790266866005566500,34.88956640625,-4.295727729797363,-8.060015678405762,3.571171283721924
1790266866015566300,34.89956640625,-4.264838695526123,-8.0968599319458,3.524543046951294
1790266866025566500,34.90956640625,-4.245449542999268,-8.123615264892578,3.4861743450164795
1790266866035566300,34.91956640625,-4.2338175773620605,-8.142115592956543,3.4570369720458984
1790266866045566500,34.92956640625,-4.227053165435791,-8.154491424560547,3.4360859394073486
1790266866055566300,34.93956640625,-4.226734638214111,-8.161035537719727,3.420905590057373
1790266866065566500,34.94956640625,-4.234317302703857,-8.16269588470459,3.4075400829315186
1790266866075566300,34.95956640625,-4.247405052185059,-8.161685943603516,3.3936474323272705
1790266866085566500,34.96956640625,-4.26046895980835,-8.160743713378906,3.379505157470703
1790266866095566300,34.97956640625,-4.272495746612549,-8.1608304977417,3.3640778064727783
1790266866105566500,34.98956640625,-4.287036895751953,-8.161956787109375,3.342778205871582
1790266866115566300,34.99956640625,-4.303537368774414,-8.165496826171875,3.3127951622009277
1790266866125566500,35.00956640625,-4.320441246032715,-8.17148208618164,3.2758285999298096
1790266866135566300,35.01956640625,-4.33601713180542,-8.178689002990723,3.237034559249878
1790266866145566500,35.02956640625,-4.348454475402832,-8.185500144958496,3.202954053878784
1790266866155566300,35.03956640625,-4.359462738037109,-8.189485549926758,3.1777052879333496
1790266866165566500,35.04956640625,-4.370736122131348,-8.189260482788086,3.1627614498138428
1790266866175566300,35.05956640625,-4.385343551635742,-8.18395709991455,3.1562633514404297
1790266866185566500,35.06956640625,-4.405796051025391,-8.174749374389648,3.151637315750122
1790266866195566300,35.07956640625,-4.433017253875732,-8.16292953491211,3.144096851348877
1790266866205566500,35.08956640625,-4.4675140380859375,-8.148391723632812,3.1329562664031982
1790266866215566300,35.09956640625,-4.509517192840576,-8.13086986541748,3.118267059326172
1790266866225566500,35.10956640625,-4.559745788574219,-8.10992431640625,3.0997142791748047
1790266866235566300,35.11956640625,-4.618919849395752,-8.085657119750977,3.0754048824310303
1790266866245566500,35.12956640625,-4.683128833770752,-8.059457778930664,3.046936273574829
1790266866255566300,35.13956640625,-4.746479511260986,-8.032271385192871,3.0205867290496826
1790266866265566500,35.14956640625,-4.803198337554932,-8.004800796508789,3.003807544708252
1790266866275566300,35.15956640625,-4.849492073059082,-7.977759838104248,3.00136137008667
1790266866285566500,35.16956640625,-4.884593963623047,-7.951575756072998,3.013896942138672
1790266866295566300,35.17956640625,-4.909363269805908,-7.926438331604004,3.039757013320923
1790266866305566500,35.18956640625,-4.925745010375977,-7.902172088623047,3.076215982437134
1790266866315566300,35.19956640625,-4.937017917633057,-7.877598762512207,3.120847702026367
1790266866325566500,35.20956640625,-4.947269916534424,-7.851158142089844,3.170837879180908
1790266866335566300,35.21956640625,-4.961030006408691,-7.820528030395508,3.2245795726776123
1790266866345566500,35.22956640625,-4.978584289550781,-7.784722328186035,3.2836220264434814
1790266866355566300,35.23956640625,-4.997625350952148,-7.7451605796813965,3.347627639770508
1790266866365566500,35.24956640625,-5.017274379730225,-7.704435348510742,3.4115989208221436
1790266866375566300,35.25956640625,-5.0372514724731445,-7.665428161621094,3.4695374965667725
1790266866385566500,35.26956640625,-5.059552192687988,-7.627520561218262,3.5202603340148926
1790266866395566300,35.27956640625,-5.087059020996094,-7.588408946990967,3.5648679733276367
1790266866405566500,35.28956640625,-5.11944580078125,-7.546364784240723,3.6074976921081543
1790266866415566300,35.29956640625,-5.152889251708984,-7.502388000488281,3.651341676712036
1790266866425566500,35.30956640625,-5.185727596282959,-7.45869255065918,3.6941211223602295
1790266866435566300,35.31956640625,-5.2188897132873535,-7.416516304016113,3.7321391105651855
1790266866445566500,35.32956640625,-5.256183624267578,-7.374952793121338,3.7620463371276855
1790266866455566300,35.33956640625,-5.300926208496094,-7.332165718078613,3.7828445434570312
1790266866465566500,35.34956640625,-5.35349702835083,-7.287115573883057,3.795842170715332
1790266866475566300,35.35956640625,-5.413057804107666,-7.238465785980225,3.80444598197937
1790266866485566500,35.36956640625,-5.477461814880371,-7.183876037597656,3.815720558166504
1790266866495566300,35.37956640625,-5.544487953186035,-7.121018886566162,3.836683750152588
1790266866505566500,35.38956640625,-5.611838340759277,-7.0502190589904785,3.8693759441375732
1790266866515566300,35.39956640625,-5.677215099334717,-6.97488260269165,3.910322427749634
1790266866525566500,35.40956640625,-5.739333152770996,-6.8993144035339355,3.9534661769866943
1790266866535566300,35.41956640625,-5.79822301864624,-6.825948238372803,3.9946751594543457
1790266866545566500,35.42956640625,-5.855218887329102,-6.753677845001221,4.034183025360107
1790266866555566300,35.43956640625,-5.912029266357422,-6.679644584655762,4.07438850402832
1790266866565566500,35.44956640625,-5.969043731689453,-6.603704452514648,4.114851474761963
1790266866575566300,35.45956640625,-6.027042865753174,-6.526937961578369,4.152615070343018
1790266866585566500,35.46956640625,-6.0869526863098145,-6.449792861938477,4.185638427734375
1790266866595566300,35.47956640625,-6.148913383483887,-6.371920108795166,4.21424674987793
1790266866605566500,35.48956640625,-6.210949897766113,-6.292965412139893,4.241823673248291
1790266866615566300,35.49956640625,-6.272818565368652,-6.211233615875244,4.271148681640625
1790266866625566500,35.50956640625,-6.337342262268066,-6.125151634216309,4.300115585327148
1790266866635566300,35.51956640625,-6.407425880432129,-6.034461498260498,4.32441520690918
1790266866645566500,35.52956640625,-6.483782768249512,-5.940990447998047,4.339996814727783
1790266866655566300,35.53956640625,-6.565216541290283,-5.846297740936279,4.34616231918335
1790266866665566500,35.54956640625,-6.650053024291992,-5.751027584075928,4.344289302825928
1790266866675566300,35.55956640625,-6.736210823059082,-5.656301498413086,4.33590841293335
1790266866685566500,35.56956640625,-6.821117401123047,-5.56409215927124,4.322455406188965
1790266866695566300,35.57956640625,-6.903852462768555,-5.473132610321045,4.307206153869629
1790266866705566500,35.58956640625,-6.986111164093018,-5.379713535308838,4.292240619659424
1790266866715566300,35.59956640625,-7.071898460388184,-5.278293132781982,4.277647018432617
1790266866725566500,35.60956640625,-7.163873672485352,-5.164810657501221,4.2631025314331055
1790266866735566300,35.61956640625,-7.2610859870910645,-5.039366722106934,4.24874210357666
1790266866745566500,35.62956640625,-7.359609603881836,-4.906759262084961,4.234411239624023
1790266866755566300,35.63956640625,-7.451374530792236,-4.775704860687256,4.223747253417969
1790266866765566500,35.64956640625,-7.529264450073242,-4.6554365158081055,4.2198896408081055
1790266866775566300,35.65956640625,-7.593738079071045,-4.549130916595459,4.220299243927002
1790266866785566500,35.66956640625,-7.653569221496582,-4.448812007904053,4.219161510467529
1790266866795566300,35.67956640625,-7.7169060707092285,-4.342690944671631,4.214354038238525
1790266866805566500,35.68956640625,-7.788800239562988,-4.224311351776123,4.2024006843566895
1790266866815566300,35.69956640625,-7.868363380432129,-4.094335556030273,4.182781219482422
1790266866825566500,35.70956640625,-7.953182220458984,-3.957329273223877,4.1541337966918945
1790266866835566300,35.71956640625,-8.041552543640137,-3.818556547164917,4.113691329956055
1790266866845566500,35.72956640625,-8.128807067871094,-3.680460214614868,4.067811965942383
1790266866855566300,35.73956640625,-8.20654582977295,-3.546055316925049,4.030941009521484
1790266866865566500,35.74956640625,-8.269950866699219,-3.4175596237182617,4.012302398681641
1790266866875566300,35.75956640625,-8.326457977294922,-3.292250633239746,4.000195026397705
1790266866885566500,35.76956640625,-8.386096954345703,-3.1656277179718018,3.9777584075927734
1790266866895566300,35.77956640625,-8.449583053588867,-3.037628650665283,3.943063735961914
1790266866905566500,35.78956640625,-8.510802268981934,-2.910318613052368,3.9072606563568115
1790266866915566300,35.79956640625,-8.567963600158691,-2.7841358184814453,3.8741421699523926
1790266866925566500,35.80956640625,-8.627788543701172,-2.659303665161133,3.8288066387176514
1790266866935566300,35.81956640625,-8.688398361206055,-2.5351784229278564,3.7755775451660156
1790266866945566500,35.82956640625,-8.745672225952148,-2.410675525665283,3.7245471477508545
1790266866955566300,35.83956640625,-8.798227310180664,-2.2856037616729736,3.6793484687805176
1790266866965566500,35.84956640625,-8.84460163116455,-2.161473274230957,3.642998695373535
1790266866975566300,35.85956640625,-8.882059097290039,-2.0407071113586426,3.6214544773101807
1790266866985566500,35.86956640625,-8.910467147827148,-1.9258649349212646,3.6145553588867188
1790266866995566300,35.87956640625,-8.933952331542969,-1.8200453519821167,3.6114158630371094
1790266867005566500,35.88956640625,-8.954981803894043,-1.7226396799087524,3.6071033477783203
1790266867015566300,35.89956640625,-8.971936225891113,-1.6311559677124023,3.6075053215026855
1790266867025566500,35.90956640625,-8.98463249206543,-1.545204997062683,3.613739490509033
1790266867035566300,35.91956640625,-8.995187759399414,-1.4680955410003662,3.6196253299713135
1790266867045566500,35.92956640625,-9.005415916442871,-1.4005519151687622,3.620957374572754
1790266867055566300,35.93956640625,-9.016345024108887,-1.3423426151275635,3.615800619125366
1790266867065566500,35.94956640625,-9.028230667114258,-1.293630838394165,3.6038827896118164
1790266867075566300,35.95956640625,-9.03870677947998,-1.2512749433517456,3.5925588607788086
1790266867085566500,35.96956640625,-9.045180320739746,-1.2112655639648438,3.5899760723114014
1790266867095566300,35.97956640625,-9.0472993850708,-1.1742576360702515,3.5969274044036865
1790266867105566500,35.98956640625,-9.047110557556152,-1.1468932628631592,3.606218099594116
1790266867115566300,35.99956640625,-9.045391082763672,-1.130121111869812,3.615813732147217
1790266867125566500,36.00956640625,-9.039390563964844,-1.1224043369293213,3.633183717727661
1790266867135566300,36.01956640625,-9.029622077941895,-1.1227666139602661,3.6572813987731934
1790266867145566500,36.02956640625,-9.018636703491211,-1.1326565742492676,3.6812610626220703
1790266867155566300,36.03956640625,-9.00625991821289,-1.1545648574829102,3.7046799659729004
1790266867165566500,36.04956640625,-8.993072509765625,-1.184342622756958,3.7272467613220215
1790266867175566300,36.05956640625,-8.98066520690918,-1.2175450325012207,3.74641489982605
1790266867185566500,36.06956640625,-8.967288970947266,-1.252847671508789,3.766758918762207
1790266867195566300,36.07956640625,-8.952066421508789,-1.2904945611953735,3.7901875972747803
1790266867205566500,36.08956640625,-8.934487342834473,-1.332111120223999,3.8171703815460205
1790266867215566300,36.09956640625,-8.915534019470215,-1.3787789344787598,3.844815731048584
1790266867225566500,36.10956640625,-8.895916938781738,-1.431707501411438,3.8708229064941406
1790266867235566300,36.11956640625,-8.875373840332031,-1.4876022338867188,3.8968160152435303
1790266867245566500,36.12956640625,-8.851998329162598,-1.5450516939163208,3.9275102615356445
1790266867255566300,36.13956640625,-8.827946662902832,-1.6051667928695679,3.957421064376831
1790266867265566500,36.14956640625,-8.806550025939941,-1.6720482110977173,3.9773507118225098
1790266867275566300,36.15956640625,-8.789207458496094,-1.7457542419433594,3.9840378761291504
1790266867285566500,36.16956640625,-8.773297309875488,-1.820109248161316,3.9858310222625732
1790266867295566300,36.17956640625,-8.754944801330566,-1.8918331861495972,3.992781639099121
1790266867305566500,36.18956640625,-8.73278522491455,-1.9656281471252441,4.005639553070068
1790266867315566300,36.19956640625,-8.708355903625488,-2.0467071533203125,4.0181989669799805
1790266867325566500,36.20956640625,-8.681715965270996,-2.1360232830047607,4.029343128204346
1790266867335566300,36.21956640625,-8.651089668273926,-2.232975959777832,4.042628765106201
1790266867345566500,36.22956640625,-8.616175651550293,-2.3370749950408936,4.058321952819824
1790266867355566300,36.23956640625,-8.577775955200195,-2.4480090141296387,4.074235916137695
1790266867365566500,36.24956640625,-8.537052154541016,-2.56259822845459,4.089280128479004
1790266867375566300,36.25956640625,-8.494155883789062,-2.6802046298980713,4.103193283081055
1790266867385566500,36.26956640625,-8.449441909790039,-2.8007614612579346,4.1149797439575195
1790266867395566300,36.27956640625,-8.402607917785645,-2.9269354343414307,4.123060703277588
1790266867405566500,36.28956640625,-8.353443145751953,-3.0620405673980713,4.124837398529053
1790266867415566300,36.29956640625,-8.303472518920898,-3.202521562576294,4.119052886962891
1790266867425566500,36.30956640625,-8.253022193908691,-3.3445851802825928,4.107524871826172
1790266867435566300,36.31956640625,-8.19963550567627,-3.4866673946380615,4.0962815284729
1790266867445566500,36.32956640625,-8.140920639038086,-3.6288833618164062,4.0898661613464355
1790266867455566300,36.33956640625,-8.074446678161621,-3.77162504196167,4.0924973487854
1790266867465566500,36.34956640625,-8.000396728515625,-3.9137043952941895,4.104504108428955
1790266867475566300,36.35956640625,-7.921367645263672,-4.053933620452881,4.121643543243408
1790266867485566500,36.36956640625,-7.838079452514648,-4.195289611816406,4.139376163482666
1790266867495566300,36.37956640625,-7.751803874969482,-4.338223934173584,4.154483318328857
1790266867505566500,36.38956640625,-7.665316104888916,-4.48081636428833,4.163603782653809
1790266867515566300,36.39956640625,-7.579409122467041,-4.619551658630371,4.169254779815674
1790266867525566500,36.40956640625,-7.493217468261719,-4.7505717277526855,4.177816867828369
1790266867535566300,36.41956640625,-7.404211521148682,-4.874761581420898,4.193416595458984
1790266867545566500,36.42956640625,-7.310091495513916,-4.997796058654785,4.213666915893555
1790266867555566300,36.43956640625,-7.213932991027832,-5.123579978942871,4.228295803070068
1790266867565566500,36.44956640625,-7.120827674865723,-5.251136302947998,4.229630947113037
1790266867575566300,36.45956640625,-7.0325236320495605,-5.3783159255981445,4.217550277709961
1790266867585566500,36.46956640625,-6.946191787719727,-5.506133079528809,4.195629119873047
1790266867595566300,36.47956640625,-6.857994556427002,-5.6359639167785645,4.168238162994385
1790266867605566500,36.48956640625,-6.767146110534668,-5.765619277954102,4.139293670654297
1790266867615566300,36.49956640625,-6.6756110191345215,-5.890998363494873,4.1112961769104
1790266867625566500,36.50956640625,-6.584169864654541,-6.00958776473999,4.087047100067139
1790266867635566300,36.51956640625,-6.488543510437012,-6.128390789031982,4.063497066497803
1790266867645566500,36.52956640625,-6.385813236236572,-6.2542314529418945,4.034396171569824
1790266867655566300,36.53956640625,-6.27933931350708,-6.384424686431885,3.9974257946014404
1790266867665566500,36.54956640625,-6.1709513664245605,-6.5139594078063965,3.95702862739563
1790266867675566300,36.55956640625,-6.060456275939941,-6.638453006744385,3.920741081237793
1790266867685566500,36.56956640625,-5.949084281921387,-6.754470348358154,3.893061876296997
1790266867695566300,36.57956640625,-5.838046073913574,-6.861325263977051,3.874250650405884
1790266867705566500,36.58956640625,-5.731344699859619,-6.9589152336120605,3.8594770431518555
1790266867715566300,36.59956640625,-5.632867336273193,-7.050445556640625,3.8382833003997803
1790266867725566500,36.60956640625,-5.541951656341553,-7.140035629272461,3.804872989654541
1790266867735566300,36.61956640625,-5.457747936248779,-7.228135585784912,3.759979486465454
1790266867745566500,36.62956640625,-5.381590843200684,-7.313724994659424,3.703821897506714
1790266867755566300,36.63956640625,-5.308159828186035,-7.397729396820068,3.6424479484558105
1790266867765566500,36.64956640625,-5.234764099121094,-7.478564262390137,3.583115339279175
1790266867775566300,36.65956640625,-5.16782283782959,-7.553009510040283,3.52363920211792
1790266867785566500,36.66956640625,-5.102276802062988,-7.6233110427856445,3.4673163890838623
1790266867795566300,36.67956640625,-5.035732269287109,-7.689394474029541,3.418332576751709
1790266867805566500,36.68956640625,-4.974557876586914,-7.748654365539551,3.373800754547119
1790266867815566300,36.69956640625,-4.9164934158325195,-7.803345680236816,3.332608461380005
1790266867825566500,36.70956640625,-4.854833126068115,-7.8565473556518555,3.2978262901306152
1790266867835566300,36.71956640625,-4.791184902191162,-7.9086833000183105,3.2661402225494385
1790266867845566500,36.72956640625,-4.732636451721191,-7.956911563873291,3.2342073917388916
1790266867855566300,36.73956640625,-4.683961391448975,-7.998351097106934,3.2026968002319336
1790266867865566500,36.74956640625,-4.642280101776123,-8.033857345581055,3.174391031265259
1790266867875566300,36.75956640625,-4.601521968841553,-8.065823554992676,3.1525988578796387
1790266867885566500,36.76956640625,-4.562442779541016,-8.094124794006348,3.1368191242218018
1790266867895566300,36.77956640625,-4.527995586395264,-8.119119644165039,3.1221063137054443
1790266867905566500,36.78956640625,-4.498575210571289,-8.140551567077637,3.108797550201416
1790266867915566300,36.79956640625,-4.473940372467041,-8.158109664916992,3.0983054637908936
1790266867925566500,36.80956640625,-4.452912330627441,-8.172444343566895,3.0908124446868896
1790266867935566300,36.81956640625,-4.432109832763672,-8.184711456298828,3.088249444961548
1790266867945566500,36.82956640625,-4.410480499267578,-8.194395065307617,3.0935356616973877
1790266867955566300,36.83956640625,-4.389709949493408,-8.200806617736816,3.1060609817504883
1790266867965566500,36.84956640625,-4.374583721160889,-8.2034273147583,3.1204450130462646
1790266867975566300,36.85956640625,-4.368372440338135,-8.202024459838867,3.132810115814209
1790266867985566500,36.86956640625,-4.369533061981201,-8.197049140930176,3.144195556640625
1790266867995566300,36.87956640625,-4.374326705932617,-8.188880920410156,3.158778429031372
1790266868005566500,36.88956640625,-4.3809075355529785,-8.177578926086426,3.1788742542266846
1790266868015566300,36.89956640625,-4.389377593994141,-8.16296672821045,3.2046408653259277
1790266868025566500,36.90956640625,-4.399649620056152,-8.145726203918457,3.234287977218628
1790266868035566300,36.91956640625,-4.410761833190918,-8.126913070678711,3.2663185596466064
1790266868045566500,36.92956640625,-4.421928882598877,-8.10676097869873,3.3011112213134766
1790266868055566300,36.93956640625,-4.4326171875,-8.085349082946777,3.3390743732452393
1790266868065566500,36.94956640625,-4.443201541900635,-8.062670707702637,3.379599094390869
1790266868075566300,36.95956640625,-4.455174922943115,-8.038022994995117,3.42227840423584
1790266868085566500,36.96956640625,-4.469513416290283,-8.011062622070312,3.466513156890869
1790266868095566300,36.97956640625,-4.4870476722717285,-7.981583595275879,3.5115692615509033
1790266868105566500,36.98956640625,-4.507664203643799,-7.948897838592529,3.5589842796325684
1790266868115566300,36.99956640625,-4.532258033752441,-7.911852836608887,3.609931468963623
1790266868125566500,37.00956640625,-4.561530113220215,-7.869700908660889,3.664783239364624
1790266868135566300,37.01956640625,-4.59483528137207,-7.82323694229126,3.722208023071289
1790266868145566500,37.02956640625,-4.6288347244262695,-7.775082111358643,3.780524730682373
1790266868155566300,37.03956640625,-4.65985107421875,-7.728583812713623,3.8373377323150635
1790266868165566500,37.04956640625,-4.68756103515625,-7.683970928192139,3.8927805423736572
1790266868175566300,37.05956640625,-4.713715076446533,-7.639228343963623,3.9488556385040283
1790266868185566500,37.06956640625,-4.742144584655762,-7.590942859649658,4.0074968338012695
1790266868195566300,37.07956640625,-4.776791572570801,-7.536014556884766,4.069537162780762
1790266868205566500,37.08956640625,-4.818139553070068,-7.474149703979492,4.134367942810059
1790266868215566300,37.09956640625,-4.866998672485352,-7.40689754486084,4.197686672210693
1790266868225566500,37.10956640625,-4.924044609069824,-7.337107181549072,4.253354549407959
1790266868235566300,37.11956640625,-4.989039897918701,-7.267655849456787,4.296630859375
1790266868245566500,37.12956640625,-5.059814929962158,-7.200560569763184,4.326728343963623
1790266868255566300,37.13956640625,-5.130829811096191,-7.1359734535217285,4.350039482116699
1790266868265566500,37.14956640625,-5.198579788208008,-7.070784091949463,4.375975608825684
1790266868275566300,37.15956640625,-5.2646484375,-7.000311851501465,4.410158634185791
1790266868285566500,37.16956640625,-5.331886291503906,-6.921764373779297,4.453149795532227
1790266868295566300,37.17956640625,-5.400340557098389,-6.836034297943115,4.502816200256348
1790266868305566500,37.18956640625,-5.467825889587402,-6.74658727645874,4.555966377258301
1790266868315566300,37.19956640625,-5.533087730407715,-6.656175136566162,4.609844207763672
1790266868325566500,37.20956640625,-5.598145961761475,-6.564634323120117,4.662265300750732
1790266868335566300,37.21956640625,-5.667273998260498,-6.471541404724121,4.708667278289795
1790266868345566500,37.22956640625,-5.742572784423828,-6.376810550689697,4.746528625488281
1790266868355566300,37.23956640625,-5.823459148406982,-6.280130386352539,4.776783466339111
1790266868365566500,37.24956640625,-5.909952163696289,-6.179532527923584,4.801690101623535
1790266868375566300,37.25956640625,-5.999251842498779,-6.074906349182129,4.824404239654541
1790266868385566500,37.26956640625,-6.087766647338867,-5.970184326171875,4.844210624694824
1790266868395566300,37.27956640625,-6.174310684204102,-5.870743751525879,4.856196880340576
1790266868405566500,37.28956640625,-6.261320114135742,-5.776623725891113,4.85766077041626
1790266868415566300,37.29956640625,-6.351485729217529,-5.681446552276611,4.852853775024414
1790266868425566500,37.30956640625,-6.446435451507568,-5.577542304992676,4.8481831550598145
1790266868435566300,37.31956640625,-6.545478820800781,-5.461057662963867,4.848087310791016
1790266868445566500,37.32956640625,-6.644408226013184,-5.33576774597168,4.853020191192627
1790266868455566300,37.33956640625,-6.739569187164307,-5.211459159851074,4.856881618499756
1790266868465566500,37.34956640625,-6.831278324127197,-5.097022533416748,4.850194454193115
1790266868475566300,37.35956640625,-6.92048978805542,-4.992823600769043,4.8320746421813965
1790266868485566500,37.36956640625,-7.007710933685303,-4.89139461517334,4.810055255889893
1790266868495566300,37.37956640625,-7.093571186065674,-4.783414363861084,4.792763710021973
1790266868505566500,37.38956640625,-7.179897785186768,-4.6643571853637695,4.781551361083984
1790266868515566300,37.39956640625,-7.270026206970215,-4.536414623260498,4.768442630767822
1790266868525566500,37.40956640625,-7.366162300109863,-4.404601573944092,4.744419574737549
1790266868535566300,37.41956640625,-7.465740203857422,-4.27222204208374,4.709695816040039
1790266868545566500,37.42956640625,-7.565091133117676,-4.138425350189209,4.670461177825928
1790266868555566300,37.43956640625,-7.661617755889893,-3.9987902641296387,4.634618282318115
1790266868565566500,37.44956640625,-7.755275249481201,-3.8500943183898926,4.6046576499938965
1790266868575566300,37.45956640625,-7.844876289367676,-3.6940386295318604,4.580651760101318
1790266868585566500,37.46956640625,-7.929055213928223,-3.533252477645874,4.562520980834961
1790266868595566300,37.47956640625,-8.007105827331543,-3.3725411891937256,4.547812461853027
1790266868605566500,37.48956640625,-8.079861640930176,-3.2196195125579834,4.5299296379089355
1790266868615566300,37.49956640625,-8.149354934692383,-3.0776188373565674,4.504072189331055
1790266868625566500,37.50956640625,-8.217000961303711,-2.940493106842041,4.472671985626221
1790266868635566300,37.51956640625,-8.280948638916016,-2.8002612590789795,4.444638729095459
1790266868645566500,37.52956640625,-8.338017463684082,-2.6552858352661133,4.426884651184082
1790266868655566300,37.53956640625,-8.388741493225098,-2.511869192123413,4.414738178253174
1790266868665566500,37.54956640625,-8.43638801574707,-2.3753576278686523,4.399479866027832
1790266868675566300,37.55956640625,-8.483207702636719,-2.2444639205932617,4.378122806549072
1790266868685566500,37.56956640625,-8.528095245361328,-2.118604898452759,4.3535614013671875
1790266868695566300,37.57956640625,-8.568951606750488,-1.9987813234329224,4.3299336433410645
1790266868705566500,37.58956640625,-8.605940818786621,-1.8852593898773193,4.307430267333984
1790266868715566300,37.59956640625,-8.642389297485352,-1.7770566940307617,4.280369281768799
1790266868725566500,37.60956640625,-8.680379867553711,-1.6706966161727905,4.2461957931518555
1790266868735566300,37.61956640625,-8.717693328857422,-1.5652207136154175,4.209784984588623
1790266868745566500,37.62956640625,-8.752400398254395,-1.463868260383606,4.174082279205322
1790266868755566300,37.63956640625,-8.78429126739502,-1.3681002855300903,4.139434337615967
1790266868765566500,37.64956640625,-8.811849594116211,-1.277876377105713,4.10959005355835
1790266868775566300,37.65956640625,-8.832785606384277,-1.1934176683425903,4.089992046356201
1790266868785566500,37.66956640625,-8.84604263305664,-1.1150920391082764,4.083439826965332
1790266868795566300,37.67956640625,-8.851950645446777,-1.0456249713897705,4.089012145996094
1790266868805566500,37.68956640625,-8.8524169921875,-0.9855613708496094,4.102896213531494
1790266868815566300,37.69956640625,-8.847428321838379,-0.9352670311927795,4.125369548797607
1790266868825566500,37.70956640625,-8.835956573486328,-0.8985404372215271,4.157989501953125
1790266868835566300,37.71956640625,-8.821972846984863,-0.8789477944374084,4.191732406616211
1790266868845566500,37.72956640625,-8.807001113891602,-0.8745504021644592,4.22401237487793
1790266868855566300,37.73956640625,-8.790544509887695,-0.8815564513206482,4.256709575653076
1790266868865566500,37.74956640625,-8.770668029785156,-0.8943677544593811,4.294867038726807
1790266868875566300,37.75956640625,-8.746071815490723,-0.912730872631073,4.340917110443115
1790266868885566500,37.76956640625,-8.71812915802002,-0.939241349697113,4.391175746917725
1790266868895566300,37.77956640625,-8.689257621765137,-0.9740064144134521,4.4405517578125
1790266868905566500,37.78956640625,-8.664346694946289,-1.0145612955093384,4.4799723625183105
1790266868915566300,37.79956640625,-8.641606330871582,-1.0577868223190308,4.513769626617432
1790266868925566500,37.80956640625,-8.617945671081543,-1.106190800666809,4.547277927398682
1790266868935566300,37.81956640625,-8.595224380493164,-1.159613847732544,4.576875686645508
1790266868945566500,37.82956640625,-8.570513725280762,-1.2198275327682495,4.6074628829956055
1790266868955566300,37.83956640625,-8.54322624206543,-1.2848963737487793,4.640335559844971
1790266868965566500,37.84956640625,-8.51422119140625,-1.3525171279907227,4.674304485321045
1790266868975566300,37.85956640625,-8.484891891479492,-1.4279578924179077,4.70509672164917
1790266868985566500,37.86956640625,-8.457135200500488,-1.5125110149383545,4.72859001159668
1790266868995566300,37.87956640625,-8.430927276611328,-1.6014457941055298,4.7460761070251465
1790266869005566500,37.88956640625,-8.403009414672852,-1.6908694505691528,4.764533996582031
1790266869015566300,37.89956640625,-8.369660377502441,-1.781927466392517,4.789978981018066
1790266869025566500,37.90956640625,-8.330290794372559,-1.877181887626648,4.822118759155273
1790266869035566300,37.91956640625,-8.286689758300781,-1.9771440029144287,4.857165336608887
1790266869045566500,37.92956640625,-8.241036415100098,-2.08410382270813,4.890011310577393
1790266869055566300,37.93956640625,-8.193291664123535,-2.200544834136963,4.9191436767578125
1790266869065566500,37.94956640625,-8.143500328063965,-2.3258981704711914,4.944086074829102
1790266869075566300,37.95956640625,-8.093466758728027,-2.4539716243743896,4.964293479919434
1790266869085566500,37.96956640625,-8.043185234069824,-2.579303741455078,4.982444763183594
1790266869095566300,37.97956640625,-7.990489959716797,-2.701197385787964,5.002598285675049
1790266869105566500,37.98956640625,-7.932694435119629,-2.8243043422698975,5.026534557342529
1790266869115566300,37.99956640625,-7.868911266326904,-2.9538888931274414,5.052242755889893
1790266869125566500,38.00956640625,-7.802197456359863,-3.0865721702575684,5.076335906982422
1790266869135566300,38.01956640625,-7.73219633102417,-3.2165205478668213,5.102697372436523
1790266869145566500,38.02956640625,-7.657681941986084,-3.3450777530670166,5.132323741912842
1790266869155566300,38.03956640625,-7.580689907073975,-3.4778730869293213,5.15828800201416
1790266869165566500,38.04956640625,-7.503523826599121,-3.620832681655884,5.172725200653076
1790266869175566300,38.05956640625,-7.429342746734619,-3.7719979286193848,5.171778678894043
1790266869185566500,38.06956640625,-7.358591556549072,-3.9256064891815186,5.15859842300415
1790266869195566300,38.07956640625,-7.286586761474609,-4.076151371002197,5.144028186798096
1790266869205566500,38.08956640625,-7.207256317138672,-4.221620559692383,5.1384596824646
1790266869215566300,38.09956640625,-7.1214518547058105,-4.363525867462158,5.139546871185303
1790266869225566500,38.10956640625,-7.033404350280762,-4.507119178771973,5.136875629425049
1790266869235566300,38.11956640625,-6.943671703338623,-4.656375408172607,5.125815391540527
1790266869245566500,38.12956640625,-6.8497090339660645,-4.810801982879639,5.109603404998779
1790266869255566300,38.13956640625,-6.746966361999512,-4.967154026031494,5.096686363220215
1790266869265566500,38.14956640625,-6.635973930358887,-5.118656158447266,5.092503070831299
1790266869275566300,38.15956640625,-6.519942283630371,-5.261928081512451,5.0963568687438965
1790266869285566500,38.16956640625,-6.402663707733154,-5.3991241455078125,5.101541996002197
1790266869295566300,38.17956640625,-6.289341926574707,-5.532576084136963,5.099525451660156
1790266869305566500,38.18956640625,-6.181977272033691,-5.662274360656738,5.088437557220459
1790266869315566300,38.19956640625,-6.078610420227051,-5.788201808929443,5.071252822875977
1790266869325566500,38.20956640625,-5.978003978729248,-5.912651538848877,5.047216892242432
1790266869335566300,38.21956640625,-5.879295825958252,-6.03751277923584,5.015246868133545
1790266869345566500,38.22956640625,-5.784080505371094,-6.16218900680542,4.974156379699707
1790266869355566300,38.23956640625,-5.695116996765137,-6.282901287078857,4.925564765930176
1790266869365566500,38.24956640625,-5.613525390625,-6.397227764129639,4.8717756271362305
1790266869375566300,38.25956640625,-5.539165496826172,-6.505845546722412,4.812693119049072
1790266869385566500,38.26956640625,-5.467970848083496,-6.612697601318359,4.748042106628418
1790266869395566300,38.27956640625,-5.395477294921875,-6.721989631652832,4.676973342895508
1790266869405566500,38.28956640625,-5.322275161743164,-6.834658622741699,4.596869945526123
1790266869415566300,38.29956640625,-5.250766277313232,-6.947164535522461,4.509629726409912
1790266869425566500,38.30956640625,-5.181678771972656,-7.055381774902344,4.420654296875
1790266869435566300,38.31956640625,-5.115018844604492,-7.157007694244385,4.334076404571533
1790266869445566500,38.32956640625,-5.053927898406982,-7.249423027038574,4.251359462738037
1790266869455566300,38.33956640625,-4.998706340789795,-7.3311543464660645,4.1758222579956055
1790266869465566500,38.34956640625,-4.944456100463867,-7.404375076293945,4.110714435577393
1790266869475566300,38.35956640625,-4.886394500732422,-7.472316265106201,4.056849479675293
1790266869485566500,38.36956640625,-4.823442459106445,-7.536191940307617,4.013801097869873
1790266869495566300,38.37956640625,-4.75816011428833,-7.5963454246521,3.97817063331604
1790266869505566500,38.38956640625,-4.694390773773193,-7.653141021728516,3.9449360370635986
1790266869515566300,38.39956640625,-4.6346659660339355,-7.706655979156494,3.9112300872802734
1790266869525566500,38.40956640625,-4.578011512756348,-7.757060527801514,3.8781700134277344
1790266869535566300,38.41956640625,-4.52209997177124,-7.805395603179932,3.8466598987579346
1790266869545566500,38.42956640625,-4.470149040222168,-7.852206230163574,3.811957597732544
1790266869555566300,38.43956640625,-4.428330421447754,-7.896061897277832,3.769944190979004
1790266869565566500,38.44956640625,-4.399259090423584,-7.93442964553833,3.723134994506836
1790266869575566300,38.45956640625,-4.381577491760254,-7.966396331787109,3.6754183769226074
1790266869585566500,38.46956640625,-4.37378454208374,-7.992241382598877,3.628288507461548
1790266869595566300,38.47956640625,-4.3741583824157715,-8.011428833007812,3.5852653980255127
1790266869605566500,38.48956640625,-4.379826545715332,-8.023950576782227,3.5501716136932373
1790266869615566300,38.49956640625,-4.38746976852417,-8.031183242797852,3.5242865085601807
1790266869625566500,38.50956640625,-4.394023895263672,-8.034971237182617,3.507446765899658
1790266869635566300,38.51956640625,-4.395469665527344,-8.037668228149414,3.499445915222168
1790266869645566500,38.52956640625,-4.390015602111816,-8.04150104522705,3.497485637664795
1790266869655566300,38.53956640625,-4.379880428314209,-8.047374725341797,3.496685266494751
1790266869665566500,38.54956640625,-4.371644020080566,-8.054232597351074,3.4911956787109375
1790266869675566300,38.55956640625,-4.3732171058654785,-8.059511184692383,3.4770169258117676
1790266869685566500,38.56956640625,-4.387030601501465,-8.060009002685547,3.4584105014801025
1790266869695566300,38.57956640625,-4.410824298858643,-8.052947044372559,3.4445712566375732
1790266869705566500,38.58956640625,-4.43914794921875,-8.039288520812988,3.4400854110717773
1790266869715566300,38.59956640625,-4.468519687652588,-8.02209758758545,3.4421892166137695
1790266869725566500,38.60956640625,-4.500166893005371,-8.00328254699707,3.444756507873535
1790266869735566300,38.61956640625,-4.534440040588379,-7.983051300048828,3.4467556476593018
1790266869745566500,38.62956640625,-4.569991111755371,-7.960407733917236,3.452169418334961
1790266869755566300,38.63956640625,-4.607133388519287,-7.932598114013672,3.4667837619781494
1790266869765566500,38.64956640625,-4.644079208374023,-7.898324489593506,3.495624303817749
1790266869775566300,38.65956640625,-4.676495552062988,-7.859403610229492,3.539851188659668
1790266869785566500,38.66956640625,-4.70109224319458,-7.819757461547852,3.594649076461792
1790266869795566300,38.67956640625,-4.718204021453857,-7.782156944274902,3.653350830078125
1790266869805566500,38.68956640625,-4.730266571044922,-7.747561454772949,3.710829257965088
1790266869815566300,38.69956640625,-4.740424156188965,-7.715291500091553,3.7647085189819336
1790266869825566500,38.70956640625,-4.7529425621032715,-7.68505859375,3.810486316680908
1790266869835566300,38.71956640625,-4.771152973175049,-7.655088901519775,3.847870111465454
1790266869845566500,38.72956640625,-4.797055721282959,-7.623328685760498,3.878594160079956
1790266869855566300,38.73956640625,-4.831227779388428,-7.587896823883057,3.905567169189453
1790266869865566500,38.74956640625,-4.872379302978516,-7.547986030578613,3.9316935539245605
1790266869875566300,38.75956640625,-4.91861629486084,-7.503805637359619,3.9585976600646973
1790266869885566500,38.76956640625,-4.9684977531433105,-7.4566216468811035,3.9853756427764893
1790266869895566300,38.77956640625,-5.0226731300354,-7.406538486480713,4.010775089263916
1790266869905566500,38.78956640625,-5.083376884460449,-7.350895881652832,4.0365824699401855
1790266869915566300,38.79956640625,-5.1503424644470215,-7.287070274353027,4.067302703857422
1790266869925566500,38.80956640625,-5.219776153564453,-7.216488361358643,4.104462623596191
1790266869935566300,38.81956640625,-5.288186550140381,-7.145139694213867,4.1415510177612305
1790266869945566500,38.82956640625,-5.352337837219238,-7.079981327056885,4.170938491821289
1790266869955566300,38.83956640625,-5.41045618057251,-7.023498058319092,4.19140100479126
1790266869965566500,38.84956640625,-5.463907718658447,-6.974315166473389,4.204166889190674
1790266869975566300,38.85956640625,-5.518017768859863,-6.925846099853516,4.213611602783203
1790266869985566500,38.86956640625,-5.578502655029297,-6.869678497314453,4.225897312164307
1790266869995566300,38.87956640625,-5.649679660797119,-6.799649238586426,4.244558334350586
1790266870005566500,38.88956640625,-5.733138084411621,-6.7140703201293945,4.2688164710998535
1790266870015566300,38.89956640625,-5.824512004852295,-6.617448329925537,4.295908451080322
1790266870025566500,38.90956640625,-5.916653156280518,-6.517544746398926,4.3226399421691895
1790266870035566300,38.91956640625,-6.00557804107666,-6.418997287750244,4.347401142120361
1790266870045566500,38.92956640625,-6.0899152755737305,-6.321431636810303,4.372965335845947
1790266870055566300,38.93956640625,-6.167801856994629,-6.223301410675049,4.404443740844727
1790266870065566500,38.94956640625,-6.238145351409912,-6.124626636505127,4.443521022796631
1790266870075566300,38.95956640625,-6.303974151611328,-6.025054454803467,4.486537456512451
1790266870085566500,38.96956640625,-6.370103359222412,-5.925384044647217,4.5257039070129395
1790266870095566300,38.97956640625,-6.441231727600098,-5.826495170593262,4.5533366203308105
1790266870105566500,38.98956640625,-6.521642208099365,-5.72672700881958,4.565431118011475
1790266870115566300,38.99956640625,-6.611421585083008,-5.62423038482666,4.563717842102051
1790266870125566500,39.00956640625,-6.7056403160095215,-5.5202250480651855,4.553229808807373
1790266870135566300,39.01956640625,-6.7989501953125,-5.416752338409424,4.539101600646973
1790266870145566500,39.02956640625,-6.891982078552246,-5.311645030975342,4.522983551025391
1790266870155566300,39.03956640625,-6.988560676574707,-5.200295925140381,4.504145622253418
1790266870165566500,39.04956640625,-7.08888578414917,-5.082642078399658,4.48160982131958
1790266870175566300,39.05956640625,-7.189554691314697,-4.964352130889893,4.453752517700195
1790266870185566500,39.06956640625,-7.288280010223389,-4.849954605102539,4.4191975593566895
1790266870195566300,39.07956640625,-7.387740612030029,-4.737884044647217,4.375400543212891
1790266870205566500,39.08956640625,-7.4923505783081055,-4.622365474700928,4.320741176605225
1790266870215566300,39.09956640625,-7.601426601409912,-4.49868631362915,4.260343074798584
1790266870225566500,39.10956640625,-7.707176685333252,-4.367181301116943,4.206845760345459
1790266870235566300,39.11956640625,-7.803668975830078,-4.231227874755859,4.167713642120361
1790266870245566500,39.12956640625,-7.892736434936523,-4.095596790313721,4.135358810424805
1790266870255566300,39.13956640625,-7.977774143218994,-3.9645836353302,4.099705696105957
1790266870265566500,39.14956640625,-8.058116912841797,-3.8374037742614746,4.063431739807129
1790266870275566300,39.15956640625,-8.136028289794922,-3.708650588989258,4.027573108673096
1790266870285566500,39.16956640625,-8.2130708694458,-3.570960521697998,3.9955098628997803
1790266870295566300,39.17956640625,-8.287494659423828,-3.4229178428649902,3.9713268280029297
1790266870305566500,39.18956640625,-8.354804992675781,-3.2709784507751465,3.958322525024414
1790266870315566300,39.19956640625,-8.41263198852539,-3.1212306022644043,3.9567577838897705
1790266870325566500,39.20956640625,-8.463227272033691,-2.9768664836883545,3.9601054191589355
1790266870335566300,39.21956640625,-8.511164665222168,-2.841318368911743,3.9569380283355713
1790266870345566500,39.22956640625,-8.561264038085938,-2.7118306159973145,3.9396846294403076
1790266870355566300,39.23956640625,-8.613533973693848,-2.5789477825164795,3.9148993492126465
1790266870365566500,39.24956640625,-8.6621732711792,-2.4363009929656982,3.8989200592041016
1790266870375566300,39.25956640625,-8.702605247497559,-2.291228771209717,3.896832227706909
1790266870385566500,39.26956640625,-8.738680839538574,-2.1612935066223145,3.890329122543335
1790266870395566300,39.27956640625,-8.775794982910156,-2.0505728721618652,3.8666458129882812
1790266870405566500,39.28956640625,-8.81324291229248,-1.9496182203292847,3.8335533142089844
1790266870415566300,39.29956640625,-8.84517765045166,-1.8474754095077515,3.8105180263519287
1790266870425566500,39.30956640625,-8.867203712463379,-1.7429019212722778,3.8085923194885254
1790266870435566300,39.31956640625,-8.879690170288086,-1.6452088356018066,3.8229289054870605
1790266870445566500,39.32956640625,-8.88729476928711,-1.5613631010055542,3.8403804302215576
1790266870455566300,39.33956640625,-8.894552230834961,-1.4896082878112793,3.852064847946167
1790266870465566500,39.34956640625,-8.903051376342773,-1.4259644746780396,3.8565146923065186
1790266870475566300,39.35956640625,-8.909280776977539,-1.365930438041687,3.8638505935668945
1790266870485566500,39.36956640625,-8.91079330444336,-1.3110218048095703,3.87935209274292
1790266870495566300,39.37956640625,-8.91068172454834,-1.263900637626648,3.8952150344848633
1790266870505566500,39.38956640625,-8.911523818969727,-1.2277237176895142,3.9048452377319336
1790266870515566300,39.39956640625,-8.914420127868652,-1.201317548751831,3.906447649002075
1790266870525566500,39.40956640625,-8.917375564575195,-1.186109185218811,3.904348850250244
1790266870535566300,39.41956640625,-8.912519454956055,-1.1804126501083374,3.917144536972046
1790266870545566500,39.42956640625,-8.893733978271484,-1.1794545650482178,3.9598960876464844
1790266870555566300,39.43956640625,-8.864174842834473,-1.1833031177520752,4.024497032165527
1790266870565566500,39.44956640625,-8.83748722076416,-1.2003823518753052,4.077780246734619
1790266870575566300,39.45956640625,-8.821358680725098,-1.2342649698257446,4.102511882781982
1790266870585566500,39.46956640625,-8.811963081359863,-1.273729920387268,4.110633850097656
1790266870595566300,39.47956640625,-8.80538272857666,-1.3088388442993164,4.113706111907959
1790266870605566500,39.48956640625,-8.797608375549316,-1.336351752281189,4.121486663818359
1790266870615566300,39.49956640625,-8.787123680114746,-1.363695740699768,4.134873867034912
1790266870625566500,39.50956640625,-8.774015426635742,-1.3990745544433594,4.15086030960083
1790266870635566300,39.51956640625,-8.755647659301758,-1.4516949653625488,4.171523571014404
1790266870645566500,39.52956640625,-8.73160171508789,-1.5225266218185425,4.196597099304199
1790266870655566300,39.53956640625,-8.70492172241211,-1.6027477979660034,4.222074031829834
1790266870665566500,39.54956640625,-8.676098823547363,-1.6868480443954468,4.248556613922119
1790266870675566300,39.55956640625,-8.643792152404785,-1.775120496749878,4.2783403396606445
1790266870685566500,39.56956640625,-8.607820510864258,-1.8680084943771362,4.311189651489258
1790266870695566300,39.57956640625,-8.568829536437988,-1.9646657705307007,4.345761775970459
1790266870705566500,39.58956640625,-8.524375915527344,-2.0640974044799805,4.386902809143066
1790266870715566300,39.59956640625,-8.471668243408203,-2.167336940765381,4.43890380859375
1790266870725566500,39.60956640625,-8.411662101745605,-2.2797467708587646,4.496339797973633
1790266870735566300,39.61956640625,-8.350796699523926,-2.4007949829101562,4.546513557434082
1790266870745566500,39.62956640625,-8.293730735778809,-2.525101661682129,4.583478927612305
1790266870755566300,39.63956640625,-8.238737106323242,-2.6470110416412354,4.613775730133057
1790266870765566500,39.64956640625,-8.176141738891602,-2.7616965770721436,4.657695770263672
1790266870775566300,39.65956640625,-8.100777626037598,-2.875826597213745,4.719895839691162
1790266870785566500,39.66956640625,-8.015105247497559,-2.9957115650177,4.791054725646973
1790266870795566300,39.67956640625,-7.926083564758301,-3.1260392665863037,4.855458736419678
1790266870805566500,39.68956640625,-7.839121341705322,-3.2632222175598145,4.9061126708984375
1790266870815566300,39.69956640625,-7.751742362976074,-3.40311861038208,4.949713706970215
1790266870825566500,39.70956640625,-7.666327476501465,-3.5398805141448975,4.986687660217285
1790266870835566300,39.71956640625,-7.580906391143799,-3.67694091796875,5.018002986907959
1790266870845566500,39.72956640625,-7.493878364562988,-3.8242504596710205,5.038580894470215
1790266870855566300,39.73956640625,-7.40739107131958,-3.981567144393921,5.044608116149902
1790266870865566500,39.74956640625,-7.320351600646973,-4.142788410186768,5.041839122772217
1790266870875566300,39.75956640625,-7.230507850646973,-4.301538944244385,5.038541793823242
1790266870885566500,39.76956640625,-7.135878086090088,-4.4533586502075195,5.041550159454346
1790266870895566300,39.77956640625,-7.0374064445495605,-4.598368167877197,5.049783229827881
1790266870905566500,39.78956640625,-6.936567783355713,-4.7380266189575195,5.060189723968506
1790266870915566300,39.79956640625,-6.83640718460083,-4.873549938201904,5.067785739898682
1790266870925566500,39.80956640625,-6.736599922180176,-5.009792804718018,5.068589210510254
1790266870935566300,39.81956640625,-6.636605739593506,-5.149422645568848,5.060563564300537
1790266870945566500,39.82956640625,-6.534701347351074,-5.291093826293945,5.047018527984619
1790266870955566300,39.83956640625,-6.427446365356445,-5.4311723709106445,5.035939693450928
1790266870965566500,39.84956640625,-6.314743995666504,-5.566727161407471,5.0304999351501465
1790266870975566300,39.85956640625,-6.19871711730957,-5.698307991027832,5.027481555938721
1790266870985566500,39.86956640625,-6.082695007324219,-5.8292765617370605,5.01903772354126
1790266870995566300,39.87956640625,-5.970560073852539,-5.961296081542969,4.998575687408447
1790266871005566500,39.88956640625,-5.865167140960693,-6.094269752502441,4.962871074676514
1790266871015566300,39.89956640625,-5.766575336456299,-6.226948261260986,4.913463115692139
1790266871025566500,39.90956640625,-5.671956539154053,-6.357450008392334,4.856143951416016
1790266871035566300,39.91956640625,-5.5774030685424805,-6.4841766357421875,4.797751426696777
1790266871045566500,39.92956640625,-5.484333515167236,-6.604487895965576,4.7405924797058105
1790266871055566300,39.93956640625,-5.397335529327393,-6.715957164764404,4.683489799499512
1790266871065566500,39.94956640625,-5.318082809448242,-6.819799900054932,4.623711585998535
1790266871075566300,39.95956640625,-5.24603271484375,-6.918880462646484,4.558356761932373
1790266871085566500,39.96956640625,-5.180418968200684,-7.0120110511779785,4.490585803985596
1790266871095566300,39.97956640625,-5.116833686828613,-7.096864700317383,4.429776668548584
1790266871105566500,39.98956640625,-5.05350399017334,-7.175636291503906,4.375241756439209
1790266871115566300,39.99956640625,-4.991055965423584,-7.2522873878479,4.320195198059082
1790266871125566500,40.00956640625,-4.929062843322754,-7.328118801116943,4.263027667999268
1790266871135566300,40.01956640625,-4.869117736816406,-7.402566432952881,4.202867031097412
1790266871145566500,40.02956640625,-4.8125481605529785,-7.474594593048096,4.140073299407959
1790266871155566300,40.03956640625,-4.761548042297363,-7.542367458343506,4.075627326965332
1790266871165566500,40.04956640625,-4.717612266540527,-7.6050896644592285,4.0096306800842285
1790266871175566300,40.05956640625,-4.676585674285889,-7.662785530090332,3.947359561920166
1790266871185566500,40.06956640625,-4.635654926300049,-7.7157440185546875,3.892091751098633
1790266871195566300,40.07956640625,-4.59382438659668,-7.764318943023682,3.8448047637939453
1790266871205566500,40.08956640625,-4.548316478729248,-7.8090620040893555,3.8081161975860596
1790266871215566300,40.09956640625,-4.497392177581787,-7.850723743438721,3.782855749130249
1790266871225566500,40.10956640625,-4.4430251121521,-7.889698028564453,3.765977382659912
1790266871235566300,40.11956640625,-4.392584800720215,-7.924956798553467,3.7510874271392822
1790266871245566500,40.12956640625,-4.351512432098389,-7.954731464385986,3.7359046936035156
1790266871255566300,40.13956640625,-4.318515777587891,-7.97982120513916,3.7206552028656006
1790266871265566500,40.14956640625,-4.288846492767334,-8.002052307128906,3.707202911376953
1790266871275566300,40.15956640625,-4.260868072509766,-8.02251148223877,3.695228338241577
1790266871285566500,40.16956640625,-4.237026214599609,-8.040278434753418,3.684006929397583
1790266871295566300,40.17956640625,-4.219994068145752,-8.054121017456055,3.673304796218872
1790266871305566500,40.18956640625,-4.209606170654297,-8.064157485961914,3.6631901264190674
1790266871315566300,40.19956640625,-4.203906059265137,-8.071134567260742,3.654360294342041
1790266871325566500,40.20956640625,-4.201746940612793,-8.075559616088867,3.6470580101013184
1790266871335566300,40.21956640625,-4.203360557556152,-8.07689380645752,3.6422433853149414
1790266871345566500,40.22956640625,-4.209563732147217,-8.073858261108398,3.641808032989502
1790266871355566300,40.23956640625,-4.221087455749512,-8.065258026123047,3.647522449493408
1790266871365566500,40.24956640625,-4.2376556396484375,-8.050918579101562,3.6599667072296143
1790266871375566300,40.25956640625,-4.25801944732666,-8.031401634216309,3.6791629791259766
1790266871385566500,40.26956640625,-4.279922008514404,-8.008269309997559,3.7040891647338867
1790266871395566300,40.27956640625,-4.299142837524414,-7.984532356262207,3.732959747314453
1790266871405566500,40.28956640625,-4.313798904418945,-7.962370872497559,3.763267755508423
1790266871415566300,40.29956640625,-4.324526786804199,-7.942609786987305,3.792600154876709
1790266871425566500,40.30956640625,-4.334700584411621,-7.924214839935303,3.8193681240081787
1790266871435566300,40.31956640625,-4.348057746887207,-7.9050984382629395,3.8437209129333496
1790266871445566500,40.32956640625,-4.366072654724121,-7.883550643920898,3.8674821853637695
1790266871455566300,40.33956640625,-4.388845443725586,-7.857573509216309,3.894477128982544
1790266871465566500,40.34956640625,-4.4153828620910645,-7.827099800109863,3.92572021484375
1790266871475566300,40.35956640625,-4.445157527923584,-7.792157173156738,3.961470127105713
1790266871485566500,40.36956640625,-4.477298259735107,-7.753790855407715,4.000363826751709
1790266871495566300,40.37956640625,-4.511808395385742,-7.7129597663879395,4.040326118469238
1790266871505566500,40.38956640625,-4.547849655151367,-7.6705803871154785,4.080398082733154
1790266871515566300,40.39956640625,-4.585267066955566,-7.626468658447266,4.121006965637207
1790266871525566500,40.40956640625,-4.6250152587890625,-7.579372882843018,4.163261413574219
1790266871535566300,40.41956640625,-4.669856548309326,-7.527441024780273,4.2071919441223145
1790266871545566500,40.42956640625,-4.720827579498291,-7.469550609588623,4.253233432769775
1790266871555566300,40.43956640625,-4.776880741119385,-7.406471252441406,4.300694942474365
1790266871565566500,40.44956640625,-4.835354328155518,-7.340501308441162,4.3481926918029785
1790266871575566300,40.45956640625,-4.892244338989258,-7.274742603302002,4.394820690155029
1790266871585566500,40.46956640625,-4.9458699226379395,-7.209930419921875,4.441357135772705
1790266871595566300,40.47956640625,-4.998538494110107,-7.144155979156494,4.488432884216309
1790266871605566500,40.48956640625,-5.052415370941162,-7.074496269226074,4.538169860839844
1790266871615566300,40.49956640625,-5.1076273918151855,-6.999780654907227,4.591904163360596
1790266871625566500,40.50956640625,-5.165920734405518,-6.9197587966918945,4.647643089294434
1790266871635566300,40.51956640625,-5.230407238006592,-6.83532190322876,4.700170993804932
1790266871645566500,40.52956640625,-5.301162242889404,-6.7488203048706055,4.745680332183838
1790266871655566300,40.53956640625,-5.3769755363464355,-6.6613850593566895,4.783771514892578
1790266871665566500,40.54956640625,-5.458574295043945,-6.571445465087891,4.815646648406982
1790266871675566300,40.55956640625,-5.546870231628418,-6.475844383239746,4.844178676605225
1790266871685566500,40.56956640625,-5.639925479888916,-6.37352180480957,4.872355937957764
1790266871695566300,40.57956640625,-5.732732772827148,-6.267362594604492,4.901665210723877
1790266871705566500,40.58956640625,-5.825104713439941,-6.160758018493652,4.927839279174805
1790266871715566300,40.59956640625,-5.921318054199219,-6.0527849197387695,4.946935653686523
1790266871725566500,40.60956640625,-6.02356481552124,-5.94026517868042,4.959870338439941
1790266871735566300,40.61956640625,-6.129437446594238,-5.821255683898926,4.971255302429199
1790266871745566500,40.62956640625,-6.234817981719971,-5.697797775268555,4.983226299285889
1790266871755566300,40.63956640625,-6.337141513824463,-5.577085018157959,4.990706443786621
1790266871765566500,40.64956640625,-6.436054706573486,-5.463618278503418,4.989634037017822
1790266871775566300,40.65956640625,-6.534145832061768,-5.353333473205566,4.981682300567627
1790266871785566500,40.66956640625,-6.635262966156006,-5.237674236297607,4.970961093902588
1790266871795566300,40.67956640625,-6.739837169647217,-5.111531734466553,4.961574554443359
1790266871805566500,40.68956640625,-6.845618724822998,-4.977348327636719,4.953169822692871
1790266871815566300,40.69956640625,-6.95248556137085,-4.839870929718018,4.940546035766602
1790266871825566500,40.70956640625,-7.062128067016602,-4.700536727905273,4.919520378112793
1790266871835566300,40.71956640625,-7.175146579742432,-4.559757232666016,4.8883819580078125
1790266871845566500,40.72956640625,-7.288290977478027,-4.41942024230957,4.849733829498291
1790266871855566300,40.73956640625,-7.397665023803711,-4.2781524658203125,4.81065034866333
1790266871865566500,40.74956640625,-7.5027756690979,-4.131524085998535,4.775903224945068
1790266871875566300,40.75956640625,-7.603947639465332,-3.9783639907836914,4.745838642120361
1790266871885566500,40.76956640625,-7.699263572692871,-3.8245224952697754,4.718554496765137
1790266871895566300,40.77956640625,-7.788151741027832,-3.6755199432373047,4.691017150878906
1790266871905566500,40.78956640625,-7.872406482696533,-3.5290956497192383,4.662733554840088
1790266871915566300,40.79956640625,-7.95205020904541,-3.381131172180176,4.637156963348389
1790266871925566500,40.80956640625,-8.02695083618164,-3.2322280406951904,4.614234447479248
1790266871935566300,40.81956640625,-8.09923267364502,-3.083714723587036,4.589500904083252
1790266871945566500,40.82956640625,-8.17052173614502,-2.9336419105529785,4.561437129974365
1790266871955566300,40.83956640625,-8.239864349365234,-2.7815706729888916,4.531874656677246
1790266871965566500,40.84956640625,-8.306886672973633,-2.630347967147827,4.49970006942749
1790266871975566300,40.85956640625,-8.372444152832031,-2.480804443359375,4.462979316711426
1790266871985566500,40.86956640625,-8.435600280761719,-2.331993341445923,4.424119472503662
1790266871995566300,40.87956640625,-8.493753433227539,-2.1866872310638428,4.386906147003174
1790266872005566500,40.88956640625,-8.546812057495117,-2.0463545322418213,4.351417064666748
1790266872015566300,40.89956640625,-8.596817016601562,-1.9115955829620361,4.314037322998047
1790266872025566500,40.90956640625,-8.6436128616333,-1.7825638055801392,4.275606632232666
1790266872035566300,40.91956640625,-8.683899879455566,-1.6547530889511108,4.245239734649658
1790266872045566500,40.92956640625,-8.716327667236328,-1.5280520915985107,4.226237773895264
1790266872055566300,40.93956640625,-8.744075775146484,-1.408311367034912,4.210483074188232
1790266872065566500,40.94956640625,-8.769248008728027,-1.301548719406128,4.192449569702148
1790266872075566300,40.95956640625,-8.789356231689453,-1.2094085216522217,4.1779093742370605
1790266872085566500,40.96956640625,-8.800802230834961,-1.1289104223251343,4.176341533660889
1790266872095566300,40.97956640625,-8.801614761352539,-1.0583014488220215,4.193087577819824
1790266872105566500,40.98956640625,-8.79230785369873,-0.9977812170982361,4.227311134338379
1790266872115566300,40.99956640625,-8.778512954711914,-0.952984631061554,4.266137599945068
1790266872125566500,41.00956640625,-8.767849922180176,-0.9283077716827393,4.293418884277344
1790266872135566300,41.01956640625,-8.757662773132324,-0.9202957153320312,4.31587553024292
1790266872145566500,41.02956640625,-8.739063262939453,-0.9195220470428467,4.35357666015625
1790266872155566300,41.03956640625,-8.711166381835938,-0.9257042407989502,4.407838344573975
1790266872165566500,41.04956640625,-8.684487342834473,-0.9419530034065247,4.456770420074463
1790266872175566300,41.05956640625,-8.66837215423584,-0.9721446633338928,4.48159122467041
1790266872185566500,41.06956640625,-8.657815933227539,-1.0152642726898193,4.4924211502075195
1790266872195566300,41.07956640625,-8.644917488098145,-1.0656285285949707,4.505577087402344
1790266872205566500,41.08956640625,-8.620041847229004,-1.1130009889602661,4.541640281677246
1790266872215566300,41.09956640625,-8.57699966430664,-1.1513627767562866,4.613007068634033
1790266872225566500,41.10956640625,-8.52540397644043,-1.190604329109192,4.6979079246521
1790266872235566300,41.11956640625,-8.481780052185059,-1.2517552375793457,4.760557651519775
1790266872245566500,41.12956640625,-8.447693824768066,-1.3384770154953003,4.797428131103516
1790266872255566300,41.13956640625,-8.415011405944824,-1.4406630992889404,4.825191497802734
1790266872265566500,41.14956640625,-8.384256362915039,-1.542283535003662,4.847265243530273
1790266872275566300,41.15956640625,-8.356318473815918,-1.6297554969787598,4.866849899291992
1790266872285566500,41.16956640625,-8.32414722442627,-1.7069973945617676,4.895419120788574
1790266872295566300,41.17956640625,-8.280807495117188,-1.7877250909805298,4.939905166625977
1790266872305566500,41.18956640625,-8.22737979888916,-1.8812943696975708,4.994131088256836
1790266872315566300,41.19956640625,-8.168063163757324,-1.9930330514907837,5.047865390777588
1790266872325566500,41.20956640625,-8.107454299926758,-2.120959758758545,5.093240737915039
1790266872335566300,41.21956640625,-8.047962188720703,-2.2537240982055664,5.1304402351379395
1790266872345566500,41.22956640625,-7.982778072357178,-2.3851163387298584,5.172702789306641
1790266872355566300,41.23956640625,-7.906388759613037,-2.5172884464263916,5.227109432220459
1790266872365566500,41.24956640625,-7.82192325592041,-2.653512954711914,5.286470890045166
1790266872375566300,41.25956640625,-7.733818054199219,-2.799928665161133,5.34030294418335
1790266872385566500,41.26956640625,-7.648343563079834,-2.9556686878204346,5.379334926605225
1790266872395566300,41.27956640625,-7.568904876708984,-3.11498761177063,5.401750087738037
1790266872405566500,41.28956640625,-7.492944717407227,-3.2726874351501465,5.414395809173584
1790266872415566300,41.29956640625,-7.412078380584717,-3.427452564239502,5.429921627044678
1790266872425566500,41.30956640625,-7.31936502456665,-3.5793442726135254,5.45761775970459
1790266872435566300,41.31956640625,-7.211939811706543,-3.7327375411987305,5.497725486755371
1790266872445566500,41.32956640625,-7.090305805206299,-3.896474599838257,5.542150497436523
1790266872455566300,41.33956640625,-6.964076042175293,-4.07270622253418,5.5754008293151855
1790266872465566500,41.34956640625,-6.8446807861328125,-4.255293846130371,5.586878776550293
1790266872475566300,41.35956640625,-6.740199089050293,-4.43245267868042,5.576152324676514
1790266872485566500,41.36956640625,-6.647158145904541,-4.595078945159912,5.556160926818848
1790266872495566300,41.37956640625,-6.556466579437256,-4.743767261505127,5.538936138153076
1790266872505566500,41.38956640625,-6.462349891662598,-4.8835272789001465,5.528071880340576
1790266872515566300,41.39956640625,-6.363178730010986,-5.020517349243164,5.520395278930664
1790266872525566500,41.40956640625,-6.261175155639648,-5.157405853271484,5.510828495025635
1790266872535566300,41.41956640625,-6.158034324645996,-5.290297031402588,5.501069068908691
1790266872545566500,41.42956640625,-6.051431179046631,-5.418203353881836,5.494874954223633
1790266872555566300,41.43956640625,-5.941675662994385,-5.543081760406494,5.49009370803833
1790266872565566500,41.44956640625,-5.834537506103516,-5.666409969329834,5.479084491729736
1790266872575566300,41.45956640625,-5.733539581298828,-5.791971206665039,5.454354286193848
1790266872585566500,41.46956640625,-5.63810920715332,-5.9236931800842285,5.412206172943115
1790266872595566300,41.47956640625,-5.546115875244141,-6.06212854385376,5.35365104675293
1790266872605566500,41.48956640625,-5.454109191894531,-6.20363712310791,5.285638332366943
1790266872615566300,41.49956640625,-5.359012603759766,-6.34328556060791,5.216712951660156
1790266872625566500,41.50956640625,-5.264194965362549,-6.475727558135986,5.150106430053711
1790266872635566300,41.51956640625,-5.17332649230957,-6.596868991851807,5.088064193725586
1790266872645566500,41.52956640625,-5.0893988609313965,-6.704935550689697,5.0311279296875
1790266872655566300,41.53956640625,-5.013621807098389,-6.799738883972168,4.979711532592773
1790266872665566500,41.54956640625,-4.945417881011963,-6.883793354034424,4.932201862335205
1790266872675566300,41.55956640625,-4.88276481628418,-6.961745738983154,4.88498592376709
1790266872685566500,41.56956640625,-4.82405424118042,-7.037968635559082,4.833827018737793
1790266872695566300,41.57956640625,-4.771852970123291,-7.113318920135498,4.774988174438477
1790266872705566500,41.58956640625,-4.7261128425598145,-7.187644004821777,4.708715915679932
1790266872715566300,41.59956640625,-4.68400764465332,-7.260878562927246,4.637899875640869
1790266872725566500,41.60956640625,-4.641869068145752,-7.3325724601745605,4.566927433013916
1790266872735566300,41.61956640625,-4.597406387329102,-7.400562763214111,4.501768589019775
1790266872745566500,41.62956640625,-4.553928852081299,-7.462026596069336,4.44412899017334
1790266872755566300,41.63956640625,-4.5151214599609375,-7.517124652862549,4.390546798706055
1790266872765566500,41.64956640625,-4.479772567749023,-7.568516731262207,4.338155269622803
1790266872775566300,41.65956640625,-4.447783470153809,-7.617318153381348,4.285333156585693
1790266872785566500,41.66956640625,-4.41879415512085,-7.663586616516113,4.232503890991211
1790266872795566300,41.67956640625,-4.391830921173096,-7.706713676452637,4.18195915222168
1790266872805566500,41.68956640625,-4.365108489990234,-7.746057510375977,4.137004375457764
1790266872815566300,41.69956640625,-4.337106227874756,-7.781004428863525,4.100715160369873
1790266872825566500,41.70956640625,-4.30906867980957,-7.811075687408447,4.073010444641113
1790266872835566300,41.71956640625,-4.282620906829834,-7.83635139465332,4.052300930023193
1790266872845566500,41.72956640625,-4.257190704345703,-7.85776424407959,4.037605285644531
1790266872855566300,41.73956640625,-4.233226299285889,-7.876500606536865,4.026278495788574
1790266872865566500,41.74956640625,-4.214596271514893,-7.892757892608643,4.013967514038086
1790266872875566300,41.75956640625,-4.205257892608643,-7.905567169189453,3.9985239505767822
1790266872885566500,41.76956640625,-4.207096576690674,-7.913119792938232,3.981614589691162
1790266872895566300,41.77956640625,-4.219966888427734,-7.913504123687744,3.9672067165374756
1790266872905566500,41.78956640625,-4.241367340087891,-7.906590461730957,3.958158254623413
1790266872915566300,41.79956640625,-4.267096042633057,-7.894077301025391,3.9554784297943115
1790266872925566500,41.80956640625,-4.293607711791992,-7.879325866699219,3.956202983856201
1790266872935566300,41.81956640625,-4.319911956787109,-7.864818572998047,3.956434726715088
1790266872945566500,41.82956640625,-4.346090793609619,-7.850391387939453,3.9564170837402344
1790266872955566300,41.83956640625,-4.372421741485596,-7.834298133850098,3.9593048095703125
1790266872965566500,41.84956640625,-4.4007344245910645,-7.814850807189941,3.9663631916046143
1790266872975566300,41.85956640625,-4.4340081214904785,-7.790216445922852,3.977748394012451
1790266872985566500,41.86956640625,-4.47215461730957,-7.758599281311035,3.996792793273926
1790266872995566300,41.87956640625,-4.511622905731201,-7.720181465148926,4.026717185974121
1790266873005566500,41.88956640625,-4.546173572540283,-7.677891254425049,4.06850004196167
1790266873015566300,41.89956640625,-4.573394298553467,-7.636317729949951,4.115956783294678
1790266873025566500,41.90956640625,-4.595217227935791,-7.597184181213379,4.163791656494141
1790266873035566300,41.91956640625,-4.615793228149414,-7.559805393218994,4.20881986618042
1790266873045566500,41.92956640625,-4.639167308807373,-7.52255916595459,4.249659538269043
1790266873055566300,41.93956640625,-4.6679768562316895,-7.48322057723999,4.287398338317871
1790266873065566500,41.94956640625,-4.703179836273193,-7.439955711364746,4.324065208435059
1790266873075566300,41.95956640625,-4.745822429656982,-7.390683650970459,4.361807823181152
1790266873085566500,41.96956640625,-4.796107292175293,-7.334269046783447,4.401844501495361
1790266873095566300,41.97956640625,-4.851772308349609,-7.271141529083252,4.4453558921813965
1790266873105566500,41.98956640625,-4.910411834716797,-7.203701019287109,4.49053955078125
1790266873115566300,41.99956640625,-4.968900680541992,-7.134408473968506,4.536586761474609
1790266873125566500,42.00956640625,-5.023822784423828,-7.06657075881958,4.5820488929748535
1790266873135566300,42.01956640625,-5.074397087097168,-7.001852512359619,4.625466346740723
1790266873145566500,42.02956640625,-5.1233320236206055,-6.940234184265137,4.664226055145264
1790266873155566300,42.03956640625,-5.176186561584473,-6.880338191986084,4.694510459899902
1790266873165566500,42.04956640625,-5.239255905151367,-6.818427562713623,4.714831352233887
1790266873175566300,42.05956640625,-5.317389488220215,-6.748122215270996,4.728487491607666
1790266873185566500,42.06956640625,-5.410208225250244,-6.66495943069458,4.741133213043213
1790266873195566300,42.07956640625,-5.51068115234375,-6.57047176361084,4.75727653503418
1790266873205566500,42.08956640625,-5.610162734985352,-6.470656871795654,4.777767658233643
1790266873215566300,42.09956640625,-5.704933166503906,-6.3711323738098145,4.799248218536377
1790266873225566500,42.10956640625,-5.795995235443115,-6.274294853210449,4.817681312561035
1790266873235566300,42.11956640625,-5.883142471313477,-6.179701805114746,4.834286212921143
1790266873245566500,42.12956640625,-5.965112686157227,-6.085057258605957,4.853855133056641
1790266873255566300,42.13956640625,-6.044302940368652,-5.987120628356934,4.877620220184326
1790266873265566500,42.14956640625,-6.126094818115234,-5.882937431335449,4.902285575866699
1790266873275566300,42.15956640625,-6.211491584777832,-5.773011684417725,4.925454616546631
1790266873285566500,42.16956640625,-6.297941207885742,-5.659344673156738,4.94753885269165
1790266873295566300,42.17956640625,-6.383628845214844,-5.544854164123535,4.967318534851074
1790266873305566500,42.18956640625,-6.468929767608643,-5.431187629699707,4.982522964477539
1790266873315566300,42.19956640625,-6.557126522064209,-5.317676544189453,4.989669322967529
1790266873325566500,42.20956640625,-6.652182579040527,-5.202381134033203,4.985388278961182
1790266873335566300,42.21956640625,-6.75614595413208,-5.082559108734131,4.969151496887207
1790266873345566500,42.22956640625,-6.866569995880127,-4.956475257873535,4.945095062255859
1790266873355566300,42.23956640625,-6.977916717529297,-4.825972557067871,4.9182353019714355
1790266873365566500,42.24956640625,-7.08505392074585,-4.697694301605225,4.889177322387695
1790266873375566300,42.25956640625,-7.187770366668701,-4.573758125305176,4.856653213500977
1790266873385566500,42.26956640625,-7.289742946624756,-4.448758125305176,4.820640563964844
1790266873395566300,42.27956640625,-7.393247127532959,-4.314808368682861,4.784631729125977
1790266873405566500,42.28956640625,-7.498517990112305,-4.169247150421143,4.749734401702881
1790266873415566300,42.29956640625,-7.603081226348877,-4.014801502227783,4.716450214385986
1790266873425566500,42.30956640625,-7.705129623413086,-3.861095905303955,4.679028034210205
1790266873435566300,42.31956640625,-7.800828456878662,-3.7154316902160645,4.63821268081665
1790266873445566500,42.32956640625,-7.883096218109131,-3.5743212699890137,4.609926223754883
1790266873455566300,42.33956640625,-7.956192493438721,-3.431631326675415,4.592742443084717
1790266873465566500,42.34956640625,-8.029132843017578,-3.2862658500671387,4.572074890136719
1790266873475566300,42.35956640625,-8.1062593460083,-3.1410157680511475,4.537947654724121
1790266873485566500,42.36956640625,-8.186089515686035,-2.9971749782562256,4.491688251495361
1790266873495566300,42.37956640625,-8.262248992919922,-2.85076904296875,4.447330474853516
1790266873505566500,42.38956640625,-8.329649925231934,-2.6962809562683105,4.417850494384766
1790266873515566300,42.39956640625,-8.390639305114746,-2.5381758213043213,4.3960466384887695
1790266873525566500,42.40956640625,-8.448188781738281,-2.3830974102020264,4.372565746307373
1790266873535566300,42.41956640625,-8.503039360046387,-2.2321581840515137,4.345821857452393
1790266873545566500,42.42956640625,-8.556356430053711,-2.0836243629455566,4.3148193359375
1790266873555566300,42.43956640625,-8.608412742614746,-1.9378162622451782,4.2790751457214355
1790266873565566500,42.44956640625,-8.658560752868652,-1.7953665256500244,4.23985481262207
1790266873575566300,42.45956640625,-8.704171180725098,-1.6545287370681763,4.203607559204102
1790266873585566500,42.46956640625,-8.742655754089355,-1.5169191360473633,4.175561428070068
1790266873595566300,42.47956640625,-8.77353572845459,-1.3865646123886108,4.156066417694092
1790266873605566500,42.48956640625,-8.797396659851074,-1.2654732465744019,4.144246578216553
1790266873615566300,42.49956640625,-8.815610885620117,-1.1541657447814941,4.1380295753479
1790266873625566500,42.50956640625,-8.830145835876465,-1.0538445711135864,4.133801460266113
1790266873635566300,42.51956640625,-8.841333389282227,-0.9641249179840088,4.131790637969971
1790266873645566500,42.52956640625,-8.849714279174805,-0.885280191898346,4.1314921379089355
1790266873655566300,42.53956640625,-8.857954978942871,-0.8214408159255981,4.127015113830566
1790266873665566500,42.54956640625,-8.865899085998535,-0.7723345756530762,4.119431972503662
1790266873675566300,42.55956640625,-8.869876861572266,-0.7329789996147156,4.118058204650879
1790266873685566500,42.56956640625,-8.867417335510254,-0.6994485855102539,4.129173278808594
1790266873695566300,42.57956640625,-8.859736442565918,-0.6703855395317078,4.15042781829834
1790266873705566500,42.58956640625,-8.850003242492676,-0.6482081413269043,4.174643516540527
1790266873715566300,42.59956640625,-8.840597152709961,-0.6357857584953308,4.196429252624512
1790266873725566500,42.60956640625,-8.830011367797852,-0.6362615823745728,4.218586444854736
1790266873735566300,42.61956640625,-8.81698226928711,-0.6483332514762878,4.243924617767334
1790266873745566500,42.62956640625,-8.801897048950195,-0.6721774935722351,4.27143669128418
1790266873755566300,42.63956640625,-8.783483505249023,-0.7091284394264221,4.303247928619385
1790266873765566500,42.64956640625,-8.762618064880371,-0.7552890181541443,4.337795257568359
1790266873775566300,42.65956640625,-8.738189697265625,-0.8064576983451843,4.377677917480469
1790266873785566500,42.66956640625,-8.711426734924316,-0.8630918860435486,4.4200119972229
1790266873795566300,42.67956640625,-8.68393325805664,-0.928325355052948,4.460707664489746
1790266873805566500,42.68956640625,-8.653990745544434,-1.002278447151184,4.502695560455322
1790266873815566300,42.69956640625,-8.619802474975586,-1.0793052911758423,4.550217628479004
1790266873825566500,42.70956640625,-8.581840515136719,-1.1582597494125366,4.6022629737854
1790266873835566300,42.71956640625,-8.539627075195312,-1.2408971786499023,4.65889835357666
1790266873845566500,42.72956640625,-8.492965698242188,-1.3302661180496216,4.719143867492676
1790266873855566300,42.73956640625,-8.443167686462402,-1.4297477006912231,4.779029846191406
1790266873865566500,42.74956640625,-8.390693664550781,-1.5395874977111816,4.836973190307617
1790266873875566300,42.75956640625,-8.336318969726562,-1.6549774408340454,4.8925700187683105
1790266873885566500,42.76956640625,-8.281437873840332,-1.773118495941162,4.9441094398498535
1790266873895566300,42.77956640625,-8.225264549255371,-1.8949533700942993,4.9924516677856445
1790266873905566500,42.78956640625,-8.166190147399902,-2.0223617553710938,5.039223670959473
1790266873915566300,42.79956640625,-8.103525161743164,-2.1555206775665283,5.084978103637695
1790266873925566500,42.80956640625,-8.035117149353027,-2.2934865951538086,5.1329522132873535
1790266873935566300,42.81956640625,-7.960441589355469,-2.435187816619873,5.183784008026123
1790266873945566500,42.82956640625,-7.879389762878418,-2.5789363384246826,5.237812519073486
1790266873955566300,42.83956640625,-7.792388439178467,-2.7250711917877197,5.293680667877197
1790266873965566500,42.84956640625,-7.701672554016113,-2.875288248062134,5.346712112426758
1790266873975566300,42.85956640625,-7.61066198348999,-3.030870199203491,5.390921592712402
1790266873985566500,42.86956640625,-7.519462585449219,-3.1926534175872803,5.425406455993652
1790266873995566300,42.87956640625,-7.42667818069458,-3.359086275100708,5.452649116516113
1790266874005566500,42.88956640625,-7.331669330596924,-3.524491548538208,5.476767063140869
1790266874015566300,42.89956640625,-7.232385158538818,-3.6837430000305176,5.503911018371582
1790266874025566500,42.90956640625,-7.12664794921875,-3.837017059326172,5.537017345428467
1790266874035566300,42.91956640625,-7.015307426452637,-3.988879442214966,5.571776866912842
1790266874045566500,42.92956640625,-6.901835918426514,-4.143272876739502,5.600743293762207
1790266874055566300,42.93956640625,-6.791503429412842,-4.299345016479492,5.617961406707764
1790266874065566500,42.94956640625,-6.686961650848389,-4.453979015350342,5.622899532318115
1790266874075566300,42.95956640625,-6.58840799331665,-4.604733943939209,5.617801666259766
1790266874085566500,42.96956640625,-6.493602752685547,-4.751256942749023,5.606163024902344
1790266874095566300,42.97956640625,-6.399867057800293,-4.8937602043151855,5.591350555419922
1790266874105566500,42.98956640625,-6.30475378036499,-5.032902717590332,5.575873374938965
1790266874115566300,42.99956640625,-6.206406116485596,-5.170262813568115,5.560511589050293
1790266874125566500,43.00956640625,-6.105215549468994,-5.30640983581543,5.544252872467041
1790266874135566300,43.01956640625,-6.001864433288574,-5.440850257873535,5.526768207550049
1790266874145566500,43.02956640625,-5.897695064544678,-5.5725297927856445,5.507674694061279
1790266874155566300,43.03956640625,-5.79520845413208,-5.700439453125,5.485519886016846
1790266874165566500,43.04956640625,-5.696471214294434,-5.825930118560791,5.457026958465576
1790266874175566300,43.05956640625,-5.603841304779053,-5.949893474578857,5.419052600860596
1790266874185566500,43.06956640625,-5.518560409545898,-6.0733747482299805,5.369358062744141
1790266874195566300,43.07956640625,-5.4388322830200195,-6.196502685546875,5.309692859649658
1790266874205566500,43.08956640625,-5.360781192779541,-6.319309711456299,5.243924617767334
1790266874215566300,43.09956640625,-5.282754421234131,-6.439701080322266,5.176208972930908
1790266874225566500,43.10956640625,-5.205445766448975,-6.555525302886963,5.108700275421143
1790266874235566300,43.11956640625,-5.1290106773376465,-6.665292739868164,5.04356050491333
1790266874245566500,43.12956640625,-5.052905559539795,-6.770280361175537,4.980144023895264
1790266874255566300,43.13956640625,-4.978389263153076,-6.872149467468262,4.9152421951293945
1790266874265566500,43.14956640625,-4.9058837890625,-6.970829963684082,4.8487324714660645
1790266874275566300,43.15956640625,-4.832151412963867,-7.065715789794922,4.785013198852539
1790266874285566500,43.16956640625,-4.754427909851074,-7.156667232513428,4.727357864379883
1790266874295566300,43.17956640625,-4.6775383949279785,-7.243212699890137,4.671926975250244
1790266874305566500,43.18956640625,-4.610631942749023,-7.323539733886719,4.612832069396973
1790266874315566300,43.19956640625,-4.560729026794434,-7.395430564880371,4.547278881072998
1790266874325566500,43.20956640625,-4.52555513381958,-7.459717273712158,4.476869106292725
1790266874335566300,43.21956640625,-4.498174667358398,-7.518620491027832,4.405355930328369
1790266874345566500,43.22956640625,-4.474764347076416,-7.573371887207031,4.334848880767822
1790266874355566300,43.23956640625,-4.453155994415283,-7.624199390411377,4.2674784660339355
1790266874365566500,43.24956640625,-4.432402610778809,-7.6711297035217285,4.204516410827637
1790266874375566300,43.25956640625,-4.40986442565918,-7.71484375,4.147849082946777
1790266874385566500,43.26956640625,-4.381500244140625,-7.7569193840026855,4.099152088165283
1790266874395566300,43.27956640625,-4.345029354095459,-7.798457145690918,4.058962345123291
1790266874405566500,43.28956640625,-4.3039679527282715,-7.837862968444824,4.026679992675781
1790266874415566300,43.29956640625,-4.264488697052002,-7.873260974884033,3.9995362758636475
1790266874425566500,43.30956640625,-4.232770919799805,-7.90295934677124,3.9745771884918213
1790266874435566300,43.31956640625,-4.211371898651123,-7.925498008728027,3.9523684978485107
1790266874445566500,43.32956640625,-4.198450088500977,-7.940845012664795,3.9352731704711914
1790266874455566300,43.33956640625,-4.193750858306885,-7.948973178863525,3.9238593578338623
1790266874465566500,43.34956640625,-4.198288440704346,-7.950429439544678,3.9160475730895996
1790266874475566300,43.35956640625,-4.212165832519531,-7.946619987487793,3.9088709354400635
1790266874485566500,43.36956640625,-4.2342400550842285,-7.938318252563477,3.901885747909546
1790266874495566300,43.37956640625,-4.260867118835449,-7.926424026489258,3.897075891494751
1790266874505566500,43.38956640625,-4.287546157836914,-7.911827564239502,3.8974757194519043
1790266874515566300,43.39956640625,-4.312659740447998,-7.895207405090332,3.903465986251831
1790266874525566500,43.40956640625,-4.337820529937744,-7.876565933227539,3.913235902786255
1790266874535566300,43.41956640625,-4.364904880523682,-7.855791091918945,3.9248623847961426
1790266874545566500,43.42956640625,-4.393864631652832,-7.833337783813477,3.937403440475464
1790266874555566300,43.43956640625,-4.4234819412231445,-7.809549331665039,3.951472520828247
1790266874565566500,43.44956640625,-4.452478408813477,-7.784553527832031,3.968191623687744
1790266874575566300,43.45956640625,-4.481787204742432,-7.757475852966309,3.9881751537323
1790266874585566500,43.46956640625,-4.513805389404297,-7.7270283699035645,4.011107444763184
1790266874595566300,43.47956640625,-4.54968786239624,-7.692339897155762,4.037159442901611
1790266874605566500,43.48956640625,-4.588551998138428,-7.654196739196777,4.065569877624512
1790266874615566300,43.49956640625,-4.628360271453857,-7.613861560821533,4.096067905426025
1790266874625566500,43.50956640625,-4.663936138153076,-7.573736190795898,4.1299662590026855
1790266874635566300,43.51956640625,-4.693307399749756,-7.534737586975098,4.167850017547607
1790266874645566500,43.52956640625,-4.717550277709961,-7.496634483337402,4.208988189697266
1790266874655566300,43.53956640625,-4.738824844360352,-7.457993030548096,4.2534990310668945
1790266874665566500,43.54956640625,-4.759257793426514,-7.417222499847412,4.301703929901123
1790266874675566300,43.55956640625,-4.782045841217041,-7.37289571762085,4.35233736038208
1790266874685566500,43.56956640625,-4.810742378234863,-7.324002265930176,4.4029693603515625
1790266874695566300,43.57956640625,-4.846434593200684,-7.269773006439209,4.453409194946289
1790266874705566500,43.58956640625,-4.889270782470703,-7.209478378295898,4.504312515258789
1790266874715566300,43.59956640625,-4.937182903289795,-7.144277572631836,4.555646896362305
1790266874725566500,43.60956640625,-4.987852096557617,-7.075538158416748,4.607438564300537
1790266874735566300,43.61956640625,-5.040114879608154,-7.004580497741699,4.658699989318848
1790266874745566500,43.62956640625,-5.0934319496154785,-6.932941436767578,4.707618236541748
1790266874755566300,43.63956640625,-5.150691509246826,-6.860552787780762,4.751166343688965
1790266874765566500,43.64956640625,-5.217599868774414,-6.785588264465332,4.785690784454346
1790266874775566300,43.65956640625,-5.298248767852783,-6.706018447875977,4.8091864585876465
1790266874785566500,43.66956640625,-5.3908257484436035,-6.61967134475708,4.825902462005615
1790266874795566300,43.67956640625,-5.48805570602417,-6.525878429412842,4.844022274017334
1790266874805566500,43.68956640625,-5.586286544799805,-6.426182270050049,4.864974021911621
1790266874815566300,43.69956640625,-5.68558931350708,-6.323416709899902,4.8845534324646
1790266874825566500,43.70956640625,-5.785104751586914,-6.21995735168457,4.90051794052124
1790266874835566300,43.71956640625,-5.881021499633789,-6.116677284240723,4.916322231292725
1790266874845566500,43.72956640625,-5.970344543457031,-6.012496471405029,4.937129497528076
1790266874855566300,43.73956640625,-6.052077293395996,-5.907004356384277,4.964881896972656
1790266874865566500,43.74956640625,-6.128169059753418,-5.800764083862305,4.996705532073975
1790266874875566300,43.75956640625,-6.2035393714904785,-5.695526599884033,5.024684906005859
1790266874885566500,43.76956640625,-6.283726692199707,-5.590219497680664,5.043274402618408
1790266874895566300,43.77956640625,-6.3741865158081055,-5.47967529296875,5.051068305969238
1790266874905566500,43.78956640625,-6.475706577301025,-5.360428333282471,5.049892902374268
1790266874915566300,43.79956640625,-6.58668327331543,-5.231850624084473,5.041203498840332
1790266874925566500,43.80956640625,-6.706846237182617,-5.0954155921936035,5.022482872009277
1790266874935566300,43.81956640625,-6.834885120391846,-4.9550042152404785,4.990257740020752
1790266874945566500,43.82956640625,-6.9651007652282715,-4.813039302825928,4.948980808258057
1790266874955566300,43.83956640625,-7.092068672180176,-4.668272495269775,4.907156944274902
1790266874965566500,43.84956640625,-7.213162899017334,-4.518105506896973,4.871077537536621
1790266874975566300,43.85956640625,-7.328056812286377,-4.365824222564697,4.838341236114502
1790266874985566500,43.86956640625,-7.43894624710083,-4.219221591949463,4.799025058746338
1790266874995566300,43.87956640625,-7.550349712371826,-4.080879211425781,4.744367599487305
1790266875005566500,43.88956640625,-7.6645002365112305,-3.945002317428589,4.6757659912109375
1790266875015566300,43.89956640625,-7.778380870819092,-3.8052926063537598,4.602927207946777
1790266875025566500,43.90956640625,-7.886282444000244,-3.659827470779419,4.536805152893066
1790266875035566300,43.91956640625,-7.983016014099121,-3.507983684539795,4.487304210662842
1790266875045566500,43.92956640625,-8.067907333374023,-3.3506617546081543,4.455594539642334
1790266875055566300,43.93956640625,-8.143064498901367,-3.192498207092285,4.4349589347839355
1790266875065566500,43.94956640625,-8.213948249816895,-3.041623830795288,4.410212516784668
1790266875075566300,43.95956640625,-8.281888008117676,-2.8996567726135254,4.378663063049316
1790266875085566500,43.96956640625,-8.34656047821045,-2.7584280967712402,4.346997261047363
1790266875095566300,43.97956640625,-8.408724784851074,-2.611558198928833,4.31781005859375
1790266875105566500,43.98956640625,-8.469388961791992,-2.460510730743408,4.287857532501221
1790266875115566300,43.99956640625,-8.52908992767334,-2.3091273307800293,4.253579139709473
1790266875125566500,44.00956640625,-8.58775520324707,-2.158849000930786,4.214287281036377
1790266875135566300,44.01956640625,-8.64402961730957,-2.011725664138794,4.1718220710754395
1790266875145566500,44.02956640625,-8.694491386413574,-1.867181658744812,4.133985996246338
1790266875155566300,44.03956640625,-8.737001419067383,-1.7246860265731812,4.10617208480835
1790266875165566500,44.04956640625,-8.772187232971191,-1.5877126455307007,4.086352825164795
1790266875175566300,44.05956640625,-8.802154541015625,-1.4583325386047363,4.070102691650391
1790266875185566500,44.06956640625,-8.828909873962402,-1.336609125137329,4.053913593292236
1790266875195566300,44.07956640625,-8.851790428161621,-1.2201558351516724,4.040720462799072
1790266875205566500,44.08956640625,-8.869455337524414,-1.105067491531372,4.035094738006592
1790266875215566300,44.09956640625,-8.880897521972656,-0.9974019527435303,4.0379743576049805
1790266875225566500,44.10956640625,-8.88573169708252,-0.8959019780158997,4.051112651824951
1790266875235566300,44.11956640625,-8.890048027038574,-0.8027374744415283,4.061163902282715
1790266875245566500,44.12956640625,-8.895004272460938,-0.720502495765686,4.065731525421143
1790266875255566300,44.13956640625,-8.898680686950684,-0.6492330431938171,4.069687843322754
1790266875265566500,44.14956640625,-8.898308753967285,-0.5876484513282776,4.079848289489746
1790266875275566300,44.15956640625,-8.892550468444824,-0.5322666764259338,4.0999555587768555
1790266875285566500,44.16956640625,-8.88301944732666,-0.4852731227874756,4.126361846923828
1790266875295566300,44.17956640625,-8.87165641784668,-0.4494800269603729,4.15476655960083
1790266875305566500,44.18956640625,-8.860077857971191,-0.4282671809196472,4.1816253662109375
1790266875315566300,44.19956640625,-8.847664833068848,-0.42436403036117554,4.208224296569824
1790266875325566500,44.20956640625,-8.835308074951172,-0.43435046076774597,4.233090400695801
1790266875335566300,44.21956640625,-8.823108673095703,-0.45424020290374756,4.256383419036865
1790266875345566500,44.22956640625,-8.812074661254883,-0.4830547273159027,4.276024341583252
1790266875355566300,44.23956640625,-8.801671028137207,-0.5217857360839844,4.2928667068481445
1790266875365566500,44.24956640625,-8.78986644744873,-0.567631721496582,4.3112006187438965
1790266875375566300,44.25956640625,-8.779726028442383,-0.6296477317810059,4.323232650756836
1790266875385566500,44.26956640625,-8.766239166259766,-0.6967778205871582,4.340269088745117
1790266875395566300,44.27956640625,-8.747469902038574,-0.7673572301864624,4.366155624389648
1790266875405566500,44.28956640625,-8.72243881225586,-0.8424326181411743,4.4022440910339355
1790266875415566300,44.29956640625,-8.69138240814209,-0.9291873574256897,4.445993423461914
1790266875425566500,44.30956640625,-8.65927505493164,-1.0333504676818848,4.48547887802124
1790266875435566300,44.31956640625,-8.624224662780762,-1.1566776037216187,4.522747039794922
1790266875445566500,44.32956640625,-8.581062316894531,-1.2900311946868896,4.568543910980225
1790266875455566300,44.33956640625,-8.528549194335938,-1.4258075952529907,4.626155853271484
1790266875465566500,44.34956640625,-8.470742225646973,-1.5651171207427979,4.68693208694458
1790266875475566300,44.35956640625,-8.409757614135742,-1.7064286470413208,4.747048377990723
1790266875485566500,44.36956640625,-8.349774360656738,-1.8521034717559814,4.798058032989502
1790266875495566300,44.37956640625,-8.293547630310059,-2.006004571914673,4.83357048034668
1790266875505566500,44.38956640625,-8.236551284790039,-2.1637377738952637,4.862905979156494
1790266875515566300,44.39956640625,-8.177873611450195,-2.3191230297088623,4.89024019241333
1790266875525566500,44.40956640625,-8.11556625366211,-2.469089984893799,4.9205241203308105
1790266875535566300,44.41956640625,-8.047330856323242,-2.6154487133026123,4.95684289932251
1790266875545566500,44.42956640625,-7.972280502319336,-2.758772134780884,5.0002312660217285
1790266875555566300,44.43956640625,-7.891046524047852,-2.9003207683563232,5.048752784729004
1790266875565566500,44.44956640625,-7.806797027587891,-3.042463779449463,5.095852375030518
1790266875575566300,44.45956640625,-7.721871376037598,-3.17675518989563,5.14308500289917
1790266875585566500,44.46956640625,-7.638554096221924,-3.3106331825256348,5.182912826538086
1790266875595566300,44.47956640625,-7.560058116912842,-3.47523832321167,5.190243721008301
1790266875605566500,44.48956640625,-7.485903263092041,-3.6584017276763916,5.171820640563965
1790266875615566300,44.49956640625,-7.407522201538086,-3.8523306846618652,5.143786907196045
1790266875625566500,44.50956640625,-7.3254804611206055,-4.052886486053467,5.1070380210876465
1790266875635566300,44.51956640625,-7.246675491333008,-4.246506690979004,5.061941146850586
1790266875645566500,44.52956640625,-7.171558856964111,-4.413726329803467,5.025749206542969
1790266875655566300,44.53956640625,-7.095305919647217,-4.568339824676514,4.9957275390625
1790266875665566500,44.54956640625,-7.0198073387146,-4.7227277755737305,4.958683013916016
1790266875675566300,44.55956640625,-6.956230640411377,-4.8746442794799805,4.900926113128662
1790266875685566500,44.56956640625,-6.910387992858887,-5.018895626068115,4.8195013999938965
1790266875695566300,44.57956640625,-6.869597911834717,-5.1593098640441895,4.728691577911377
1790266875705566500,44.58956640625,-6.818298816680908,-5.285464763641357,4.6631598472595215
1790266875715566300,44.59956640625,-6.753224849700928,-5.383819103240967,4.6453022956848145
1790266875725566500,44.60956640625,-6.67550802230835,-5.452389717102051,4.6775431632995605
1790266875735566300,44.61956640625,-6.5812907218933105,-5.49770450592041,4.757336139678955
1790266875745566500,44.62956640625,-6.466352939605713,-5.532366752624512,4.873356342315674
1790266875755566300,44.63956640625,-6.3409552574157715,-5.566671848297119,4.997483730316162
1790266875765566500,44.64956640625,-6.236140727996826,-5.593331336975098,5.098586559295654
1790266875775566300,44.65956640625,-6.150582313537598,-5.617379188537598,5.175497055053711
1790266875785566500,44.66956640625,-6.042464256286621,-5.644872188568115,5.272042751312256
1790266875795566300,44.67956640625,-5.924011707305908,-5.661405563354492,5.387482166290283
1790266875805566500,44.68956640625,-5.814237594604492,-5.650824069976807,5.516631126403809
1790266875815566300,44.69956640625,-5.746037006378174,-5.606791019439697,5.631815433502197
1790266875825566500,44.70956640625,-5.743659973144531,-5.526622295379639,5.712898254394531
1790266875835566300,44.71956640625,-5.804477214813232,-5.423864841461182,5.74979305267334
1790266875845566500,44.72956640625,-5.905646324157715,-5.31005334854126,5.753005027770996
1790266875855566300,44.73956640625,-6.009565830230713,-5.185478687286377,5.75901985168457
1790266875865566500,44.74956640625,-6.047822952270508,-5.048422336578369,5.840176105499268
1790266875875566300,44.75956640625,-6.018754482269287,-4.914658546447754,5.982566833496094
1790266875885566500,44.76956640625,-5.908919334411621,-4.797767639160156,6.18356466293335
1790266875895566300,44.77956640625,-5.757077693939209,-4.665571689605713,6.423308372497559
1790266875905566500,44.78956640625,-5.594101905822754,-4.510104179382324,6.673483371734619
1790266875915566300,44.79956640625,-5.427881240844727,-4.359041213989258,6.907043933868408
1790266875925566500,44.80956640625,-5.216240406036377,-4.227194309234619,7.147870063781738
1790266875935566300,44.81956640625,-5.000951290130615,-4.0952582359313965,7.374938488006592
1790266875945566500,44.82956640625,-4.826522350311279,-3.949235677719116,7.568263053894043
1790266875955566300,44.83956640625,-4.6867852210998535,-3.8054075241088867,7.728085041046143
1790266875965566500,44.84956640625,-4.573816776275635,-3.719006061553955,7.837063789367676
1790266875975566300,44.85956640625,-4.503445625305176,-3.722712516784668,7.875962734222412
1790266875985566500,44.86956640625,-4.501940727233887,-3.7987818717956543,7.840419292449951
1790266875995566300,44.87956640625,-4.568103313446045,-3.9059207439422607,7.748973846435547
1790266876005566500,44.88956640625,-4.916472434997559,-4.00899076461792,7.478415012359619
1790266876015566300,44.89956640625,-5.303872585296631,-4.061304569244385,7.179493427276611
1790266876025566500,44.90956640625,-5.4299116134643555,-3.9925568103790283,7.123618125915527
1790266876035566300,44.91956640625,-5.413158416748047,-3.8397774696350098,7.219709873199463
1790266876045566500,44.92956640625,-5.364872932434082,-3.665753126144409,7.345118999481201
1790266876055566300,44.93956640625,-5.307379245758057,-3.5358998775482178,7.449801445007324
1790266876065566500,44.94956640625,-5.28781270980835,-3.5044941902160645,7.478498935699463
1790266876075566300,44.95956640625,-5.341813087463379,-3.62469220161438,7.382211208343506
1790266876085566500,44.96956640625,-5.403426170349121,-3.851396322250366,7.220811367034912
1790266876095566300,44.97956640625,-5.427670478820801,-4.0653839111328125,7.08402681350708
1790266876105566500,44.98956640625,-5.463555335998535,-4.236852169036865,6.954784870147705
1790266876115566300,44.99956640625,-5.552951335906982,-4.344970703125,6.815890312194824
1790266876125566500,45.00956640625,-5.675540924072266,-4.398696422576904,6.679079532623291
1790266876135566300,45.01956640625,-5.741179466247559,-4.426520824432373,6.604177474975586
1790266876145566500,45.02956640625,-5.6921210289001465,-4.446384429931641,6.63323450088501
1790266876155566300,45.03956640625,-5.602724552154541,-4.465084552764893,6.696483135223389
1790266876165566500,45.04956640625,-5.511341571807861,-4.499960899353027,6.748766899108887
1790266876175566300,45.05956640625,-5.413576602935791,-4.572521686553955,6.779058456420898
1790266876185566500,45.06956640625,-5.283785820007324,-4.684262752532959,6.805120468139648
1790266876195566300,45.07956640625,-5.109206199645996,-4.833077430725098,6.8343071937561035
1790266876205566500,45.08956640625,-4.8970232009887695,-5.00247049331665,6.867665767669678
1790266876215566300,45.09956640625,-4.662810802459717,-5.180339336395264,6.898743152618408
1790266876225566500,45.10956640625,-4.384413242340088,-5.395658016204834,6.916225433349609
1790266876235566300,45.11956640625,-4.107237815856934,-5.62037467956543,6.907414436340332
1790266876245566500,45.12956640625,-3.870807409286499,-5.817955493927002,6.880306720733643
1790266876255566300,45.13956640625,-3.685319423675537,-5.968121528625488,6.853490352630615
1790266876265566500,45.14956640625,-3.508481025695801,-6.042920112609863,6.880702495574951
1790266876275566300,45.15956640625,-3.3058063983917236,-6.041043758392334,6.981963634490967
1790266876285566500,45.16956640625,-3.0686826705932617,-5.990307807922363,7.13230562210083
1790266876295566300,45.17956640625,-2.8292646408081055,-5.918033123016357,7.289891719818115
1790266876305566500,45.18956640625,-2.624464988708496,-5.838161468505859,7.429564952850342
1790266876315566300,45.19956640625,-2.4730401039123535,-5.762874126434326,7.5394792556762695
1790266876325566500,45.20956640625,-2.3770389556884766,-5.690179347991943,7.625086307525635
1790266876335566300,45.21956640625,-2.333284854888916,-5.608473777770996,7.698780059814453
1790266876345566500,45.22956640625,-2.3310506343841553,-5.494823455810547,7.780970096588135
1790266876355566300,45.23956640625,-2.351339340209961,-5.327769756317139,7.8902764320373535
1790266876365566500,45.24956640625,-2.3764514923095703,-5.1081647872924805,8.026799201965332
1790266876375566300,45.25956640625,-2.4034764766693115,-4.845345497131348,8.1802396774292
1790266876385566500,45.26956640625,-2.4200854301452637,-4.546428680419922,8.345272064208984
1790266876395566300,45.27956640625,-2.4057726860046387,-4.215599060058594,8.52122974395752
1790266876405566500,45.28956640625,-2.3364741802215576,-3.856989860534668,8.70832347869873
1790266876415566300,45.29956640625,-2.1893198490142822,-3.481419324874878,8.902640342712402
1790266876425566500,45.30956640625,-1.9713232517242432,-3.0969808101654053,9.093567848205566
1790266876435566300,45.31956640625,-1.710655689239502,-2.705813407897949,9.269445419311523
1790266876445566500,45.32956640625,-1.4202187061309814,-2.296705722808838,9.427539825439453
1790266876455566300,45.33956640625,-1.1102675199508667,-1.8532114028930664,9.565735816955566
1790266876465566500,45.34956640625,-0.7849739789962769,-1.38271963596344,9.676895141601562
1790266876475566300,45.35956640625,-0.4459989368915558,-0.8942641615867615,9.755600929260254
1790266876485566500,45.36956640625,-0.09725761413574219,-0.3991265594959259,9.798041343688965
1790266876495566300,45.37956640625,0.2595670819282532,0.10163132846355438,9.802688598632812
1790266876505566500,45.38956640625,0.613029956817627,0.6064104437828064,9.768667221069336
1790266876515566300,45.39956640625,0.940574049949646,1.1046035289764404,9.698740005493164
1790266876525566500,45.40956640625,1.2324625253677368,1.5774635076522827,9.600157737731934
1790266876535566300,45.41956640625,1.4945998191833496,2.0091776847839355,9.481548309326172
1790266876545566500,45.42956640625,1.7397303581237793,2.3810384273529053,9.352773666381836
1790266876555566300,45.43956640625,1.9910391569137573,2.6806247234344482,9.220650672912598
1790266876565566500,45.44956640625,2.298374652862549,2.9217820167541504,9.074748039245605
1790266876575566300,45.45956640625,2.706556797027588,3.1383869647979736,8.887938499450684
1790266876585566500,45.46956640625,3.232781410217285,3.352966070175171,8.630012512207031
1790266876595566300,45.47956640625,3.7858991622924805,3.545424699783325,8.322699546813965
1790266876605566500,45.48956640625,4.265439510345459,3.6866331100463867,8.024035453796387
1790266876615566300,45.49956640625,4.672526836395264,3.786123752593994,7.746170520782471
1790266876625566500,45.50956640625,5.035690784454346,3.8642499446868896,7.475278377532959
1790266876635566300,45.51956640625,5.366441249847412,3.9230644702911377,7.209803104400635
1790266876645566500,45.52956640625,5.677058696746826,3.964250087738037,6.944502830505371
1790266876655566300,45.53956640625,5.996139049530029,3.9993879795074463,6.649931907653809
1790266876665566500,45.54956640625,6.336503505706787,4.034973621368408,6.303815841674805
1790266876675566300,45.55956640625,6.692967414855957,4.06275749206543,5.904961585998535
1790266876685566500,45.56956640625,7.0515031814575195,4.06153678894043,5.472714424133301
1790266876695566300,45.57956640625,7.406370639801025,4.010843276977539,5.022866725921631
1790266876705566500,45.58956640625,7.761199951171875,3.9084417819976807,4.545135021209717
1790266876715566300,45.59956640625,8.117339134216309,3.765552282333374,4.01245641708374
1790266876725566500,45.60956640625,8.464241981506348,3.6009507179260254,3.40002179145813
1790266876735566300,45.61956640625,8.774031639099121,3.4309310913085938,2.723137140274048
1790266876745566500,45.62956640625,9.017937660217285,3.272488594055176,2.034205913543701
1790266876755566300,45.63956640625,9.193160057067871,3.1312472820281982,1.3606911897659302
1790266876765566500,45.64956640625,9.307585716247559,3.0058417320251465,0.7100323438644409
1790266876775566300,45.65956640625,9.36922836303711,2.894956111907959,0.08471910655498505
1790266876785566500,45.66956640625,9.385615348815918,2.7996737957000732,-0.49238282442092896
1790266876795566300,45.67956640625,9.368846893310547,2.7221226692199707,-0.9925375580787659
1790266876805566500,45.68956640625,9.331144332885742,2.666165828704834,-1.4112777709960938
1790266876815566300,45.69956640625,9.280634880065918,2.634798049926758,-1.7601221799850464
1790266876825566500,45.70956640625,9.224432945251465,2.6289355754852295,-2.0417957305908203
1790266876835566300,45.71956640625,9.1729097366333,2.6478002071380615,-2.2399251461029053
1790266876845566500,45.72956640625,9.137407302856445,2.6940078735351562,-2.3281970024108887
1790266876855566300,45.73956640625,9.1188383102417,2.7726457118988037,-2.3085951805114746
1790266876865566500,45.74956640625,9.105401992797852,2.885758638381958,-2.2213592529296875
1790266876875566300,45.75956640625,9.083025932312012,3.0295166969299316,-2.1192126274108887
1790266876885566500,45.76956640625,9.043593406677246,3.1941871643066406,-2.0447442531585693
1790266876895566300,45.77956640625,8.988565444946289,3.366347074508667,-2.010916233062744
1790266876905566500,45.78956640625,8.923722267150879,3.5332090854644775,-2.0134565830230713
1790266876915566300,45.79956640625,8.85324764251709,3.6853549480438232,-2.0514767169952393
1790266876925566500,45.80956640625,8.78350830078125,3.813161611557007,-2.116638660430908
1790266876935566300,45.81956640625,8.721449851989746,3.9060122966766357,-2.2022180557250977
1790266876945566500,45.82956640625,8.684991836547852,3.9520909786224365,-2.2632482051849365
1790266876955566300,45.83956640625,8.687138557434082,3.9474809169769287,-2.263052463531494
1790266876965566500,45.84956640625,8.718749046325684,3.9041199684143066,-2.2162222862243652
1790266876975566300,45.85956640625,8.76191520690918,3.83953857421875,-2.158048152923584
1790266876985566500,45.86956640625,8.806023597717285,3.765669822692871,-2.1080949306488037
1790266876995566300,45.87956640625,8.849485397338867,3.687523365020752,-2.063774347305298
1790266877005566500,45.88956640625,8.894458770751953,3.604527235031128,-2.0165278911590576
1790266877015566300,45.89956640625,8.943655014038086,3.5152151584625244,-1.955681324005127
1790266877025566200,45.90956616210938,8.999847412109375,3.4233012199401855,-1.8585339784622192
1790266877035566300,45.91956640625,9.057307243347168,3.3369991779327393,-1.7320523262023926
1790266877045566200,45.929566162109374,9.109235763549805,3.2600221633911133,-1.6013927459716797
1790266877055566300,45.93956640625,9.15472412109375,3.1852774620056152,-1.488425374031067
1790266877065566200,45.94956616210938,9.194767951965332,3.1036083698272705,-1.412176489830017
1790266877075566300,45.95956640625,9.230937004089355,3.0108304023742676,-1.3766239881515503
1790266877085566200,45.96956616210937,9.263620376586914,2.9087982177734375,-1.376452922821045
1790266877095566300,45.97956640625,9.294456481933594,2.798473358154297,-1.3971447944641113
1790266877105566200,45.98956616210938,9.323389053344727,2.6855716705322266,-1.4256595373153687
1790266877115566300,45.99956640625,9.346681594848633,2.5841145515441895,-1.4602384567260742
1790266877125566200,46.00956616210937,9.360886573791504,2.501803159713745,-1.5116831064224243
1790266877135566300,46.01956640625,9.368084907531738,2.429804563522339,-1.5828545093536377
1790266877145566200,46.029566162109376,9.37319564819336,2.360630989074707,-1.6555994749069214
1790266877155566300,46.03956640625,9.381108283996582,2.2860705852508545,-1.7143774032592773
1790266877165566200,46.04956616210937,9.391557693481445,2.2058217525482178,-1.7616418600082397
1790266877175566300,46.05956640625,9.399262428283691,2.1320879459381104,-1.8106504678726196
1790266877185566200,46.069566162109375,9.399608612060547,2.0801758766174316,-1.8683199882507324
1790266877195566300,46.07956640625,9.391718864440918,2.061077833175659,-1.9282084703445435
1790266877205566200,46.08956616210938,9.376739501953125,2.0777993202209473,-1.9823946952819824
1790266877215566300,46.09956640625,9.35577392578125,2.122561454772949,-2.0333776473999023
1790266877225566200,46.109566162109374,9.329622268676758,2.1789963245391846,-2.0929665565490723
1790266877235566300,46.11956640625,9.300156593322754,2.2295267581939697,-2.16949200630188
1790266877245566200,46.12956616210938,9.266231536865234,2.275312900543213,-2.2650182247161865
1790266877255566300,46.13956640625,9.23730754852295,2.3186633586883545,-2.3380191326141357
1790266877265566200,46.14956616210937,9.228342056274414,2.3420937061309814,-2.350043296813965
1790266877275566300,46.15956640625,9.234942436218262,2.3443310260772705,-2.3217127323150635
1790266877285566200,46.169566162109376,9.247451782226562,2.3344016075134277,-2.2815747261047363
1790266877295566300,46.17956640625,9.258750915527344,2.3219363689422607,-2.2482283115386963
1790266877305566200,46.18956616210937,9.26652717590332,2.315497875213623,-2.2226858139038086
1790266877315566300,46.19956640625,9.27135181427002,2.3216817378997803,-2.1959545612335205
1790266877325566200,46.209566162109375,9.274165153503418,2.3435592651367188,-2.1605477333068848
1790266877335566300,46.21956640625,9.275038719177246,2.377225399017334,-2.119633197784424
1790266877345566200,46.22956616210938,9.272644996643066,2.4152655601501465,-2.086845874786377
1790266877355566300,46.23956640625,9.266928672790527,2.4495160579681396,-2.0722718238830566
1790266877365566200,46.249566162109375,9.259682655334473,2.4734530448913574,-2.0762228965759277
1790266877375566300,46.25956640625,9.252309799194336,2.4832444190979004,-2.0972981452941895
1790266877385566200,46.26956616210938,9.246572494506836,2.4756968021392822,-2.1312475204467773
1790266877395566300,46.27956640625,9.24252700805664,2.4515202045440674,-2.1762619018554688
1790266877405566200,46.289566162109374,9.240067481994629,2.4169132709503174,-2.2248740196228027
1790266877415566300,46.29956640625,9.239530563354492,2.3811140060424805,-2.26534104347229
1790266877425566200,46.30956616210938,9.240981101989746,2.3526930809020996,-2.288994789123535
1790266877435566300,46.31956640625,9.243932723999023,2.3366587162017822,-2.293497323989868
1790266877445566200,46.32956616210937,9.248090744018555,2.332439661026001,-2.280993700027466
1790266877455566300,46.33956640625,9.251341819763184,2.336602210998535,-2.263482093811035
1790266877465566200,46.349566162109376,9.25208568572998,2.346116065979004,-2.2505640983581543
1790266877475566300,46.35956640625,9.250024795532227,2.36076021194458,-2.24371075630188
1790266877485566200,46.36956616210937,9.245542526245117,2.3833868503570557,-2.2382543087005615
1790266877495566300,46.37956640625,9.238883018493652,2.4157814979553223,-2.2310149669647217
1790266877505566200,46.389566162109375,9.229331970214844,2.4558446407318115,-2.2268025875091553
1790266877515566300,46.39956640625,9.216094017028809,2.502058982849121,-2.23017954826355
1790266877525566200,46.40956616210938,9.198801040649414,2.555903673171997,-2.2404892444610596
1790266877535566300,46.41956640625,9.177632331848145,2.6206178665161133,-2.2525131702423096
1790266877545566200,46.429566162109374,9.153765678405762,2.6972336769104004,-2.2591798305511475
1790266877555566300,46.43956640625,9.127885818481445,2.7840611934661865,-2.258556365966797
1790266877565566200,46.44956616210938,9.100461959838867,2.876603841781616,-2.2532474994659424
1790266877575566300,46.45956640625,9.072885513305664,2.9689934253692627,-2.2445967197418213
1790266877585566200,46.46956616210937,9.045670509338379,3.0578298568725586,-2.23515248298645
1790266877595566300,46.47956640625,9.018845558166504,3.140896797180176,-2.2283613681793213
1790266877605566200,46.48956616210938,8.993518829345703,3.2158963680267334,-2.2237398624420166
1790266877615566300,46.49956640625,8.971620559692383,3.2769718170166016,-2.223029851913452
1790266877625566200,46.50956616210937,8.957653999328613,3.315509796142578,-2.2222118377685547
1790266877635566300,46.51956640625,8.954092025756836,3.326976776123047,-2.2194247245788574
1790266877645566200,46.529566162109376,8.959731101989746,3.312690258026123,-2.2180373668670654
1790266877655566300,46.53956640625,8.969602584838867,3.2823193073272705,-2.2232823371887207
1790266877665566200,46.54956616210937,8.97784423828125,3.2513766288757324,-2.235452651977539
1790266877675566300,46.55956640625,8.982098579406738,3.2298989295959473,-2.2494564056396484
1790266877685566200,46.569566162109375,8.981926918029785,3.221966505050659,-2.2614805698394775
1790266877695566300,46.57956640625,8.977622985839844,3.22690749168396,-2.2715067863464355
1790266877705566200,46.58956616210938,8.970051765441895,3.2409396171569824,-2.2814197540283203
1790266877715566300,46.59956640625,8.961750030517578,3.2585697174072266,-2.2889175415039062
1790266877725566200,46.609566162109374,8.956209182739258,3.2743005752563477,-2.288154125213623
1790266877735566300,46.61956640625,8.949702262878418,3.2855563163757324,-2.297463893890381
1790266877745566200,46.62956616210938,8.948067665100098,3.288031816482544,-2.300283670425415
1790266877755566300,46.63956640625,8.952486991882324,3.2794601917266846,-2.295320749282837
1790266877765566200,46.64956616210937,8.96343994140625,3.258605718612671,-2.282240390777588
1790266877775566300,46.65956640625,8.979886054992676,3.2252373695373535,-2.264925718307495
1790266877785566200,46.669566162109376,9.000861167907715,3.1802163124084473,-2.245243549346924
1790266877795566300,46.67956640625,9.024295806884766,3.1247942447662354,-2.2289295196533203
1790266877805566200,46.68956616210937,9.04814624786377,3.0599803924560547,-2.2221524715423584
1790266877815566300,46.69956640625,9.07125473022461,2.9868767261505127,-2.22739315032959
1790266877825566200,46.709566162109375,9.094834327697754,2.9052586555480957,-2.2391626834869385
1790266877835566300,46.71956640625,9.12191104888916,2.816953182220459,-2.241854190826416
1790266877845566200,46.72956616210938,9.15438175201416,2.729719638824463,-2.217275381088257
1790266877855566300,46.73956640625,9.19601821899414,2.6500842571258545,-2.1402556896209717
1790266877865566200,46.749566162109375,9.249857902526855,2.5780811309814453,-1.9909803867340088
1790266877875566300,46.75956640625,9.30929946899414,2.5084831714630127,-1.7929996252059937
1790266877885566200,46.76956616210938,9.365180969238281,2.440941572189331,-1.5829005241394043
1790266877895566300,46.77956640625,9.41049861907959,2.3833975791931152,-1.3900707960128784
1790266877905566200,46.789566162109374,9.439859390258789,2.347227096557617,-1.2449811697006226
1790266877915566300,46.79956640625,9.451830863952637,2.339404344558716,-1.1663904190063477
1790266877925566200,46.80956616210938,9.449742317199707,2.357909917831421,-1.1458773612976074
1790266877935566300,46.81956640625,9.437335968017578,2.3938140869140625,-1.1733431816101074
1790266877945566200,46.82956616210937,9.419163703918457,2.4339065551757812,-1.2352498769760132
1790266877955566300,46.83956640625,9.400642395019531,2.465999126434326,-1.310403823852539
1790266877965566200,46.849566162109376,9.386670112609863,2.4814200401306152,-1.3796241283416748
1790266877975566300,46.85956640625,9.3794584274292,2.478177547454834,-1.4334471225738525
1790266877985566200,46.86956616210937,9.38021183013916,2.4581387042999268,-1.4627307653427124
1790266877995566300,46.87956640625,9.387103080749512,2.431256055831909,-1.463443398475647
1790266878005566200,46.889566162109375,9.395909309387207,2.408611297607422,-1.444254994392395
1790266878015566300,46.89956640625,9.402495384216309,2.3988840579986572,-1.4173249006271362
1790266878025566200,46.90956616210938,9.405237197875977,2.402726650238037,-1.3924119472503662
1790266878035566300,46.91956640625,9.403382301330566,2.417543888092041,-1.3792310953140259
1790266878045566200,46.929566162109374,9.392986297607422,2.44797420501709,-1.396284818649292
1790266878055566300,46.93956640625,9.377679824829102,2.4854321479797363,-1.432528018951416
1790266878065566200,46.94956616210938,9.363214492797852,2.52042293548584,-1.46562922000885
1790266878075566300,46.95956640625,9.356282234191895,2.5481815338134766,-1.461894154548645
1790266878085566200,46.96956616210937,9.357186317443848,2.5720701217651367,-1.4134784936904907
1790266878095566300,46.97956640625,9.359394073486328,2.597118854522705,-1.3517063856124878
1790266878105566200,46.98956616210938,9.358376502990723,2.626544952392578,-1.300938367843628
1790266878115566300,46.99956640625,9.353059768676758,2.661831855773926,-1.267013430595398
1790266878125566200,47.00956616210937,9.345011711120605,2.7016029357910156,-1.2419663667678833
1790266878135566300,47.01956640625,9.335651397705078,2.743455648422241,-1.2204409837722778
1790266878145566200,47.029566162109376,9.325483322143555,2.7849466800689697,-1.2040847539901733
1790266878155566300,47.03956640625,9.315336227416992,2.821211338043213,-1.1981889009475708
1790266878165566200,47.04956616210937,9.307151794433594,2.843033790588379,-1.2101553678512573
1790266878175566300,47.05956640625,9.302353858947754,2.8418002128601074,-1.2493079900741577
1790266878185566200,47.069566162109375,9.301543235778809,2.8119611740112305,-1.3208121061325073
1790266878195566300,47.07956640625,9.304075241088867,2.752636194229126,-1.4239306449890137
1790266878205566200,47.08956616210938,9.3080472946167,2.673612356185913,-1.5435203313827515
1790266878215566300,47.09956640625,9.311171531677246,2.590299606323242,-1.662176489830017
1790266878225566200,47.109566162109374,9.311967849731445,2.51432728767395,-1.7708184719085693
1790266878235566300,47.11956640625,9.310912132263184,2.449557304382324,-1.86466383934021
1790266878245566200,47.12956616210938,9.309091567993164,2.3953723907470703,-1.9425230026245117
1790266878255566300,47.13956640625,9.305604934692383,2.3539199829101562,-2.0087730884552
1790266878265566200,47.14956616210937,9.296736717224121,2.3396220207214355,-2.0657293796539307
1790266878275566300,47.15956640625,9.28735637664795,2.358743667602539,-2.0860788822174072
1790266878285566200,47.169566162109376,9.285773277282715,2.3973050117492676,-2.048835039138794
1790266878295566300,47.17956640625,9.291353225708008,2.442946672439575,-1.9680306911468506
1790266878305566200,47.18956616210937,9.297464370727539,2.4891598224639893,-1.8792599439620972
1790266878315566300,47.19956640625,9.300305366516113,2.5334925651550293,-1.8044729232788086
1790266878325566200,47.209566162109375,9.29859447479248,2.5762739181518555,-1.7519549131393433
1790266878335566300,47.21956640625,9.293928146362305,2.6180505752563477,-1.7143806219100952
1790266878345566200,47.22956616210938,9.289029121398926,2.656886577606201,-1.6808565855026245
