time,seconds_elapsed,z,y,x
1789038610498076700,0.07207666015625,0,0,0
1789038610508076500,0.08207666015625,-0.7212953567504883,0.05293232202529907,-0.4760171175003052
1789038610518076700,0.09207666015625,-1.214888572692871,0.1401854157447815,-0.9984402656555176
1789038610528076500,0.10207666015625,-1.253377914428711,0.39038968086242676,-1.3602917194366455
1789038610538076700,0.11207666015625,-0.903618335723877,0.5847960710525513,-1.548551082611084
1789038610548076500,0.12207666015625,-0.4736518859863281,-0.21598100662231445,-0.3904306888580322
1789038610558076700,0.13207666015625,-0.3770890235900879,-0.8501553535461426,0.8814475536346436
1789038610568076500,0.14207666015625,0.43447160720825195,-0.3504061996936798,1.0153393745422363
1789038610578076700,0.15207666015625,1.2053918838500977,-0.020508527755737305,1.2059326171875
1789038610588076500,0.16207666015625,2.1531319618225098,0.2563311457633972,0.5737601518630981
1789038610598076700,0.17207666015625,2.9712324142456055,0.7412824630737305,-0.3537569046020508
1789038610608076500,0.18207666015625,3.112325668334961,1.0235507488250732,-0.8510539531707764
1789038610618076700,0.19207666015625,2.466019630432129,1.1381242275238037,-1.172053337097168
1789038610628076500,0.20207666015625,1.5439691543579102,1.1644598245620728,-1.7632510662078857
1789038610638076700,0.21207666015625,0.3920621871948242,1.1469331979751587,-2.827749490737915
1789038610648076500,0.22207666015625,0.058907508850097656,1.4319614171981812,-3.532766819000244
1789038610658076700,0.23207666015625,-0.34397029876708984,1.193732738494873,-3.2256031036376953
1789038610668076500,0.24207666015625,-0.2567901611328125,-0.21995103359222412,-1.4674415588378906
1789038610678076700,0.25207666015625,-0.3637886047363281,-1.0368629693984985,0.0050506591796875
1789038610688076500,0.26207666015625,-0.38362884521484375,-0.4059295654296875,0.2541782855987549
1789038610698076700,0.27207666015625,-0.14925003051757812,0.2887284755706787,0.21139049530029297
1789038610708076500,0.28207666015625,0.10184764862060547,0.1072160005569458,0.6263232231140137
1789038610718076700,0.29207666015625,0.3951559066772461,-0.2223299741744995,1.3474276065826416
1789038610728076500,0.30207666015625,0.6049013137817383,-0.23192858695983887,1.7729099988937378
1789038610738076700,0.31207666015625,0.5746994018554688,-0.14402174949645996,1.8751988410949707
1789038610748076500,0.32207666015625,0.6773109436035156,0.003278493881225586,1.4661297798156738
1789038610758076700,0.33207666015625,1.3141584396362305,0.5921921730041504,0.6621344089508057
1789038610768076500,0.34207666015625,1.457498550415039,0.8143231868743896,0.5671365261077881
1789038610778076700,0.35207666015625,1.3798675537109375,0.5876166820526123,0.39151620864868164
1789038610788076500,0.36207666015625,0.8449010848999023,0.23246431350708008,0.3101387023925781
1789038610798076700,0.37207666015625,0.1905374526977539,0.15626072883605957,-0.08363127708435059
1789038610808076500,0.38207666015625,-0.4216775894165039,0.38158726692199707,-0.5270202159881592
1789038610818076700,0.39207666015625,-0.944061279296875,0.27306437492370605,-0.02402949333190918
1789038610828076500,0.40207666015625,-0.9757566452026367,0.0036067962646484375,0.11641812324523926
1789038610838076700,0.41207666015625,-0.6721582412719727,0.03373122215270996,-0.07462382316589355
1789038610848076500,0.42207666015625,-0.5908966064453125,0.03983807563781738,-0.03619575500488281
1789038610858076700,0.43207666015625,-0.09051513671875,-0.09111714363098145,-0.08168411254882812
1789038610868076500,0.44207666015625,0.12492084503173828,-0.25858187675476074,-0.010824918746948242
1789038610878076700,0.45207666015625,0.23836231231689453,-0.20412635803222656,-0.033429622650146484
1789038610888076500,0.46207666015625,0.3915557861328125,0.019896984100341797,-0.16045451164245605
1789038610898076700,0.47207666015625,0.7267074584960938,0.28448486328125,-0.3214092254638672
1789038610908076500,0.48207666015625,1.1629657745361328,0.30035877227783203,-0.31695127487182617
1789038610918076700,0.49207666015625,0.9431724548339844,-0.02828049659729004,-0.11338281631469727
1789038610928076500,0.50207666015625,0.4967050552368164,-0.3646245002746582,0.23633241653442383
1789038610938076700,0.51207666015625,0.012340545654296875,-0.6037962436676025,0.5560210943222046
1789038610948076500,0.52207666015625,-0.09818458557128906,-0.46301937103271484,0.8121662139892578
1789038610958076700,0.53207666015625,-0.14457988739013672,-0.08639121055603027,0.672778844833374
1789038610968076500,0.54207666015625,-0.11425590515136719,0.2261824607849121,0.49970054626464844
1789038610978076700,0.55207666015625,0.06599903106689453,0.23100996017456055,0.5846891403198242
1789038610988076500,0.56207666015625,0.23423099517822266,0.05950140953063965,0.8747421503067017
1789038610998076700,0.57207666015625,0.35541248321533203,-0.020596981048583984,1.017227292060852
1789038611008076500,0.58207666015625,0.43022823333740234,-0.17093110084533691,0.9906498193740845
1789038611018076700,0.59207666015625,0.19651126861572266,-0.3066215515136719,0.8409489393234253
1789038611028076500,0.60207666015625,-0.028771400451660156,-0.31404972076416016,0.739001452922821
1789038611038076700,0.61207666015625,-0.43195152282714844,-0.17974472045898438,0.8282045125961304
1789038611048076500,0.62207666015625,-0.4726858139038086,-0.03246784210205078,0.8652244210243225
1789038611058076700,0.63207666015625,-0.38358402252197266,0.07434487342834473,0.8706796169281006
1789038611068076500,0.64207666015625,-0.0957489013671875,0.062306880950927734,0.8999879360198975
1789038611078076700,0.65207666015625,0.17653751373291016,-0.036516427993774414,0.8595665693283081
1789038611088076500,0.66207666015625,0.2594642639160156,-0.11069226264953613,0.6401660442352295
1789038611098076700,0.67207666015625,0.26282405853271484,-0.125563383102417,0.23300492763519287
1789038611108076500,0.68207666015625,-0.050856590270996094,-0.12474167346954346,0.02912396565079689
1789038611118076700,0.69207666015625,-0.5214157104492188,-0.0893411636352539,0.04538769647479057
1789038611128076500,0.70207666015625,-0.7262496948242188,0.10364103317260742,-0.12094011902809143
1789038611138076700,0.71207666015625,-0.6240825653076172,0.3121267557144165,-0.2934207022190094
1789038611148076500,0.72207666015625,-0.15216827392578125,0.3878316879272461,-0.4348986744880676
1789038611158076700,0.73207666015625,0.3344583511352539,0.18874192237854004,-0.06468470394611359
1789038611168076500,0.74207666015625,0.5262651443481445,-0.22153258323669434,0.4862302839756012
1789038611178076700,0.75207666015625,0.5475654602050781,-0.36923253536224365,0.39278680086135864
1789038611188076500,0.76207666015625,0.520390510559082,-0.2599472999572754,0.0688256323337555
1789038611198076700,0.77207666015625,0.6928234100341797,-0.161696195602417,0.003954201936721802
1789038611208076500,0.78207666015625,1.18841552734375,-0.20883715152740479,0.1854425072669983
1789038611218076700,0.79207666015625,1.498641014099121,-0.2416074275970459,0.24181562662124634
1789038611228076500,0.80207666015625,1.6622047424316406,-0.29553377628326416,0.30799853801727295
1789038611238076700,0.81207666015625,1.8270111083984375,-0.3487515449523926,0.34228333830833435
1789038611248076500,0.82207666015625,1.8169221878051758,-0.3825066089630127,0.3811018466949463
1789038611258076700,0.83207666015625,1.4814701080322266,-0.31882309913635254,0.4041912257671356
1789038611268076500,0.84207666015625,1.0530815124511719,-0.22038155794143677,0.3063441514968872
1789038611278076700,0.85207666015625,0.6182737350463867,-0.09491896629333496,0.22728657722473145
1789038611288076500,0.86207666015625,0.4220552444458008,-0.02822136878967285,0.12863779067993164
1789038611298076700,0.87207666015625,0.38045310974121094,-0.02263665199279785,0.09069883823394775
1789038611308076500,0.88207666015625,0.2576627731323242,-0.08454334735870361,-0.02925848960876465
1789038611318076700,0.89207666015625,0.26030635833740234,-0.2026592493057251,-0.09359633922576904
1789038611328076500,0.90207666015625,0.3288583755493164,-0.2244691252708435,-0.259846568107605
1789038611338076700,0.91207666015625,0.23541259765625,-0.2011730670928955,-0.2723867893218994
1789038611348076500,0.92207666015625,0.14083480834960938,-0.14593899250030518,-0.08453905582427979
1789038611358076700,0.93207666015625,0.051972389221191406,-0.10043823719024658,0.06673669815063477
1789038611368076500,0.94207666015625,-0.20544052124023438,-0.057988882064819336,0.10762214660644531
1789038611378076700,0.95207666015625,-0.5305099487304688,-0.01914989948272705,0.12696778774261475
1789038611388076500,0.96207666015625,-0.6469173431396484,-0.016272664070129395,-0.04406940937042236
1789038611398076700,0.97207666015625,-0.5628061294555664,-0.05461418628692627,-0.19075632095336914
1789038611408076500,0.98207666015625,-0.4358091354370117,-0.12327814102172852,-0.16495072841644287
1789038611418076700,0.99207666015625,-0.3414945602416992,-0.08534348011016846,-0.014058828353881836
1789038611428076500,1.00207666015625,-0.20128726959228516,0.024888277053833008,0.1760932207107544
1789038611438076700,1.01207666015625,-0.06441783905029297,0.06942236423492432,0.22069001197814941
1789038611448076500,1.02207666015625,0.02479076385498047,0.023555517196655273,0.16598749160766602
1789038611458076700,1.03207666015625,-0.008787155151367188,-0.049114108085632324,0.026860594749450684
1789038611468076500,1.04207666015625,-0.05959320068359375,-0.1455228328704834,-0.0001589059829711914
1789038611478076700,1.05207666015625,-0.12927722930908203,-0.2311326265335083,0.020093560218811035
1789038611488076500,1.06207666015625,-0.19741058349609375,-0.1827939748764038,0.024654865264892578
1789038611498076700,1.07207666015625,-0.049495697021484375,-0.04700589179992676,0.04995989799499512
1789038611508076500,1.08207666015625,0.1356658935546875,0.09145486354827881,0.0823136568069458
1789038611518076700,1.09207666015625,0.31551265716552734,0.113533616065979,0.028197526931762695
1789038611528076500,1.10207666015625,0.23027420043945312,0.06012153625488281,0.01808619499206543
1789038611538076700,1.11207666015625,-0.004969596862792969,-0.007526874542236328,-0.09453141689300537
1789038611548076500,1.12207666015625,-0.24677085876464844,-0.027971386909484863,-0.12007105350494385
1789038611558076700,1.13207666015625,-0.42156410217285156,-0.00966346263885498,-0.040457725524902344
1789038611568076500,1.14207666015625,-0.5352573394775391,-0.01226663589477539,0.025442957878112793
1789038611578076700,1.15207666015625,-0.4308958053588867,0.010161042213439941,0.020239591598510742
1789038611588076500,1.16207666015625,-0.0758676528930664,0.0055474042892456055,0.14090955257415771
1789038611598076700,1.17207666015625,0.36536598205566406,0.0640939474105835,0.3372001647949219
1789038611608076500,1.18207666015625,0.7272987365722656,0.1875624656677246,0.382188081741333
1789038611618076700,1.19207666015625,0.8192958831787109,0.27274465560913086,0.30551958084106445
1789038611628076500,1.20207666015625,0.6724691390991211,0.23063862323760986,0.23984777927398682
1789038611638076700,1.21207666015625,0.5007209777832031,0.12439119815826416,0.23596227169036865
1789038611648076500,1.22207666015625,0.19160175323486328,0.04503822326660156,0.0960996150970459
1789038611658076700,1.23207666015625,-0.07433414459228516,0.042944908142089844,0.059090375900268555
1789038611668076500,1.24207666015625,-0.21752071380615234,0.08920061588287354,0.12026560306549072
1789038611678076700,1.25207666015625,-0.23100852966308594,0.17479753494262695,0.20598113536834717
1789038611688076500,1.26207666015625,-0.29691314697265625,0.24782586097717285,0.21455860137939453
1789038611698076700,1.27207666015625,-0.2969398498535156,0.20796000957489014,0.2769286632537842
1789038611708076500,1.28207666015625,-0.16683578491210938,0.12620604038238525,0.3080693483352661
1789038611718076700,1.29207666015625,0.1316213607788086,0.08045005798339844,0.2913932800292969
1789038611728076500,1.30207666015625,0.36963367462158203,0.12736713886260986,0.39779210090637207
1789038611738076700,1.31207666015625,0.3579235076904297,0.2373112440109253,0.6501154899597168
1789038611748076500,1.32207666015625,0.1750335693359375,0.43636059761047363,1.0039197206497192
1789038611758076700,1.33207666015625,-0.20043373107910156,0.4741206169128418,1.6179198026657104
1789038611768076500,1.34207666015625,-0.3058490753173828,0.6744725704193115,1.2786445617675781
1789038611778076700,1.35207666015625,-0.5004510879516602,0.7882052659988403,0.6717995405197144
1789038611788076500,1.36207666015625,-0.9389972686767578,0.5013115406036377,0.51790452003479
1789038611798076700,1.37207666015625,-0.5730600357055664,0.14335906505584717,0.6509786248207092
1789038611808076500,1.38207666015625,-0.5092077255249023,-0.024695634841918945,0.8166269659996033
1789038611818076700,1.39207666015625,-0.5372028350830078,-0.4016857147216797,0.36381298303604126
1789038611828076500,1.40207666015625,-0.26763439178466797,0.15025627613067627,0.5427737236022949
1789038611838076700,1.41207666015625,0.5482854843139648,0.6302669048309326,1.2668514251708984
1789038611848076500,1.42207666015625,0.7935142517089844,0.41132473945617676,2.4523110389709473
1789038611858076700,1.43207666015625,1.392350196838379,0.1598886251449585,3.513385772705078
1789038611868076500,1.44207666015625,4.08840274810791,-0.13258540630340576,3.6277832984924316
1789038611878076700,1.45207666015625,2.5232601165771484,-0.32877838611602783,2.571704626083374
1789038611888076500,1.46207666015625,1.9510917663574219,-0.06987619400024414,1.6450495719909668
1789038611898076700,1.47207666015625,1.3344078063964844,-0.21077454090118408,1.4517548084259033
1789038611908076500,1.48207666015625,0.5372161865234375,-0.8957831859588623,0.3249129354953766
1789038611918076700,1.49207666015625,0.9991931915283203,-1.6713263988494873,-0.7258358597755432
1789038611928076500,1.50207666015625,2.1881160736083984,-1.7931623458862305,-0.8941461443901062
1789038611938076700,1.51207666015625,2.922731399536133,-0.589235782623291,0.5860815048217773
1789038611948076500,1.52207666015625,2.476168632507324,-0.6387349367141724,2.2595133781433105
1789038611958076700,1.53207666015625,0.9803533554077148,-0.5542906522750854,2.462926149368286
1789038611968076500,1.54207666015625,-0.3579292297363281,-0.6613001823425293,1.0324946641921997
1789038611978076700,1.55207666015625,-1.3741216659545898,-1.2813851833343506,-0.28073662519454956
1789038611988076500,1.56207666015625,-1.5788993835449219,-1.3432437181472778,-1.4057105779647827
1789038611998076700,1.57207666015625,-1.0129737854003906,-1.657850742340088,-1.9092096090316772
1789038612008076500,1.58207666015625,0.3166465759277344,-2.1034367084503174,-2.2151601314544678
1789038612018076700,1.59207666015625,0.8088226318359375,-2.1487979888916016,-1.6454970836639404
1789038612028076500,1.60207666015625,-0.7515592575073242,-2.052170753479004,0.6991126537322998
1789038612038076700,1.61207666015625,-2.1543922424316406,-1.4511700868606567,1.4258533716201782
1789038612048076500,1.62207666015625,-2.874863624572754,-1.5456342697143555,0.3840380907058716
1789038612058076700,1.63207666015625,-2.4281740188598633,-2.3708455562591553,-0.7685763835906982
1789038612068076500,1.64207666015625,-1.2831401824951172,-3.108522653579712,-2.5515506267547607
1789038612078076700,1.65207666015625,-0.039824485778808594,-3.8489394187927246,-3.6695361137390137
1789038612088076500,1.66207666015625,0.7964544296264648,-4.551046371459961,-4.170172691345215
1789038612098076700,1.67207666015625,1.0531749725341797,-5.632383346557617,-3.4868712425231934
1789038612108076500,1.68207666015625,1.4778575897216797,-5.902275085449219,-2.6165359020233154
1789038612118076700,1.69207666015625,0.575566291809082,-5.559227466583252,-1.4028840065002441
1789038612128076500,1.70207666015625,-0.6846961975097656,-5.349588394165039,-1.0213336944580078
1789038612138076700,1.71207666015625,-1.0426921844482422,-5.447049617767334,-2.482954502105713
1789038612148076500,1.72207666015625,-0.767491340637207,-5.806746482849121,-5.193212509155273
1789038612158076700,1.73207666015625,-0.1920456886291504,-6.59153413772583,-6.79500675201416
1789038612168076500,1.74207666015625,-0.20540618896484375,-7.518002510070801,-6.966534614562988
1789038612178076700,1.75207666015625,-0.5571503639221191,-7.803616523742676,-5.991390228271484
1789038612188076500,1.76207666015625,-0.8344306945800781,-7.514064788818359,-3.8390278816223145
1789038612198076700,1.77207666015625,-0.6786665916442871,-7.1818318367004395,-0.9308948516845703
1789038612208076500,1.78207666015625,-0.02168750762939453,-6.572756767272949,1.0684309005737305
1789038612218076700,1.79207666015625,0.7757387161254883,-6.044527053833008,1.4186220169067383
1789038612228076500,1.80207666015625,0.8475208282470703,-5.612595081329346,1.2611403465270996
1789038612238076700,1.81207666015625,-0.23197507858276367,-4.9544525146484375,1.1072373390197754
1789038612248076500,1.82207666015625,-1.553375244140625,-4.019866943359375,1.4679994583129883
1789038612258076700,1.83207666015625,-3.000455379486084,-2.6797409057617188,2.1927971839904785
1789038612268076500,1.84207666015625,-3.308804988861084,-0.754503607749939,2.179417133331299
1789038612278076700,1.85207666015625,-2.9149532318115234,0.8946716785430908,1.7605018615722656
1789038612288076500,1.86207666015625,-3.1482930183410645,1.7093946933746338,2.057126045227051
1789038612298076700,1.87207666015625,-4.049310207366943,2.4047739505767822,3.0259437561035156
1789038612308076500,1.88207666015625,-5.0700154304504395,3.1664037704467773,3.573963165283203
1789038612318076700,1.89207666015625,-5.733571529388428,3.3491005897521973,3.5026583671569824
1789038612328076500,1.90207666015625,-5.469815731048584,2.8041725158691406,4.064218997955322
1789038612338076700,1.91207666015625,-3.670811653137207,2.169405698776245,5.12327241897583
1789038612348076500,1.92207666015625,-0.4953742027282715,2.3452963829040527,5.447630882263184
1789038612358076700,1.93207666015625,2.148360252380371,2.765761613845825,3.961663246154785
1789038612368076500,1.94207666015625,2.742440700531006,2.1550073623657227,1.9938397407531738
1789038612378076700,1.95207666015625,2.324252128601074,1.3229329586029053,0.1549844741821289
1789038612388076500,1.96207666015625,2.4043421745300293,0.6355276107788086,-0.9202485084533691
1789038612398076700,1.97207666015625,3.779971122741699,0.22819089889526367,-1.1444168090820312
1789038612408076500,1.98207666015625,4.740952491760254,0.2158350944519043,-0.4022040367126465
1789038612418076700,1.99207666015625,4.746191024780273,0.40032958984375,0.8272519111633301
1789038612428076500,2.00207666015625,3.7820253372192383,0.7914776802062988,2.205411911010742
1789038612438076700,2.01207666015625,2.7007150650024414,1.418116569519043,3.2042183876037598
1789038612448076500,2.02207666015625,2.104236602783203,2.1615891456604004,3.9098877906799316
1789038612458076700,2.03207666015625,1.7126893997192383,2.6056859493255615,3.809267044067383
1789038612468076500,2.04207666015625,0.7995810508728027,2.2782344818115234,3.207036018371582
1789038612478076700,2.05207666015625,-0.25940704345703125,1.869884967803955,2.6377477645874023
1789038612488076500,2.06207666015625,-1.4739539623260498,1.633225917816162,1.769209384918213
1789038612498076700,2.07207666015625,-2.1561522483825684,1.796095848083496,2.446727752685547
1789038612508076500,2.08207666015625,-2.3167271614074707,2.312434673309326,3.8589510917663574
1789038612518076700,2.09207666015625,-1.8560895919799805,2.835850715637207,4.905284404754639
1789038612528076500,2.10207666015625,-0.9997470378875732,2.667281150817871,5.646379470825195
1789038612538076700,2.11207666015625,-0.7497870922088623,2.0897765159606934,5.200918674468994
1789038612548076500,2.12207666015625,-0.4851524829864502,1.9134249687194824,4.884997844696045
1789038612558076700,2.13207666015625,0.4474654197692871,2.0207786560058594,5.880847454071045
1789038612568076500,2.14207666015625,1.8520002365112305,2.0922389030456543,6.204085826873779
1789038612578076700,2.15207666015625,0.252777099609375,2.3117446899414062,6.159646987915039
1789038612588076500,2.16207666015625,-1.4536190032958984,2.2595138549804688,5.22603702545166
1789038612598076700,2.17207666015625,-2.7528035640716553,2.137828826904297,5.4027180671691895
1789038612608076500,2.18207666015625,-2.9787747859954834,1.171678066253662,4.539139270782471
1789038612618076700,2.19207666015625,-2.785327434539795,0.7842698097229004,3.0038914680480957
1789038612628076500,2.20207666015625,-2.4496235847473145,1.0083212852478027,2.8438868522644043
1789038612638076700,2.21207666015625,-1.4660439491271973,1.1196637153625488,2.9519643783569336
1789038612648076500,2.22207666015625,-0.8149983286857605,-0.7904129028320312,2.5663042068481445
1789038612658076700,2.23207666015625,-0.37755441665649414,-2.1462955474853516,1.440432071685791
1789038612668076500,2.24207666015625,0.8789218664169312,-2.243375301361084,0.4396347999572754
1789038612688076500,2.26207666015625,4.51921272277832,-3.16920804977417,1.4833712577819824
1789038612698076700,2.27207666015625,5.116283416748047,-3.775754451751709,1.0171375274658203
1789038612708076500,2.28207666015625,4.773872375488281,-3.4458022117614746,-1.3610100746154785
1789038612718076700,2.29207666015625,2.729496717453003,-2.993838310241699,-2.832481861114502
1789038612728076500,2.30207666015625,0.254436731338501,-2.3438587188720703,-3.0372958183288574
1789038612738076700,2.31207666015625,-1.8815702199935913,-1.5006437301635742,-2.5282363891601562
1789038612748076500,2.32207666015625,-4.488176345825195,-1.009552001953125,-0.6401195526123047
1789038612758076700,2.33207666015625,-5.421200275421143,-0.6679749488830566,0.6295695304870605
1789038612768076500,2.34207666015625,-3.4742889404296875,-1.148393154144287,0.7177224159240723
1789038612778076700,2.35207666015625,-1.1040120124816895,-1.4083495140075684,1.0813159942626953
1789038612788076500,2.36207666015625,-0.41265732049942017,-1.1696510314941406,0.9439692497253418
1789038612798076700,2.37207666015625,-1.5073590278625488,-0.8046951293945312,0.5891819000244141
1789038612808076500,2.38207666015625,-1.9588922262191772,-0.601844310760498,0.9477934837341309
1789038612818076700,2.39207666015625,-1.2659566402435303,-0.27308082580566406,0.9809207916259766
1789038612828076500,2.40207666015625,-0.6593193411827087,0.03912830352783203,2.087965965270996
1789038612838076700,2.41207666015625,-0.6226869225502014,-0.3388218879699707,3.512880325317383
1789038612848076500,2.42207666015625,-0.5261499285697937,0.016184329986572266,5.397199630737305
1789038612858076700,2.43207666015625,-0.4957207441329956,0.47060108184814453,6.82795524597168
1789038612868076500,2.44207666015625,0.3858188986778259,0.47737908363342285,5.292562484741211
1789038612878076700,2.45207666015625,1.2623460292816162,-0.31917619705200195,1.6390743255615234
1789038612888076500,2.46207666015625,1.3771138191223145,0.1381547451019287,-1.8279638290405273
1789038612898076700,2.47207666015625,1.1817131042480469,-2.210014820098877,-7.26738166809082
1789038612908076500,2.48207666015625,1.7885022163391113,-3.0859432220458984,-6.2742600440979
1789038612918076700,2.49207666015625,1.06417977809906,-2.0445141792297363,-3.6166810989379883
1789038612928076500,2.50207666015625,-0.29324913024902344,-1.2990460395812988,-1.380174160003662
1789038612938076700,2.51207666015625,-1.5308552980422974,-0.12732291221618652,-1.6927037239074707
1789038612948076500,2.52207666015625,-0.9686218500137329,-0.7572982311248779,-4.709664344787598
1789038612958076700,2.53207666015625,0.11549603939056396,-1.5548052787780762,-5.04927396774292
1789038612968076500,2.54207666015625,-0.26604628562927246,-1.605778455734253,-2.923065185546875
1789038612978076700,2.55207666015625,-0.09606850147247314,-1.1363537311553955,-0.22832298278808594
1789038612988076500,2.56207666015625,-0.3373425006866455,-0.8514549732208252,0.2988319396972656
1789038612998076700,2.57207666015625,-1.2161939144134521,0.23798227310180664,0.8367757797241211
1789038613008076500,2.58207666015625,-1.3192681074142456,1.3192718029022217,2.1913299560546875
1789038613018076700,2.59207666015625,-0.34886670112609863,2.3117141723632812,2.8182382583618164
1789038613028076500,2.60207666015625,-0.48181962966918945,2.0235583782196045,2.4606637954711914
1789038613038076700,2.61207666015625,-0.547217607498169,1.892885684967041,2.341531753540039
1789038613048076500,2.62207666015625,-0.0892019271850586,1.1862684488296509,1.6964340209960938
1789038613058076700,2.63207666015625,0.18850183486938477,0.5123159885406494,-0.563084602355957
1789038613068076500,2.64207666015625,-0.17480504512786865,-0.022310853004455566,-2.705594062805176
1789038613078076700,2.65207666015625,-0.17851102352142334,-0.5446416139602661,-2.992076873779297
1789038613088076500,2.66207666015625,0.01540076732635498,-0.27000319957733154,-2.6263933181762695
1789038613098076700,2.67207666015625,-0.23616516590118408,0.2932557463645935,-1.7197999954223633
1789038613108076500,2.68207666015625,-1.0354089736938477,0.22885465621948242,-1.0169181823730469
1789038613118076700,2.69207666015625,-0.7332847118377686,0.2679593563079834,-1.7052898406982422
1789038613128076500,2.70207666015625,-1.6023756265640259,0.5493694543838501,-2.382889747619629
1789038613138076700,2.71207666015625,-1.4008023738861084,1.5810878276824951,-2.9762048721313477
1789038613148076500,2.72207666015625,1.4845434427261353,2.5795226097106934,-2.6747732162475586
1789038613158076700,2.73207666015625,2.892401933670044,3.0210142135620117,-2.8973464965820312
1789038613168076500,2.74207666015625,2.7443721294403076,2.3978261947631836,-3.9407753944396973
1789038613178076700,2.75207666015625,3.556887626647949,1.1000455617904663,-3.5705552101135254
1789038613188076500,2.76207666015625,5.461691856384277,1.0024429559707642,-3.493546485900879
1789038613198076700,2.77207666015625,4.779978275299072,-0.14892947673797607,-1.7551631927490234
1789038613208076500,2.78207666015625,2.0392024517059326,-1.7355396747589111,1.1423416137695312
1789038613218076700,2.79207666015625,-0.9976625442504883,-1.4910575151443481,1.5460138320922852
1789038613228076500,2.80207666015625,-3.2476091384887695,-1.3041832447052002,2.6194276809692383
1789038613238076700,2.81207666015625,-4.3903093338012695,-2.4539413452148438,3.7713003158569336
1789038613248076500,2.82207666015625,-2.835165500640869,-2.823179006576538,2.854158401489258
1789038613258076700,2.83207666015625,-0.12984347343444824,-2.8876113891601562,1.5352067947387695
1789038613268076500,2.84207666015625,1.2239584922790527,-3.0014827251434326,0.3039093017578125
1789038613278076700,2.85207666015625,0.8169927597045898,-2.942143678665161,0.253448486328125
1789038613288076500,2.86207666015625,-0.6715993881225586,-2.580646276473999,0.8984441757202148
1789038613298076700,2.87207666015625,-2.4146926403045654,-1.6813042163848877,1.6131000518798828
1789038613308076500,2.88207666015625,-1.2906763553619385,-0.6901955604553223,2.7073192596435547
1789038613318076700,2.89207666015625,0.17864489555358887,0.02849864959716797,3.3995981216430664
1789038613328076500,2.90207666015625,0.2770366668701172,-1.3019120693206787,2.306553840637207
1789038613338076700,2.91207666015625,-0.04487109184265137,-1.5078964233398438,1.3647851943969727
1789038613348076500,2.92207666015625,-0.525862455368042,-0.3634464740753174,0.07794475555419922
1789038613358076700,2.93207666015625,-1.328674554824829,0.5059247016906738,-0.1803579330444336
1789038613368076500,2.94207666015625,-0.3504631519317627,-0.884479284286499,0.25821685791015625
1789038613378076700,2.95207666015625,-0.2756345272064209,-0.6250431537628174,2.9941253662109375
1789038613388076500,2.96207666015625,1.5855834484100342,0.13176798820495605,0.20517539978027344
1789038613398076700,2.97207666015625,2.0832862854003906,1.3594098091125488,-0.3064718246459961
1789038613408076500,2.98207666015625,2.481444835662842,2.4041781425476074,0.22554779052734375
1789038613418076700,2.99207666015625,0.06850957870483398,2.32140851020813,-0.6884145736694336
1789038613428076500,3.00207666015625,-2.6287128925323486,3.136244297027588,-1.0617756843566895
1789038613438076700,3.01207666015625,-3.363182783126831,3.2995870113372803,-2.1226611137390137
1789038613448076500,3.02207666015625,-3.110283851623535,2.6969752311706543,-2.4482946395874023
1789038613458076700,3.03207666015625,-2.6993801593780518,2.58284330368042,-1.0806875228881836
1789038613468076500,3.04207666015625,-1.0618807077407837,2.0761947631835938,-0.38487911224365234
1789038613478076700,3.05207666015625,0.3763805627822876,0.9308013916015625,-0.13049983978271484
1789038613488076500,3.06207666015625,1.0949026346206665,-0.5966644287109375,-0.20141315460205078
1789038613498076700,3.07207666015625,0.9565009474754333,-2.470449447631836,-1.0662565231323242
1789038613508076500,3.08207666015625,0.7300230264663696,-4.418027400970459,-1.2927236557006836
1789038613518076700,3.09207666015625,0.952979326248169,-5.45335578918457,-0.8741521835327148
1789038613528076500,3.10207666015625,1.4579029083251953,-5.533390522003174,-0.0762939453125
1789038613538076700,3.11207666015625,1.2758338451385498,-5.0619587898254395,0.8316926956176758
1789038613548076500,3.12207666015625,0.37512993812561035,-3.3280463218688965,-0.09326553344726562
1789038613558076700,3.13207666015625,-0.6624265909194946,-1.9524517059326172,-3.3299074172973633
1789038613568076500,3.14207666015625,-1.864559531211853,-0.31835269927978516,-2.2261576652526855
1789038613578076700,3.15207666015625,-3.1353673934936523,0.5353198051452637,-1.1613550186157227
1789038613588076500,3.16207666015625,-2.411024570465088,0.4155542850494385,-0.5239896774291992
1789038613598076700,3.17207666015625,0.8854068517684937,-0.44947171211242676,1.073394775390625
1789038613608076500,3.18207666015625,2.089508056640625,-0.9547560214996338,1.5890436172485352
1789038613618076700,3.19207666015625,0.9040809869766235,-0.6215498447418213,0.21454524993896484
1789038613628076500,3.20207666015625,-0.19248417019844055,-0.19941496849060059,-0.37331295013427734
1789038613638076700,3.21207666015625,0.5846123695373535,-0.1690526008605957,-0.6409950256347656
1789038613648076500,3.22207666015625,2.484853506088257,-0.4220876693725586,-0.9691495895385742
1789038613658076700,3.23207666015625,2.992051124572754,0.02020430564880371,-0.38495635986328125
1789038613668076500,3.24207666015625,1.1551356315612793,1.9264345169067383,1.0811071395874023
1789038613678076700,3.25207666015625,-0.09617912769317627,3.858407497406006,1.0833349227905273
1789038613688076500,3.26207666015625,-1.1690583229064941,4.784216403961182,-0.013056755065917969
1789038613698076700,3.27207666015625,-1.183058261871338,3.805346965789795,-1.3261494636535645
1789038613708076500,3.28207666015625,-0.6573359966278076,2.51285719871521,-1.385328769683838
1789038613718076700,3.29207666015625,-0.5414959192276001,1.4325907230377197,-0.9364652633666992
1789038613728076500,3.30207666015625,-0.7038698196411133,0.8251171112060547,-0.3224611282348633
1789038613738076700,3.31207666015625,-0.35297513008117676,0.5742011070251465,0.3676948547363281
1789038613748076500,3.32207666015625,0.025390625,0.4425818920135498,0.20275402069091797
1789038613758076700,3.33207666015625,0.1764899492263794,0.21745061874389648,0.041851043701171875
1789038613768076500,3.34207666015625,-0.22012364864349365,-0.33962202072143555,0.524235725402832
1789038613778076700,3.35207666015625,-0.6680084466934204,-0.7607512474060059,0.9323329925537109
1789038613788076500,3.36207666015625,-1.1229822635650635,-0.9991726875305176,1.2475404739379883
1789038613798076700,3.37207666015625,-1.610151767730713,-1.1958379745483398,1.312678337097168
1789038613808076500,3.38207666015625,-1.5396196842193604,-0.8866772651672363,0.8379650115966797
1789038613818076700,3.39207666015625,-0.8251453638076782,-0.6245675086975098,0.050994873046875
1789038613828076500,3.40207666015625,-0.02406775951385498,2.6253480911254883,-1.0218610763549805
1789038613838076700,3.41207666015625,2.149915933609009,8.248978614807129,-2.188174247741699
1789038613848076500,3.42207666015625,3.371145009994507,9.908604621887207,-2.7864255905151367
1789038613858076700,3.43207666015625,2.812824249267578,5.278820991516113,-2.4584245681762695
1789038613868076500,3.44207666015625,-0.10928118228912354,-0.3563857078552246,-0.3014054298400879
1789038613878076700,3.45207666015625,-3.2471985816955566,-1.364680290222168,0.605504035949707
1789038613888076500,3.46207666015625,-3.42488431930542,0.7234640121459961,-0.5256433486938477
1789038613898076700,3.47207666015625,-2.008439064025879,1.6764817237854004,-0.15573501586914062
1789038613908076500,3.48207666015625,-1.8711695671081543,-0.4018583297729492,1.1164884567260742
1789038613918076700,3.49207666015625,-2.5007917881011963,-2.859619140625,2.24642276763916
1789038613928076500,3.50207666015625,-0.928770899772644,-2.0497546195983887,1.305154800415039
1789038613938076700,3.51207666015625,2.766056776046753,-0.8011975288391113,-0.8483290672302246
1789038613948076500,3.52207666015625,3.9552602767944336,0.5141558647155762,-2.651014804840088
1789038613958076700,3.53207666015625,3.007524013519287,0.9238157272338867,-2.1501550674438477
1789038613968076500,3.54207666015625,0.38506555557250977,-1.305696964263916,-1.100057601928711
1789038613978076700,3.55207666015625,-2.7169013023376465,-3.5910134315490723,0.23358583450317383
1789038613988076500,3.56207666015625,-4.615227699279785,-4.141721725463867,2.268655776977539
1789038613998076700,3.57207666015625,-3.146472692489624,-3.059337615966797,3.352430820465088
1789038614008076500,3.58207666015625,0.13602638244628906,-1.0911130905151367,2.247851848602295
1789038614018076700,3.59207666015625,2.403881549835205,1.6297938823699951,1.441502571105957
1789038614028076500,3.60207666015625,2.718783378601074,0.6935839653015137,0.11874103546142578
1789038614038076700,3.61207666015625,2.729088306427002,-0.9576206207275391,-1.9192757606506348
1789038614048076500,3.62207666015625,2.200613021850586,-2.2536377906799316,-1.288912296295166
1789038614058076700,3.63207666015625,0.28498125076293945,-3.948162078857422,0.305875301361084
1789038614068076500,3.64207666015625,-0.923818826675415,-5.523721218109131,-0.38301706314086914
1789038614078076700,3.65207666015625,-1.4226064682006836,-5.826130390167236,-1.5967779159545898
1789038614088076500,3.66207666015625,-0.702944278717041,-4.204401016235352,-0.9934353828430176
1789038614098076700,3.67207666015625,-0.15928614139556885,-1.9295964241027832,0.01523590087890625
1789038614108076500,3.68207666015625,0.3041670322418213,-1.231595516204834,0.25422143936157227
1789038614118076700,3.69207666015625,0.010016918182373047,-0.8667373657226562,0.3718233108520508
1789038614128076500,3.70207666015625,-0.40298938751220703,-0.8889155387878418,0.8658418655395508
1789038614138076700,3.71207666015625,-0.41072237491607666,-1.0747489929199219,-0.9084677696228027
1789038614148076500,3.72207666015625,-0.1237025260925293,-1.5447745323181152,-0.5447602272033691
1789038614158076700,3.73207666015625,0.08538758754730225,-1.356222152709961,0.27391719818115234
1789038614168076500,3.74207666015625,0.22504162788391113,1.0192923545837402,-0.6520700454711914
1789038614178076700,3.75207666015625,1.1729214191436768,1.171860694885254,-1.5189299583435059
1789038614188076500,3.76207666015625,-1.1719715595245361,2.4559996128082275,-1.5722107887268066
1789038614198076700,3.77207666015625,-1.8546570539474487,1.1458535194396973,1.3746380805969238
1789038614208076500,3.78207666015625,-0.9697723388671875,0.22391939163208008,1.4996285438537598
1789038614218076700,3.79207666015625,-0.04364430904388428,0.0734567642211914,0.6362690925598145
1789038614228076500,3.80207666015625,-0.08313775062561035,-0.5123023986816406,0.09463691711425781
1789038614238076700,3.81207666015625,-0.8004848957061768,-0.04237794876098633,-1.667038917541504
1789038614248076500,3.82207666015625,-1.2527130842208862,0.9453825950622559,-0.5889263153076172
1789038614258076700,3.83207666015625,-0.8923635482788086,1.0322742462158203,0.6357131004333496
1789038614268076500,3.84207666015625,-0.03901207447052002,0.5830535888671875,-0.15559673309326172
1789038614278076700,3.85207666015625,-0.63352370262146,0.28687620162963867,-0.012179374694824219
1789038614288076500,3.86207666015625,-0.8757951259613037,-0.4147953987121582,0.3165321350097656
1789038614298076700,3.87207666015625,-0.20788121223449707,-1.569352626800537,0.3150167465209961
1789038614308076500,3.88207666015625,2.6530699729919434,-0.679959774017334,-1.1231989860534668
1789038614318076700,3.89207666015625,3.2495899200439453,0.6592726707458496,-0.8389654159545898
1789038614328076500,3.90207666015625,0.6930190324783325,-0.364987850189209,-0.32256555557250977
1789038614338076700,3.91207666015625,-0.5790218114852905,-1.4649295806884766,-0.5665593147277832
1789038614348076500,3.92207666015625,-0.2962486743927002,-2.306295871734619,-1.205514907836914
1789038614358076700,3.93207666015625,0.8037349581718445,-2.728519916534424,-0.9391980171203613
1789038614368076500,3.94207666015625,1.7258436679840088,-3.836294174194336,0.8510599136352539
1789038614378076700,3.95207666015625,1.0893099308013916,-2.5122289657592773,1.560110092163086
1789038614388076500,3.96207666015625,-0.6203765869140625,-0.1695551872253418,1.018287181854248
1789038614398076700,3.97207666015625,-2.837836265563965,1.6636371612548828,-0.13892793655395508
1789038614408076500,3.98207666015625,-2.8030753135681152,1.8166937828063965,-1.6040258407592773
1789038614418076700,3.99207666015625,-0.9094607830047607,1.0701780319213867,-2.1497340202331543
1789038614428076500,4.00207666015625,0.08814263343811035,1.6135730743408203,-0.896761417388916
1789038614438076700,4.01207666015625,1.5562067031860352,2.9217000007629395,0.32620811462402344
1789038614448076500,4.02207666015625,1.2322897911071777,3.1792826652526855,0.7052488327026367
1789038614458076700,4.03207666015625,-0.29155516624450684,3.1907436847686768,1.1669483184814453
1789038614468076500,4.04207666015625,-1.6423485279083252,2.147049903869629,0.7086567878723145
1789038614478076700,4.05207666015625,-0.6037049293518066,0.2164449691772461,-0.5032591819763184
1789038614488076500,4.06207666015625,0.529233455657959,-0.812838077545166,-1.394552230834961
1789038614498076700,4.07207666015625,1.0637521743774414,-1.4930553436279297,-0.01239156723022461
1789038614508076500,4.08207666015625,0.33327221870422363,-1.0129342079162598,-0.9594416618347168
1789038614518076700,4.09207666015625,-0.08675861358642578,-0.39138269424438477,0.35773372650146484
1789038614528076500,4.10207666015625,0.07617568969726562,1.2869186401367188,0.5702519416809082
1789038614538076700,4.11207666015625,0.8644658327102661,1.5890822410583496,-0.5462613105773926
1789038614548076500,4.12207666015625,1.3528259992599487,0.8633780479431152,-0.39841794967651367
1789038614558076700,4.13207666015625,0.6395409107208252,0.40871715545654297,0.4463038444519043
1789038614568076500,4.14207666015625,-0.6194779872894287,-0.006441593170166016,0.6735391616821289
1789038614578076700,4.15207666015625,-1.3816635608673096,-0.2721595764160156,0.5203018188476562
1789038614588076500,4.16207666015625,-0.64872145652771,-0.17065668106079102,0.5698394775390625
1789038614598076700,4.17207666015625,-0.42902517318725586,-1.0192084312438965,0.17854595184326172
1789038614608076500,4.18207666015625,-0.5647842884063721,-2.423377513885498,1.0314569473266602
1789038614618076700,4.19207666015625,-0.14649367332458496,-2.424563407897949,0.8077030181884766
1789038614628076500,4.20207666015625,-0.11434006690979004,-1.6482152938842773,-0.5786056518554688
1789038614638076700,4.21207666015625,0.12430286407470703,-1.8421640396118164,-1.1338162422180176
1789038614648076500,4.22207666015625,0.22406363487243652,-2.0622363090515137,-1.648627758026123
1789038614658076700,4.23207666015625,-0.028717994689941406,-1.7448945045471191,-1.240283489227295
1789038614668076500,4.24207666015625,-0.11283397674560547,-0.09537649154663086,-0.5445952415466309
1789038614678076700,4.25207666015625,-0.2737722396850586,0.07443952560424805,-0.8346314430236816
1789038614688076500,4.26207666015625,-0.4629175662994385,-0.6162824630737305,0.22702455520629883
1789038614698076700,4.27207666015625,0.07649564743041992,-0.6467652320861816,0.5979561805725098
1789038614708076500,4.28207666015625,0.4774618148803711,-1.1487789154052734,0.6157255172729492
1789038614718076700,4.29207666015625,0.8127884864807129,-1.2583208084106445,0.43024444580078125
1789038614728076500,4.30207666015625,0.07538557052612305,0.10210847854614258,0.6647624969482422
1789038614738076700,4.31207666015625,-0.5650382041931152,0.9896969795227051,0.31381893157958984
1789038614748076500,4.32207666015625,-0.8466544151306152,1.4123945236206055,0.016525745391845703
1789038614758076700,4.33207666015625,-0.9765281677246094,1.122194766998291,-0.2793312072753906
1789038614768076500,4.34207666015625,-0.07189416885375977,0.22648859024047852,-1.3663740158081055
1789038614778076700,4.35207666015625,0.33495616912841797,0.3291449546813965,-1.8439807891845703
1789038614788076500,4.36207666015625,0.4183180332183838,0.8268442153930664,-1.046318531036377
1789038614798076700,4.37207666015625,0.3786466121673584,0.7265329360961914,-0.30388307571411133
1789038614808076500,4.38207666015625,0.09441637992858887,0.798588752746582,0.10040140151977539
1789038614818076700,4.39207666015625,-0.18770575523376465,0.24558353424072266,0.42237377166748047
1789038614828076500,4.40207666015625,-0.5887999534606934,0.1964397430419922,1.589381217956543
1789038614838076700,4.41207666015625,-0.758779764175415,0.2616901397705078,2.1369709968566895
1789038614848076500,4.42207666015625,-0.3768322467803955,0.5339503288269043,1.6781620979309082
1789038614858076700,4.43207666015625,-0.20506882667541504,1.0114946365356445,0.9114079475402832
1789038614868076500,4.44207666015625,0.37081480026245117,1.0525593757629395,0.1558074951171875
1789038614878076700,4.45207666015625,0.02567148208618164,2.3043947219848633,1.1120095252990723
1789038614888076500,4.46207666015625,0.04757881164550781,2.96677827835083,0.3566617965698242
1789038614898076700,4.47207666015625,0.15842008590698242,3.4267964363098145,-0.05042695999145508
1789038614908076500,4.48207666015625,-0.0424654483795166,3.4233856201171875,-0.2785024642944336
1789038614918076700,4.49207666015625,-0.015955686569213867,3.7636780738830566,-0.9277787208557129
1789038614928076500,4.50207666015625,0.4769260883331299,3.9140825271606445,-1.3321118354797363
1789038614938076700,4.51207666015625,0.3011927604675293,3.879420757293701,-0.05588483810424805
1789038614948076500,4.52207666015625,0.04813218116760254,3.5733604431152344,-0.05354738235473633
1789038614958076700,4.53207666015625,-0.24563336372375488,2.329336643218994,0.5066561698913574
1789038614968076500,4.54207666015625,-0.053978919982910156,0.1643085479736328,2.622138500213623
1789038614978076700,4.55207666015625,0.7452056407928467,-1.1971817016601562,3.293463706970215
1789038614988076500,4.56207666015625,1.0368149280548096,-2.091904640197754,1.680875301361084
1789038614998076700,4.57207666015625,1.106339931488037,-2.216008186340332,0.12301301956176758
1789038615008076500,4.58207666015625,0.3728199005126953,-2.856919288635254,-0.2740962505340576
1789038615018076700,4.59207666015625,-0.4535958766937256,-2.3622617721557617,-1.026148796081543
1789038615028076500,4.60207666015625,0.1121208667755127,-2.544327735900879,0.48424577713012695
1789038615038076700,4.61207666015625,1.2093980312347412,-4.108463287353516,2.8447728157043457
1789038615048076500,4.62207666015625,0.4878230094909668,-3.3442516326904297,1.4992122650146484
1789038615058076700,4.63207666015625,-0.4994046688079834,-2.6761980056762695,-0.1664443016052246
1789038615068076500,4.64207666015625,-0.34592199325561523,-2.5382080078125,-2.4328885078430176
1789038615078076700,4.65207666015625,-0.3638935089111328,-2.025570869445801,-2.9622533321380615
1789038615088076500,4.66207666015625,-0.01381063461303711,-1.708639144897461,-2.3801767826080322
1789038615098076700,4.67207666015625,1.6761925220489502,-3.8296890258789062,-2.846830129623413
1789038615108076500,4.68207666015625,1.0011682510375977,-2.2636938095092773,-2.2467708587646484
1789038615118076700,4.69207666015625,-0.8347620964050293,-0.006020545959472656,-1.8291738033294678
1789038615128076500,4.70207666015625,0.5157437324523926,-2.813131809234619,-3.1791293621063232
1789038615138076700,4.71207666015625,-0.21141791343688965,0.2674598693847656,-3.6538991928100586
1789038615148076500,4.72207666015625,-0.5763390064239502,-4.046554088592529,1.044219970703125
1789038615158076700,4.73207666015625,1.0980525016784668,-3.9414315223693848,2.6945905685424805
1789038615168076500,4.74207666015625,0.025203943252563477,-3.176004409790039,1.73341703414917
1789038615178076700,4.75207666015625,0.5498390197753906,-2.8071112632751465,0.5276622772216797
1789038615188076500,4.76207666015625,-0.14833474159240723,-2.0582494735717773,-2.3850369453430176
1789038615198076700,4.77207666015625,-1.4190998077392578,-0.9203319549560547,-3.0866003036499023
1789038615208076500,4.78207666015625,-0.8413844108581543,-1.9356865882873535,-1.5202691555023193
1789038615218076700,4.79207666015625,-0.21091628074645996,-2.3867359161376953,0.6858015060424805
1789038615228076500,4.80207666015625,0.18799567222595215,-1.6567120552062988,1.093153476715088
1789038615238076700,4.81207666015625,0.5278089046478271,-1.0973687171936035,0.06157827377319336
1789038615248076500,4.82207666015625,0.8105225563049316,-0.05670499801635742,-1.2766070365905762
1789038615258076700,4.83207666015625,0.08721470832824707,0.8994007110595703,-2.8762049674987793
1789038615268076500,4.84207666015625,-0.29651761054992676,0.4045400619506836,-4.352681636810303
1789038615278076700,4.85207666015625,0.3417980670928955,-1.1534099578857422,-4.2286810874938965
1789038615288076500,4.86207666015625,1.7417092323303223,-0.7761421203613281,-2.768623113632202
1789038615298076700,4.87207666015625,2.418531656265259,-1.3544344902038574,-2.1137301921844482
1789038615308076500,4.88207666015625,0.7772715091705322,-1.2993659973144531,-0.6590051651000977
1789038615318076700,4.89207666015625,0.8803822994232178,-1.9517173767089844,0.860537052154541
1789038615328076500,4.90207666015625,0.7020614147186279,0.2832465171813965,4.348430156707764
1789038615338076700,4.91207666015625,-0.7310199737548828,1.9286212921142578,9.845495223999023
1789038615348076500,4.92207666015625,-0.8408217430114746,3.880352258682251,9.248146057128906
1789038615358076700,4.93207666015625,-0.5430037975311279,5.824101448059082,6.050258636474609
1789038615368076500,4.94207666015625,-0.30471372604370117,6.408229827880859,1.4808664321899414
1789038615378076700,4.95207666015625,-0.443683385848999,7.109226226806641,-2.7803797721862793
1789038615388076500,4.96207666015625,0.0668647289276123,7.32086706161499,-3.5343782901763916
1789038615398076700,4.97207666015625,0.2869246006011963,5.843531131744385,-0.698575496673584
1789038615408076500,4.98207666015625,-0.609792947769165,4.898163318634033,0.739199161529541
1789038615418076700,4.99207666015625,-1.7245566844940186,4.283522129058838,0.9923324584960938
1789038615428076500,5.00207666015625,-1.237522840499878,3.867145299911499,0.7068400382995605
1789038615438076700,5.01207666015625,-0.35683536529541016,3.3553719520568848,0.5939898490905762
1789038615448076500,5.02207666015625,-0.09620785713195801,3.306821823120117,-0.3941383361816406
1789038615458076700,5.03207666015625,0.8476855754852295,3.060136318206787,-2.3164899349212646
1789038615468076500,5.04207666015625,0.5133657455444336,2.9909682273864746,-3.418109893798828
1789038615478076700,5.05207666015625,-0.17305493354797363,3.226449489593506,-2.7324414253234863
1789038615488076500,5.06207666015625,0.06228828430175781,3.378169059753418,-1.5235161781311035
1789038615498076700,5.07207666015625,0.5878987312316895,3.1367721557617188,-0.19713068008422852
1789038615508076500,5.08207666015625,0.7938151359558105,2.622675895690918,0.44703006744384766
1789038615518076700,5.09207666015625,0.06470179557800293,1.5212841033935547,2.499044895172119
1789038615528076500,5.10207666015625,-0.3344542980194092,1.7562484741210938,3.7477622032165527
1789038615538076700,5.11207666015625,-1.5186476707458496,-0.8683242797851562,3.160350799560547
1789038615548076500,5.12207666015625,0.06616449356079102,-0.8660030364990234,0.5241923332214355
1789038615558076700,5.13207666015625,1.1301699876785278,-2.2012948989868164,-0.3764328956604004
1789038615568076500,5.14207666015625,1.273439645767212,-4.312859535217285,-2.1493418216705322
1789038615578076700,5.15207666015625,0.6207342147827148,-4.573668479919434,-1.1437938213348389
1789038615588076500,5.16207666015625,0.9557449817657471,-4.849267959594727,-0.3302137851715088
1789038615598076700,5.17207666015625,1.3749501705169678,-5.361001014709473,0.11558127403259277
1789038615608076500,5.18207666015625,0.8977246284484863,-4.406766891479492,-0.12698101997375488
1789038615618076700,5.19207666015625,0.04952287673950195,-3.2825727462768555,-0.0855569839477539
1789038615628076500,5.20207666015625,-0.7946522235870361,-2.8743371963500977,-0.01464223861694336
1789038615638076700,5.21207666015625,-1.338697910308838,-2.856146812438965,-0.6536619663238525
1789038615648076500,5.22207666015625,-2.4445385932922363,-2.2569684982299805,-0.7208564281463623
1789038615658076700,5.23207666015625,-2.259479284286499,-2.8394460678100586,-0.9768884181976318
1789038615668076500,5.24207666015625,-0.6725192070007324,-2.060755729675293,-1.6723179817199707
1789038615678076700,5.25207666015625,0.3029060363769531,-1.0647554397583008,-1.4742982387542725
1789038615688076500,5.26207666015625,0.42492127418518066,-0.8954944610595703,-2.09128999710083
1789038615698076700,5.27207666015625,-0.09468221664428711,-0.9296283721923828,-1.8549790382385254
1789038615708076500,5.28207666015625,0.39161205291748047,-1.6514930725097656,-2.956181287765503
1789038615718076700,5.29207666015625,0.3231837749481201,-1.913193702697754,-1.5291627645492554
1789038615728076500,5.30207666015625,1.4316940307617188,-3.771500587463379,-3.2160463333129883
1789038615738076700,5.31207666015625,2.1317882537841797,-3.307476043701172,-3.813405990600586
1789038615748076500,5.32207666015625,1.4253290891647339,-1.0241928100585938,-1.9059369564056396
1789038615758076700,5.33207666015625,0.3741745948791504,-0.9572734832763672,-1.4828617572784424
1789038615768076500,5.34207666015625,0.033953189849853516,-0.4669923782348633,-0.9797143936157227
1789038615778076700,5.35207666015625,-0.05454373359680176,1.3064241409301758,0.16024184226989746
1789038615788076500,5.36207666015625,-0.568856954574585,2.4284162521362305,1.068159580230713
1789038615798076700,5.37207666015625,-1.4655864238739014,4.20352840423584,2.2535557746887207
1789038615808076500,5.38207666015625,-3.7613611221313477,6.314422130584717,3.0575568675994873
1789038615818076700,5.39207666015625,0.21440935134887695,3.3684911727905273,0.5677478313446045
1789038615828076500,5.40207666015625,3.6867451667785645,-0.13063716888427734,-1.5171931982040405
1789038615838076700,5.41207666015625,0.16436052322387695,-0.7733135223388672,1.668034553527832
1789038615848076500,5.42207666015625,-0.625434398651123,-0.7222824096679688,0.5736989974975586
1789038615858076700,5.43207666015625,-0.33962225914001465,-0.5138168334960938,0.8974342346191406
1789038615868076500,5.44207666015625,0.4108264446258545,0.5126857757568359,1.4528400897979736
1789038615878076700,5.45207666015625,-0.1465010643005371,1.493398666381836,1.7200453281402588
1789038615888076500,5.46207666015625,-1.2924730777740479,2.7550506591796875,1.7510290145874023
1789038615898076700,5.47207666015625,-1.9594600200653076,4.620766639709473,1.298140525817871
1789038615908076500,5.48207666015625,0.2766237258911133,4.022069931030273,1.9570775032043457
1789038615918076700,5.49207666015625,0.6905713081359863,1.3690476417541504,2.5569164752960205
1789038615928076500,5.50207666015625,-0.08893203735351562,0.7560615539550781,0.24731993675231934
1789038615938076700,5.51207666015625,0.21660161018371582,1.490065097808838,-1.41585373878479
1789038615948076500,5.52207666015625,0.4538555145263672,1.1316757202148438,-0.40574753284454346
1789038615958076700,5.53207666015625,0.8898580074310303,0.24828433990478516,2.3149564266204834
1789038615968076500,5.54207666015625,-2.190398693084717,0.21756649017333984,1.090576410293579
1789038615978076700,5.55207666015625,-0.803847074508667,-0.4247932434082031,-0.8399224877357483
1789038615988076500,5.56207666015625,1.240798830986023,-1.4065532684326172,-2.626833915710449
1789038615998076700,5.57207666015625,0.09573554992675781,-1.8354911804199219,-1.397912859916687
1789038616008076500,5.58207666015625,-0.12130546569824219,-0.3798828125,1.5359026193618774
1789038616018076700,5.59207666015625,0.09730792045593262,0.568450927734375,0.8473731875419617
1789038616028076500,5.60207666015625,0.39389991760253906,-0.5308399200439453,-0.29318001866340637
1789038616038076700,5.61207666015625,1.0217258930206299,-1.395207405090332,-1.9284358024597168
1789038616048076500,5.62207666015625,1.2240262031555176,-2.3061256408691406,-1.392813801765442
1789038616058076700,5.63207666015625,1.089035987854004,-2.656015396118164,-0.6560155153274536
1789038616068076500,5.64207666015625,0.39684057235717773,-2.4477882385253906,-0.24511146545410156
1789038616078076700,5.65207666015625,-0.24344635009765625,-1.5514755249023438,0.6279605627059937
1789038616088076500,5.66207666015625,-1.2060391902923584,-0.2796506881713867,0.9264078140258789
1789038616098076700,5.67207666015625,-1.2292296886444092,0.42233753204345703,0.7207608819007874
1789038616108076500,5.68207666015625,-0.4930739402770996,-0.1865100860595703,0.23353981971740723
1789038616118076700,5.69207666015625,0.13166332244873047,-0.7716264724731445,0.4762994050979614
1789038616128076500,5.70207666015625,-0.05631375312805176,-1.2183780670166016,0.3465224504470825
1789038616138076700,5.71207666015625,-0.5789108276367188,-0.4473838806152344,0.3917192220687866
1789038616148076500,5.72207666015625,-1.1405856609344482,0.08840274810791016,0.4782559871673584
1789038616158076700,5.73207666015625,-1.41587495803833,0.6320505142211914,0.3442889451980591
1789038616168076500,5.74207666015625,-0.9898512363433838,0.19704246520996094,0.1087425947189331
1789038616178076700,5.75207666015625,-0.4769589900970459,-0.2320709228515625,-0.1375594139099121
1789038616188076500,5.76207666015625,0.4161231517791748,-0.9446258544921875,-0.4481015205383301
1789038616198076700,5.77207666015625,0.7076129913330078,-0.7887191772460938,-0.3944716453552246
1789038616208076500,5.78207666015625,0.6332237720489502,0.5817556381225586,-0.04404807090759277
1789038616218076700,5.79207666015625,0.7104463577270508,1.7352705001831055,0.5923323631286621
1789038616228076500,5.80207666015625,0.8301827907562256,1.699690341949463,-0.14800810813903809
1789038616238076700,5.81207666015625,0.015170097351074219,1.5909099578857422,-0.8970634937286377
1789038616248076500,5.82207666015625,-1.1840457916259766,0.8509702682495117,-2.4217190742492676
1789038616258076700,5.83207666015625,-1.2727057933807373,0.3295450210571289,-1.317711591720581
1789038616268076500,5.84207666015625,-1.2601349353790283,1.9447531700134277,-0.4036586284637451
1789038616278076700,5.85207666015625,-1.0552732944488525,-0.669886589050293,-1.1459048986434937
1789038616288076500,5.86207666015625,-0.19594645500183105,-1.7309112548828125,-0.7938270568847656
1789038616298076700,5.87207666015625,0.21968364715576172,-1.1694822311401367,-0.6863551139831543
1789038616308076500,5.88207666015625,0.17696928977966309,-0.7424764633178711,-1.1841742992401123
1789038616318076700,5.89207666015625,-0.3396883010864258,-1.0245561599731445,-1.106368899345398
1789038616328076500,5.90207666015625,-0.5083341598510742,-2.6640357971191406,-1.0435640811920166
1789038616338076700,5.91207666015625,-0.37668800354003906,-2.889476776123047,-0.49228572845458984
1789038616348076500,5.92207666015625,-0.3333170413970947,0.038771629333496094,0.0648500919342041
1789038616358076700,5.93207666015625,-0.7637794017791748,0.9106817245483398,-0.9352929592132568
1789038616368076500,5.94207666015625,0.021160125732421875,0.7494258880615234,-0.7286022901535034
1789038616378076700,5.95207666015625,0.8618113994598389,0.05022430419921875,0.1394960880279541
1789038616388076500,5.96207666015625,0.6839962005615234,-0.6973361968994141,0.7163764834403992
1789038616398076700,5.97207666015625,0.12372446060180664,-0.4314718246459961,1.3489677906036377
1789038616408076500,5.98207666015625,0.044496774673461914,-0.9347362518310547,0.9669453501701355
1789038616418076700,5.99207666015625,0.057607412338256836,-0.5322504043579102,0.6887637972831726
1789038616428076500,6.00207666015625,0.1333174705505371,-0.3361330032348633,0.5236995220184326
1789038616438076700,6.01207666015625,0.2013707160949707,-0.0384368896484375,0.627807080745697
1789038616448076500,6.02207666015625,-0.012988805770874023,-0.09212017059326172,0.1794431209564209
1789038616458076700,6.03207666015625,-0.9684031009674072,-0.043402671813964844,-0.01615118980407715
1789038616468076500,6.04207666015625,-0.1420431137084961,-0.04101085662841797,0.32073211669921875
1789038616478076700,6.05207666015625,0.40805912017822266,-0.48302268981933594,-0.027120232582092285
1789038616488076500,6.06207666015625,0.3231184482574463,-0.4705238342285156,0.06528151035308838
1789038616498076700,6.07207666015625,0.536168098449707,-0.7531232833862305,0.22201502323150635
1789038616508076500,6.08207666015625,0.691133975982666,-0.6198186874389648,0.02458786964416504
1789038616518076700,6.09207666015625,-0.1178903579711914,-0.21955013275146484,-0.12936782836914062
1789038616528076500,6.10207666015625,-0.6195075511932373,0.25348377227783203,-0.20720815658569336
1789038616538076700,6.11207666015625,-0.4871656894683838,-0.9137563705444336,-0.643578827381134
1789038616548076500,6.12207666015625,-0.15112972259521484,-0.45351314544677734,-0.1698194146156311
1789038616558076700,6.13207666015625,-0.18323445320129395,-0.2298269271850586,-0.2316078543663025
1789038616568076500,6.14207666015625,0.0049533843994140625,-0.013575553894042969,-0.6870800256729126
1789038616578076700,6.15207666015625,0.11151313781738281,-0.3873758316040039,-0.9400923252105713
1789038616588076500,6.16207666015625,0.3333554267883301,-0.7150592803955078,-0.7430242896080017
1789038616598076700,6.17207666015625,0.36240410804748535,-0.6826076507568359,-0.1794583797454834
1789038616608076500,6.18207666015625,0.30510830879211426,-0.36289310455322266,-0.6996474266052246
1789038616618076700,6.19207666015625,-0.5088391304016113,0.08902359008789062,-1.4077231884002686
1789038616628076500,6.20207666015625,-0.15831398963928223,0.6305685043334961,-1.1655611991882324
1789038616638076700,6.21207666015625,0.20196533203125,0.8057594299316406,-1.3070693016052246
1789038616648076500,6.22207666015625,-0.19689106941223145,0.5528621673583984,-1.7474509477615356
1789038616658076700,6.23207666015625,-0.24047422409057617,0.25367069244384766,-1.5882567167282104
1789038616668076500,6.24207666015625,-0.4703218936920166,0.04568195343017578,-0.8431154489517212
1789038616678076700,6.25207666015625,-0.6640558242797852,0.7610044479370117,-0.07800671458244324
1789038616688076500,6.26207666015625,-3.8893911838531494,-0.24953079223632812,-0.5556972026824951
1789038616698076700,6.27207666015625,-0.19409656524658203,-0.3267087936401367,1.7094810009002686
1789038616708076500,6.28207666015625,2.639573335647583,0.02721405029296875,-0.4856177568435669
1789038616718076700,6.29207666015625,0.8065640926361084,-0.7474994659423828,-0.555390477180481
1789038616728076500,6.30207666015625,-1.0091850757598877,-0.9636898040771484,-0.5705645680427551
1789038616738076700,6.31207666015625,-1.5515079498291016,-0.6269550323486328,-0.6491127610206604
1789038616748076500,6.32207666015625,-1.3916552066802979,-0.08843517303466797,-0.12473130226135254
1789038616758076700,6.33207666015625,-1.1016523838043213,0.4541292190551758,0.3019276261329651
1789038616768076500,6.34207666015625,-0.5063419342041016,0.8486318588256836,1.3897173404693604
1789038616778076700,6.35207666015625,-0.08830118179321289,0.6872825622558594,1.7017792463302612
1789038616788076500,6.36207666015625,0.15718698501586914,0.3808937072753906,1.365911841392517
1789038616798076700,6.37207666015625,0.6129686832427979,0.7209253311157227,0.8171805143356323
1789038616808076500,6.38207666015625,1.0830237865447998,1.3965110778808594,0.6023874282836914
1789038616818076700,6.39207666015625,1.0954217910766602,1.5012445449829102,0.40674889087677
1789038616828076500,6.40207666015625,0.8778741359710693,1.322434425354004,0.27767038345336914
1789038616838076700,6.41207666015625,0.707796573638916,1.4390716552734375,0.22765129804611206
1789038616848076500,6.42207666015625,0.6665494441986084,1.790909767150879,0.45830926299095154
1789038616858076700,6.43207666015625,0.5016653537750244,2.2917327880859375,0.47598230838775635
1789038616868076500,6.44207666015625,0.36432838439941406,2.5146942138671875,0.22734147310256958
1789038616878076700,6.45207666015625,0.2734823226928711,2.665799140930176,0.18999077379703522
1789038616888076500,6.46207666015625,0.21730399131774902,2.519608497619629,0.10758086293935776
1789038616898076700,6.47207666015625,0.13108372688293457,1.7408885955810547,0.09886132180690765
1789038616908076500,6.48207666015625,-0.06885600090026855,0.7494525909423828,0.1733352243900299
1789038616918076700,6.49207666015625,-0.31659889221191406,-0.12281322479248047,0.45839229226112366
1789038616928076500,6.50207666015625,-0.46672940254211426,-1.361166000366211,-0.14950206875801086
1789038616938076700,6.51207666015625,-0.5730440616607666,-2.407719612121582,-0.4828656315803528
1789038616948076500,6.52207666015625,-0.5643184185028076,-2.6591148376464844,-0.4249000549316406
1789038616958076700,6.53207666015625,-1.0293447971343994,-1.487391471862793,-0.278044730424881
1789038616968076500,6.54207666015625,-0.8008506298065186,-1.575270652770996,-0.3812340795993805
1789038616978076700,6.55207666015625,-0.3568155765533447,-1.5004024505615234,-0.436870813369751
1789038616988076500,6.56207666015625,-0.533318281173706,-0.8359861373901367,-0.38788139820098877
1789038616998076700,6.57207666015625,-0.7526466846466064,-0.02746295928955078,-0.4711398482322693
1789038617008076500,6.58207666015625,-0.7898950576782227,0.13591861724853516,-0.681369423866272
1789038617018076700,6.59207666015625,-0.5849313735961914,0.6082649230957031,-0.8561285138130188
1789038617028076500,6.60207666015625,-0.41079211235046387,0.66510009765625,-0.7090504765510559
1789038617038076700,6.61207666015625,-0.17397475242614746,0.2597379684448242,-0.41367971897125244
1789038617048076500,6.62207666015625,0.0594484806060791,-0.3090953826904297,-0.48834872245788574
1789038617058076700,6.63207666015625,0.12082028388977051,-0.47005271911621094,-0.34333014488220215
1789038617068076500,6.64207666015625,-0.08813309669494629,-0.5712814331054688,-0.4977770149707794
1789038617078076700,6.65207666015625,-0.13495516777038574,-0.7595300674438477,-0.6534818410873413
1789038617088076500,6.66207666015625,-0.13376545906066895,-0.9991827011108398,-0.6216371655464172
1789038617098076700,6.67207666015625,-0.2864415645599365,-0.8479623794555664,-0.4468538761138916
1789038617108076500,6.68207666015625,-0.28852272033691406,-0.6454057693481445,-0.6146902441978455
1789038617118076700,6.69207666015625,-0.35190820693969727,-0.3242778778076172,-0.6826569437980652
1789038617128076500,6.70207666015625,-0.366896390914917,-0.22792530059814453,-0.9568231105804443
1789038617138076700,6.71207666015625,-0.21600866317749023,0.05789375305175781,-0.48640334606170654
1789038617148076500,6.72207666015625,-0.11713886260986328,0.5567703247070312,-0.2944325804710388
1789038617158076700,6.73207666015625,-0.12095165252685547,0.7016782760620117,-0.11107656359672546
1789038617168076500,6.74207666015625,0.009185314178466797,0.6525306701660156,0.02831314504146576
1789038617178076700,6.75207666015625,0.1059880256652832,0.851994514465332,0.12065547704696655
1789038617188076500,6.76207666015625,0.1414177417755127,0.9478311538696289,0.2299007922410965
1789038617198076700,6.77207666015625,0.021834611892700195,0.7606697082519531,0.13603217899799347
1789038617208076500,6.78207666015625,0.002544879913330078,0.45928478240966797,0.10114537179470062
1789038617218076700,6.79207666015625,0.03578758239746094,0.15860271453857422,0.006413131952285767
1789038617228076500,6.80207666015625,0.07837247848510742,0.09425735473632812,-0.049604788422584534
1789038617238076700,6.81207666015625,0.18929290771484375,0.1668844223022461,0.01791137456893921
1789038617248076500,6.82207666015625,0.28026628494262695,0.14084911346435547,0.035439133644104004
1789038617258076700,6.83207666015625,0.19002103805541992,-0.09226226806640625,0.13604559004306793
1789038617268076500,6.84207666015625,0.10707831382751465,-0.14076995849609375,-0.042848050594329834
1789038617278076700,6.85207666015625,0.11744332313537598,-0.32697105407714844,-0.1686531901359558
1789038617288076500,6.86207666015625,0.09810447692871094,-0.5131893157958984,-0.2611989974975586
1789038617298076700,6.87207666015625,0.11304473876953125,-0.5767383575439453,-0.3427899479866028
1789038617308076500,6.88207666015625,-0.0019004344940185547,-0.692744255065918,-0.5544646382331848
1789038617318076700,6.89207666015625,-0.13426637649536133,-0.6708555221557617,-0.6887692809104919
1789038617328076500,6.90207666015625,-0.12371110916137695,-0.3744239807128906,-0.7889539003372192
1789038617338076700,6.91207666015625,0.06734514236450195,-0.06055164337158203,-0.7986757755279541
1789038617348076500,6.92207666015625,0.26163220405578613,0.2583904266357422,-0.5983970165252686
1789038617358076700,6.93207666015625,0.2941017150878906,0.33426761627197266,-0.5544570684432983
1789038617368076500,6.94207666015625,0.08046650886535645,0.1596851348876953,-0.8073890805244446
1789038617378076700,6.95207666015625,-0.09162592887878418,-0.010334968566894531,-0.8165513277053833
1789038617388076500,6.96207666015625,-0.16215872764587402,-0.3578023910522461,-0.7300862073898315
1789038617398076700,6.97207666015625,-0.09359455108642578,-0.5738248825073242,-0.4671877324581146
1789038617408076500,6.98207666015625,0.06683969497680664,-0.5744199752807617,-0.09175197780132294
1789038617418076700,6.99207666015625,0.22944092750549316,-0.3027973175048828,0.40391936898231506
1789038617428076500,7.00207666015625,0.04841470718383789,0.05969715118408203,0.37195923924446106
1789038617438076700,7.01207666015625,0.002645730972290039,-0.07531261444091797,-0.12707169353961945
1789038617448076500,7.02207666015625,0.058477163314819336,-0.3572254180908203,-0.2557094395160675
1789038617458076700,7.03207666015625,0.09110784530639648,-0.3320884704589844,-0.13754211366176605
1789038617468076500,7.04207666015625,0.1370382308959961,-0.1393108367919922,0.6288653016090393
1789038617478076700,7.05207666015625,0.22515511512756348,0.0703878402709961,0.7586957812309265
1789038617488076500,7.06207666015625,0.15493464469909668,0.23160934448242188,0.5279988646507263
1789038617498076700,7.07207666015625,0.1214745044708252,0.08122825622558594,0.1306578814983368
1789038617508076500,7.08207666015625,0.009562969207763672,-0.026611328125,-0.19919481873512268
1789038617518076700,7.09207666015625,-0.10175108909606934,-0.00417327880859375,-0.35819011926651
1789038617528076500,7.10207666015625,-0.17853522300720215,0.05431652069091797,-0.3239581286907196
1789038617538076700,7.11207666015625,-0.08426284790039062,0.05537128448486328,-0.24257399141788483
1789038617548076500,7.12207666015625,0.1057894229888916,-0.02239704132080078,-0.143559992313385
1789038617558076700,7.13207666015625,0.15006017684936523,0.014209747314453125,-0.07120950520038605
1789038617568076500,7.14207666015625,0.14173579216003418,0.1926412582397461,-0.07891491055488586
1789038617578076700,7.15207666015625,0.1187429428100586,0.4094047546386719,-0.08311435580253601
1789038617588076500,7.16207666015625,-0.06435799598693848,0.5180826187133789,-0.058090753853321075
1789038617598076700,7.17207666015625,-0.14893603324890137,0.5976276397705078,0.03361067175865173
1789038617608076500,7.18207666015625,-0.20946002006530762,0.5080881118774414,0.004845485091209412
1789038617618076700,7.19207666015625,-0.11744809150695801,0.37148189544677734,-0.011836916208267212
1789038617628076500,7.20207666015625,0.015132904052734375,0.50067138671875,0.1225966066122055
1789038617638076700,7.21207666015625,0.15242218971252441,0.784886360168457,0.35945165157318115
1789038617648076500,7.22207666015625,0.08240389823913574,0.8326244354248047,0.5765249729156494
1789038617658076700,7.23207666015625,-0.0018477439880371094,0.5716476440429688,0.5298707485198975
1789038617668076500,7.24207666015625,0.0954291820526123,0.3729820251464844,0.030162721872329712
1789038617678076700,7.25207666015625,0.03954148292541504,-0.05735588073730469,-0.15505999326705933
1789038617688076500,7.26207666015625,0.15674972534179688,-0.7655258178710938,-0.27003899216651917
1789038617698076700,7.27207666015625,0.21775293350219727,-1.1793937683105469,-0.21705682575702667
1789038617708076500,7.28207666015625,0.11405658721923828,-0.9512853622436523,0.911585807800293
1789038617718076700,7.29207666015625,0.20744848251342773,-0.41140079498291016,1.116991639137268
1789038617728076500,7.30207666015625,0.14488840103149414,-0.1115102767944336,0.6433700323104858
1789038617738076700,7.31207666015625,0.1148078441619873,0.017442703247070312,0.4780384302139282
1789038617748076500,7.32207666015625,-0.040413618087768555,-0.09154987335205078,0.4198588728904724
1789038617758076700,7.33207666015625,-0.00392460823059082,0.05334949493408203,0.9040499329566956
1789038617768076500,7.34207666015625,0.32589125633239746,-0.17435836791992188,0.3780730962753296
1789038617778076700,7.35207666015625,0.07256412506103516,-0.6134023666381836,-0.22611817717552185
1789038617788076500,7.36207666015625,-0.13549566268920898,-0.6691560745239258,-0.4663259983062744
1789038617798076700,7.37207666015625,-0.34532999992370605,-0.6407308578491211,-0.6395438313484192
1789038617808076500,7.38207666015625,-0.4893343448638916,-0.5602235794067383,-0.7510253190994263
1789038617818076700,7.39207666015625,-0.671118974685669,-0.2687692642211914,-0.4925430417060852
1789038617828076500,7.40207666015625,-0.8278079032897949,0.14886188507080078,-0.037833474576473236
1789038617838076700,7.41207666015625,-0.8391721248626709,0.27591896057128906,0.21869368851184845
1789038617848076500,7.42207666015625,-0.7297971248626709,0.06662559509277344,-0.03427370637655258
1789038617858076700,7.43207666015625,-0.40767884254455566,-0.033904075622558594,-0.2881893217563629
1789038617868076500,7.44207666015625,0.058309078216552734,-0.06427001953125,0.015371143817901611
1789038617878076700,7.45207666015625,0.41641759872436523,-0.2507143020629883,0.6164374947547913
1789038617888076500,7.46207666015625,0.7195141315460205,-0.24708080291748047,0.7804498076438904
1789038617898076700,7.47207666015625,0.7368736267089844,-0.0350341796875,0.6566909551620483
1789038617908076500,7.48207666015625,0.7084219455718994,0.15947818756103516,0.33475375175476074
1789038617918076700,7.49207666015625,0.4445195198059082,0.17314434051513672,0.02846863865852356
1789038617928076500,7.50207666015625,0.2526211738586426,-0.018466949462890625,-0.27362555265426636
1789038617938076700,7.51207666015625,0.33685851097106934,-0.3484344482421875,-0.3174569606781006
1789038617948076500,7.52207666015625,0.7798800468444824,-0.5231046676635742,-0.41557735204696655
1789038617958076700,7.53207666015625,0.2686469554901123,-0.7505550384521484,-0.27422574162483215
1789038617968076500,7.54207666015625,-0.4374392032623291,-1.016256332397461,0.15774020552635193
1789038617978076700,7.55207666015625,-0.6818399429321289,-0.9705104827880859,0.23720186948776245
1789038617988076500,7.56207666015625,-0.8376383781433105,-0.7201356887817383,0.3455938994884491
1789038617998076700,7.57207666015625,-0.9146580696105957,-0.4677438735961914,0.5592859983444214
1789038618008076500,7.58207666015625,-0.8474936485290527,-0.000820159912109375,0.32523301243782043
1789038618018076700,7.59207666015625,-0.8313360214233398,0.3938140869140625,0.35513362288475037
1789038618028076500,7.60207666015625,-0.5644619464874268,0.6029167175292969,0.22289356589317322
1789038618038076700,7.61207666015625,-0.13196825981140137,0.7228298187255859,0.12050533294677734
1789038618048076500,7.62207666015625,0.06856918334960938,0.6286640167236328,-0.39869534969329834
1789038618058076700,7.63207666015625,0.25765156745910645,0.3511772155761719,-0.24372756481170654
1789038618068076500,7.64207666015625,0.5080020427703857,0.10994529724121094,0.1619545817375183
1789038618078076700,7.65207666015625,0.6876780986785889,-0.23657989501953125,-0.800347089767456
1789038618088076500,7.66207666015625,0.6171965599060059,-0.5960798263549805,-0.8394820690155029
1789038618098076700,7.67207666015625,0.7273421287536621,-0.7622385025024414,-0.5786538124084473
1789038618108076500,7.68207666015625,0.7916861772537231,-0.6238155364990234,-0.3096463084220886
1789038618118076700,7.69207666015625,0.7789324522018433,-0.2586498260498047,-0.6049534678459167
1789038618128076500,7.70207666015625,0.7922525405883789,-0.05596351623535156,-0.5171258449554443
1789038618138076700,7.71207666015625,0.5983388423919678,0.19846343994140625,-0.41942644119262695
1789038618148076500,7.72207666015625,0.2895045280456543,0.34667110443115234,-0.19138658046722412
1789038618158076700,7.73207666015625,-0.03493809700012207,0.3318023681640625,-0.024154633283615112
1789038618168076500,7.74207666015625,-0.30951738357543945,0.24267578125,0.06854614615440369
1789038618178076700,7.75207666015625,-0.49805712699890137,-0.008816719055175781,0.1892525851726532
1789038618188076500,7.76207666015625,-0.5566835403442383,-0.27457618713378906,0.19547736644744873
1789038618198076700,7.77207666015625,-0.5782070159912109,-0.4617938995361328,0.16921821236610413
1789038618208076500,7.78207666015625,-0.5016789436340332,-0.5086250305175781,0.12168285250663757
1789038618218076700,7.79207666015625,-0.39812445640563965,-0.5103530883789062,0.14104744791984558
1789038618228076500,7.80207666015625,-0.2508530616760254,-0.4146299362182617,0.1929023265838623
1789038618238076700,7.81207666015625,-0.03920555114746094,-0.2910127639770508,0.16233354806900024
1789038618248076500,7.82207666015625,0.13721084594726562,-0.14969921112060547,0.1512250006198883
1789038618258076700,7.83207666015625,0.29935288429260254,-0.0077991485595703125,0.03956639766693115
1789038618268076500,7.84207666015625,0.39813828468322754,0.10372734069824219,0.057919055223464966
1789038618278076700,7.85207666015625,0.4635190963745117,0.10460472106933594,0.16440173983573914
1789038618288076500,7.86207666015625,0.48479294776916504,0.06936454772949219,-0.005246669054031372
1789038618298076700,7.87207666015625,0.4325234889984131,0.07003211975097656,0.10508757829666138
1789038618308076500,7.88207666015625,0.3277873992919922,0.11047077178955078,0.037493884563446045
1789038618318076700,7.89207666015625,0.2166919708251953,0.04336738586425781,0.07016462087631226
1789038618328076500,7.90207666015625,0.11268448829650879,-0.07308197021484375,-0.017963409423828125
1789038618338076700,7.91207666015625,0.05411410331726074,-0.1779804229736328,-0.10291323065757751
1789038618348076500,7.92207666015625,-0.004751920700073242,-0.17722034454345703,0.03523057699203491
1789038618358076700,7.93207666015625,-0.04704546928405762,-0.28749847412109375,-0.24766111373901367
1789038618368076500,7.94207666015625,-0.12298893928527832,-0.26786231994628906,-0.19971072673797607
1789038618378076700,7.95207666015625,-0.2038731575012207,-0.394256591796875,-0.1617339849472046
1789038618388076500,7.96207666015625,-0.2414700984954834,-0.47974586486816406,-0.18383270502090454
1789038618398076700,7.97207666015625,-0.360079288482666,-0.4427642822265625,-0.29105502367019653
1789038618408076500,7.98207666015625,-0.42113280296325684,-0.49829769134521484,-0.280731737613678
1789038618418076700,7.99207666015625,-0.42046618461608887,-0.5014209747314453,-0.23497629165649414
1789038618428076500,8.00207666015625,-0.35727643966674805,-0.39251041412353516,-0.22185587882995605
1789038618438076700,8.01207666015625,-0.24312782287597656,-0.4062232971191406,-0.18996822834014893
1789038618448076500,8.02207666015625,-0.11908888816833496,-0.37822723388671875,-0.09963494539260864
1789038618458076700,8.03207666015625,-0.20943260192871094,-0.5317306518554688,0.12827026844024658
1789038618468076500,8.04207666015625,-0.31708240509033203,-0.4894876480102539,0.3295952081680298
1789038618478076700,8.05207666015625,-0.4045236110687256,-0.5869808197021484,0.572123110294342
1789038618488076500,8.06207666015625,-0.33932018280029297,-0.6603889465332031,0.8424076437950134
1789038618498076700,8.07207666015625,-0.39345502853393555,-0.7145528793334961,1.1322684288024902
1789038618508076500,8.08207666015625,-0.38828587532043457,-0.6057729721069336,1.3916504383087158
1789038618518076700,8.09207666015625,-0.3332674503326416,-0.43143749237060547,1.121405005455017
1789038618528076500,8.10207666015625,-0.053812265396118164,-0.31934547424316406,0.9733344316482544
1789038618538076700,8.11207666015625,0.20083403587341309,-0.3742532730102539,1.1191463470458984
1789038618548076500,8.12207666015625,0.43125152587890625,-0.6096878051757812,1.3656115531921387
1789038618558076700,8.13207666015625,0.19610381126403809,-0.3915262222290039,1.0953235626220703
1789038618568076500,8.14207666015625,-0.4034442901611328,-0.4851551055908203,0.7496645450592041
1789038618578076700,8.15207666015625,-0.5606203079223633,-0.8015966415405273,0.9243019819259644
1789038618588076500,8.16207666015625,-0.41148900985717773,-1.1851377487182617,1.3887524604797363
1789038618598076700,8.17207666015625,-0.5769853591918945,-2.147366523742676,1.0247535705566406
1789038618608076500,8.18207666015625,-0.32808899879455566,-2.478374481201172,0.49402689933776855
1789038618618076700,8.19207666015625,-0.473071813583374,-2.4072818756103516,-0.20909059047698975
1789038618628076500,8.20207666015625,-0.39270973205566406,-2.8592910766601562,0.12496793270111084
1789038618638076700,8.21207666015625,0.09350156784057617,-2.797182083129883,0.6710860729217529
1789038618648076500,8.22207666015625,0.3422524929046631,-2.3173398971557617,0.6110553741455078
1789038618658076700,8.23207666015625,0.22790312767028809,-1.1567440032958984,-0.008768796920776367
1789038618668076500,8.24207666015625,0.7018241882324219,0.16962051391601562,-0.7782599925994873
1789038618678076700,8.25207666015625,1.1402299404144287,1.1863017082214355,-1.354750156402588
1789038618688076500,8.26207666015625,2.0974490642547607,2.05092716217041,-1.5545117855072021
1789038618698076700,8.27207666015625,2.6072771549224854,2.521023750305176,-1.6572155952453613
1789038618708076500,8.28207666015625,2.734407663345337,2.452755928039551,-1.554262638092041
1789038618718076700,8.29207666015625,2.3301291465759277,2.076385021209717,-1.2350590229034424
1789038618728076500,8.30207666015625,1.7623896598815918,1.0529260635375977,-0.7850642204284668
1789038618738076700,8.31207666015625,1.5858068466186523,0.23424196243286133,-0.3330843448638916
1789038618748076500,8.32207666015625,1.6003608703613281,-0.3861207962036133,-0.12673497200012207
1789038618758076700,8.33207666015625,1.4076180458068848,-0.7500572204589844,0.2510058879852295
1789038618768076500,8.34207666015625,1.0591113567352295,-0.16800737380981445,0.127183198928833
1789038618778076700,8.35207666015625,0.20573091506958008,0.1455674171447754,-0.4032256603240967
1789038618788076500,8.36207666015625,0.0906672477722168,0.7599577903747559,-1.2804746627807617
1789038618798076700,8.37207666015625,-0.351043701171875,1.1288766860961914,-1.7896907329559326
1789038618808076500,8.38207666015625,-0.5664081573486328,1.3593168258666992,-2.445120096206665
1789038618818076700,8.39207666015625,-0.32532358169555664,1.5198755264282227,-3.287207841873169
1789038618828076500,8.40207666015625,-0.2705879211425781,1.3844976425170898,-3.066943645477295
1789038618838076700,8.41207666015625,-0.2312474250793457,1.0728497505187988,-3.1084601879119873
1789038618848076500,8.42207666015625,-0.20347881317138672,0.2625546455383301,-2.4908015727996826
1789038618858076700,8.43207666015625,-0.41898202896118164,-0.31228160858154297,-2.1885604858398438
1789038618868076500,8.44207666015625,-0.29227399826049805,-0.4928731918334961,-1.9618208408355713
1789038618878076700,8.45207666015625,0.09362220764160156,-0.4628596305847168,-2.2274274826049805
1789038618888076500,8.46207666015625,-0.2043018341064453,-0.28583621978759766,-2.498467206954956
1789038618898076700,8.47207666015625,-0.9215340614318848,-0.3089718818664551,-3.024296760559082
1789038618908076500,8.48207666015625,-1.1667146682739258,-0.22524356842041016,-2.7140421867370605
1789038618918076700,8.49207666015625,-0.7692475318908691,-0.36483287811279297,-2.1991512775421143
1789038618928076500,8.50207666015625,-0.3998851776123047,-0.555694580078125,-1.9812438488006592
1789038618938076700,8.51207666015625,-0.4825739860534668,-0.7519431114196777,-1.667121410369873
1789038618948076500,8.52207666015625,-0.8461666107177734,-0.9650282859802246,-1.3034331798553467
1789038618958076700,8.53207666015625,-1.1526427268981934,-0.946631908416748,-1.02940034866333
1789038618968076500,8.54207666015625,-1.1936979293823242,-0.9872732162475586,-1.0410256385803223
1789038618978076700,8.55207666015625,-1.0532431602478027,-0.9282999038696289,-0.7500715255737305
1789038618988076500,8.56207666015625,-0.9277410507202148,-0.8241686820983887,-0.619605302810669
1789038618998076700,8.57207666015625,-0.8913054466247559,-0.6977567672729492,-0.43442201614379883
1789038619008076500,8.58207666015625,-0.7814149856567383,-0.5407748222351074,-0.09550285339355469
1789038619018076700,8.59207666015625,-0.7762370109558105,-0.3678860664367676,0.19733190536499023
1789038619028076500,8.60207666015625,-0.680056095123291,-0.058214664459228516,0.2787821292877197
1789038619038076700,8.61207666015625,-0.5342411994934082,0.12343263626098633,0.31577563285827637
1789038619048076500,8.62207666015625,-0.1911487579345703,0.40863609313964844,0.2846989631652832
1789038619058076700,8.63207666015625,-0.014782905578613281,0.4605097770690918,0.14012527465820312
1789038619068076500,8.64207666015625,0.09253168106079102,0.37244129180908203,0.6123807430267334
1789038619078076700,8.65207666015625,-0.06255912780761719,0.46723461151123047,0.4422905445098877
1789038619088076500,8.66207666015625,-0.11151409149169922,0.5167636871337891,0.4427058696746826
1789038619098076700,8.67207666015625,-0.21876859664916992,0.2257828712463379,0.5973942279815674
1789038619108076500,8.68207666015625,-0.063812255859375,-0.044693946838378906,0.6461310386657715
1789038619118076700,8.69207666015625,0.024494171142578125,-0.19542312622070312,0.547947883605957
1789038619128076500,8.70207666015625,0.09326171875,-0.3493771553039551,0.6558189392089844
1789038619138076700,8.71207666015625,0.0685420036315918,-0.4698934555053711,0.680086612701416
1789038619148076500,8.72207666015625,0.04918098449707031,-0.5241880416870117,0.5873775482177734
1789038619158076700,8.73207666015625,0.045255184173583984,-0.5426778793334961,0.6405293941497803
1789038619168076500,8.74207666015625,0.29580211639404297,-0.6969189643859863,0.8012332916259766
1789038619178076700,8.75207666015625,0.4415626525878906,-0.6074132919311523,0.9679198265075684
1789038619188076500,8.76207666015625,0.4910144805908203,-0.0841217041015625,0.6752750873565674
1789038619198076700,8.77207666015625,0.1499180793762207,0.2642521858215332,0.9327883720397949
1789038619208076500,8.78207666015625,-0.2140665054321289,0.2957339286804199,1.0101876258850098
1789038619218076700,8.79207666015625,-0.46331214904785156,-0.024425506591796875,1.1455411911010742
1789038619228076500,8.80207666015625,-0.2540402412414551,-0.2626991271972656,1.4097564220428467
1789038619238076700,8.81207666015625,-0.22214460372924805,-0.7052125930786133,1.908031702041626
1789038619248076500,8.82207666015625,-0.12839746475219727,-0.3638744354248047,0.9133431911468506
1789038619258076700,8.83207666015625,-0.37578868865966797,-0.13359975814819336,0.717038631439209
1789038619268076500,8.84207666015625,-0.523043155670166,0.43756532669067383,-0.06332063674926758
1789038619278076700,8.85207666015625,-0.5895490646362305,0.29197072982788086,-0.13058829307556152
1789038619288076500,8.86207666015625,-0.19396305084228516,0.2877383232116699,-0.3119649887084961
1789038619298076700,8.87207666015625,0.29462671279907227,0.43763303756713867,-0.682265043258667
1789038619308076500,8.88207666015625,0.43673133850097656,-0.05106830596923828,-0.09709644317626953
1789038619318076700,8.89207666015625,0.23940801620483398,-0.03988075256347656,0.5065767765045166
1789038619328076500,8.90207666015625,-0.043227195739746094,-0.10566139221191406,0.2180328369140625
1789038619338076700,8.91207666015625,-0.26999998092651367,-0.009568214416503906,0.577338695526123
1789038619348076500,8.92207666015625,-0.4860982894897461,-0.026847362518310547,0.6123147010803223
1789038619358076700,8.93207666015625,-0.06088733673095703,0.2223949432373047,1.0203614234924316
1789038619368076500,8.94207666015625,0.5676374435424805,0.5004425048828125,1.6568455696105957
1789038619378076700,8.95207666015625,1.0440254211425781,0.7278761863708496,2.408012866973877
1789038619388076500,8.96207666015625,0.9013886451721191,0.46003007888793945,3.081162452697754
1789038619398076700,8.97207666015625,1.3600516319274902,0.678743839263916,1.8723211288452148
1789038619408076500,8.98207666015625,0.8353166580200195,0.657951831817627,2.0710701942443848
1789038619418076700,8.99207666015625,0.6744256019592285,0.604243278503418,1.3569626808166504
1789038619428076500,9.00207666015625,0.2152385711669922,0.2573580741882324,0.5360941886901855
1789038619438076700,9.01207666015625,-0.5052375793457031,0.11948347091674805,0.3951430320739746
1789038619448076500,9.02207666015625,-1.6512999534606934,-0.4472775459289551,0.9017457962036133
1789038619458076700,9.03207666015625,-1.6805543899536133,-0.8546977043151855,-0.13455581665039062
1789038619468076500,9.04207666015625,-0.8538188934326172,-0.9895339012145996,0.007648468017578125
1789038619478076700,9.05207666015625,0.25324201583862305,-0.5017194747924805,-0.5025577545166016
1789038619488076500,9.06207666015625,0.5110740661621094,-0.1423187255859375,-0.42677974700927734
1789038619498076700,9.07207666015625,0.17144775390625,0.3296198844909668,-0.3898172378540039
1789038619508076500,9.08207666015625,-0.23015642166137695,0.5108532905578613,0.037039756774902344
1789038619518076700,9.09207666015625,-0.7382297515869141,0.1451706886291504,-0.020566463470458984
1789038619528076500,9.10207666015625,-1.0160202980041504,0.032501220703125,-0.4553251266479492
1789038619538076700,9.11207666015625,-0.8421077728271484,-0.05264902114868164,-1.0838422775268555
1789038619548076500,9.12207666015625,-0.1931924819946289,-0.2624807357788086,-0.9737639427185059
1789038619558076700,9.13207666015625,0.42937469482421875,-0.31412792205810547,-1.0238831043243408
1789038619568076500,9.14207666015625,0.5444917678833008,-0.14996910095214844,-1.049516201019287
1789038619578076700,9.15207666015625,0.10184192657470703,-0.13517093658447266,-1.0206685066223145
1789038619588076500,9.16207666015625,-0.012674808502197266,0.055689334869384766,-1.050173282623291
1789038619598076700,9.17207666015625,-0.012215137481689453,0.4407157897949219,-1.4759550094604492
1789038619608076500,9.18207666015625,-0.15103578567504883,0.5202908515930176,-1.470533847808838
1789038619618076700,9.19207666015625,0.11726999282836914,0.8095850944519043,-1.9899406433105469
1789038619628076500,9.20207666015625,0.11132526397705078,0.9671344757080078,-1.6868796348571777
1789038619638076700,9.21207666015625,0.27623462677001953,1.0409598350524902,-1.7305293083190918
1789038619648076500,9.22207666015625,0.528172492980957,1.0469703674316406,-1.4603667259216309
1789038619658076700,9.23207666015625,0.7595181465148926,1.183032512664795,-1.2709710597991943
1789038619668076500,9.24207666015625,0.6415433883666992,1.2359042167663574,-1.0947728157043457
1789038619678076700,9.25207666015625,0.40076637268066406,1.5229673385620117,-1.2216954231262207
1789038619688076500,9.26207666015625,0.04895830154418945,1.4521198272705078,-1.150818109512329
1789038619698076700,9.27207666015625,0.1661539077758789,1.3001103401184082,-0.9422037601470947
1789038619708076500,9.28207666015625,0.4188961982727051,1.222311019897461,-0.7214360237121582
1789038619718076700,9.29207666015625,0.5918712615966797,1.106337547302246,-0.5888116359710693
1789038619728076500,9.30207666015625,0.5872316360473633,0.9923162460327148,-0.3638930320739746
1789038619738076700,9.31207666015625,0.5577855110168457,0.9203968048095703,-0.12493133544921875
1789038619748076500,9.32207666015625,0.3120408058166504,1.0472383499145508,0.13857078552246094
1789038619758076700,9.33207666015625,0.08452510833740234,1.237287998199463,0.22844409942626953
1789038619768076500,9.34207666015625,0.0699915885925293,1.408440113067627,0.3303055763244629
1789038619778076700,9.35207666015625,0.12410926818847656,1.5326647758483887,0.6753458976745605
1789038619788076500,9.36207666015625,0.3239145278930664,1.670842170715332,0.5044889450073242
1789038619798076700,9.37207666015625,0.7199082374572754,1.7959251403808594,0.5050654411315918
1789038619808076500,9.38207666015625,1.0757927894592285,1.7966117858886719,0.44024181365966797
1789038619818076700,9.39207666015625,1.2959842681884766,1.7244057655334473,0.794743537902832
1789038619828076500,9.40207666015625,1.2235984802246094,1.7064485549926758,1.223520278930664
1789038619838076700,9.41207666015625,1.2357254028320312,1.8754634857177734,1.0710110664367676
1789038619848076500,9.42207666015625,0.6790189743041992,1.964148998260498,0.7809357643127441
1789038619858076700,9.43207666015625,-0.2694110870361328,1.4451923370361328,1.8886504173278809
1789038619868076500,9.44207666015625,-0.5396227836608887,0.9904894828796387,2.0640029907226562
1789038619878076700,9.45207666015625,-1.0614252090454102,0.21172189712524414,2.2517199516296387
1789038619888076500,9.46207666015625,-1.3536176681518555,-0.6915011405944824,1.6828117370605469
1789038619898076700,9.47207666015625,-1.129652976989746,-0.964472770690918,0.5850214958190918
1789038619908076500,9.48207666015625,-0.2923250198364258,0.11065244674682617,-0.881572961807251
1789038619918076700,9.49207666015625,0.536747932434082,1.5652217864990234,-1.7663156986236572
1789038619928076500,9.50207666015625,0.8654084205627441,2.405520439147949,-1.4573049545288086
1789038619938076700,9.51207666015625,1.062112808227539,2.298290729522705,-0.4932103157043457
1789038619948076500,9.52207666015625,0.7677321434020996,1.9544429779052734,-0.42582106590270996
1789038619958076700,9.53207666015625,0.2129197120666504,1.422050952911377,-0.80810546875
1789038619968076500,9.54207666015625,0.2606382369995117,0.952817440032959,-0.5415530204772949
1789038619978076700,9.55207666015625,0.004729747772216797,0.7154941558837891,-0.8542332649230957
1789038619988076500,9.56207666015625,-0.7068243026733398,0.5393376350402832,-0.3712778091430664
1789038619998076700,9.57207666015625,-1.4458613395690918,0.3857994079589844,0.3412899971008301
1789038620008076500,9.58207666015625,-1.1602320671081543,0.10549736022949219,0.7298626899719238
1789038620018076700,9.59207666015625,-0.38674259185791016,-0.29930782318115234,0.9151802062988281
1789038620028076500,9.60207666015625,0.014744281768798828,-0.475862979888916,1.0654277801513672
1789038620038076700,9.61207666015625,-0.1864023208618164,-0.4161195755004883,0.9294312000274658
1789038620048076500,9.62207666015625,-0.9033093452453613,-0.21935701370239258,0.6292934417724609
1789038620058076700,9.63207666015625,-1.515195369720459,-0.1830306053161621,0.570289134979248
1789038620068076500,9.64207666015625,-1.8296480178833008,-0.24762296676635742,0.474215030670166
1789038620078076700,9.65207666015625,-1.7944059371948242,-0.2240157127380371,0.4648129940032959
1789038620088076500,9.66207666015625,-1.7892742156982422,-0.1042947769165039,0.5856389999389648
1789038620098076700,9.67207666015625,-1.7062740325927734,0.01293325424194336,0.8985371589660645
1789038620108076500,9.68207666015625,-1.6352753639221191,0.2272047996520996,1.05926513671875
1789038620118076700,9.69207666015625,-1.5250287055969238,0.3886384963989258,1.301940679550171
1789038620128076500,9.70207666015625,-1.195070743560791,0.6892275810241699,1.2073431015014648
1789038620138076700,9.71207666015625,-0.9428896903991699,0.8023614883422852,1.2313742637634277
1789038620148076500,9.72207666015625,-0.7353415489196777,0.8475565910339355,1.1119036674499512
1789038620158076700,9.73207666015625,-0.46138906478881836,0.906071662902832,0.9216923713684082
1789038620168076500,9.74207666015625,-0.3617687225341797,0.9104743003845215,0.9191756248474121
1789038620178076700,9.75207666015625,-0.5580220222473145,0.9418830871582031,0.7995705604553223
1789038620188076500,9.76207666015625,-0.8466277122497559,0.9893980026245117,0.792125940322876
1789038620198076700,9.77207666015625,-0.9262032508850098,0.9872279167175293,0.98046875
1789038620208076500,9.78207666015625,-1.125779628753662,1.0540552139282227,1.1165156364440918
1789038620218076700,9.79207666015625,-1.2663803100585938,1.1387338638305664,1.0478012561798096
1789038620228076500,9.80207666015625,-1.1910829544067383,1.286428451538086,0.953829288482666
1789038620238076700,9.81207666015625,-1.2231993675231934,1.3314809799194336,0.7884271144866943
1789038620248076500,9.82207666015625,-1.1921677589416504,1.1730403900146484,0.7538259029388428
1789038620258076700,9.83207666015625,-1.260383129119873,0.952517032623291,0.5087158679962158
1789038620268076500,9.84207666015625,-1.3174052238464355,0.7069320678710938,0.519089937210083
1789038620278076700,9.85207666015625,-1.2599425315856934,0.5460724830627441,0.7634115219116211
1789038620288076500,9.86207666015625,-1.3861989974975586,0.3078794479370117,0.7980325222015381
1789038620298076700,9.87207666015625,-1.5096745491027832,0.05727720260620117,1.1205105781555176
1789038620308076500,9.88207666015625,-1.397961139678955,-0.038738250732421875,1.2404203414916992
1789038620318076700,9.89207666015625,-1.221348762512207,0.020315170288085938,1.2304706573486328
1789038620328076500,9.90207666015625,-0.9836716651916504,0.44752073287963867,0.9859085083007812
1789038620338076700,9.91207666015625,-1.1643962860107422,0.8327169418334961,0.9207131862640381
1789038620348076500,9.92207666015625,-1.267263412475586,1.199758529663086,0.8084478378295898
1789038620358076700,9.93207666015625,-1.452944278717041,1.3733716011047363,0.629340410232544
1789038620368076500,9.94207666015625,-1.3810620307922363,1.3361129760742188,0.6766324043273926
1789038620378076700,9.95207666015625,-1.0672731399536133,1.1441774368286133,0.7030811309814453
1789038620388076500,9.96207666015625,-0.9460663795471191,0.9499187469482422,0.7255332469940186
1789038620398076700,9.97207666015625,-0.8785386085510254,0.7452902793884277,0.4828634262084961
1789038620408076500,9.98207666015625,-0.8440237045288086,0.4783496856689453,0.5234394073486328
1789038620418076700,9.99207666015625,-0.5373730659484863,0.12607479095458984,0.5587410926818848
1789038620428076500,10.00207666015625,-0.39510154724121094,-0.11969375610351562,0.2100210189819336
1789038620438076700,10.01207666015625,-0.3197464942932129,-0.31156349182128906,0.11907148361206055
1789038620448076500,10.02207666015625,-0.22064447402954102,-0.3765840530395508,-0.1231679916381836
1789038620458076700,10.03207666015625,-0.4982919692993164,-0.2694225311279297,-0.33459901809692383
1789038620468076500,10.04207666015625,-0.6397757530212402,-0.021715164184570312,-0.35338807106018066
1789038620478076700,10.05207666015625,-0.5205419063568115,0.3302125930786133,-0.5297784805297852
1789038620488076500,10.06207666015625,-0.5261397361755371,0.7376880645751953,-0.6203827857971191
1789038620498076700,10.07207666015625,-0.3907344341278076,1.1876201629638672,-0.6141300201416016
1789038620508076500,10.08207666015625,-0.10987377166748047,1.5387272834777832,-0.8168435096740723
1789038620518076700,10.09207666015625,-0.23973774909973145,1.6781749725341797,-1.0087366104125977
1789038620528076500,10.10207666015625,-0.10718178749084473,1.7840919494628906,-1.0240674018859863
1789038620538076700,10.11207666015625,0.08031105995178223,1.4695138931274414,-0.669597864151001
1789038620548076500,10.12207666015625,0.42375802993774414,1.075760841369629,-0.6220636367797852
1789038620558076700,10.13207666015625,0.6292157173156738,0.5940065383911133,-0.2793254852294922
1789038620568076500,10.14207666015625,0.6123678684234619,0.17284011840820312,-0.19112300872802734
1789038620578076700,10.15207666015625,0.8140256404876709,-0.24145793914794922,0.28501057624816895
1789038620588076500,10.16207666015625,1.1260266304016113,-0.5992717742919922,1.0077571868896484
1789038620598076700,10.17207666015625,1.1189355850219727,-0.8115730285644531,1.00838303565979
1789038620608076500,10.18207666015625,0.8309128284454346,-1.0109663009643555,1.6048791408538818
1789038620618076700,10.19207666015625,0.49235987663269043,-1.3378524780273438,2.458487033843994
1789038620628076500,10.20207666015625,0.22689580917358398,-1.4214353561401367,2.9626924991607666
1789038620638076700,10.21207666015625,0.08300447463989258,-1.3365497589111328,2.8670856952667236
1789038620648076500,10.22207666015625,-0.37459611892700195,-1.2492494583129883,2.876148223876953
1789038620658076700,10.23207666015625,-0.8541247844696045,-1.2334709167480469,2.8209426403045654
1789038620668076500,10.24207666015625,-0.9675633907318115,-1.189366340637207,2.8182828426361084
1789038620678076700,10.25207666015625,-0.7908315658569336,-1.0592479705810547,2.129241466522217
1789038620688076500,10.26207666015625,-0.7825086116790771,-0.8140726089477539,1.7715504169464111
1789038620698076700,10.27207666015625,-0.6225910186767578,-0.6008462905883789,1.3194479942321777
1789038620708076500,10.28207666015625,-0.47861146926879883,-0.3732137680053711,0.711723804473877
1789038620718076700,10.29207666015625,-0.6046640872955322,-0.34232425689697266,0.46862196922302246
1789038620728076500,10.30207666015625,-0.4113023281097412,-0.3975706100463867,0.622391939163208
1789038620738076700,10.31207666015625,0.06664752960205078,-0.4603404998779297,0.10056138038635254
1789038620748076500,10.32207666015625,0.33675718307495117,-0.514805793762207,-0.2558329105377197
1789038620758076700,10.33207666015625,0.29047656059265137,-0.17866897583007812,-0.96795654296875
1789038620768076500,10.34207666015625,0.3248419761657715,0.09575557708740234,-1.3259153366088867
1789038620778076700,10.35207666015625,0.6060502529144287,0.3532438278198242,-1.658360242843628
1789038620788076500,10.36207666015625,0.695087194442749,0.615211009979248,-1.8614096641540527
1789038620798076700,10.37207666015625,0.6346402168273926,0.643559455871582,-1.8271960020065308
1789038620808076500,10.38207666015625,0.40352392196655273,0.5574684143066406,-1.5353386402130127
1789038620818076700,10.39207666015625,0.43738865852355957,0.4843721389770508,-1.6356747150421143
1789038620828076500,10.40207666015625,0.3908863067626953,0.3706235885620117,-1.3339285850524902
1789038620838076700,10.41207666015625,0.2520792484283447,0.1709423065185547,-0.9448487758636475
1789038620848076500,10.42207666015625,-0.11693477630615234,-0.035744667053222656,-1.0639009475708008
1789038620858076700,10.43207666015625,-0.2452831268310547,-0.26456260681152344,-0.5105843544006348
1789038620868076500,10.44207666015625,-0.1194620132446289,-0.5770168304443359,-0.28670668601989746
1789038620878076700,10.45207666015625,-0.19938921928405762,-0.5745525360107422,-0.7150704860687256
1789038620888076500,10.46207666015625,-0.36111903190612793,-0.42711544036865234,-0.538902759552002
1789038620898076700,10.47207666015625,-0.6006155014038086,-0.2300872802734375,-0.7175605297088623
1789038620908076500,10.48207666015625,-0.34664130210876465,-0.1575918197631836,-0.6866137981414795
1789038620918076700,10.49207666015625,-0.33963942527770996,-0.11481285095214844,-0.5537729263305664
1789038620928076500,10.50207666015625,-0.6692547798156738,-0.2020578384399414,-0.1349337100982666
1789038620938076700,10.51207666015625,-0.7794334888458252,-0.3797273635864258,0.28712964057922363
1789038620948076500,10.52207666015625,-0.5039899349212646,-0.6091842651367188,0.7106890678405762
1789038620958076700,10.53207666015625,-0.2014176845550537,-0.7267923355102539,1.19411039352417
1789038620968076500,10.54207666015625,-0.10376167297363281,-0.8215312957763672,0.9730567932128906
1789038620978076700,10.55207666015625,-0.05752921104431152,-0.7731924057006836,0.6977195739746094
1789038620988076500,10.56207666015625,-0.030095338821411133,-0.6359195709228516,0.5588462352752686
1789038620998076700,10.57207666015625,-0.10595178604125977,-0.5303211212158203,0.3267550468444824
1789038621008076500,10.58207666015625,-0.5111730098724365,-0.48050403594970703,0.45296287536621094
1789038621018076700,10.59207666015625,-0.48021721839904785,-0.31640148162841797,0.8697509765625
1789038621028076500,10.60207666015625,-0.028862714767456055,-0.04717254638671875,1.0945324897766113
1789038621038076700,10.61207666015625,-0.008457183837890625,0.30335426330566406,0.9137446880340576
1789038621048076500,10.62207666015625,0.018860340118408203,0.6661925315856934,0.7668867111206055
1789038621058076700,10.63207666015625,-0.014980554580688477,0.9044003486633301,0.5460386276245117
1789038621068076500,10.64207666015625,0.019237518310546875,0.9479813575744629,0.4040055274963379
1789038621078076700,10.65207666015625,0.031909942626953125,0.7324886322021484,0.6975846290588379
1789038621088076500,10.66207666015625,0.049794912338256836,0.32279396057128906,1.0663914680480957
1789038621098076700,10.67207666015625,0.385831356048584,0.024011611938476562,1.0819129943847656
1789038621108076500,10.68207666015625,0.5348446369171143,-0.22360801696777344,0.8953533172607422
1789038621118076700,10.69207666015625,0.6602444648742676,-0.38585758209228516,0.7059674263000488
1789038621128076500,10.70207666015625,0.571401834487915,-0.48670196533203125,0.3917860984802246
1789038621138076700,10.71207666015625,0.39467954635620117,-0.5975284576416016,0.18892574310302734
1789038621148076500,10.72207666015625,0.41583919525146484,-0.7099704742431641,-0.009005069732666016
1789038621158076700,10.73207666015625,0.3042144775390625,-0.7828207015991211,-0.08825349807739258
1789038621168076500,10.74207666015625,0.10201287269592285,-0.7541799545288086,-0.2018752098083496
1789038621178076700,10.75207666015625,-0.011906623840332031,-0.7554693222045898,-0.1766529083251953
1789038621188076500,10.76207666015625,0.4425647258758545,-0.7155494689941406,0.06611204147338867
1789038621198076700,10.77207666015625,0.9221518039703369,-0.6142787933349609,0.21985483169555664
1789038621208076500,10.78207666015625,1.1136016845703125,-0.5069675445556641,0.31210899353027344
1789038621218076700,10.79207666015625,1.0903983116149902,-0.22997188568115234,0.18064451217651367
1789038621228076500,10.80207666015625,0.9568741321563721,0.02402210235595703,0.46249914169311523
1789038621238076700,10.81207666015625,1.0833992958068848,0.27924633026123047,0.5230026245117188
1789038621248076500,10.82207666015625,1.2361810207366943,0.2042989730834961,0.7965130805969238
1789038621258076700,10.83207666015625,1.6787978410720825,0.19717788696289062,0.9321169853210449
1789038621268076500,10.84207666015625,1.758520245552063,0.32775402069091797,0.807856559753418
1789038621278076700,10.85207666015625,1.6278009414672852,0.6262693405151367,0.5444588661193848
1789038621288076500,10.86207666015625,1.397626280784607,0.9037199020385742,0.3013286590576172
1789038621298076700,10.87207666015625,1.0948386192321777,1.0120658874511719,0.1386418342590332
1789038621308076500,10.88207666015625,0.8220078945159912,1.052206039428711,0.17400741577148438
1789038621318076700,10.89207666015625,0.6099293231964111,0.9681577682495117,0.32210683822631836
1789038621328076500,10.90207666015625,0.5226190090179443,0.7395153045654297,0.5641942024230957
1789038621338076700,10.91207666015625,0.6428937911987305,0.5736513137817383,0.6019315719604492
1789038621348076500,10.92207666015625,0.7285106182098389,0.4315519332885742,0.7617678642272949
1789038621358076700,10.93207666015625,0.823279857635498,0.39535045623779297,0.8975186347961426
1789038621368076500,10.94207666015625,0.8824639320373535,0.26194286346435547,1.006086826324463
1789038621378076700,10.95207666015625,1.171846866607666,0.23384857177734375,0.9857959747314453
1789038621388076500,10.96207666015625,1.2611337900161743,0.24897480010986328,0.7747430801391602
1789038621398076700,10.97207666015625,1.1822972297668457,0.19379901885986328,0.3751997947692871
1789038621408076500,10.98207666015625,1.0624549388885498,-0.02228832244873047,0.16753005981445312
1789038621418076700,10.99207666015625,1.010246992111206,-0.3812837600708008,0.3224649429321289
1789038621428076500,11.00207666015625,0.9170384407043457,-0.8886184692382812,0.471494197845459
1789038621438076700,11.01207666015625,0.779787540435791,-1.4792242050170898,0.4938039779663086
1789038621448076500,11.02207666015625,0.5486247539520264,-1.949737548828125,0.40419435501098633
1789038621458076700,11.03207666015625,0.34302473068237305,-1.9969053268432617,-0.08976602554321289
1789038621468076500,11.04207666015625,0.0784006118774414,-1.7375755310058594,-0.6972458362579346
1789038621478076700,11.05207666015625,0.01842331886291504,-1.3571500778198242,-1.2953414916992188
1789038621488076500,11.06207666015625,0.2787647247314453,-0.9543619155883789,-1.5507721900939941
1789038621498076700,11.07207666015625,0.6832659244537354,-0.5845441818237305,-0.9463934898376465
1789038621508076500,11.08207666015625,0.7214436531066895,-0.1576986312866211,-0.6298372745513916
1789038621518076700,11.09207666015625,0.556894063949585,0.41671180725097656,-0.16913270950317383
1789038621528076500,11.10207666015625,0.42290329933166504,0.9908256530761719,-0.13438868522644043
1789038621538076700,11.11207666015625,0.4237864017486572,1.322617530822754,-0.3495473861694336
1789038621548076500,11.12207666015625,0.33085131645202637,1.0424985885620117,-0.13939356803894043
1789038621558076700,11.13207666015625,0.2699286937713623,0.6602463722229004,-0.08118486404418945
1789038621568076500,11.14207666015625,0.4926309585571289,0.3366985321044922,0.16842222213745117
1789038621578076700,11.15207666015625,0.677696704864502,0.17941761016845703,0.2090003490447998
1789038621588076500,11.16207666015625,0.6588563919067383,-0.009552955627441406,0.4260385036468506
1789038621598076700,11.17207666015625,0.5901670455932617,-0.024288177490234375,0.5127696990966797
1789038621608076500,11.18207666015625,0.8078141212463379,-0.06576824188232422,0.6700694561004639
1789038621618076700,11.19207666015625,0.9779829978942871,0.1078481674194336,0.4967472553253174
1789038621628076500,11.20207666015625,1.0460960865020752,0.1842355728149414,0.41596531867980957
1789038621638076700,11.21207666015625,0.9918859004974365,0.2623167037963867,0.3988039493560791
1789038621648076500,11.22207666015625,0.8439745903015137,0.3324251174926758,0.4145941734313965
1789038621658076700,11.23207666015625,0.5960497856140137,0.2973928451538086,0.5301573276519775
1789038621668076500,11.24207666015625,0.4268648624420166,0.3133220672607422,0.4445939064025879
1789038621678076700,11.25207666015625,0.3498039245605469,0.3540964126586914,0.40739011764526367
1789038621688076500,11.26207666015625,0.36276912689208984,0.29953765869140625,0.3747062683105469
1789038621698076700,11.27207666015625,0.525780200958252,-0.03961944580078125,0.6110055446624756
1789038621708076500,11.28207666015625,0.7576613426208496,-0.15473270416259766,0.5785150527954102
1789038621718076700,11.29207666015625,0.8915243148803711,-0.005085945129394531,0.17441678047180176
1789038621728076500,11.30207666015625,0.8831274509429932,0.11120891571044922,-0.045941829681396484
1789038621738076700,11.31207666015625,0.8935258388519287,0.09727001190185547,-0.2554459571838379
1789038621748076500,11.32207666015625,0.91501784324646,-0.08295822143554688,-0.5035874843597412
1789038621758076700,11.33207666015625,0.8328030109405518,-0.2530784606933594,-0.6168613433837891
1789038621768076500,11.34207666015625,0.6536743640899658,-0.3858613967895508,-0.7241301536560059
1789038621778076700,11.35207666015625,0.5754709243774414,-0.46240234375,-0.7641241550445557
1789038621788076500,11.36207666015625,0.4497101306915283,-0.5399408340454102,-0.6273031234741211
1789038621798076700,11.37207666015625,0.46042823791503906,-0.4913616180419922,-0.5116376876831055
1789038621808076500,11.38207666015625,0.451824426651001,-0.33878040313720703,-0.7139053344726562
1789038621818076700,11.39207666015625,0.3460226058959961,-0.2842741012573242,-0.5191936492919922
1789038621828076500,11.40207666015625,0.35642218589782715,-0.2678823471069336,-0.3353850841522217
1789038621838076700,11.41207666015625,0.3149888515472412,-0.33762359619140625,-0.17750859260559082
1789038621848076500,11.42207666015625,0.2578904628753662,-0.3900165557861328,-0.04742002487182617
1789038621858076700,11.43207666015625,0.24379944801330566,-0.3748493194580078,0.17503094673156738
1789038621868076500,11.44207666015625,0.2076280117034912,-0.30368518829345703,0.20304274559020996
1789038621878076700,11.45207666015625,0.2944145202636719,-0.2992277145385742,0.2082972526550293
1789038621888076500,11.46207666015625,0.3342478275299072,-0.38939571380615234,0.18639874458312988
1789038621898076700,11.47207666015625,0.4199051856994629,-0.5230569839477539,0.2755873203277588
1789038621908076500,11.48207666015625,0.4364902973175049,-0.5919055938720703,0.3633899688720703
1789038621918076700,11.49207666015625,0.3564925193786621,-0.6050071716308594,0.48572587966918945
1789038621928076500,11.50207666015625,0.22933602333068848,-0.586085319519043,0.5825629234313965
1789038621938076700,11.51207666015625,0.12425923347473145,-0.5385227203369141,0.6836080551147461
1789038621948076500,11.52207666015625,0.1116786003112793,-0.5464811325073242,0.7119021415710449
1789038621958076700,11.53207666015625,0.09628748893737793,-0.5450010299682617,0.7821497917175293
1789038621968076500,11.54207666015625,0.1322324275970459,-0.6423740386962891,0.6919231414794922
1789038621978076700,11.55207666015625,0.15346980094909668,-0.6080999374389648,0.6047325134277344
1789038621988076500,11.56207666015625,0.21169066429138184,-0.5206756591796875,0.399569034576416
1789038621998076700,11.57207666015625,0.2412874698638916,-0.47221946716308594,0.25884294509887695
1789038622008076500,11.58207666015625,0.1774892807006836,-0.2611808776855469,0.1548151969909668
1789038622018076700,11.59207666015625,0.09227681159973145,0.025178909301757812,-0.010464668273925781
1789038622028076500,11.60207666015625,0.06487464904785156,0.2648439407348633,-0.10284900665283203
1789038622038076700,11.61207666015625,0.07555603981018066,0.32688379287719727,-0.11707305908203125
1789038622048076500,11.62207666015625,0.13029813766479492,0.3634529113769531,-0.1253952980041504
1789038622058076700,11.63207666015625,0.1901228427886963,0.2895841598510742,-0.19793939590454102
1789038622068076500,11.64207666015625,0.2805304527282715,0.27907752990722656,-0.11558055877685547
1789038622078076700,11.65207666015625,0.3232395648956299,0.21726608276367188,-0.1855635643005371
1789038622088076500,11.66207666015625,0.35000109672546387,0.17951011657714844,-0.18843936920166016
1789038622098076700,11.67207666015625,0.30397677421569824,0.07789993286132812,-0.28679513931274414
1789038622108076500,11.68207666015625,0.21133637428283691,-0.054412841796875,-0.33343029022216797
1789038622118076700,11.69207666015625,0.08962464332580566,-0.1815042495727539,-0.3112602233886719
1789038622128076500,11.70207666015625,0.013753414154052734,-0.2882070541381836,-0.27400732040405273
1789038622138076700,11.71207666015625,0.05914711952209473,-0.45651912689208984,-0.1631317138671875
1789038622148076500,11.72207666015625,0.1355724334716797,-0.6393718719482422,-0.048932552337646484
1789038622158076700,11.73207666015625,0.0897512435913086,-0.8024969100952148,0.12972688674926758
1789038622168076500,11.74207666015625,-0.04817843437194824,-0.9061079025268555,0.29108333587646484
1789038622178076700,11.75207666015625,-0.16148924827575684,-0.8248996734619141,0.35161876678466797
1789038622188076500,11.76207666015625,-0.22876715660095215,-0.6165180206298828,0.3991856575012207
1789038622198076700,11.77207666015625,-0.28723788261413574,-0.37345218658447266,0.39188385009765625
1789038622208076500,11.78207666015625,-0.3004627227783203,-0.15700626373291016,0.39636754989624023
1789038622218076700,11.79207666015625,-0.24586701393127441,-0.11952590942382812,0.5128130912780762
1789038622228076500,11.80207666015625,-0.27520084381103516,-0.24432754516601562,0.6621522903442383
1789038622238076700,11.81207666015625,-0.24422502517700195,-0.4575929641723633,0.9002385139465332
1789038622248076500,11.82207666015625,-0.2176520824432373,-0.750244140625,1.169102668762207
1789038622258076700,11.83207666015625,-0.2085285186767578,-1.1391868591308594,1.3753910064697266
1789038622268076500,11.84207666015625,-0.18596959114074707,-1.2539081573486328,1.500258445739746
1789038622278076700,11.85207666015625,-0.11374735832214355,-1.3150835037231445,1.4735965728759766
1789038622288076500,11.86207666015625,-0.07189822196960449,-0.8900413513183594,1.2806425094604492
1789038622298076700,11.87207666015625,-0.10549020767211914,-0.22908306121826172,0.9003634452819824
1789038622308076500,11.88207666015625,-0.041676998138427734,0.5373392105102539,0.5913257598876953
1789038622318076700,11.89207666015625,0.2430424690246582,1.1496152877807617,0.18816804885864258
1789038622328076500,11.90207666015625,0.5473601818084717,1.470141887664795,-0.24653339385986328
1789038622338076700,11.91207666015625,0.6558568477630615,1.5839943885803223,-0.5115318298339844
1789038622348076500,11.92207666015625,0.6454601287841797,1.6174993515014648,-0.6531414985656738
1789038622358076700,11.93207666015625,0.6170845031738281,1.5849742889404297,-0.6154160499572754
1789038622368076500,11.94207666015625,0.5234837532043457,1.5105853080749512,-0.21830224990844727
1789038622378076700,11.95207666015625,0.2945742607116699,1.7409634590148926,0.09867334365844727
1789038622388076500,11.96207666015625,0.02167487144470215,2.1881585121154785,0.1152811050415039
1789038622398076700,11.97207666015625,-0.21880745887756348,2.787966251373291,0.026334285736083984
1789038622408076500,11.98207666015625,-0.31580185890197754,3.2911343574523926,-0.32372093200683594
1789038622418076700,11.99207666015625,-0.3628835678100586,3.465730667114258,-0.38372087478637695
1789038622428076500,12.00207666015625,-0.39369797706604004,3.3479490280151367,-0.1742563247680664
1789038622438076700,12.01207666015625,-0.2804105281829834,3.047177314758301,-0.09003877639770508
1789038622448076500,12.02207666015625,-0.03820943832397461,2.400163173675537,0.10074615478515625
1789038622458076700,12.03207666015625,0.15669584274291992,1.5658149719238281,0.27568483352661133
1789038622468076500,12.04207666015625,0.15619850158691406,0.655980110168457,0.5996818542480469
1789038622478076700,12.05207666015625,0.13922929763793945,-0.24269533157348633,1.0951714515686035
1789038622488076500,12.06207666015625,0.11807680130004883,-1.1743135452270508,1.6512174606323242
1789038622498076700,12.07207666015625,0.18703079223632812,-1.8326563835144043,2.0337910652160645
1789038622508076500,12.08207666015625,0.27144932746887207,-2.2227444648742676,2.1948018074035645
1789038622518076700,12.09207666015625,0.05158638954162598,-2.3892955780029297,2.1967668533325195
1789038622528076500,12.10207666015625,-0.2572197914123535,-2.409055709838867,1.975593090057373
1789038622538076700,12.11207666015625,-0.2657036781311035,-2.387120246887207,1.4903712272644043
1789038622548076500,12.12207666015625,-0.14482378959655762,-2.185610294342041,0.8268208503723145
1789038622558076700,12.13207666015625,0.0037250518798828125,-1.8866195678710938,0.1126246452331543
1789038622568076500,12.14207666015625,0.1580181121826172,-1.6579999923706055,-0.4469337463378906
1789038622578076700,12.15207666015625,0.41233038902282715,-1.492382526397705,-0.9527039527893066
1789038622588076500,12.16207666015625,0.7468352317810059,-1.254082202911377,-1.3715009689331055
1789038622598076700,12.17207666015625,1.0079991817474365,-0.8604440689086914,-1.5245990753173828
1789038622608076500,12.18207666015625,1.1777665615081787,-0.41881513595581055,-1.6672916412353516
1789038622618076700,12.19207666015625,1.055532455444336,0.11257219314575195,-1.973520278930664
1789038622628076500,12.20207666015625,0.6646411418914795,0.6328797340393066,-1.9680700302124023
1789038622638076700,12.21207666015625,0.2263469696044922,1.1803312301635742,-1.7631134986877441
1789038622648076500,12.22207666015625,-0.09136772155761719,1.542801856994629,-1.5273852348327637
1789038622658076700,12.23207666015625,-0.20651745796203613,1.7700848579406738,-1.3453683853149414
1789038622668076500,12.24207666015625,-0.18876171112060547,1.8179259300231934,-1.077519416809082
1789038622678076700,12.25207666015625,-0.13031625747680664,1.9275074005126953,-0.9577198028564453
1789038622688076500,12.26207666015625,-0.16898703575134277,1.889394760131836,-0.5414896011352539
1789038622698076700,12.27207666015625,0.09555315971374512,1.5850043296813965,-0.24459028244018555
1789038622708076500,12.28207666015625,0.30237364768981934,1.0665335655212402,0.2288665771484375
1789038622718076700,12.29207666015625,0.30519986152648926,0.5023608207702637,0.4304666519165039
1789038622728076500,12.30207666015625,0.23680973052978516,0.03279256820678711,0.40222644805908203
1789038622738076700,12.31207666015625,-0.04399394989013672,-0.46567201614379883,0.40717601776123047
1789038622748076500,12.32207666015625,-0.14732837677001953,-0.5378265380859375,0.1541152000427246
1789038622758076700,12.33207666015625,-0.4087255001068115,-0.6631026268005371,0.5180420875549316
1789038622768076500,12.34207666015625,-0.482421875,-0.7541203498840332,0.4688549041748047
1789038622778076700,12.35207666015625,-0.44651079177856445,-0.7798724174499512,0.5059928894042969
1789038622788076500,12.36207666015625,-0.3795318603515625,-0.9400010108947754,0.6192188262939453
1789038622798076700,12.37207666015625,-0.3452625274658203,-0.912261962890625,0.44027233123779297
1789038622808076500,12.38207666015625,-0.4866163730621338,-0.9532637596130371,0.5630860328674316
1789038622818076700,12.39207666015625,-0.7572002410888672,-1.0837655067443848,0.5334548950195312
1789038622828076500,12.40207666015625,-0.8544192314147949,-1.1077604293823242,0.6728992462158203
1789038622838076700,12.41207666015625,-0.8900172710418701,-1.2035188674926758,0.49477386474609375
1789038622848076500,12.42207666015625,-0.9363725185394287,-1.3325371742248535,0.7651166915893555
1789038622858076700,12.43207666015625,-0.9150323867797852,-1.150832176208496,0.524409294128418
1789038622868076500,12.44207666015625,-0.7645587921142578,-0.8134961128234863,0.1306157112121582
1789038622878076700,12.45207666015625,-0.9892077445983887,-0.5896177291870117,-0.16417455673217773
1789038622888076500,12.46207666015625,-0.9317405223846436,-0.2258443832397461,-0.04541921615600586
1789038622898076700,12.47207666015625,-0.6696891784667969,0.13862180709838867,-0.11485052108764648
1789038622908076500,12.48207666015625,-0.5914733409881592,0.2270340919494629,0.20213890075683594
1789038622918076700,12.49207666015625,-0.47279834747314453,0.11439371109008789,0.7043838500976562
1789038622928076500,12.50207666015625,-0.20151329040527344,0.047826290130615234,0.4346961975097656
1789038622938076700,12.51207666015625,-0.0859525203704834,0.027660369873046875,0.7069029808044434
1789038622948076500,12.52207666015625,0.035584211349487305,-0.10016584396362305,1.260995864868164
1789038622958076700,12.53207666015625,0.1992053985595703,-0.24280691146850586,1.1263656616210938
1789038622968076500,12.54207666015625,0.3575594425201416,-0.15389537811279297,0.7933950424194336
1789038622978076700,12.55207666015625,0.38365864753723145,0.035714149475097656,0.931643009185791
1789038622988076500,12.56207666015625,0.5024340152740479,0.22739028930664062,0.5053009986877441
1789038622998076700,12.57207666015625,0.3856625556945801,0.5106415748596191,-0.14656972885131836
1789038623008076500,12.58207666015625,0.4157979488372803,0.8136553764343262,-0.5769000053405762
1789038623018076700,12.59207666015625,0.21860003471374512,0.8459177017211914,-0.44219160079956055
1789038623028076500,12.60207666015625,0.37018489837646484,0.8386955261230469,-0.2581024169921875
1789038623038076700,12.61207666015625,0.2716033458709717,0.5207118988037109,-0.5089573860168457
1789038623048076500,12.62207666015625,0.22007012367248535,0.21771240234375,-0.4333677291870117
1789038623058076700,12.63207666015625,0.08763861656188965,0.33959341049194336,-0.46381187438964844
1789038623068076500,12.64207666015625,0.09323430061340332,0.2729654312133789,-0.25
1789038623078076700,12.65207666015625,0.16867494583129883,0.24991178512573242,-0.004419803619384766
1789038623088076500,12.66207666015625,0.048967838287353516,0.049178123474121094,0.053769588470458984
1789038623098076700,12.67207666015625,0.10888671875,0.2109813690185547,-0.2888307571411133
1789038623108076500,12.68207666015625,-0.010833978652954102,0.39749860763549805,-0.10731172561645508
1789038623118076700,12.69207666015625,-0.14766168594360352,0.27449560165405273,0.2019047737121582
1789038623128076500,12.70207666015625,0.0868372917175293,0.2232532501220703,0.20265531539916992
1789038623138076700,12.71207666015625,0.34546875953674316,0.3179893493652344,-0.11250877380371094
1789038623148076500,12.72207666015625,0.15810370445251465,0.07625150680541992,0.21346235275268555
1789038623158076700,12.73207666015625,0.0902400016784668,0.15842437744140625,-0.07907724380493164
1789038623168076500,12.74207666015625,-0.08841466903686523,0.2759222984313965,-0.20107364654541016
1789038623178076700,12.75207666015625,-0.004647970199584961,0.28908538818359375,-0.3454289436340332
1789038623188076500,12.76207666015625,-0.17074871063232422,0.06482601165771484,0.08638954162597656
1789038623198076700,12.77207666015625,-0.17241191864013672,-0.010773181915283203,0.8380918502807617
1789038623208076500,12.78207666015625,-0.02803516387939453,-0.21948003768920898,0.728553295135498
1789038623218076700,12.79207666015625,-0.17426252365112305,-0.23405885696411133,0.5328998565673828
1789038623228076500,12.80207666015625,-0.010734081268310547,0.08102893829345703,-0.10193395614624023
1789038623238076700,12.81207666015625,0.47635555267333984,0.45794057846069336,-0.6301431655883789
1789038623248076500,12.82207666015625,0.4368171691894531,0.2396078109741211,-0.9979000091552734
1789038623258076700,12.83207666015625,0.3072090148925781,0.1009054183959961,-1.2193899154663086
1789038623268076500,12.84207666015625,-0.05092954635620117,0.006993770599365234,-1.3478660583496094
1789038623278076700,12.85207666015625,-0.22536897659301758,0.04322099685668945,-1.542769432067871
1789038623288076500,12.86207666015625,-0.24797391891479492,-0.010384559631347656,-0.8749656677246094
1789038623298076700,12.87207666015625,0.15864896774291992,0.0387120246887207,-0.49689769744873047
1789038623308076500,12.88207666015625,0.09603023529052734,-0.007226467132568359,-0.4263315200805664
1789038623318076700,12.89207666015625,-0.08099555969238281,-0.027451515197753906,-0.908806324005127
1789038623328076500,12.90207666015625,-0.24964332580566406,0.1557326316833496,-1.0881991386413574
1789038623338076700,12.91207666015625,-0.13023853302001953,-0.02604389190673828,-0.18733453750610352
1789038623348076500,12.92207666015625,0.39337730407714844,0.164306640625,-0.18949604034423828
1789038623358076700,12.93207666015625,0.12839078903198242,-0.2178964614868164,0.3233203887939453
1789038623368076500,12.94207666015625,0.13924360275268555,-0.1989154815673828,0.1763138771057129
1789038623378076700,12.95207666015625,-0.06370735168457031,-0.2665696144104004,0.47583484649658203
1789038623388076500,12.96207666015625,0.2565488815307617,-0.36552953720092773,0.3901405334472656
1789038623398076700,12.97207666015625,0.37149620056152344,-0.31889915466308594,0.44826364517211914
1789038623408076500,12.98207666015625,0.3151378631591797,-0.22414827346801758,0.2942667007446289
1789038623418076700,12.99207666015625,0.2571229934692383,-0.21572351455688477,-0.15233945846557617
1789038623428076500,13.00207666015625,0.3249530792236328,-0.1432175636291504,-0.5199093818664551
1789038623438076700,13.01207666015625,0.41857004165649414,-0.0911407470703125,-0.7767720222473145
1789038623448076500,13.02207666015625,0.24111032485961914,-0.0017437934875488281,-0.997438907623291
1789038623458076700,13.03207666015625,0.18755197525024414,0.1205434799194336,-0.9407973289489746
1789038623468076500,13.04207666015625,0.33989620208740234,0.2536640167236328,-1.1822400093078613
1789038623478076700,13.05207666015625,0.3783726692199707,0.31918883323669434,-1.2852091789245605
1789038623488076500,13.06207666015625,0.48662519454956055,0.5685782432556152,-1.366157054901123
1789038623498076700,13.07207666015625,0.6156349182128906,0.7328071594238281,-1.258732795715332
1789038623508076500,13.08207666015625,0.25400209426879883,0.8286881446838379,-1.0184011459350586
1789038623518076700,13.09207666015625,0.098876953125,0.7214334011077881,-1.4808378219604492
1789038623528076500,13.10207666015625,-0.12536907196044922,0.5908596515655518,-1.502741813659668
1789038623538076700,13.11207666015625,-0.3669772148132324,0.5084609985351562,-1.1619176864624023
1789038623548076500,13.12207666015625,-0.397003173828125,0.2943546772003174,-0.512671947479248
1789038623558076700,13.13207666015625,-0.15100479125976562,0.04420876502990723,0.2060718536376953
1789038623568076500,13.14207666015625,-0.09112358093261719,-0.37413549423217773,0.6176152229309082
1789038623578076700,13.15207666015625,0.17629098892211914,-0.7180390357971191,1.0362968444824219
1789038623588076500,13.16207666015625,0.31183815002441406,-0.9696276187896729,0.6985673904418945
1789038623598076700,13.17207666015625,0.12778425216674805,-0.900557279586792,0.4869389533996582
1789038623608076500,13.18207666015625,-0.16442012786865234,-0.7600719928741455,0.14814472198486328
1789038623618076700,13.19207666015625,-0.0891275405883789,-0.460848331451416,-0.12359142303466797
1789038623628076500,13.20207666015625,-0.03797435760498047,-0.1039736270904541,-0.33129167556762695
1789038623638076700,13.21207666015625,-0.11546516418457031,0.21412181854248047,-0.5974864959716797
1789038623648076500,13.22207666015625,0.09762859344482422,0.3321661949157715,-0.6980113983154297
1789038623658076700,13.23207666015625,0.07396793365478516,0.3298225402832031,-0.7036981582641602
1789038623668076500,13.24207666015625,0.0024232864379882812,0.3266630172729492,-0.4609413146972656
1789038623678076700,13.25207666015625,-0.1585397720336914,0.2602548599243164,-0.21503543853759766
1789038623688076500,13.26207666015625,-0.06754255294799805,0.010193586349487305,-0.2646193504333496
1789038623698076700,13.27207666015625,-0.14287328720092773,-0.13062214851379395,-0.24795103073120117
1789038623708076500,13.28207666015625,-0.11964178085327148,-0.22543811798095703,-0.0011830329895019531
1789038623718076700,13.29207666015625,-0.26160478591918945,-0.30135202407836914,-0.024006366729736328
1789038623728076500,13.30207666015625,-0.06846809387207031,-0.21537518501281738,-0.3014249801635742
1789038623738076700,13.31207666015625,-0.16547632217407227,-0.17060041427612305,-0.26013803482055664
1789038623748076500,13.32207666015625,0.11305046081542969,-0.06779932975769043,-0.15880918502807617
1789038623758076700,13.33207666015625,0.3726534843444824,0.0804133415222168,-0.13048028945922852
1789038623768076500,13.34207666015625,-0.14612627029418945,0.11181855201721191,-0.39163637161254883
1789038623778076700,13.35207666015625,-0.31806135177612305,0.28528571128845215,-0.5372471809387207
1789038623788076500,13.36207666015625,0.08218526840209961,0.4448823928833008,-0.506108283996582
1789038623798076700,13.37207666015625,0.3139662742614746,0.4925422668457031,-0.31067705154418945
1789038623808076500,13.38207666015625,0.26518774032592773,0.4174163341522217,-0.15695524215698242
1789038623818076700,13.39207666015625,0.09688663482666016,0.3527035713195801,-0.16321992874145508
1789038623828076500,13.40207666015625,-0.0039577484130859375,0.29145145416259766,-0.15517377853393555
1789038623838076700,13.41207666015625,-0.06571483612060547,0.1706700325012207,-0.16431379318237305
1789038623848076500,13.42207666015625,-0.03376150131225586,0.045232295989990234,-0.1819753646850586
1789038623858076700,13.43207666015625,0.08712387084960938,-0.05508852005004883,-0.24385356903076172
1789038623868076500,13.44207666015625,0.0398097038269043,-0.03261089324951172,-0.19004535675048828
1789038623878076700,13.45207666015625,0.11156296730041504,0.11979055404663086,-0.2191610336303711
1789038623888076500,13.46207666015625,0.19655513763427734,0.26424407958984375,-0.38985347747802734
1789038623898076700,13.47207666015625,0.0921328067779541,0.389585018157959,-0.4155545234680176
1789038623908076500,13.48207666015625,0.31095337867736816,0.4951968193054199,-0.4625368118286133
1789038623918076700,13.49207666015625,0.09411334991455078,0.5107321739196777,-0.5372600555419922
1789038623928076500,13.50207666015625,0.0759267807006836,0.5689611434936523,-0.4039268493652344
1789038623938076700,13.51207666015625,0.1668686866760254,0.5493464469909668,-0.17648553848266602
1789038623948076500,13.52207666015625,0.03188133239746094,0.5257487297058105,-0.17692899703979492
1789038623958076700,13.53207666015625,-0.24651455879211426,0.4508638381958008,-0.21506309509277344
1789038623968076500,13.54207666015625,-0.04308724403381348,0.4227595329284668,-0.09015464782714844
1789038623978076700,13.55207666015625,0.055005550384521484,0.38524484634399414,-0.0921945571899414
1789038623988076500,13.56207666015625,-0.10792207717895508,0.19973182678222656,-0.14253854751586914
1789038623998076700,13.57207666015625,0.17888545989990234,0.03821372985839844,-0.1533060073852539
1789038624008076500,13.58207666015625,0.10027885437011719,-0.07618284225463867,-0.1722722053527832
1789038624018076700,13.59207666015625,-0.12202906608581543,-0.1275782585144043,-0.3061695098876953
1789038624028076500,13.60207666015625,-0.2279982566833496,-0.07034873962402344,-0.03290510177612305
1789038624038076700,13.61207666015625,0.10175561904907227,0.004359245300292969,0.050061702728271484
1789038624048076500,13.62207666015625,0.38923025131225586,0.1002349853515625,-0.15678167343139648
1789038624058076700,13.63207666015625,0.2289729118347168,0.18768835067749023,-0.380892276763916
1789038624068076500,13.64207666015625,-0.012344121932983398,0.29636430740356445,-0.44368600845336914
1789038624078076700,13.65207666015625,-0.04628300666809082,0.37137746810913086,-0.24088478088378906
1789038624088076500,13.66207666015625,-0.17035889625549316,0.3136301040649414,-0.14303064346313477
1789038624098076700,13.67207666015625,-0.059860944747924805,0.21918725967407227,0.1112213134765625
1789038624108076500,13.68207666015625,-0.06724858283996582,0.23793649673461914,-0.014690399169921875
1789038624118076700,13.69207666015625,-0.07121968269348145,0.28726911544799805,0.005420207977294922
1789038624128076500,13.70207666015625,-0.24846196174621582,0.4284672737121582,0.08975505828857422
1789038624138076700,13.71207666015625,-0.5836696624755859,0.5252795219421387,0.021895408630371094
1789038624148076500,13.72207666015625,-0.5819520950317383,0.5003528594970703,0.17583751678466797
1789038624158076700,13.73207666015625,-0.187089204788208,0.4029369354248047,0.33514881134033203
1789038624168076500,13.74207666015625,-0.1529388427734375,0.15426158905029297,0.35872793197631836
1789038624178076700,13.75207666015625,-0.28058409690856934,-0.01819467544555664,0.22330141067504883
1789038624188076500,13.76207666015625,-0.6662201881408691,-0.1849985122680664,0.04705476760864258
1789038624198076700,13.77207666015625,-0.64723801612854,-0.28835487365722656,-0.14443349838256836
1789038624208076500,13.78207666015625,-0.4052579402923584,-0.22712039947509766,-0.09283781051635742
1789038624218076700,13.79207666015625,-0.11655020713806152,-0.12659931182861328,-0.24043798446655273
1789038624228076500,13.80207666015625,-0.14402484893798828,-0.1995229721069336,0.059777259826660156
1789038624238076700,13.81207666015625,-0.332181453704834,0.05785846710205078,-0.06675434112548828
1789038624248076500,13.82207666015625,-0.08988213539123535,0.2911186218261719,-0.3103179931640625
1789038624258076700,13.83207666015625,0.053865909576416016,0.3429226875305176,-0.1231236457824707
1789038624268076500,13.84207666015625,-0.21527791023254395,0.4150352478027344,-0.4646878242492676
1789038624278076700,13.85207666015625,-0.20236730575561523,0.36470651626586914,-0.08889627456665039
1789038624288076500,13.86207666015625,-0.13436269760131836,0.5607209205627441,-0.5586299896240234
1789038624298076700,13.87207666015625,-0.20135235786437988,0.5435514450073242,-0.3782682418823242
1789038624308076500,13.88207666015625,-0.05034208297729492,0.5869393348693848,-0.08948707580566406
1789038624318076700,13.89207666015625,-0.02942681312561035,0.578157901763916,0.16918516159057617
1789038624328076500,13.90207666015625,0.009870529174804688,0.6503410339355469,0.33511972427368164
1789038624338076700,13.91207666015625,0.057196855545043945,0.698606014251709,0.3239731788635254
1789038624348076500,13.92207666015625,0.36473560333251953,0.6571927070617676,0.2517890930175781
1789038624358076700,13.93207666015625,-0.15161919593811035,0.3964548110961914,0.2190227508544922
1789038624368076500,13.94207666015625,-0.020015478134155273,0.023468971252441406,0.5937767028808594
1789038624378076700,13.95207666015625,-0.06652426719665527,-0.36786794662475586,0.9283056259155273
1789038624388076500,13.96207666015625,-0.3988301753997803,-0.7413511276245117,1.1682252883911133
1789038624398076700,13.97207666015625,-0.5769352912902832,-0.8667693138122559,1.2590365409851074
1789038624408076500,13.98207666015625,-0.40223193168640137,-0.8146910667419434,1.2353453636169434
1789038624418076700,13.99207666015625,-0.26323652267456055,-0.5840439796447754,0.8297696113586426
1789038624428076500,14.00207666015625,-0.29543423652648926,-0.27493906021118164,0.49708986282348633
1789038624438076700,14.01207666015625,-0.5003881454467773,0.17910194396972656,0.25768327713012695
1789038624448076500,14.02207666015625,-0.3637077808380127,0.6191749572753906,0.09710264205932617
1789038624458076700,14.03207666015625,-0.16424870491027832,1.237309455871582,-0.15711164474487305
1789038624468076500,14.04207666015625,0.017221450805664062,1.657017707824707,-0.27554798126220703
1789038624478076700,14.05207666015625,-0.38763856887817383,1.7689619064331055,-0.31810998916625977
1789038624488076500,14.06207666015625,-0.507051944732666,1.4992551803588867,-0.15888261795043945
1789038624498076700,14.07207666015625,0.013555049896240234,1.1876559257507324,0.27478456497192383
1789038624508076500,14.08207666015625,0.16296029090881348,0.7951488494873047,0.2004246711730957
1789038624518076700,14.09207666015625,0.2655181884765625,0.3235163688659668,0.41111135482788086
1789038624528076500,14.10207666015625,0.5295766592025757,-0.011928081512451172,0.565521240234375
1789038624538076700,14.11207666015625,0.3516247272491455,-0.4564781188964844,0.6997132301330566
1789038624548076500,14.12207666015625,0.3708169460296631,-0.69647216796875,0.42605161666870117
1789038624558076700,14.13207666015625,0.5067402124404907,-0.6284966468811035,0.2174062728881836
1789038624568076500,14.14207666015625,0.2547311782836914,-0.3050413131713867,-0.2630434036254883
1789038624578076700,14.15207666015625,0.12819790840148926,-0.33252573013305664,0.21404027938842773
1789038624588076500,14.16207666015625,-0.05147910118103027,-0.4025540351867676,0.21226119995117188
1789038624598076700,14.17207666015625,-0.3029453754425049,-0.5833420753479004,0.5042400360107422
1789038624608076500,14.18207666015625,-0.25493311882019043,-0.7737936973571777,0.636749267578125
1789038624618076700,14.19207666015625,-0.10552120208740234,-0.7702531814575195,0.7503790855407715
1789038624628076500,14.20207666015625,-0.006441831588745117,-0.45369672775268555,0.3671913146972656
1789038624638076700,14.21207666015625,-0.08564496040344238,0.05604696273803711,0.15045976638793945
1789038624648076500,14.22207666015625,-0.27916550636291504,0.38746213912963867,0.10101079940795898
1789038624658076700,14.23207666015625,-0.19350337982177734,0.3684868812561035,0.2621884346008301
1789038624668076500,14.24207666015625,-0.3400132656097412,0.11545324325561523,0.06836605072021484
1789038624678076700,14.25207666015625,-0.1208655834197998,-0.26046037673950195,0.5866866111755371
1789038624688076500,14.26207666015625,0.17660069465637207,-0.38811826705932617,0.4128880500793457
1789038624698076700,14.27207666015625,0.45424842834472656,-0.6427822113037109,0.6799540519714355
1789038624708076500,14.28207666015625,0.3832244873046875,-0.6197409629821777,0.4530515670776367
1789038624718076700,14.29207666015625,0.45922231674194336,-0.4275083541870117,0.4465775489807129
1789038624728076500,14.30207666015625,0.48896944522857666,0.055567264556884766,0.31798744201660156
1789038624738076700,14.31207666015625,0.7723183631896973,0.4597349166870117,0.17507410049438477
1789038624748076500,14.32207666015625,0.5887032747268677,0.9164352416992188,-0.25051403045654297
1789038624758076700,14.33207666015625,0.19068551063537598,1.020538330078125,-0.2878293991088867
1789038624768076500,14.34207666015625,-0.014631509780883789,1.1485824584960938,-0.7011818885803223
1789038624778076700,14.35207666015625,0.3448493480682373,0.8656477928161621,-0.07120323181152344
1789038624788076500,14.36207666015625,0.7480043172836304,0.37403297424316406,0.23833560943603516
1789038624798076700,14.37207666015625,0.057651519775390625,-0.22655677795410156,0.5325055122375488
1789038624808076500,14.38207666015625,-0.2633702754974365,-0.8199682235717773,0.9231643676757812
1789038624818076700,14.39207666015625,-0.0493924617767334,-1.23394775390625,1.2739472389221191
1789038624828076500,14.40207666015625,0.02844405174255371,-1.3952627182006836,0.9278974533081055
1789038624838076700,14.41207666015625,-0.1386244297027588,-1.2427501678466797,0.5602288246154785
1789038624848076500,14.42207666015625,-0.05531954765319824,-1.0166549682617188,0.5735960006713867
1789038624858076700,14.43207666015625,0.3633861541748047,-0.35715389251708984,0.07632684707641602
1789038624868076500,14.44207666015625,0.2071911096572876,-0.01348876953125,-0.42013120651245117
1789038624878076700,14.45207666015625,-0.02112555503845215,0.19378280639648438,-0.13436079025268555
1789038624888076500,14.46207666015625,-0.44889068603515625,0.24367713928222656,-0.44321632385253906
1789038624898076700,14.47207666015625,-0.46003079414367676,-0.08329963684082031,0.10388851165771484
1789038624908076500,14.48207666015625,0.02917611598968506,-0.03487205505371094,0.05502176284790039
1789038624918076700,14.49207666015625,0.24967288970947266,0.058753013610839844,-0.10716819763183594
1789038624928076500,14.50207666015625,0.5278550386428833,0.2122974395751953,0.026853561401367188
1789038624938076700,14.51207666015625,0.43349790573120117,0.2526874542236328,0.18514060974121094
1789038624948076500,14.52207666015625,0.5858222246170044,0.16303730010986328,0.38893795013427734
1789038624958076700,14.53207666015625,0.31980109214782715,-0.027637481689453125,0.5092544555664062
1789038624968076500,14.54207666015625,0.25134730339050293,-0.2342853546142578,0.21658802032470703
1789038624978076700,14.55207666015625,0.14610934257507324,-0.301116943359375,0.27747154235839844
1789038624988076500,14.56207666015625,0.2814643383026123,-0.39418888092041016,0.058016300201416016
1789038624998076700,14.57207666015625,0.23483741283416748,-0.5503377914428711,0.38164567947387695
1789038625008076500,14.58207666015625,0.36001038551330566,-0.5726490020751953,0.16807079315185547
1789038625018076700,14.59207666015625,0.30440711975097656,-0.5641870498657227,0.12980175018310547
1789038625028076500,14.60207666015625,0.2242281436920166,-0.7057771682739258,0.23035764694213867
1789038625038076700,14.61207666015625,0.22478389739990234,-0.7235517501831055,0.26801443099975586
1789038625048076500,14.62207666015625,-0.21877169609069824,-0.5779561996459961,0.11324357986450195
1789038625058076700,14.63207666015625,-0.20779037475585938,-0.30693817138671875,-0.15047597885131836
1789038625068076500,14.64207666015625,-0.2399735450744629,-0.2540884017944336,-0.28258275985717773
1789038625078076700,14.65207666015625,-0.21113324165344238,-0.3551759719848633,-0.6027817726135254
1789038625088076500,14.66207666015625,-0.21576356887817383,-0.32932472229003906,-0.8777365684509277
1789038625098076700,14.67207666015625,-0.1255357265472412,-0.3373527526855469,-0.6883411407470703
1789038625108076500,14.68207666015625,0.17578577995300293,-0.4473409652709961,-0.6285197734832764
1789038625118076700,14.69207666015625,0.5011688470840454,-0.5878868103027344,-0.5335955619812012
1789038625128076500,14.70207666015625,0.587587833404541,-0.787175178527832,-0.08547544479370117
1789038625138076700,14.71207666015625,0.44066357612609863,-0.8904914855957031,0.05317068099975586
1789038625148076500,14.72207666015625,0.21681523323059082,-0.5989704132080078,-0.1817636489868164
1789038625158076700,14.73207666015625,-0.039215087890625,-0.16077423095703125,-0.4712491035461426
1789038625168076500,14.74207666015625,0.15459322929382324,0.11770057678222656,-0.7656686305999756
1789038625178076700,14.75207666015625,0.17550206184387207,0.12732791900634766,-1.025953769683838
1789038625188076500,14.76207666015625,0.10187840461730957,0.07909393310546875,-1.1513042449951172
1789038625198076700,14.77207666015625,0.19928979873657227,-0.09128093719482422,-1.0376057624816895
1789038625208076500,14.78207666015625,0.2937910556793213,-0.27191925048828125,-0.8859174251556396
1789038625218076700,14.79207666015625,0.3328235149383545,-0.4735755920410156,-0.7212209701538086
1789038625228076500,14.80207666015625,0.37163805961608887,-0.6020078659057617,-0.6943254470825195
1789038625238076700,14.81207666015625,0.511982798576355,-0.6447839736938477,-0.7073798179626465
1789038625248076500,14.82207666015625,0.5809142589569092,-0.4660043716430664,-0.785564661026001
1789038625258076700,14.83207666015625,0.46161866188049316,-0.2788553237915039,-0.7309761047363281
1789038625268076500,14.84207666015625,0.26198792457580566,-0.03681373596191406,-0.6494631767272949
1789038625278076700,14.85207666015625,-0.007021188735961914,0.14675045013427734,-0.46166467666625977
1789038625288076500,14.86207666015625,-0.160935640335083,0.17677783966064453,-0.20740222930908203
1789038625298076700,14.87207666015625,-0.24475550651550293,0.07399749755859375,-0.07941532135009766
1789038625308076500,14.88207666015625,-0.33347296714782715,-0.10097026824951172,-0.031911373138427734
1789038625318076700,14.89207666015625,-0.44133496284484863,-0.20829391479492188,-0.04168987274169922
1789038625328076500,14.90207666015625,-0.45864391326904297,-0.2753419876098633,-0.06949138641357422
1789038625338076700,14.91207666015625,-0.4298098087310791,-0.30740833282470703,-0.15626049041748047
1789038625348076500,14.92207666015625,-0.3547790050506592,-0.3195066452026367,-0.2348494529724121
1789038625358076700,14.93207666015625,-0.2709474563598633,-0.3203878402709961,-0.21415424346923828
1789038625368076500,14.94207666015625,-0.10563874244689941,-0.2726860046386719,-0.17789840698242188
1789038625378076700,14.95207666015625,0.09089088439941406,-0.1039886474609375,-0.12954235076904297
1789038625388076500,14.96207666015625,0.14974570274353027,0.06989288330078125,0.0926051139831543
1789038625398076700,14.97207666015625,0.12477540969848633,0.17513751983642578,0.2609543800354004
1789038625408076500,14.98207666015625,0.21009135246276855,0.22218894958496094,0.3823680877685547
1789038625418076700,14.99207666015625,0.36893463134765625,0.2231731414794922,0.2703428268432617
1789038625428076500,15.00207666015625,0.500169038772583,0.08136463165283203,0.27742433547973633
1789038625438076700,15.01207666015625,0.5470895767211914,-0.15042972564697266,0.20791149139404297
1789038625448076500,15.02207666015625,0.5547716617584229,-0.40558719635009766,0.22193384170532227
1789038625458076700,15.03207666015625,0.3749887943267822,-0.5206575393676758,0.15090322494506836
1789038625468076500,15.04207666015625,0.16657638549804688,-0.6152658462524414,0.18749523162841797
1789038625478076700,15.05207666015625,0.007427692413330078,-0.564936637878418,0.20272302627563477
1789038625488076500,15.06207666015625,-0.08746194839477539,-0.48200416564941406,0.26477479934692383
1789038625498076700,15.07207666015625,-0.05006122589111328,-0.2834033966064453,0.21225643157958984
1789038625508076500,15.08207666015625,0.057970285415649414,-0.06964683532714844,0.24255752563476562
1789038625518076700,15.09207666015625,0.15053629875183105,0.12128448486328125,0.16305017471313477
1789038625528076500,15.10207666015625,0.2310798168182373,0.25180816650390625,0.002071380615234375
1789038625538076700,15.11207666015625,0.29128217697143555,0.27262210845947266,-0.04153299331665039
1789038625548076500,15.12207666015625,0.25406527519226074,0.18816804885864258,-0.1136026382446289
1789038625558076700,15.13207666015625,0.2624824047088623,0.16118335723876953,-0.21119260787963867
1789038625568076500,15.14207666015625,0.1116342544555664,0.22782325744628906,-0.20902204513549805
1789038625578076700,15.15207666015625,0.15416216850280762,0.40065765380859375,-0.15771913528442383
1789038625588076500,15.16207666015625,0.2465505599975586,0.6431760787963867,-0.25551939010620117
1789038625598076700,15.17207666015625,0.15050411224365234,0.8768086433410645,-0.274691104888916
1789038625608076500,15.18207666015625,0.14709043502807617,0.9092988967895508,-0.30193471908569336
1789038625618076700,15.19207666015625,0.11092543601989746,0.7377614974975586,-0.20492315292358398
1789038625628076500,15.20207666015625,0.0783078670501709,0.35057926177978516,-0.13202571868896484
1789038625638076700,15.21207666015625,-0.002809762954711914,-0.19751453399658203,0.18335866928100586
1789038625648076500,15.22207666015625,-0.03286623954772949,-0.6458024978637695,0.48479366302490234
1789038625658076700,15.23207666015625,-0.09141159057617188,-0.8923311233520508,0.7598013877868652
1789038625668076500,15.24207666015625,-0.12976861000061035,-0.9620771408081055,0.8400912284851074
1789038625678076700,15.25207666015625,-0.264955997467041,-0.9094858169555664,0.7100701332092285
1789038625688076500,15.26207666015625,-0.4552788734436035,-0.8047428131103516,0.6954712867736816
1789038625698076700,15.27207666015625,-0.6186590194702148,-0.7473011016845703,0.4161648750305176
1789038625708076500,15.28207666015625,-0.7534878253936768,-0.7301225662231445,0.34092235565185547
1789038625718076700,15.29207666015625,-0.577951192855835,-0.8685479164123535,0.3356513977050781
1789038625728076500,15.30207666015625,-0.6522698402404785,-1.0006170272827148,0.3973197937011719
1789038625738076700,15.31207666015625,-0.482316255569458,-0.9768991470336914,0.3828558921813965
1789038625748076500,15.32207666015625,-0.32163500785827637,-0.8936028480529785,0.41364288330078125
1789038625758076700,15.33207666015625,-0.12759017944335938,-0.7163667678833008,0.2867002487182617
1789038625768076500,15.34207666015625,0.09766173362731934,-0.43285083770751953,0.3286762237548828
1789038625778076700,15.35207666015625,0.20320510864257812,-0.1969466209411621,0.2874932289123535
1789038625788076500,15.36207666015625,0.23218894004821777,0.005286693572998047,0.2120952606201172
1789038625798076700,15.37207666015625,0.2318403720855713,0.12632226943969727,0.12739038467407227
1789038625808076500,15.38207666015625,0.10882806777954102,-0.00664520263671875,0.19989585876464844
1789038625818076700,15.39207666015625,0.0893712043762207,-0.2714071273803711,0.41835880279541016
1789038625828076500,15.40207666015625,0.3386363983154297,-0.32666444778442383,0.4044952392578125
1789038625838076700,15.41207666015625,0.45146656036376953,-0.3376622200012207,0.37712907791137695
1789038625848076500,15.42207666015625,0.27190732955932617,-0.24445867538452148,0.36213016510009766
1789038625858076700,15.43207666015625,0.41367506980895996,0.018077373504638672,-0.34383106231689453
1789038625868076500,15.44207666015625,0.2874431610107422,0.30177783966064453,-0.28068113327026367
1789038625878076700,15.45207666015625,0.14296865463256836,0.37990760803222656,-0.36972618103027344
1789038625888076500,15.46207666015625,0.23344111442565918,0.49361085891723633,-0.46618080139160156
1789038625898076700,15.47207666015625,0.12176704406738281,0.4757375717163086,-0.28430652618408203
1789038625908076500,15.48207666015625,-0.029447078704833984,0.33298635482788086,-0.5003442764282227
1789038625918076700,15.49207666015625,-0.3170325756072998,-0.006513118743896484,0.010963916778564453
1789038625928076500,15.50207666015625,-0.3378407955169678,-0.24771642684936523,-0.1290454864501953
1789038625938076700,15.51207666015625,-0.2530207633972168,-0.5281620025634766,0.24706697463989258
1789038625948076500,15.52207666015625,-0.14428186416625977,-0.7016406059265137,0.5738716125488281
1789038625958076700,15.53207666015625,-0.003459930419921875,-0.808173656463623,0.5248737335205078
1789038625968076500,15.54207666015625,0.12496662139892578,-0.8839211463928223,1.0480279922485352
1789038625978076700,15.55207666015625,0.10658955574035645,-0.8724222183227539,1.1791839599609375
1789038625988076500,15.56207666015625,0.23107337951660156,-0.5737247467041016,1.0749092102050781
1789038625998076700,15.57207666015625,0.19468975067138672,-0.3432459831237793,1.2744898796081543
1789038626008076500,15.58207666015625,0.36372828483581543,0.03708171844482422,0.8217968940734863
1789038626018076700,15.59207666015625,0.3844022750854492,0.3917245864868164,0.2297658920288086
1789038626028076500,15.60207666015625,0.4071788787841797,0.5798153877258301,0.0958104133605957
1789038626038076700,15.61207666015625,0.23769235610961914,0.6163849830627441,-0.24316120147705078
1789038626048076500,15.62207666015625,0.19036507606506348,0.44341039657592773,-0.7343997955322266
1789038626058076700,15.63207666015625,0.0021386146545410156,0.17440509796142578,-0.7997622489929199
1789038626068076500,15.64207666015625,0.23888731002807617,0.08442211151123047,-0.6875200271606445
1789038626078076700,15.65207666015625,0.05866408348083496,0.03541994094848633,-0.38257932662963867
1789038626088076500,15.66207666015625,-0.13586664199829102,-0.03329801559448242,-0.66259765625
1789038626098076700,15.67207666015625,0.03242039680480957,0.05631685256958008,-0.8231143951416016
1789038626108076500,15.68207666015625,0.4108855724334717,0.18171453475952148,-0.09102916717529297
1789038626118076700,15.69207666015625,0.44728565216064453,0.2599978446960449,0.2259984016418457
1789038626128076500,15.70207666015625,0.3777956962585449,0.34268856048583984,-0.432340145111084
1789038626138076700,15.71207666015625,0.4164252281188965,0.4046483039855957,-0.6172990798950195
1789038626148076500,15.72207666015625,0.061954498291015625,0.2514357566833496,-0.3828859329223633
1789038626158076700,15.73207666015625,-0.06930303573608398,0.06553030014038086,-0.4525570869445801
1789038626168076500,15.74207666015625,-0.13512277603149414,-0.06773185729980469,-0.44510316848754883
1789038626178076700,15.75207666015625,-0.11641573905944824,-0.14936161041259766,-0.6834659576416016
1789038626188076500,15.76207666015625,-0.2733628749847412,-0.5548210144042969,0.10755538940429688
1789038626198076700,15.77207666015625,-0.2807886600494385,-0.5744175910949707,0.2614412307739258
1789038626208076500,15.78207666015625,-0.07220673561096191,-0.47661590576171875,0.604651927947998
1789038626218076700,15.79207666015625,0.04774308204650879,-0.4770069122314453,0.6768522262573242
1789038626228076500,15.80207666015625,0.08495903015136719,-0.32352542877197266,0.09415292739868164
1789038626238076700,15.81207666015625,-0.1255180835723877,-0.23299360275268555,-0.6244111061096191
1789038626248076500,15.82207666015625,0.09208846092224121,-0.24762439727783203,-0.73748779296875
1789038626258076700,15.83207666015625,0.2932703495025635,-0.22043514251708984,-0.1355900764465332
1789038626268076500,15.84207666015625,0.1520226001739502,-0.21301555633544922,0.013724803924560547
1789038626278076700,15.85207666015625,0.026489734649658203,-0.08202028274536133,-0.08726978302001953
1789038626288076500,15.86207666015625,-0.23629999160766602,-0.03357267379760742,-0.5167779922485352
1789038626298076700,15.87207666015625,-0.3267531394958496,-0.04108905792236328,-0.771489143371582
1789038626308076500,15.88207666015625,-0.2665214538574219,0.14781951904296875,-1.069960594177246
1789038626318076700,15.89207666015625,-0.14720821380615234,0.19418096542358398,-0.7541050910949707
1789038626328076500,15.90207666015625,-0.17859888076782227,0.1804332733154297,-0.9061155319213867
1789038626338076700,15.91207666015625,-0.5307221412658691,-0.09942388534545898,-0.3473944664001465
1789038626348076500,15.92207666015625,-0.705864429473877,-0.2002401351928711,-1.1915621757507324
1789038626358076700,15.93207666015625,-0.12115049362182617,-0.11948204040527344,-1.483900547027588
1789038626368076500,15.94207666015625,0.575223445892334,-0.2254023551940918,-1.0730133056640625
1789038626378076700,15.95207666015625,0.3967931270599365,-0.4492073059082031,-0.8158102035522461
1789038626388076500,15.96207666015625,0.015564441680908203,-0.23326921463012695,-0.3486781120300293
1789038626398076700,15.97207666015625,0.0921030044555664,-0.1991724967956543,-0.687222957611084
1789038626408076500,15.98207666015625,0.32975149154663086,0.0593571662902832,-0.9603290557861328
1789038626418076700,15.99207666015625,0.4441099166870117,0.12543058395385742,-0.786308765411377
1789038626428076500,16.00207666015625,0.5081801414489746,0.04550623893737793,-0.2754392623901367
1789038626438076700,16.01207666015625,0.2181849479675293,0.013331174850463867,0.018129825592041016
1789038626448076500,16.02207666015625,-0.24694538116455078,-0.025667667388916016,-0.6856560707092285
1789038626458076700,16.03207666015625,-0.09286785125732422,-0.27751994132995605,-1.1053390502929688
1789038626468076500,16.04207666015625,0.45166826248168945,-0.10412454605102539,-1.6707606315612793
1789038626478076700,16.05207666015625,0.7109494209289551,0.2437608242034912,-1.2615165710449219
1789038626488076500,16.06207666015625,0.4037799835205078,0.3157622814178467,-0.6020078659057617
1789038626498076700,16.07207666015625,0.09866523742675781,0.00770115852355957,0.10336542129516602
1789038626508076500,16.08207666015625,0.3876175880432129,-0.15807080268859863,0.2974057197570801
1789038626518076700,16.09207666015625,0.7288055419921875,-0.43145155906677246,0.5198402404785156
1789038626528076500,16.10207666015625,0.6869378089904785,-0.49577760696411133,0.05808877944946289
1789038626538076700,16.11207666015625,0.2995302677154541,-0.34445619583129883,-0.31793880462646484
1789038626548076500,16.12207666015625,-0.0378575325012207,-0.21951699256896973,-0.2328481674194336
1789038626558076700,16.13207666015625,0.004088878631591797,0.03279280662536621,-0.09880828857421875
1789038626568076500,16.14207666015625,0.27408647537231445,0.38165736198425293,-0.2326831817626953
1789038626578076700,16.15207666015625,0.4902768135070801,0.5771982669830322,-0.4099116325378418
1789038626588076500,16.16207666015625,0.4305746555328369,0.7333686351776123,-0.553898811340332
1789038626598076700,16.17207666015625,-0.08506202697753906,0.7765297889709473,-0.8907508850097656
1789038626608076500,16.18207666015625,-0.5061416625976562,0.7955536842346191,-1.086010456085205
1789038626618076700,16.19207666015625,-0.3080425262451172,0.6763186454772949,-0.962012767791748
1789038626628076500,16.20207666015625,-0.2769289016723633,0.4669370651245117,-0.5906810760498047
1789038626638076700,16.21207666015625,-0.09459877014160156,0.2387831211090088,-0.543853759765625
1789038626648076500,16.22207666015625,-0.2518577575683594,-0.029532909393310547,-0.6313982009887695
1789038626658076700,16.23207666015625,-0.3490607738494873,-0.3138139247894287,-0.5704216957092285
1789038626668076500,16.24207666015625,-0.37278246879577637,-0.4759056568145752,-0.45249080657958984
1789038626678076700,16.25207666015625,-0.29715657234191895,-0.5903518199920654,-0.4628334045410156
1789038626688076500,16.26207666015625,-0.40070533752441406,-0.6275558471679688,-0.29830026626586914
1789038626698076700,16.27207666015625,-0.45328211784362793,-0.5084953308105469,0.1294412612915039
1789038626708076500,16.28207666015625,-0.16669487953186035,-0.3361945152282715,0.2433032989501953
1789038626718076700,16.29207666015625,-0.12055611610412598,-0.1972043514251709,0.019269943237304688
1789038626728076500,16.30207666015625,-0.3415565490722656,-0.14511775970458984,-0.14581871032714844
1789038626738076700,16.31207666015625,-0.33223962783813477,-0.032598018646240234,-0.29546117782592773
1789038626748076500,16.32207666015625,-0.3926711082458496,0.07582259178161621,-0.6436319351196289
1789038626758076700,16.33207666015625,-0.2271878719329834,0.15178442001342773,-0.9718027114868164
1789038626768076500,16.34207666015625,0.20985126495361328,0.09389519691467285,-0.8414974212646484
1789038626778076700,16.35207666015625,0.21735048294067383,0.09219217300415039,-0.7799100875854492
1789038626788076500,16.36207666015625,0.04112577438354492,-0.01497507095336914,-0.7057638168334961
1789038626798076700,16.37207666015625,0.18797063827514648,-0.1208810806274414,-0.6122674942016602
1789038626808076500,16.38207666015625,-0.02733922004699707,-0.20402908325195312,-0.4493522644042969
1789038626818076700,16.39207666015625,0.1430833339691162,-0.266571044921875,-0.3486661911010742
1789038626828076500,16.40207666015625,-0.07393407821655273,-0.27753758430480957,-0.38733863830566406
1789038626838076700,16.41207666015625,0.0017235279083251953,-0.15248608589172363,-0.40808868408203125
1789038626848076500,16.42207666015625,-0.22579717636108398,-0.10186767578125,-0.3278355598449707
1789038626858076700,16.43207666015625,-0.29660987854003906,0.007579803466796875,-0.40915393829345703
1789038626868076500,16.44207666015625,-0.28874874114990234,0.14596915245056152,-0.42363452911376953
1789038626878076700,16.45207666015625,-0.1192476749420166,0.2675919532775879,-0.5392851829528809
1789038626888076500,16.46207666015625,-0.3653371334075928,0.3515496253967285,-0.7616863250732422
1789038626898076700,16.47207666015625,-0.20751428604125977,0.4134855270385742,-0.6888504028320312
1789038626908076500,16.48207666015625,0.10409903526306152,0.29289722442626953,-0.42781877517700195
1789038626918076700,16.49207666015625,0.07760834693908691,0.292755126953125,-0.5438394546508789
1789038626928076500,16.50207666015625,-0.032492876052856445,0.2864413261413574,-0.532656192779541
1789038626938076700,16.51207666015625,-0.0017781257629394531,0.3833608627319336,-0.6676621437072754
1789038626948076500,16.52207666015625,-0.13050293922424316,0.5287418365478516,-0.8309192657470703
1789038626958076700,16.53207666015625,0.08423829078674316,0.5433635711669922,-0.6420259475708008
1789038626968076500,16.54207666015625,0.18816637992858887,0.42540597915649414,-0.5588855743408203
1789038626978076700,16.55207666015625,0.15379071235656738,0.28350019454956055,-0.17873430252075195
1789038626988076500,16.56207666015625,0.17645835876464844,0.3727846145629883,-0.16099119186401367
1789038626998076700,16.57207666015625,-0.15141963958740234,0.5150694847106934,0.05193185806274414
1789038627008076500,16.58207666015625,-0.22276926040649414,0.8036656379699707,-0.19751501083374023
1789038627018076700,16.59207666015625,-0.14255428314208984,0.7885499000549316,0.004506587982177734
1789038627028076500,16.60207666015625,0.27001953125,0.5809106826782227,0.41295623779296875
1789038627038076700,16.61207666015625,0.047101736068725586,0.4698338508605957,0.3242807388305664
1789038627048076500,16.62207666015625,-0.20359349250793457,0.3113565444946289,0.24386882781982422
1789038627058076700,16.63207666015625,-0.22614645957946777,0.11920022964477539,0.36329078674316406
1789038627068076500,16.64207666015625,0.1351919174194336,-0.26658153533935547,0.6783180236816406
1789038627078076700,16.65207666015625,0.11504507064819336,-0.34337949752807617,0.5502362251281738
1789038627088076500,16.66207666015625,-0.004548072814941406,-0.11520957946777344,0.16536855697631836
1789038627098076700,16.67207666015625,-0.331432580947876,-0.010218143463134766,-0.16964387893676758
1789038627118076700,16.69207666015625,0.2509176731109619,-0.2899141311645508,0.4505319595336914
1789038627128076500,16.70207666015625,0.04054069519042969,-0.1408238410949707,0.16811370849609375
1789038627138076700,16.71207666015625,0.022080183029174805,-0.052165985107421875,-0.04131031036376953
1789038627148076500,16.72207666015625,-0.19402313232421875,-0.12063026428222656,-0.0825648307800293
1789038627158076700,16.73207666015625,-0.1083228588104248,-0.2063918113708496,-0.12943792343139648
1789038627168076500,16.74207666015625,-0.3033425807952881,-0.04575300216674805,-0.22144842147827148
1789038627178076700,16.75207666015625,-0.5327794551849365,0.2349696159362793,-0.2841830253601074
1789038627188076500,16.76207666015625,-0.5489628314971924,0.6360101699829102,-0.4209322929382324
1789038627198076700,16.77207666015625,-0.22226738929748535,0.911954402923584,-0.322298526763916
1789038627208076500,16.78207666015625,-0.5299026966094971,0.8214693069458008,-0.42531776428222656
1789038627218076700,16.79207666015625,-0.9254841804504395,0.3719954490661621,-0.0857243537902832
1789038627228076500,16.80207666015625,-0.9040298461914062,-0.30167102813720703,0.34587955474853516
1789038627238076700,16.81207666015625,-0.4042813777923584,-0.7400388717651367,0.675717830657959
1789038627248076500,16.82207666015625,-0.35407590866088867,-0.9353580474853516,0.9596166610717773
1789038627258076700,16.83207666015625,-0.4999408721923828,-0.9533734321594238,1.2141938209533691
1789038627268076500,16.84207666015625,-0.4226078987121582,-0.9965367317199707,1.1788725852966309
1789038627278076700,16.85207666015625,-0.2711212635040283,-0.711789608001709,0.7755222320556641
1789038627288076500,16.86207666015625,0.06456923484802246,-0.5115785598754883,0.5559496879577637
1789038627298076700,16.87207666015625,0.13102483749389648,-0.18028640747070312,0.18635988235473633
1789038627308076500,16.88207666015625,0.015872716903686523,0.2572789192199707,-0.028525352478027344
1789038627318076700,16.89207666015625,-0.14486265182495117,0.37370824813842773,0.019765377044677734
1789038627328076500,16.90207666015625,0.2760496139526367,0.6226663589477539,0.18544769287109375
1789038627338076700,16.91207666015625,0.4039454460144043,0.4343290328979492,0.11003684997558594
1789038627348076500,16.92207666015625,0.3940401077270508,0.33387327194213867,0.11127138137817383
1789038627358076700,16.93207666015625,0.18295931816101074,0.29836368560791016,-0.09997987747192383
1789038627368076500,16.94207666015625,0.2805311679840088,0.18871450424194336,-0.14531660079956055
1789038627378076700,16.95207666015625,0.18912005424499512,0.1671156883239746,-0.40497446060180664
1789038627388076500,16.96207666015625,0.08272218704223633,-0.06445550918579102,-0.1918015480041504
1789038627398076700,16.97207666015625,-0.040139198303222656,-0.37164306640625,-0.0445404052734375
1789038627408076500,16.98207666015625,0.11207461357116699,-0.38547706604003906,-0.12044572830200195
1789038627418076700,16.99207666015625,0.1711280345916748,-0.24019145965576172,-0.3996548652648926
1789038627428076500,17.00207666015625,0.22228574752807617,-0.5144577026367188,0.14048385620117188
1789038627438076700,17.01207666015625,0.05819058418273926,-0.5867257118225098,-0.13408517837524414
1789038627448076500,17.02207666015625,-0.22091197967529297,-0.3284897804260254,-0.4836859703063965
1789038627458076700,17.03207666015625,-0.22507500648498535,0.017293930053710938,-0.6021533012390137
1789038627468076500,17.04207666015625,-0.19266891479492188,0.1957106590270996,-0.4366445541381836
1789038627478076700,17.05207666015625,-0.10853123664855957,0.21407413482666016,-0.1665949821472168
1789038627488076500,17.06207666015625,0.20559453964233398,0.4296398162841797,-0.35004663467407227
1789038627498076700,17.07207666015625,0.6819729804992676,0.5567827224731445,-0.25940752029418945
1789038627508076500,17.08207666015625,0.3555119037628174,0.5198931694030762,-0.4105987548828125
1789038627518076700,17.09207666015625,-0.21527814865112305,0.04887866973876953,0.30790185928344727
1789038627528076500,17.10207666015625,-0.24337458610534668,-0.5914096832275391,0.8518538475036621
1789038627538076700,17.11207666015625,0.006771087646484375,-1.102198600769043,1.332204818725586
1789038627548076500,17.12207666015625,0.24321985244750977,-1.288114070892334,0.6806783676147461
1789038627558076700,17.13207666015625,0.09857583045959473,-1.4880218505859375,0.7420215606689453
1789038627568076500,17.14207666015625,-0.04318428039550781,-1.624007225036621,0.9505524635314941
1789038627578076700,17.15207666015625,-0.1468033790588379,-1.7593255043029785,0.707486629486084
1789038627588076500,17.16207666015625,-0.17395305633544922,-1.720123291015625,0.8416438102722168
1789038627598076700,17.17207666015625,0.03071308135986328,-1.2660298347473145,0.5661334991455078
1789038627608076500,17.18207666015625,0.05445432662963867,-0.7757344245910645,0.4249715805053711
1789038627618076700,17.19207666015625,0.10449695587158203,-0.31624507904052734,0.2388591766357422
1789038627628076500,17.20207666015625,0.30561864376068115,-0.07909631729125977,0.4672236442565918
1789038627638076700,17.21207666015625,0.46696925163269043,0.29914331436157227,-0.13516569137573242
1789038627648076500,17.22207666015625,0.6202731132507324,0.7244467735290527,-0.38974952697753906
1789038627658076700,17.23207666015625,0.5240298509597778,0.8525032997131348,-0.17920303344726562
1789038627668076500,17.24207666015625,0.4913325309753418,0.8949489593505859,0.1145777702331543
1789038627678076700,17.25207666015625,0.4948846101760864,0.8237490653991699,0.018879413604736328
1789038627688076500,17.26207666015625,0.4208791255950928,0.9687480926513672,-0.03525543212890625
1789038627698076700,17.27207666015625,0.37075209617614746,1.0197815895080566,-0.42072057723999023
1789038627708076500,17.28207666015625,0.321671724319458,0.628415584564209,-0.09241962432861328
1789038627718076700,17.29207666015625,0.3799099922180176,-0.0771646499633789,0.4699687957763672
1789038627728076500,17.30207666015625,0.479128360748291,-0.5619688034057617,0.45809459686279297
1789038627738076700,17.31207666015625,0.4010874032974243,-0.9912786483764648,0.5717411041259766
1789038627748076500,17.32207666015625,0.125565767288208,-0.9841032028198242,0.6038188934326172
1789038627758076700,17.33207666015625,-0.04898858070373535,-0.7068443298339844,0.631523609161377
1789038627768076500,17.34207666015625,0.057409048080444336,-0.39188480377197266,0.6890654563903809
1789038627778076700,17.35207666015625,0.07932639122009277,-0.13849925994873047,0.6402850151062012
1789038627788076500,17.36207666015625,0.024128437042236328,-0.0090179443359375,0.5673508644104004
1789038627798076700,17.37207666015625,0.05685162544250488,-0.11754322052001953,0.5359106063842773
1789038627808076500,17.38207666015625,0.09063053131103516,-0.3905677795410156,0.4693317413330078
1789038627818076700,17.39207666015625,-0.018857240676879883,-0.7748527526855469,0.5061821937561035
1789038627828076500,17.40207666015625,-0.1613144874572754,-1.0954036712646484,0.36691951751708984
1789038627838076700,17.41207666015625,-0.2344682216644287,-1.2546453475952148,0.2331681251525879
1789038627848076500,17.42207666015625,-0.28003382682800293,-1.2787303924560547,0.032294273376464844
1789038627858076700,17.43207666015625,-0.2591404914855957,-1.221017837524414,-0.12100982666015625
1789038627868076500,17.44207666015625,-0.24980545043945312,-1.1255683898925781,-0.10999202728271484
1789038627878076700,17.45207666015625,-0.22487568855285645,-0.9221153259277344,-0.12056112289428711
1789038627888076500,17.46207666015625,-0.18567156791687012,-0.815636157989502,-0.02021646499633789
1789038627898076700,17.47207666015625,-0.17875075340270996,-0.7178359031677246,-0.034288883209228516
1789038627908076500,17.48207666015625,-0.1709744930267334,-0.5246715545654297,-0.14587163925170898
1789038627918076700,17.49207666015625,-0.11605501174926758,-0.4369492530822754,-0.3024129867553711
1789038627928076500,17.50207666015625,-0.013872146606445312,-0.38381099700927734,-0.509152889251709
1789038627938076700,17.51207666015625,0.06762027740478516,-0.34931039810180664,-0.6798276901245117
1789038627948076500,17.52207666015625,0.1943047046661377,-0.23168706893920898,-0.7235684394836426
1789038627958076700,17.53207666015625,0.31120920181274414,0.04233598709106445,-0.8433938026428223
1789038627968076500,17.54207666015625,0.4588439464569092,0.39577817916870117,-0.9229540824890137
1789038627978076700,17.55207666015625,0.6463634967803955,0.7900924682617188,-1.1178779602050781
1789038627988076500,17.56207666015625,0.6990969181060791,1.0222082138061523,-1.2557663917541504
1789038627998076700,17.57207666015625,0.6093243360519409,1.0105514526367188,-1.4283921718597412
1789038628008076500,17.58207666015625,0.45591020584106445,0.7633028030395508,-1.4961509704589844
1789038628018076700,17.59207666015625,0.3300144672393799,0.2929091453552246,-1.2403814792633057
1789038628028076500,17.60207666015625,0.11202049255371094,-0.2657766342163086,-0.8928861618041992
1789038628038076700,17.61207666015625,-0.19405674934387207,-0.7277364730834961,-0.3010373115539551
1789038628048076500,17.62207666015625,-0.46021413803100586,-1.0005888938903809,0.42845630645751953
1789038628058076700,17.63207666015625,-0.5337646007537842,-1.0956263542175293,1.0028247833251953
1789038628068076500,17.64207666015625,-0.45872020721435547,-0.9104747772216797,1.2637953758239746
1789038628078076700,17.65207666015625,-0.4145016670227051,-0.6615109443664551,1.1540226936340332
1789038628088076500,17.66207666015625,-0.37126898765563965,-0.42590999603271484,0.8969459533691406
1789038628098076700,17.67207666015625,-0.39565253257751465,-0.33722352981567383,0.48352527618408203
1789038628108076500,17.68207666015625,-0.5939512252807617,-0.3655714988708496,0.06330156326293945
1789038628118076700,17.69207666015625,-0.7026045322418213,-0.39417457580566406,-0.30748939514160156
1789038628128076500,17.70207666015625,-0.6246159076690674,-0.4868321418762207,-0.41318750381469727
1789038628138076700,17.71207666015625,-0.8232548236846924,-0.5404171943664551,-0.4541001319885254
1789038628148076500,17.72207666015625,-0.7603757381439209,-0.48938417434692383,-0.30406999588012695
1789038628158076700,17.73207666015625,-0.5070657730102539,-0.45271921157836914,-0.10480070114135742
1789038628168076500,17.74207666015625,-0.2044050693511963,-0.4556283950805664,0.22757339477539062
1789038628178076700,17.75207666015625,0.022644758224487305,-0.45978403091430664,0.5845575332641602
1789038628188076500,17.76207666015625,0.34147047996520996,-0.45165491104125977,0.8659191131591797
1789038628198076700,17.77207666015625,0.5522737503051758,-0.4251136779785156,0.9971442222595215
1789038628208076500,17.78207666015625,0.4183955192565918,-0.35460329055786133,0.753809928894043
1789038628218076700,17.79207666015625,0.31394290924072266,-0.1725935935974121,0.435941219329834
1789038628228076500,17.80207666015625,0.25685906410217285,0.009929180145263672,0.1369462013244629
1789038628238076700,17.81207666015625,0.1629934310913086,0.15024566650390625,-0.026232242584228516
1789038628248076500,17.82207666015625,0.015052318572998047,0.11033487319946289,-0.02567434310913086
1789038628258076700,17.83207666015625,-0.1659841537475586,-0.09067249298095703,0.10027647018432617
1789038628268076500,17.84207666015625,-0.29322218894958496,-0.3777170181274414,0.34343481063842773
1789038628278076700,17.85207666015625,-0.30521488189697266,-0.6139693260192871,0.5924787521362305
1789038628288076500,17.86207666015625,-0.3536193370819092,-0.8357968330383301,0.8227095603942871
1789038628298076700,17.87207666015625,-0.3048095703125,-0.8643817901611328,0.8698844909667969
1789038628308076500,17.88207666015625,-0.23109173774719238,-0.5607476234436035,0.40462446212768555
1789038628318076700,17.89207666015625,-0.22286534309387207,-0.1858658790588379,0.039684295654296875
1789038628328076500,17.90207666015625,-0.16109204292297363,-0.062410831451416016,0.041759490966796875
1789038628338076700,17.91207666015625,-0.037984371185302734,-0.1134343147277832,0.032813072204589844
1789038628348076500,17.92207666015625,0.02156805992126465,-0.014057159423828125,-0.2955150604248047
1789038628358076700,17.93207666015625,0.08164191246032715,-0.08962392807006836,0.0766439437866211
1789038628368076500,17.94207666015625,0.1157221794128418,-0.28876447677612305,0.2813568115234375
1789038628378076700,17.95207666015625,-0.16706180572509766,-0.6170310974121094,0.5335211753845215
1789038628388076500,17.96207666015625,-0.3086845874786377,-0.9312167167663574,0.7541584968566895
1789038628398076700,17.97207666015625,-0.4386739730834961,-1.2211151123046875,0.8880167007446289
1789038628408076500,17.98207666015625,-0.40020132064819336,-1.2271361351013184,0.888824462890625
1789038628418076700,17.99207666015625,-0.3724396228790283,-1.2347254753112793,1.217299461364746
1789038628428076500,18.00207666015625,-0.10507011413574219,-0.8779973983764648,0.8543682098388672
1789038628438076700,18.01207666015625,0.15682101249694824,-0.4810357093811035,0.3065528869628906
1789038628448076500,18.02207666015625,0.28608107566833496,-0.2220897674560547,0.35176610946655273
1789038628458076700,18.03207666015625,0.45830869674682617,-0.0911250114440918,-0.12421894073486328
1789038628468076500,18.04207666015625,0.5266551971435547,0.04720497131347656,-0.29441261291503906
1789038628478076700,18.05207666015625,0.5438811779022217,0.12544631958007812,-0.9757509231567383
1789038628488076500,18.06207666015625,0.3707256317138672,0.19446563720703125,-0.5351409912109375
1789038628498076700,18.07207666015625,0.32335925102233887,0.3226318359375,-1.1230974197387695
1789038628508076500,18.08207666015625,0.21016573905944824,0.33381032943725586,-1.059494972229004
1789038628518076700,18.09207666015625,0.1880178451538086,0.20545721054077148,-0.7821545600891113
1789038628528076500,18.10207666015625,0.029350757598876953,0.13096857070922852,-0.4760122299194336
1789038628538076700,18.11207666015625,0.0659637451171875,0.0677642822265625,-0.8699593544006348
1789038628548076500,18.12207666015625,-0.13749194145202637,-0.28400564193725586,-0.5302114486694336
1789038628558076700,18.13207666015625,-0.002112865447998047,-0.5783100128173828,-0.14245080947875977
1789038628568076500,18.14207666015625,0.11186647415161133,-0.667724609375,-0.08690977096557617
1789038628578076700,18.15207666015625,-0.11351895332336426,-0.8536844253540039,0.09913349151611328
1789038628588076500,18.16207666015625,-0.3258094787597656,-0.9126858711242676,-0.22686243057250977
1789038628598076700,18.17207666015625,-0.0036745071411132812,-0.8029179573059082,0.13035011291503906
1789038628608076500,18.18207666015625,-0.18595671653747559,-0.8811197280883789,0.3362607955932617
1789038628618076700,18.19207666015625,0.018075942993164062,-0.6305966377258301,0.14456748962402344
1789038628628076500,18.20207666015625,0.035672903060913086,-0.33426713943481445,-0.07573127746582031
1789038628638076700,18.21207666015625,0.1977839469909668,-0.015848636627197266,-0.3888692855834961
1789038628648076500,18.22207666015625,0.3021667003631592,0.3023252487182617,-0.596473217010498
1789038628658076700,18.23207666015625,0.11854982376098633,0.4498772621154785,-0.49950647354125977
1789038628668076500,18.24207666015625,0.11305093765258789,0.48633766174316406,-0.20690536499023438
1789038628678076700,18.25207666015625,0.25325608253479004,0.45670413970947266,0.030272960662841797
1789038628688076500,18.26207666015625,0.12967967987060547,0.32584476470947266,0.3460502624511719
1789038628698076700,18.27207666015625,-0.252887487411499,0.1137995719909668,-0.3540511131286621
1789038628708076500,18.28207666015625,0.15946745872497559,0.02650737762451172,-0.29587697982788086
1789038628718076700,18.29207666015625,0.535172700881958,-0.0327305793762207,0.43160200119018555
1789038628728076500,18.30207666015625,0.18552255630493164,-0.03722429275512695,0.17112302780151367
1789038628738076700,18.31207666015625,0.18493986129760742,-0.06891584396362305,-0.080780029296875
1789038628748076500,18.32207666015625,0.2936279773712158,-0.04380941390991211,-0.8404650688171387
1789038628758076700,18.33207666015625,0.23969364166259766,0.04939413070678711,-1.3596348762512207
1789038628768076500,18.34207666015625,0.35843944549560547,0.11781072616577148,-1.3483195304870605
1789038628778076700,18.35207666015625,0.4425086975097656,0.17116093635559082,-1.5072345733642578
1789038628788076500,18.36207666015625,0.7234539985656738,0.37592625617980957,-1.6166868209838867
1789038628798076700,18.37207666015625,0.7924251556396484,0.6928901672363281,-1.6121740341186523
1789038628808076500,18.38207666015625,0.546299934387207,0.9040193557739258,-1.5475502014160156
1789038628818076700,18.39207666015625,0.3797292709350586,0.7830507755279541,-0.9347643852233887
1789038628828076500,18.40207666015625,0.36531567573547363,0.46622133255004883,-0.8100099563598633
1789038628838076700,18.41207666015625,0.5551662445068359,0.23540639877319336,-0.8964295387268066
1789038628848076500,18.42207666015625,0.6910943984985352,0.1334073543548584,-0.7390203475952148
1789038628858076700,18.43207666015625,0.5562891960144043,-0.3597071170806885,0.009593486785888672
1789038628868076500,18.44207666015625,-0.17489051818847656,-0.351299524307251,0.007964611053466797
1789038628878076700,18.45207666015625,0.0767965316772461,0.28623390197753906,0.0026268959045410156
1789038628888076500,18.46207666015625,0.39218807220458984,0.848168134689331,-0.13341951370239258
1789038628898076700,18.47207666015625,0.7078657150268555,0.5957491397857666,0.06419229507446289
1789038628908076500,18.48207666015625,0.6419811248779297,0.17397022247314453,0.2787513732910156
1789038628918076700,18.49207666015625,0.5208964347839355,-0.0009257793426513672,0.15275096893310547
1789038628928076500,18.50207666015625,0.31871724128723145,-0.14023685455322266,0.3732638359069824
1789038628938076700,18.51207666015625,0.25736236572265625,-0.24981164932250977,0.36574602127075195
1789038628948076500,18.52207666015625,0.2650790214538574,-0.2334747314453125,0.25684547424316406
1789038628958076700,18.53207666015625,0.1941080093383789,-0.13161253929138184,0.10667610168457031
1789038628968076500,18.54207666015625,-0.04193735122680664,-0.08741211891174316,0.004040718078613281
1789038628978076700,18.55207666015625,-0.1316976547241211,-0.11561918258666992,-0.007458686828613281
1789038628988076500,18.56207666015625,-0.06822395324707031,-0.08868932723999023,-0.2297053337097168
1789038628998076700,18.57207666015625,-0.08392953872680664,-0.09000444412231445,-0.3402433395385742
1789038629008076500,18.58207666015625,0.14013957977294922,-0.17198467254638672,-0.43993520736694336
1789038629018076700,18.59207666015625,0.3336963653564453,-0.23293042182922363,-0.6485080718994141
1789038629028076500,18.60207666015625,0.34482812881469727,-0.13648176193237305,-0.9819469451904297
1789038629038076700,18.61207666015625,0.1738133430480957,0.17816877365112305,-1.0810470581054688
1789038629048076500,18.62207666015625,0.10401439666748047,0.637047529220581,-1.2243833541870117
1789038629058076700,18.63207666015625,0.3643810749053955,0.7051026821136475,-1.0970697402954102
1789038629068076500,18.64207666015625,0.6181306838989258,0.4628746509552002,-1.3017454147338867
1789038629078076700,18.65207666015625,0.5639562606811523,0.25566673278808594,-1.2199935913085938
1789038629088076500,18.66207666015625,0.48488736152648926,-0.008984565734863281,-0.9001407623291016
1789038629098076700,18.67207666015625,0.39965224266052246,-0.11837005615234375,-0.9051570892333984
1789038629108076500,18.68207666015625,0.31405162811279297,-0.25191807746887207,-0.7320013046264648
1789038629118076700,18.69207666015625,0.13019943237304688,-0.20250678062438965,-0.5829620361328125
1789038629128076500,18.70207666015625,0.09486269950866699,-0.06840300559997559,-0.5172462463378906
1789038629138076700,18.71207666015625,0.10351777076721191,-0.013638973236083984,-0.4830513000488281
1789038629148076500,18.72207666015625,-0.20199823379516602,-0.035230159759521484,-0.4016571044921875
1789038629158076700,18.73207666015625,-0.3233952522277832,-0.10815715789794922,-0.2349257469177246
1789038629168076500,18.74207666015625,-0.35552048683166504,-0.25670790672302246,-0.12574005126953125
1789038629178076700,18.75207666015625,-0.33930277824401855,-0.4152963161468506,-0.10198688507080078
1789038629188076500,18.76207666015625,-0.21216511726379395,-0.5777196884155273,-0.17870044708251953
1789038629198076700,18.77207666015625,-0.303300142288208,-0.6752595901489258,-0.22034215927124023
1789038629208076500,18.78207666015625,-0.31052088737487793,-0.6701502799987793,-0.16705608367919922
1789038629218076700,18.79207666015625,-0.13042163848876953,-0.6207776069641113,-0.09462165832519531
1789038629228076500,18.80207666015625,-0.0071299076080322266,-0.5887312889099121,-0.027072906494140625
1789038629238076700,18.81207666015625,-0.1670212745666504,-0.4178733825683594,-0.32993030548095703
1789038629248076500,18.82207666015625,-0.24514079093933105,-0.12894129753112793,-0.9008231163024902
1789038629258076700,18.83207666015625,-0.23268890380859375,-0.07847976684570312,-0.638643741607666
1789038629268076500,18.84207666015625,-0.040282249450683594,0.08575868606567383,-1.0801362991333008
1789038629278076700,18.85207666015625,0.2602102756500244,0.2470242977142334,-1.0319099426269531
1789038629288076500,18.86207666015625,0.15055108070373535,0.3599374294281006,-1.1712336540222168
1789038629298076700,18.87207666015625,0.014214038848876953,0.5052585601806641,-1.2925443649291992
1789038629308076500,18.88207666015625,-0.06487035751342773,0.5634779930114746,-1.1240386962890625
1789038629318076700,18.89207666015625,-0.08130407333374023,0.5731782913208008,-0.984626293182373
1789038629328076500,18.90207666015625,0.1266775131225586,0.6023421287536621,-0.2271437644958496
1789038629338076700,18.91207666015625,0.10662174224853516,0.6337690353393555,-0.17925310134887695
1789038629348076500,18.92207666015625,-0.16312813758850098,0.44441843032836914,0.048412322998046875
1789038629358076700,18.93207666015625,0.5645363330841064,0.2924165725708008,0.42206525802612305
1789038629368076500,18.94207666015625,3.969998836517334,0.08436107635498047,-0.6876425743103027
1789038629378076700,18.95207666015625,1.4478598833084106,0.2659878730773926,-3.285386562347412
1789038629388076500,18.96207666015625,-3.939511775970459,0.9862759113311768,-3.461832046508789
1789038629398076700,18.97207666015625,-4.500301361083984,1.1739811897277832,-1.862452507019043
1789038629408076500,18.98207666015625,0.5080068111419678,1.082827091217041,0.6938972473144531
1789038629418076700,18.99207666015625,1.6311795711517334,0.8148870468139648,1.3829593658447266
1789038629428076500,19.00207666015625,0.7840166091918945,0.09963083267211914,1.37772798538208
1789038629438076700,19.01207666015625,-0.7119591236114502,-0.45302391052246094,1.5642714500427246
1789038629448076500,19.02207666015625,-0.6085083484649658,-0.9132595062255859,1.5576562881469727
1789038629458076700,19.03207666015625,-0.4451160430908203,-1.5167865753173828,0.8513650894165039
1789038629468076500,19.04207666015625,-0.9627249240875244,-2.078549861907959,0.4747004508972168
1789038629478076700,19.05207666015625,-0.8035070896148682,-2.5915184020996094,0.9347143173217773
1789038629488076500,19.06207666015625,-0.34994006156921387,-2.527071952819824,1.2617826461791992
1789038629498076700,19.07207666015625,-0.4209904670715332,-1.6676692962646484,1.1461119651794434
1789038629508076500,19.08207666015625,-0.5734798908233643,-0.5528302192687988,1.0025582313537598
1789038629518076700,19.09207666015625,-0.5823593139648438,0.47473812103271484,0.44253110885620117
1789038629528076500,19.10207666015625,-1.0076096057891846,1.3791160583496094,-0.6998615264892578
1789038629538076700,19.11207666015625,-1.3227791786193848,2.130324363708496,-1.375624179840088
1789038629548076500,19.12207666015625,-0.974327564239502,2.633693218231201,-1.734273910522461
1789038629558076700,19.13207666015625,-0.4899630546569824,2.722795248031616,-2.286344051361084
1789038629568076500,19.14207666015625,0.001341104507446289,2.213667869567871,-2.158346652984619
1789038629578076700,19.15207666015625,0.08196377754211426,1.3121399879455566,-1.338449478149414
1789038629588076500,19.16207666015625,-0.16924381256103516,0.36919212341308594,-0.22321701049804688
1789038629598076700,19.17207666015625,-0.36521363258361816,-0.47859859466552734,0.8446612358093262
1789038629608076500,19.18207666015625,-0.22695374488830566,-1.2052922248840332,1.4410505294799805
1789038629618076700,19.19207666015625,0.06296443939208984,-1.623481273651123,1.4812383651733398
1789038629628076500,19.20207666015625,0.2758748531341553,-1.8827905654907227,1.965700626373291
1789038629638076700,19.21207666015625,0.615541934967041,-1.8735699653625488,2.0359511375427246
1789038629648076500,19.22207666015625,0.6550521850585938,-1.6033601760864258,1.5754289627075195
1789038629658076700,19.23207666015625,0.7076836824417114,-1.2803459167480469,1.1258368492126465
1789038629668076500,19.24207666015625,0.4607982635498047,-0.7751212120056152,0.38631105422973633
1789038629678076700,19.25207666015625,0.11108636856079102,-0.18161964416503906,-0.08383035659790039
1789038629688076500,19.26207666015625,0.0967719554901123,0.3084535598754883,-0.4436626434326172
1789038629698076700,19.27207666015625,0.251495361328125,0.7631669044494629,-1.0700931549072266
1789038629708076500,19.28207666015625,0.31665778160095215,0.847233772277832,-1.0134215354919434
1789038629718076700,19.29207666015625,0.1366410255432129,0.8898558616638184,-0.7709107398986816
1789038629728076500,19.30207666015625,0.07541680335998535,0.38066959381103516,0.24277687072753906
1789038629738076700,19.31207666015625,-0.0487058162689209,-0.023804187774658203,0.017264842987060547
1789038629748076500,19.32207666015625,-0.09694361686706543,-0.23372936248779297,0.3030414581298828
1789038629758076700,19.33207666015625,-0.12403726577758789,-0.5946192741394043,0.8475155830383301
1789038629768076500,19.34207666015625,0.035913944244384766,-0.9151506423950195,1.197953701019287
1789038629778076700,19.35207666015625,0.03306412696838379,-1.067596435546875,1.2194018363952637
1789038629788076500,19.36207666015625,0.04386425018310547,-1.0825014114379883,1.033604621887207
1789038629798076700,19.37207666015625,-0.42617249488830566,-0.7929892539978027,0.42380571365356445
1789038629808076500,19.38207666015625,-0.6171157360076904,-0.7793421745300293,0.7458901405334473
1789038629818076700,19.39207666015625,-0.44837522506713867,-0.7234930992126465,0.6419439315795898
1789038629828076500,19.40207666015625,-0.047936201095581055,-0.683103084564209,0.5573296546936035
1789038629838076700,19.41207666015625,0.04041099548339844,-0.31772756576538086,-0.4971752166748047
1789038629848076500,19.42207666015625,-0.0523686408996582,0.05693769454956055,-0.92755126953125
1789038629858076700,19.43207666015625,0.05287432670593262,-0.017242431640625,-0.22308826446533203
1789038629868076500,19.44207666015625,0.10030913352966309,-0.04504251480102539,0.09841632843017578
1789038629878076700,19.45207666015625,0.11534404754638672,-0.03393363952636719,0.2251601219177246
1789038629888076500,19.46207666015625,0.05529451370239258,-0.13959884643554688,0.4896063804626465
1789038629898076700,19.47207666015625,0.035047292709350586,-0.3516707420349121,0.5734491348266602
1789038629908076500,19.48207666015625,0.11308550834655762,-0.48998308181762695,0.46125268936157227
1789038629918076700,19.49207666015625,0.25241565704345703,-0.6463503837585449,0.3415489196777344
1789038629928076500,19.50207666015625,0.20694565773010254,-0.8072624206542969,0.5892133712768555
1789038629938076700,19.51207666015625,0.28000760078430176,-1.0220832824707031,0.883385181427002
1789038629948076500,19.52207666015625,0.2669186592102051,-1.0817322731018066,0.48888111114501953
1789038629958076700,19.53207666015625,0.12945342063903809,-1.073167324066162,0.6691074371337891
1789038629968076500,19.54207666015625,0.0379941463470459,-0.9852256774902344,0.7763814926147461
1789038629978076700,19.55207666015625,0.17406535148620605,-0.8585705757141113,1.0650691986083984
1789038629988076500,19.56207666015625,0.39703047275543213,-0.09945344924926758,0.5000438690185547
1789038629998076700,19.57207666015625,0.5977110862731934,0.2897772789001465,0.31052303314208984
1789038630008076500,19.58207666015625,0.6627340316772461,0.7381219863891602,-0.17754268646240234
1789038630018076700,19.59207666015625,0.5698220729827881,0.8656940460205078,-0.336946964263916
1789038630028076500,19.60207666015625,0.464641809463501,0.4960355758666992,-0.08122539520263672
1789038630038076700,19.61207666015625,0.34188055992126465,-0.17779541015625,0.304415225982666
1789038630048076500,19.62207666015625,0.19854474067687988,-0.5525727272033691,0.1950054168701172
1789038630058076700,19.63207666015625,0.01895284652709961,-0.7979536056518555,0.2553262710571289
1789038630068076500,19.64207666015625,-0.06221437454223633,-0.6346759796142578,0.1515522003173828
1789038630078076700,19.65207666015625,0.01058197021484375,-0.49293947219848633,0.09532499313354492
1789038630088076500,19.66207666015625,0.0011456012725830078,-0.2519955635070801,-0.17181015014648438
1789038630098076700,19.67207666015625,-0.034987688064575195,-0.04740428924560547,-0.30657052993774414
1789038630108076500,19.68207666015625,-0.08970379829406738,-0.11341428756713867,-0.21143484115600586
1789038630118076700,19.69207666015625,-0.20941472053527832,-0.2061166763305664,-0.15319395065307617
1789038630128076500,19.70207666015625,-0.30922603607177734,-0.29393959045410156,-0.016935348510742188
1789038630138076700,19.71207666015625,-0.400148868560791,-0.40098094940185547,0.08162927627563477
1789038630148076500,19.72207666015625,-0.38364458084106445,-0.5136475563049316,0.11270570755004883
1789038630158076700,19.73207666015625,-0.2402806282043457,-0.5064268112182617,-0.009907722473144531
1789038630168076500,19.74207666015625,-0.12222528457641602,-0.41652965545654297,-0.12082052230834961
1789038630178076700,19.75207666015625,-0.010536670684814453,-0.35749387741088867,-0.2382221221923828
1789038630188076500,19.76207666015625,0.03775620460510254,-0.2459578514099121,-0.34361934661865234
1789038630198076700,19.77207666015625,0.03707480430603027,-0.21344470977783203,-0.3917813301086426
1789038630208076500,19.78207666015625,0.026712656021118164,-0.25374841690063477,-0.30932092666625977
1789038630218076700,19.79207666015625,0.005709648132324219,-0.37812042236328125,-0.12221717834472656
1789038630228076500,19.80207666015625,0.06592249870300293,-0.5869889259338379,0.07515954971313477
1789038630238076700,19.81207666015625,0.13806796073913574,-0.7185349464416504,0.22999000549316406
1789038630248076500,19.82207666015625,0.30188488960266113,-0.730898380279541,0.19238662719726562
1789038630258076700,19.83207666015625,0.3688056468963623,-0.46695518493652344,0.14836454391479492
1789038630268076500,19.84207666015625,0.3816847801208496,-0.11797523498535156,0.03010082244873047
1789038630278076700,19.85207666015625,0.4146456718444824,0.15553998947143555,-0.1583690643310547
1789038630288076500,19.86207666015625,0.4161698818206787,0.35483360290527344,-0.26526975631713867
1789038630298076700,19.87207666015625,0.37975192070007324,0.23100900650024414,-0.37320756912231445
1789038630308076500,19.88207666015625,0.32018494606018066,-0.059937477111816406,-0.2428302764892578
1789038630318076700,19.89207666015625,0.21071743965148926,-0.35737037658691406,-0.022043704986572266
1789038630328076500,19.90207666015625,0.07682108879089355,-0.6080112457275391,0.17457914352416992
1789038630338076700,19.91207666015625,-0.23120975494384766,-0.5790605545043945,0.1928577423095703
1789038630348076500,19.92207666015625,-0.46967244148254395,-0.38112306594848633,0.1878337860107422
1789038630358076700,19.93207666015625,-0.49902868270874023,-0.15834426879882812,0.04050159454345703
1789038630368076500,19.94207666015625,-0.42463135719299316,0.04944753646850586,0.03935718536376953
1789038630378076700,19.95207666015625,-0.2684326171875,0.19950580596923828,0.08663511276245117
1789038630388076500,19.96207666015625,-0.012848377227783203,0.17791748046875,0.15192079544067383
1789038630398076700,19.97207666015625,-0.03462362289428711,0.1681656837463379,0.10758638381958008
1789038630408076500,19.98207666015625,0.04689168930053711,0.05036115646362305,0.04911613464355469
1789038630418076700,19.99207666015625,0.19430255889892578,-0.14976835250854492,-0.027530193328857422
1789038630428076500,20.00207666015625,0.45227646827697754,-0.4113473892211914,0.04769325256347656
1789038630438076700,20.01207666015625,0.4657081365585327,-0.5203866958618164,-0.06879854202270508
1789038630448076500,20.02207666015625,0.3655388355255127,-0.7026205062866211,-0.04767274856567383
1789038630458076700,20.03207666015625,-0.05155801773071289,-0.8366284370422363,0.04947948455810547
1789038630468076500,20.04207666015625,-0.4384877681732178,-0.9317684173583984,-0.0231781005859375
1789038630478076700,20.05207666015625,-0.6171796321868896,-1.0595808029174805,0.13386774063110352
1789038630488076500,20.06207666015625,-0.3303384780883789,-1.135995864868164,0.2128744125366211
1789038630498076700,20.07207666015625,0.18103384971618652,-1.0504679679870605,0.3863191604614258
1789038630508076500,20.08207666015625,0.6765002012252808,-0.9021224975585938,0.6187496185302734
1789038630518076700,20.09207666015625,0.9256714582443237,-0.8688578605651855,0.9789419174194336
1789038630528076500,20.10207666015625,0.7754545211791992,-0.6065001487731934,1.257103443145752
1789038630538076700,20.11207666015625,0.4558675289154053,-0.26241111755371094,0.9215965270996094
1789038630548076500,20.12207666015625,0.27785444259643555,0.013774871826171875,0.3591728210449219
1789038630558076700,20.13207666015625,0.48502588272094727,0.2979130744934082,0.46232032775878906
1789038630568076500,20.14207666015625,0.5820772647857666,0.4787912368774414,0.4442758560180664
1789038630578076700,20.15207666015625,0.5275731086730957,0.38151073455810547,0.5461521148681641
1789038630588076500,20.16207666015625,0.41608548164367676,0.49078845977783203,0.20170831680297852
1789038630598076700,20.17207666015625,-0.015517950057983398,0.28501224517822266,0.6973738670349121
1789038630608076500,20.18207666015625,-0.09231996536254883,0.2761874198913574,-0.12257766723632812
1789038630618076700,20.19207666015625,0.007914543151855469,0.3476557731628418,-0.3882732391357422
1789038630628076500,20.20207666015625,0.30322813987731934,0.49170637130737305,-0.6584501266479492
1789038630638076700,20.21207666015625,0.3809654712677002,0.3353123664855957,-0.0736551284790039
1789038630648076500,20.22207666015625,0.3896050453186035,0.24208498001098633,-0.2983098030090332
1789038630658076700,20.23207666015625,-0.13887929916381836,0.08553409576416016,-0.17084884643554688
1789038630668076500,20.24207666015625,-0.5243213176727295,-0.2184128761291504,-0.44297266006469727
1789038630678076700,20.25207666015625,-0.5877823829650879,-0.538393497467041,-0.6923494338989258
1789038630688076500,20.26207666015625,-0.4256563186645508,-0.6697874069213867,-0.5440855026245117
1789038630698076700,20.27207666015625,-0.18884730339050293,-0.7301735877990723,-0.313779354095459
1789038630708076500,20.28207666015625,0.09199714660644531,-0.4760150909423828,-0.060369014739990234
1789038630718076700,20.29207666015625,0.4781930446624756,0.07177352905273438,-0.3027987480163574
1789038630728076500,20.30207666015625,0.504096269607544,0.561622142791748,0.2896904945373535
1789038630738076700,20.31207666015625,0.35426950454711914,0.9476184844970703,0.6198534965515137
1789038630748076500,20.32207666015625,0.3487112522125244,1.0662946701049805,0.538853645324707
1789038630758076700,20.33207666015625,0.6311681270599365,0.7926182746887207,-0.05490446090698242
1789038630768076500,20.34207666015625,0.849961519241333,0.23245573043823242,0.34029531478881836
1789038630778076700,20.35207666015625,0.9495468139648438,-0.15310382843017578,1.0255370140075684
1789038630788076500,20.36207666015625,0.6049849987030029,-0.49011850357055664,1.1263313293457031
1789038630798076700,20.37207666015625,0.668248176574707,-0.7144169807434082,1.0062999725341797
1789038630808076500,20.38207666015625,0.6501107215881348,-0.5985250473022461,0.38909912109375
1789038630818076700,20.39207666015625,0.5434885025024414,-0.31615447998046875,-0.23133373260498047
1789038630828076500,20.40207666015625,0.6328697204589844,-0.0352783203125,-0.6196961402893066
1789038630838076700,20.41207666015625,0.9292826652526855,0.17357969284057617,-0.6028447151184082
1789038630848076500,20.42207666015625,1.1659877300262451,0.49974966049194336,-0.274137020111084
1789038630858076700,20.43207666015625,0.8266022205352783,0.5610170364379883,-0.6701664924621582
1789038630868076500,20.44207666015625,0.8303313255310059,0.39626550674438477,-1.2928357124328613
1789038630878076700,20.45207666015625,0.5879158973693848,0.20007610321044922,-1.8187475204467773
1789038630888076500,20.46207666015625,0.33706235885620117,0.07310342788696289,-2.0859298706054688
1789038630898076700,20.47207666015625,0.145186185836792,0.08323287963867188,-1.7736501693725586
1789038630908076500,20.48207666015625,0.12813735008239746,0.021209716796875,-1.187265396118164
1789038630918076700,20.49207666015625,-0.03402972221374512,-0.07159280776977539,-0.7411255836486816
1789038630928076500,20.50207666015625,-0.2633531093597412,-0.3008270263671875,-0.21324968338012695
1789038630938076700,20.51207666015625,-0.5187134742736816,-0.5412092208862305,-0.27484560012817383
1789038630948076500,20.52207666015625,-0.5443713665008545,-0.5203509330749512,-0.34129858016967773
1789038630958076700,20.53207666015625,-0.3689885139465332,-0.4461188316345215,-0.46976661682128906
1789038630968076500,20.54207666015625,-0.0318913459777832,-0.24476957321166992,-0.5784182548522949
1789038630978076700,20.55207666015625,0.14744210243225098,-0.19072437286376953,-0.42837953567504883
1789038630988076500,20.56207666015625,0.1601865291595459,-0.18313312530517578,-0.4961094856262207
1789038630998076700,20.57207666015625,0.25382256507873535,-0.29466915130615234,-0.14158344268798828
1789038631008076500,20.58207666015625,0.12079286575317383,-0.40783262252807617,0.12531089782714844
1789038631018076700,20.59207666015625,0.1887798309326172,-0.45937061309814453,-0.03577852249145508
1789038631028076500,20.60207666015625,0.3754706382751465,-0.395557165145874,-0.5851478576660156
1789038631038076700,20.61207666015625,0.4213099479675293,-0.14536094665527344,-1.2057294845581055
1789038631048076500,20.62207666015625,0.4047966003417969,0.16425299644470215,-1.6815638542175293
1789038631058076700,20.63207666015625,0.32898664474487305,0.3786911964416504,-1.7191190719604492
1789038631068076500,20.64207666015625,0.34333205223083496,0.7052292823791504,-1.859602451324463
1789038631078076700,20.65207666015625,0.16228675842285156,0.9099364280700684,-1.6298227310180664
1789038631088076500,20.66207666015625,-0.1555633544921875,0.9637675285339355,-1.493391990661621
1789038631098076700,20.67207666015625,-0.20865511894226074,0.772406816482544,-1.164914608001709
1789038631108076500,20.68207666015625,-0.2542235851287842,0.5535612106323242,-0.8418645858764648
1789038631118076700,20.69207666015625,-0.11438679695129395,0.27402186393737793,-0.48479747772216797
1789038631128076500,20.70207666015625,-0.0410456657409668,-0.1270887851715088,-0.1296529769897461
1789038631138076700,20.71207666015625,0.22771596908569336,-0.47761082649230957,0.14616775512695312
1789038631148076500,20.72207666015625,0.37149572372436523,-0.56158447265625,-0.04965019226074219
1789038631158076700,20.73207666015625,0.13999128341674805,-0.36133623123168945,-0.3562612533569336
1789038631168076500,20.74207666015625,0.08503842353820801,-0.11819958686828613,-0.36985301971435547
1789038631178076700,20.75207666015625,0.2405109405517578,0.0967714786529541,-0.6035184860229492
1789038631188076500,20.76207666015625,0.28604841232299805,0.33580613136291504,-0.5909461975097656
1789038631198076700,20.77207666015625,0.42543935775756836,0.548048734664917,-0.29452991485595703
1789038631208076500,20.78207666015625,0.4713587760925293,0.6600472927093506,-0.09327220916748047
1789038631218076700,20.79207666015625,0.28557896614074707,0.5242877006530762,-0.056995391845703125
1789038631228076500,20.80207666015625,0.3437767028808594,0.3169565200805664,-0.04384899139404297
1789038631238076700,20.81207666015625,0.29558229446411133,0.18961763381958008,-0.2707328796386719
1789038631248076500,20.82207666015625,-0.05117678642272949,0.11407232284545898,-0.6794233322143555
1789038631258076700,20.83207666015625,-0.13769292831420898,0.006208896636962891,-0.7255334854125977
1789038631268076500,20.84207666015625,-0.08114409446716309,0.007590293884277344,-0.5785417556762695
1789038631278076700,20.85207666015625,0.07098674774169922,0.00997304916381836,-0.49126338958740234
1789038631288076500,20.86207666015625,0.25040626525878906,-0.03924846649169922,-0.42633628845214844
1789038631298076700,20.87207666015625,0.3927943706512451,-0.08016300201416016,-0.35822153091430664
1789038631308076500,20.88207666015625,0.18413305282592773,-0.09203529357910156,-0.578791618347168
1789038631318076700,20.89207666015625,0.06631946563720703,-0.09797382354736328,-0.6699995994567871
1789038631328076500,20.90207666015625,-0.0069179534912109375,-0.071624755859375,-0.8176822662353516
1789038631338076700,20.91207666015625,0.010643243789672852,0.03304243087768555,-0.7852773666381836
1789038631348076500,20.92207666015625,0.11980938911437988,0.15269756317138672,-0.6918306350708008
1789038631358076700,20.93207666015625,0.12686514854431152,0.3606266975402832,-0.6815953254699707
1789038631368076500,20.94207666015625,-0.06695771217346191,0.5312888622283936,-0.48648929595947266
1789038631378076700,20.95207666015625,0.1118316650390625,0.5023026466369629,-0.23683738708496094
1789038631388076500,20.96207666015625,0.43132448196411133,0.5329253673553467,-0.06716060638427734
1789038631398076700,20.97207666015625,0.568950891494751,0.526740550994873,0.03266429901123047
1789038631408076500,20.98207666015625,0.4461181163787842,0.534977912902832,0.06835269927978516
1789038631418076700,20.99207666015625,0.0749959945678711,0.6456496715545654,-0.1586742401123047
1789038631428076500,21.00207666015625,0.08723163604736328,0.9334969520568848,-0.6875829696655273
1789038631438076700,21.01207666015625,-0.025220394134521484,1.0193796157836914,-0.7444334030151367
1789038631448076500,21.02207666015625,-0.3810732364654541,1.2316474914550781,-0.7140111923217773
1789038631458076700,21.03207666015625,-0.2321183681488037,1.175837755203247,-0.4943876266479492
1789038631468076500,21.04207666015625,0.4476935863494873,0.8909516334533691,-0.09082174301147461
1789038631478076700,21.05207666015625,0.29561686515808105,0.6395373344421387,0.036769866943359375
1789038631488076500,21.06207666015625,0.0979149341583252,0.5540943145751953,-0.025118350982666016
1789038631498076700,21.07207666015625,-0.153853178024292,0.6315793991088867,-0.036173343658447266
1789038631508076500,21.08207666015625,-0.32059359550476074,0.7574639320373535,-0.1748337745666504
1789038631518076700,21.09207666015625,-0.12106609344482422,0.9070339202880859,-0.21513795852661133
1789038631528076500,21.10207666015625,0.3065009117126465,0.9680600166320801,-0.34932613372802734
1789038631538076700,21.11207666015625,0.3120081424713135,1.0349712371826172,-0.3941044807434082
1789038631548076500,21.12207666015625,-0.1882643699645996,0.9811677932739258,-0.3160429000854492
1789038631558076700,21.13207666015625,-0.2719385623931885,0.5897746086120605,0.09485149383544922
1789038631568076500,21.14207666015625,-0.272477388381958,0.36914873123168945,0.16633224487304688
1789038631578076700,21.15207666015625,-0.1941068172454834,0.12479639053344727,-0.055932044982910156
1789038631588076500,21.16207666015625,0.15498876571655273,-0.0994114875793457,-0.2360696792602539
1789038631598076700,21.17207666015625,0.02164006233215332,-0.2779688835144043,-0.24835920333862305
1789038631608076500,21.18207666015625,0.00754237174987793,-0.3906097412109375,-0.08484315872192383
1789038631618076700,21.19207666015625,-0.24896740913391113,-0.5785684585571289,0.043015480041503906
1789038631628076500,21.20207666015625,-0.34430861473083496,-0.8529143333435059,0.250246524810791
1789038631638076700,21.21207666015625,-0.2339954376220703,-0.9475655555725098,0.35132741928100586
1789038631648076500,21.22207666015625,-0.15666699409484863,-1.0706443786621094,0.40199995040893555
1789038631658076700,21.23207666015625,-0.20739340782165527,-1.1883502006530762,0.6117892265319824
1789038631668076500,21.24207666015625,-0.053435564041137695,-1.2302489280700684,0.7087640762329102
1789038631678076700,21.25207666015625,0.06142377853393555,-1.1686296463012695,0.7204456329345703
1789038631688076500,21.26207666015625,0.08515024185180664,-1.1336750984191895,0.7693991661071777
1789038631698076700,21.27207666015625,-0.05747795104980469,-0.9380483627319336,0.6589493751525879
1789038631708076500,21.28207666015625,-0.18089962005615234,-0.7680864334106445,0.9249491691589355
1789038631718076700,21.29207666015625,-0.30979108810424805,-0.637568473815918,0.6506681442260742
1789038631728076500,21.30207666015625,-0.317946195602417,-0.22528553009033203,0.17874431610107422
1789038631738076700,21.31207666015625,0.03612875938415527,0.15418195724487305,-0.21320104598999023
1789038631748076500,21.32207666015625,0.27571892738342285,0.5112223625183105,-0.9827585220336914
1789038631758076700,21.33207666015625,0.10077595710754395,0.5992336273193359,-1.0506997108459473
1789038631768076500,21.34207666015625,-0.00119781494140625,0.31136608123779297,-0.705930233001709
1789038631778076700,21.35207666015625,0.1969013214111328,-0.03804302215576172,-0.7016267776489258
1789038631788076500,21.36207666015625,0.1953434944152832,-0.3110365867614746,0.008448600769042969
1789038631798076700,21.37207666015625,0.09168100357055664,-0.5751094818115234,0.5494050979614258
1789038631808076500,21.38207666015625,-0.011481285095214844,-0.7820863723754883,0.8283805847167969
1789038631818076700,21.39207666015625,0.06055045127868652,-0.7779560089111328,0.7172536849975586
1789038631828076500,21.40207666015625,0.018893003463745117,-0.691157341003418,0.2198634147644043
1789038631838076700,21.41207666015625,-0.17995953559875488,-0.5128240585327148,0.1469736099243164
1789038631848076500,21.42207666015625,-0.09530377388000488,-0.38182687759399414,0.3210911750793457
1789038631858076700,21.43207666015625,0.04777264595031738,-0.14420843124389648,0.17217206954956055
1789038631868076500,21.44207666015625,0.05958986282348633,-0.09911108016967773,0.29866886138916016
1789038631878076700,21.45207666015625,0.048479318618774414,0.02817249298095703,0.1820392608642578
1789038631888076500,21.46207666015625,0.05411887168884277,0.04512214660644531,0.17063570022583008
1789038631898076700,21.47207666015625,0.12720227241516113,-0.10670852661132812,0.41489219665527344
1789038631908076500,21.48207666015625,0.10968542098999023,0.058152198791503906,-0.1520857810974121
1789038631918076700,21.49207666015625,0.17842745780944824,0.06954050064086914,0.09840726852416992
1789038631928076500,21.50207666015625,0.19480633735656738,0.08025026321411133,0.14798212051391602
1789038631938076700,21.51207666015625,0.16697049140930176,-0.042537689208984375,0.4102473258972168
1789038631948076500,21.52207666015625,0.058852434158325195,-0.09098196029663086,0.34880924224853516
1789038631958076700,21.53207666015625,0.09635210037231445,-0.3201446533203125,0.6702532768249512
1789038631968076500,21.54207666015625,0.18535542488098145,-0.4452357292175293,0.6163439750671387
1789038631978076700,21.55207666015625,0.1807541847229004,-0.30493927001953125,0.45281314849853516
1789038631988076500,21.56207666015625,0.16530776023864746,-0.250302791595459,0.28807592391967773
1789038631998076700,21.57207666015625,0.17071175575256348,-0.04349946975708008,0.0451817512512207
1789038632008076500,21.58207666015625,0.147965669631958,0.13431882858276367,-0.03733491897583008
1789038632018076700,21.59207666015625,0.2181708812713623,0.034184932708740234,0.19585895538330078
1789038632028076500,21.60207666015625,0.2820613384246826,-0.08948659896850586,0.3372368812561035
1789038632038076700,21.61207666015625,0.2810525894165039,-0.15964698791503906,0.3564949035644531
1789038632048076500,21.62207666015625,0.20581412315368652,-0.24777698516845703,0.3711576461791992
1789038632058076700,21.63207666015625,0.14214253425598145,-0.3044595718383789,0.39534902572631836
1789038632068076500,21.64207666015625,0.06570124626159668,-0.3914809226989746,0.47382402420043945
1789038632078076700,21.65207666015625,0.0264737606048584,-0.3844337463378906,0.44605541229248047
1789038632088076500,21.66207666015625,0.04448199272155762,-0.28786802291870117,0.43246889114379883
1789038632098076700,21.67207666015625,0.158189058303833,-0.2190532684326172,0.46486759185791016
1789038632108076500,21.68207666015625,0.15566062927246094,-0.13208866119384766,0.4366946220397949
1789038632118076700,21.69207666015625,0.10689640045166016,-0.08885383605957031,0.40589237213134766
1789038632128076500,21.70207666015625,0.08892345428466797,-0.1951007843017578,0.4289889335632324
1789038632138076700,21.71207666015625,0.014759063720703125,-0.23282766342163086,0.4583554267883301
1789038632148076500,21.72207666015625,-0.07788348197937012,-0.15973711013793945,0.46736717224121094
1789038632158076700,21.73207666015625,-0.08104062080383301,0.028050899505615234,0.3610496520996094
1789038632168076500,21.74207666015625,-0.030243396759033203,0.2702975273132324,0.1628885269165039
1789038632178076700,21.75207666015625,0.03821897506713867,0.46795225143432617,-0.05108499526977539
1789038632188076500,21.76207666015625,0.22229528427124023,0.5186538696289062,-0.17838621139526367
1789038632198076700,21.77207666015625,0.3845803737640381,0.3851332664489746,-0.22142553329467773
1789038632208076500,21.78207666015625,0.28079891204833984,0.20391130447387695,-0.18213653564453125
1789038632218076700,21.79207666015625,0.03720688819885254,-0.012520313262939453,-0.02579641342163086
1789038632228076500,21.80207666015625,-0.1014561653137207,-0.29231929779052734,0.15073347091674805
1789038632238076700,21.81207666015625,-0.24180912971496582,-0.6331329345703125,0.27830934524536133
1789038632248076500,21.82207666015625,-0.32492804527282715,-0.9092702865600586,0.3928990364074707
1789038632258076700,21.83207666015625,-0.3416476249694824,-1.0024371147155762,0.44089365005493164
1789038632268076500,21.84207666015625,-0.33620405197143555,-0.8448090553283691,0.41133642196655273
1789038632278076700,21.85207666015625,-0.24478507041931152,-0.46166086196899414,0.30098772048950195
1789038632288076500,21.86207666015625,-0.03245353698730469,0.07273721694946289,-0.009939193725585938
1789038632298076700,21.87207666015625,0.14083337783813477,0.5217599868774414,-0.2213897705078125
1789038632308076500,21.88207666015625,0.3502030372619629,0.7396955490112305,-0.3171548843383789
1789038632318076700,21.89207666015625,0.5835690498352051,0.6505322456359863,-0.12264823913574219
1789038632328076500,21.90207666015625,0.6233212947845459,0.38013315200805664,0.031989097595214844
1789038632338076700,21.91207666015625,0.5209629535675049,0.16040277481079102,0.2443222999572754
1789038632348076500,21.92207666015625,0.417954683303833,-0.12192010879516602,0.37294864654541016
1789038632358076700,21.93207666015625,0.3356204032897949,-0.25438880920410156,0.31612157821655273
1789038632368076500,21.94207666015625,0.2377316951751709,-0.18413734436035156,0.18185901641845703
1789038632378076700,21.95207666015625,0.12003040313720703,-0.03157377243041992,0.007123470306396484
1789038632388076500,21.96207666015625,0.13608956336975098,0.09561443328857422,-0.12776756286621094
1789038632398076700,21.97207666015625,0.03561878204345703,0.1514592170715332,-0.1753091812133789
1789038632408076500,21.98207666015625,0.12172412872314453,0.013432979583740234,0.052225589752197266
1789038632418076700,21.99207666015625,0.15444374084472656,-0.10646200180053711,0.3321347236633301
1789038632428076500,22.00207666015625,0.3568239212036133,-0.11871528625488281,0.46282196044921875
1789038632438076700,22.01207666015625,0.5478301048278809,-0.03798627853393555,0.35611772537231445
1789038632448076500,22.02207666015625,0.5381324291229248,0.13275909423828125,0.07880926132202148
1789038632458076700,22.03207666015625,0.48923730850219727,0.21342182159423828,-0.09592580795288086
1789038632468076500,22.04207666015625,0.22962045669555664,0.31824541091918945,-0.3346395492553711
1789038632478076700,22.05207666015625,0.09729814529418945,0.4425811767578125,-0.44894933700561523
1789038632488076500,22.06207666015625,-0.09669756889343262,0.49207496643066406,-0.490325927734375
1789038632498076700,22.07207666015625,-0.26407480239868164,0.3692665100097656,-0.3728008270263672
1789038632508076500,22.08207666015625,-0.26372766494750977,0.17476844787597656,-0.19280195236206055
1789038632518076700,22.09207666015625,-0.22387433052062988,-0.07634687423706055,0.037335872650146484
1789038632528076500,22.10207666015625,-0.19137358665466309,-0.3570222854614258,0.27751731872558594
1789038632538076700,22.11207666015625,-0.23827409744262695,-0.5010595321655273,0.301663875579834
1789038632548076500,22.12207666015625,-0.07285380363464355,-0.6536760330200195,0.2447810173034668
1789038632558076700,22.13207666015625,-0.18063044548034668,-0.629295825958252,0.15403175354003906
1789038632568076500,22.14207666015625,-0.33304691314697266,-0.5701656341552734,-0.025196552276611328
1789038632578076700,22.15207666015625,-0.47580623626708984,-0.571505069732666,-0.060433387756347656
1789038632588076500,22.16207666015625,-0.39279913902282715,-0.5992989540100098,-0.08381938934326172
1789038632598076700,22.17207666015625,-0.23266029357910156,-0.7535252571105957,0.0910787582397461
1789038632608076500,22.18207666015625,-0.17913436889648438,-1.0324888229370117,0.47002601623535156
1789038632618076700,22.19207666015625,-0.09341168403625488,-1.1566410064697266,0.949061393737793
1789038632628076500,22.20207666015625,-0.09281635284423828,-1.2132282257080078,1.4246912002563477
1789038632638076700,22.21207666015625,-0.06196403503417969,-1.1419029235839844,1.7782340049743652
1789038632648076500,22.22207666015625,-0.12128925323486328,-0.9601917266845703,1.9376873970031738
1789038632658076700,22.23207666015625,-0.1751241683959961,-0.7720661163330078,1.8671913146972656
1789038632668076500,22.24207666015625,-0.09689640998840332,-0.5780754089355469,1.4868359565734863
1789038632678076700,22.25207666015625,-0.024463176727294922,-0.4730653762817383,1.086890697479248
1789038632688076500,22.26207666015625,0.253429651260376,-0.3739180564880371,0.8644976615905762
1789038632698076700,22.27207666015625,0.38349080085754395,-0.3068661689758301,0.7831273078918457
1789038632708076500,22.28207666015625,0.3083829879760742,-0.17218303680419922,0.35280895233154297
1789038632718076700,22.29207666015625,0.37328338623046875,-0.11464548110961914,-0.07774019241333008
1789038632728076500,22.30207666015625,0.2704346179962158,0.011040210723876953,-0.8262500762939453
1789038632738076700,22.31207666015625,0.13167619705200195,0.08437490463256836,-0.604794979095459
1789038632748076500,22.32207666015625,0.4922454357147217,0.2544822692871094,-0.8453059196472168
1789038632758076700,22.33207666015625,0.78517746925354,0.24178791046142578,-0.7644877433776855
1789038632768076500,22.34207666015625,0.7653722763061523,0.16032075881958008,-0.49968814849853516
1789038632778076700,22.35207666015625,0.6743829250335693,-0.0320429801940918,-0.7510547637939453
1789038632788076500,22.36207666015625,0.4386134147644043,-0.06769323348999023,-0.31232261657714844
1789038632798076700,22.37207666015625,-0.06723189353942871,-0.09435319900512695,-0.20708131790161133
1789038632808076500,22.38207666015625,0.1381382942199707,-0.05053091049194336,-0.11095428466796875
1789038632818076700,22.39207666015625,0.12797284126281738,-0.03806257247924805,-0.4889860153198242
1789038632828076500,22.40207666015625,0.23760056495666504,-0.01797962188720703,-0.988431453704834
1789038632838076700,22.41207666015625,0.5389313697814941,0.038632869720458984,-1.3728265762329102
1789038632848076500,22.42207666015625,0.6949410438537598,0.3273329734802246,-1.2055401802062988
1789038632858076700,22.43207666015625,0.22470331192016602,0.42055749893188477,-1.2704877853393555
1789038632868076500,22.44207666015625,0.15708494186401367,0.514986515045166,-1.2211017608642578
1789038632878076700,22.45207666015625,0.04233813285827637,0.6506919860839844,-0.4993324279785156
1789038632888076500,22.46207666015625,0.26113438606262207,0.4504399299621582,0.06831026077270508
1789038632898076700,22.47207666015625,0.2349257469177246,0.1979532241821289,-0.09516525268554688
1789038632908076500,22.48207666015625,0.0014979839324951172,-0.14824247360229492,-0.40134620666503906
1789038632918076700,22.49207666015625,-0.4271576404571533,-0.430300235748291,-0.5542712211608887
1789038632928076500,22.50207666015625,-0.5819778442382812,-0.6035442352294922,-0.223663330078125
1789038632938076700,22.51207666015625,-0.4829106330871582,-0.5578670501708984,-0.10420942306518555
1789038632948076500,22.52207666015625,-0.1741042137145996,-0.3439617156982422,-0.28444385528564453
1789038632958076700,22.53207666015625,0.19054317474365234,-0.05014657974243164,-0.6275429725646973
1789038632968076500,22.54207666015625,0.3443901538848877,0.18080711364746094,-0.9839143753051758
1789038632978076700,22.55207666015625,0.3950958251953125,0.15791869163513184,-1.3304510116577148
1789038632988076500,22.56207666015625,0.4548170566558838,0.2079145908355713,-1.5065698623657227
1789038632998076700,22.57207666015625,0.46231937408447266,0.24317502975463867,-1.7678351402282715
1789038633008076500,22.58207666015625,0.31932973861694336,0.3303225040435791,-1.4424428939819336
1789038633018076700,22.59207666015625,0.16939210891723633,0.1829838752746582,-1.356367588043213
1789038633028076500,22.60207666015625,0.472214937210083,0.5172815322875977,-1.4939565658569336
1789038633038076700,22.61207666015625,0.6089191436767578,0.7790040969848633,-1.6706123352050781
1789038633048076500,22.62207666015625,0.2891530990600586,0.8411712646484375,-1.1973648071289062
1789038633058076700,22.63207666015625,0.1781778335571289,0.7443790435791016,-0.9321222305297852
1789038633068076500,22.64207666015625,0.26221275329589844,0.5718226432800293,-0.7257938385009766
1789038633078076700,22.65207666015625,0.3160226345062256,0.20788335800170898,-0.7146782875061035
1789038633088076500,22.66207666015625,0.2981834411621094,0.16346454620361328,-0.9626097679138184
1789038633098076700,22.67207666015625,0.20154380798339844,0.3216586112976074,-1.2317357063293457
1789038633108076500,22.68207666015625,0.02184295654296875,0.38321805000305176,-1.0230703353881836
1789038633118076700,22.69207666015625,0.04677724838256836,0.38365912437438965,-0.7245473861694336
1789038633128076500,22.70207666015625,0.20252513885498047,0.325472354888916,-0.6991176605224609
1789038633138076700,22.71207666015625,0.12905025482177734,0.2843949794769287,-0.7507200241088867
1789038633148076500,22.72207666015625,-0.008533477783203125,0.11587309837341309,-0.6050114631652832
1789038633158076700,22.73207666015625,-0.07210922241210938,0.0027518272399902344,-0.43178367614746094
1789038633168076500,22.74207666015625,-0.029115915298461914,0.0041043758392333984,-0.14969253540039062
1789038633178076700,22.75207666015625,-0.08113288879394531,0.1627047061920166,0.09055900573730469
1789038633188076500,22.76207666015625,0.1696789264678955,0.26572704315185547,0.41280078887939453
1789038633198076700,22.77207666015625,0.32796359062194824,0.2478482723236084,0.3648061752319336
1789038633208076500,22.78207666015625,0.26712942123413086,0.16945457458496094,0.04940223693847656
1789038633218076700,22.79207666015625,0.49899983406066895,0.048299312591552734,-0.10085582733154297
1789038633228076500,22.80207666015625,0.40309739112854004,-0.0007531642913818359,-0.5532045364379883
1789038633238076700,22.81207666015625,0.05285763740539551,0.020308256149291992,-0.681668758392334
1789038633248076500,22.82207666015625,0.13689231872558594,0.2463386058807373,-0.8217835426330566
1789038633258076700,22.83207666015625,0.0854034423828125,0.40031981468200684,-0.9845781326293945
1789038633268076500,22.84207666015625,0.08330655097961426,0.5178220272064209,-0.96734619140625
1789038633278076700,22.85207666015625,0.23340296745300293,0.5907680988311768,-0.7478981018066406
1789038633288076500,22.86207666015625,0.28502464294433594,0.565279483795166,-0.6494174003601074
1789038633298076700,22.87207666015625,0.2547614574432373,0.45369815826416016,-0.5504598617553711
1789038633308076500,22.88207666015625,0.3020491600036621,0.37569427490234375,-0.4800295829772949
1789038633318076700,22.89207666015625,0.004159212112426758,0.29770827293395996,-0.47536420822143555
1789038633328076500,22.90207666015625,-0.0338287353515625,0.2892277240753174,-0.3854856491088867
1789038633338076700,22.91207666015625,-0.013321399688720703,0.28928184509277344,-0.5162687301635742
1789038633348076500,22.92207666015625,-0.20617008209228516,0.45021677017211914,-1.1015644073486328
1789038633358076700,22.93207666015625,-0.27983546257019043,0.6161866188049316,-1.3477602005004883
1789038633368076500,22.94207666015625,-0.4071352481842041,0.800687313079834,-1.6738348007202148
1789038633378076700,22.95207666015625,-0.4488852024078369,0.9156148433685303,-1.42401123046875
1789038633388076500,22.96207666015625,-0.5046489238739014,0.7512388229370117,-1.0382871627807617
1789038633398076700,22.97207666015625,-0.25045299530029297,0.45284557342529297,-0.14679527282714844
1789038633408076500,22.98207666015625,-0.36733460426330566,0.3171577453613281,-0.10242366790771484
1789038633418076700,22.99207666015625,-0.6403992176055908,0.1146693229675293,-0.05110645294189453
1789038633428076500,23.00207666015625,-0.6281774044036865,-0.03264045715332031,0.09462833404541016
1789038633438076700,23.01207666015625,-0.376070499420166,-0.20821428298950195,-0.05049419403076172
1789038633448076500,23.02207666015625,-0.4386911392211914,0.02100658416748047,-0.42229557037353516
1789038633458076700,23.03207666015625,-0.42532849311828613,0.3267555236816406,-0.793001651763916
1789038633468076500,23.04207666015625,-0.2949793338775635,0.4546380043029785,-0.8457117080688477
1789038633478076700,23.05207666015625,-0.28382325172424316,0.5470123291015625,-0.6733198165893555
1789038633488076500,23.06207666015625,-0.2582242488861084,0.5544180870056152,-0.4947047233581543
1789038633498076700,23.07207666015625,-0.20143961906433105,0.4484987258911133,-0.1703968048095703
1789038633508076500,23.08207666015625,-0.2376716136932373,0.46856117248535156,-0.32402753829956055
1789038633518076700,23.09207666015625,-0.2806437015533447,0.42598772048950195,-0.29848146438598633
1789038633528076500,23.10207666015625,-0.21054530143737793,0.40181875228881836,-0.31890392303466797
1789038633538076700,23.11207666015625,-0.3823373317718506,0.20573186874389648,-0.19650793075561523
1789038633548076500,23.12207666015625,-0.14536285400390625,0.06090068817138672,-0.02942514419555664
1789038633558076700,23.13207666015625,-0.19838953018188477,0.12659168243408203,0.17463397979736328
1789038633568076500,23.14207666015625,-0.3132205009460449,0.29370880126953125,-0.13492870330810547
1789038633578076700,23.15207666015625,-0.17875218391418457,0.45694828033447266,-0.0906991958618164
1789038633588076500,23.16207666015625,-0.09644889831542969,0.44986486434936523,0.07564687728881836
1789038633598076700,23.17207666015625,0.0758512020111084,0.4575176239013672,0.008756160736083984
1789038633608076500,23.18207666015625,-0.13109302520751953,0.28125667572021484,0.009068489074707031
1789038633618076700,23.19207666015625,-0.23595666885375977,-0.010073661804199219,0.24983596801757812
1789038633628076500,23.20207666015625,-0.13695120811462402,-0.06033182144165039,0.31953859329223633
1789038633638076700,23.21207666015625,0.1786060333251953,-0.2008976936340332,0.4323568344116211
1789038633648076500,23.22207666015625,0.17667317390441895,-0.3897542953491211,0.292694091796875
1789038633658076700,23.23207666015625,0.20117712020874023,-0.6409769058227539,0.3947877883911133
1789038633668076500,23.24207666015625,0.2090919017791748,-0.6054949760437012,0.5219516754150391
1789038633678076700,23.25207666015625,-0.07544732093811035,-0.5481057167053223,0.317138671875
1789038633688076500,23.26207666015625,-0.2448575496673584,-0.3216280937194824,0.25907087326049805
1789038633698076700,23.27207666015625,-0.3139770030975342,-0.06461763381958008,0.34682130813598633
1789038633708076500,23.28207666015625,-0.4429624080657959,0.21128034591674805,0.2131643295288086
1789038633718076700,23.29207666015625,-0.554131269454956,0.45884275436401367,-0.09489917755126953
1789038633728076500,23.30207666015625,-0.39421749114990234,0.06255292892456055,0.1719684600830078
1789038633738076700,23.31207666015625,-0.17471861839294434,-0.7134757041931152,0.732581615447998
1789038633748076500,23.32207666015625,-0.2117612361907959,-1.4024577140808105,1.2231273651123047
1789038633758076700,23.33207666015625,-0.2997591495513916,-1.7439699172973633,1.0248956680297852
1789038633768076500,23.34207666015625,-0.40515661239624023,-1.2730607986450195,0.524416446685791
1789038633778076700,23.35207666015625,-0.4982471466064453,-0.5739879608154297,-0.06722402572631836
1789038633788076500,23.36207666015625,-0.6370525360107422,0.18375396728515625,-0.47454833984375
1789038633798076700,23.37207666015625,-0.5553436279296875,0.23635005950927734,0.02695608139038086
1789038633808076500,23.38207666015625,-0.36910414695739746,0.21758270263671875,0.054279327392578125
1789038633818076700,23.39207666015625,-0.22786164283752441,-0.02119588851928711,0.33400726318359375
1789038633828076500,23.40207666015625,-0.16061758995056152,-0.04468345642089844,-0.021777629852294922
1789038633838076700,23.41207666015625,-0.19853734970092773,-0.17734813690185547,-0.015208721160888672
1789038633848076500,23.42207666015625,-0.30470776557922363,-0.18802452087402344,0.3312993049621582
1789038633858076700,23.43207666015625,-0.38439488410949707,-0.008518695831298828,0.08972597122192383
1789038633868076500,23.44207666015625,-0.3666987419128418,-0.1288471221923828,0.44228601455688477
1789038633878076700,23.45207666015625,-0.31653285026550293,0.0020742416381835938,-0.006890773773193359
1789038633888076500,23.46207666015625,-0.3129289150238037,0.14515924453735352,-0.12562179565429688
1789038633898076700,23.47207666015625,-0.1694490909576416,0.3053927421569824,-0.14259099960327148
1789038633908076500,23.48207666015625,0.13286185264587402,0.37230396270751953,0.14415693283081055
1789038633918076700,23.49207666015625,0.522794246673584,0.3741145133972168,0.5150933265686035
1789038633928076500,23.50207666015625,0.7920342683792114,0.35995912551879883,0.8865585327148438
1789038633938076700,23.51207666015625,0.7405925989151001,0.7195219993591309,0.494112491607666
1789038633948076500,23.52207666015625,0.5419061183929443,1.2702417373657227,-0.4206724166870117
1789038633958076700,23.53207666015625,0.4600142240524292,1.407768726348877,-0.6413803100585938
1789038633968076500,23.54207666015625,0.49665331840515137,1.0307612419128418,-0.6504454612731934
1789038633978076700,23.55207666015625,0.33199334144592285,0.045153141021728516,-0.25316905975341797
1789038633988076500,23.56207666015625,0.06483006477355957,-1.064033031463623,0.5776400566101074
1789038633998076700,23.57207666015625,-0.22516798973083496,-2.068082809448242,1.4609761238098145
1789038634008076500,23.58207666015625,-0.54811692237854,-2.387634754180908,1.8745741844177246
1789038634018076700,23.59207666015625,-0.6787815093994141,-2.218660354614258,2.033010482788086
1789038634028076500,23.60207666015625,-0.5470430850982666,-1.509270191192627,1.537992000579834
1789038634038076700,23.61207666015625,-0.4055767059326172,-0.6344809532165527,0.7642183303833008
1789038634048076500,23.62207666015625,-0.39658260345458984,-0.26796674728393555,0.4144630432128906
1789038634058076700,23.63207666015625,-0.5042119026184082,-0.09463214874267578,0.35479736328125
1789038634068076500,23.64207666015625,-0.8195533752441406,0.095367431640625,0.34714746475219727
1789038634078076700,23.65207666015625,-1.203376293182373,0.36894702911376953,0.3709535598754883
1789038634088076500,23.66207666015625,-1.2819490432739258,0.444460391998291,0.3186068534851074
1789038634098076700,23.67207666015625,-1.0400710105895996,0.4493241310119629,0.25069141387939453
1789038634108076500,23.68207666015625,-0.6709010601043701,0.40918922424316406,0.1725330352783203
1789038634118076700,23.69207666015625,-0.5103433132171631,0.4090909957885742,-0.03963947296142578
1789038634128076500,23.70207666015625,-0.3341202735900879,0.47505664825439453,-0.29272937774658203
1789038634138076700,23.71207666015625,-0.04257988929748535,0.48325204849243164,-0.44838809967041016
1789038634148076500,23.72207666015625,0.16493010520935059,0.3044114112854004,-0.47843313217163086
1789038634158076700,23.73207666015625,0.2305130958557129,-0.027139663696289062,-0.4955434799194336
1789038634168076500,23.74207666015625,0.18138885498046875,-0.36312437057495117,-0.5177068710327148
1789038634178076700,23.75207666015625,0.16227412223815918,-0.5612030029296875,-0.5718441009521484
1789038634188076500,23.76207666015625,0.047626495361328125,-0.662351131439209,-0.7243189811706543
1789038634198076700,23.77207666015625,0.02082514762878418,-0.671379566192627,-0.744328498840332
1789038634208076500,23.78207666015625,0.11523962020874023,-0.5972542762756348,-0.6176557540893555
1789038634218076700,23.79207666015625,0.1654036045074463,-0.4765472412109375,-0.44727325439453125
1789038634228076500,23.80207666015625,0.2664957046508789,-0.3554220199584961,-0.08952999114990234
1789038634238076700,23.81207666015625,0.31900978088378906,-0.23766469955444336,0.1306915283203125
1789038634248076500,23.82207666015625,0.2597637176513672,-0.04745006561279297,0.19785118103027344
1789038634258076700,23.83207666015625,0.21233320236206055,0.1300525665283203,0.09688472747802734
1789038634268076500,23.84207666015625,0.18348002433776855,0.20359516143798828,-0.06493997573852539
1789038634278076700,23.85207666015625,0.2720029354095459,0.2466874122619629,-0.3086123466491699
1789038634288076500,23.86207666015625,0.25095224380493164,0.27486515045166016,-0.4906177520751953
1789038634298076700,23.87207666015625,0.19931268692016602,0.35062170028686523,-0.5928487777709961
1789038634308076500,23.88207666015625,0.205780029296875,0.37894725799560547,-0.5578913688659668
1789038634318076700,23.89207666015625,0.17230510711669922,0.24286890029907227,-0.3258223533630371
1789038634328076500,23.90207666015625,0.0749363899230957,0.048091888427734375,0.004616260528564453
1789038634338076700,23.91207666015625,-0.1568605899810791,-0.10338068008422852,0.28960084915161133
1789038634348076500,23.92207666015625,-0.39972400665283203,-0.11738872528076172,0.5034546852111816
1789038634358076700,23.93207666015625,-0.5561838150024414,-0.02978372573852539,0.580291748046875
1789038634368076500,23.94207666015625,-0.7479569911956787,0.02590036392211914,0.4865303039550781
1789038634378076700,23.95207666015625,-0.773576021194458,0.07226705551147461,0.24726057052612305
1789038634388076500,23.96207666015625,-0.9618556499481201,0.10420942306518555,-0.02679729461669922
1789038634398076700,23.97207666015625,-1.0138063430786133,0.11636495590209961,-0.18274974822998047
1789038634408076500,23.98207666015625,-0.9549527168273926,0.005262851715087891,-0.19616222381591797
1789038634418076700,23.99207666015625,-0.8253984451293945,-0.18886709213256836,0.047303199768066406
1789038634428076500,24.00207666015625,-0.587059736251831,-0.38326549530029297,0.35829877853393555
1789038634438076700,24.01207666015625,-0.3680002689361572,-0.6898417472839355,0.946073055267334
1789038634448076500,24.02207666015625,-0.05924415588378906,-1.0009207725524902,1.2683939933776855
1789038634458076700,24.03207666015625,0.09637975692749023,-1.2594451904296875,1.4469928741455078
1789038634468076500,24.04207666015625,-0.005541324615478516,-1.4171276092529297,1.432206153869629
1789038634478076700,24.05207666015625,-0.1851332187652588,-1.5338191986083984,1.3990540504455566
1789038634488076500,24.06207666015625,-0.2261362075805664,-1.4140129089355469,1.304152488708496
1789038634498076700,24.07207666015625,-0.14460325241088867,-1.2966499328613281,1.5812010765075684
1789038634508076500,24.08207666015625,0.1123819351196289,-1.0367112159729004,1.9078798294067383
1789038634518076700,24.09207666015625,0.27219104766845703,-0.5883893966674805,1.78680419921875
1789038634528076500,24.10207666015625,0.5363593101501465,-0.24230527877807617,1.1736669540405273
1789038634538076700,24.11207666015625,0.6005505323410034,0.03833723068237305,1.0285158157348633
1789038634548076500,24.12207666015625,0.6234025955200195,0.08310699462890625,0.2295370101928711
1789038634558076700,24.13207666015625,0.5982334613800049,0.09572505950927734,0.41646385192871094
1789038634568076500,24.14207666015625,0.47670674324035645,0.07331085205078125,0.5804672241210938
1789038634578076700,24.15207666015625,0.6091222763061523,0.07881736755371094,0.2303915023803711
1789038634588076500,24.16207666015625,0.7835614681243896,0.0905604362487793,-0.14222097396850586
1789038634598076700,24.17207666015625,0.43224334716796875,0.047316551208496094,-0.08035850524902344
1789038634608076500,24.18207666015625,0.13454532623291016,-0.06152963638305664,0.1315598487854004
1789038634618076700,24.19207666015625,0.2819364070892334,-0.2207202911376953,0.01173543930053711
1789038634628076500,24.20207666015625,0.1154637336730957,-0.21445941925048828,0.09331893920898438
1789038634638076700,24.21207666015625,0.11752462387084961,-0.14435815811157227,-0.08710718154907227
1789038634648076500,24.22207666015625,0.504718542098999,-0.04971885681152344,-0.22713518142700195
1789038634658076700,24.23207666015625,-0.08207345008850098,0.13018035888671875,-0.3204779624938965
1789038634668076500,24.24207666015625,0.30728697776794434,0.1481304168701172,-0.5711240768432617
1789038634678076700,24.25207666015625,0.48038697242736816,0.1904764175415039,-1.023573875427246
1789038634688076500,24.26207666015625,-0.0367436408996582,0.1128530502319336,-1.046091079711914
1789038634698076700,24.27207666015625,0.2417738437652588,-0.13863277435302734,-1.252607822418213
1789038634708076500,24.28207666015625,0.41669344902038574,-0.14355802536010742,-0.9582743644714355
1789038634718076700,24.29207666015625,0.1034703254699707,-0.23053693771362305,-0.7208361625671387
1789038634728076500,24.30207666015625,0.4903740882873535,-0.3994269371032715,-0.2937779426574707
1789038634738076700,24.31207666015625,0.25111937522888184,-0.4712386131286621,0.20846271514892578
1789038634748076500,24.32207666015625,0.8323986530303955,-0.3595304489135742,0.017726898193359375
1789038634758076700,24.33207666015625,0.5744688510894775,-0.2770256996154785,-0.31909799575805664
1789038634768076500,24.34207666015625,0.6026604175567627,-0.2289261817932129,-0.5652742385864258
1789038634778076700,24.35207666015625,0.17839336395263672,-0.23827075958251953,-0.886075496673584
1789038634788076500,24.36207666015625,-0.08040595054626465,-0.2036423683166504,-1.2748384475708008
1789038634798076700,24.37207666015625,-0.3064241409301758,0.0630035400390625,-1.5835223197937012
1789038634808076500,24.38207666015625,-0.2161865234375,0.43270206451416016,-1.9922285079956055
1789038634818076700,24.39207666015625,0.09375739097595215,0.7160441875457764,-2.458672523498535
1789038634828076500,24.40207666015625,0.3196566104888916,0.7164063453674316,-2.329713821411133
1789038634838076700,24.41207666015625,0.18671536445617676,0.7419755458831787,-1.957226276397705
1789038634848076500,24.42207666015625,0.13166165351867676,0.7482903003692627,-1.2533340454101562
1789038634858076700,24.43207666015625,0.4184410572052002,0.5704042911529541,-0.5581836700439453
1789038634868076500,24.44207666015625,0.7914738655090332,0.5076291561126709,-0.6914176940917969
1789038634878076700,24.45207666015625,0.7897517681121826,0.33779454231262207,-0.9240398406982422
1789038634888076500,24.46207666015625,0.653012752532959,0.16252803802490234,-0.9676485061645508
1789038634898076700,24.47207666015625,0.6788606643676758,0.19711542129516602,-0.9504714012145996
1789038634908076500,24.48207666015625,0.6847395896911621,0.4316129684448242,-1.0954346656799316
1789038634918076700,24.49207666015625,0.7466769218444824,0.6558539867401123,-1.2024211883544922
1789038634928076500,24.50207666015625,0.6446013450622559,0.8148865699768066,-0.8883571624755859
1789038634938076700,24.51207666015625,0.3711717128753662,0.929194450378418,-1.0296363830566406
1789038634948076500,24.52207666015625,0.16433095932006836,0.8467175960540771,-0.8731594085693359
1789038634958076700,24.53207666015625,0.13828778266906738,0.1592245101928711,-0.4950690269470215
1789038634968076500,24.54207666015625,0.13196563720703125,-0.22573113441467285,-0.8072185516357422
1789038634978076700,24.55207666015625,0.0040056705474853516,-0.43421220779418945,-0.9381065368652344
1789038634988076500,24.56207666015625,-0.15274977684020996,-0.3576233386993408,-0.8661203384399414
1789038634998076700,24.57207666015625,-0.27510499954223633,-0.025432825088500977,-0.7462449073791504
1789038635008076500,24.58207666015625,-0.1358776092529297,0.3296794891357422,-0.6328773498535156
1789038635018076700,24.59207666015625,0.2070016860961914,0.598541259765625,-0.542506217956543
1789038635028076500,24.60207666015625,0.1194617748260498,0.5998005867004395,-0.5831890106201172
1789038635038076700,24.61207666015625,-0.046852827072143555,0.3668546676635742,-0.8558793067932129
1789038635048076500,24.62207666015625,0.07692098617553711,0.16852927207946777,-0.7143383026123047
1789038635058076700,24.63207666015625,0.2534339427947998,0.08935737609863281,-0.6855220794677734
1789038635068076500,24.64207666015625,0.21612310409545898,-0.029012203216552734,-0.5504212379455566
1789038635078076700,24.65207666015625,-0.25403523445129395,0.02805161476135254,-0.6149091720581055
1789038635088076500,24.66207666015625,0.027684926986694336,0.09264302253723145,-0.37677478790283203
1789038635098076700,24.67207666015625,0.29154467582702637,0.17355895042419434,-0.3828163146972656
1789038635108076500,24.68207666015625,0.3276326656341553,0.3059840202331543,-0.4567093849182129
1789038635118076700,24.69207666015625,0.2449502944946289,0.4069676399230957,-0.6859188079833984
1789038635128076500,24.70207666015625,0.4033069610595703,0.5002400875091553,-0.8869428634643555
1789038635138076700,24.71207666015625,-0.0775599479675293,0.41163182258605957,-1.1264591217041016
1789038635148076500,24.72207666015625,-0.11757588386535645,0.3820192813873291,-1.035848617553711
1789038635158076700,24.73207666015625,-0.12121272087097168,0.3484973907470703,-0.8538742065429688
1789038635168076500,24.74207666015625,-0.014496326446533203,0.2912304401397705,-0.5815229415893555
1789038635178076700,24.75207666015625,0.11164355278015137,0.15636157989501953,-0.33867979049682617
1789038635188076500,24.76207666015625,-0.04374265670776367,0.11304759979248047,-0.4280109405517578
1789038635198076700,24.77207666015625,-0.5048439502716064,0.2148447036743164,-0.47325801849365234
1789038635208076500,24.78207666015625,-0.6457400321960449,0.3723726272583008,-0.27187347412109375
1789038635218076700,24.79207666015625,-0.2892756462097168,0.4483311176300049,-0.08495616912841797
1789038635228076500,24.80207666015625,-0.15208053588867188,0.5018332004547119,0.0027866363525390625
1789038635238076700,24.81207666015625,-0.49288058280944824,0.5946018695831299,-0.08629226684570312
1789038635248076500,24.82207666015625,-0.7387807369232178,0.631141185760498,-0.15399837493896484
1789038635258076700,24.83207666015625,-0.5960419178009033,0.6964402198791504,-0.6542987823486328
1789038635268076500,24.84207666015625,-0.6062760353088379,0.6524090766906738,-1.0213336944580078
1789038635278076700,24.85207666015625,-0.5493943691253662,0.6600656509399414,-1.0886964797973633
1789038635288076500,24.86207666015625,-0.5469570159912109,0.635688304901123,-1.1588544845581055
1789038635298076700,24.87207666015625,-0.6709299087524414,0.49626827239990234,-0.8239655494689941
1789038635308076500,24.88207666015625,-0.46585655212402344,0.29166555404663086,-0.28467273712158203
1789038635318076700,24.89207666015625,-0.4726753234863281,0.07123470306396484,0.30342578887939453
1789038635328076500,24.90207666015625,-0.2615530490875244,-0.2750997543334961,0.7844462394714355
1789038635338076700,24.91207666015625,-0.04703402519226074,-0.6316413879394531,0.9857020378112793
1789038635348076500,24.92207666015625,-0.26735782623291016,-0.6554689407348633,0.9188165664672852
1789038635358076700,24.93207666015625,-0.3704245090484619,-0.5478935241699219,0.7165741920471191
1789038635368076500,24.94207666015625,-0.810715913772583,-0.17124462127685547,0.22108697891235352
1789038635378076700,24.95207666015625,-0.8680384159088135,0.3961982727050781,-0.3161773681640625
1789038635388076500,24.96207666015625,-0.7833282947540283,0.9605369567871094,-0.7051234245300293
1789038635398076700,24.97207666015625,-0.6662232875823975,1.1008200645446777,-0.6423683166503906
1789038635408076500,24.98207666015625,-0.5930452346801758,1.0707945823669434,-0.31017208099365234
1789038635418076700,24.99207666015625,-0.46610069274902344,0.5373106002807617,0.28212881088256836
1789038635428076500,25.00207666015625,-0.48702073097229004,0.19835805892944336,0.6473984718322754
1789038635438076700,25.01207666015625,-0.609614372253418,-0.08189678192138672,0.622711181640625
1789038635448076500,25.02207666015625,-0.5554203987121582,-0.24951410293579102,0.49565744400024414
1789038635458076700,25.03207666015625,-0.6675674915313721,-0.31405067443847656,0.3782944679260254
1789038635468076500,25.04207666015625,-0.702934741973877,-0.5044784545898438,0.5595088005065918
1789038635478076700,25.05207666015625,-0.6056129932403564,-0.6364307403564453,0.8951349258422852
1789038635488076500,25.06207666015625,-0.5006980895996094,-0.5314164161682129,0.3851161003112793
1789038635498076700,25.07207666015625,-0.5803835391998291,-0.16594982147216797,0.3431367874145508
1789038635508076500,25.08207666015625,-0.7472286224365234,0.09658288955688477,0.2958846092224121
1789038635518076700,25.09207666015625,-0.5069491863250732,0.1321420669555664,0.46470165252685547
1789038635528076500,25.10207666015625,-0.3018007278442383,0.12085533142089844,0.30344533920288086
1789038635538076700,25.11207666015625,-0.3811960220336914,0.19389820098876953,0.2545466423034668
1789038635548076500,25.12207666015625,-0.3733689785003662,0.1052999496459961,0.34052467346191406
1789038635558076700,25.13207666015625,-0.2714989185333252,-0.1429891586303711,0.6292128562927246
1789038635568076500,25.14207666015625,-0.12498974800109863,-0.4141206741333008,0.6720161437988281
1789038635578076700,25.15207666015625,0.01214456558227539,-0.8122134208679199,1.2044086456298828
1789038635588076500,25.16207666015625,-0.013243436813354492,-1.181623935699463,1.3488311767578125
1789038635598076700,25.17207666015625,-0.08120965957641602,-1.1568679809570312,1.1517577171325684
1789038635608076500,25.18207666015625,-0.2029252052307129,-0.9476780891418457,0.9812827110290527
1789038635618076700,25.19207666015625,-0.15459871292114258,-0.5804367065429688,0.5295324325561523
1789038635628076500,25.20207666015625,0.13209033012390137,-0.21379470825195312,0.11708927154541016
1789038635638076700,25.21207666015625,0.48169755935668945,0.32064056396484375,-0.29735469818115234
1789038635648076500,25.22207666015625,0.8243491649627686,0.7082118988037109,-0.6107645034790039
1789038635658076700,25.23207666015625,0.7537655830383301,1.0534520149230957,-1.1028060913085938
1789038635668076500,25.24207666015625,0.6891652345657349,0.983797550201416,-0.8352890014648438
1789038635678076700,25.25207666015625,0.5917870998382568,0.6464118957519531,-0.6766800880432129
1789038635688076500,25.26207666015625,0.4321507215499878,0.2568626403808594,-0.48111534118652344
1789038635698076700,25.27207666015625,0.25757884979248047,-0.25384092330932617,0.1289958953857422
1789038635708076500,25.28207666015625,0.13765859603881836,-0.7227234840393066,0.6881327629089355
1789038635718076700,25.29207666015625,-0.032958030700683594,-0.8499693870544434,0.8651938438415527
1789038635728076500,25.30207666015625,-0.279346227645874,-0.8851723670959473,1.0472955703735352
1789038635738076700,25.31207666015625,-0.41008496284484863,-0.8628106117248535,0.9451518058776855
1789038635748076500,25.32207666015625,-0.48943090438842773,-0.567807674407959,0.7157993316650391
1789038635758076700,25.33207666015625,-0.3711860179901123,-0.2580103874206543,0.6139435768127441
1789038635768076500,25.34207666015625,-0.11905479431152344,-0.016262531280517578,0.7106881141662598
1789038635778076700,25.35207666015625,-0.03872561454772949,0.2921261787414551,0.16878175735473633
1789038635788076500,25.36207666015625,0.13780689239501953,0.22453689575195312,0.3654141426086426
1789038635798076700,25.37207666015625,0.2500026226043701,0.1115884780883789,0.013827323913574219
1789038635808076500,25.38207666015625,0.2062532901763916,-0.10626649856567383,0.11964988708496094
1789038635818076700,25.39207666015625,0.1300668716430664,-0.8736929893493652,0.9801034927368164
1789038635828076500,25.40207666015625,-0.06376075744628906,-1.3057050704956055,1.1492300033569336
1789038635838076700,25.41207666015625,-0.2926762104034424,-0.9740185737609863,1.0279712677001953
1789038635848076500,25.42207666015625,-0.29338717460632324,-0.4175691604614258,0.7642168998718262
1789038635858076700,25.43207666015625,-0.04815840721130371,0.08630752563476562,0.4933743476867676
1789038635868076500,25.44207666015625,0.13781023025512695,0.6320023536682129,-0.03301429748535156
1789038635878076700,25.45207666015625,0.2559804916381836,1.0244956016540527,-0.3384208679199219
1789038635888076500,25.46207666015625,0.40891265869140625,0.9592418670654297,-0.3259868621826172
1789038635898076700,25.47207666015625,0.48614799976348877,0.6336612701416016,-0.2233424186706543
1789038635908076500,25.48207666015625,0.38939332962036133,0.23517274856567383,-0.05933666229248047
1789038635918076700,25.49207666015625,0.24504590034484863,-0.060912132263183594,0.1351308822631836
1789038635928076500,25.50207666015625,0.0991058349609375,-0.1774897575378418,0.2268967628479004
1789038635938076700,25.51207666015625,0.05530214309692383,-0.0884547233581543,0.20313453674316406
1789038635948076500,25.52207666015625,0.00817251205444336,0.06995248794555664,0.14597463607788086
1789038635958076700,25.53207666015625,-0.03910636901855469,0.13227224349975586,0.1018686294555664
1789038635968076500,25.54207666015625,-0.06755232810974121,0.16177845001220703,0.11977005004882812
1789038635978076700,25.55207666015625,-0.02865314483642578,0.1537632942199707,0.24076557159423828
1789038635988076500,25.56207666015625,0.055071115493774414,0.1520991325378418,0.361086368560791
1789038635998076700,25.57207666015625,0.08028244972229004,0.19511651992797852,0.3782625198364258
1789038636008076500,25.58207666015625,0.11873626708984375,0.19189929962158203,0.29459333419799805
1789038636018076700,25.59207666015625,0.05631089210510254,0.2624788284301758,0.09417295455932617
1789038636028076500,25.60207666015625,0.16890263557434082,0.13047170639038086,0.05820512771606445
1789038636038076700,25.61207666015625,0.09551620483398438,-0.050499916076660156,-0.014870643615722656
1789038636048076500,25.62207666015625,0.08531904220581055,-0.3202376365661621,0.07772445678710938
1789038636058076700,25.63207666015625,-0.04041934013366699,-0.537376880645752,0.2436351776123047
1789038636068076500,25.64207666015625,-0.015377998352050781,-0.6755709648132324,0.5096492767333984
1789038636078076700,25.65207666015625,0.09658265113830566,-0.6916351318359375,0.6606650352478027
1789038636088076500,25.66207666015625,0.12796616554260254,-0.6711564064025879,0.6413187980651855
1789038636098076700,25.67207666015625,0.07739663124084473,-0.6263847351074219,0.5464725494384766
1789038636108076500,25.68207666015625,-0.019898414611816406,-0.5741071701049805,0.49498701095581055
1789038636118076700,25.69207666015625,-0.1130075454711914,-0.5672907829284668,0.37389230728149414
1789038636128076500,25.70207666015625,-0.3508129119873047,-0.5516395568847656,0.2208266258239746
1789038636138076700,25.71207666015625,-0.5219001770019531,-0.5565018653869629,0.022567272186279297
1789038636148076500,25.72207666015625,-0.46634960174560547,-0.6402740478515625,-0.06684589385986328
1789038636158076700,25.73207666015625,-0.29265880584716797,-0.6997413635253906,0.10644245147705078
1789038636168076500,25.74207666015625,-0.3035297393798828,-0.7189936637878418,0.3334465026855469
1789038636178076700,25.75207666015625,-0.23063230514526367,-0.4211106300354004,0.37087011337280273
1789038636188076500,25.76207666015625,-0.2848320007324219,-0.12538814544677734,0.3581571578979492
1789038636198076700,25.77207666015625,-0.30898046493530273,0.07692623138427734,0.10496282577514648
1789038636208076500,25.78207666015625,-0.16789627075195312,0.0368037223815918,0.10154294967651367
1789038636218076700,25.79207666015625,-0.04521512985229492,-0.16792869567871094,0.22821950912475586
1789038636228076500,25.80207666015625,0.007273197174072266,-0.5165257453918457,0.43398475646972656
1789038636238076700,25.81207666015625,0.0700674057006836,-0.9125657081604004,0.7502212524414062
1789038636248076500,25.82207666015625,0.20618486404418945,-1.087674617767334,0.7008509635925293
1789038636258076700,25.83207666015625,0.1863245964050293,-1.127030372619629,0.44870519638061523
1789038636268076500,25.84207666015625,0.07703948020935059,-0.9821920394897461,0.026376724243164062
1789038636278076700,25.85207666015625,0.14840149879455566,-0.8094773292541504,-0.1659693717956543
1789038636288076500,25.86207666015625,0.3834872245788574,-0.7552037239074707,0.12148475646972656
1789038636298076700,25.87207666015625,0.7310521602630615,-0.7606892585754395,1.1962652206420898
1789038636308076500,25.88207666015625,0.8813669681549072,-0.6142845153808594,1.72021484375
1789038636318076700,25.89207666015625,0.9666759967803955,-0.2577857971191406,1.6510672569274902
1789038636328076500,25.90207666015625,0.8965921401977539,0.1324462890625,0.9345054626464844
1789038636338076700,25.91207666015625,0.5027115345001221,0.5668082237243652,0.5740251541137695
1789038636348076500,25.92207666015625,0.024740219116210938,0.9039096832275391,0.22743892669677734
1789038636358076700,25.93207666015625,-0.022257566452026367,1.0079450607299805,0.1904611587524414
1789038636368076500,25.94207666015625,0.13055014610290527,0.8857855796813965,0.2863335609436035
1789038636378076700,25.95207666015625,0.8750853538513184,0.2790675163269043,0.03551435470581055
1789038636388076500,25.96207666015625,0.3902442455291748,-0.47829198837280273,0.4221835136413574
1789038636398076700,25.97207666015625,0.2717623710632324,-1.4159221649169922,0.3688335418701172
1789038636408076500,25.98207666015625,-0.034262895584106445,-2.022839069366455,0.26793909072875977
1789038636418076700,25.99207666015625,-0.4458155632019043,-2.215980052947998,0.20328903198242188
1789038636428076500,26.00207666015625,-0.02411961555480957,-1.5689635276794434,-0.13863372802734375
1789038636438076700,26.01207666015625,-0.008876800537109375,-0.8589792251586914,-0.8165221214294434
1789038636448076500,26.02207666015625,1.045243263244629,-0.11360597610473633,-1.111495018005371
1789038636458076700,26.03207666015625,0.9031672477722168,0.5068264007568359,-1.0221920013427734
1789038636468076500,26.04207666015625,0.6798737049102783,0.937593936920166,-1.6226062774658203
1789038636478076700,26.05207666015625,0.6326875686645508,0.9998986721038818,-1.7302236557006836
1789038636488076500,26.06207666015625,0.3702256679534912,0.735846996307373,-1.5812506675720215
1789038636498076700,26.07207666015625,-0.17147111892700195,0.266948938369751,-1.148167610168457
1789038636508076500,26.08207666015625,-0.4780092239379883,-0.19304561614990234,-1.0018200874328613
1789038636518076700,26.09207666015625,-0.6725034713745117,-0.691192626953125,-0.6985750198364258
1789038636528076500,26.10207666015625,-0.5717623233795166,-0.9165709018707275,-1.0017590522766113
1789038636538076700,26.11207666015625,-0.254070520401001,-0.7316694259643555,-1.268143653869629
1789038636548076500,26.12207666015625,0.1175680160522461,-0.3093416690826416,-1.6830596923828125
1789038636558076700,26.13207666015625,0.44696593284606934,0.1275801658630371,-1.9261341094970703
1789038636568076500,26.14207666015625,0.7271568775177002,0.46135950088500977,-2.1250925064086914
1789038636578076700,26.15207666015625,0.8395020961761475,0.7738063335418701,-2.3515825271606445
1789038636588076500,26.16207666015625,0.7369818687438965,0.9329628944396973,-2.089327812194824
1789038636598076700,26.17207666015625,0.5331254005432129,0.9516439437866211,-1.4310617446899414
1789038636608076500,26.18207666015625,0.6277256011962891,0.8128573894500732,-0.5876274108886719
1789038636618076700,26.19207666015625,0.6868925094604492,0.7018964290618896,-0.3029909133911133
1789038636628076500,26.20207666015625,0.65903639793396,0.6252448558807373,-0.27554798126220703
1789038636638076700,26.21207666015625,0.4772515296936035,0.5869216918945312,-0.4809074401855469
1789038636648076500,26.22207666015625,0.08953595161437988,0.11696290969848633,-0.49361133575439453
1789038636658076700,26.23207666015625,-0.11784243583679199,-0.09148931503295898,-0.7580199241638184
1789038636668076500,26.24207666015625,0.07746672630310059,0.0192568302154541,-1.1472530364990234
1789038636678076700,26.25207666015625,0.4429323673248291,0.1724393367767334,-1.572718620300293
1789038636688076500,26.26207666015625,0.6566057205200195,0.2938055992126465,-1.6969213485717773
1789038636698076700,26.27207666015625,0.5365424156188965,0.481792688369751,-1.6310100555419922
1789038636708076500,26.28207666015625,0.4257194995880127,0.6786608695983887,-1.1662931442260742
1789038636718076700,26.29207666015625,0.4536757469177246,0.7734103202819824,-0.9206070899963379
1789038636728076500,26.30207666015625,0.4058704376220703,0.7955381870269775,-0.6660842895507812
1789038636738076700,26.31207666015625,0.3153254985809326,0.7875242233276367,-0.07206916809082031
1789038636748076500,26.32207666015625,0.3772404193878174,0.5987780094146729,0.31142234802246094
1789038636758076700,26.33207666015625,0.7884752750396729,0.2921297550201416,0.5282058715820312
1789038636768076500,26.34207666015625,0.6845090389251709,-0.0177309513092041,0.23320865631103516
1789038636778076700,26.35207666015625,0.2938954830169678,-0.12593984603881836,-0.38150787353515625
1789038636788076500,26.36207666015625,-0.12201690673828125,-0.09392523765563965,-0.8173713684082031
1789038636798076700,26.37207666015625,-0.3788793087005615,-0.00961756706237793,-0.8690133094787598
1789038636808076500,26.38207666015625,-0.5084753036499023,0.15733075141906738,-0.7087306976318359
1789038636818076700,26.39207666015625,-0.2660999298095703,0.36434507369995117,-0.3284778594970703
1789038636828076500,26.40207666015625,-0.026743173599243164,0.32284975051879883,0.17866134643554688
1789038636838076700,26.41207666015625,0.2034611701965332,0.014573335647583008,0.3884544372558594
1789038636848076500,26.42207666015625,0.30796313285827637,-0.33184266090393066,0.3266773223876953
1789038636858076700,26.43207666015625,0.0921778678894043,-0.5611746311187744,-0.02487945556640625
1789038636868076500,26.44207666015625,-0.2991149425506592,-0.490095853805542,-0.6016397476196289
1789038636878076700,26.45207666015625,-0.4351038932800293,-0.2644612789154053,-0.8101439476013184
1789038636888076500,26.46207666015625,-0.13990306854248047,0.19713449478149414,-0.9517812728881836
1789038636898076700,26.47207666015625,-0.006545305252075195,0.7148067951202393,-1.3206324577331543
1789038636908076500,26.48207666015625,-0.04448723793029785,1.0840959548950195,-1.4642839431762695
1789038636918076700,26.49207666015625,-0.2604830265045166,1.3060526847839355,-1.478743553161621
1789038636928076500,26.50207666015625,-0.34745287895202637,1.444199800491333,-1.590188980102539
1789038636938076700,26.51207666015625,-0.21355891227722168,1.379673957824707,-1.3670196533203125
1789038636948076500,26.52207666015625,-0.009837627410888672,1.1657187938690186,-1.0946626663208008
1789038636958076700,26.53207666015625,0.07407784461975098,0.8520536422729492,-0.6818027496337891
1789038636968076500,26.54207666015625,0.015218734741210938,0.541048526763916,-0.4662346839904785
1789038636978076700,26.55207666015625,-0.14328956604003906,0.2919182777404785,-0.2566394805908203
1789038636988076500,26.56207666015625,-0.18456315994262695,0.14209842681884766,-0.04462623596191406
1789038636998076700,26.57207666015625,-0.3614218235015869,0.006538867950439453,-0.11348152160644531
1789038637008076500,26.58207666015625,-0.4299640655517578,-0.02258014678955078,0.013664722442626953
1789038637018076700,26.59207666015625,-0.2676854133605957,0.015040397644042969,0.02738475799560547
1789038637028076500,26.60207666015625,-0.16959023475646973,0.08947086334228516,0.024616718292236328
1789038637038076700,26.61207666015625,-0.3176851272583008,0.30962038040161133,-0.16565418243408203
1789038637048076500,26.62207666015625,-0.6911401748657227,0.46172618865966797,-0.2609834671020508
1789038637058076700,26.63207666015625,-0.6736416816711426,0.5787515640258789,-0.059609413146972656
1789038637068076500,26.64207666015625,-0.5197765827178955,0.4345097541809082,0.12016773223876953
1789038637078076700,26.65207666015625,-0.3528764247894287,0.20775938034057617,0.31241464614868164
1789038637088076500,26.66207666015625,-0.29073333740234375,-0.17543458938598633,0.47296571731567383
1789038637098076700,26.67207666015625,-0.19651007652282715,-0.418057918548584,0.35391712188720703
1789038637108076500,26.68207666015625,-0.2764463424682617,-0.7799768447875977,-0.011777400970458984
1789038637118076700,26.69207666015625,-0.4493105411529541,-0.8066563606262207,-0.2814197540283203
1789038637128076500,26.70207666015625,-0.7813904285430908,-0.7274880409240723,-0.5612907409667969
1789038637138076700,26.71207666015625,-0.8036239147186279,-0.5310225486755371,-0.850092887878418
1789038637148076500,26.72207666015625,-0.8909287452697754,-0.3125758171081543,-0.8488988876342773
1789038637158076700,26.73207666015625,-0.772202730178833,-0.1060490608215332,-0.8516569137573242
1789038637168076500,26.74207666015625,-0.4760549068450928,-0.2512669563293457,-0.9637598991394043
1789038637178076700,26.75207666015625,-0.2886025905609131,-0.5444860458374023,-0.6530718803405762
1789038637188076500,26.76207666015625,-0.20084547996520996,-0.7424111366271973,-0.5682973861694336
1789038637198076700,26.77207666015625,-0.3482348918914795,-0.8232836723327637,-0.48078393936157227
1789038637208076500,26.78207666015625,-0.22137689590454102,-0.8793368339538574,-0.03726387023925781
1789038637218076700,26.79207666015625,-0.18059015274047852,-0.9088907241821289,0.41164684295654297
1789038637228076500,26.80207666015625,-0.1891798973083496,-0.803105354309082,0.712501049041748
1789038637238076700,26.81207666015625,-0.2640538215637207,-0.6582574844360352,0.6640362739562988
1789038637248076500,26.82207666015625,-0.3986990451812744,-0.35796308517456055,0.3016691207885742
1789038637258076700,26.83207666015625,-0.2698326110839844,-0.28036069869995117,0.7590994834899902
1789038637268076500,26.84207666015625,0.0056912899017333984,-0.3396577835083008,1.2798504829406738
1789038637278076700,26.85207666015625,0.19746017456054688,-0.3078579902648926,1.3513216972351074
1789038637288076500,26.86207666015625,0.3097972869873047,-0.08261537551879883,0.9763998985290527
1789038637298076700,26.87207666015625,0.12575268745422363,-0.08578968048095703,0.7734804153442383
1789038637308076500,26.88207666015625,0.10918021202087402,-0.47372961044311523,1.1413497924804688
1789038637318076700,26.89207666015625,0.24455499649047852,-0.820648193359375,1.23054838180542
1789038637328076500,26.90207666015625,0.36865758895874023,-1.0019116401672363,1.1622686386108398
1789038637338076700,26.91207666015625,0.21636414527893066,-0.8044123649597168,1.044968605041504
1789038637348076500,26.92207666015625,-0.0448603630065918,-0.2660484313964844,0.5506596565246582
1789038637358076700,26.93207666015625,-0.13404321670532227,0.17546939849853516,0.4803123474121094
1789038637368076500,26.94207666015625,-0.05620217323303223,0.543032169342041,-0.005381107330322266
1789038637378076700,26.95207666015625,0.09746646881103516,0.4199032783508301,0.2488422393798828
1789038637388076500,26.96207666015625,0.15614748001098633,0.0660696029663086,0.5240359306335449
1789038637398076700,26.97207666015625,0.21016788482666016,-0.3526296615600586,1.0918264389038086
1789038637408076500,26.98207666015625,0.23551058769226074,-0.4820213317871094,1.5429363250732422
1789038637418076700,26.99207666015625,0.08853745460510254,-0.32689809799194336,1.3332147598266602
1789038637428076500,27.00207666015625,-0.08829736709594727,-0.15045833587646484,1.0514111518859863
1789038637438076700,27.01207666015625,-0.18165302276611328,0.045609474182128906,0.427915096282959
1789038637448076500,27.02207666015625,-0.11398625373840332,-0.19121360778808594,0.7065367698669434
1789038637458076700,27.03207666015625,0.06660175323486328,-0.5410966873168945,0.9414572715759277
1789038637468076500,27.04207666015625,0.1084754467010498,-0.43872642517089844,0.9762659072875977
1789038637478076700,27.05207666015625,-0.00613713264465332,0.06064748764038086,0.7338089942932129
1789038637488076500,27.06207666015625,-0.04816722869873047,0.5914087295532227,0.46924781799316406
1789038637498076700,27.07207666015625,0.08781242370605469,0.8401203155517578,0.2113957405090332
1789038637508076500,27.08207666015625,0.2635197639465332,0.7016510963439941,0.044965267181396484
1789038637518076700,27.09207666015625,0.37964487075805664,0.18628644943237305,0.22789955139160156
1789038637528076500,27.10207666015625,0.3053288459777832,-0.3015275001525879,0.43485212326049805
1789038637538076700,27.11207666015625,0.03119373321533203,-0.4534769058227539,0.5385832786560059
1789038637548076500,27.12207666015625,-0.2770869731903076,-0.3255305290222168,0.5768933296203613
1789038637558076700,27.13207666015625,-0.31530189514160156,-0.07006072998046875,0.5148215293884277
1789038637568076500,27.14207666015625,-0.24516510963439941,0.13032054901123047,0.3335599899291992
1789038637578076700,27.15207666015625,-0.12789273262023926,0.1616048812866211,0.1200723648071289
1789038637588076500,27.16207666015625,-0.0013513565063476562,0.052838802337646484,-0.13275575637817383
1789038637598076700,27.17207666015625,0.12126898765563965,-0.04530143737792969,-0.2793855667114258
1789038637608076500,27.18207666015625,0.09540128707885742,-0.1416153907775879,-0.3634762763977051
1789038637618076700,27.19207666015625,-0.06183338165283203,-0.18884563446044922,-0.38776636123657227
1789038637628076500,27.20207666015625,-0.13062644004821777,-0.24895620346069336,-0.2678031921386719
1789038637638076700,27.21207666015625,0.05214524269104004,-0.4430856704711914,-0.1884288787841797
1789038637648076500,27.22207666015625,0.1892106533050537,-0.7726016044616699,0.03937339782714844
1789038637658076700,27.23207666015625,0.16534781455993652,-1.1007661819458008,0.3644866943359375
1789038637668076500,27.24207666015625,-0.03867530822753906,-1.259857177734375,0.565272331237793
1789038637678076700,27.25207666015625,-0.26852917671203613,-1.0799074172973633,0.5055375099182129
1789038637688076500,27.26207666015625,-0.28598523139953613,-0.5781264305114746,0.1493072509765625
1789038637698076700,27.27207666015625,-0.11889982223510742,-0.0841073989868164,-0.1699199676513672
1789038637708076500,27.28207666015625,-0.020922183990478516,0.29413604736328125,-0.4705233573913574
1789038637718076700,27.29207666015625,0.044996023178100586,0.6295342445373535,-0.6337881088256836
1789038637728076500,27.30207666015625,0.19618630409240723,0.7582740783691406,-0.6449847221374512
1789038637738076700,27.31207666015625,0.20600366592407227,0.6951804161071777,-0.4046468734741211
1789038637748076500,27.32207666015625,0.06929802894592285,0.4240756034851074,0.005128383636474609
1789038637758076700,27.33207666015625,-0.041237592697143555,-0.09306001663208008,0.42394447326660156
1789038637768076500,27.34207666015625,-0.05561399459838867,-0.6479630470275879,0.7346205711364746
1789038637778076700,27.35207666015625,-0.013831615447998047,-1.1529831886291504,0.7339963912963867
1789038637788076500,27.36207666015625,0.008295536041259766,-1.3589215278625488,0.6567325592041016
1789038637798076700,27.37207666015625,-0.10073375701904297,-1.2476177215576172,0.5530571937561035
1789038637808076500,27.38207666015625,-0.19365501403808594,-0.9711661338806152,0.6518077850341797
1789038637818076700,27.39207666015625,-0.22452235221862793,-0.7371654510498047,0.8703179359436035
1789038637828076500,27.40207666015625,-0.21611618995666504,-0.49357128143310547,0.9981040954589844
1789038637838076700,27.41207666015625,-0.014861345291137695,-0.3601064682006836,1.2050185203552246
1789038637848076500,27.42207666015625,0.3016984462738037,-0.2979927062988281,1.480931282043457
1789038637858076700,27.43207666015625,0.6729860305786133,-0.3438725471496582,1.1152968406677246
1789038637868076500,27.44207666015625,0.9188556671142578,-0.14791345596313477,0.8436169624328613
1789038637878076700,27.45207666015625,0.8014556169509888,-0.0536956787109375,0.873997688293457
1789038637888076500,27.46207666015625,0.41955995559692383,-0.09929466247558594,1.0965914726257324
1789038637898076700,27.47207666015625,0.4733874797821045,-0.15255308151245117,0.5041818618774414
1789038637908076500,27.48207666015625,0.660029411315918,-0.1946277618408203,0.332247257232666
1789038637918076700,27.49207666015625,0.8867065906524658,-0.2509422302246094,0.282839298248291
1789038637928076500,27.50207666015625,0.864696741104126,-0.2915811538696289,0.2068634033203125
1789038637938076700,27.51207666015625,0.6371088027954102,-0.20533275604248047,0.24272537231445312
1789038637948076500,27.52207666015625,0.2655372619628906,-0.31343650817871094,0.06562042236328125
1789038637958076700,27.53207666015625,0.07807278633117676,-0.49021100997924805,-0.2763347625732422
1789038637968076500,27.54207666015625,0.040656328201293945,-0.5599451065063477,-0.37904834747314453
1789038637978076700,27.55207666015625,0.049160003662109375,-0.5414600372314453,0.0639042854309082
1789038637988076500,27.56207666015625,0.16266441345214844,-0.48799991607666016,0.06309032440185547
1789038637998076700,27.57207666015625,0.6010482311248779,-0.38079166412353516,0.22789525985717773
1789038638008076500,27.58207666015625,0.2689821720123291,-0.11867761611938477,0.7630109786987305
1789038638018076700,27.59207666015625,0.17390918731689453,-0.04203176498413086,0.4280681610107422
1789038638028076500,27.60207666015625,0.3573620319366455,-0.02081012725830078,-0.17873191833496094
1789038638038076700,27.61207666015625,0.4095423221588135,0.039868831634521484,-0.3111400604248047
1789038638048076500,27.62207666015625,0.47144603729248047,-0.012397289276123047,-0.6871175765991211
1789038638058076700,27.63207666015625,1.084444284439087,0.03889656066894531,-0.8096513748168945
1789038638068076500,27.64207666015625,0.5269217491149902,0.09561586380004883,-0.9949584007263184
1789038638078076700,27.65207666015625,0.6744372844696045,-0.0517582893371582,-1.0994009971618652
1789038638088076500,27.66207666015625,-0.09261274337768555,-0.35649585723876953,-0.6560821533203125
1789038638098076700,27.67207666015625,0.10391688346862793,-0.6474409103393555,-0.6337394714355469
1789038638108076500,27.68207666015625,0.5045654773712158,-0.7685809135437012,-0.8129825592041016
1789038638118076700,27.69207666015625,0.8924973011016846,-0.6909985542297363,-0.5402307510375977
1789038638128076500,27.70207666015625,0.5953505039215088,-0.5914320945739746,-0.3756275177001953
1789038638138076700,27.71207666015625,0.16074228286743164,-0.47682857513427734,-0.3782634735107422
1789038638148076500,27.72207666015625,-0.0673213005065918,-0.17367959022521973,-0.5537118911743164
1789038638158076700,27.73207666015625,0.18482708930969238,0.22850680351257324,-0.8561196327209473
1789038638168076500,27.74207666015625,0.4547119140625,0.7061455249786377,-1.532597541809082
1789038638178076700,27.75207666015625,0.5701816082000732,1.0090737342834473,-1.9308266639709473
1789038638188076500,27.76207666015625,0.6403071880340576,1.1049065589904785,-2.324247360229492
1789038638198076700,27.77207666015625,0.6104698181152344,0.9995369911193848,-2.267106533050537
1789038638208076500,27.78207666015625,0.3745906352996826,0.7480051517486572,-1.9241328239440918
1789038638218076700,27.79207666015625,0.3368957042694092,0.27970290184020996,-1.3034000396728516
1789038638228076500,27.80207666015625,0.5445313453674316,-0.17978262901306152,-0.8395185470581055
1789038638238076700,27.81207666015625,0.6232478618621826,-0.10518360137939453,-0.9157648086547852
1789038638248076500,27.82207666015625,0.5616369247436523,0.24687600135803223,-1.1014289855957031
1789038638258076700,27.83207666015625,0.49752330780029297,0.5566422939300537,-0.8599662780761719
1789038638268076500,27.84207666015625,0.3502335548400879,0.71824049949646,-0.5949835777282715
1789038638278076700,27.85207666015625,0.251631498336792,0.7014551162719727,-0.3583030700683594
1789038638288076500,27.86207666015625,0.22641253471374512,0.725353479385376,-0.398468017578125
1789038638298076700,27.87207666015625,0.15081214904785156,0.6159830093383789,-0.6884875297546387
1789038638308076500,27.88207666015625,-0.023240327835083008,0.38230395317077637,-0.8240647315979004
1789038638318076700,27.89207666015625,0.03751254081726074,0.1661069393157959,-0.9164228439331055
1789038638328076500,27.90207666015625,-0.05278778076171875,-0.17632007598876953,-0.6193923950195312
1789038638338076700,27.91207666015625,-0.042249202728271484,-0.4171288013458252,-0.4803347587585449
1789038638348076500,27.92207666015625,0.05797076225280762,-0.5615618228912354,-0.4920501708984375
1789038638358076700,27.93207666015625,0.18978643417358398,-0.6274757385253906,-0.5970697402954102
1789038638368076500,27.94207666015625,0.1838526725769043,-0.43386387825012207,-0.6946320533752441
1789038638378076700,27.95207666015625,0.18278980255126953,-0.1225736141204834,-0.49265098571777344
1789038638388076500,27.96207666015625,-0.0004904270172119141,0.08047056198120117,-0.36055707931518555
1789038638398076700,27.97207666015625,0.0817270278930664,0.2498459815979004,-0.050467491149902344
1789038638408076500,27.98207666015625,0.2604529857635498,0.28473925590515137,0.16057395935058594
1789038638418076700,27.99207666015625,0.4437367916107178,0.22126054763793945,0.18936634063720703
1789038638428076500,28.00207666015625,0.44913148880004883,0.22328400611877441,-0.09561729431152344
1789038638438076700,28.01207666015625,0.22309160232543945,0.17726826667785645,-0.317049503326416
1789038638448076500,28.02207666015625,0.051728010177612305,0.09435153007507324,-0.42928028106689453
1789038638458076700,28.03207666015625,0.005151510238647461,-0.008543968200683594,-0.5300774574279785
1789038638468076500,28.04207666015625,-0.008912801742553711,-0.059024810791015625,-0.5734214782714844
1789038638478076700,28.05207666015625,0.20491933822631836,-0.14685273170471191,-0.3866004943847656
1789038638488076500,28.06207666015625,0.1425492763519287,-0.02201104164123535,-0.6614809036254883
1789038638498076700,28.07207666015625,0.03959822654724121,0.21827197074890137,-0.8589630126953125
1789038638508076500,28.08207666015625,-0.17582488059997559,0.4117565155029297,-1.021848201751709
1789038638518076700,28.09207666015625,-0.19960761070251465,0.4825434684753418,-0.877601146697998
1789038638528076500,28.10207666015625,-0.3617537021636963,0.3736722469329834,-0.5922451019287109
1789038638538076700,28.11207666015625,-0.4364292621612549,0.21359014511108398,-0.3586111068725586
1789038638548076500,28.12207666015625,-0.12987589836120605,0.1540980339050293,-0.2026982307434082
1789038638558076700,28.13207666015625,-0.034073591232299805,0.3807029724121094,-0.7105989456176758
1789038638568076500,28.14207666015625,-0.12973570823669434,0.8073596954345703,-1.255868911743164
1789038638578076700,28.15207666015625,-0.23894071578979492,1.247983455657959,-1.6504921913146973
1789038638588076500,28.16207666015625,-0.2903561592102051,1.4365284442901611,-1.4734811782836914
1789038638598076700,28.17207666015625,-0.26408863067626953,1.379861831665039,-1.017646312713623
1789038638608076500,28.18207666015625,-0.3621809482574463,1.3074445724487305,-0.5148115158081055
1789038638618076700,28.19207666015625,-0.3251678943634033,1.1266124248504639,-0.32008838653564453
1789038638628076500,28.20207666015625,-0.47190189361572266,0.8304653167724609,-0.463900089263916
1789038638638076700,28.21207666015625,-0.5652539730072021,0.32764673233032227,-0.4419212341308594
1789038638648076500,28.22207666015625,-0.543628454208374,-0.14267253875732422,-0.27399253845214844
1789038638658076700,28.23207666015625,-0.40421485900878906,-0.49325990676879883,-0.41394710540771484
1789038638668076500,28.24207666015625,-0.361602783203125,-0.7913041114807129,-0.21368885040283203
1789038638678076700,28.25207666015625,-0.26731371879577637,-0.8376679420471191,-0.02599954605102539
1789038638688076500,28.26207666015625,-0.2797253131866455,-0.9419879913330078,0.3950796127319336
1789038638698076700,28.27207666015625,-0.3359377384185791,-0.6615304946899414,0.5868210792541504
1789038638708076500,28.28207666015625,-0.3699605464935303,-0.48739147186279297,0.44963836669921875
1789038638718076700,28.29207666015625,-0.4052705764770508,-0.18816566467285156,0.48931026458740234
1789038638728076500,28.30207666015625,-0.21836233139038086,-0.04768228530883789,0.47080039978027344
1789038638738076700,28.31207666015625,-0.25754570960998535,0.05433845520019531,0.4018378257751465
1789038638748076500,28.32207666015625,-0.2251443862915039,0.16658878326416016,0.013312816619873047
1789038638758076700,28.33207666015625,-0.4105355739593506,0.0768589973449707,0.10280036926269531
1789038638768076500,28.34207666015625,-0.4793720245361328,-0.1730647087097168,0.19878816604614258
1789038638778076700,28.35207666015625,-0.30754971504211426,-0.44762420654296875,0.21889066696166992
1789038638788076500,28.36207666015625,-0.35451340675354004,-0.4945669174194336,0.1813497543334961
1789038638798076700,28.37207666015625,-0.15852570533752441,-0.25847578048706055,-0.0989389419555664
1789038638808076500,28.38207666015625,0.06874275207519531,-0.09862089157104492,-0.6267457008361816
1789038638818076700,28.39207666015625,0.06690001487731934,-0.12213277816772461,-0.7922201156616211
1789038638828076500,28.40207666015625,-0.12484383583068848,-0.36832237243652344,-0.5970244407653809
1789038638838076700,28.41207666015625,-0.19477319717407227,-0.8183016777038574,0.03795051574707031
1789038638848076500,28.42207666015625,-0.2083587646484375,-1.0156149864196777,0.7468600273132324
1789038638858076700,28.43207666015625,-0.2861669063568115,-1.0037117004394531,0.886390209197998
1789038638868076500,28.44207666015625,-0.24353742599487305,-0.7116718292236328,0.9178457260131836
1789038638878076700,28.45207666015625,-0.15833210945129395,-0.39365196228027344,0.6029081344604492
1789038638888076500,28.46207666015625,-0.008069753646850586,-0.18292474746704102,0.39501094818115234
1789038638898076700,28.47207666015625,-0.12342000007629395,-0.05966615676879883,0.26970529556274414
1789038638908076500,28.48207666015625,-0.18549251556396484,0.02645730972290039,0.17406177520751953
1789038638918076700,28.49207666015625,-0.192702054977417,0.22286367416381836,-0.02264118194580078
1789038638928076500,28.50207666015625,-0.041776180267333984,0.23309612274169922,-0.03048419952392578
1789038638938076700,28.51207666015625,-0.0054225921630859375,-0.06775140762329102,0.1147465705871582
1789038638948076500,28.52207666015625,-0.06794166564941406,-0.6123027801513672,0.29308557510375977
1789038638958076700,28.53207666015625,-0.22151446342468262,-1.2880873680114746,0.8424878120422363
1789038638968076500,28.54207666015625,-0.2710859775543213,-1.9318270683288574,1.758042812347412
1789038638978076700,28.55207666015625,-0.4850022792816162,-1.9392895698547363,2.1307244300842285
1789038638988076500,28.56207666015625,-0.6400926113128662,-1.0403757095336914,1.4463682174682617
1789038638998076700,28.57207666015625,-0.4649639129638672,-0.11884546279907227,0.8917474746704102
1789038639008076500,28.58207666015625,-0.007892370223999023,0.5575923919677734,0.3219332695007324
1789038639018076700,28.59207666015625,0.4145956039428711,0.5485310554504395,0.2732658386230469
1789038639028076500,28.60207666015625,0.5745053291320801,0.2210707664489746,0.4783596992492676
1789038639038076700,28.61207666015625,0.44003796577453613,0.23454904556274414,0.32306480407714844
1789038639048076500,28.62207666015625,0.1284024715423584,0.01750469207763672,0.4349689483642578
1789038639058076700,28.63207666015625,-0.12763690948486328,0.01317739486694336,0.4422187805175781
1789038639068076500,28.64207666015625,-0.2632870674133301,0.05076169967651367,0.3563389778137207
1789038639078076700,28.65207666015625,-0.19232583045959473,-0.19001531600952148,0.33729124069213867
1789038639088076500,28.66207666015625,-0.10361409187316895,-0.5834817886352539,0.5049562454223633
1789038639098076700,28.67207666015625,-0.03786444664001465,-0.9569821357727051,0.7355208396911621
1789038639108076500,28.68207666015625,-0.06465816497802734,-0.9404773712158203,0.9221315383911133
1789038639118076700,28.69207666015625,-0.26729273796081543,-0.49959468841552734,0.8632173538208008
1789038639128076500,28.70207666015625,-0.35891246795654297,-0.15894269943237305,0.8031134605407715
1789038639138076700,28.71207666015625,-0.17325615882873535,0.024276256561279297,0.7825679779052734
1789038639148076500,28.72207666015625,0.01408243179321289,0.17569351196289062,0.7125711441040039
1789038639158076700,28.73207666015625,0.19816994667053223,0.32515478134155273,0.6285562515258789
1789038639168076500,28.74207666015625,0.2676842212677002,0.4602646827697754,0.6145029067993164
1789038639178076700,28.75207666015625,0.1876819133758545,0.595283031463623,0.3982887268066406
1789038639188076500,28.76207666015625,0.20955920219421387,0.6301126480102539,0.19492101669311523
1789038639198076700,28.77207666015625,0.34175682067871094,0.5525455474853516,-0.13863897323608398
1789038639208076500,28.78207666015625,0.4280221462249756,0.4055767059326172,-0.3661818504333496
1789038639218076700,28.79207666015625,0.5570664405822754,0.18692302703857422,-0.36617422103881836
1789038639228076500,28.80207666015625,0.537043571472168,-0.13262701034545898,-0.23858642578125
1789038639238076700,28.81207666015625,0.6052136421203613,-0.3056216239929199,-0.015467643737792969
1789038639248076500,28.82207666015625,0.623237133026123,-0.42632627487182617,0.2598710060119629
1789038639258076700,28.83207666015625,0.2668168544769287,-0.44052600860595703,0.15499544143676758
1789038639268076500,28.84207666015625,-0.07707548141479492,-0.5398802757263184,0.09156942367553711
1789038639278076700,28.85207666015625,-0.3549222946166992,-0.7791638374328613,0.09737491607666016
1789038639288076500,28.86207666015625,-0.5230817794799805,-0.9697365760803223,0.10552835464477539
1789038639298076700,28.87207666015625,-0.7059476375579834,-0.9786186218261719,0.16877412796020508
1789038639308076500,28.88207666015625,-0.7908844947814941,-0.8099665641784668,0.11487150192260742
1789038639318076700,28.89207666015625,-0.702564001083374,-0.5526914596557617,0.048435211181640625
1789038639328076500,28.90207666015625,-0.36014294624328613,-0.3037261962890625,0.037572383880615234
1789038639338076700,28.91207666015625,0.17168188095092773,-0.11672353744506836,0.007860183715820312
1789038639348076500,28.92207666015625,0.4462120532989502,0.019356250762939453,-0.01130819320678711
1789038639358076700,28.93207666015625,0.6035892963409424,-0.027046680450439453,0.13007354736328125
1789038639368076500,28.94207666015625,0.7300646305084229,-0.17773103713989258,0.24695825576782227
1789038639378076700,28.95207666015625,0.5638995170593262,-0.45342302322387695,0.48962831497192383
1789038639388076500,28.96207666015625,0.37992048263549805,-0.6686649322509766,0.6409673690795898
1789038639398076700,28.97207666015625,0.38704895973205566,-0.7813858985900879,0.7221240997314453
1789038639408076500,28.98207666015625,0.40120530128479004,-0.8443894386291504,1.3045415878295898
1789038639418076700,28.99207666015625,0.45386743545532227,-0.7961602210998535,1.3163056373596191
1789038639428076500,29.00207666015625,0.25168442726135254,-0.6299428939819336,1.2228550910949707
1789038639438076700,29.01207666015625,0.15337753295898438,-0.35612010955810547,0.6409063339233398
1789038639448076500,29.02207666015625,0.050940752029418945,-0.11226320266723633,0.18597030639648438
1789038639458076700,29.03207666015625,0.27455806732177734,0.08594608306884766,0.05178213119506836
1789038639468076500,29.04207666015625,0.44016265869140625,0.09452056884765625,0.40520620346069336
1789038639478076700,29.05207666015625,0.5274956226348877,-0.030224323272705078,0.701289176940918
1789038639488076500,29.06207666015625,0.32225584983825684,-0.16110467910766602,0.7944331169128418
1789038639498076700,29.07207666015625,-0.0296633243560791,-0.48495960235595703,0.7989578247070312
1789038639508076500,29.08207666015625,-0.14189529418945312,-0.7272276878356934,0.4426145553588867
1789038639518076700,29.09207666015625,-0.17414426803588867,-0.8669323921203613,0.3056821823120117
1789038639528076500,29.10207666015625,-0.14001727104187012,-0.9533472061157227,0.39267921447753906
1789038639538076700,29.11207666015625,-0.02065420150756836,-0.7717022895812988,0.48135900497436523
1789038639548076500,29.12207666015625,-0.3082692623138428,-0.5794711112976074,0.4837331771850586
1789038639558076700,29.13207666015625,0.12729167938232422,-0.6782941818237305,-0.14142894744873047
1789038639568076500,29.14207666015625,-0.10148191452026367,-0.7780194282531738,0.8065452575683594
1789038639578076700,29.15207666015625,-0.23407721519470215,-1.15775728225708,1.31522798538208
1789038639588076500,29.16207666015625,-0.013046979904174805,-1.439112663269043,1.2920637130737305
1789038639598076700,29.17207666015625,-0.4239678382873535,-1.4909019470214844,1.0481133460998535
1789038639608076500,29.18207666015625,0.3595249652862549,-1.1955676078796387,0.23969030380249023
1789038639618076700,29.19207666015625,0.7428500652313232,-1.0432429313659668,-0.0722513198852539
1789038639628076500,29.20207666015625,1.0993049144744873,-0.864598274230957,-0.32888317108154297
1789038639638076700,29.21207666015625,0.7982079982757568,-0.6119503974914551,-0.5051789283752441
1789038639648076500,29.22207666015625,0.8111498355865479,-0.32265186309814453,-1.0206289291381836
1789038639658076700,29.23207666015625,1.0026087760925293,0.03914833068847656,-1.7413883209228516
1789038639668076500,29.24207666015625,0.6924715042114258,0.39894628524780273,-2.5204591751098633
1789038639678076700,29.25207666015625,0.43704915046691895,0.5981969833374023,-2.7992067337036133
1789038639688076500,29.26207666015625,0.14536046981811523,0.7830305099487305,-2.8763794898986816
1789038639698076700,29.27207666015625,0.167083740234375,0.7816088199615479,-2.1400671005249023
1789038639708076500,29.28207666015625,0.5959091186523438,0.9057316780090332,-1.9486174583435059
1789038639718076700,29.29207666015625,0.7107353210449219,1.2329416275024414,-1.9513063430786133
1789038639728076500,29.30207666015625,0.47744083404541016,1.3872838020324707,-1.9104208946228027
1789038639738076700,29.31207666015625,0.5451440811157227,1.3372163772583008,-1.7988176345825195
1789038639748076500,29.32207666015625,0.7970750331878662,1.1107633113861084,-1.5417461395263672
1789038639758076700,29.33207666015625,0.8713541030883789,0.8022627830505371,-1.530385971069336
1789038639768076500,29.34207666015625,0.9281377792358398,0.6545886993408203,-1.6987338066101074
1789038639778076700,29.35207666015625,0.8185162544250488,0.3741908073425293,-1.484048843383789
1789038639788076500,29.36207666015625,0.7509808540344238,0.2487783432006836,-1.3108587265014648
1789038639798076700,29.37207666015625,0.6738922595977783,0.6121826171875,-0.6945610046386719
1789038639808076500,29.38207666015625,0.6712183952331543,0.9252276420593262,-0.3974332809448242
1789038639818076700,29.39207666015625,0.5018625259399414,1.0776267051696777,-0.4257955551147461
1789038639828076500,29.40207666015625,0.1971745491027832,0.7268486022949219,-0.544222354888916
1789038639838076700,29.41207666015625,0.03509664535522461,0.24135184288024902,-0.7776951789855957
1789038639848076500,29.42207666015625,-0.22893166542053223,0.2544748783111572,-1.0662055015563965
1789038639858076700,29.43207666015625,-0.2910456657409668,0.2698681354522705,-1.1213083267211914
1789038639868076500,29.44207666015625,-0.07011961936950684,0.4533834457397461,-0.9086604118347168
1789038639878076700,29.45207666015625,0.213547945022583,0.4242854118347168,-0.47119998931884766
1789038639888076500,29.46207666015625,0.24025702476501465,0.24484658241271973,-0.1996173858642578
1789038639898076700,29.47207666015625,-0.0033957958221435547,0.047367095947265625,-0.2649507522583008
1789038639908076500,29.48207666015625,-0.0712890625,-0.2371668815612793,-0.2196063995361328
1789038639918076700,29.49207666015625,-0.18982529640197754,-0.578519344329834,-0.3010129928588867
1789038639928076500,29.50207666015625,-0.1374959945678711,-0.7869436740875244,-0.43855857849121094
1789038639938076700,29.51207666015625,-0.06394243240356445,-0.8299291133880615,-0.7563905715942383
1789038639948076500,29.52207666015625,-0.07546138763427734,-0.6099298000335693,-0.8602094650268555
1789038639958076700,29.53207666015625,-0.46561455726623535,-0.16802144050598145,-0.9819974899291992
1789038639968076500,29.54207666015625,-0.3432462215423584,0.2167966365814209,-0.7560849189758301
1789038639978076700,29.55207666015625,0.13733863830566406,0.3891172409057617,-0.5435314178466797
1789038639988076500,29.56207666015625,0.5563256740570068,0.44052791595458984,-0.27846813201904297
1789038639998076700,29.57207666015625,0.46358537673950195,0.5502588748931885,-0.5765976905822754
1789038640008076500,29.58207666015625,0.14829540252685547,0.7163939476013184,-0.6213541030883789
1789038640018076700,29.59207666015625,-0.14736199378967285,0.7350578308105469,-0.8665018081665039
1789038640028076500,29.60207666015625,-0.11943936347961426,0.6786527633666992,-0.986689567565918
1789038640038076700,29.61207666015625,-0.09941363334655762,0.6571862697601318,-1.1153669357299805
1789038640048076500,29.62207666015625,-0.057042837142944336,0.4564242362976074,-0.7883291244506836
1789038640058076700,29.63207666015625,0.16392278671264648,0.3424530029296875,-0.7010908126831055
1789038640068076500,29.64207666015625,0.057486534118652344,0.39969825744628906,-0.8019704818725586
1789038640078076700,29.65207666015625,-0.3502929210662842,0.5974135398864746,-0.9612479209899902
1789038640088076500,29.66207666015625,-0.3852882385253906,0.6310884952545166,-0.6610813140869141
1789038640098076700,29.67207666015625,-0.2574613094329834,0.471602201461792,-0.042407989501953125
1789038640108076500,29.68207666015625,-0.07389354705810547,0.22362041473388672,0.17614269256591797
1789038640118076700,29.69207666015625,-0.1981499195098877,0.16307926177978516,0.0255889892578125
1789038640128076500,29.70207666015625,-0.2873682975769043,0.18204545974731445,0.22180938720703125
1789038640138076700,29.71207666015625,-0.7068994045257568,0.36011838912963867,0.23905038833618164
1789038640148076500,29.72207666015625,-1.0131003856658936,0.5741419792175293,0.06622171401977539
1789038640158076700,29.73207666015625,-0.8494858741760254,0.7313022613525391,-0.0789175033569336
1789038640168076500,29.74207666015625,-0.48099255561828613,0.7922945022583008,-0.18335390090942383
1789038640178076700,29.75207666015625,-0.6533286571502686,0.8672199249267578,-0.5864801406860352
1789038640188076500,29.76207666015625,-0.9082949161529541,0.9169621467590332,-0.9671831130981445
1789038640198076700,29.77207666015625,-0.7504398822784424,0.8045711517333984,-1.1385622024536133
1789038640208076500,29.78207666015625,-0.6603517532348633,0.47553157806396484,-1.3103070259094238
1789038640218076700,29.79207666015625,-0.4308145046234131,0.08054924011230469,-0.808568000793457
1789038640228076500,29.80207666015625,-0.13210606575012207,-0.46411943435668945,-0.3819093704223633
1789038640238076700,29.81207666015625,0.17325735092163086,-0.6184535026550293,-0.004197120666503906
1789038640248076500,29.82207666015625,0.010783195495605469,-0.45320844650268555,-0.2610602378845215
1789038640258076700,29.83207666015625,-0.5887329578399658,-0.06361532211303711,-0.5300240516662598
1789038640268076500,29.84207666015625,-0.9493918418884277,-0.11466598510742188,-0.7515134811401367
1789038640278076700,29.85207666015625,-0.8625791072845459,-0.7561507225036621,0.14072275161743164
1789038640288076500,29.86207666015625,-0.563734769821167,-1.3506073951721191,1.1974825859069824
1789038640298076700,29.87207666015625,-0.2710297107696533,-1.7805070877075195,1.697298526763916
1789038640308076500,29.88207666015625,-0.41809892654418945,-1.8718481063842773,1.6143264770507812
1789038640318076700,29.89207666015625,-0.5378344058990479,-1.4258475303649902,1.1750288009643555
1789038640328076500,29.90207666015625,-0.6029708385467529,-1.1586604118347168,0.7012004852294922
1789038640338076700,29.91207666015625,-0.7573144435882568,-1.0406503677368164,0.5366783142089844
1789038640348076500,29.92207666015625,-0.6061577796936035,-0.8049106597900391,0.5397448539733887
1789038640358076700,29.93207666015625,-0.3860340118408203,-0.48031044006347656,0.7157711982727051
1789038640368076500,29.94207666015625,-0.14663457870483398,-0.19981098175048828,0.6261758804321289
1789038640378076700,29.95207666015625,-0.041095733642578125,0.01580667495727539,0.521665096282959
1789038640388076500,29.96207666015625,-0.026934146881103516,0.1434617042541504,0.6984782218933105
1789038640398076700,29.97207666015625,0.0017604827880859375,0.05818748474121094,0.8651151657104492
1789038640408076500,29.98207666015625,0.16475677490234375,-0.25524282455444336,1.3930058479309082
1789038640418076700,29.99207666015625,0.43379759788513184,-0.3901810646057129,1.7879066467285156
1789038640428076500,30.00207666015625,0.6412349939346313,-0.2332468032836914,1.6762919425964355
1789038640438076700,30.01207666015625,0.5810167789459229,0.10167217254638672,1.0877466201782227
1789038640448076500,30.02207666015625,0.2365570068359375,0.29543638229370117,0.5587420463562012
1789038640458076700,30.03207666015625,0.08958244323730469,0.2400808334350586,0.599555492401123
1789038640468076500,30.04207666015625,0.1587541103363037,-0.04063081741333008,0.7891635894775391
1789038640478076700,30.05207666015625,0.29816532135009766,-0.36520862579345703,0.8556103706359863
1789038640488076500,30.06207666015625,0.3496823310852051,-0.5583620071411133,0.7768573760986328
1789038640498076700,30.07207666015625,0.18046164512634277,-0.4954977035522461,0.5066313743591309
1789038640508076500,30.08207666015625,0.05196952819824219,-0.2812075614929199,0.5999236106872559
1789038640518076700,30.09207666015625,0.11080312728881836,-0.5519890785217285,1.1490654945373535
1789038640528076500,30.10207666015625,0.22585463523864746,-0.7229619026184082,1.1536011695861816
1789038640538076700,30.11207666015625,0.050055742263793945,-0.8824048042297363,1.2467455863952637
1789038640548076500,30.12207666015625,-0.16616225242614746,-0.7622003555297852,1.1758670806884766
1789038640558076700,30.13207666015625,-0.2902228832244873,-0.33539676666259766,0.9310688972473145
1789038640568076500,30.14207666015625,-0.3098609447479248,0.19005584716796875,0.544123649597168
1789038640578076700,30.15207666015625,-0.19208431243896484,0.6710786819458008,0.028186321258544922
1789038640588076500,30.16207666015625,-0.06071805953979492,0.9785714149475098,-0.40079641342163086
1789038640598076700,30.17207666015625,0.1542668342590332,1.0889077186584473,-0.5841207504272461
1789038640608076500,30.18207666015625,0.3159329891204834,0.9703779220581055,-0.5981535911560059
1789038640618076700,30.19207666015625,0.3648533821105957,0.785679817199707,-0.5428619384765625
1789038640628076500,30.20207666015625,0.2476358413696289,0.43968725204467773,-0.46341943740844727
1789038640638076700,30.21207666015625,0.06336355209350586,-0.11937713623046875,-0.26117372512817383
1789038640648076500,30.22207666015625,-0.13125944137573242,-0.747774600982666,-0.0005764961242675781
1789038640658076700,30.23207666015625,-0.2853975296020508,-1.2425146102905273,0.16999530792236328
1789038640668076500,30.24207666015625,-0.4897158145904541,-1.325904369354248,0.08868837356567383
1789038640678076700,30.25207666015625,-0.5952410697937012,-1.0110230445861816,0.007380962371826172
1789038640688076500,30.26207666015625,-0.40436697006225586,-0.5636453628540039,0.0899343490600586
1789038640698076700,30.27207666015625,-0.2412426471710205,-0.17765235900878906,0.24494647979736328
1789038640708076500,30.28207666015625,-0.23030567169189453,0.08279895782470703,0.294769287109375
1789038640718076700,30.29207666015625,-0.2235851287841797,0.10073041915893555,0.21758127212524414
1789038640728076500,30.30207666015625,-0.10619950294494629,-0.1095438003540039,0.10928201675415039
1789038640738076700,30.31207666015625,-0.1893458366394043,-0.2561960220336914,-0.21128129959106445
1789038640748076500,30.32207666015625,-0.15741586685180664,-0.40034961700439453,-0.35236263275146484
1789038640758076700,30.33207666015625,-0.0938863754272461,-0.37511348724365234,-0.4132828712463379
1789038640768076500,30.34207666015625,0.12327075004577637,-0.1989130973815918,-0.32987499237060547
1789038640778076700,30.35207666015625,0.4674506187438965,-0.003296375274658203,-0.3550386428833008
1789038640788076500,30.36207666015625,0.6990294456481934,0.2355670928955078,-0.39368343353271484
1789038640798076700,30.37207666015625,0.8098876476287842,0.4963655471801758,-0.3295111656188965
1789038640808076500,30.38207666015625,0.7528448104858398,0.7100257873535156,-0.3424358367919922
1789038640818076700,30.39207666015625,0.6979544162750244,0.8036332130432129,-0.37743330001831055
1789038640828076500,30.40207666015625,0.7675917148590088,0.6806917190551758,-0.23198986053466797
1789038640838076700,30.41207666015625,0.6350641250610352,0.26087379455566406,0.009487152099609375
1789038640848076500,30.42207666015625,0.1736295223236084,-0.20781373977661133,0.3703427314758301
1789038640858076700,30.43207666015625,-0.4126310348510742,-0.6234021186828613,0.7751855850219727
1789038640868076500,30.44207666015625,-0.7267289161682129,-0.9755434989929199,1.0770258903503418
1789038640878076700,30.45207666015625,-0.8406240940093994,-1.2672677040100098,1.177304744720459
1789038640888076500,30.46207666015625,-1.0876286029815674,-1.4065279960632324,1.2216949462890625
1789038640898076700,30.47207666015625,-1.257819652557373,-1.531045913696289,1.2883052825927734
1789038640908076500,30.48207666015625,-1.2225093841552734,-1.6842613220214844,1.4472436904907227
1789038640918076700,30.49207666015625,-0.9489212036132812,-1.9409890174865723,1.5960040092468262
1789038640928076500,30.50207666015625,-0.7605767250061035,-2.2831225395202637,1.8226041793823242
1789038640938076700,30.51207666015625,-0.5442485809326172,-2.5627622604370117,2.615541458129883
1789038640948076500,30.52207666015625,0.09330081939697266,-2.6022729873657227,3.7649216651916504
1789038640958076700,30.53207666015625,1.0798786878585815,-2.200206756591797,3.8763608932495117
1789038640968076500,30.54207666015625,1.620800256729126,-1.7201809883117676,2.8637619018554688
1789038640978076700,30.55207666015625,1.4017438888549805,-1.0649795532226562,1.3013710975646973
1789038640988076500,30.56207666015625,0.571974515914917,-0.4414191246032715,0.05969524383544922
1789038640998076700,30.57207666015625,0.2794008255004883,0.24457073211669922,-0.8447785377502441
1789038641008076500,30.58207666015625,0.2051866054534912,0.756162166595459,-1.4781403541564941
1789038641018076700,30.59207666015625,0.44992923736572266,1.1200056076049805,-2.0316944122314453
1789038641028076500,30.60207666015625,0.33877015113830566,0.9201431274414062,-2.381317615509033
1789038641038076700,30.61207666015625,1.0747528076171875,0.5862374305725098,-2.0553674697875977
1789038641048076500,30.62207666015625,0.20669984817504883,-0.07414054870605469,-0.5251321792602539
1789038641058076700,30.63207666015625,0.45003294944763184,-0.7226972579956055,0.3786344528198242
1789038641068076500,30.64207666015625,-0.13637638092041016,-1.2595233917236328,1.2896990776062012
1789038641078076700,30.65207666015625,0.538811206817627,-1.5395221710205078,0.9510841369628906
1789038641088076500,30.66207666015625,0.608452320098877,-1.4750099182128906,1.2237262725830078
1789038641098076700,30.67207666015625,1.2336063385009766,-1.3699951171875,1.263960838317871
1789038641108076500,30.68207666015625,1.0576863288879395,-0.8052773475646973,1.5626869201660156
1789038641118076700,30.69207666015625,1.231247901916504,0.14117097854614258,0.4773283004760742
1789038641128076500,30.70207666015625,1.030343770980835,0.916229248046875,-0.3729515075683594
1789038641138076700,30.71207666015625,0.6209094524383545,1.1868896484375,-1.662750244140625
1789038641148076500,30.72207666015625,0.4663271903991699,0.9145972728729248,-2.253713607788086
1789038641158076700,30.73207666015625,0.7630679607391357,0.5293657779693604,-2.240072250366211
1789038641168076500,30.74207666015625,1.090461254119873,0.3495025634765625,-2.0414791107177734
1789038641178076700,30.75207666015625,0.9533703327178955,0.34029626846313477,-1.7377920150756836
1789038641188076500,30.76207666015625,0.8283579349517822,0.3419628143310547,-1.6932954788208008
1789038641198076700,30.77207666015625,0.7413883209228516,0.333343505859375,-1.719869613647461
1789038641208076500,30.78207666015625,0.6305413246154785,0.3087747097015381,-1.7173948287963867
1789038641218076700,30.79207666015625,0.5620732307434082,0.2828361988067627,-1.2336320877075195
1789038641228076500,30.80207666015625,0.41612792015075684,0.2965052127838135,-1.0822954177856445
1789038641238076700,30.81207666015625,0.5156238079071045,0.346829891204834,-1.1308279037475586
1789038641248076500,30.82207666015625,0.49262046813964844,0.4424002170562744,-1.4161500930786133
1789038641258076700,30.83207666015625,0.20508265495300293,0.45713305473327637,-1.2475414276123047
1789038641268076500,30.84207666015625,0.18207454681396484,0.4316887855529785,-0.9652085304260254
1789038641278076700,30.85207666015625,0.5056521892547607,0.27469348907470703,-0.9683880805969238
1789038641288076500,30.86207666015625,0.6044375896453857,0.20866918563842773,-1.3151144981384277
1789038641298076700,30.87207666015625,0.1897265911102295,0.12529683113098145,-1.456380844116211
1789038641308076500,30.88207666015625,-0.19005131721496582,0.17203426361083984,-1.734046459197998
1789038641318076700,30.89207666015625,-0.30360889434814453,0.1959989070892334,-1.4436378479003906
1789038641328076500,30.90207666015625,-0.06044197082519531,0.2781972885131836,-1.0877466201782227
1789038641338076700,30.91207666015625,0.09869694709777832,0.13997578620910645,-0.8336162567138672
1789038641348076500,30.92207666015625,0.18194150924682617,-0.11049079895019531,-0.5119309425354004
1789038641358076700,30.93207666015625,0.10476517677307129,0.02912116050720215,-0.17579174041748047
1789038641368076500,30.94207666015625,0.2702960968017578,0.28769636154174805,0.035813331604003906
1789038641378076700,30.95207666015625,0.5965824127197266,0.560338020324707,-0.30171680450439453
1789038641388076500,30.96207666015625,0.6457607746124268,0.3640897274017334,-0.6260461807250977
1789038641398076700,30.97207666015625,0.3615744113922119,0.27240681648254395,-1.2365937232971191
1789038641408076500,30.98207666015625,0.11422371864318848,0.32362937927246094,-1.8638038635253906
1789038641418076700,30.99207666015625,0.11325860023498535,0.3923013210296631,-1.94734525680542
1789038641428076500,31.00207666015625,0.06445908546447754,0.4210238456726074,-1.5505247116088867
1789038641438076700,31.01207666015625,0.20151281356811523,0.25577306747436523,-0.7113256454467773
1789038641448076500,31.02207666015625,0.7377903461456299,-0.11195945739746094,-0.10884571075439453
1789038641458076700,31.03207666015625,0.8439657688140869,-0.5171229839324951,-0.39008426666259766
1789038641468076500,31.04207666015625,0.31341099739074707,-0.7261936664581299,-0.8614063262939453
1789038641478076700,31.05207666015625,-0.2075192928314209,-0.6255817413330078,-1.0434274673461914
1789038641488076500,31.06207666015625,-0.26815128326416016,-0.3774287700653076,-1.0675725936889648
1789038641498076700,31.07207666015625,-0.11227607727050781,-0.0834958553314209,-1.081446647644043
1789038641508076500,31.08207666015625,-0.27214908599853516,0.3250150680541992,-1.3266324996948242
1789038641518076700,31.09207666015625,-0.44381189346313477,0.6014540195465088,-1.3368158340454102
1789038641528076500,31.10207666015625,-0.36554455757141113,0.6383862495422363,-1.2715158462524414
1789038641538076700,31.11207666015625,0.0170133113861084,0.42592930793762207,-1.0699491500854492
1789038641548076500,31.12207666015625,-0.06091499328613281,0.29883646965026855,-1.1623005867004395
1789038641558076700,31.13207666015625,-0.436917781829834,0.3569178581237793,-0.98345947265625
1789038641568076500,31.14207666015625,-0.7435712814331055,0.3917360305786133,-0.7546615600585938
1789038641578076700,31.15207666015625,-0.6934235095977783,0.49720144271850586,-0.7128958702087402
1789038641588076500,31.16207666015625,-0.4262864589691162,0.36386919021606445,-0.3925948143005371
1789038641598076700,31.17207666015625,-0.2598285675048828,-0.05728292465209961,0.09223747253417969
1789038641608076500,31.18207666015625,-0.3377549648284912,-0.41462039947509766,0.21920204162597656
1789038641618076700,31.19207666015625,-0.42995238304138184,-0.5614018440246582,0.021744728088378906
1789038641628076500,31.20207666015625,-0.5921690464019775,-0.6545553207397461,0.058942317962646484
1789038641638076700,31.21207666015625,-0.8162009716033936,-0.4860382080078125,0.3968982696533203
1789038641648076500,31.22207666015625,-0.8162434101104736,-0.07591867446899414,0.17817354202270508
1789038641658076700,31.23207666015625,-0.42305827140808105,0.11810111999511719,0.616462230682373
1789038641668076500,31.24207666015625,-0.09399557113647461,0.3615593910217285,0.38850927352905273
1789038641678076700,31.25207666015625,-0.09612917900085449,0.2566838264465332,0.0804910659790039
1789038641688076500,31.26207666015625,-0.14969515800476074,0.49929094314575195,0.07678556442260742
1789038641698076700,31.27207666015625,-0.6021568775177002,0.5931797027587891,-0.7113943099975586
1789038641708076500,31.28207666015625,-1.051851749420166,0.7182574272155762,-0.6954684257507324
1789038641718076700,31.29207666015625,-1.1091949939727783,0.35440731048583984,-0.4673042297363281
1789038641728076500,31.30207666015625,-0.6330258846282959,-0.08151483535766602,0.42366504669189453
1789038641738076700,31.31207666015625,-0.14296865463256836,-0.5936574935913086,0.8537168502807617
1789038641748076500,31.32207666015625,-0.16550016403198242,-0.7861485481262207,1.0645017623901367
1789038641758076700,31.33207666015625,-0.2583432197570801,-0.9741811752319336,0.5485296249389648
1789038641768076500,31.34207666015625,-0.6747760772705078,-1.0642075538635254,0.21951055526733398
1789038641778076700,31.35207666015625,-0.600888729095459,-1.2234539985656738,0.2850227355957031
1789038641788076500,31.36207666015625,-0.30809879302978516,-1.469996452331543,0.5422525405883789
1789038641798076700,31.37207666015625,-0.2538902759552002,-1.2387199401855469,0.47308826446533203
1789038641808076500,31.38207666015625,-0.1938920021057129,-0.6893820762634277,0.38608312606811523
1789038641818076700,31.39207666015625,-0.15779995918273926,-0.1813983917236328,0.26139020919799805
1789038641828076500,31.40207666015625,-0.20655012130737305,-0.029492855072021484,0.21567726135253906
1789038641838076700,31.41207666015625,-0.14258599281311035,-0.11478710174560547,0.44520139694213867
1789038641848076500,31.42207666015625,0.3291747570037842,-0.1775989532470703,0.6229462623596191
1789038641858076700,31.43207666015625,0.5643315315246582,-0.08556890487670898,0.747931957244873
1789038641868076500,31.44207666015625,0.39259886741638184,0.1378026008605957,0.5362496376037598
1789038641878076700,31.45207666015625,-0.05004453659057617,0.4324469566345215,0.36931610107421875
1789038641888076500,31.46207666015625,-0.37622618675231934,0.49151134490966797,0.42035531997680664
1789038641898076700,31.47207666015625,-0.1688244342803955,0.12046194076538086,1.004831314086914
1789038641908076500,31.48207666015625,0.33527207374572754,-0.32618093490600586,1.4090452194213867
1789038641918076700,31.49207666015625,0.5948331356048584,-0.6819362640380859,1.476409912109375
1789038641928076500,31.50207666015625,0.30383849143981934,-0.8422470092773438,1.2982425689697266
1789038641938076700,31.51207666015625,-0.14422345161437988,-0.813652515411377,0.9915928840637207
1789038641948076500,31.52207666015625,-0.3248894214630127,-0.8523111343383789,0.9386529922485352
1789038641958076700,31.53207666015625,-0.12191605567932129,-1.119363784790039,1.4199604988098145
1789038641968076500,31.54207666015625,-0.0067059993743896484,-1.0623273849487305,1.5057601928710938
1789038641978076700,31.55207666015625,-0.12128901481628418,-0.726344108581543,1.1215109825134277
1789038641988076500,31.56207666015625,-0.2504129409790039,-0.3518819808959961,0.8521518707275391
1789038641998076700,31.57207666015625,-0.2799344062805176,-0.3447694778442383,1.0479130744934082
1789038642008076500,31.58207666015625,-0.2270512580871582,-0.4828314781188965,1.2834010124206543
1789038642018076700,31.59207666015625,-0.07880830764770508,-0.5023050308227539,1.3098692893981934
1789038642028076500,31.60207666015625,0.13101553916931152,-0.1540241241455078,1.0355472564697266
1789038642038076700,31.61207666015625,0.07033753395080566,0.3577280044555664,0.6772441864013672
1789038642048076500,31.62207666015625,-0.020734786987304688,0.6734676361083984,0.34053993225097656
1789038642058076700,31.63207666015625,0.009883880615234375,0.7665891647338867,-0.06695747375488281
1789038642068076500,31.64207666015625,0.1736001968383789,0.6783418655395508,-0.3319821357727051
1789038642078076700,31.65207666015625,0.4224872589111328,0.43217945098876953,-0.3572807312011719
1789038642088076500,31.66207666015625,0.525404691696167,0.1729106903076172,-0.4058198928833008
1789038642098076700,31.67207666015625,0.45172739028930664,0.1331768035888672,-0.2749452590942383
1789038642108076500,31.68207666015625,0.3219451904296875,0.17467117309570312,-0.10872220993041992
1789038642118076700,31.69207666015625,0.3814859390258789,0.05669593811035156,0.30158042907714844
1789038642128076500,31.70207666015625,0.4588046073913574,-0.17623043060302734,0.6639862060546875
1789038642138076700,31.71207666015625,0.4664123058319092,-0.42748355865478516,0.9419717788696289
1789038642148076500,31.72207666015625,0.4596443176269531,-0.5323219299316406,1.0543131828308105
1789038642158076700,31.73207666015625,0.2474040985107422,-0.42772912979125977,0.9160399436950684
1789038642168076500,31.74207666015625,0.05399823188781738,-0.192535400390625,0.540064811706543
1789038642178076700,31.75207666015625,-0.07581281661987305,-0.04467153549194336,0.3476123809814453
1789038642188076500,31.76207666015625,-0.10873794555664062,-0.026516437530517578,0.13455963134765625
1789038642198076700,31.77207666015625,-0.10934925079345703,-0.0731196403503418,-0.0956883430480957
1789038642208076500,31.78207666015625,0.02619457244873047,-0.2571702003479004,-0.2022843360900879
1789038642218076700,31.79207666015625,0.03953742980957031,-0.5201587677001953,-0.18712186813354492
1789038642228076500,31.80207666015625,-0.014432191848754883,-0.8381094932556152,-0.08854436874389648
1789038642238076700,31.81207666015625,-0.09705495834350586,-1.097214698791504,0.31337785720825195
1789038642248076500,31.82207666015625,-0.09233236312866211,-1.2306151390075684,0.5966124534606934
1789038642258076700,31.83207666015625,-0.006241559982299805,-1.2917404174804688,0.8376932144165039
1789038642268076500,31.84207666015625,0.1684892177581787,-1.151379108428955,0.6651811599731445
1789038642278076700,31.85207666015625,0.23764872550964355,-0.9594001770019531,0.46102046966552734
1789038642288076500,31.86207666015625,0.20799922943115234,-0.695559024810791,0.360135555267334
1789038642298076700,31.87207666015625,0.19652748107910156,-0.43731212615966797,0.4201674461364746
1789038642308076500,31.88207666015625,0.2717607021331787,-0.16869735717773438,0.6800112724304199
1789038642318076700,31.89207666015625,0.25708532333374023,-0.07544136047363281,1.029839038848877
1789038642328076500,31.90207666015625,0.34393978118896484,0.028466224670410156,1.0554203987121582
1789038642338076700,31.91207666015625,0.5141644477844238,0.0123291015625,0.8373546600341797
1789038642348076500,31.92207666015625,0.6406669616699219,-0.03168487548828125,0.5073022842407227
1789038642358076700,31.93207666015625,0.6419851779937744,-0.15127849578857422,0.09737730026245117
1789038642368076500,31.94207666015625,0.5434627532958984,-0.2659296989440918,-0.35610055923461914
1789038642378076700,31.95207666015625,0.3996410369873047,-0.369565486907959,-0.40469932556152344
1789038642388076500,31.96207666015625,0.24099445343017578,-0.39783334732055664,-0.23346757888793945
1789038642398076700,31.97207666015625,0.12771105766296387,-0.40629148483276367,-0.0013766288757324219
1789038642408076500,31.98207666015625,0.3756675720214844,-0.4391665458679199,0.4393763542175293
1789038642418076700,31.99207666015625,0.8249228000640869,-0.6785311698913574,1.3032021522521973
1789038642428076500,32.00207666015625,1.1450262069702148,-1.0579075813293457,2.2201156616210938
1789038642438076700,32.01207666015625,1.393970251083374,-1.376462459564209,2.916048526763916
1789038642448076500,32.02207666015625,1.129293441772461,-1.3549418449401855,3.080029010772705
1789038642458076700,32.03207666015625,0.6510813236236572,-0.9964962005615234,2.082064628601074
1789038642468076500,32.04207666015625,1.1447908878326416,-0.5354576110839844,0.9058122634887695
1789038642478076700,32.05207666015625,0.32827162742614746,0.018348217010498047,0.7845492362976074
1789038642488076500,32.06207666015625,0.6166036128997803,0.2497401237487793,-0.2480635643005371
1789038642498076700,32.07207666015625,0.3037228584289551,0.3957810401916504,-0.4088859558105469
1789038642508076500,32.08207666015625,0.03032541275024414,0.3210635185241699,-1.102541446685791
1789038642518076700,32.09207666015625,0.469867467880249,0.15279722213745117,-1.0826096534729004
1789038642528076500,32.10207666015625,0.23903965950012207,-0.46718549728393555,-0.8383588790893555
1789038642538076700,32.11207666015625,0.3598146438598633,-0.9082293510437012,-0.5149250030517578
1789038642548076500,32.12207666015625,0.5784685611724854,-1.1412229537963867,-0.1530160903930664
1789038642558076700,32.13207666015625,0.9298927783966064,-1.1343085765838623,-0.17670345306396484
1789038642568076500,32.14207666015625,1.7636737823486328,-1.0165038108825684,0.15293407440185547
1789038642578076700,32.15207666015625,1.5257713794708252,-1.0751347541809082,0.15797805786132812
1789038642588076500,32.16207666015625,0.5060231685638428,-1.0559229850769043,-0.7443742752075195
1789038642598076700,32.17207666015625,0.2574770450592041,-0.6029939651489258,-1.7074308395385742
1789038642608076500,32.18207666015625,0.720844030380249,-0.04762768745422363,-2.4948716163635254
1789038642618076700,32.19207666015625,1.1180548667907715,0.4210927486419678,-2.510915756225586
1789038642628076500,32.20207666015625,0.8856103420257568,0.7027590274810791,-2.0775866508483887
1789038642638076700,32.21207666015625,0.7127964496612549,0.631460428237915,-2.067728042602539
1789038642648076500,32.22207666015625,0.8856027126312256,0.2250368595123291,-1.8404169082641602
1789038642658076700,32.23207666015625,1.110600233078003,-0.1154789924621582,-1.4192190170288086
1789038642668076500,32.24207666015625,0.7682104110717773,-0.4638538360595703,-1.0572452545166016
1789038642678076700,32.25207666015625,0.48824572563171387,-0.3918130397796631,-1.2720274925231934
1789038642688076500,32.26207666015625,0.42891383171081543,0.029359817504882812,-1.5232620239257812
1789038642698076700,32.27207666015625,0.5819897651672363,0.40572237968444824,-1.5138797760009766
1789038642708076500,32.28207666015625,0.6092114448547363,0.5445148944854736,-1.3418426513671875
1789038642718076700,32.29207666015625,0.3893592357635498,0.4475550651550293,-1.0092291831970215
1789038642728076500,32.30207666015625,0.38547301292419434,0.23562097549438477,-0.9222145080566406
1789038642738076700,32.31207666015625,0.4243626594543457,0.09321212768554688,-0.9591703414916992
1789038642748076500,32.32207666015625,0.39896392822265625,0.24721431732177734,-1.163142204284668
1789038642758076700,32.33207666015625,0.20445656776428223,0.7479114532470703,-1.7129688262939453
1789038642768076500,32.34207666015625,-0.09518098831176758,1.0268487930297852,-1.8985586166381836
1789038642778076700,32.35207666015625,-0.5098052024841309,0.6534478664398193,-1.1460771560668945
1789038642788076500,32.36207666015625,0.1120598316192627,0.19157958030700684,-0.47818851470947266
1789038642798076700,32.37207666015625,0.8251180648803711,-0.003473043441772461,-0.2553243637084961
1789038642808076500,32.38207666015625,1.277204990386963,-0.17793655395507812,-0.3639860153198242
1789038642818076700,32.39207666015625,1.3211042881011963,-0.3664243221282959,-0.8576364517211914
1789038642828076500,32.40207666015625,0.5521759986877441,-0.35611963272094727,-1.4579181671142578
1789038642838076700,32.41207666015625,-0.3066244125366211,0.009384632110595703,-1.3816590309143066
1789038642848076500,32.42207666015625,-0.3424074649810791,0.37480759620666504,-0.9109010696411133
1789038642858076700,32.43207666015625,0.10974001884460449,0.518667459487915,-0.3326539993286133
1789038642868076500,32.44207666015625,0.8198189735412598,0.4130218029022217,-0.20550537109375
1789038642878076700,32.45207666015625,0.5011911392211914,0.23328495025634766,-0.516937255859375
1789038642888076500,32.46207666015625,0.09353160858154297,0.06284689903259277,-0.5656967163085938
1789038642898076700,32.47207666015625,-0.2675516605377197,-0.03282642364501953,-0.5036764144897461
1789038642908076500,32.48207666015625,-0.19815564155578613,-0.1058051586151123,-0.15494537353515625
1789038642918076700,32.49207666015625,0.0038034915924072266,-0.24539971351623535,0.3945646286010742
1789038642928076500,32.50207666015625,0.26420068740844727,-0.35436534881591797,0.38421058654785156
1789038642938076700,32.51207666015625,0.0684671401977539,-0.16162824630737305,-0.4112377166748047
1789038642948076500,32.52207666015625,-0.30513882637023926,0.19225621223449707,-1.437812328338623
1789038642958076700,32.53207666015625,-0.6537094116210938,0.5849289894104004,-2.2011728286743164
1789038642968076500,32.54207666015625,-0.9466588497161865,0.8892228603363037,-2.7159013748168945
1789038642978076700,32.55207666015625,-0.5687439441680908,0.7980120182037354,-2.533982276916504
1789038642988076500,32.56207666015625,0.1533803939819336,0.4641294479370117,-1.7538228034973145
1789038642998076700,32.57207666015625,0.30790162086486816,0.23477697372436523,-0.7049684524536133
1789038643008076500,32.58207666015625,0.25003981590270996,0.035547733306884766,0.37377071380615234
1789038643018076700,32.59207666015625,0.4677250385284424,-0.1734905242919922,0.8266735076904297
1789038643028076500,32.60207666015625,0.39428138732910156,-0.34311628341674805,0.4766578674316406
1789038643038076700,32.61207666015625,-0.3733949661254883,-0.17713642120361328,-0.3841733932495117
1789038643048076500,32.62207666015625,-0.9891157150268555,0.1141042709350586,-0.9139404296875
1789038643058076700,32.63207666015625,-0.9242508411407471,0.20716094970703125,-1.1255683898925781
1789038643068076500,32.64207666015625,-0.34367966651916504,-0.034646034240722656,-0.6171979904174805
1789038643078076700,32.65207666015625,0.08241963386535645,-0.30382394790649414,0.08398580551147461
1789038643088076500,32.66207666015625,-0.11627483367919922,-0.36066484451293945,0.6711969375610352
1789038643098076700,32.67207666015625,-0.27379608154296875,-0.48099327087402344,1.0542278289794922
1789038643108076500,32.68207666015625,-0.4959983825683594,-0.10759258270263672,0.17447996139526367
1789038643118076700,32.69207666015625,-0.19941282272338867,-0.014702320098876953,-0.21654319763183594
1789038643128076500,32.70207666015625,1.0547572374343872,0.2233591079711914,-0.5814027786254883
1789038643138076700,32.71207666015625,1.122712254524231,0.670654296875,-1.5929102897644043
1789038643148076500,32.72207666015625,-0.09663128852844238,1.3429250717163086,-2.320234775543213
1789038643158076700,32.73207666015625,-0.8425781726837158,1.5250277519226074,-2.2309107780456543
1789038643168076500,32.74207666015625,-0.5752561092376709,1.4424090385437012,-1.562131404876709
1789038643178076700,32.75207666015625,-0.33008527755737305,1.0628619194030762,-1.3263473510742188
1789038643188076500,32.76207666015625,-0.2663165330886841,0.7879471778869629,-1.1493020057678223
1789038643198076700,32.77207666015625,0.1628556251525879,0.2655034065246582,-0.9371428489685059
1789038643208076500,32.78207666015625,-0.21085762977600098,-0.28339242935180664,-0.8668460845947266
1789038643218076700,32.79207666015625,-0.9662516117095947,-0.9757685661315918,-0.02858591079711914
1789038643228076500,32.80207666015625,-1.0033222436904907,-1.945854663848877,0.5818638801574707
1789038643238076700,32.81207666015625,-0.9736168384552002,-3.2175121307373047,1.6341443061828613
1789038643248076500,32.82207666015625,-1.1555923223495483,-4.915668964385986,3.44516658782959
1789038643258076700,32.83207666015625,-1.1964961290359497,-6.329753398895264,4.483855247497559
1789038643268076500,32.84207666015625,-1.5434972047805786,-6.764209270477295,4.608328342437744
1789038643278076700,32.85207666015625,-1.9535961151123047,-5.464942932128906,4.17173957824707
1789038643288076500,32.86207666015625,-1.8418456315994263,-3.2059707641601562,2.7911524772644043
1789038643298076700,32.87207666015625,-1.4342974424362183,-1.451704978942871,2.2565221786499023
1789038643308076500,32.88207666015625,-0.9567065238952637,-0.15006065368652344,1.7658658027648926
1789038643318076700,32.89207666015625,-0.6206738948822021,0.711388111114502,1.5004768371582031
1789038643328076500,32.90207666015625,-0.3276771306991577,1.1250696182250977,1.19010591506958
1789038643338076700,32.91207666015625,0.020609617233276367,1.1440162658691406,0.7482147216796875
1789038643348076500,32.92207666015625,0.4205286502838135,1.3292675018310547,0.32036304473876953
1789038643358076700,32.93207666015625,0.7537906169891357,1.5225095748901367,-0.0599970817565918
1789038643368076500,32.94207666015625,1.0730540752410889,1.572129249572754,-0.2231278419494629
1789038643378076700,32.95207666015625,1.2837419509887695,1.5286235809326172,-0.10104513168334961
1789038643388076500,32.96207666015625,1.4888726472854614,1.212658405303955,0.29738950729370117
1789038643398076700,32.97207666015625,1.467561960220337,0.8615036010742188,0.6239213943481445
1789038643408076500,32.98207666015625,1.0751203298568726,0.5023260116577148,0.9742507934570312
1789038643418076700,32.99207666015625,0.5798976421356201,0.23943090438842773,1.2159686088562012
1789038643428076500,33.00207666015625,0.10324859619140625,0.07819986343383789,1.1140246391296387
1789038643438076700,33.01207666015625,-0.2748138904571533,-0.05564546585083008,0.8318123817443848
1789038643448076500,33.02207666015625,-0.40375399589538574,-0.27841615676879883,0.735405445098877
1789038643458076700,33.03207666015625,-0.24749970436096191,-0.42182254791259766,0.7771949768066406
1789038643468076500,33.04207666015625,-0.17597389221191406,-0.32942914962768555,0.8067178726196289
1789038643478076700,33.05207666015625,-0.33922410011291504,-0.02072286605834961,0.9667649269104004
1789038643488076500,33.06207666015625,-0.6864025592803955,0.3105297088623047,1.0681061744689941
1789038643498076700,33.07207666015625,-0.9985871315002441,0.39701366424560547,0.9460625648498535
1789038643508076500,33.08207666015625,-1.093843936920166,0.15891647338867188,0.7637324333190918
1789038643518076700,33.09207666015625,-0.9333407878875732,-0.1535487174987793,0.4856090545654297
1789038643528076500,33.10207666015625,-0.5965156555175781,-0.40935850143432617,0.25725412368774414
1789038643538076700,33.11207666015625,-0.2356119155883789,-0.44700193405151367,-0.01374197006225586
1789038643548076500,33.12207666015625,0.24363064765930176,-0.37578392028808594,-0.2215423583984375
1789038643558076700,33.13207666015625,0.6054532527923584,-0.046813011169433594,-0.4445486068725586
1789038643568076500,33.14207666015625,0.8717173337936401,0.10933113098144531,-0.3764963150024414
1789038643578076700,33.15207666015625,0.81296706199646,0.05538463592529297,-0.24757862091064453
1789038643588076500,33.16207666015625,0.5892190933227539,-0.10330772399902344,-0.229644775390625
1789038643598076700,33.17207666015625,0.3676025867462158,-0.30623769760131836,-0.37226390838623047
1789038643608076500,33.18207666015625,0.31627559661865234,-0.45481204986572266,-0.4243655204772949
1789038643618076700,33.19207666015625,0.39708638191223145,-0.4928469657897949,-0.5620236396789551
1789038643628076500,33.20207666015625,0.43168210983276367,-0.4051518440246582,-0.5690951347351074
1789038643638076700,33.21207666015625,0.47579455375671387,-0.2950611114501953,-0.43972349166870117
1789038643648076500,33.22207666015625,0.45914554595947266,-0.21851396560668945,-0.32906246185302734
1789038643658076700,33.23207666015625,0.35215282440185547,-0.2716560363769531,-0.33927154541015625
1789038643668076500,33.24207666015625,0.04897785186767578,-0.4724850654602051,0.17728424072265625
1789038643678076700,33.25207666015625,-0.28380393981933594,-0.9029760360717773,0.45509910583496094
1789038643688076500,33.26207666015625,-0.28905749320983887,-1.361093521118164,0.8547053337097168
1789038643698076700,33.27207666015625,-0.010122060775756836,-1.6406121253967285,1.295797348022461
1789038643708076500,33.28207666015625,0.34929847717285156,-1.610924243927002,1.6970539093017578
1789038643718076700,33.29207666015625,0.4569056034088135,-1.3236393928527832,1.9384684562683105
1789038643728076500,33.30207666015625,0.19576787948608398,-0.9444031715393066,1.966437816619873
1789038643738076700,33.31207666015625,-0.0435633659362793,-0.41573286056518555,1.647313117980957
1789038643748076500,33.32207666015625,-0.14294075965881348,0.051793575286865234,1.092564582824707
1789038643758076700,33.33207666015625,-0.04216313362121582,0.32266998291015625,0.5275101661682129
1789038643768076500,33.34207666015625,0.10708141326904297,0.37950849533081055,-0.022796630859375
1789038643778076700,33.35207666015625,0.17002606391906738,0.26206064224243164,-0.20997285842895508
1789038643788076500,33.36207666015625,0.16435551643371582,-0.0431208610534668,0.05416584014892578
1789038643798076700,33.37207666015625,0.20673489570617676,-0.4682803153991699,0.45163583755493164
1789038643808076500,33.38207666015625,0.15942621231079102,-0.9117817878723145,0.8332743644714355
1789038643818076700,33.39207666015625,0.11275362968444824,-1.2553467750549316,0.7687606811523438
1789038643828076500,33.40207666015625,0.0731954574584961,-1.5095863342285156,0.7579460144042969
1789038643838076700,33.41207666015625,-0.18629693984985352,-1.589296817779541,0.3979682922363281
1789038643848076500,33.42207666015625,0.15050697326660156,-1.4992241859436035,-0.41985130310058594
1789038643858076700,33.43207666015625,0.5700047016143799,-1.0354585647583008,-0.4713926315307617
1789038643868076500,33.44207666015625,0.4685173034667969,-0.6145930290222168,-0.5389719009399414
1789038643878076700,33.45207666015625,0.751370906829834,-0.2938218116760254,-0.6462259292602539
1789038643888076500,33.46207666015625,0.12896013259887695,0.0027942657470703125,-0.6067981719970703
1789038643898076700,33.47207666015625,0.33866167068481445,-0.08420896530151367,-1.110966682434082
1789038643908076500,33.48207666015625,0.31443238258361816,0.07434606552124023,-1.0606250762939453
1789038643918076700,33.49207666015625,0.14870166778564453,-0.4027237892150879,-0.946690559387207
1789038643928076500,33.50207666015625,0.3612172603607178,-0.3977851867675781,-0.6140923500061035
1789038643938076700,33.51207666015625,0.4396800994873047,-0.28737521171569824,-0.6568508148193359
1789038643948076500,33.52207666015625,0.6591439247131348,-0.020112037658691406,-1.2529678344726562
1789038643958076700,33.53207666015625,0.621617317199707,0.2541811466217041,-1.4099464416503906
1789038643968076500,33.54207666015625,0.6383616924285889,0.4120066165924072,-1.3523139953613281
1789038643978076700,33.55207666015625,0.5327098369598389,0.5351638793945312,-1.1926603317260742
1789038643988076500,33.56207666015625,0.3273806571960449,0.6216075420379639,-1.3284387588500977
1789038643998076700,33.57207666015625,0.24393701553344727,0.6047780513763428,-1.549178123474121
1789038644008076500,33.58207666015625,0.33854079246520996,0.4444730281829834,-1.778876781463623
1789038644018076700,33.59207666015625,0.3324778079986572,0.13562965393066406,-1.7352466583251953
1789038644028076500,33.60207666015625,0.42109227180480957,-0.12926316261291504,-1.453078269958496
1789038644038076700,33.61207666015625,0.34166574478149414,-0.03786873817443848,-1.1502890586853027
1789038644048076500,33.62207666015625,0.20821475982666016,0.2776801586151123,-1.1310186386108398
1789038644058076700,33.63207666015625,0.055799245834350586,0.4798712730407715,-0.8015575408935547
1789038644068076500,33.64207666015625,0.04607272148132324,0.56711745262146,-0.5262765884399414
1789038644078076700,33.65207666015625,0.034065961837768555,0.3525111675262451,-0.044582366943359375
1789038644088076500,33.66207666015625,-0.04322481155395508,0.05512404441833496,0.2079639434814453
1789038644098076700,33.67207666015625,0.0002713203430175781,-0.2306537628173828,-0.11539840698242188
1789038644108076500,33.68207666015625,-0.02668595314025879,-0.2919490337371826,-0.40340518951416016
1789038644118076700,33.69207666015625,-0.06724739074707031,-0.14890408515930176,-0.8566937446594238
1789038644128076500,33.70207666015625,-0.04023027420043945,0.06261444091796875,-1.2083487510681152
1789038644138076700,33.71207666015625,0.08464312553405762,0.31693410873413086,-1.3039932250976562
1789038644148076500,33.72207666015625,0.27022624015808105,0.5712337493896484,-1.6728878021240234
1789038644158076700,33.73207666015625,0.37076616287231445,0.5719399452209473,-1.6908855438232422
1789038644168076500,33.74207666015625,0.3887157440185547,0.6402149200439453,-1.5755228996276855
1789038644178076700,33.75207666015625,0.26439929008483887,0.3735849857330322,-1.3366923332214355
1789038644188076500,33.76207666015625,0.26933717727661133,-0.047592878341674805,-1.1882882118225098
1789038644198076700,33.77207666015625,0.24409055709838867,-0.388749361038208,-0.8561010360717773
1789038644208076500,33.78207666015625,0.29535961151123047,-0.4458491802215576,-0.8427391052246094
1789038644218076700,33.79207666015625,0.3557901382446289,-0.19856739044189453,-0.9548215866088867
1789038644228076500,33.80207666015625,0.36983370780944824,0.24888014793395996,-0.8855085372924805
1789038644238076700,33.81207666015625,0.24892544746398926,0.5537073612213135,-0.7313780784606934
1789038644248076500,33.82207666015625,0.14473533630371094,0.7864055633544922,-0.5693931579589844
1789038644258076700,33.83207666015625,0.14892244338989258,0.6495888233184814,-0.4425544738769531
1789038644268076500,33.84207666015625,0.2357943058013916,0.2126471996307373,-0.5184574127197266
1789038644278076700,33.85207666015625,0.3164699077606201,-0.3899662494659424,-0.5035915374755859
1789038644288076500,33.86207666015625,0.20888257026672363,-1.0028877258300781,-0.4409313201904297
1789038644298076700,33.87207666015625,0.026680946350097656,-1.307424545288086,-0.3803415298461914
1789038644308076500,33.88207666015625,-0.2364673614501953,-1.2083117961883545,-0.38637828826904297
1789038644318076700,33.89207666015625,-0.5606603622436523,-0.732135534286499,-0.5112781524658203
1789038644328076500,33.90207666015625,-0.7748074531555176,-0.09200787544250488,-0.7626171112060547
1789038644338076700,33.91207666015625,-0.8738408088684082,0.41802263259887695,-0.9700417518615723
1789038644348076500,33.92207666015625,-0.7735285758972168,0.7895545959472656,-1.1551513671875
1789038644358076700,33.93207666015625,-0.6377830505371094,1.0110151767730713,-1.1957101821899414
1789038644368076500,33.94207666015625,-0.5622923374176025,1.1543209552764893,-1.3001179695129395
1789038644378076700,33.95207666015625,-0.5332520008087158,1.2368965148925781,-1.5433588027954102
1789038644388076500,33.96207666015625,-0.607433557510376,1.2284355163574219,-1.9264945983886719
1789038644398076700,33.97207666015625,-0.7673418521881104,0.8026251792907715,-1.9184560775756836
1789038644408076500,33.98207666015625,-0.9594802856445312,0.13027095794677734,-1.4060802459716797
1789038644418076700,33.99207666015625,-0.9724156856536865,-0.6381750106811523,-0.8868894577026367
1789038644428076500,34.00207666015625,-0.9046714305877686,-1.1340279579162598,-0.39161062240600586
1789038644438076700,34.01207666015625,-0.6036248207092285,-1.2369194030761719,-0.17415952682495117
1789038644448076500,34.02207666015625,-0.4376072883605957,-0.9614253044128418,-0.15183210372924805
1789038644458076700,34.03207666015625,-0.6157829761505127,-0.4396986961364746,-0.15785551071166992
1789038644468076500,34.04207666015625,-0.6472771167755127,0.020434856414794922,0.2726564407348633
1789038644478076700,34.05207666015625,-0.48645567893981934,0.5906472206115723,0.27046918869018555
1789038644488076500,34.06207666015625,-0.03641819953918457,1.071474552154541,0.20559978485107422
1789038644498076700,34.07207666015625,0.183150053024292,1.5583736896514893,-0.6425051689147949
1789038644508076500,34.08207666015625,-0.09433984756469727,1.515080451965332,-0.6747541427612305
1789038644518076700,34.09207666015625,-0.21107125282287598,1.14686918258667,-0.6954388618469238
1789038644528076500,34.10207666015625,-0.17936277389526367,0.46836423873901367,-0.4764375686645508
1789038644538076700,34.11207666015625,-0.18820548057556152,-0.26355409622192383,0.10453319549560547
1789038644548076500,34.12207666015625,-0.2412259578704834,-0.8248405456542969,0.3973221778869629
1789038644558076700,34.13207666015625,-0.038240671157836914,-1.4743905067443848,0.5755419731140137
1789038644568076500,34.14207666015625,-0.00641632080078125,-1.6937413215637207,0.7450771331787109
1789038644578076700,34.15207666015625,0.15769052505493164,-1.590013027191162,0.6732072830200195
1789038644588076500,34.16207666015625,-0.3939034938812256,-1.3240633010864258,0.8623919486999512
1789038644598076700,34.17207666015625,-0.7578346729278564,-0.9717130661010742,1.1005144119262695
1789038644608076500,34.18207666015625,-0.3201882839202881,-0.701265811920166,1.373046875
1789038644618076700,34.19207666015625,0.23228394985198975,-0.42551183700561523,1.4259905815124512
1789038644628076500,34.20207666015625,0.5907056331634521,-0.12774229049682617,1.08674955368042
1789038644638076700,34.21207666015625,0.24425196647644043,0.32052087783813477,0.4804806709289551
1789038644648076500,34.22207666015625,-0.34350264072418213,0.7847099304199219,-0.5590028762817383
1789038644658076700,34.23207666015625,-0.7618213891983032,1.0428686141967773,-1.034003734588623
1789038644668076500,34.24207666015625,-0.5414221286773682,0.9588656425476074,-1.027653694152832
1789038644678076700,34.25207666015625,0.0939788818359375,0.5364384651184082,-0.722144603729248
1789038644688076500,34.26207666015625,0.4523733854293823,-0.2227029800415039,-0.1817035675048828
1789038644698076700,34.27207666015625,0.34160923957824707,-1.1712956428527832,1.1384615898132324
1789038644708076500,34.28207666015625,0.040384888648986816,-1.8023018836975098,1.688840389251709
1789038644718076700,34.29207666015625,-0.09890329837799072,-2.0950489044189453,1.9006729125976562
1789038644728076500,34.30207666015625,-0.09783709049224854,-2.0279531478881836,2.1629714965820312
1789038644738076700,34.31207666015625,-0.3443722724914551,-1.6607966423034668,2.160767078399658
1789038644748076500,34.32207666015625,-0.6225920915603638,-1.1538400650024414,2.134547233581543
1789038644758076700,34.33207666015625,-0.7284235954284668,-0.8234877586364746,1.9197607040405273
1789038644768076500,34.34207666015625,-0.6448105573654175,-0.2715730667114258,1.3131694793701172
1789038644778076700,34.35207666015625,-0.4489670991897583,0.11675691604614258,0.37804651260375977
1789038644788076500,34.36207666015625,-0.2529686689376831,0.22477102279663086,0.29523563385009766
1789038644798076700,34.37207666015625,-0.14971983432769775,0.4339413642883301,-0.020263671875
1789038644808076500,34.38207666015625,-0.3071094751358032,0.4154362678527832,0.15252399444580078
1789038644818076700,34.39207666015625,-0.28886139392852783,0.3623018264770508,0.5733242034912109
1789038644828076500,34.40207666015625,-0.20528626441955566,0.33628273010253906,0.8172817230224609
1789038644838076700,34.41207666015625,-0.16408240795135498,0.05484580993652344,1.3359055519104004
1789038644848076500,34.42207666015625,-0.2252213954925537,-0.06448030471801758,1.2947783470153809
1789038644858076700,34.43207666015625,-0.41073429584503174,0.05472135543823242,0.8331799507141113
1789038644868076500,34.44207666015625,-0.47839832305908203,0.06634235382080078,0.729362964630127
1789038644878076700,34.45207666015625,-0.3904435634613037,0.008249759674072266,0.7668352127075195
1789038644888076500,34.46207666015625,-0.37560606002807617,0.09770393371582031,0.7187905311584473
1789038644898076700,34.47207666015625,-0.3078746795654297,0.25541210174560547,0.6226634979248047
1789038644908076500,34.48207666015625,-0.10296010971069336,0.36096715927124023,0.5766544342041016
1789038644918076700,34.49207666015625,0.5476357936859131,0.26547718048095703,0.4952383041381836
1789038644928076500,34.50207666015625,0.7590756416320801,0.1068873405456543,0.49062204360961914
1789038644938076700,34.51207666015625,0.4583146572113037,-0.03495931625366211,0.5580978393554688
1789038644948076500,34.52207666015625,0.07509517669677734,-0.252225399017334,0.8098673820495605
1789038644958076700,34.53207666015625,-0.24008870124816895,-0.5116958618164062,0.8862557411193848
1789038644968076500,34.54207666015625,-0.41699230670928955,-0.7698087692260742,0.7788352966308594
1789038644978076700,34.55207666015625,-0.12484800815582275,-0.9924769401550293,0.8863091468811035
1789038644988076500,34.56207666015625,0.38269245624542236,-1.0594992637634277,0.6383342742919922
1789038644998076700,34.57207666015625,-0.04132950305938721,-0.7389631271362305,0.006124019622802734
1789038645008076500,34.58207666015625,-0.4575556516647339,-0.3482537269592285,-0.4050154685974121
1789038645018076700,34.59207666015625,-0.1268174648284912,-0.008960247039794922,-0.7929830551147461
1789038645028076500,34.60207666015625,0.409753680229187,0.14669513702392578,-1.238389492034912
1789038645038076700,34.61207666015625,1.3342640399932861,0.25305700302124023,-1.5749883651733398
1789038645048076500,34.62207666015625,1.2005188465118408,0.33533763885498047,-1.5807890892028809
1789038645058076700,34.63207666015625,-0.016145706176757812,0.46601438522338867,-1.593034267425537
1789038645068076500,34.64207666015625,-0.8657076358795166,0.48319244384765625,-1.3856406211853027
1789038645078076700,34.65207666015625,-0.9798481464385986,0.12122154235839844,-0.6764822006225586
1789038645088076500,34.66207666015625,-0.7696850299835205,-0.4175286293029785,-0.16820096969604492
1789038645098076700,34.67207666015625,-0.4426814317703247,-0.7812013626098633,-0.16919851303100586
1789038645108076500,34.68207666015625,-0.051251888275146484,-1.0749006271362305,-0.1860795021057129
1789038645118076700,34.69207666015625,0.7733026742935181,-1.0772209167480469,0.10773611068725586
1789038645128076500,34.70207666015625,0.595211386680603,-0.7891178131103516,0.2401442527770996
1789038645138076700,34.71207666015625,-0.032830238342285156,-0.46091127395629883,0.3015627861022949
1789038645148076500,34.72207666015625,-0.9582700729370117,-0.2716083526611328,0.5408430099487305
1789038645158076700,34.73207666015625,-0.9801403284072876,-0.24992799758911133,0.8179759979248047
1789038645168076500,34.74207666015625,-0.6071138381958008,-0.2736196517944336,0.8834609985351562
1789038645178076700,34.75207666015625,-0.786389946937561,-0.20874357223510742,0.9320077896118164
1789038645188076500,34.76207666015625,-0.7920005321502686,0.07197332382202148,0.8871188163757324
1789038645198076700,34.77207666015625,-1.1675671339035034,0.2825932502746582,0.7096810340881348
1789038645208076500,34.78207666015625,-1.2017325162887573,0.2785019874572754,0.6603450775146484
1789038645218076700,34.79207666015625,-0.644742488861084,-0.052575111389160156,0.6284594535827637
1789038645228076500,34.80207666015625,-0.26635944843292236,-0.7556934356689453,0.6465611457824707
1789038645238076700,34.81207666015625,-0.06563401222229004,-1.4410076141357422,0.646324634552002
1789038645248076500,34.82207666015625,-0.266674280166626,-1.845832347869873,0.7224030494689941
1789038645258076700,34.83207666015625,-0.37328410148620605,-1.861401081085205,0.8472146987915039
1789038645268076500,34.84207666015625,-0.7081773281097412,-1.4227070808410645,0.32913970947265625
1789038645278076700,34.85207666015625,-0.015408039093017578,-0.7674546241760254,-0.4982318878173828
1789038645288076500,34.86207666015625,-0.12422645092010498,-0.3623218536376953,-1.1091480255126953
1789038645298076700,34.87207666015625,-0.49244868755340576,-0.17648601531982422,-1.679049015045166
1789038645308076500,34.88207666015625,0.4125227928161621,0.058074951171875,-1.8489556312561035
1789038645318076700,34.89207666015625,0.9397216439247131,0.17426586151123047,-1.8811039924621582
1789038645328076500,34.90207666015625,0.5510139465332031,0.3445577621459961,-1.8526911735534668
1789038645338076700,34.91207666015625,0.9363090991973877,0.4838237762451172,-1.9872183799743652
1789038645348076500,34.92207666015625,0.9702290296554565,0.5595636367797852,-2.1453046798706055
1789038645358076700,34.93207666015625,0.8622791767120361,0.7233476638793945,-2.5424485206604004
1789038645368076500,34.94207666015625,0.8341504335403442,1.0168843269348145,-2.8355233669281006
1789038645378076700,34.95207666015625,0.06180715560913086,1.4989776611328125,-3.0588340759277344
1789038645388076500,34.96207666015625,-0.023490428924560547,2.189180374145508,-3.0395870208740234
1789038645398076700,34.97207666015625,0.20659911632537842,2.7445855140686035,-2.837554693222046
1789038645408076500,34.98207666015625,0.4012939929962158,2.4125494956970215,-2.3984150886535645
1789038645418076700,34.99207666015625,0.11335742473602295,0.032254695892333984,0.7921247482299805
1789038645428076500,35.00207666015625,0.08029723167419434,-3.8782176971435547,2.0912580490112305
1789038645438076700,35.01207666015625,-1.1238435506820679,-6.806052207946777,2.906155586242676
1789038645448076500,35.02207666015625,-0.5427427291870117,-6.943871021270752,4.2708353996276855
1789038645458076700,35.03207666015625,-0.10736286640167236,-5.595094203948975,4.787602424621582
1789038645468076500,35.04207666015625,0.38263654708862305,-3.484712600708008,4.426705837249756
1789038645478076700,35.05207666015625,-0.21717536449432373,-1.6465649604797363,4.782456874847412
1789038645488076500,35.06207666015625,-1.3658099174499512,-0.5100531578063965,5.407016754150391
1789038645498076700,35.07207666015625,-1.0103437900543213,0.29493188858032227,3.1996779441833496
1789038645508076500,35.08207666015625,0.5525623559951782,0.7063217163085938,-0.0795893669128418
1789038645518076700,35.09207666015625,0.5657216310501099,0.6387696266174316,-2.210012912750244
1789038645528076500,35.10207666015625,0.5682955980300903,0.6066875457763672,-2.6617302894592285
1789038645538076700,35.11207666015625,0.8600759506225586,0.9612455368041992,-2.6649694442749023
1789038645548076500,35.12207666015625,1.2543703317642212,1.5213370323181152,-2.7569198608398438
1789038645558076700,35.13207666015625,1.8033651113510132,2.006004810333252,-3.2666406631469727
1789038645568076500,35.14207666015625,1.1762226819992065,2.4558205604553223,-3.7993993759155273
1789038645578076700,35.15207666015625,0.2244129180908203,3.162963628768921,-5.259340286254883
1789038645588076500,35.16207666015625,1.7971312999725342,4.367990493774414,-6.063836097717285
1789038645598076700,35.17207666015625,1.2858781814575195,5.010441780090332,-3.4456305503845215
1789038645608076500,35.18207666015625,0.5163396596908569,3.983750820159912,4.250370502471924
1789038645618076700,35.19207666015625,0.1053159236907959,3.1616854667663574,7.425844669342041
1789038645628076500,35.20207666015625,-4.706131458282471,-1.0006518363952637,8.5848970413208
1789038645638076700,35.21207666015625,-3.486055850982666,-9.10981273651123,9.111825942993164
1789038645648076500,35.22207666015625,-0.32893121242523193,-13.693460464477539,5.653756141662598
1789038645658076700,35.23207666015625,-0.6562293767929077,-10.861547470092773,2.2748470306396484
1789038645668076500,35.24207666015625,-0.2788424491882324,-5.45136022567749,1.4636735916137695
1789038645678076700,35.25207666015625,-0.36590540409088135,-1.6047616004943848,2.8869104385375977
1789038645688076500,35.26207666015625,-1.1993069648742676,0.803107738494873,4.305517196655273
1789038645698076700,35.27207666015625,-0.23552989959716797,1.550924301147461,3.1774587631225586
1789038645708076500,35.28207666015625,0.8847537040710449,-0.2802896499633789,2.8782005310058594
1789038645718076700,35.29207666015625,0.6446166038513184,-2.813004732131958,3.876986503601074
1789038645728076500,35.30207666015625,0.43483924865722656,-4.091965198516846,1.9627265930175781
1789038645738076700,35.31207666015625,1.5236893892288208,-3.6041111946105957,-1.5216007232666016
1789038645748076500,35.32207666015625,2.700589179992676,-2.012726306915283,-3.857760429382324
1789038645758076700,35.33207666015625,3.101402997970581,0.02024102210998535,-5.200022220611572
1789038645768076500,35.34207666015625,1.7668969631195068,1.909417748451233,-6.799076080322266
1789038645778076700,35.35207666015625,1.5656116008758545,3.3845415115356445,-8.046335220336914
1789038645788076500,35.36207666015625,1.2744065523147583,3.682265281677246,-8.316851615905762
1789038645798076700,35.37207666015625,0.6766543388366699,2.514493942260742,-7.99709415435791
1789038645808076500,35.38207666015625,0.008901834487915039,0.9404308795928955,-6.724032402038574
1789038645818076700,35.39207666015625,0.07399988174438477,-0.1921372413635254,-3.799755096435547
1789038645828076500,35.40207666015625,0.5108771324157715,-0.6012120246887207,-1.3833751678466797
1789038645838076700,35.41207666015625,0.6845682859420776,-0.40564703941345215,-1.0547714233398438
1789038645848076500,35.42207666015625,0.10748529434204102,-0.022010087966918945,-1.5472402572631836
1789038645858076700,35.43207666015625,-0.6580960750579834,0.2081456184387207,-1.484344482421875
1789038645868076500,35.44207666015625,-1.123650074005127,0.29774999618530273,-1.1030001640319824
1789038645878076700,35.45207666015625,-1.2679803371429443,0.1805109977722168,-0.8638267517089844
1789038645888076500,35.46207666015625,-1.0062949657440186,0.05357050895690918,-0.8371677398681641
1789038645898076700,35.47207666015625,-1.047844409942627,0.05104422569274902,-0.8450279235839844
1789038645908076500,35.48207666015625,-1.5590670108795166,0.1645662784576416,-0.41188907623291016
1789038645918076700,35.49207666015625,-0.9204747676849365,0.0786275863647461,0.29883861541748047
1789038645928076500,35.50207666015625,-0.2804074287414551,-0.24764037132263184,0.3994607925415039
1789038645938076700,35.51207666015625,-0.18890118598937988,-0.7350265979766846,0.17131996154785156
1789038645948076500,35.52207666015625,0.11339235305786133,-0.9482336044311523,-0.2885932922363281
1789038645958076700,35.53207666015625,0.3680098056793213,-0.6976420879364014,-0.5428876876831055
1789038645968076500,35.54207666015625,0.34660279750823975,-0.18513846397399902,-0.6698026657104492
1789038645978076700,35.55207666015625,0.38676202297210693,0.2533292770385742,-0.4560089111328125
1789038645988076500,35.56207666015625,0.46741271018981934,0.5239601135253906,-0.054099082946777344
1789038645998076700,35.57207666015625,0.5006362199783325,0.7453348636627197,-0.14676475524902344
1789038646008076500,35.58207666015625,0.3361976146697998,0.7883493900299072,-0.36983299255371094
1789038646018076700,35.59207666015625,-0.07647514343261719,0.6930906772613525,-0.42180919647216797
1789038646028076500,35.60207666015625,-0.31000208854675293,0.475649356842041,-0.596735954284668
1789038646038076700,35.61207666015625,0.23722124099731445,0.37839341163635254,-1.0938549041748047
1789038646048076500,35.62207666015625,0.32022571563720703,0.45567941665649414,-1.3843393325805664
1789038646058076700,35.63207666015625,0.31857728958129883,0.6739675998687744,-1.4756035804748535
1789038646068076500,35.64207666015625,0.12114572525024414,0.8883633613586426,-1.2465019226074219
1789038646078076700,35.65207666015625,-0.009078741073608398,0.9416482448577881,-1.0885987281799316
1789038646088076500,35.66207666015625,0.08527565002441406,0.8894622325897217,-0.886756420135498
1789038646098076700,35.67207666015625,-0.1822052001953125,0.8714249134063721,-0.9847440719604492
1789038646108076500,35.68207666015625,-0.35549652576446533,0.7894337177276611,-1.1397294998168945
1789038646118076700,35.69207666015625,-0.3312941789627075,0.7122817039489746,-1.301389217376709
1789038646128076500,35.70207666015625,-0.3410731554031372,0.6239075660705566,-1.3312950134277344
1789038646138076700,35.71207666015625,-0.22603106498718262,0.6333684921264648,-1.4855127334594727
1789038646148076500,35.72207666015625,0.0015877485275268555,0.6482715606689453,-1.3419189453125
1789038646158076700,35.73207666015625,-0.3066493272781372,0.9405674934387207,-1.4664363861083984
1789038646168076500,35.74207666015625,-0.5154553651809692,1.052900791168213,-1.2128043174743652
1789038646178076700,35.75207666015625,-0.6174948215484619,1.1248598098754883,-1.0825777053833008
1789038646188076500,35.76207666015625,-0.3941993713378906,0.8968296051025391,-0.8454103469848633
1789038646198076700,35.77207666015625,-0.343622088432312,0.3967399597167969,-0.24751520156860352
1789038646208076500,35.78207666015625,-0.3355731964111328,-0.1318221092224121,-0.15762805938720703
1789038646218076700,35.79207666015625,-0.550735592842102,-0.512932300567627,0.09898233413696289
1789038646228076500,35.80207666015625,-0.5816956758499146,-0.5953574180603027,0.02702474594116211
1789038646238076700,35.81207666015625,-0.7631267309188843,-0.7462973594665527,0.4847097396850586
1789038646248076500,35.82207666015625,-0.4626196622848511,-0.6530089378356934,0.6013450622558594
1789038646258076700,35.83207666015625,-0.2371201515197754,-0.6188926696777344,0.8368892669677734
1789038646268076500,35.84207666015625,-0.2993236780166626,-0.5718917846679688,1.2381129264831543
1789038646278076700,35.85207666015625,0.11439478397369385,-0.7277345657348633,1.4559392929077148
1789038646288076500,35.86207666015625,-0.4648939371109009,-0.8032016754150391,1.4316844940185547
1789038646298076700,35.87207666015625,-0.6029595136642456,-0.6759929656982422,0.990471363067627
1789038646308076500,35.88207666015625,-0.17914116382598877,-0.27020978927612305,0.5199165344238281
1789038646318076700,35.89207666015625,0.12013435363769531,0.0818166732788086,-0.0707249641418457
1789038646328076500,35.90207666015625,0.16265535354614258,0.15093755722045898,-0.1644139289855957
1789038646338076700,35.91207666015625,0.29421913623809814,0.07771062850952148,0.1842041015625
1789038646348076500,35.92207666015625,0.03276562690734863,-0.13663625717163086,0.7269949913024902
1789038646358076700,35.93207666015625,0.14669036865234375,-0.34047603607177734,0.9850049018859863
1789038646368076500,35.94207666015625,0.45214104652404785,-0.5311760902404785,1.112912654876709
1789038646378076700,35.95207666015625,0.6906561851501465,-0.6683530807495117,0.6519384384155273
1789038646388076500,35.96207666015625,0.48425495624542236,-0.8288497924804688,0.6415729522705078
1789038646398076700,35.97207666015625,0.23996639251708984,-0.855072021484375,1.1461272239685059
1789038646408076500,35.98207666015625,0.24865341186523438,-0.6781573295593262,1.185774326324463
1789038646418076700,35.99207666015625,0.10960733890533447,-0.29526710510253906,1.3755097389221191
1789038646428076500,36.00207666015625,0.04906296730041504,0.1307845115661621,1.196150779724121
1789038646438076700,36.01207666015625,-0.046010732650756836,0.3921198844909668,0.32381677627563477
1789038646448076500,36.02207666015625,-0.07138776779174805,0.18037128448486328,-0.34626150131225586
1789038646458076700,36.03207666015625,0.010584592819213867,-0.6732850074768066,0.6637825965881348
1789038646468076500,36.04207666015625,0.1430814266204834,-1.5437602996826172,1.7616562843322754
1789038646478076700,36.05207666015625,0.15488171577453613,-2.2133092880249023,2.4773778915405273
1789038646488076500,36.06207666015625,-0.1811223030090332,-1.728358268737793,1.5271296501159668
1789038646498076700,36.07207666015625,-0.5113478899002075,-0.9245901107788086,1.2628693580627441
1789038646508076500,36.08207666015625,-0.47538578510284424,-0.25822973251342773,0.5734562873840332
1789038646518076700,36.09207666015625,-0.445814847946167,0.17630767822265625,-0.1253190040588379
1789038646528076500,36.10207666015625,-0.42419517040252686,0.35507678985595703,-0.5599932670593262
1789038646538076700,36.11207666015625,-0.19254863262176514,0.3058605194091797,-0.49883317947387695
1789038646548076500,36.12207666015625,0.08184027671813965,0.1467270851135254,-0.33383750915527344
1789038646558076700,36.13207666015625,0.06610751152038574,0.1699237823486328,-0.3872036933898926
1789038646568076500,36.14207666015625,-0.2190093994140625,0.21276426315307617,-0.5002884864807129
1789038646578076700,36.15207666015625,-0.5219002962112427,0.23271560668945312,-0.7170443534851074
1789038646588076500,36.16207666015625,-0.5393763780593872,0.10279560089111328,-0.8526210784912109
1789038646598076700,36.17207666015625,-0.4126349687576294,0.009603023529052734,-0.9444093704223633
1789038646608076500,36.18207666015625,-0.5602964162826538,0.005296230316162109,-1.3448305130004883
1789038646618076700,36.19207666015625,-0.8219892978668213,0.0929265022277832,-1.6662912368774414
1789038646628076500,36.20207666015625,-0.8490868806838989,-0.08318614959716797,-1.5315499305725098
1789038646638076700,36.21207666015625,-0.6366565227508545,-0.7268128395080566,-0.520042896270752
1789038646648076500,36.22207666015625,-0.5884790420532227,-1.434187412261963,0.2931380271911621
1789038646658076700,36.23207666015625,-0.7493566274642944,-2.02604341506958,1.289548397064209
1789038646668076500,36.24207666015625,-0.6873780488967896,-2.3427486419677734,2.1989855766296387
1789038646678076700,36.25207666015625,-0.39104580879211426,-2.1276774406433105,2.518062114715576
1789038646688076500,36.26207666015625,-0.2516348361968994,-1.5813994407653809,2.1342263221740723
1789038646698076700,36.27207666015625,-0.2119734287261963,-1.0239982604980469,1.5225210189819336
1789038646708076500,36.28207666015625,-0.5445804595947266,-0.4463810920715332,0.5750713348388672
1789038646718076700,36.29207666015625,-0.5645046234130859,-0.08115577697753906,-0.1426229476928711
1789038646728076500,36.30207666015625,-0.2732301950454712,0.07106447219848633,-0.5621962547302246
1789038646738076700,36.31207666015625,0.07059955596923828,0.09614038467407227,-0.6846628189086914
1789038646748076500,36.32207666015625,0.15263712406158447,0.07820844650268555,-0.6150527000427246
1789038646758076700,36.33207666015625,0.1574697494506836,0.05331230163574219,-0.41237640380859375
1789038646768076500,36.34207666015625,0.30072855949401855,-0.035663604736328125,-0.1238412857055664
1789038646778076700,36.35207666015625,0.5615512132644653,-0.1531209945678711,0.2001662254333496
1789038646788076500,36.36207666015625,0.6254217624664307,-0.44439172744750977,0.6205239295959473
1789038646798076700,36.37207666015625,0.5299837589263916,-0.6360664367675781,1.07951021194458
1789038646808076500,36.38207666015625,0.28867268562316895,-0.6816539764404297,1.1614880561828613
1789038646818076700,36.39207666015625,0.14911901950836182,-0.6390681266784668,1.3317408561706543
1789038646828076500,36.40207666015625,-0.05087471008300781,-0.39616918563842773,1.1233305931091309
1789038646838076700,36.41207666015625,-0.19226014614105225,-0.28705644607543945,1.2643542289733887
1789038646848076500,36.42207666015625,-0.12962889671325684,-0.4035520553588867,1.515139102935791
1789038646858076700,36.43207666015625,0.030708670616149902,-0.5335087776184082,1.694223403930664
1789038646868076500,36.44207666015625,-0.06303584575653076,-0.6124486923217773,1.6465816497802734
1789038646878076700,36.45207666015625,-0.16133034229278564,-0.6872258186340332,2.2011561393737793
1789038646888076500,36.46207666015625,-0.006816864013671875,-0.5296535491943359,1.2717056274414062
1789038646898076700,36.47207666015625,-0.13762354850769043,-0.2441568374633789,1.3312187194824219
1789038646908076500,36.48207666015625,-0.39071035385131836,0.03278017044067383,0.5089950561523438
1789038646918076700,36.49207666015625,-0.4591808319091797,0.009621143341064453,-0.4225482940673828
1789038646928076500,36.50207666015625,-0.6739156246185303,-0.2558283805847168,-0.6393094062805176
1789038646938076700,36.51207666015625,-0.7624837160110474,-0.6206851005554199,-0.5394458770751953
1789038646948076500,36.52207666015625,-0.6062554121017456,-0.7890915870666504,0.24212169647216797
1789038646958076700,36.53207666015625,-0.5752849578857422,-0.6943144798278809,0.6424131393432617
1789038646968076500,36.54207666015625,-0.3652310371398926,-0.5907607078552246,0.3775911331176758
1789038646978076700,36.55207666015625,-0.03228926658630371,-0.28879880905151367,0.09450817108154297
1789038646988076500,36.56207666015625,-0.7463257312774658,-0.3175935745239258,-0.5039205551147461
1789038646998076700,36.57207666015625,-0.34229469299316406,-0.35532522201538086,-1.2063827514648438
1789038647008076500,36.58207666015625,-0.7772026062011719,-0.4541912078857422,-1.4150457382202148
1789038647018076700,36.59207666015625,-0.4386942386627197,-0.47200679779052734,-1.5840253829956055
1789038647028076500,36.60207666015625,-0.12968158721923828,-0.3007969856262207,-1.2960424423217773
1789038647038076700,36.61207666015625,-0.04538416862487793,-0.5516016483306885,-1.1425647735595703
1789038647048076500,36.62207666015625,0.5276296138763428,-0.7428121566772461,-0.3926658630371094
1789038647058076700,36.63207666015625,0.08443593978881836,-0.4552288055419922,0.11540794372558594
1789038647068076500,36.64207666015625,0.1896648406982422,-0.051877498626708984,-0.41245079040527344
1789038647078076700,36.65207666015625,0.3400301933288574,0.29609036445617676,-1.2312088012695312
1789038647088076500,36.66207666015625,0.349668025970459,0.5155820846557617,-2.014923095703125
1789038647098076700,36.67207666015625,-0.32336950302124023,0.4656670093536377,-2.2953577041625977
1789038647108076500,36.68207666015625,-0.6873712539672852,0.5314199924468994,-2.3872060775756836
1789038647118076700,36.69207666015625,-0.2667369842529297,0.6552841663360596,-2.270549774169922
1789038647128076500,36.70207666015625,-0.15560412406921387,0.6829156875610352,-2.070056915283203
1789038647138076700,36.71207666015625,0.06147623062133789,0.4200770854949951,-1.744314193725586
1789038647148076500,36.72207666015625,0.5201387405395508,0.28587913513183594,-1.3588123321533203
1789038647158076700,36.73207666015625,0.37508559226989746,0.09310698509216309,-0.558990478515625
1789038647168076500,36.74207666015625,0.15669822692871094,-0.08826780319213867,0.2055196762084961
1789038647178076700,36.75207666015625,0.8048748970031738,-0.17038917541503906,0.35822582244873047
1789038647188076500,36.76207666015625,0.7927713394165039,-0.4057333469390869,0.372833251953125
1789038647198076700,36.77207666015625,0.33064985275268555,-0.5904414653778076,-0.022394180297851562
1789038647208076500,36.78207666015625,-0.1131901741027832,-0.7031631469726562,-0.20820999145507812
1789038647218076700,36.79207666015625,-0.3704698085784912,-0.6983122825622559,-0.23481464385986328
1789038647228076500,36.80207666015625,-0.18308162689208984,-0.3849141597747803,-0.5640764236450195
1789038647238076700,36.81207666015625,0.277254581451416,0.2918570041656494,-1.478144645690918
1789038647248076500,36.82207666015625,0.7759640216827393,0.8685674667358398,-2.2922163009643555
1789038647258076700,36.83207666015625,0.5356409549713135,1.0507190227508545,-2.6964216232299805
1789038647268076500,36.84207666015625,0.0038046836853027344,1.2120592594146729,-2.7545089721679688
1789038647278076700,36.85207666015625,-0.009327173233032227,1.327228307723999,-2.6502857208251953
1789038647288076500,36.86207666015625,0.4431912899017334,1.1393909454345703,-2.006167411804199
1789038647298076700,36.87207666015625,1.1285964250564575,0.7796564102172852,-1.4979839324951172
1789038647308076500,36.88207666015625,1.0596745014190674,0.5354211330413818,-1.4341001510620117
1789038647318076700,36.89207666015625,0.4267547130584717,0.4291861057281494,-1.76837158203125
1789038647328076500,36.90207666015625,0.12234210968017578,0.38988304138183594,-1.8287334442138672
1789038647338076700,36.91207666015625,-0.11805939674377441,0.4791557788848877,-1.566347599029541
1789038647348076500,36.92207666015625,0.395615816116333,0.5968594551086426,-1.191929817199707
1789038647358076700,36.93207666015625,0.14593982696533203,0.5096344947814941,-0.8915367126464844
1789038647368076500,36.94207666015625,0.005857229232788086,0.2574172019958496,-0.7593631744384766
1789038647378076700,36.95207666015625,-0.0668649673461914,-0.10239124298095703,-0.2551155090332031
1789038647388076500,36.96207666015625,-0.2257707118988037,-0.44768381118774414,0.19833087921142578
1789038647398076700,36.97207666015625,-0.42771100997924805,-0.6831989288330078,0.767085075378418
1789038647408076500,36.98207666015625,-0.30968213081359863,-0.6524696350097656,1.0680208206176758
1789038647418076700,36.99207666015625,0.1841113567352295,-0.4945869445800781,1.242863655090332
1789038647428076500,37.00207666015625,0.0547938346862793,-0.11359715461730957,0.7978010177612305
1789038647438076700,37.01207666015625,-0.42163538932800293,0.405778169631958,0.06283092498779297
1789038647448076500,37.02207666015625,-0.6376588344573975,0.8289644718170166,-0.8408517837524414
1789038647458076700,37.03207666015625,-0.7781975269317627,1.071018934249878,-1.622706413269043
1789038647468076500,37.04207666015625,-0.6567606925964355,1.0622732639312744,-1.6441798210144043
1789038647478076700,37.05207666015625,-0.43282365798950195,0.9997806549072266,-1.3928327560424805
1789038647488076500,37.06207666015625,0.08968353271484375,0.8346412181854248,-0.8696966171264648
1789038647498076700,37.07207666015625,0.08703434467315674,0.7770497798919678,-0.7440376281738281
1789038647508076500,37.08207666015625,-0.3388376235961914,0.855506420135498,-0.541839599609375
1789038647518076700,37.09207666015625,-0.6401678323745728,0.8864946365356445,-0.3414182662963867
1789038647528076500,37.10207666015625,-0.798689603805542,0.8791372776031494,-0.3335409164428711
1789038647538076700,37.11207666015625,-0.7826176881790161,0.658989429473877,-0.2548227310180664
1789038647548076500,37.12207666015625,-0.7015140056610107,0.4535846710205078,-0.051059722900390625
1789038647558076700,37.13207666015625,-0.43077564239501953,0.13814735412597656,0.2241344451904297
1789038647568076500,37.14207666015625,-0.5464465618133545,-0.17601299285888672,0.2041635513305664
1789038647578076700,37.15207666015625,-0.6735758781433105,-0.4356045722961426,1.0211448669433594
1789038647588076500,37.16207666015625,-0.6050921678543091,-0.4123682975769043,0.7600698471069336
1789038647598076700,37.17207666015625,1.5422496795654297,0.030804157257080078,0.4804525375366211
1789038647608076500,37.18207666015625,1.420896053314209,0.3210468292236328,-0.8002710342407227
1789038647618076700,37.19207666015625,-2.1682257652282715,0.9154133796691895,-2.507843017578125
1789038647628076500,37.20207666015625,-1.9548205137252808,1.4100794792175293,-2.3756070137023926
1789038647638076700,37.21207666015625,-0.6204483509063721,1.1211562156677246,-1.3454647064208984
1789038647648076500,37.22207666015625,0.12825286388397217,0.591123104095459,0.10301446914672852
1789038647658076700,37.23207666015625,0.7593352794647217,-0.08260107040405273,0.9498462677001953
1789038647668076500,37.24207666015625,-0.6816631555557251,-0.9044051170349121,1.1164731979370117
1789038647678076700,37.25207666015625,-1.567591905593872,-1.6075801849365234,1.188276767730713
1789038647688076500,37.26207666015625,-1.5049200057983398,-2.537201404571533,1.5117082595825195
1789038647698076700,37.27207666015625,-0.705229640007019,-3.467655658721924,1.90864896774292
1789038647708076500,37.28207666015625,0.26972198486328125,-4.0110859870910645,2.6392993927001953
1789038647718076700,37.29207666015625,0.6489172577857971,-3.9056153297424316,3.3667964935302734
1789038647728076500,37.30207666015625,0.3348674774169922,-3.0593438148498535,3.1196327209472656
1789038647738076700,37.31207666015625,-0.0075435638427734375,-1.4186925888061523,1.759902000427246
1789038647748076500,37.32207666015625,0.19743049144744873,0.1877155303955078,-0.030139923095703125
1789038647758076700,37.33207666015625,0.49421656131744385,1.2867779731750488,-1.2333803176879883
1789038647768076500,37.34207666015625,0.7502353191375732,1.997344970703125,-1.5405373573303223
1789038647778076700,37.35207666015625,0.6299333572387695,2.434565544128418,-1.3802976608276367
1789038647788076500,37.36207666015625,0.4499768018722534,2.678493022918701,-1.7203459739685059
1789038647798076700,37.37207666015625,0.33301877975463867,2.465264320373535,-1.7634382247924805
1789038647808076500,37.38207666015625,0.3567037582397461,1.5518221855163574,-1.1786885261535645
1789038647818076700,37.39207666015625,0.3955634832382202,-0.011739253997802734,0.742274284362793
1789038647828076500,37.40207666015625,0.31276845932006836,-1.4019060134887695,2.4615774154663086
1789038647838076700,37.41207666015625,0.25556468963623047,-2.1991734504699707,3.1890225410461426
1789038647848076500,37.42207666015625,0.24045789241790771,-2.2388787269592285,3.0173702239990234
1789038647858076700,37.43207666015625,0.30369114875793457,-1.563735008239746,2.6737937927246094
1789038647868076500,37.44207666015625,0.19894659519195557,-0.5556960105895996,1.9252591133117676
1789038647878076700,37.45207666015625,0.21090400218963623,-0.0071315765380859375,1.4707822799682617
1789038647888076500,37.46207666015625,0.09507417678833008,0.16559123992919922,1.0296096801757812
1789038647898076700,37.47207666015625,0.13470017910003662,-0.2583432197570801,1.0384669303894043
1789038647908076500,37.48207666015625,0.1825554370880127,-1.068427562713623,1.478623390197754
1789038647918076700,37.49207666015625,0.08282971382141113,-1.7011737823486328,1.7522454261779785
1789038647928076500,37.50207666015625,-0.1272416114807129,-2.274172306060791,2.550100326538086
1789038647938076700,37.51207666015625,-0.22395968437194824,-2.186169147491455,2.7483067512512207
1789038647948076500,37.52207666015625,-0.13241910934448242,-1.2237505912780762,1.9656896591186523
1789038647958076700,37.53207666015625,-0.061936378479003906,-0.09473371505737305,0.4441189765930176
1789038647968076500,37.54207666015625,-0.049697160720825195,0.6343026161193848,-1.2003650665283203
1789038647978076700,37.55207666015625,0.03126072883605957,0.950192928314209,-1.922194480895996
1789038647988076500,37.56207666015625,0.2595701217651367,0.7316427230834961,-1.8817315101623535
1789038647998076700,37.57207666015625,0.6195340156555176,0.12827777862548828,-0.7217493057250977
1789038648008076500,37.58207666015625,0.8280612230300903,-0.2024059295654297,-0.5672531127929688
1789038648018076700,37.59207666015625,0.683856725692749,0.16379022598266602,-1.2677936553955078
1789038648028076500,37.60207666015625,0.6661145687103271,0.694666862487793,-1.7526249885559082
1789038648038076700,37.61207666015625,0.8327392339706421,1.0448956489562988,-2.0646214485168457
1789038648048076500,37.62207666015625,1.091017484664917,1.2495098114013672,-2.52945613861084
1789038648058076700,37.63207666015625,1.2517426013946533,1.3411650657653809,-2.6027274131774902
1789038648068076500,37.64207666015625,1.3405513763427734,1.339827060699463,-2.5856924057006836
1789038648078076700,37.65207666015625,1.3826227188110352,1.1361150741577148,-2.795909881591797
1789038648088076500,37.66207666015625,1.1903929710388184,0.9166841506958008,-2.5186500549316406
1789038648098076700,37.67207666015625,0.9457842111587524,0.41088199615478516,-1.4593472480773926
1789038648108076500,37.68207666015625,0.32021379470825195,-0.5375981330871582,0.02361154556274414
1789038648118076700,37.69207666015625,-0.6428749561309814,-1.6624031066894531,1.1354889869689941
1789038648128076500,37.70207666015625,-0.4718303680419922,-2.6758956909179688,2.8558077812194824
1789038648138076700,37.71207666015625,0.17770910263061523,-2.8261566162109375,4.173792839050293
1789038648148076500,37.72207666015625,-0.3601837158203125,-2.2324061393737793,4.532078742980957
1789038648158076700,37.73207666015625,-1.0160343647003174,-1.549346923828125,3.8469486236572266
1789038648168076500,37.74207666015625,-1.2561498880386353,-0.6539101600646973,2.33772611618042
1789038648178076700,37.75207666015625,-1.3232543468475342,-0.2302107810974121,1.927870750427246
1789038648188076500,37.76207666015625,-1.065333604812622,-0.47951316833496094,2.277749538421631
1789038648198076700,37.77207666015625,-1.013140082359314,-1.32783842086792,3.2600808143615723
1789038648208076500,37.78207666015625,-0.565581202507019,-2.193674087524414,3.85286283493042
1789038648218076700,37.79207666015625,0.008676648139953613,-3.1884403228759766,4.34801721572876
1789038648228076500,37.80207666015625,0.9142094850540161,-3.8024044036865234,4.8529133796691895
1789038648238076700,37.81207666015625,1.2711023092269897,-3.594231605529785,3.7616024017333984
1789038648248076500,37.82207666015625,1.0749324560165405,-2.2600598335266113,1.4854865074157715
1789038648258076700,37.83207666015625,0.7102323770523071,-0.7615480422973633,0.0647730827331543
1789038648268076500,37.84207666015625,0.7944831848144531,0.6360106468200684,-1.5250473022460938
1789038648278076700,37.85207666015625,0.8792568445205688,1.7635598182678223,-2.69490909576416
1789038648288076500,37.86207666015625,0.8313678503036499,2.35673189163208,-3.288301467895508
1789038648298076700,37.87207666015625,0.8756145238876343,2.2639403343200684,-3.1190123558044434
1789038648308076500,37.88207666015625,0.7635970115661621,1.5049827098846436,-1.9727325439453125
1789038648318076700,37.89207666015625,0.7498643398284912,0.38425683975219727,-0.8214240074157715
1789038648328076500,37.90207666015625,0.931572675704956,-0.7887225151062012,0.33575439453125
1789038648338076700,37.91207666015625,0.5312988758087158,-1.3917737007141113,0.6283187866210938
1789038648348076500,37.92207666015625,0.2864353656768799,-1.551717758178711,-0.6052818298339844
1789038648358076700,37.93207666015625,0.3138606548309326,-1.265181541442871,-1.0924186706542969
1789038648368076500,37.94207666015625,-0.24962687492370605,-1.2391743659973145,-1.5805444717407227
1789038648378076700,37.95207666015625,0.543987512588501,-1.1648259162902832,-1.9976658821105957
1789038648388076500,37.96207666015625,0.9037439823150635,-0.9515154361724854,-1.8801164627075195
1789038648398076700,37.97207666015625,0.9035964012145996,-0.44444775581359863,-1.3008861541748047
1789038648408076500,37.98207666015625,0.9695544242858887,0.6503725051879883,-0.8421812057495117
1789038648418076700,37.99207666015625,1.0602293014526367,1.2374181747436523,-0.9509611129760742
1789038648428076500,38.00207666015625,1.6507588624954224,1.801271915435791,-0.9659757614135742
1789038648438076700,38.01207666015625,1.586622714996338,1.49275803565979,-0.705695629119873
1789038648448076500,38.02207666015625,1.1474508047103882,0.15061330795288086,-0.6962680816650391
1789038648458076700,38.03207666015625,0.7660856246948242,-1.444366455078125,-0.3752603530883789
1789038648468076500,38.04207666015625,0.20277690887451172,-2.266040563583374,0.15653038024902344
1789038648478076700,38.05207666015625,0.24101543426513672,-2.2033989429473877,0.46903324127197266
1789038648488076500,38.06207666015625,0.45080041885375977,-1.539921522140503,1.0664329528808594
1789038648498076700,38.07207666015625,0.4633164405822754,-0.4803736209869385,0.46199893951416016
1789038648508076500,38.08207666015625,0.8627088069915771,0.5661454200744629,-0.6178474426269531
1789038648518076700,38.09207666015625,1.6161162853240967,1.3348829746246338,-1.4932851791381836
1789038648528076500,38.10207666015625,2.0237362384796143,1.7775278091430664,-2.0099353790283203
1789038648538076700,38.11207666015625,1.9014630317687988,1.413246750831604,-2.2092676162719727
1789038648548076500,38.12207666015625,1.33689284324646,0.7406413555145264,-2.6320199966430664
1789038648558076700,38.13207666015625,0.9109570980072021,0.22891592979431152,-3.3113536834716797
1789038648568076500,38.14207666015625,0.7502396106719971,0.09066367149353027,-3.9015445709228516
1789038648578076700,38.15207666015625,0.5679140090942383,0.24155640602111816,-4.514508247375488
1789038648588076500,38.16207666015625,0.4083290100097656,0.6386864185333252,-4.012075901031494
1789038648598076700,38.17207666015625,0.1853923797607422,1.0007402896881104,-3.3453640937805176
1789038648608076500,38.18207666015625,0.36282825469970703,1.1996288299560547,-2.5944223403930664
1789038648618076700,38.19207666015625,0.5917243957519531,1.0247361660003662,-0.378936767578125
1789038648628076500,38.20207666015625,0.5463659763336182,0.7759302854537964,1.2000465393066406
1789038648638076700,38.21207666015625,0.7010362148284912,0.730736255645752,1.577239990234375
1789038648648076500,38.22207666015625,0.2951803207397461,0.6894466876983643,1.5375995635986328
1789038648658076700,38.23207666015625,-0.8746962547302246,0.1060934066772461,1.8048820495605469
1789038648668076500,38.24207666015625,-0.7127399444580078,-0.43795084953308105,1.8871431350708008
1789038648678076700,38.25207666015625,-0.14687275886535645,-0.9781734943389893,1.4995670318603516
1789038648688076500,38.26207666015625,0.2665371894836426,-1.5504381656646729,1.185835838317871
1789038648698076700,38.27207666015625,-0.20055127143859863,-1.7992868423461914,0.6062326431274414
1789038648708076500,38.28207666015625,-0.33275723457336426,-1.5530202388763428,0.11623573303222656
1789038648718076700,38.29207666015625,-0.04779338836669922,-1.0042457580566406,0.007138252258300781
1789038648728076500,38.30207666015625,0.47911977767944336,-0.43326902389526367,0.016637802124023438
1789038648738076700,38.31207666015625,0.8164342641830444,0.06702756881713867,-0.3887968063354492
1789038648748076500,38.32207666015625,0.5298938751220703,0.43199825286865234,-1.20194673538208
1789038648758076700,38.33207666015625,0.5450050830841064,0.5987534523010254,-1.6546649932861328
1789038648768076500,38.34207666015625,0.48675990104675293,0.7391579151153564,-2.2776575088500977
1789038648778076700,38.35207666015625,0.29192209243774414,0.7839915752410889,-2.8273630142211914
1789038648788076500,38.36207666015625,0.5914621353149414,0.7984296083450317,-2.948863983154297
1789038648798076700,38.37207666015625,0.8193676471710205,0.7974209785461426,-2.931863784790039
1789038648808076500,38.38207666015625,0.9044380187988281,0.8877911567687988,-3.089639663696289
1789038648818076700,38.39207666015625,0.3569612503051758,1.3383417129516602,-2.903315544128418
1789038648828076500,38.40207666015625,-0.08875346183776855,1.807530403137207,-2.6041359901428223
1789038648838076700,38.41207666015625,0.12138223648071289,2.028228282928467,-1.8382301330566406
1789038648848076500,38.42207666015625,0.05867576599121094,1.6893014907836914,-0.8943319320678711
1789038648858076700,38.43207666015625,-0.11439871788024902,0.8265442848205566,-0.1325397491455078
1789038648868076500,38.44207666015625,-0.028539180755615234,-0.30821776390075684,0.4764595031738281
1789038648878076700,38.45207666015625,0.07191634178161621,-1.3893177509307861,1.287841796875
1789038648888076500,38.46207666015625,-0.18258428573608398,-2.0728702545166016,1.958505630493164
1789038648898076700,38.47207666015625,-0.29087042808532715,-2.1329801082611084,2.441427230834961
1789038648908076500,38.48207666015625,-0.12523365020751953,-1.5163476467132568,2.5948028564453125
1789038648918076700,38.49207666015625,-0.004289150238037109,-0.6040565967559814,2.43955135345459
1789038648928076500,38.50207666015625,-0.523162841796875,0.46582865715026855,1.3987369537353516
1789038648938076700,38.51207666015625,-0.6369178295135498,1.188220500946045,0.7745704650878906
1789038648948076500,38.52207666015625,-0.6939818859100342,1.615020513534546,-0.008014678955078125
1789038648958076700,38.53207666015625,-0.7684566974639893,1.6926977634429932,-0.5318994522094727
1789038648968076500,38.54207666015625,-0.2591128349304199,1.7545444965362549,-0.5877208709716797
1789038648978076700,38.55207666015625,-0.03149914741516113,1.8025693893432617,-1.0071172714233398
1789038648988076500,38.56207666015625,0.20528578758239746,1.491379737854004,-0.7153172492980957
1789038648998076700,38.57207666015625,-0.3096201419830322,0.992009162902832,-0.6876225471496582
1789038649008076500,38.58207666015625,-0.6359450817108154,0.5226454734802246,-1.2284269332885742
1789038649018076700,38.59207666015625,-0.7086620330810547,0.13158273696899414,-1.5368542671203613
1789038649028076500,38.60207666015625,-0.6302907466888428,-0.28996753692626953,-1.4012260437011719
1789038649038076700,38.61207666015625,-0.23193717002868652,-1.005490779876709,-0.950049877166748
1789038649048076500,38.62207666015625,0.3165973424911499,-1.5458946228027344,-0.18001079559326172
1789038649058076700,38.63207666015625,0.9564852118492126,-1.745312213897705,0.5046024322509766
1789038649068076500,38.64207666015625,0.835236668586731,-1.5176711082458496,0.9252047538757324
1789038649078076700,38.65207666015625,0.25609421730041504,-0.862454891204834,0.9406795501708984
1789038649088076500,38.66207666015625,0.3078899383544922,0.05614328384399414,0.780667781829834
1789038649098076700,38.67207666015625,0.197235107421875,0.9777932167053223,-0.1969585418701172
1789038649108076500,38.68207666015625,-0.05851864814758301,1.6742501258850098,-1.4090204238891602
1789038649118076700,38.69207666015625,0.19769275188446045,1.6963062286376953,-1.5163459777832031
1789038649128076500,38.70207666015625,1.0833642482757568,0.9756016731262207,-0.8527660369873047
1789038649138076700,38.71207666015625,1.2996392250061035,-0.05580902099609375,-0.2664947509765625
1789038649148076500,38.72207666015625,0.5885378122329712,-1.1940908432006836,0.09841442108154297
1789038649158076700,38.73207666015625,-0.45249176025390625,-2.2360386848449707,-0.20853805541992188
1789038649168076500,38.74207666015625,-1.5276551246643066,-3.068492889404297,-0.25014448165893555
1789038649178076700,38.75207666015625,-2.0691628456115723,-3.7198734283447266,1.0576176643371582
1789038649188076500,38.76207666015625,-2.1223912239074707,-4.188156604766846,2.3230671882629395
1789038649198076700,38.77207666015625,-1.7814226150512695,-4.554388046264648,4.196241855621338
1789038649208076500,38.78207666015625,-1.3066227436065674,-4.3801703453063965,4.8458991050720215
1789038649218076700,38.79207666015625,-0.40410077571868896,-3.2488412857055664,4.675203800201416
1789038649228076500,38.80207666015625,0.2486664056777954,-1.7527179718017578,4.014774799346924
1789038649238076700,38.81207666015625,0.4554377794265747,-0.5498266220092773,3.049345016479492
1789038649248076500,38.82207666015625,0.3066248893737793,0.4908289909362793,2.0191569328308105
1789038649258076700,38.83207666015625,-0.008192300796508789,1.3035306930541992,1.1842751502990723
1789038649268076500,38.84207666015625,-0.32619404792785645,1.7547211647033691,0.11901473999023438
1789038649278076700,38.85207666015625,-0.3662393093109131,1.9184393882751465,-1.1441340446472168
1789038649288076500,38.86207666015625,0.04996037483215332,1.8899245262145996,-1.6878623962402344
1789038649298076700,38.87207666015625,0.6450166702270508,1.8720860481262207,-1.8297066688537598
1789038649308076500,38.88207666015625,1.181930661201477,1.8377203941345215,-1.6324777603149414
1789038649318076700,38.89207666015625,1.3210532665252686,1.7513847351074219,-1.3179583549499512
1789038649328076500,38.90207666015625,1.165117621421814,1.3018507957458496,-0.6249542236328125
1789038649338076700,38.91207666015625,0.9300210475921631,0.4628610610961914,0.28893136978149414
1789038649348076500,38.92207666015625,0.7417392730712891,-0.5214810371398926,1.3217687606811523
1789038649358076700,38.93207666015625,0.6501461267471313,-1.5046496391296387,2.219860076904297
1789038649368076500,38.94207666015625,0.281754732131958,-2.0841431617736816,2.485611915588379
1789038649378076700,38.95207666015625,-0.28871893882751465,-1.823012351989746,2.4709668159484863
1789038649388076500,38.96207666015625,-0.729179859161377,-1.088409423828125,2.244302272796631
1789038649398076700,38.97207666015625,-1.0519311428070068,-0.44935035705566406,1.7891478538513184
1789038649408076500,38.98207666015625,-0.8291294574737549,-0.07244586944580078,1.3882255554199219
1789038649418076700,38.99207666015625,-0.627824068069458,0.11314201354980469,0.8992142677307129
1789038649428076500,39.00207666015625,-0.7652437686920166,0.1698780059814453,0.34056758880615234
1789038649438076700,39.01207666015625,-0.9507966041564941,0.0951085090637207,0.022275924682617188
1789038649448076500,39.02207666015625,-1.0616925954818726,-0.0018200874328613281,-0.23552703857421875
1789038649458076700,39.03207666015625,-0.9857883453369141,-0.10022449493408203,-0.23679256439208984
1789038649468076500,39.04207666015625,-0.5376328229904175,-0.35976266860961914,-0.013586044311523438
1789038649478076700,39.05207666015625,0.10229957103729248,-0.599729061126709,0.034035682678222656
1789038649488076500,39.06207666015625,0.720325231552124,-0.7630915641784668,-0.18049240112304688
1789038649498076700,39.07207666015625,1.163177251815796,-0.47063636779785156,-0.622307300567627
1789038649508076500,39.08207666015625,1.1869834661483765,-0.055812835693359375,-0.9831986427307129
1789038649518076700,39.09207666015625,1.0219695568084717,0.11404705047607422,-1.1395134925842285
1789038649528076500,39.10207666015625,0.7374842166900635,0.042462825775146484,-0.8733830451965332
1789038649538076700,39.11207666015625,0.6633847951889038,-0.18873071670532227,-0.16691064834594727
1789038649548076500,39.12207666015625,0.6768105030059814,-0.47603273391723633,0.7829146385192871
1789038649558076700,39.13207666015625,0.7308368682861328,-0.8799810409545898,1.7340912818908691
1789038649568076500,39.14207666015625,0.8333718776702881,-1.2821130752563477,2.767693519592285
1789038649578076700,39.15207666015625,0.4723997116088867,-1.5211639404296875,3.5598502159118652
1789038649588076500,39.16207666015625,-0.06386911869049072,-1.5338077545166016,3.7660508155822754
1789038649598076700,39.17207666015625,-0.50478196144104,-1.349654197692871,3.233470916748047
1789038649608076500,39.18207666015625,-0.6340943574905396,-1.0150518417358398,2.4583001136779785
1789038649618076700,39.19207666015625,-0.5365581512451172,-0.5513215065002441,1.0828776359558105
1789038649628076500,39.20207666015625,-0.21364951133728027,-0.13762331008911133,0.9718904495239258
1789038649638076700,39.21207666015625,0.2007129192352295,0.04306602478027344,0.7167186737060547
1789038649648076500,39.22207666015625,0.6115102767944336,-0.04311180114746094,0.5214147567749023
1789038649658076700,39.23207666015625,0.4973571300506592,-0.2593216896057129,-0.21996688842773438
1789038649668076500,39.24207666015625,0.22220134735107422,-0.6076798439025879,-0.4886150360107422
1789038649678076700,39.25207666015625,0.3033180236816406,-1.0369782447814941,-0.4063730239868164
1789038649688076500,39.26207666015625,0.3338916301727295,-1.337723731994629,-0.140899658203125
1789038649698076700,39.27207666015625,0.9138004779815674,-1.5807018280029297,-0.17471885681152344
1789038649708076500,39.28207666015625,0.5825432538986206,-1.4196748733520508,0.31058502197265625
1789038649718076700,39.29207666015625,0.23260164260864258,-1.235060214996338,0.2628488540649414
1789038649728076500,39.30207666015625,0.012004375457763672,-1.0602869987487793,-0.35065174102783203
1789038649738076700,39.31207666015625,0.12464594841003418,-0.933912992477417,-1.318709373474121
1789038649748076500,39.32207666015625,0.23592138290405273,-0.6380150318145752,-1.7075300216674805
1789038649758076700,39.33207666015625,0.12214469909667969,-1.034245252609253,-1.742048740386963
1789038649768076500,39.34207666015625,0.6482892036437988,-0.9370529651641846,-1.3507957458496094
1789038649778076700,39.35207666015625,0.6717991828918457,-0.714613676071167,-1.1824798583984375
1789038649788076500,39.36207666015625,0.24141454696655273,-0.5650279521942139,-1.6688909530639648
1789038649798076700,39.37207666015625,0.08002018928527832,-0.6399612426757812,-1.7358407974243164
1789038649808076500,39.38207666015625,0.31685829162597656,-0.8528814315795898,-1.3340282440185547
1789038649818076700,39.39207666015625,0.9459905624389648,-0.7414596080780029,-1.217249870300293
1789038649828076500,39.40207666015625,0.6211841106414795,-0.34468960762023926,-1.533553123474121
1789038649838076700,39.41207666015625,0.3410756587982178,0.07736849784851074,-2.376739501953125
1789038649848076500,39.42207666015625,0.6678318977355957,0.29912853240966797,-2.9839653968811035
1789038649858076700,39.43207666015625,1.0721206665039062,0.5886750221252441,-3.2742061614990234
1789038649868076500,39.44207666015625,0.9101285934448242,0.786445140838623,-2.9706974029541016
1789038649878076700,39.45207666015625,0.5717477798461914,0.796743631362915,-2.935959815979004
1789038649888076500,39.46207666015625,0.4181220531463623,0.45907270908355713,-2.5835189819335938
1789038649898076700,39.47207666015625,0.5297205448150635,0.17682182788848877,-1.5942230224609375
1789038649908076500,39.48207666015625,0.19354629516601562,-0.1267719268798828,-0.8256711959838867
1789038649918076700,39.49207666015625,-0.08974790573120117,-0.3128974437713623,-0.44522857666015625
1789038649928076500,39.50207666015625,-0.02788400650024414,-0.5051980018615723,-0.23349761962890625
1789038649938076700,39.51207666015625,0.12108898162841797,-0.4504725933074951,-0.34882259368896484
1789038649948076500,39.52207666015625,0.014086723327636719,-0.13762426376342773,-0.7251205444335938
1789038649958076700,39.53207666015625,-0.12975001335144043,0.3158736228942871,-0.8412485122680664
1789038649968076500,39.54207666015625,-0.11650419235229492,0.7263340950012207,-1.0873312950134277
1789038649978076700,39.55207666015625,0.09000611305236816,0.8191226720809937,-1.093432903289795
1789038649988076500,39.56207666015625,0.2981109619140625,0.7691670656204224,-0.9976425170898438
1789038649998076700,39.57207666015625,0.26193857192993164,0.6236227750778198,-0.890498161315918
1789038650008076500,39.58207666015625,0.23840069770812988,0.27273714542388916,-0.13502216339111328
1789038650018076700,39.59207666015625,0.25380563735961914,-0.013873577117919922,0.18495941162109375
1789038650028076500,39.60207666015625,0.31130456924438477,-0.28359413146972656,-0.0943460464477539
1789038650038076700,39.61207666015625,0.34000134468078613,-0.4660811424255371,-0.44896984100341797
1789038650048076500,39.62207666015625,0.3814351558685303,-0.4526069164276123,-0.7782192230224609
1789038650058076700,39.63207666015625,0.15778422355651855,-0.3985629081726074,-1.1595582962036133
1789038650068076500,39.64207666015625,0.03461337089538574,-0.14606380462646484,-1.144735336303711
1789038650078076700,39.65207666015625,-0.013345718383789062,0.1773698329925537,-0.9103002548217773
1789038650088076500,39.66207666015625,0.11990571022033691,0.43283581733703613,-0.5322446823120117
1789038650098076700,39.67207666015625,0.2661464214324951,0.6813740730285645,-0.29345035552978516
1789038650108076500,39.68207666015625,0.4031045436859131,0.8866174221038818,0.05051708221435547
1789038650118076700,39.69207666015625,0.26867198944091797,0.9605506658554077,0.08333110809326172
1789038650128076500,39.70207666015625,0.06984901428222656,0.7234470844268799,-0.22873878479003906
1789038650138076700,39.71207666015625,-0.09467482566833496,0.4048135280609131,-0.6523952484130859
1789038650148076500,39.72207666015625,-0.17376399040222168,0.21450161933898926,-0.8686885833740234
1789038650158076700,39.73207666015625,-0.22854876518249512,0.1826002597808838,-0.9900026321411133
1789038650168076500,39.74207666015625,-0.23905324935913086,0.1729106903076172,-0.8034796714782715
1789038650178076700,39.75207666015625,-0.35222649574279785,0.3555786609649658,-0.7486295700073242
1789038650188076500,39.76207666015625,-0.5158843994140625,0.7897083759307861,-0.819122314453125
1789038650198076700,39.77207666015625,-0.37339210510253906,1.0135393142700195,-0.6565628051757812
1789038650208076500,39.78207666015625,-0.26543235778808594,0.9252519607543945,-0.030385971069335938
1789038650218076700,39.79207666015625,-0.15863680839538574,0.8062591552734375,-0.05466270446777344
1789038650228076500,39.80207666015625,0.12836933135986328,0.5946104526519775,0.25229358673095703
1789038650238076700,39.81207666015625,0.05395936965942383,0.4377481937408447,0.29629993438720703
1789038650248076500,39.82207666015625,-0.025228500366210938,0.43698835372924805,0.1519327163696289
1789038650258076700,39.83207666015625,-0.4581019878387451,0.5194854736328125,-0.37232017517089844
1789038650268076500,39.84207666015625,-0.8796710968017578,0.8436925411224365,-1.0537424087524414
1789038650278076700,39.85207666015625,-0.9899563789367676,0.8399431705474854,-1.1175312995910645
1789038650288076500,39.86207666015625,-0.8089039325714111,0.5689728260040283,-0.6183805465698242
1789038650298076700,39.87207666015625,-0.5448248386383057,0.08710622787475586,0.12479782104492188
1789038650308076500,39.88207666015625,-0.17926454544067383,-0.04851245880126953,0.1660013198852539
1789038650318076700,39.89207666015625,0.20649981498718262,-0.1437373161315918,-0.2318878173828125
1789038650328076500,39.90207666015625,0.09196901321411133,-0.23228693008422852,-0.14031267166137695
1789038650338076700,39.91207666015625,0.047331809997558594,-0.584630012512207,0.08377933502197266
1789038650348076500,39.92207666015625,-0.08151674270629883,-0.8972578048706055,0.17226743698120117
1789038650358076700,39.93207666015625,-0.18793106079101562,-0.8904609680175781,0.05420064926147461
1789038650368076500,39.94207666015625,-0.4316389560699463,-0.975926399230957,0.010416030883789062
1789038650378076700,39.95207666015625,-0.44269371032714844,-1.1630797386169434,0.3654966354370117
1789038650388076500,39.96207666015625,-0.2861623764038086,-1.329421043395996,0.5474371910095215
1789038650398076700,39.97207666015625,-0.3932616710662842,-1.235628604888916,0.30368995666503906
1789038650408076500,39.98207666015625,-0.5363519191741943,-0.8388524055480957,-0.02562093734741211
1789038650418076700,39.99207666015625,-0.36975979804992676,-0.4535069465637207,-0.014101505279541016
1789038650428076500,40.00207666015625,-0.07124710083007812,-0.4212813377380371,0.9681429862976074
1789038650438076700,40.01207666015625,0.07205891609191895,-0.5595517158508301,1.7698426246643066
1789038650448076500,40.02207666015625,0.0347750186920166,-0.49343109130859375,1.5612492561340332
1789038650458076700,40.03207666015625,-0.009152650833129883,-0.43410587310791016,1.1155929565429688
1789038650468076500,40.04207666015625,-0.08379101753234863,-0.9308462142944336,1.0262675285339355
1789038650478076700,40.05207666015625,-0.12845897674560547,-1.7278547286987305,1.6292476654052734
1789038650488076500,40.06207666015625,-0.3684253692626953,-2.365108013153076,2.1743035316467285
1789038650498076700,40.07207666015625,-0.442138671875,-2.34183406829834,1.9213786125183105
1789038650508076500,40.08207666015625,-0.20399188995361328,-1.779388427734375,1.7462267875671387
1789038650518076700,40.09207666015625,-0.13515210151672363,-1.063753604888916,0.7595572471618652
1789038650528076500,40.10207666015625,-0.6359331607818604,-0.07210969924926758,-0.031253814697265625
1789038650538076700,40.11207666015625,-0.7628905773162842,0.6026577949523926,-0.9359374046325684
1789038650548076500,40.12207666015625,-0.3357508182525635,0.9624361991882324,-1.0832982063293457
1789038650558076700,40.13207666015625,0.7524867057800293,0.7400083541870117,-0.06140279769897461
1789038650568076500,40.14207666015625,1.1049830913543701,0.8034086227416992,0.16281557083129883
1789038650578076700,40.15207666015625,0.3473968505859375,1.380265235900879,-1.7530736923217773
1789038650588076500,40.16207666015625,-0.3348410129547119,1.6234307289123535,-2.1937103271484375
1789038650598076700,40.17207666015625,-0.010898828506469727,0.882901668548584,-0.8209519386291504
1789038650608076500,40.18207666015625,0.7542028427124023,-0.6119990348815918,1.0112056732177734
1789038650618076700,40.19207666015625,0.8738329410552979,-1.347081184387207,0.8512225151062012
1789038650628076500,40.20207666015625,0.29755592346191406,-0.9762964248657227,-0.45143938064575195
1789038650638076700,40.21207666015625,-0.4177849292755127,-0.10652351379394531,-1.4191179275512695
1789038650648076500,40.22207666015625,-0.6620869636535645,-0.049785614013671875,-1.1082139015197754
1789038650658076700,40.23207666015625,-0.64420485496521,-0.9360685348510742,0.3925943374633789
1789038650668076500,40.24207666015625,-0.8343062400817871,-1.861253261566162,1.8114523887634277
1789038650678076700,40.25207666015625,-0.8876533508300781,-2.217038631439209,2.668581485748291
1789038650688076500,40.26207666015625,-0.4900846481323242,-1.0831875801086426,1.6791787147521973
1789038650698076700,40.27207666015625,-0.6424891948699951,0.10974693298339844,1.236668586730957
1789038650708076500,40.28207666015625,-0.8840606212615967,0.8317141532897949,0.9738221168518066
1789038650718076700,40.29207666015625,-0.7248437404632568,1.2537641525268555,0.888084888458252
1789038650728076500,40.30207666015625,0.08457422256469727,0.7134404182434082,1.0958027839660645
1789038650738076700,40.31207666015625,0.31666135787963867,-0.43410396575927734,1.1377716064453125
1789038650748076500,40.32207666015625,-0.10683941841125488,-1.4580001831054688,0.9633898735046387
1789038650758076700,40.33207666015625,-0.8291606903076172,-1.5592927932739258,0.26567697525024414
1789038650768076500,40.34207666015625,-1.2663395404815674,-0.9086818695068359,-0.787355899810791
1789038650778076700,40.35207666015625,-1.1040582656860352,-0.38114500045776367,-1.7630400657653809
1789038650788076500,40.36207666015625,-0.35993027687072754,-0.14159011840820312,-1.9093337059020996
1789038650798076700,40.37207666015625,0.2057187557220459,-0.06670093536376953,-1.625615119934082
1789038650808076500,40.38207666015625,0.6090617179870605,-0.06979990005493164,-1.0715322494506836
1789038650818076700,40.39207666015625,0.7321099042892456,0.036991119384765625,-0.690913200378418
1789038650828076500,40.40207666015625,0.42070460319519043,0.19465923309326172,-0.4315328598022461
1789038650838076700,40.41207666015625,0.14658856391906738,0.26517438888549805,-0.012206554412841797
1789038650848076500,40.42207666015625,-0.08150863647460938,0.23292875289916992,0.4389986991882324
1789038650858076700,40.43207666015625,0.058083295822143555,-0.14347076416015625,0.9089040756225586
1789038650868076500,40.44207666015625,0.2806640863418579,-0.6906490325927734,1.308642864227295
1789038650878076700,40.45207666015625,0.1489572525024414,-0.9503870010375977,1.383714199066162
1789038650888076500,40.46207666015625,0.16889476776123047,-0.7379751205444336,1.0354738235473633
1789038650898076700,40.47207666015625,-0.07347893714904785,-0.17481374740600586,0.21431398391723633
1789038650908076500,40.48207666015625,-0.28963804244995117,0.5489258766174316,-1.2284126281738281
1789038650918076700,40.49207666015625,-0.16934418678283691,1.1033945083618164,-2.2117624282836914
1789038650928076500,40.50207666015625,0.05705106258392334,1.3105168342590332,-2.400808811187744
1789038650938076700,40.51207666015625,-0.020389080047607422,1.2107696533203125,-1.9318122863769531
1789038650948076500,40.52207666015625,-0.2948935031890869,0.6156587600708008,-0.6391425132751465
1789038650958076700,40.53207666015625,-0.4656562805175781,-0.21599388122558594,1.1561098098754883
1789038650968076500,40.54207666015625,0.04099583625793457,-1.4131050109863281,3.9011282920837402
1789038650978076700,40.55207666015625,0.8229467868804932,-2.5027894973754883,5.338226795196533
1789038650988076500,40.56207666015625,0.9625996351242065,-2.94728946685791,5.613550186157227
1789038650998076700,40.57207666015625,0.3558382987976074,-2.4296884536743164,4.785989761352539
1789038651008076500,40.58207666015625,-0.2750513553619385,-1.3449029922485352,2.832792282104492
1789038651018076700,40.59207666015625,-0.35395336151123047,-0.2411952018737793,1.5038347244262695
1789038651028076500,40.60207666015625,-0.2478785514831543,0.5456085205078125,0.914912223815918
1789038651038076700,40.61207666015625,0.07310366630554199,0.7938508987426758,0.8312816619873047
1789038651048076500,40.62207666015625,0.465928316116333,0.7396292686462402,0.8180713653564453
1789038651058076700,40.63207666015625,0.592910885810852,0.4318575859069824,0.9906988143920898
1789038651068076500,40.64207666015625,0.33874523639678955,-0.021876811981201172,1.158736228942871
1789038651078076700,40.65207666015625,0.12782907485961914,-0.5553364753723145,0.9197311401367188
1789038651088076500,40.66207666015625,0.07598710060119629,-0.8958396911621094,0.5193157196044922
1789038651098076700,40.67207666015625,0.14304494857788086,-0.9870424270629883,-0.1051797866821289
1789038651108076500,40.68207666015625,0.4389777183532715,-1.036242961883545,-0.6450977325439453
1789038651118076700,40.69207666015625,0.34987330436706543,-0.7959499359130859,-0.5316534042358398
1789038651128076500,40.70207666015625,-0.2421119213104248,-0.6015625,-0.7240333557128906
1789038651138076700,40.71207666015625,0.23799967765808105,-0.31224513053894043,-1.1525521278381348
1789038651148076500,40.72207666015625,0.31438136100769043,-0.12820124626159668,-1.1012821197509766
1789038651158076700,40.73207666015625,0.04790091514587402,-0.18872880935668945,-1.3416252136230469
1789038651168076500,40.74207666015625,1.0245568752288818,-0.1550145149230957,-1.4090242385864258
1789038651178076700,40.75207666015625,0.9703981876373291,-0.3403928279876709,-0.9913740158081055
1789038651188076500,40.76207666015625,1.7085864543914795,-0.5571551322937012,-0.8564186096191406
1789038651198076700,40.77207666015625,1.5230987071990967,-0.4670109748840332,-0.4226655960083008
1789038651208076500,40.78207666015625,1.2514331340789795,-0.44086647033691406,-0.7266559600830078
1789038651218076700,40.79207666015625,0.5651729106903076,-0.34876227378845215,-1.1295890808105469
1789038651228076500,40.80207666015625,0.3942604064941406,-0.2921304702758789,-1.1273751258850098
1789038651238076700,40.81207666015625,0.5885348320007324,-0.06593823432922363,-1.3203010559082031
1789038651248076500,40.82207666015625,0.6175944805145264,0.40079617500305176,-1.8269124031066895
1789038651258076700,40.83207666015625,0.39404940605163574,0.6901595592498779,-2.62945556640625
1789038651268076500,40.84207666015625,0.34618425369262695,0.8219263553619385,-3.1787872314453125
1789038651278076700,40.85207666015625,0.05256223678588867,0.8604347705841064,-3.2183609008789062
1789038651288076500,40.86207666015625,0.013421297073364258,0.7869430780410767,-2.399592399597168
1789038651298076700,40.87207666015625,0.4578423500061035,0.7235243320465088,-1.571265697479248
1789038651308076500,40.88207666015625,0.9291136264801025,0.640394926071167,-1.6749820709228516
1789038651318076700,40.89207666015625,1.0238776206970215,0.5457327365875244,-1.9280624389648438
1789038651328076500,40.90207666015625,0.39859485626220703,0.33223390579223633,-1.4625773429870605
1789038651338076700,40.91207666015625,-0.6043376922607422,0.14633679389953613,-0.9116353988647461
1789038651348076500,40.92207666015625,-1.021425724029541,0.034746646881103516,-0.3927593231201172
1789038651358076700,40.93207666015625,-0.22996950149536133,-0.031244516372680664,-0.2322063446044922
1789038651368076500,40.94207666015625,0.44167137145996094,-0.18661904335021973,0.12286567687988281
1789038651378076700,40.95207666015625,0.6799407005310059,-0.5732529163360596,0.6113853454589844
1789038651388076500,40.96207666015625,0.20610618591308594,-1.0656521320343018,0.8333454132080078
1789038651398076700,40.97207666015625,-0.4725503921508789,-1.4224803447723389,0.4256620407104492
1789038651408076500,40.98207666015625,-0.3644287586212158,-1.417626142501831,-0.12792587280273438
1789038651418076700,40.99207666015625,0.24915671348571777,-1.2355971336364746,-0.7137002944946289
1789038651428076500,41.00207666015625,0.35842013359069824,-1.1537501811981201,-1.9661064147949219
1789038651438076700,41.01207666015625,0.6329991817474365,-1.0115997791290283,-3.3130245208740234
1789038651448076500,41.02207666015625,0.8256745338439941,-0.6986215114593506,-3.5423097610473633
1789038651458076700,41.03207666015625,0.5594251155853271,0.01144862174987793,-3.4969658851623535
1789038651468076500,41.04207666015625,0.8894449472427368,1.1954758167266846,-3.783750057220459
1789038651478076700,41.05207666015625,1.3653879165649414,2.35455322265625,-4.031098365783691
1789038651488076500,41.06207666015625,2.489882469177246,2.8461976051330566,-3.4505615234375
1789038651498076700,41.07207666015625,3.9055967330932617,2.666780710220337,-3.4405670166015625
1789038651508076500,41.08207666015625,2.8287339210510254,2.164762496948242,-4.037398338317871
1789038651518076700,41.09207666015625,0.7606778144836426,2.1148035526275635,-5.0913004875183105
1789038651528076500,41.10207666015625,-1.618689775466919,2.2973287105560303,-4.432185649871826
1789038651538076700,41.11207666015625,-1.0016422271728516,2.457726001739502,-1.6068811416625977
1789038651548076500,41.12207666015625,1.2886450290679932,2.0216808319091797,0.8420524597167969
1789038651558076700,41.13207666015625,1.0482748746871948,0.6542813777923584,1.9165687561035156
1789038651568076500,41.14207666015625,-1.180426836013794,-1.0708379745483398,2.669243812561035
1789038651578076700,41.15207666015625,-1.9750421047210693,-2.4958245754241943,3.9208335876464844
1789038651588076500,41.16207666015625,-2.2338242530822754,-3.6344571113586426,4.976444244384766
1789038651598076700,41.17207666015625,-1.6184594631195068,-4.380291938781738,5.345054626464844
1789038651608076500,41.18207666015625,-1.7457895278930664,-4.101729393005371,4.449542045593262
1789038651618076700,41.19207666015625,-2.252017021179199,-3.253462791442871,3.978762626647949
1789038651628076500,41.20207666015625,-2.274014949798584,-2.0556046962738037,3.342325210571289
1789038651638076700,41.21207666015625,-2.0706257820129395,-0.6669101715087891,2.3671483993530273
1789038651648076500,41.22207666015625,-1.7460695505142212,0.5752856731414795,1.3153667449951172
1789038651658076700,41.23207666015625,-1.3982832431793213,1.3001153469085693,0.36736583709716797
1789038651668076500,41.24207666015625,-1.6127463579177856,1.5474629402160645,-0.6006765365600586
1789038651678076700,41.25207666015625,-1.3503096103668213,1.5005791187286377,-1.2681293487548828
1789038651688076500,41.26207666015625,-0.33026087284088135,1.3216395378112793,-1.6454572677612305
1789038651698076700,41.27207666015625,0.31698596477508545,1.1075639724731445,-1.6776819229125977
1789038651708076500,41.28207666015625,0.634984016418457,0.793123722076416,-1.3655929565429688
1789038651718076700,41.29207666015625,0.6428941488265991,1.0558891296386719,-1.4644207954406738
1789038651728076500,41.30207666015625,0.12067890167236328,1.4406843185424805,-1.8273234367370605
1789038651738076700,41.31207666015625,0.1269376277923584,1.7772903442382812,-1.5876274108886719
1789038651748076500,41.32207666015625,0.14512741565704346,1.791670322418213,-1.6444025039672852
1789038651758076700,41.33207666015625,0.7406898736953735,1.4663047790527344,-1.4725966453552246
1789038651768076500,41.34207666015625,1.1035776138305664,0.8796672821044922,-0.952906608581543
1789038651778076700,41.35207666015625,0.7656369209289551,0.25162553787231445,-0.4272193908691406
1789038651788076500,41.36207666015625,0.12041270732879639,-0.6501650810241699,0.5212435722351074
1789038651798076700,41.37207666015625,-0.34083592891693115,-1.3610692024230957,1.5226507186889648
1789038651808076500,41.38207666015625,-0.552894115447998,-1.8623132705688477,1.9620904922485352
1789038651818076700,41.39207666015625,-0.7107447385787964,-2.200535297393799,1.9226651191711426
1789038651828076500,41.40207666015625,-0.874407172203064,-2.184086322784424,1.752941608428955
1789038651838076700,41.41207666015625,-0.8804976940155029,-2.008758544921875,1.5743584632873535
1789038651848076500,41.42207666015625,-0.9450546503067017,-1.6844334602355957,1.2338523864746094
1789038651858076700,41.43207666015625,-1.0985853672027588,-1.373701572418213,1.1987199783325195
1789038651868076500,41.44207666015625,-1.3663161993026733,-1.01814603805542,1.2715153694152832
1789038651878076700,41.45207666015625,-1.4688831567764282,-0.6152071952819824,1.2902708053588867
1789038651888076500,41.46207666015625,-1.117521047592163,-0.20180988311767578,1.132481575012207
1789038651898076700,41.47207666015625,-0.7291038036346436,0.14619207382202148,0.8228325843811035
1789038651908076500,41.48207666015625,-0.4787660837173462,0.41731929779052734,0.6051902770996094
1789038651918076700,41.49207666015625,-0.10922539234161377,0.5608072280883789,0.6130409240722656
1789038651928076500,41.50207666015625,0.07647216320037842,0.5642275810241699,0.4592409133911133
1789038651938076700,41.51207666015625,0.1560523509979248,0.45302295684814453,0.564272403717041
1789038651948076500,41.52207666015625,0.21957778930664062,0.3563518524169922,0.7066068649291992
1789038651958076700,41.53207666015625,0.3772144317626953,0.020621776580810547,0.8920316696166992
1789038651968076500,41.54207666015625,0.5875154733657837,-0.3994617462158203,1.2959027290344238
1789038651978076700,41.55207666015625,0.650904655456543,-0.5177650451660156,1.0838322639465332
1789038651988076500,41.56207666015625,0.5467466115951538,-0.3251166343688965,0.735987663269043
1789038651998076700,41.57207666015625,0.4520907402038574,0.1838383674621582,0.05076122283935547
1789038652008076500,41.58207666015625,0.26015520095825195,0.6327691078186035,-0.7308382987976074
1789038652018076700,41.59207666015625,-0.023667454719543457,0.7767400741577148,-0.8314547538757324
1789038652028076500,41.60207666015625,-0.36300361156463623,0.5869026184082031,-1.0059356689453125
1789038652038076700,41.61207666015625,-0.47559595108032227,-0.22723770141601562,0.30509519577026367
1789038652048076500,41.62207666015625,-0.5504076480865479,-0.9016485214233398,0.6546802520751953
1789038652058076700,41.63207666015625,-0.6342654228210449,-1.24119234085083,1.5570120811462402
1789038652068076500,41.64207666015625,-0.789785623550415,-0.8820910453796387,1.1759734153747559
1789038652078076700,41.65207666015625,-0.8330550193786621,-0.15523815155029297,0.34511899948120117
1789038652088076500,41.66207666015625,-0.5354156494140625,0.13315868377685547,-0.08671236038208008
1789038652098076700,41.67207666015625,-0.2340099811553955,-0.06442451477050781,-0.4079251289367676
1789038652108076500,41.68207666015625,0.03621244430541992,-0.4685397148132324,-0.1839590072631836
1789038652118076700,41.69207666015625,0.06408858299255371,-0.7727260589599609,0.08017587661743164
1789038652128076500,41.70207666015625,-0.11549687385559082,-0.7125115394592285,0.026421070098876953
1789038652138076700,41.71207666015625,-0.13393545150756836,-0.3449368476867676,-0.049798011779785156
1789038652148076500,41.72207666015625,-0.1399381160736084,0.06872320175170898,-0.31746625900268555
1789038652158076700,41.73207666015625,-0.0916745662689209,0.41283607482910156,-0.567908763885498
1789038652168076500,41.74207666015625,0.16395258903503418,0.4843411445617676,-0.7038540840148926
1789038652178076700,41.75207666015625,0.4015645980834961,0.2910165786743164,-0.7301607131958008
1789038652188076500,41.76207666015625,0.3718383312225342,0.07862091064453125,-0.758519172668457
1789038652198076700,41.77207666015625,0.34932374954223633,-0.006689548492431641,-0.7072324752807617
1789038652208076500,41.78207666015625,0.32462310791015625,-0.036182403564453125,-0.7324371337890625
1789038652218076700,41.79207666015625,0.23001837730407715,-0.10925006866455078,-0.6651983261108398
1789038652228076500,41.80207666015625,0.16820716857910156,-0.20763111114501953,-0.40589380264282227
1789038652238076700,41.81207666015625,0.17247748374938965,-0.4336423873901367,0.0006399154663085938
1789038652248076500,41.82207666015625,-0.007709503173828125,-0.5694446563720703,0.4300661087036133
1789038652258076700,41.83207666015625,-0.1517333984375,-0.6435027122497559,0.8784418106079102
1789038652268076500,41.84207666015625,-0.1624913215637207,-0.6979188919067383,1.1376500129699707
1789038652278076700,41.85207666015625,-0.2822115421295166,-0.5196003913879395,0.9032139778137207
1789038652288076500,41.86207666015625,-0.23341894149780273,-0.47220563888549805,0.6786870956420898
1789038652298076700,41.87207666015625,-0.1811356544494629,-0.5837807655334473,0.4568500518798828
1789038652308076500,41.88207666015625,-0.14844584465026855,-0.6691727638244629,0.4869117736816406
1789038652318076700,41.89207666015625,-0.23292207717895508,-0.7886543273925781,0.7501945495605469
1789038652328076500,41.90207666015625,-0.22006726264953613,-0.9388389587402344,1.3353424072265625
1789038652338076700,41.91207666015625,-0.14485692977905273,-1.1038784980773926,1.8616204261779785
1789038652348076500,41.92207666015625,0.0016231536865234375,-1.1692194938659668,2.3492183685302734
1789038652358076700,41.93207666015625,0.09628009796142578,-1.2401161193847656,2.4525980949401855
1789038652368076500,41.94207666015625,0.3132903575897217,-1.027297019958496,2.3927106857299805
1789038652378076700,41.95207666015625,0.41010475158691406,-0.6401805877685547,1.7262158393859863
1789038652388076500,41.96207666015625,0.2908940315246582,-0.23762893676757812,0.9315447807312012
1789038652398076700,41.97207666015625,0.1267247200012207,0.04911661148071289,0.40592288970947266
1789038652408076500,41.98207666015625,-0.0893101692199707,0.1673598289489746,0.033118247985839844
1789038652418076700,41.99207666015625,-0.10398221015930176,0.20386505126953125,-0.42174243927001953
1789038652428076500,42.00207666015625,0.17421698570251465,0.1988053321838379,-0.13868141174316406
1789038652438076700,42.01207666015625,0.41385722160339355,0.08355331420898438,0.659764289855957
1789038652448076500,42.02207666015625,0.4218780994415283,-0.09076070785522461,1.0571002960205078
1789038652458076700,42.03207666015625,0.7518658638000488,-0.09000253677368164,1.2263803482055664
1789038652468076500,42.04207666015625,1.0126404762268066,0.09238910675048828,1.1840324401855469
1789038652478076700,42.05207666015625,0.7633330821990967,0.37927865982055664,0.5091075897216797
1789038652488076500,42.06207666015625,0.6655383110046387,0.5748610496520996,-0.3470935821533203
1789038652498076700,42.07207666015625,-0.16046833992004395,0.7128081321716309,-0.4312305450439453
1789038652508076500,42.08207666015625,-0.16639137268066406,0.39040398597717285,-0.624051570892334
1789038652518076700,42.09207666015625,0.5803093910217285,0.06412887573242188,-0.31470203399658203
1789038652528076500,42.10207666015625,0.6054089069366455,-0.07371759414672852,0.28155040740966797
1789038652538076700,42.11207666015625,0.9208357334136963,-0.22739243507385254,0.2478952407836914
1789038652548076500,42.12207666015625,1.1982882022857666,0.14336228370666504,0.36649513244628906
1789038652558076700,42.13207666015625,0.4456491470336914,0.05848360061645508,-0.09538078308105469
1789038652568076500,42.14207666015625,0.22426271438598633,-0.13133859634399414,-0.47615909576416016
1789038652578076700,42.15207666015625,0.3175630569458008,-0.40032315254211426,-0.5222501754760742
1789038652588076500,42.16207666015625,0.2936687469482422,-0.5620577335357666,-0.6399669647216797
1789038652598076700,42.17207666015625,0.4339182376861572,-0.4521524906158447,-0.20747661590576172
1789038652608076500,42.18207666015625,0.4001748561859131,-0.34702277183532715,-0.1330270767211914
1789038652618076700,42.19207666015625,0.5885670185089111,-0.046689748764038086,-0.2561798095703125
1789038652628076500,42.20207666015625,0.720142126083374,0.18163466453552246,-0.24110984802246094
1789038652638076700,42.21207666015625,0.6294033527374268,0.16295146942138672,-0.28270530700683594
1789038652648076500,42.22207666015625,0.5464303493499756,0.12887883186340332,0.010146141052246094
1789038652658076700,42.23207666015625,0.8258209228515625,0.11215877532958984,0.01729583740234375
1789038652668076500,42.24207666015625,0.8394994735717773,0.026881933212280273,-0.39885711669921875
1789038652678076700,42.25207666015625,0.695037841796875,-0.04306435585021973,-0.918360710144043
1789038652688076500,42.26207666015625,0.5266749858856201,-0.028315305709838867,-1.724329948425293
1789038652698076700,42.27207666015625,0.49401164054870605,0.017045974731445312,-2.3100366592407227
1789038652708076500,42.28207666015625,0.733412504196167,-0.05150032043457031,-2.454873561859131
1789038652718076700,42.29207666015625,0.9211053848266602,-0.010171651840209961,-2.22698974609375
1789038652728076500,42.30207666015625,1.1794781684875488,0.18778538703918457,-2.028715133666992
1789038652738076700,42.31207666015625,1.0691771507263184,0.3636746406555176,-1.539952278137207
1789038652748076500,42.32207666015625,0.981940507888794,0.5050125122070312,-1.0075860023498535
1789038652758076700,42.33207666015625,1.1168479919433594,0.46464622020721436,-0.5754880905151367
1789038652768076500,42.34207666015625,0.8449084758758545,0.3890465497970581,-0.6104841232299805
1789038652778076700,42.35207666015625,0.7462007999420166,0.2429511547088623,-0.8467521667480469
1789038652788076500,42.36207666015625,0.8296470642089844,-0.16559827327728271,-0.804560661315918
1789038652798076700,42.37207666015625,0.7913198471069336,-0.40947866439819336,-0.8894672393798828
1789038652808076500,42.38207666015625,0.30471324920654297,-0.5844628810882568,-1.2123146057128906
1789038652818076700,42.39207666015625,-0.09474873542785645,-0.7095514535903931,-1.7837209701538086
1789038652828076500,42.40207666015625,-0.10336613655090332,-0.5812720060348511,-1.534224510192871
1789038652838076700,42.41207666015625,0.020490407943725586,-0.2435441017150879,-1.2715373039245605
1789038652848076500,42.42207666015625,0.41570138931274414,-0.15927493572235107,-0.7407827377319336
1789038652858076700,42.43207666015625,0.6682231426239014,-0.04836463928222656,-0.561060905456543
1789038652868076500,42.44207666015625,0.4984111785888672,-0.015377163887023926,-0.31356048583984375
1789038652878076700,42.45207666015625,0.3952937126159668,-0.06583476066589355,-0.5221223831176758
1789038652888076500,42.46207666015625,0.31622314453125,-0.22861075401306152,-0.8451070785522461
1789038652898076700,42.47207666015625,0.1817176342010498,-0.33623194694519043,-1.180490493774414
1789038652908076500,42.48207666015625,0.09885048866271973,-0.32739484310150146,-1.4611825942993164
1789038652918076700,42.49207666015625,-0.012797832489013672,-0.20765089988708496,-1.544926643371582
1789038652928076500,42.50207666015625,0.35746312141418457,-0.02055048942565918,-0.9958376884460449
1789038652938076700,42.51207666015625,0.3839380741119385,0.11900997161865234,-0.5763139724731445
1789038652948076500,42.52207666015625,0.2588319778442383,0.22941160202026367,-0.3562297821044922
1789038652958076700,42.53207666015625,0.2912921905517578,0.33563685417175293,-0.41570281982421875
1789038652968076500,42.54207666015625,0.027248620986938477,0.20633792877197266,-0.5187387466430664
1789038652978076700,42.55207666015625,-0.3888096809387207,0.029147863388061523,-0.8086338043212891
1789038652988076500,42.56207666015625,-0.03297090530395508,-0.0994718074798584,-0.9612770080566406
1789038652998076700,42.57207666015625,0.014796257019042969,-0.11157059669494629,-0.9807233810424805
1789038653008076500,42.58207666015625,0.2155914306640625,0.09110546112060547,-0.9769763946533203
1789038653018076700,42.59207666015625,-0.06958580017089844,0.3510310649871826,-0.9877543449401855
1789038653028076500,42.60207666015625,-0.11588120460510254,0.5263452529907227,-0.4856538772583008
1789038653038076700,42.61207666015625,0.18869709968566895,0.5060245990753174,0.15126800537109375
1789038653048076500,42.62207666015625,0.11522340774536133,0.461345911026001,0.3272867202758789
1789038653058076700,42.63207666015625,-0.365466833114624,0.46736836433410645,0.5068330764770508
1789038653068076500,42.64207666015625,-0.055389404296875,0.49456787109375,0.6452455520629883
1789038653078076700,42.65207666015625,0.32125067710876465,0.5192258358001709,0.9168615341186523
1789038653088076500,42.66207666015625,0.13176512718200684,0.4803159236907959,0.5449085235595703
1789038653098076700,42.67207666015625,-0.22200369834899902,0.5919075012207031,-0.07121086120605469
1789038653108076500,42.68207666015625,-0.713249921798706,0.8482685089111328,-0.3475360870361328
1789038653118076700,42.69207666015625,-0.4414093494415283,0.8234512805938721,-0.777099609375
1789038653128076500,42.70207666015625,-0.38582873344421387,0.8163106441497803,-0.9018640518188477
1789038653138076700,42.71207666015625,-0.40471792221069336,0.6543622016906738,-0.8889579772949219
1789038653148076500,42.72207666015625,-0.28778696060180664,0.4633045196533203,-0.6399822235107422
1789038653158076700,42.73207666015625,-0.20519161224365234,0.28127074241638184,-0.45089149475097656
1789038653168076500,42.74207666015625,-0.26896095275878906,-0.035420894622802734,0.006438255310058594
1789038653178076700,42.75207666015625,-0.3785884380340576,-0.1228489875793457,0.08838462829589844
1789038653188076500,42.76207666015625,-0.5296401977539062,-0.22225475311279297,0.34129810333251953
1789038653198076700,42.77207666015625,-0.9079129695892334,-0.024490833282470703,-0.15226459503173828
1789038653208076500,42.78207666015625,-0.963045597076416,-0.30516910552978516,-0.1576404571533203
1789038653218076700,42.79207666015625,-0.7845275402069092,-0.42981576919555664,-0.4645872116088867
1789038653228076500,42.80207666015625,-0.6748960018157959,-0.7672467231750488,-0.38564395904541016
1789038653238076700,42.81207666015625,-0.8097834587097168,-1.1921839714050293,-0.04016685485839844
1789038653248076500,42.82207666015625,-0.6525150537490845,-1.4331741333007812,0.7019791603088379
1789038653258076700,42.83207666015625,-0.4012686014175415,-1.4033455848693848,0.5380024909973145
1789038653268076500,42.84207666015625,-0.5177415609359741,-1.365767002105713,0.3571901321411133
1789038653278076700,42.85207666015625,-0.2795393466949463,-1.1340937614440918,0.5045218467712402
1789038653288076500,42.86207666015625,0.4062201976776123,-0.9667048454284668,0.9478926658630371
1789038653298076700,42.87207666015625,0.5472991466522217,-0.889641284942627,1.1468663215637207
1789038653308076500,42.88207666015625,-0.06754612922668457,-0.6010770797729492,0.7676825523376465
1789038653318076700,42.89207666015625,-0.4667733907699585,-0.29096221923828125,0.4739823341369629
1789038653328076500,42.90207666015625,-0.5867239236831665,-0.2764263153076172,0.20501470565795898
1789038653338076700,42.91207666015625,-0.47303617000579834,-0.45156288146972656,0.3843708038330078
1789038653348076500,42.92207666015625,0.08543014526367188,-0.5875101089477539,0.7650070190429688
1789038653358076700,42.93207666015625,0.4770909547805786,-0.7160158157348633,1.2327260971069336
1789038653368076500,42.94207666015625,0.5136710405349731,-0.49115800857543945,1.254791259765625
1789038653378076700,42.95207666015625,0.25927042961120605,0.04369544982910156,1.2317981719970703
1789038653388076500,42.96207666015625,-0.0482335090637207,0.5497469902038574,0.7398271560668945
1789038653398076700,42.97207666015625,-0.2741100788116455,0.7310833930969238,0.499692440032959
1789038653408076500,42.98207666015625,-0.05329251289367676,0.5949559211730957,0.5878081321716309
1789038653418076700,42.99207666015625,0.2775089740753174,0.3188047409057617,0.8020110130310059
1789038653428076500,43.00207666015625,0.5112138986587524,-0.042998313903808594,1.0340628623962402
1789038653438076700,43.01207666015625,0.45378029346466064,-0.17164373397827148,0.7868928909301758
1789038653448076500,43.02207666015625,0.09625601768493652,0.0520930290222168,0.06734848022460938
1789038653458076700,43.03207666015625,-0.06177401542663574,-0.006006717681884766,0.3214445114135742
1789038653468076500,43.04207666015625,-0.010710477828979492,-0.11837005615234375,0.3919706344604492
1789038653478076700,43.05207666015625,0.1550201177597046,-0.48778343200683594,0.9165053367614746
1789038653488076500,43.06207666015625,0.15464520454406738,-0.8547887802124023,1.2224278450012207
1789038653498076700,43.07207666015625,-0.10709118843078613,-0.7183160781860352,1.1280765533447266
1789038653508076500,43.08207666015625,-0.3200829029083252,-0.4811973571777344,1.423633098602295
1789038653518076700,43.09207666015625,-0.4202275276184082,-0.22944402694702148,1.3324332237243652
1789038653528076500,43.10207666015625,-0.4198756217956543,0.023563385009765625,0.9412355422973633
1789038653538076700,43.11207666015625,-0.34323954582214355,0.20409154891967773,0.7029509544372559
1789038653548076500,43.12207666015625,-0.16509437561035156,0.33481836318969727,0.33473920822143555
1789038653558076700,43.13207666015625,-0.13312911987304688,0.35867786407470703,0.11481571197509766
1789038653568076500,43.14207666015625,-0.17796564102172852,0.2246232032775879,0.07081174850463867
1789038653578076700,43.15207666015625,-0.15786027908325195,-0.05095386505126953,0.2736201286315918
1789038653588076500,43.16207666015625,-0.06753420829772949,-0.3829345703125,0.5934219360351562
1789038653598076700,43.17207666015625,-0.04577827453613281,-0.6038613319396973,0.6256313323974609
1789038653608076500,43.18207666015625,-0.049320220947265625,-0.6628789901733398,0.6801223754882812
1789038653618076700,43.19207666015625,-0.0458831787109375,-0.584477424621582,0.5416722297668457
1789038653628076500,43.20207666015625,0.06697225570678711,-0.3774571418762207,0.19183826446533203
1789038653638076700,43.21207666015625,0.29955124855041504,-0.1678929328918457,-0.15329408645629883
1789038653648076500,43.22207666015625,0.4755822420120239,0.0941309928894043,-0.5699996948242188
1789038653658076700,43.23207666015625,0.619140625,0.3395843505859375,-0.802523136138916
1789038653668076500,43.24207666015625,0.7697722911834717,0.41214513778686523,-0.8303561210632324
1789038653678076700,43.25207666015625,0.6429383754730225,0.26197242736816406,-0.7179627418518066
1789038653688076500,43.26207666015625,0.4774904251098633,0.049910545349121094,-0.22766447067260742
1789038653698076700,43.27207666015625,0.5211553573608398,-0.15041685104370117,0.1571030616760254
1789038653708076500,43.28207666015625,0.6297774314880371,-0.18988323211669922,0.3704676628112793
1789038653718076700,43.29207666015625,0.5160753726959229,-0.14341163635253906,0.3824195861816406
1789038653728076500,43.30207666015625,0.18877601623535156,0.02317953109741211,0.21634435653686523
1789038653738076700,43.31207666015625,0.03551506996154785,0.0459446907043457,0.03155708312988281
1789038653748076500,43.32207666015625,0.1256122589111328,-0.10537004470825195,-0.12910079956054688
1789038653758076700,43.33207666015625,0.3765639066696167,-0.42539453506469727,-0.0013399124145507812
1789038653768076500,43.34207666015625,0.316509485244751,-0.7844223976135254,0.29033327102661133
1789038653778076700,43.35207666015625,0.18427038192749023,-0.937251091003418,0.600367546081543
1789038653788076500,43.36207666015625,0.07422590255737305,-0.8839964866638184,0.9068880081176758
1789038653798076700,43.37207666015625,0.04994678497314453,-0.7535896301269531,0.8943042755126953
1789038653808076500,43.38207666015625,0.019575119018554688,-0.4782576560974121,0.4054098129272461
1789038653818076700,43.39207666015625,-0.015651464462280273,-0.32836103439331055,0.1934041976928711
1789038653828076500,43.40207666015625,0.17714917659759521,-0.26063013076782227,0.08676910400390625
1789038653838076700,43.41207666015625,0.3424844741821289,-0.3207402229309082,0.20043230056762695
1789038653848076500,43.42207666015625,0.13179898262023926,-0.4702949523925781,0.7247262001037598
1789038653858076700,43.43207666015625,-0.04707455635070801,-0.5787382125854492,0.9740886688232422
1789038653868076500,43.44207666015625,-0.030910968780517578,-0.602839469909668,1.3545103073120117
1789038653878076700,43.45207666015625,0.037003278732299805,-0.639258861541748,1.4504714012145996
1789038653888076500,43.46207666015625,0.37688183784484863,-0.7257685661315918,1.7321281433105469
1789038653898076700,43.47207666015625,0.46659064292907715,-0.8966155052185059,1.7764339447021484
1789038653908076500,43.48207666015625,0.1294240951538086,-1.1407628059387207,1.8233833312988281
1789038653918076700,43.49207666015625,-0.029187440872192383,-1.237637996673584,1.5189619064331055
1789038653928076500,43.50207666015625,-0.27153968811035156,-1.150773525238037,1.144327163696289
1789038653938076700,43.51207666015625,-0.3965327739715576,-1.0238075256347656,0.4269895553588867
1789038653948076500,43.52207666015625,-0.43105149269104004,-0.8672542572021484,0.32100486755371094
1789038653958076700,43.53207666015625,-0.2760140895843506,-0.8199610710144043,0.42435741424560547
1789038653968076500,43.54207666015625,-0.2412877082824707,-0.756861686706543,0.49161624908447266
1789038653978076700,43.55207666015625,0.07405900955200195,-0.6217384338378906,0.538975715637207
1789038653988076500,43.56207666015625,-0.12882161140441895,-0.37422895431518555,0.778935432434082
1789038653998076700,43.57207666015625,0.15604066848754883,-0.25691676139831543,0.4697141647338867
1789038654008076500,43.58207666015625,0.6689879894256592,0.020425796508789062,0.5932655334472656
1789038654018076700,43.59207666015625,0.021756887435913086,0.3099226951599121,0.901005744934082
1789038654028076500,43.60207666015625,0.7028753757476807,0.46904444694519043,0.6231746673583984
1789038654038076700,43.61207666015625,0.29433274269104004,0.37012457847595215,0.20153141021728516
1789038654048076500,43.62207666015625,0.9199068546295166,-0.0387423038482666,-0.6088361740112305
1789038654058076700,43.63207666015625,0.7422540187835693,-0.5296320915222168,-0.4603738784790039
1789038654068076500,43.64207666015625,0.8275480270385742,-0.9296045303344727,-0.7385787963867188
1789038654078076700,43.65207666015625,0.9653444290161133,-0.9588334560394287,-0.5029697418212891
1789038654088076500,43.66207666015625,0.47615504264831543,-0.822110652923584,-1.0545387268066406
1789038654098076700,43.67207666015625,0.4980015754699707,-0.44608592987060547,-1.3450474739074707
1789038654108076500,43.68207666015625,0.7169501781463623,0.08183622360229492,-1.382859230041504
1789038654118076700,43.69207666015625,0.5805206298828125,0.5458145141601562,-1.2968559265136719
1789038654128076500,43.70207666015625,0.23783111572265625,0.6739308834075928,-1.2934141159057617
1789038654138076700,43.71207666015625,0.020444869995117188,0.5972661972045898,-1.9257912635803223
1789038654148076500,43.72207666015625,-0.08109211921691895,0.40718674659729004,-2.09969425201416
1789038654158076700,43.73207666015625,-0.11286211013793945,0.16295385360717773,-1.718879222869873
1789038654168076500,43.74207666015625,0.10906100273132324,0.0005033016204833984,-1.3479290008544922
1789038654178076700,43.75207666015625,0.3948948383331299,-0.0816793441772461,-0.660797119140625
1789038654188076500,43.76207666015625,0.324552059173584,0.0626072883605957,-0.5585060119628906
1789038654198076700,43.77207666015625,0.14486050605773926,0.24790585041046143,-0.8592844009399414
1789038654208076500,43.78207666015625,0.3554544448852539,0.32840824127197266,-1.0503005981445312
1789038654218076700,43.79207666015625,0.808157205581665,0.0823291540145874,-1.4764838218688965
1789038654228076500,43.80207666015625,0.8320822715759277,-0.2537107467651367,-1.3950166702270508
1789038654238076700,43.81207666015625,0.6513829231262207,-0.2717698812484741,-1.4679393768310547
1789038654248076500,43.82207666015625,0.4293041229248047,-0.18732774257659912,-1.6232562065124512
1789038654258076700,43.83207666015625,0.679865837097168,0.07747793197631836,-1.6691045761108398
1789038654268076500,43.84207666015625,0.8782997131347656,0.2401963472366333,-1.6301679611206055
1789038654278076700,43.85207666015625,0.6075961589813232,0.2534303665161133,-1.9198627471923828
1789038654288076500,43.86207666015625,0.16700530052185059,0.122733473777771,-1.8561992645263672
1789038654298076700,43.87207666015625,-0.3186771869659424,-0.09386694431304932,-1.6302366256713867
1789038654308076500,43.88207666015625,-0.4407780170440674,-0.31098878383636475,-1.3792023658752441
1789038654318076700,43.89207666015625,0.12812042236328125,-0.3305603265762329,-1.3291606903076172
1789038654328076500,43.90207666015625,0.7889506816864014,-0.27730488777160645,-1.5421714782714844
1789038654338076700,43.91207666015625,0.9933651685714722,-0.49804484844207764,-1.5311737060546875
1789038654348076500,43.92207666015625,0.6011502742767334,-0.8602941036224365,-1.4251823425292969
1789038654358076700,43.93207666015625,-0.12874341011047363,-0.756993293762207,-1.445387840270996
1789038654368076500,43.94207666015625,-0.2778811454772949,0.28769218921661377,-0.9784746170043945
1789038654378076700,43.95207666015625,0.31112217903137207,1.2663099765777588,-0.5821847915649414
1789038654388076500,43.96207666015625,0.9752622842788696,1.5480637550354004,-0.5290794372558594
1789038654398076700,43.97207666015625,1.3399734497070312,1.291042447090149,-0.6534605026245117
1789038654408076500,43.98207666015625,0.8359651565551758,0.9953770637512207,-0.7363920211791992
1789038654418076700,43.99207666015625,0.4745159149169922,0.6742188930511475,-0.7304258346557617
1789038654428076500,44.00207666015625,-0.35352540016174316,0.2625216245651245,-0.6814842224121094
1789038654438076700,44.01207666015625,-0.28050661087036133,-0.0634911060333252,-0.4152402877807617
1789038654448076500,44.02207666015625,0.09490633010864258,-0.19282817840576172,0.2606534957885742
1789038654458076700,44.03207666015625,0.5434763431549072,-0.07354044914245605,0.43871116638183594
1789038654468076500,44.04207666015625,0.6616570949554443,0.020483970642089844,0.15404033660888672
1789038654478076700,44.05207666015625,1.412950873374939,0.061388254165649414,-0.850611686706543
1789038654488076500,44.06207666015625,-0.18633484840393066,0.055382728576660156,-2.5167980194091797
1789038654498076700,44.07207666015625,-0.4650702476501465,0.41146039962768555,-3.3252782821655273
1789038654508076500,44.08207666015625,0.30605530738830566,0.6136331558227539,-3.28311824798584
1789038654518076700,44.09207666015625,-0.2762935161590576,0.6236116886138916,-2.6702113151550293
1789038654528076500,44.10207666015625,-0.6094660758972168,0.8121073246002197,-1.6669554710388184
1789038654538076700,44.11207666015625,-2.0986337661743164,1.2955708503723145,-0.5862941741943359
1789038654548076500,44.12207666015625,-1.6124842166900635,1.995389461517334,0.7086915969848633
1789038654558076700,44.13207666015625,0.17885982990264893,2.3039350509643555,1.3131351470947266
1789038654568076500,44.14207666015625,-0.7996573448181152,1.782691478729248,0.8351364135742188
1789038654578076700,44.15207666015625,-1.2518165111541748,1.0894255638122559,0.1165618896484375
1789038654588076500,44.16207666015625,-1.4731818437576294,0.043222665786743164,0.1316366195678711
1789038654598076700,44.17207666015625,-0.9717596769332886,-1.125650405883789,0.5872602462768555
1789038654608076500,44.18207666015625,-0.0036748647689819336,-2.2073402404785156,1.1013669967651367
1789038654618076700,44.19207666015625,0.15473270416259766,-3.0016250610351562,1.6583051681518555
1789038654628076500,44.20207666015625,-0.5239893198013306,-2.817884922027588,2.152461051940918
1789038654638076700,44.21207666015625,-1.3177525997161865,-1.915060043334961,2.169693946838379
1789038654648076500,44.22207666015625,-1.5446220636367798,-0.9237112998962402,1.828312873840332
1789038654658076700,44.23207666015625,-1.1454622745513916,0.4554891586303711,0.27805137634277344
1789038654668076500,44.24207666015625,-0.8001092672348022,1.1425211429595947,-0.9287047386169434
1789038654678076700,44.25207666015625,-0.833161473274231,1.4487285614013672,-1.800063133239746
1789038654688076500,44.26207666015625,-0.9524768590927124,1.1732478141784668,-2.5638513565063477
1789038654698076700,44.27207666015625,-0.8155958652496338,0.6584696769714355,-2.345001220703125
1789038654708076500,44.28207666015625,-0.7232900857925415,-0.0008320808410644531,-1.1910691261291504
1789038654718076700,44.29207666015625,-0.6235620975494385,-0.6696968078613281,-0.14657974243164062
1789038654728076500,44.30207666015625,-0.6981632709503174,-1.1221380233764648,0.6083717346191406
1789038654738076700,44.31207666015625,-0.11120474338531494,-1.3833718299865723,1.2376790046691895
1789038654748076500,44.32207666015625,0.007728219032287598,-1.688309669494629,1.6057987213134766
1789038654758076700,44.33207666015625,-0.11990928649902344,-1.8469853401184082,2.1353368759155273
1789038654768076500,44.34207666015625,-0.2694563865661621,-1.9376840591430664,2.579104423522949
1789038654778076700,44.35207666015625,-0.40634214878082275,-1.7021064758300781,2.2654924392700195
1789038654788076500,44.36207666015625,-0.1772249937057495,-1.1087665557861328,1.7260618209838867
1789038654798076700,44.37207666015625,0.11477863788604736,-0.3968329429626465,0.9127826690673828
1789038654808076500,44.38207666015625,0.31169962882995605,0.20664119720458984,0.21407461166381836
1789038654818076700,44.39207666015625,0.2831810712814331,0.6332917213439941,-0.14974594116210938
1789038654828076500,44.40207666015625,0.16982817649841309,0.8521671295166016,-0.025865554809570312
1789038654838076700,44.41207666015625,0.13665175437927246,0.8105459213256836,0.3047313690185547
1789038654848076500,44.42207666015625,0.16709816455841064,0.4072384834289551,0.9376354217529297
1789038654858076700,44.43207666015625,0.1020432710647583,-0.10244083404541016,1.5452170372009277
1789038654868076500,44.44207666015625,-0.13054025173187256,-0.5861620903015137,2.136932373046875
1789038654878076700,44.45207666015625,-0.41511523723602295,-1.1861047744750977,2.9161462783813477
1789038654888076500,44.46207666015625,-0.5538533926010132,-1.5567407608032227,3.207723617553711
1789038654898076700,44.47207666015625,-0.544049859046936,-1.6267242431640625,2.6645359992980957
1789038654908076500,44.48207666015625,-0.589220404624939,-1.5075116157531738,2.1665782928466797
1789038654918076700,44.49207666015625,-0.6553568840026855,-0.8537883758544922,0.6581048965454102
1789038654928076500,44.50207666015625,-0.6246016025543213,-0.3287367820739746,0.18555164337158203
1789038654938076700,44.51207666015625,-0.3585301637649536,-0.0990896224975586,-0.41954708099365234
1789038654948076500,44.52207666015625,-0.038262367248535156,-0.1157999038696289,-0.15506553649902344
1789038654958076700,44.53207666015625,0.3278135061264038,-0.1520552635192871,0.3269505500793457
1789038654968076500,44.54207666015625,0.3727985620498657,0.211029052734375,-0.0918574333190918
1789038654978076700,44.55207666015625,0.26373064517974854,0.48629045486450195,-0.45621442794799805
1789038654988076500,44.56207666015625,0.0007699728012084961,0.8979825973510742,-1.2747135162353516
1789038654998076700,44.57207666015625,-0.1324784755706787,1.096560001373291,-1.710557460784912
1789038655008076500,44.58207666015625,-0.10649073123931885,0.9950904846191406,-1.531571388244629
1789038655018076700,44.59207666015625,0.0374298095703125,0.6204304695129395,-1.1980338096618652
1789038655028076500,44.60207666015625,0.13581252098083496,0.15735340118408203,-0.8411784172058105
1789038655038076700,44.61207666015625,0.0720670223236084,-0.3535475730895996,-0.11408329010009766
1789038655048076500,44.62207666015625,-0.2660977840423584,-0.5100803375244141,0.08612298965454102
1789038655058076700,44.63207666015625,-0.549635648727417,-0.6085305213928223,0.28393983840942383
1789038655068076500,44.64207666015625,-0.7298293113708496,-0.7626814842224121,0.1596689224243164
1789038655078076700,44.65207666015625,-0.7319386005401611,-1.0129852294921875,0.1586165428161621
1789038655088076500,44.66207666015625,-0.6586651802062988,-1.1071157455444336,0.1785273551940918
1789038655098076700,44.67207666015625,-0.5449666976928711,-1.0561957359313965,0.27217578887939453
1789038655108076500,44.68207666015625,-0.2097022533416748,-0.9048609733581543,0.27032899856567383
1789038655118076700,44.69207666015625,-0.11421692371368408,-0.6673445701599121,0.09946584701538086
1789038655128076500,44.70207666015625,-0.07020533084869385,-0.5962820053100586,0.1289653778076172
1789038655138076700,44.71207666015625,-0.1389237642288208,-0.6757254600524902,0.19434309005737305
1789038655148076500,44.72207666015625,-0.11446857452392578,-0.8774452209472656,0.4612312316894531
1789038655158076700,44.73207666015625,-0.012997269630432129,-1.2120189666748047,0.7324376106262207
1789038655168076500,44.74207666015625,0.025624752044677734,-1.7039170265197754,1.377903938293457
1789038655178076700,44.75207666015625,0.04092562198638916,-1.9900007247924805,1.787275791168213
1789038655188076500,44.76207666015625,0.26862919330596924,-1.9282894134521484,1.9434871673583984
1789038655198076700,44.77207666015625,0.5164265632629395,-1.4760360717773438,1.733558177947998
1789038655208076500,44.78207666015625,0.6570755243301392,-0.6943974494934082,1.066431999206543
1789038655218076700,44.79207666015625,0.4541829824447632,0.10942935943603516,0.4877810478210449
1789038655228076500,44.80207666015625,0.2876166105270386,0.7533354759216309,-0.2695159912109375
1789038655238076700,44.81207666015625,0.15799880027770996,1.045240879058838,-0.674199104309082
1789038655248076500,44.82207666015625,0.1447383165359497,0.9807882308959961,-0.44878244400024414
1789038655258076700,44.83207666015625,0.13091063499450684,0.6900629997253418,-0.048378944396972656
1789038655268076500,44.84207666015625,0.1670910120010376,0.31934404373168945,0.566258430480957
1789038655278076700,44.85207666015625,0.007627367973327637,0.03608989715576172,1.0758724212646484
1789038655288076500,44.86207666015625,-0.26298046112060547,-0.08770608901977539,1.4206290245056152
1789038655298076700,44.87207666015625,-0.24019479751586914,0.02081918716430664,0.5329570770263672
1789038655308076500,44.88207666015625,-0.22574734687805176,0.16588497161865234,0.08300495147705078
1789038655318076700,44.89207666015625,-0.0002551078796386719,0.2006525993347168,-0.2804136276245117
1789038655328076500,44.90207666015625,-0.07579660415649414,0.13550519943237305,-0.2893805503845215
1789038655338076700,44.91207666015625,-0.3577275276184082,0.03266572952270508,-0.3231630325317383
1789038655348076500,44.92207666015625,-0.537816047668457,-0.05885887145996094,-0.38500308990478516
1789038655358076700,44.93207666015625,-0.6131715774536133,-0.12369251251220703,-0.3128957748413086
1789038655368076500,44.94207666015625,-0.4019167423248291,-0.35859155654907227,0.37872314453125
1789038655378076700,44.95207666015625,0.13296151161193848,-0.6835613250732422,1.5055246353149414
1789038655388076500,44.96207666015625,0.5497692823410034,-0.8337945938110352,2.3703603744506836
1789038655398076700,44.97207666015625,0.7956969738006592,-0.8002204895019531,2.1070804595947266
1789038655408076500,44.98207666015625,0.24141669273376465,-0.5344915390014648,1.341069221496582
1789038655418076700,44.99207666015625,-0.4131758213043213,-0.29889392852783203,-0.09814071655273438
1789038655428076500,45.00207666015625,-0.18002891540527344,-0.23696422576904297,-0.3922271728515625
1789038655438076700,45.01207666015625,-0.451796293258667,-0.21538615226745605,0.282623291015625
1789038655448076500,45.02207666015625,0.5627350807189941,-0.2205214500427246,0.6934919357299805
1789038655458076700,45.03207666015625,0.9655191898345947,-0.1285696029663086,0.9731807708740234
1789038655468076500,45.04207666015625,0.32080674171447754,0.054025888442993164,0.9459819793701172
1789038655478076700,45.05207666015625,0.5081067085266113,0.15256714820861816,0.002307891845703125
1789038655488076500,45.06207666015625,0.34841036796569824,0.051438331604003906,-0.5130987167358398
1789038655498076700,45.07207666015625,0.37572550773620605,-0.19052624702453613,-0.7528448104858398
1789038655508076500,45.08207666015625,0.6574006080627441,-0.4686605930328369,-0.6875648498535156
1789038655518076700,45.09207666015625,0.5240578651428223,-0.6483826637268066,-1.0429878234863281
1789038655528076500,45.10207666015625,0.80607008934021,-0.6401236057281494,-1.336533546447754
1789038655538076700,45.11207666015625,0.9218082427978516,-0.4260685443878174,-1.258803367614746
1789038655548076500,45.12207666015625,0.8385064601898193,-0.022291183471679688,-1.4684929847717285
1789038655558076700,45.13207666015625,0.464200496673584,0.42540836334228516,-1.7663946151733398
1789038655568076500,45.14207666015625,0.005255699157714844,0.6719194650650024,-2.0140838623046875
1789038655578076700,45.15207666015625,-0.25173401832580566,0.6443710327148438,-1.7642087936401367
1789038655588076500,45.16207666015625,-0.12189555168151855,0.48282790184020996,-1.1882286071777344
1789038655598076700,45.17207666015625,0.49224257469177246,0.3947136402130127,-1.0979251861572266
1789038655608076500,45.18207666015625,0.31754422187805176,0.10009980201721191,-0.6978702545166016
1789038655618076700,45.19207666015625,-0.624567985534668,-0.2631676197052002,-0.2978382110595703
1789038655628076500,45.20207666015625,-0.4830925464630127,-0.45649850368499756,-0.3136873245239258
1789038655638076700,45.21207666015625,0.46242308616638184,-0.5609618425369263,-0.45841217041015625
1789038655648076500,45.22207666015625,0.9390461444854736,-0.4021472930908203,-0.6516027450561523
1789038655658076700,45.23207666015625,0.5750226974487305,0.26092827320098877,-1.3504304885864258
1789038655668076500,45.24207666015625,0.41584253311157227,1.0206139087677002,-2.6770191192626953
1789038655678076700,45.25207666015625,0.9107685089111328,1.2622699737548828,-3.8298215866088867
1789038655688076500,45.26207666015625,1.4900184869766235,0.8953993320465088,-4.311798095703125
1789038655698076700,45.27207666015625,1.146373987197876,0.5824168920516968,-3.22183895111084
1789038655708076500,45.28207666015625,0.15263843536376953,0.25847530364990234,-1.0811448097229004
1789038655718076700,45.29207666015625,-0.5571134090423584,-0.23426854610443115,0.9015493392944336
1789038655728076500,45.30207666015625,0.1455070972442627,-0.8345052003860474,1.545924186706543
1789038655738076700,45.31207666015625,1.3531038761138916,-1.7016408443450928,1.5681381225585938
1789038655748076500,45.32207666015625,1.5046837329864502,-2.512784957885742,2.0046653747558594
1789038655758076700,45.33207666015625,-0.5451946258544922,-2.550361394882202,2.441117286682129
1789038655768076500,45.34207666015625,-1.7885260581970215,-1.8097435235977173,2.445418357849121
1789038655778076700,45.35207666015625,-0.6669681072235107,-0.4347771406173706,0.7651710510253906
1789038655788076500,45.36207666015625,0.45354723930358887,0.8722536563873291,-1.643388271331787
1789038655798076700,45.37207666015625,0.692579984664917,1.797281265258789,-3.0339698791503906
1789038655808076500,45.38207666015625,0.16907787322998047,2.3812692165374756,-3.1399197578430176
1789038655818076700,45.39207666015625,-0.1531670093536377,2.8170604705810547,-2.8468780517578125
1789038655828076500,45.40207666015625,-0.04435873031616211,2.3872547149658203,-1.9833126068115234
1789038655838076700,45.41207666015625,0.046797990798950195,1.1876261234283447,-1.5427436828613281
1789038655848076500,45.42207666015625,0.9130270481109619,-0.07770669460296631,-1.2170391082763672
1789038655858076700,45.43207666015625,1.0930416584014893,-1.252537488937378,-1.0276241302490234
1789038655868076500,45.44207666015625,1.1294907331466675,-2.0292673110961914,-1.564462661743164
1789038655878076700,45.45207666015625,0.667757511138916,-2.1609303951263428,-2.781449794769287
1789038655888076500,45.46207666015625,-0.04135441780090332,-1.6911370754241943,-4.081765174865723
1789038655898076700,45.47207666015625,-0.7194442749023438,-0.7416955232620239,-4.651873588562012
1789038655908076500,45.48207666015625,-1.162019968032837,0.5921814441680908,-2.8305206298828125
1789038655918076700,45.49207666015625,0.19601774215698242,1.7282054424285889,1.3312177658081055
1789038655928076500,45.50207666015625,0.04592537879943848,2.0508809089660645,3.812932014465332
1789038655938076700,45.51207666015625,-0.5966730117797852,1.8523468971252441,3.536515235900879
1789038655948076500,45.52207666015625,-1.5941402912139893,1.531059980392456,3.1255836486816406
1789038655958076700,45.53207666015625,-1.6529879570007324,0.6741213798522949,3.4275264739990234
1789038655968076500,45.54207666015625,0.48814427852630615,-1.438744306564331,2.737027168273926
1789038655978076700,45.55207666015625,0.864990234375,-3.6709301471710205,0.11923885345458984
1789038655988076500,45.56207666015625,-1.0039656162261963,-3.6366355419158936,-2.1719655990600586
1789038655998076700,45.57207666015625,-1.8909509181976318,-1.627342939376831,-4.21829080581665
1789038656008076500,45.58207666015625,-2.292171001434326,0.23908233642578125,-3.8409814834594727
1789038656018076700,45.59207666015625,-1.069403886795044,1.3298224210739136,-2.1374406814575195
1789038656028076500,45.60207666015625,0.6844332218170166,1.9228146076202393,-1.9193415641784668
1789038656038076700,45.61207666015625,0.8141436576843262,2.190683364868164,-2.7347774505615234
1789038656048076500,45.62207666015625,0.20697546005249023,2.657073497772217,-3.872298240661621
1789038656058076700,45.63207666015625,-0.49981939792633057,2.909834384918213,-4.175382614135742
1789038656068076500,45.64207666015625,-0.5272750854492188,2.4127719402313232,-2.982114791870117
1789038656078076700,45.65207666015625,-0.16636931896209717,1.6289596557617188,-2.3112993240356445
1789038656088076500,45.66207666015625,0.31502318382263184,0.6554489135742188,-2.241880416870117
1789038656098076700,45.67207666015625,-0.1618199348449707,-0.2532467842102051,-1.744821548461914
1789038656108076500,45.68207666015625,-0.8821974992752075,-1.4447054862976074,-0.221160888671875
1789038656118076700,45.69207666015625,-0.9942219257354736,-2.674347400665283,1.788614273071289
1789038656128076500,45.70207666015625,-1.2188153266906738,-3.361633777618408,3.3633222579956055
1789038656138076700,45.71207666015625,-1.0758029222488403,-3.4919872283935547,4.310579299926758
1789038656148076500,45.72207666015625,-0.2917966842651367,-3.1232352256774902,4.436593055725098
1789038656158076700,45.73207666015625,1.1114345788955688,-2.4914989471435547,4.014666557312012
1789038656168076500,45.74207666015625,1.002179503440857,-1.8657898902893066,2.703301429748535
1789038656178076700,45.75207666015625,-0.4972950220108032,-0.9447870254516602,0.9353342056274414
1789038656188076500,45.76207666015625,-1.343408226966858,0.09961414337158203,-0.0353856086730957
1789038656198076700,45.77207666015625,-0.47191619873046875,0.7896060943603516,0.12592315673828125
1789038656208076500,45.78207666015625,0.10289227962493896,0.9836640357971191,0.32282543182373047
1789038656218076700,45.79207666015625,-0.6454294919967651,1.0598373413085938,0.4117259979248047
1789038656228076500,45.80207666015625,-1.317228078842163,1.0253005027770996,0.7503118515014648
1789038656238076700,45.81207666015625,-1.2445743083953857,0.6551799774169922,1.2009663581848145
1789038656248076500,45.82207666015625,-0.9506691694259644,0.062389373779296875,1.6136431694030762
1789038656258076700,45.83207666015625,-0.5813442468643188,-0.6913747787475586,2.6324868202209473
1789038656268076500,45.84207666015625,-0.07397949695587158,-1.358142375946045,3.1024274826049805
1789038656278076700,45.85207666015625,0.40198957920074463,-1.8506598472595215,3.688889503479004
1789038656288076500,45.86207666015625,0.45610034465789795,-1.9916682243347168,3.4188661575317383
1789038656298076700,45.87207666015625,0.32756125926971436,-1.7616667747497559,2.7645034790039062
1789038656308076500,45.88207666015625,0.0825355052947998,-1.4912433624267578,2.2342448234558105
1789038656318076700,45.89207666015625,-0.11671555042266846,-0.9879512786865234,1.6659283638000488
1789038656328076500,45.90207666015625,0.03671753406524658,-0.40513181686401367,1.138073444366455
1789038656338076700,45.91207666015625,0.18755602836608887,0.20063209533691406,0.28984642028808594
1789038656348076500,45.92207666015625,0.2791248559951782,0.8147850036621094,-0.42733144760131836
1789038656358076700,45.93207666015625,0.3109632730484009,1.3149933815002441,-1.0846867561340332
1789038656368076500,45.94207666015625,0.47773611545562744,1.4801478385925293,-0.9462490081787109
1789038656378076700,45.95207666015625,0.47180187702178955,1.4909367561340332,-0.7413439750671387
1789038656388076500,45.96207666015625,0.2546144723892212,1.5808978080749512,-0.7136311531066895
1789038656398076700,45.97207666015625,-0.031411051750183105,1.5482749938964844,-0.8800640106201172
1789038656408076500,45.98207666015625,-0.00806283950805664,1.264976978302002,-0.6608591079711914
1789038656418076700,45.99207666015625,0.0028187036514282227,0.7700791358947754,-0.4825320243835449
1789038656428076500,46.00207666015625,0.08125650882720947,0.03718423843383789,0.5727958679199219
1789038656438076700,46.01207666015625,-0.1107795238494873,-0.4323158264160156,0.8622164726257324
1789038656448076500,46.02207666015625,-0.4610309600830078,-0.44445371627807617,0.8954415321350098
1789038656458076700,46.03207666015625,-0.466522216796875,-0.36043834686279297,0.7809557914733887
1789038656468076500,46.04207666015625,-0.33645033836364746,-0.4569249153137207,0.6192154884338379
1789038656478076700,46.05207666015625,-0.3134589195251465,-0.6242170333862305,0.4144110679626465
1789038656488076500,46.06207666015625,-0.2735767364501953,-0.8524537086486816,0.40015077590942383
1789038656498076700,46.07207666015625,-0.21694517135620117,-1.1665306091308594,0.7227644920349121
1789038656508076500,46.08207666015625,-0.11751842498779297,-1.352949619293213,1.344832420349121
1789038656518076700,46.09207666015625,-0.142333984375,-1.170694351196289,1.5115656852722168
1789038656528076500,46.10207666015625,-0.14502382278442383,-0.7708277702331543,1.4012832641601562
1789038656538076700,46.11207666015625,0.1717979907989502,-0.5488076210021973,1.0884881019592285
1789038656548076500,46.12207666015625,0.570575475692749,-0.40447044372558594,0.6987013816833496
1789038656558076700,46.13207666015625,0.9166913032531738,-0.3833589553833008,0.539146900177002
1789038656568076500,46.14207666015625,0.9940316677093506,-0.44301843643188477,0.565955638885498
1789038656578076700,46.15207666015625,0.7012777328491211,-0.3953213691711426,0.7891478538513184
1789038656588076500,46.16207666015625,0.48242080211639404,-0.3630537986755371,0.7300887107849121
1789038656598076700,46.17207666015625,0.33307981491088867,-0.2534503936767578,0.3890419006347656
1789038656608076500,46.18207666015625,0.11635494232177734,-0.22885656356811523,-0.22571945190429688
1789038656618076700,46.19207666015625,0.14337611198425293,-0.34158945083618164,-0.871734619140625
1789038656628076500,46.20207666015625,0.6880662441253662,-0.5288114547729492,-0.8910598754882812
1789038656638076700,46.21207666015625,1.1273930072784424,-0.6971983909606934,-0.8285536766052246
1789038656648076500,46.22207666015625,0.871721625328064,-0.9422831535339355,-0.7942237854003906
1789038656658076700,46.23207666015625,0.2969503402709961,-1.1621980667114258,-0.6443042755126953
1789038656668076500,46.24207666015625,-0.010910272598266602,-1.1777868270874023,-0.23927545547485352
1789038656678076700,46.25207666015625,0.03975367546081543,-1.1491341590881348,0.005745410919189453
1789038656688076500,46.26207666015625,0.5147886276245117,-0.9822249412536621,0.24296045303344727
1789038656698076700,46.27207666015625,0.9062860012054443,-0.8848404884338379,0.5111703872680664
1789038656708076500,46.28207666015625,0.9142658710479736,-0.49878787994384766,0.7302708625793457
1789038656718076700,46.29207666015625,0.4135551452636719,0.09656238555908203,0.9018325805664062
1789038656728076500,46.30207666015625,-0.09533166885375977,0.5511350631713867,0.6313672065734863
1789038656738076700,46.31207666015625,-0.20261693000793457,0.975092887878418,0.19289731979370117
1789038656748076500,46.32207666015625,-0.2221355438232422,1.0498523712158203,0.24862194061279297
1789038656758076700,46.33207666015625,-0.0891416072845459,0.8036751747131348,0.6347379684448242
1789038656768076500,46.34207666015625,-0.092559814453125,0.27747631072998047,1.101851463317871
1789038656778076700,46.35207666015625,0.012217044830322266,-0.2523331642150879,1.659327507019043
1789038656788076500,46.36207666015625,0.2876553535461426,-0.8465147018432617,1.8199701309204102
1789038656798076700,46.37207666015625,0.03476572036743164,-0.9954004287719727,1.8747644424438477
1789038656808076500,46.38207666015625,-0.18590116500854492,-0.8251376152038574,1.4575481414794922
1789038656818076700,46.39207666015625,-0.0331263542175293,-0.4824519157409668,0.727508544921875
1789038656828076500,46.40207666015625,-0.03466391563415527,-0.24327325820922852,0.6096439361572266
1789038656838076700,46.41207666015625,0.06744551658630371,-0.20858168601989746,0.012879371643066406
1789038656848076500,46.42207666015625,0.2438809871673584,-0.556387186050415,-0.014032363891601562
1789038656858076700,46.43207666015625,-0.03879189491271973,-0.7700209617614746,1.1579303741455078
1789038656868076500,46.44207666015625,0.39021992683410645,-0.8348987102508545,1.6741466522216797
1789038656878076700,46.45207666015625,0.48626255989074707,-0.5949468612670898,1.8072175979614258
1789038656888076500,46.46207666015625,0.07238316535949707,0.04779338836669922,1.3345327377319336
1789038656898076700,46.47207666015625,0.7627906799316406,0.5094549655914307,0.5065374374389648
1789038656908076500,46.48207666015625,0.5490279197692871,0.8125181198120117,0.1617269515991211
1789038656918076700,46.49207666015625,0.8077908754348755,0.16335105895996094,0.07607173919677734
1789038656928076500,46.50207666015625,0.4858078956604004,-0.3310964107513428,-0.36158275604248047
1789038656938076700,46.51207666015625,0.6101875305175781,-0.7140481472015381,-0.7967453002929688
1789038656948076500,46.52207666015625,0.3119800090789795,-0.9332382678985596,-1.3020820617675781
1789038656958076700,46.53207666015625,0.5467877388000488,-0.7692263126373291,-1.17626953125
1789038656968076500,46.54207666015625,0.7281503677368164,-0.39739441871643066,-0.6188201904296875
1789038656978076700,46.55207666015625,0.8518998622894287,0.09463334083557129,0.5199480056762695
1789038656988076500,46.56207666015625,0.9284842014312744,0.35303258895874023,1.573307991027832
1789038656998076700,46.57207666015625,0.269620418548584,0.37940216064453125,2.207247734069824
1789038657008076500,46.58207666015625,-0.38985204696655273,0.2701873779296875,1.3779401779174805
1789038657018076700,46.59207666015625,-0.5076043605804443,-0.2288520336151123,0.3265953063964844
1789038657028076500,46.60207666015625,-0.4557008743286133,-1.1374382972717285,-0.5596456527709961
1789038657038076700,46.61207666015625,-0.16105318069458008,-1.7712830305099487,-1.4398765563964844
1789038657048076500,46.62207666015625,0.24047017097473145,-1.9237161874771118,-1.638481616973877
1789038657058076700,46.63207666015625,0.522228479385376,-1.6046583652496338,-1.8187446594238281
1789038657068076500,46.64207666015625,0.6551315784454346,-0.9856395721435547,-1.4495577812194824
1789038657078076700,46.65207666015625,0.6196596622467041,-0.5990595817565918,-1.2573862075805664
1789038657088076500,46.66207666015625,0.621755838394165,-0.21531450748443604,-1.7569513320922852
1789038657098076700,46.67207666015625,0.16858148574829102,0.14715373516082764,-2.260382652282715
1789038657108076500,46.68207666015625,-0.19160103797912598,0.4841233491897583,-3.0465192794799805
1789038657118076700,46.69207666015625,0.27588534355163574,0.6469581127166748,-4.0708112716674805
1789038657128076500,46.70207666015625,0.853569746017456,0.34594058990478516,-4.717949390411377
1789038657138076700,46.71207666015625,1.0441291332244873,-0.11914634704589844,-4.002816200256348
1789038657148076500,46.72207666015625,0.9025866985321045,-0.3384004831314087,-2.455948829650879
1789038657158076700,46.73207666015625,0.08545732498168945,-0.21634650230407715,-0.5159130096435547
1789038657168076500,46.74207666015625,-0.5121004581451416,0.4091872572898865,-0.0725545883178711
1789038657178076700,46.75207666015625,0.09819173812866211,1.0936143398284912,-1.1252593994140625
1789038657188076500,46.76207666015625,0.5558657646179199,0.9846996665000916,-1.9116554260253906
1789038657198076700,46.77207666015625,0.4498302936553955,-0.33998239040374756,-1.3881559371948242
1789038657208076500,46.78207666015625,0.20073413848876953,-1.4063464403152466,-0.9222612380981445
1789038657218076700,46.79207666015625,0.09006381034851074,-1.793847680091858,-0.6352386474609375
1789038657228076500,46.80207666015625,0.03592991828918457,-1.521456003189087,-0.9840259552001953
1789038657238076700,46.81207666015625,0.09955859184265137,-0.7246184349060059,-1.2709236145019531
1789038657248076500,46.82207666015625,0.19320988655090332,0.19908392429351807,-1.385049819946289
1789038657258076700,46.83207666015625,0.56661057472229,0.696933925151825,-1.191788673400879
1789038657268076500,46.84207666015625,0.7355353832244873,0.7774289846420288,-1.332043170928955
1789038657278076700,46.85207666015625,0.5227231979370117,0.7789825201034546,-1.3062934875488281
1789038657288076500,46.86207666015625,0.2348945140838623,0.7656986713409424,-0.4876117706298828
1789038657298076700,46.87207666015625,-0.03162121772766113,0.7210276126861572,0.4208717346191406
1789038657308076500,46.88207666015625,-0.19668960571289062,0.595521092414856,0.8024387359619141
1789038657318076700,46.89207666015625,-0.3004457950592041,0.4767757058143616,0.5443534851074219
1789038657328076500,46.90207666015625,-0.1718456745147705,0.03613567352294922,0.14478206634521484
1789038657338076700,46.91207666015625,-0.21169185638427734,-0.8170340061187744,-0.12930965423583984
1789038657348076500,46.92207666015625,-0.6043896675109863,-1.3718483448028564,-0.45059680938720703
1789038657358076700,46.93207666015625,-0.6292891502380371,-1.53741455078125,-0.27599525451660156
1789038657368076500,46.94207666015625,-0.7798945903778076,-1.307139277458191,-0.5012378692626953
1789038657378076700,46.95207666015625,-0.9222838878631592,-0.696202278137207,-0.5401458740234375
1789038657388076500,46.96207666015625,-0.8228182792663574,-0.10816681385040283,-0.31757354736328125
1789038657398076700,46.97207666015625,-0.4561641216278076,0.3299732208251953,-0.23279571533203125
1789038657408076500,46.98207666015625,-0.30310869216918945,0.4305645227432251,-0.34160900115966797
1789038657418076700,46.99207666015625,-0.07799792289733887,0.367628812789917,-0.5228242874145508
1789038657428076500,47.00207666015625,0.04497981071472168,0.37308716773986816,-1.2100610733032227
1789038657438076700,47.01207666015625,0.059450626373291016,0.5110466480255127,-1.5351357460021973
1789038657448076500,47.02207666015625,-0.08340620994567871,0.570063591003418,-1.6502528190612793
1789038657458076700,47.03207666015625,-0.3931295871734619,0.5494909286499023,-1.5783700942993164
1789038657468076500,47.04207666015625,-0.7598574161529541,0.4077479839324951,-1.592397689819336
1789038657478076700,47.05207666015625,-0.6699209213256836,0.4951188564300537,-1.8601279258728027
1789038657488076500,47.06207666015625,-0.6234798431396484,0.7807908058166504,-1.9961843490600586
1789038657498076700,47.07207666015625,-0.40055036544799805,0.3726162910461426,-1.3031368255615234
1789038657508076500,47.08207666015625,0.05514335632324219,0.03212404251098633,-1.3022513389587402
1789038657518076700,47.09207666015625,0.06022953987121582,-0.4293184280395508,-0.8689279556274414
1789038657528076500,47.10207666015625,-0.356276273727417,-1.1226115226745605,-0.7036752700805664
1789038657538076700,47.11207666015625,-0.87615966796875,-1.33372163772583,-0.44893836975097656
1789038657548076500,47.12207666015625,-0.8737576007843018,-0.9644229412078857,0.11382675170898438
1789038657558076700,47.13207666015625,-0.49282360076904297,-0.6154732704162598,1.2493743896484375
1789038657568076500,47.14207666015625,0.13127219676971436,-0.302980899810791,1.8418989181518555
1789038657578076700,47.15207666015625,0.15978503227233887,-0.06283187866210938,2.215287208557129
1789038657588076500,47.16207666015625,-0.31124210357666016,-0.11951494216918945,1.6722211837768555
1789038657598076700,47.17207666015625,-1.1743247509002686,-0.4150857925415039,1.0438213348388672
1789038657608076500,47.18207666015625,-1.5174920558929443,-0.9154434204101562,0.9818267822265625
1789038657618076700,47.19207666015625,-0.9082627296447754,-1.6221294403076172,1.7098932266235352
1789038657628076500,47.20207666015625,-0.5894474983215332,-2.232517719268799,1.8926200866699219
1789038657638076700,47.21207666015625,-0.185499906539917,-2.0876269340515137,1.3142824172973633
1789038657648076500,47.22207666015625,-0.41387391090393066,-1.8092641830444336,0.4845848083496094
1789038657658076700,47.23207666015625,-0.6244227886199951,-1.522841453552246,0.04363298416137695
1789038657668076500,47.24207666015625,-0.5527186393737793,-1.1109132766723633,-0.07488346099853516
1789038657678076700,47.25207666015625,-0.192094087600708,-0.6148686408996582,-0.027327537536621094
1789038657688076500,47.26207666015625,0.011565923690795898,-0.1874551773071289,0.18174076080322266
1789038657698076700,47.27207666015625,-0.17328429222106934,-0.042792320251464844,0.43222665786743164
1789038657708076500,47.28207666015625,-0.3016979694366455,-0.12014436721801758,1.0160622596740723
1789038657718076700,47.29207666015625,-0.14280390739440918,-0.07912206649780273,0.8841371536254883
1789038657728076500,47.30207666015625,-0.016019344329833984,-0.1352066993713379,1.0424494743347168
1789038657738076700,47.31207666015625,0.06792140007019043,-0.3289361000061035,1.413048267364502
1789038657748076500,47.32207666015625,0.31857943534851074,-0.4952206611633301,1.7353053092956543
1789038657758076700,47.33207666015625,0.4103773832321167,-0.5646910667419434,1.548558235168457
1789038657768076500,47.34207666015625,0.5252647399902344,-0.6475868225097656,1.8224730491638184
1789038657778076700,47.35207666015625,0.48660993576049805,-0.8312649726867676,1.9661502838134766
1789038657788076500,47.36207666015625,0.27506351470947266,-0.694455623626709,1.6618571281433105
1789038657798076700,47.37207666015625,0.2663644552230835,-0.3566169738769531,1.481553077697754
1789038657808076500,47.38207666015625,0.2418515682220459,0.07786273956298828,1.2845640182495117
1789038657818076700,47.39207666015625,0.09789204597473145,0.6178255081176758,0.706324577331543
1789038657828076500,47.40207666015625,0.04461407661437988,0.9220795631408691,0.4673614501953125
1789038657838076700,47.41207666015625,-0.0426023006439209,0.7415852546691895,0.3575444221496582
1789038657848076500,47.42207666015625,-0.045662641525268555,0.4631223678588867,0.5245733261108398
1789038657858076700,47.43207666015625,0.0836324691772461,-0.29631900787353516,1.533484935760498
1789038657868076500,47.44207666015625,0.05592775344848633,-0.818295955657959,1.9009661674499512
1789038657878076700,47.45207666015625,0.07291126251220703,-0.9348950386047363,2.0008978843688965
1789038657888076500,47.46207666015625,0.15052485466003418,-0.6838803291320801,1.8333125114440918
1789038657898076700,47.47207666015625,0.34422779083251953,-0.3351325988769531,1.2053050994873047
1789038657908076500,47.48207666015625,0.7744429111480713,-0.05830574035644531,0.5318069458007812
1789038657918076700,47.49207666015625,0.9682662487030029,0.11618423461914062,-0.24590826034545898
1789038657928076500,47.50207666015625,0.7200914621353149,0.30236053466796875,-1.0768046379089355
1789038657938076700,47.51207666015625,0.569382905960083,0.37438154220581055,-1.610701560974121
1789038657948076500,47.52207666015625,0.6156957149505615,0.2652316093444824,-1.669816017150879
1789038657958076700,47.53207666015625,0.5355288982391357,0.03822135925292969,-1.4336814880371094
1789038657968076500,47.54207666015625,0.5281308889389038,-0.30095863342285156,-1.1785454750061035
1789038657978076700,47.55207666015625,0.5917062759399414,-0.5932044982910156,-1.1841511726379395
1789038657988076500,47.56207666015625,0.679668664932251,-0.8979530334472656,-0.47077274322509766
1789038657998076700,47.57207666015625,0.886303186416626,-1.2982487678527832,0.7349214553833008
1789038658008076500,47.58207666015625,0.8211030960083008,-1.445676326751709,1.2541513442993164
1789038658018076700,47.59207666015625,0.4986083507537842,-1.2473111152648926,1.1331710815429688
1789038658028076500,47.60207666015625,0.332291841506958,-0.9653191566467285,0.8372817039489746
1789038658038076700,47.61207666015625,0.4128009080886841,-0.7266941070556641,0.39444875717163086
1789038658048076500,47.62207666015625,0.4954965114593506,-0.5863056182861328,-0.14735031127929688
1789038658058076700,47.63207666015625,0.5303252935409546,-0.5602865219116211,-0.4408245086669922
1789038658068076500,47.64207666015625,0.44257092475891113,-0.5476899147033691,-0.5151653289794922
1789038658078076700,47.65207666015625,0.43039917945861816,-0.3420238494873047,-0.46795034408569336
1789038658088076500,47.66207666015625,0.4609488248825073,-0.01663351058959961,-0.41439151763916016
1789038658098076700,47.67207666015625,0.3039371967315674,0.4256720542907715,-0.3546609878540039
1789038658108076500,47.68207666015625,0.22405600547790527,0.7942638397216797,-0.34864234924316406
1789038658118076700,47.69207666015625,0.2277383804321289,0.9417152404785156,-0.4428892135620117
1789038658128076500,47.70207666015625,0.382074236869812,0.8319106101989746,-0.5291571617126465
1789038658138076700,47.71207666015625,0.5680088996887207,0.42109060287475586,-0.3721351623535156
1789038658148076500,47.72207666015625,0.44601917266845703,-0.1413564682006836,-0.06257295608520508
1789038658158076700,47.73207666015625,0.2899329662322998,-0.6625576019287109,0.35421228408813477
1789038658168076500,47.74207666015625,0.19758844375610352,-1.209791660308838,0.9769201278686523
1789038658178076700,47.75207666015625,0.22369813919067383,-1.732128620147705,1.519956111907959
1789038658188076500,47.76207666015625,0.46371638774871826,-2.134289264678955,1.9432106018066406
1789038658198076700,47.77207666015625,0.6100648641586304,-2.241774082183838,2.0410232543945312
1789038658208076500,47.78207666015625,0.2633708715438843,-1.9812321662902832,2.1536622047424316
1789038658218076700,47.79207666015625,0.17877411842346191,-1.2946057319641113,1.936882495880127
1789038658228076500,47.80207666015625,0.2561757564544678,-0.5176286697387695,1.3233699798583984
1789038658238076700,47.81207666015625,0.53809654712677,0.10702037811279297,0.7008275985717773
1789038658248076500,47.82207666015625,0.6405141353607178,0.42771291732788086,0.5734806060791016
1789038658258076700,47.83207666015625,0.4950023889541626,0.47381067276000977,0.2655038833618164
1789038658268076500,47.84207666015625,0.19354462623596191,0.25317811965942383,0.2572784423828125
1789038658278076700,47.85207666015625,0.20665240287780762,-0.016610145568847656,0.2956666946411133
1789038658288076500,47.86207666015625,0.4445524215698242,-0.2602705955505371,0.36054229736328125
1789038658298076700,47.87207666015625,0.36214303970336914,-0.5350055694580078,-0.07920360565185547
1789038658308076500,47.88207666015625,0.2873523235321045,-0.8077354431152344,-0.5093183517456055
1789038658318076700,47.89207666015625,-0.027256011962890625,-1.105229377746582,-0.8649711608886719
1789038658328076500,47.90207666015625,-0.009615421295166016,-1.2177095413208008,-0.575993537902832
1789038658338076700,47.91207666015625,0.06775283813476562,-1.2780518531799316,-0.15708065032958984
1789038658348076500,47.92207666015625,0.485745906829834,-1.056528091430664,0.29532814025878906
1789038658358076700,47.93207666015625,0.5887100696563721,-0.5435104370117188,0.6412858963012695
1789038658368076500,47.94207666015625,0.5728647708892822,0.08802604675292969,0.3905954360961914
1789038658378076700,47.95207666015625,0.5688512325286865,0.40228819847106934,0.01634979248046875
1789038658388076500,47.96207666015625,0.8164494037628174,0.6125845909118652,0.37106990814208984
1789038658398076700,47.97207666015625,0.4647963047027588,0.4105110168457031,0.6650495529174805
1789038658408076500,47.98207666015625,0.7251636981964111,0.008401870727539062,0.3360147476196289
1789038658418076700,47.99207666015625,0.5050044059753418,-0.39336156845092773,0.5830116271972656
1789038658428076500,48.00207666015625,0.005129575729370117,-0.7991659641265869,0.41075801849365234
1789038658438076700,48.01207666015625,0.19042491912841797,-0.9820761680603027,0.10755443572998047
1789038658448076500,48.02207666015625,-0.11031746864318848,-1.0821483135223389,0.37446022033691406
1789038658458076700,48.03207666015625,0.3181478977203369,-1.1498026847839355,0.679499626159668
1789038658468076500,48.04207666015625,0.25784897804260254,-0.8922076225280762,0.6937894821166992
1789038658478076700,48.05207666015625,0.5526025295257568,-0.5220930576324463,0.4610414505004883
1789038658488076500,48.06207666015625,0.3617703914642334,-0.18938779830932617,-0.34534168243408203
1789038658498076700,48.07207666015625,0.5161886215209961,0.11794304847717285,-1.5375566482543945
1789038658508076500,48.08207666015625,0.3807499408721924,-0.07815909385681152,-2.0864882469177246
1789038658518076700,48.09207666015625,0.14378118515014648,-0.3492403030395508,-1.8994388580322266
1789038658528076500,48.10207666015625,-0.06595396995544434,-0.4567067623138428,-1.677236557006836
1789038658538076700,48.11207666015625,-0.08651924133300781,-0.5572116374969482,-1.5128507614135742
1789038658548076500,48.12207666015625,0.11478185653686523,-0.6041650772094727,-1.120915412902832
1789038658558076700,48.13207666015625,0.150376558303833,-0.3347069025039673,-0.5428094863891602
1789038658568076500,48.14207666015625,-0.0063686370849609375,-0.17067062854766846,0.41095638275146484
1789038658578076700,48.15207666015625,-0.20532917976379395,-0.3184776306152344,1.173295021057129
1789038658588076500,48.16207666015625,-0.31238436698913574,-0.970291256904602,1.7496232986450195
1789038658598076700,48.17207666015625,-0.0691077709197998,-1.8461816310882568,0.7407855987548828
1789038658608076500,48.18207666015625,0.5436422824859619,-2.1305623054504395,-0.8136463165283203
1789038658618076700,48.19207666015625,1.2695443630218506,-1.534610629081726,-2.249892234802246
1789038658628076500,48.20207666015625,1.9951450824737549,-0.5853140354156494,-3.739546298980713
1789038658638076700,48.21207666015625,1.9767400026321411,0.31794285774230957,-4.730155944824219
1789038658648076500,48.22207666015625,1.2111475467681885,0.7149719595909119,-4.83329963684082
1789038658658076700,48.23207666015625,0.9499990940093994,1.0790061950683594,-4.711546421051025
1789038658668076500,48.24207666015625,0.9121191501617432,1.4807478189468384,-4.574650764465332
1789038658678076700,48.25207666015625,0.24927139282226562,1.5779109001159668,-4.042702674865723
1789038658688076500,48.26207666015625,-0.12812423706054688,1.5551844835281372,-2.384161949157715
1789038658698076700,48.27207666015625,0.14394378662109375,1.0707072019577026,-0.7027950286865234
1789038658708076500,48.28207666015625,0.5548183917999268,0.6063181161880493,0.07564926147460938
1789038658718076700,48.29207666015625,0.5957047939300537,0.11715519428253174,0.3820209503173828
1789038658728076500,48.30207666015625,0.20441412925720215,-0.5131957530975342,0.7459306716918945
1789038658738076700,48.31207666015625,-0.41015052795410156,-1.68044114112854,1.1184206008911133
1789038658748076500,48.32207666015625,-0.8430712223052979,-2.4369664192199707,0.8779478073120117
1789038658758076700,48.33207666015625,-0.8143439292907715,-1.953131914138794,0.10848617553710938
1789038658768076500,48.34207666015625,-0.49987173080444336,-0.9444190859794617,-0.7418661117553711
1789038658778076700,48.35207666015625,-0.19398760795593262,-0.11900758743286133,-1.0031557083129883
1789038658788076500,48.36207666015625,0.014978885650634766,0.553482711315155,-0.9352989196777344
1789038658798076700,48.37207666015625,0.24879860877990723,1.0077852010726929,-0.6285734176635742
1789038658808076500,48.38207666015625,0.2889409065246582,1.0163359642028809,-0.2898073196411133
1789038658818076700,48.39207666015625,0.21876311302185059,0.7498607635498047,-0.32581615447998047
1789038658828076500,48.40207666015625,0.11825394630432129,0.40551692247390747,-0.40218639373779297
1789038658838076700,48.41207666015625,0.10177373886108398,0.0565185546875,-0.40137577056884766
1789038658848076500,48.42207666015625,-0.18201208114624023,-0.28854048252105713,-0.4537992477416992
1789038658858076700,48.43207666015625,-0.09383964538574219,-0.3858175277709961,-0.3911285400390625
1789038658868076500,48.44207666015625,-0.05356764793395996,-0.4634413719177246,-0.4527597427368164
1789038658878076700,48.45207666015625,-0.2066946029663086,-0.5804773569107056,-0.8919563293457031
1789038658888076500,48.46207666015625,-0.4868299961090088,-0.7727028131484985,-1.1456613540649414
1789038658898076700,48.47207666015625,-0.6740670204162598,-0.8428058624267578,-0.8576774597167969
1789038658908076500,48.48207666015625,-0.13577747344970703,-0.7183376550674438,-0.4076366424560547
1789038658918076700,48.49207666015625,0.11584901809692383,-0.5433273315429688,-0.3784198760986328
1789038658928076500,48.50207666015625,-0.03634071350097656,-0.2858145236968994,-0.4933328628540039
1789038658938076700,48.51207666015625,-0.08635926246643066,-0.008774161338806152,-0.38202953338623047
1789038658948076500,48.52207666015625,-0.2770273685455322,0.21077251434326172,-0.5244312286376953
1789038658958076700,48.53207666015625,-0.6124973297119141,0.4906078577041626,-0.8347873687744141
1789038658968076500,48.54207666015625,-0.5476174354553223,0.6260440349578857,-1.0801687240600586
1789038658978076700,48.55207666015625,-0.6061711311340332,0.5334479808807373,-1.2365436553955078
1789038658988076500,48.56207666015625,-0.8741672039031982,0.41169750690460205,-1.8686676025390625
1789038658998076700,48.57207666015625,-0.8528146743774414,0.23988962173461914,-1.7265653610229492
1789038659008076500,48.58207666015625,-0.8708102703094482,0.0007412433624267578,-1.213766098022461
1789038659018076700,48.59207666015625,-1.0700323581695557,-0.0981760025024414,-0.6167774200439453
1789038659028076500,48.60207666015625,-0.8646347522735596,-0.15223431587219238,-0.23944091796875
1789038659038076700,48.61207666015625,-0.6342847347259521,-0.28894972801208496,0.1634693145751953
1789038659048076500,48.62207666015625,-0.4998738765716553,-0.5864520072937012,0.7764949798583984
1789038659058076700,48.63207666015625,-0.6755802631378174,-0.8633315563201904,0.7708530426025391
1789038659068076500,48.64207666015625,-0.7673592567443848,-0.9998857975006104,0.5358877182006836
1789038659078076700,48.65207666015625,-0.7440862655639648,-0.976970911026001,0.3778219223022461
1789038659088076500,48.66207666015625,-0.7349915504455566,-0.7861754894256592,-0.05219745635986328
1789038659098076700,48.67207666015625,-0.7034282684326172,-0.5127096176147461,-0.33693599700927734
1789038659108076500,48.68207666015625,-0.8553659915924072,-0.15633344650268555,-0.743739128112793
1789038659118076700,48.69207666015625,-0.9138844013214111,0.1768200397491455,-0.906036376953125
1789038659128076500,48.70207666015625,-0.6876649856567383,0.4255809783935547,-0.7730646133422852
1789038659138076700,48.71207666015625,-0.39498305320739746,0.5976309776306152,-0.7872943878173828
1789038659148076500,48.72207666015625,-0.09028816223144531,0.5638248920440674,-0.32668495178222656
1789038659158076700,48.73207666015625,-0.2066354751586914,0.5219972133636475,-0.2459545135498047
1789038659168076500,48.74207666015625,-0.38410520553588867,0.3405578136444092,-0.009882926940917969
1789038659178076700,48.75207666015625,-0.21019864082336426,0.3191652297973633,0.06868362426757812
1789038659188076500,48.76207666015625,0.15068793296813965,-0.010389328002929688,0.46100616455078125
1789038659198076700,48.77207666015625,0.3743577003479004,-0.2381751537322998,0.7397994995117188
1789038659208076500,48.78207666015625,0.3619499206542969,-0.28743910789489746,0.813664436340332
1789038659218076700,48.79207666015625,0.11033773422241211,-0.04412412643432617,0.4984865188598633
1789038659228076500,48.80207666015625,-0.22302651405334473,0.40175676345825195,-0.09031963348388672
1789038659238076700,48.81207666015625,-0.23701238632202148,0.6333746910095215,-0.2466440200805664
1789038659248076500,48.82207666015625,-0.3064455986022949,0.7967700958251953,-0.1880340576171875
1789038659258076700,48.83207666015625,-0.16162443161010742,0.9069278240203857,-0.2688560485839844
1789038659268076500,48.84207666015625,-0.11266636848449707,0.9201736450195312,-0.055733680725097656
1789038659278076700,48.85207666015625,-0.05326533317565918,0.7747857570648193,0.11794281005859375
1789038659288076500,48.86207666015625,0.1991279125213623,0.5528974533081055,0.7884321212768555
1789038659298076700,48.87207666015625,0.44626951217651367,0.25195980072021484,1.165236473083496
1789038659308076500,48.88207666015625,0.12541723251342773,0.030938148498535156,1.4985322952270508
1789038659318076700,48.89207666015625,0.2329164743423462,0.17061614990234375,1.5005874633789062
1789038659328076500,48.90207666015625,0.41805481910705566,0.4310946464538574,1.1903495788574219
1789038659338076700,48.91207666015625,-0.050776004791259766,0.5265522003173828,1.1294775009155273
1789038659348076500,48.92207666015625,-0.2580143213272095,0.4116368293762207,0.9188113212585449
1789038659358076700,48.93207666015625,-0.14746832847595215,0.09422159194946289,0.7825984954833984
1789038659368076500,48.94207666015625,0.07617354393005371,-0.2313857078552246,0.8290877342224121
1789038659378076700,48.95207666015625,0.14156603813171387,-0.5003509521484375,0.9581761360168457
1789038659388076500,48.96207666015625,0.06385684013366699,-0.5852737426757812,1.0245027542114258
1789038659398076700,48.97207666015625,-0.026533842086791992,-0.4585151672363281,0.7976531982421875
1789038659408076500,48.98207666015625,-0.012089967727661133,-0.3268461227416992,0.5049471855163574
1789038659418076700,48.99207666015625,0.2706362009048462,-0.1363525390625,0.15300273895263672
1789038659428076500,49.00207666015625,0.5578511953353882,-0.05596303939819336,0.13973474502563477
1789038659438076700,49.01207666015625,0.5929803848266602,0.039508819580078125,0.20572423934936523
1789038659448076500,49.02207666015625,0.6101051568984985,-0.03109264373779297,0.5230307579040527
1789038659458076700,49.03207666015625,0.5646520853042603,-0.12139225006103516,0.7555022239685059
1789038659468076500,49.04207666015625,0.3966023921966553,-0.16325044631958008,0.9155716896057129
1789038659478076700,49.05207666015625,0.35577332973480225,-0.28284502029418945,1.3326611518859863
1789038659488076500,49.06207666015625,0.16078031063079834,-0.262784481048584,1.1999335289001465
1789038659498076700,49.07207666015625,0.07360577583312988,-0.39845848083496094,1.0625
1789038659508076500,49.08207666015625,-0.05631422996520996,-0.5141615867614746,0.8419194221496582
1789038659518076700,49.09207666015625,-0.22262024879455566,-0.6977081298828125,0.700437068939209
1789038659528076500,49.10207666015625,-0.1489427089691162,-0.902287483215332,1.245595932006836
1789038659538076700,49.11207666015625,-0.08157920837402344,-0.9875645637512207,1.6422638893127441
1789038659548076500,49.12207666015625,0.041716575622558594,-0.9267659187316895,1.6209373474121094
1789038659558076700,49.13207666015625,0.02431774139404297,-0.3536076545715332,0.6822266578674316
1789038659568076500,49.14207666015625,0.08638381958007812,0.02606678009033203,0.2837209701538086
1789038659578076700,49.15207666015625,0.2999763488769531,0.2637619972229004,-0.38498353958129883
1789038659588076500,49.16207666015625,0.4862210750579834,0.6507024765014648,-1.34592866897583
1789038659598076700,49.17207666015625,0.7823660373687744,0.6841263771057129,-1.1069931983947754
1789038659608076500,49.18207666015625,0.9621143341064453,0.5929617881774902,-1.1522269248962402
1789038659618076700,49.19207666015625,0.8396532535552979,0.2821197509765625,-0.4681434631347656
1789038659628076500,49.20207666015625,0.6592662334442139,-0.07668161392211914,-0.30107736587524414
1789038659638076700,49.21207666015625,0.4810466766357422,-0.45072317123413086,0.17139911651611328
1789038659648076500,49.22207666015625,0.2850748300552368,-0.9149560928344727,0.2901325225830078
1789038659658076700,49.23207666015625,0.03487396240234375,-1.1854009628295898,0.11701393127441406
1789038659668076500,49.24207666015625,-0.15387392044067383,-1.5187602043151855,0.6277875900268555
1789038659678076700,49.25207666015625,-0.34227442741394043,-1.4976911544799805,0.5503253936767578
1789038659688076500,49.26207666015625,-0.4225742816925049,-1.2525196075439453,0.758033275604248
1789038659698076700,49.27207666015625,-0.346346378326416,-1.0158028602600098,1.4027466773986816
1789038659708076500,49.28207666015625,-0.25066471099853516,-0.5491352081298828,1.0857443809509277
1789038659718076700,49.29207666015625,-0.1373748779296875,0.09713554382324219,0.6099853515625
1789038659728076500,49.30207666015625,0.04159736633300781,0.5293426513671875,0.24625825881958008
1789038659738076700,49.31207666015625,0.228515625,0.6676125526428223,-0.04593467712402344
1789038659748076500,49.32207666015625,0.3617582321166992,0.5993328094482422,-0.25655555725097656
1789038659758076700,49.33207666015625,0.5245271921157837,0.42862749099731445,-0.3388338088989258
1789038659768076500,49.34207666015625,0.7035822868347168,0.19161605834960938,-0.305267333984375
1789038659778076700,49.35207666015625,0.7115962505340576,0.0604090690612793,-0.34824419021606445
1789038659788076500,49.36207666015625,0.6225919723510742,0.03721332550048828,-0.5066790580749512
1789038659798076700,49.37207666015625,0.5539610385894775,0.10797977447509766,-0.7278594970703125
1789038659808076500,49.38207666015625,0.5825982093811035,0.16214275360107422,-0.7786493301391602
1789038659818076700,49.39207666015625,0.5943582057952881,0.11632251739501953,-0.7365555763244629
1789038659828076500,49.40207666015625,0.5238200426101685,0.007812023162841797,-0.6058897972106934
1789038659838076700,49.41207666015625,0.49715960025787354,-0.13310670852661133,-0.45413827896118164
1789038659848076500,49.42207666015625,0.49059367179870605,-0.3514833450317383,-0.1847071647644043
1789038659858076700,49.43207666015625,0.1494889259338379,-0.43982791900634766,-0.2737760543823242
1789038659868076500,49.44207666015625,-0.0021605491638183594,-0.5318822860717773,-0.3522639274597168
1789038659878076700,49.45207666015625,0.1225898265838623,-0.6788020133972168,-0.36025285720825195
1789038659888076500,49.46207666015625,0.19891536235809326,-0.8238487243652344,-0.26602983474731445
1789038659898076700,49.47207666015625,0.16751360893249512,-0.9582376480102539,-0.23282527923583984
1789038659908076500,49.48207666015625,0.020674705505371094,-1.025289535522461,0.0039958953857421875
1789038659918076700,49.49207666015625,-0.07514357566833496,-0.9858098030090332,0.2694821357727051
1789038659928076500,49.50207666015625,-0.28238213062286377,-0.9275789260864258,0.32762718200683594
1789038659938076700,49.51207666015625,-0.25835978984832764,-0.8432283401489258,0.5985078811645508
1789038659948076500,49.52207666015625,-0.059387803077697754,-0.8286056518554688,0.8098092079162598
1789038659958076700,49.53207666015625,0.07730734348297119,-0.8007984161376953,0.8261394500732422
1789038659968076500,49.54207666015625,0.11796808242797852,-0.7366366386413574,0.9276537895202637
1789038659978076700,49.55207666015625,0.13219404220581055,-0.7910661697387695,1.0416831970214844
1789038659988076500,49.56207666015625,0.09111034870147705,-0.7324252128601074,1.0558266639709473
1789038659998076700,49.57207666015625,0.24741721153259277,-0.6813497543334961,1.2257094383239746
1789038660008076500,49.58207666015625,0.24212586879730225,-0.6163125038146973,1.131157398223877
1789038660018076700,49.59207666015625,0.031774282455444336,-0.5326485633850098,0.9907665252685547
1789038660028076500,49.60207666015625,-0.23419594764709473,-0.33401012420654297,0.45343589782714844
1789038660038076700,49.61207666015625,-0.1436694860458374,-0.09330940246582031,0.1742572784423828
1789038660048076500,49.62207666015625,-0.09536004066467285,-0.05450439453125,0.20464038848876953
1789038660058076700,49.63207666015625,-0.03230118751525879,-0.014421463012695312,-0.0120697021484375
1789038660068076500,49.64207666015625,-0.04859602451324463,0.08489751815795898,0.302276611328125
1789038660078076700,49.65207666015625,0.15031743049621582,0.23555231094360352,-0.0776529312133789
1789038660088076500,49.66207666015625,0.19491112232208252,0.2998485565185547,-0.14816570281982422
1789038660098076700,49.67207666015625,0.10572731494903564,0.39691877365112305,-0.28228092193603516
1789038660108076500,49.68207666015625,-0.19917380809783936,0.35045862197875977,-0.2957448959350586
1789038660118076700,49.69207666015625,-0.6308373212814331,0.30301570892333984,-0.07001876831054688
1789038660128076500,49.70207666015625,-0.6745126247406006,0.23154830932617188,0.008061408996582031
1789038660138076700,49.71207666015625,-0.43329954147338867,0.16450214385986328,0.23627471923828125
1789038660148076500,49.72207666015625,-0.16114592552185059,0.21571636199951172,-0.034010887145996094
1789038660158076700,49.73207666015625,-0.13218355178833008,0.09518766403198242,0.3911294937133789
1789038660168076500,49.74207666015625,0.2615772485733032,-0.0982828140258789,0.6869220733642578
1789038660178076700,49.75207666015625,-0.08574843406677246,-0.20005106925964355,1.2409553527832031
1789038660188076500,49.76207666015625,0.06965982913970947,-0.27697086334228516,0.9905014038085938
1789038660198076700,49.77207666015625,-0.08586001396179199,-0.20217108726501465,0.7733039855957031
1789038660208076500,49.78207666015625,-0.3771073818206787,0.06450986862182617,0.6044397354125977
1789038660218076700,49.79207666015625,-0.5469467639923096,0.20216703414916992,0.4214611053466797
1789038660228076500,49.80207666015625,-0.533527135848999,0.18691468238830566,0.826756477355957
1789038660238076700,49.81207666015625,-0.2668578624725342,0.3273184299468994,0.9031610488891602
1789038660248076500,49.82207666015625,-0.3030827045440674,0.0014369487762451172,0.9290494918823242
1789038660258076700,49.83207666015625,0.12065339088439941,-0.06569647789001465,0.9281644821166992
1789038660268076500,49.84207666015625,-0.03923654556274414,-0.002287149429321289,0.3471670150756836
1789038660278076700,49.85207666015625,0.15170025825500488,0.3099954128265381,-0.6264629364013672
1789038660288076500,49.86207666015625,-0.16337323188781738,0.4016098976135254,-1.2743797302246094
1789038660298076700,49.87207666015625,-0.1848440170288086,0.27361559867858887,-1.4993295669555664
1789038660308076500,49.88207666015625,-0.18316149711608887,0.11717796325683594,-1.3269619941711426
1789038660318076700,49.89207666015625,-0.2118680477142334,-0.04055166244506836,-0.8260278701782227
1789038660328076500,49.90207666015625,0.011001348495483398,-0.22570395469665527,-0.2477264404296875
1789038660338076700,49.91207666015625,0.35872459411621094,-0.33508849143981934,0.2735862731933594
1789038660348076500,49.92207666015625,0.3211026191711426,-0.3586544990539551,0.45789432525634766
1789038660358076700,49.93207666015625,0.023849964141845703,-0.3212697505950928,-0.005599021911621094
1789038660368076500,49.94207666015625,-0.3255314826965332,-0.24506843090057373,-0.8547658920288086
1789038660378076700,49.95207666015625,-0.18118762969970703,-0.2943841218948364,-1.1851797103881836
1789038660388076500,49.96207666015625,0.34236931800842285,-0.3198673725128174,-1.124094009399414
1789038660398076700,49.97207666015625,0.7008373737335205,-0.23142290115356445,-0.7898159027099609
1789038660408076500,49.98207666015625,0.5057904720306396,-0.06847250461578369,-0.5020055770874023
1789038660418076700,49.99207666015625,0.09988284111022949,0.01874399185180664,-0.4713716506958008
1789038660428076500,50.00207666015625,0.1471242904663086,-0.02993488311767578,-0.6516275405883789
1789038660438076700,50.01207666015625,0.3710291385650635,-0.27773308753967285,-0.7814254760742188
1789038660448076500,50.02207666015625,0.2002696990966797,-0.5855664014816284,-1.0128793716430664
1789038660458076700,50.03207666015625,0.26816344261169434,-0.5822018384933472,-0.9741554260253906
1789038660468076500,50.04207666015625,0.46135640144348145,-0.2797902822494507,-1.095137596130371
1789038660478076700,50.05207666015625,0.3596808910369873,-0.030413508415222168,-1.045511245727539
1789038660488076500,50.06207666015625,0.09428215026855469,0.19750624895095825,-0.6769628524780273
1789038660498076700,50.07207666015625,-0.3986806869506836,0.22089624404907227,-0.4411602020263672
1789038660508076500,50.08207666015625,-0.35600805282592773,0.048433005809783936,-0.8065814971923828
1789038660518076700,50.09207666015625,0.19086098670959473,-0.3724759817123413,-1.267904281616211
1789038660528076500,50.10207666015625,0.5887861251831055,-0.8301370143890381,-1.3739728927612305
1789038660538076700,50.11207666015625,0.2089388370513916,-0.8619753122329712,-1.451066017150879
1789038660548076500,50.12207666015625,-0.3362271785736084,-0.6094146370887756,-1.3164448738098145
1789038660558076700,50.13207666015625,-0.33596372604370117,-0.13696104288101196,-0.8701438903808594
1789038660568076500,50.14207666015625,-0.17804789543151855,0.3841955065727234,-0.6952934265136719
1789038660578076700,50.15207666015625,0.13560009002685547,0.6874921321868896,-0.39737701416015625
1789038660588076500,50.16207666015625,0.3496267795562744,0.6297959089279175,-0.5382871627807617
1789038660598076700,50.17207666015625,-0.14977526664733887,0.1841629147529602,-0.36184120178222656
1789038660608076500,50.18207666015625,-0.09826278686523438,-0.03317558765411377,-0.7627182006835938
1789038660618076700,50.19207666015625,0.1449882984161377,-0.13292402029037476,-1.2662177085876465
1789038660628076500,50.20207666015625,0.024732589721679688,-0.07963061332702637,-1.605574607849121
1789038660638076700,50.21207666015625,-0.13274216651916504,0.15281468629837036,-1.5200576782226562
1789038660648076500,50.22207666015625,-0.1184701919555664,0.4322357773780823,-1.4063596725463867
1789038660658076700,50.23207666015625,-0.06727099418640137,0.6565117835998535,-1.5435295104980469
1789038660668076500,50.24207666015625,-0.06868839263916016,0.5740728378295898,-1.166849136352539
1789038660678076700,50.25207666015625,-0.08655452728271484,0.38330894708633423,-0.6772994995117188
1789038660688076500,50.26207666015625,0.22572684288024902,0.25047844648361206,-0.4576292037963867
1789038660698076700,50.27207666015625,0.2961146831512451,0.04953283071517944,-0.40020275115966797
1789038660708076500,50.28207666015625,0.28060078620910645,-0.24187982082366943,-0.5386419296264648
1789038660718076700,50.29207666015625,-0.259540319442749,-0.4230613708496094,-0.542536735534668
1789038660728076500,50.30207666015625,-0.2586078643798828,-0.4897681474685669,-0.5069150924682617
1789038660738076700,50.31207666015625,-0.4219090938568115,-0.34635770320892334,-0.3251352310180664
1789038660748076500,50.32207666015625,-0.36788249015808105,0.003460407257080078,-0.38393402099609375
1789038660758076700,50.33207666015625,-0.17359352111816406,0.28684258460998535,-0.29675865173339844
1789038660768076500,50.34207666015625,-0.2818140983581543,0.5626668930053711,-0.055245399475097656
1789038660778076700,50.35207666015625,-0.28237128257751465,0.7243409156799316,0.049910545349121094
1789038660788076500,50.36207666015625,0.08462882041931152,0.6281489729881287,0.0876302719116211
1789038660798076700,50.37207666015625,-0.26523590087890625,0.24411284923553467,-0.15767860412597656
1789038660808076500,50.38207666015625,-0.20801830291748047,-0.1510370969772339,-0.20174312591552734
1789038660818076700,50.39207666015625,0.04284930229187012,-0.37748289108276367,-0.24216079711914062
1789038660828076500,50.40207666015625,-0.21085667610168457,-0.42110157012939453,-0.41005706787109375
1789038660838076700,50.41207666015625,-0.21145176887512207,-0.1358959674835205,-0.7720098495483398
1789038660848076500,50.42207666015625,0.07018089294433594,0.27175796031951904,-0.7319803237915039
1789038660858076700,50.43207666015625,0.07987380027770996,0.4711836576461792,-0.6178207397460938
1789038660868076500,50.44207666015625,0.16882991790771484,0.324623703956604,-0.504511833190918
1789038660878076700,50.45207666015625,-0.09890913963317871,0.17792272567749023,-0.3690061569213867
1789038660888076500,50.46207666015625,-0.05078530311584473,0.15211105346679688,-0.2507314682006836
1789038660898076700,50.47207666015625,-0.36373209953308105,0.10871922969818115,-0.3187370300292969
1789038660908076500,50.48207666015625,-0.9398565292358398,0.35422539710998535,-0.7278070449829102
1789038660918076700,50.49207666015625,-0.4461507797241211,0.5557403564453125,-0.6342754364013672
1789038660928076500,50.50207666015625,-0.16944432258605957,0.5306987762451172,-0.4146890640258789
1789038660938076700,50.51207666015625,-0.11744821071624756,0.3411870002746582,-0.5823726654052734
1789038660948076500,50.52207666015625,-0.34882891178131104,0.1705021858215332,-0.5075750350952148
1789038660958076700,50.53207666015625,-0.30984973907470703,0.18967556953430176,-0.8394451141357422
1789038660968076500,50.54207666015625,-0.2946758270263672,0.3275766372680664,-0.9531736373901367
1789038660978076700,50.55207666015625,-0.08723986148834229,0.3974614143371582,-0.9615917205810547
1789038660988076500,50.56207666015625,-0.09133708477020264,0.4242987632751465,-0.9392852783203125
1789038660998076700,50.57207666015625,-0.191062331199646,0.41788363456726074,-0.6096649169921875
1789038661008076500,50.58207666015625,-0.19552814960479736,0.3854854106903076,-0.34072017669677734
1789038661018076700,50.59207666015625,-0.03398406505584717,0.34502339363098145,0.11808109283447266
1789038661028076500,50.60207666015625,0.0010532140731811523,0.2915527820587158,0.18028926849365234
1789038661038076700,50.61207666015625,-0.014321088790893555,0.2316298484802246,0.35855674743652344
1789038661048076500,50.62207666015625,-0.25519073009490967,0.20978283882141113,0.6064023971557617
1789038661058076700,50.63207666015625,0.007120370864868164,0.11871027946472168,1.1861324310302734
1789038661068076500,50.64207666015625,-0.08171069622039795,0.01763772964477539,1.2309455871582031
1789038661078076700,50.65207666015625,-0.6002063751220703,0.026804208755493164,0.7814645767211914
1789038661088076500,50.66207666015625,-0.5790685415267944,0.004117488861083984,0.7776470184326172
1789038661098076700,50.67207666015625,-0.298037052154541,-0.11118555068969727,0.6415185928344727
1789038661108076500,50.68207666015625,-0.17305529117584229,-0.2245769500732422,0.5686101913452148
1789038661118076700,50.69207666015625,-0.09272527694702148,-0.4299497604370117,0.8587913513183594
1789038661128076500,50.70207666015625,0.006885051727294922,-0.5541725158691406,1.072251319885254
1789038661138076700,50.71207666015625,-0.02630305290222168,-0.589752197265625,1.1118249893188477
1789038661148076500,50.72207666015625,-0.47398412227630615,-0.4875926971435547,0.670257568359375
1789038661158076700,50.73207666015625,-0.4841858148574829,-0.23600292205810547,0.33088111877441406
1789038661168076500,50.74207666015625,-0.5820748805999756,0.06162691116333008,-0.20170879364013672
1789038661178076700,50.75207666015625,-0.4946972131729126,0.24532508850097656,-0.5003418922424316
1789038661188076500,50.76207666015625,-0.5128481388092041,0.28894996643066406,-0.45120859146118164
1789038661198076700,50.77207666015625,-0.44489753246307373,0.1690359115600586,-0.15455055236816406
1789038661208076500,50.78207666015625,-0.4600940942764282,-0.05394172668457031,0.21145915985107422
1789038661218076700,50.79207666015625,-0.5643918514251709,-0.08203744888305664,0.24428749084472656
1789038661228076500,50.80207666015625,-0.5842161178588867,-0.2355499267578125,0.4030284881591797
1789038661238076700,50.81207666015625,-0.25701582431793213,-0.4593963623046875,0.8047351837158203
1789038661248076500,50.82207666015625,0.064170241355896,-0.5201096534729004,0.48351573944091797
1789038661258076700,50.83207666015625,0.26545238494873047,-0.6689548492431641,0.29496097564697266
1789038661268076500,50.84207666015625,0.09597194194793701,-0.6892561912536621,-0.44991207122802734
1789038661278076700,50.85207666015625,-0.23756515979766846,-0.5456290245056152,-0.5285463333129883
1789038661288076500,50.86207666015625,-0.2638857364654541,-0.4269261360168457,0.26644039154052734
1789038661298076700,50.87207666015625,-0.3071558475494385,-0.3221745491027832,1.2574677467346191
1789038661308076500,50.88207666015625,-0.30699455738067627,-0.1806635856628418,1.5275754928588867
1789038661318076700,50.89207666015625,-0.23521780967712402,-0.08118820190429688,1.1154232025146484
1789038661328076500,50.90207666015625,-0.1852552890777588,0.04551124572753906,0.6605358123779297
1789038661338076700,50.91207666015625,-0.4079737663269043,0.05538463592529297,0.042136192321777344
1789038661348076500,50.92207666015625,-0.3265266418457031,0.0805807113647461,-0.148468017578125
1789038661358076700,50.93207666015625,-0.09985220432281494,-0.006587505340576172,0.24010515213012695
1789038661368076500,50.94207666015625,0.3071422576904297,-0.12729215621948242,0.11531972885131836
1789038661378076700,50.95207666015625,0.4749034643173218,-0.11118698120117188,0.6371278762817383
1789038661388076500,50.96207666015625,0.36000216007232666,-0.1982707977294922,0.8867931365966797
1789038661398076700,50.97207666015625,0.24270570278167725,-0.4273371696472168,0.5442438125610352
1789038661408076500,50.98207666015625,-0.007994771003723145,-0.5003175735473633,-0.09966611862182617
1789038661418076700,50.99207666015625,0.004805564880371094,-0.6243667602539062,-0.2937183380126953
1789038661428076500,51.00207666015625,-0.02915668487548828,-0.7240128517150879,0.31969308853149414
1789038661438076700,51.01207666015625,0.05142033100128174,-0.7105493545532227,0.7906851768493652
1789038661448076500,51.02207666015625,-0.03426837921142578,-0.5456581115722656,0.7426753044128418
1789038661458076700,51.03207666015625,-0.09185779094696045,-0.3492698669433594,0.7417712211608887
1789038661468076500,51.04207666015625,-0.27988195419311523,-0.13947772979736328,-0.07408332824707031
1789038661478076700,51.05207666015625,-0.271215558052063,-0.35059309005737305,-0.22929096221923828
1789038661488076500,51.06207666015625,-0.17101049423217773,-0.6505098342895508,-0.5000762939453125
1789038661498076700,51.07207666015625,-0.2696692943572998,-1.1471304893493652,-0.2249927520751953
1789038661508076500,51.08207666015625,-0.432969331741333,-1.4453954696655273,0.30069780349731445
1789038661518076700,51.09207666015625,-0.5900912284851074,-1.4697093963623047,0.8949103355407715
1789038661528076500,51.10207666015625,-0.5825327634811401,-1.4359407424926758,0.862368106842041
1789038661538076700,51.11207666015625,-0.4310692548751831,-0.7876491546630859,0.1869807243347168
1789038661548076500,51.12207666015625,0.246740460395813,-0.38709402084350586,-0.0026788711547851562
1789038661558076700,51.13207666015625,0.451104998588562,0.25673580169677734,-0.5599279403686523
1789038661568076500,51.14207666015625,0.6171461343765259,0.283233642578125,-0.3389139175415039
1789038661578076700,51.15207666015625,0.43357038497924805,0.5570578575134277,-0.8363308906555176
1789038661588076500,51.16207666015625,0.32607710361480713,0.5263767242431641,-0.5929031372070312
1789038661598076700,51.17207666015625,0.23850774765014648,0.2774496078491211,-0.30867481231689453
1789038661608076500,51.18207666015625,0.1748424768447876,0.11504030227661133,-0.18217039108276367
1789038661618076700,51.19207666015625,0.09141933917999268,-0.03307676315307617,-0.16306734085083008
1789038661628076500,51.20207666015625,0.043099284172058105,-0.1929006576538086,-0.07918691635131836
1789038661638076700,51.21207666015625,0.015846729278564453,-0.2837057113647461,-0.11101961135864258
1789038661648076500,51.22207666015625,-0.10923552513122559,-0.3942904472351074,-0.18299388885498047
1789038661658076700,51.23207666015625,-0.2191697359085083,-0.4734506607055664,-0.17196178436279297
1789038661668076500,51.24207666015625,-0.3185681104660034,-0.45364856719970703,0.0024476051330566406
1789038661678076700,51.25207666015625,-0.339746356010437,-0.3875303268432617,0.2941293716430664
1789038661688076500,51.26207666015625,-0.264407753944397,-0.3746047019958496,0.6287765502929688
1789038661698076700,51.27207666015625,-0.24520862102508545,-0.2902402877807617,0.743445873260498
1789038661708076500,51.28207666015625,-0.27556300163269043,-0.19930267333984375,0.7627458572387695
1789038661718076700,51.29207666015625,-0.18700170516967773,-0.08847713470458984,0.6276736259460449
1789038661728076500,51.30207666015625,-0.21898174285888672,0.19597196578979492,0.2577238082885742
1789038661738076700,51.31207666015625,-0.349611759185791,0.4643840789794922,-0.32115745544433594
1789038661748076500,51.32207666015625,-0.16118919849395752,0.6468191146850586,-0.7244787216186523
1789038661758076700,51.33207666015625,0.2257523536682129,0.6160445213317871,-0.952176570892334
1789038661768076500,51.34207666015625,0.3180950880050659,0.47035884857177734,-1.1301312446594238
1789038661778076700,51.35207666015625,0.5626338720321655,0.22181129455566406,-0.904627799987793
1789038661788076500,51.36207666015625,0.6855089664459229,-0.16440391540527344,-0.3716897964477539
1789038661798076700,51.37207666015625,0.46864497661590576,-0.49087953567504883,0.21820783615112305
1789038661808076500,51.38207666015625,0.4684934616088867,-0.711153507232666,0.7006163597106934
1789038661818076700,51.39207666015625,0.612920880317688,-0.8785948753356934,0.972592830657959
1789038661828076500,51.40207666015625,0.31745338439941406,-0.9395322799682617,1.00294828414917
1789038661838076700,51.41207666015625,-0.03733372688293457,-0.891512393951416,1.0041985511779785
1789038661848076500,51.42207666015625,-0.244537353515625,-0.6711797714233398,0.8972878456115723
1789038661858076700,51.43207666015625,-0.300254225730896,-0.42929601669311523,0.9407510757446289
1789038661868076500,51.44207666015625,-0.22674715518951416,-0.22190284729003906,1.0782904624938965
1789038661878076700,51.45207666015625,-0.030184268951416016,0.017328262329101562,0.9288740158081055
1789038661888076500,51.46207666015625,0.1250520944595337,0.17025423049926758,0.8961515426635742
1789038661898076700,51.47207666015625,0.2933077812194824,0.2604994773864746,0.6811671257019043
1789038661908076500,51.48207666015625,0.5076191425323486,0.347689151763916,0.2520866394042969
1789038661918076700,51.49207666015625,0.8525148630142212,0.19208860397338867,0.34986257553100586
1789038661928076500,51.50207666015625,0.8324777483940125,0.012634754180908203,0.3937854766845703
1789038661938076700,51.51207666015625,0.5243213176727295,-0.07442235946655273,0.36983728408813477
1789038661948076500,51.52207666015625,0.49785006046295166,-0.09758138656616211,0.08420276641845703
1789038661958076700,51.53207666015625,0.5695940256118774,0.012944221496582031,0.0587468147277832
1789038661968076500,51.54207666015625,0.5843585729598999,0.22639131546020508,-0.3671717643737793
1789038661978076700,51.55207666015625,0.5396873354911804,0.25266218185424805,-0.5643100738525391
1789038661988076500,51.56207666015625,0.45180249214172363,0.19057083129882812,-0.5131311416625977
1789038661998076700,51.57207666015625,0.3159579038619995,0.0148162841796875,-0.19465065002441406
1789038662008076500,51.58207666015625,0.22702443599700928,0.03224992752075195,0.04708576202392578
1789038662018076700,51.59207666015625,0.2270355224609375,0.010861396789550781,0.49747371673583984
1789038662028076500,51.60207666015625,0.272580623626709,-0.01689291000366211,0.5403928756713867
1789038662038076700,51.61207666015625,0.1703951358795166,-0.05349111557006836,0.5315513610839844
1789038662048076500,51.62207666015625,0.21899104118347168,-0.10028600692749023,0.3814430236816406
1789038662058076700,51.63207666015625,-0.029717206954956055,-0.3053450584411621,0.6901044845581055
1789038662068076500,51.64207666015625,-0.07966375350952148,-0.4794435501098633,0.8679561614990234
1789038662078076700,51.65207666015625,0.17529749870300293,-0.5573825836181641,1.0987977981567383
1789038662088076500,51.66207666015625,0.15024447441101074,-0.44908571243286133,1.0638465881347656
1789038662098076700,51.67207666015625,0.08050382137298584,-0.3827500343322754,0.8739910125732422
1789038662108076500,51.68207666015625,0.1752387285232544,-0.3377866744995117,0.9585599899291992
1789038662118076700,51.69207666015625,0.04825258255004883,-0.38518524169921875,1.0056371688842773
1789038662128076500,51.70207666015625,-0.03812718391418457,-0.5121889114379883,0.8506450653076172
1789038662138076700,51.71207666015625,-0.038571715354919434,-0.390017032623291,1.0013532638549805
1789038662148076500,51.72207666015625,-0.13505280017852783,-0.17116498947143555,0.610468864440918
1789038662158076700,51.73207666015625,-0.4360952377319336,0.10714483261108398,0.579564094543457
1789038662168076500,51.74207666015625,-0.3568993806838989,0.38195133209228516,0.6293506622314453
1789038662178076700,51.75207666015625,-0.5492449998855591,0.6046702861785889,0.9917564392089844
1789038662188076500,51.76207666015625,-0.443218469619751,0.31951403617858887,0.5446653366088867
1789038662198076700,51.77207666015625,0.22996878623962402,0.2601313591003418,0.7382297515869141
1789038662208076500,51.78207666015625,0.23213183879852295,0.03604698181152344,0.37604427337646484
1789038662218076700,51.79207666015625,0.0640721321105957,-0.046417236328125,0.09660625457763672
1789038662228076500,51.80207666015625,-0.08350491523742676,-0.07951045036315918,-0.4755420684814453
1789038662238076700,51.81207666015625,-0.05728864669799805,-0.32193803787231445,-0.9456019401550293
1789038662248076500,51.82207666015625,0.10674214363098145,-0.19727230072021484,-0.5709142684936523
1789038662258076700,51.83207666015625,0.07515740394592285,0.10040593147277832,-0.3173093795776367
1789038662268076500,51.84207666015625,0.22660326957702637,0.18456220626831055,-0.39685535430908203
1789038662278076700,51.85207666015625,0.6115484237670898,0.49078845977783203,-0.26809024810791016
1789038662288076500,51.86207666015625,0.5418806076049805,0.5153555870056152,-0.7259759902954102
1789038662298076700,51.87207666015625,0.3661234378814697,0.641890287399292,-1.3312926292419434
1789038662308076500,51.88207666015625,0.049747467041015625,0.5134704113006592,-1.637711524963379
1789038662318076700,51.89207666015625,-0.043563127517700195,0.2636568546295166,-1.8106555938720703
1789038662328076500,51.90207666015625,0.3856329917907715,0.09549212455749512,-1.4934806823730469
1789038662338076700,51.91207666015625,0.7674779891967773,0.06731057167053223,-1.1028447151184082
1789038662348076500,51.92207666015625,1.0374813079833984,0.09738945960998535,-0.4645519256591797
1789038662358076700,51.93207666015625,0.6939516067504883,0.020122528076171875,-0.21417903900146484
1789038662368076500,51.94207666015625,0.47711849212646484,-0.21155309677124023,-0.42708396911621094
1789038662378076700,51.95207666015625,0.3237602710723877,-0.3562660217285156,-0.1481037139892578
1789038662388076500,51.96207666015625,0.6512959003448486,-0.4188879728317261,-0.12748241424560547
1789038662398076700,51.97207666015625,0.7427713871002197,-0.41305625438690186,0.22636127471923828
1789038662408076500,51.98207666015625,0.6088552474975586,-0.30535030364990234,0.663426399230957
1789038662418076700,51.99207666015625,0.24274945259094238,-0.007439851760864258,0.6073884963989258
1789038662428076500,52.00207666015625,0.11333155632019043,0.17338192462921143,0.6957368850708008
1789038662438076700,52.01207666015625,0.041892290115356445,0.0851355791091919,0.5439643859863281
1789038662448076500,52.02207666015625,0.17216849327087402,-0.19431912899017334,0.4187774658203125
1789038662458076700,52.03207666015625,0.37686705589294434,-0.6086972951889038,0.2446308135986328
1789038662468076500,52.04207666015625,0.36244702339172363,-1.0477426052093506,-0.22520923614501953
1789038662478076700,52.05207666015625,0.48105430603027344,-1.221761703491211,-0.6735877990722656
1789038662488076500,52.06207666015625,0.31432271003723145,-1.1789369583129883,-0.9315776824951172
1789038662498076700,52.07207666015625,0.23715806007385254,-0.9592834711074829,-0.7855539321899414
1789038662508076500,52.08207666015625,0.2231900691986084,-0.6530189514160156,-0.7266740798950195
1789038662518076700,52.09207666015625,0.15352416038513184,-0.47317934036254883,-0.8823003768920898
1789038662528076500,52.10207666015625,0.3640007972717285,-0.28439420461654663,-1.2334709167480469
1789038662538076700,52.11207666015625,0.7904162406921387,-0.184758722782135,-1.634730339050293
1789038662548076500,52.12207666015625,0.653691291809082,-0.2587398886680603,-1.4103899002075195
1789038662558076700,52.13207666015625,0.1489269733428955,-0.3860425353050232,-1.1617412567138672
1789038662568076500,52.14207666015625,0.19272255897521973,-0.4504740238189697,-1.361527442932129
1789038662578076700,52.15207666015625,0.40081071853637695,-0.30139583349227905,-1.5591669082641602
1789038662588076500,52.16207666015625,0.37443089485168457,0.18325161933898926,-2.0507521629333496
1789038662598076700,52.17207666015625,0.1513814926147461,0.64309161901474,-2.628970146179199
1789038662608076500,52.18207666015625,0.35085105895996094,0.7742061614990234,-2.5635461807250977
1789038662618076700,52.19207666015625,0.28464460372924805,0.6054326891899109,-1.9419517517089844
1789038662628076500,52.20207666015625,0.25203633308410645,0.29099249839782715,-1.079803466796875
1789038662638076700,52.21207666015625,0.02277851104736328,-0.16262292861938477,-0.11577606201171875
1789038662648076500,52.22207666015625,0.09328222274780273,-0.4488084316253662,0.2007284164428711
1789038662658076700,52.23207666015625,0.12355899810791016,-0.49594664573669434,0.5465173721313477
1789038662668076500,52.24207666015625,0.01743483543395996,-0.3955872654914856,0.5252561569213867
1789038662678076700,52.25207666015625,0.09247827529907227,-0.23972755670547485,0.4446706771850586
1789038662688076500,52.26207666015625,-0.08019733428955078,0.013560235500335693,0.33014774322509766
1789038662698076700,52.27207666015625,0.21529006958007812,0.1934201717376709,0.16417980194091797
1789038662708076500,52.28207666015625,0.09669756889343262,0.23831170797348022,-0.2604837417602539
1789038662718076700,52.29207666015625,-0.05198335647583008,0.406834214925766,-0.6425914764404297
1789038662728076500,52.30207666015625,-0.2553098201751709,0.5780470967292786,-0.8205251693725586
1789038662738076700,52.31207666015625,0.0896613597869873,0.8659819960594177,-0.724055290222168
1789038662748076500,52.32207666015625,0.37665629386901855,1.0097005367279053,-0.6484212875366211
1789038662758076700,52.33207666015625,0.05369424819946289,0.8116956353187561,-0.7347278594970703
1789038662768076500,52.34207666015625,-0.03216123580932617,0.5987215638160706,-1.0093727111816406
1789038662778076700,52.35207666015625,0.4003303050994873,0.36688101291656494,-0.7745132446289062
1789038662788076500,52.36207666015625,0.2512972354888916,0.0792081356048584,-0.6104249954223633
1789038662798076700,52.37207666015625,-0.08874130249023438,-0.11232244968414307,-0.7714109420776367
1789038662808076500,52.38207666015625,-0.004446983337402344,0.02345860004425049,-0.6448984146118164
1789038662818076700,52.39207666015625,0.15043187141418457,0.2466423511505127,-0.5584344863891602
1789038662828076500,52.40207666015625,0.005728721618652344,0.3288649916648865,-0.3950796127319336
1789038662838076700,52.41207666015625,0.14899563789367676,0.42058801651000977,-0.18902969360351562
1789038662848076500,52.42207666015625,-0.03928637504577637,0.3315715789794922,-0.08082389831542969
1789038662858076700,52.43207666015625,-0.16337013244628906,0.15013539791107178,-0.13284969329833984
1789038662868076500,52.44207666015625,0.0011515617370605469,-0.02753150463104248,-0.3372688293457031
1789038662878076700,52.45207666015625,-0.029728412628173828,-0.09353053569793701,-0.3592805862426758
1789038662888076500,52.46207666015625,-0.0053424835205078125,0.020174264907836914,-0.24291324615478516
1789038662898076700,52.47207666015625,-0.2194368839263916,0.17256271839141846,-0.49468517303466797
1789038662908076500,52.48207666015625,-0.42018985748291016,0.24585604667663574,-0.8737010955810547
1789038662918076700,52.49207666015625,-0.27841615676879883,0.426843523979187,-0.8173303604125977
1789038662928076500,52.50207666015625,-0.24884963035583496,0.5694488286972046,-0.519317626953125
1789038662938076700,52.51207666015625,-0.32981812953948975,0.6756367683410645,-0.45029544830322266
1789038662948076500,52.52207666015625,-0.2436450719833374,0.7244913578033447,-0.20698928833007812
1789038662958076700,52.53207666015625,-0.45627641677856445,0.665945291519165,0.06267547607421875
1789038662968076500,52.54207666015625,0.05788993835449219,0.46305012702941895,0.527587890625
1789038662978076700,52.55207666015625,0.364172101020813,0.23007893562316895,0.7675085067749023
1789038662988076500,52.56207666015625,0.17869365215301514,-0.08307433128356934,0.8165712356567383
1789038662998076700,52.57207666015625,0.04805898666381836,-0.05056500434875488,0.762913703918457
1789038663008076500,52.58207666015625,-0.20748066902160645,0.13340139389038086,0.6744747161865234
1789038663018076700,52.59207666015625,-0.6596486568450928,0.3562343120574951,0.387176513671875
1789038663028076500,52.60207666015625,-0.14612388610839844,0.4307551383972168,0.2947559356689453
1789038663038076700,52.61207666015625,0.16814136505126953,0.3988649845123291,0.35559749603271484
1789038663048076500,52.62207666015625,0.4136054515838623,0.2931785583496094,0.2788429260253906
1789038663058076700,52.63207666015625,0.6556506156921387,0.07561254501342773,-0.05396747589111328
1789038663068076500,52.64207666015625,0.3273615837097168,-0.13091039657592773,-0.2371692657470703
1789038663078076700,52.65207666015625,0.005567431449890137,-0.30940818786621094,-0.4656257629394531
1789038663088076500,52.66207666015625,-0.1030282974243164,-0.4005701541900635,-0.6217212677001953
1789038663098076700,52.67207666015625,0.15976274013519287,-0.15743207931518555,-1.0720386505126953
1789038663108076500,52.68207666015625,-0.13712775707244873,0.160902738571167,-1.2120561599731445
1789038663118076700,52.69207666015625,-0.1365194320678711,0.4017961025238037,-0.7448511123657227
1789038663128076500,52.70207666015625,-0.281758189201355,0.6225950717926025,-0.7603349685668945
1789038663138076700,52.71207666015625,-0.38690710067749023,0.8038690090179443,-0.5868520736694336
1789038663148076500,52.72207666015625,-0.22931814193725586,0.9475228786468506,-0.4155750274658203
1789038663158076700,52.73207666015625,0.30810678005218506,0.8536555767059326,0.31490516662597656
1789038663168076500,52.74207666015625,0.2503535747528076,0.43704867362976074,1.1263856887817383
1789038663178076700,52.75207666015625,0.1591426134109497,0.07419323921203613,1.2508563995361328
1789038663188076500,52.76207666015625,0.1514146327972412,-0.07963085174560547,1.1817617416381836
1789038663198076700,52.77207666015625,0.15208983421325684,-0.0892934799194336,0.574742317199707
1789038663208076500,52.78207666015625,0.1731659173965454,-0.020797252655029297,0.14286518096923828
1789038663218076700,52.79207666015625,0.44438493251800537,0.037381649017333984,0.028295516967773438
1789038663228076500,52.80207666015625,0.5284746885299683,0.07746076583862305,-0.15494060516357422
1789038663238076700,52.81207666015625,0.4034489393234253,0.16224002838134766,-0.30752086639404297
1789038663248076500,52.82207666015625,0.45411044359207153,0.327970027923584,0.19018840789794922
1789038663258076700,52.83207666015625,0.5181814432144165,0.35712242126464844,0.30429744720458984
1789038663268076500,52.84207666015625,0.26667559146881104,0.2501487731933594,0.7434406280517578
1789038663278076700,52.85207666015625,-0.3702141046524048,0.14327621459960938,1.257206916809082
1789038663288076500,52.86207666015625,-0.2953871488571167,0.02330780029296875,1.724949836730957
1789038663298076700,52.87207666015625,0.004518032073974609,-0.18179035186767578,2.443389892578125
1789038663308076500,52.88207666015625,-0.21689212322235107,-0.3840312957763672,1.5767488479614258
1789038663318076700,52.89207666015625,-0.5398999452590942,-0.6640634536743164,0.5286941528320312
1789038663328076500,52.90207666015625,-0.9068707227706909,-0.7844820022583008,0.7555208206176758
1789038663338076700,52.91207666015625,-1.094325065612793,-0.7131290435791016,1.1360206604003906
1789038663348076500,52.92207666015625,-0.5225896835327148,-0.6002025604248047,2.156752109527588
1789038663358076700,52.93207666015625,-0.48842453956604004,-0.3522028923034668,2.3388304710388184
1789038663368076500,52.94207666015625,-0.43856751918792725,0.09530115127563477,1.5338077545166016
1789038663378076700,52.95207666015625,-0.20026123523712158,0.39235544204711914,0.888512134552002
1789038663388076500,52.96207666015625,-0.2116379737854004,0.5437192916870117,0.7994213104248047
1789038663398076700,52.97207666015625,-0.36573827266693115,0.6258797645568848,0.5329756736755371
1789038663408076500,52.98207666015625,-0.3838186264038086,0.6701383590698242,0.11229515075683594
1789038663418076700,52.99207666015625,-0.3415030241012573,0.4598517417907715,0.28063106536865234
1789038663428076500,53.00207666015625,-0.22867047786712646,0.34450531005859375,0.5449090003967285
1789038663438076700,53.01207666015625,-0.354650616645813,0.29866790771484375,0.5528984069824219
1789038663448076500,53.02207666015625,-0.2779291868209839,0.09427881240844727,0.6828546524047852
1789038663458076700,53.03207666015625,-0.11246693134307861,0.017019271850585938,0.583064079284668
1789038663468076500,53.04207666015625,0.21222984790802002,0.06337642669677734,0.7174863815307617
1789038663478076700,53.05207666015625,0.13800406455993652,0.06719350814819336,0.4341702461242676
1789038663488076500,53.06207666015625,-0.18403089046478271,0.10186100006103516,-0.04793119430541992
1789038663498076700,53.07207666015625,-0.026514053344726562,0.14717912673950195,-0.2015395164489746
1789038663508076500,53.08207666015625,0.20660877227783203,0.18139028549194336,-0.3159627914428711
1789038663518076700,53.09207666015625,0.26079344749450684,0.24561452865600586,-0.7355566024780273
1789038663528076500,53.10207666015625,0.05339169502258301,0.4956183433532715,-0.7503175735473633
1789038663538076700,53.11207666015625,0.3287109136581421,0.6914944648742676,-0.6214351654052734
1789038663548076500,53.12207666015625,0.6467047929763794,0.6253561973571777,-0.7211318016052246
1789038663558076700,53.13207666015625,0.4830360412597656,0.3590068817138672,-0.791318416595459
1789038663568076500,53.14207666015625,0.5133155584335327,-0.043534278869628906,-0.17603397369384766
1789038663578076700,53.15207666015625,0.6508033275604248,-0.41419029235839844,0.4063262939453125
1789038663588076500,53.16207666015625,0.6777948141098022,-0.7527084350585938,0.6195659637451172
1789038663598076700,53.17207666015625,1.0244468450546265,-1.0129680633544922,0.8315095901489258
1789038663608076500,53.18207666015625,1.3696378469467163,-1.2765464782714844,1.4472060203552246
1789038663618076700,53.19207666015625,1.0468738079071045,-1.3774986267089844,1.6190667152404785
1789038663628076500,53.20207666015625,0.6282632350921631,-1.3705081939697266,1.267472743988037
1789038663638076700,53.21207666015625,0.09604811668395996,-1.4590272903442383,1.1363821029663086
1789038663648076500,53.22207666015625,-0.29287123680114746,-1.5567970275878906,1.0510635375976562
1789038663658076700,53.23207666015625,-0.1805964708328247,-1.4466872215270996,0.6299643516540527
1789038663668076500,53.24207666015625,0.06728720664978027,-1.1921706199645996,0.011887550354003906
1789038663678076700,53.25207666015625,0.5227593183517456,-0.9346351623535156,-0.22538995742797852
1789038663688076500,53.26207666015625,1.011223554611206,-0.6208395957946777,-0.1547083854675293
1789038663698076700,53.27207666015625,0.8824877738952637,-0.43006372451782227,-0.5955405235290527
1789038663708076500,53.28207666015625,0.8889602422714233,-0.28585338592529297,-0.27817583084106445
1789038663718076700,53.29207666015625,1.0845744609832764,-0.1364741325378418,-0.038426876068115234
1789038663728076500,53.30207666015625,1.1212457418441772,0.06892204284667969,-0.46076250076293945
1789038663738076700,53.31207666015625,1.0346962213516235,0.2791619300842285,-1.0655994415283203
1789038663748076500,53.32207666015625,0.988947331905365,0.28909730911254883,-1.057614803314209
1789038663758076700,53.33207666015625,0.8420581817626953,0.15360736846923828,-1.0969715118408203
1789038663768076500,53.34207666015625,0.5509737730026245,-0.14100980758666992,-0.8022112846374512
1789038663778076700,53.35207666015625,0.23377537727355957,-0.4107666015625,-0.43741893768310547
1789038663788076500,53.36207666015625,-0.006217479705810547,-0.5691542625427246,-0.06316184997558594
1789038663798076700,53.37207666015625,-0.12467646598815918,-0.645106315612793,0.31239843368530273
1789038663808076500,53.38207666015625,-0.18314778804779053,-0.5963902473449707,0.6212797164916992
1789038663818076700,53.39207666015625,-0.060838937759399414,-0.5383725166320801,0.80712890625
1789038663828076500,53.40207666015625,0.06046581268310547,-0.41594886779785156,0.8544607162475586
1789038663838076700,53.41207666015625,0.07058966159820557,-0.1441960334777832,0.7686100006103516
1789038663848076500,53.42207666015625,0.07365298271179199,0.2562446594238281,0.7787604331970215
1789038663858076700,53.43207666015625,0.11052870750427246,0.5816941261291504,0.4728360176086426
1789038663868076500,53.44207666015625,0.060370802879333496,0.7158946990966797,0.2972431182861328
1789038663878076700,53.45207666015625,0.09826147556304932,0.6376228332519531,0.2337174415588379
1789038663888076500,53.46207666015625,0.09194505214691162,0.3556795120239258,0.19710111618041992
1789038663898076700,53.47207666015625,0.05722975730895996,0.040546417236328125,0.16682052612304688
1789038663908076500,53.48207666015625,0.16970419883728027,-0.21302270889282227,0.23113536834716797
1789038663918076700,53.49207666015625,0.44241762161254883,-0.3504824638366699,0.23102092742919922
1789038663928076500,53.50207666015625,0.739615797996521,-0.5127525329589844,0.23894691467285156
1789038663938076700,53.51207666015625,0.6091665029525757,-0.5335168838500977,0.09385395050048828
1789038663948076500,53.52207666015625,0.5078334808349609,-0.6075272560119629,0.01912403106689453
1789038663958076700,53.53207666015625,0.31365644931793213,-0.6556005477905273,0.07582569122314453
1789038663968076500,53.54207666015625,0.25872862339019775,-0.6938071250915527,0.15812063217163086
1789038663978076700,53.55207666015625,0.20032823085784912,-0.586510181427002,0.12441349029541016
1789038663988076500,53.56207666015625,0.24538493156433105,-0.3532381057739258,-0.04819774627685547
1789038663998076700,53.57207666015625,0.2605065107345581,-0.13491535186767578,-0.2931332588195801
1789038664008076500,53.58207666015625,0.24496102333068848,0.1656360626220703,-0.48415136337280273
1789038664018076700,53.59207666015625,0.0957632064819336,0.3457789421081543,-0.4857664108276367
1789038664028076500,53.60207666015625,-0.04553830623626709,0.46112632751464844,-0.4785776138305664
1789038664038076700,53.61207666015625,-0.05970156192779541,0.41170406341552734,-0.0074462890625
1789038664048076500,53.62207666015625,0.26798081398010254,0.22904062271118164,0.4493899345397949
1789038664058076700,53.63207666015625,0.7277015447616577,-0.032546043395996094,1.1257257461547852
1789038664068076500,53.64207666015625,1.1331301927566528,-0.318328857421875,1.7474884986877441
1789038664078076700,53.65207666015625,1.4493389129638672,-0.4550657272338867,2.0753836631774902
1789038664088076500,53.66207666015625,1.4423065185546875,-0.4788827896118164,2.317150115966797
1789038664098076700,53.67207666015625,1.202240228652954,-0.2646036148071289,1.993314266204834
1789038664108076500,53.68207666015625,1.2121628522872925,0.06395959854125977,0.9878201484680176
1789038664118076700,53.69207666015625,1.1860994100570679,0.5298223495483398,0.35834789276123047
1789038664128076500,53.70207666015625,1.1244540214538574,0.8312478065490723,0.15762901306152344
1789038664138076700,53.71207666015625,1.0064712762832642,0.925107479095459,0.17638397216796875
1789038664148076500,53.72207666015625,0.6782763004302979,0.7499160766601562,0.2378215789794922
1789038664158076700,53.73207666015625,0.41294217109680176,0.5242538452148438,0.09199333190917969
1789038664168076500,53.74207666015625,-0.03832125663757324,0.37476301193237305,0.11170387268066406
1789038664178076700,53.75207666015625,-0.38283658027648926,0.2289414405822754,-0.1283712387084961
1789038664188076500,53.76207666015625,-0.3755059242248535,0.04132986068725586,0.03977012634277344
1789038664198076700,53.77207666015625,-0.22253572940826416,-0.044489383697509766,0.614471435546875
1789038664208076500,53.78207666015625,0.02838444709777832,-0.08754920959472656,0.9122047424316406
1789038664218076700,53.79207666015625,0.3201090097427368,-0.03581380844116211,1.194748878479004
1789038664228076500,53.80207666015625,0.1368417739868164,0.21992731094360352,0.3278999328613281
1789038664238076700,53.81207666015625,-0.1314072608947754,0.5063600540161133,-0.26579856872558594
1789038664248076500,53.82207666015625,-0.2566671371459961,0.6450362205505371,-0.6929311752319336
1789038664258076700,53.83207666015625,-0.5006332397460938,0.5882611274719238,-0.8200569152832031
1789038664268076500,53.84207666015625,-0.5255130529403687,0.25563621520996094,-0.7136244773864746
1789038664278076700,53.85207666015625,-0.22156691551208496,-0.09290885925292969,-0.5979337692260742
1789038664288076500,53.86207666015625,0.006167888641357422,-0.3089301586151123,-0.5887203216552734
1789038664298076700,53.87207666015625,0.05621182918548584,-0.3865208625793457,-0.4286308288574219
1789038664308076500,53.88207666015625,-0.17882370948791504,-0.3495616912841797,-0.4398994445800781
1789038664318076700,53.89207666015625,-0.17451632022857666,-0.27442097663879395,-0.2920961380004883
1789038664328076500,53.90207666015625,-0.1518397331237793,-0.15817046165466309,0.05069160461425781
1789038664338076700,53.91207666015625,-0.012382149696350098,-0.06998968124389648,-0.13651180267333984
1789038664348076500,53.92207666015625,-0.13230431079864502,0.09835314750671387,-0.4970998764038086
1789038664358076700,53.93207666015625,-0.06897497177124023,0.27974987030029297,-0.15619564056396484
1789038664368076500,53.94207666015625,-0.10142230987548828,0.38794684410095215,0.012823104858398438
1789038664378076700,53.95207666015625,0.1371011734008789,0.1612558364868164,-0.13664817810058594
1789038664388076500,53.96207666015625,0.34075868129730225,-0.18395042419433594,-0.08704280853271484
1789038664398076700,53.97207666015625,0.28635311126708984,-0.46921801567077637,0.18161964416503906
1789038664408076500,53.98207666015625,0.024619102478027344,-0.6262304782867432,0.31118011474609375
1789038664418076700,53.99207666015625,-0.19165587425231934,-0.5855855941772461,0.19901084899902344
1789038664428076500,54.00207666015625,-0.5558421611785889,-0.5004842281341553,0.0033540725708007812
1789038664438076700,54.01207666015625,-0.7404012680053711,-0.45895957946777344,0.12177658081054688
1789038664448076500,54.02207666015625,-0.7555749416351318,-0.33341288566589355,0.683868408203125
1789038664458076700,54.03207666015625,-0.7441604137420654,-0.12921977043151855,0.7748098373413086
1789038664468076500,54.04207666015625,-0.7350971698760986,-0.17616009712219238,0.4532766342163086
1789038664478076700,54.05207666015625,-0.24326539039611816,0.013858556747436523,0.9333066940307617
1789038664488076500,54.06207666015625,-0.19161534309387207,0.10854315757751465,0.9652385711669922
1789038664498076700,54.07207666015625,-0.233018159866333,0.2600226402282715,0.5150136947631836
1789038664508076500,54.08207666015625,-0.11917877197265625,0.43500006198883057,-0.19272518157958984
1789038664518076700,54.09207666015625,0.19603204727172852,0.6108770370483398,-0.5028486251831055
1789038664528076500,54.10207666015625,0.4656200408935547,0.6451534032821655,-0.5358734130859375
1789038664538076700,54.11207666015625,0.5600714683532715,0.45955073833465576,-0.6759405136108398
1789038664548076500,54.12207666015625,0.46240925788879395,0.04280281066894531,-0.4238138198852539
1789038664558076700,54.13207666015625,0.2532670497894287,-0.3222193717956543,-0.5495700836181641
1789038664568076500,54.14207666015625,-0.20137500762939453,-0.675753116607666,-0.6357402801513672
1789038664578076700,54.15207666015625,-0.37445998191833496,-1.057169795036316,-1.3354482650756836
1789038664588076500,54.16207666015625,-0.3755006790161133,-1.315538763999939,-1.7799854278564453
1789038664598076700,54.17207666015625,-0.24134516716003418,-1.4198071956634521,-2.022531032562256
1789038664608076500,54.18207666015625,0.0845494270324707,-1.1749025583267212,-1.9438743591308594
1789038664618076700,54.19207666015625,0.39928579330444336,-0.7543222904205322,-1.491654872894287
1789038664628076500,54.20207666015625,0.2766256332397461,-0.3979794979095459,-0.9061832427978516
1789038664638076700,54.21207666015625,-0.6462533473968506,-0.16787230968475342,-0.4212799072265625
1789038664648076500,54.22207666015625,-1.3654935359954834,-0.09938907623291016,-0.6393327713012695
1789038664658076700,54.23207666015625,-1.2878212928771973,-0.0666346549987793,-0.5733671188354492
1789038664668076500,54.24207666015625,-0.6321940422058105,-0.38013243675231934,-1.0745306015014648
1789038664678076700,54.25207666015625,-0.026608943939208984,-0.7266468405723572,-0.6606922149658203
1789038664688076500,54.26207666015625,0.23706340789794922,-0.8711409568786621,0.25136375427246094
1789038664698076700,54.27207666015625,0.37434840202331543,-0.8922870755195618,0.8003664016723633
1789038664708076500,54.28207666015625,0.7060694694519043,-0.8024134039878845,0.42964649200439453
1789038664718076700,54.29207666015625,1.0351629257202148,-0.4934666156768799,-0.21447372436523438
1789038664728076500,54.30207666015625,0.8023338317871094,-0.1904929280281067,-0.6992273330688477
1789038664738076700,54.31207666015625,-0.44402050971984863,-0.1258302927017212,-1.647409439086914
1789038664748076500,54.32207666015625,-2.1280086040496826,0.05191892385482788,-2.7723336219787598
1789038664758076700,54.33207666015625,-1.8252370357513428,0.7581202387809753,-3.712308883666992
1789038664768076500,54.34207666015625,-0.2657322883605957,1.645534634590149,-3.1208057403564453
1789038664778076700,54.35207666015625,0.9012943506240845,2.0355639457702637,-2.207160472869873
1789038664788076500,54.36207666015625,1.2059190273284912,1.4662116765975952,-0.642003059387207
1789038664798076700,54.37207666015625,1.4661027193069458,0.17100313305854797,0.7678718566894531
1789038664808076500,54.38207666015625,0.9113281965255737,-0.9086318016052246,1.3231029510498047
1789038664818076700,54.39207666015625,0.1804947853088379,-1.5195027589797974,1.4244308471679688
1789038664828076500,54.40207666015625,-0.004765987396240234,-1.236096739768982,0.8668031692504883
1789038664838076700,54.41207666015625,-0.32892727851867676,-0.47835612297058105,0.08029556274414062
1789038664848076500,54.42207666015625,-0.25573110580444336,0.4060553312301636,0.037163734436035156
1789038664858076700,54.43207666015625,-0.620295524597168,0.7866833209991455,-0.006960868835449219
1789038664868076500,54.44207666015625,-0.6016242504119873,0.6544129848480225,-0.74114990234375
1789038664878076700,54.45207666015625,-0.5395758152008057,0.4621059000492096,-0.7926149368286133
1789038664888076500,54.46207666015625,-0.2765069007873535,0.19228395819664001,-0.7799901962280273
1789038664898076700,54.47207666015625,-0.3794093132019043,-0.21882891654968262,-0.6577930450439453
1789038664908076500,54.48207666015625,-0.46397852897644043,-0.4415493607521057,-0.6384477615356445
1789038664918076700,54.49207666015625,-0.4228196144104004,-0.31659752130508423,-0.7188568115234375
1789038664928076500,54.50207666015625,-0.3292510509490967,0.04112541675567627,-0.9225215911865234
1789038664938076700,54.51207666015625,-0.39941632747650146,0.29307687282562256,-1.0566186904907227
1789038664948076500,54.52207666015625,-0.31186163425445557,0.49429547786712646,-1.0096540451049805
1789038664958076700,54.53207666015625,-0.19023501873016357,0.5354106426239014,-0.7105083465576172
1789038664968076500,54.54207666015625,-0.5918093919754028,0.3085363507270813,-0.6778411865234375
1789038664978076700,54.55207666015625,-0.7145779132843018,0.10666787624359131,-0.6921749114990234
1789038664988076500,54.56207666015625,-0.31874001026153564,-0.05506962537765503,-0.6248445510864258
1789038664998076700,54.57207666015625,-0.692145586013794,-0.13831794261932373,-0.4699077606201172
1789038665008076500,54.58207666015625,-0.4363858699798584,-0.091064453125,-0.5530071258544922
1789038665018076700,54.59207666015625,-0.44721388816833496,-0.046349406242370605,-0.39060020446777344
1789038665028076500,54.60207666015625,-0.4208148717880249,0.034139156341552734,-0.48237037658691406
1789038665038076700,54.61207666015625,-0.4029979705810547,0.09926855564117432,-0.5063943862915039
1789038665048076500,54.62207666015625,-0.1525026559829712,0.13849091529846191,-0.44818592071533203
1789038665058076700,54.63207666015625,-0.4415477514266968,0.1560056209564209,-0.33045196533203125
1789038665068076500,54.64207666015625,-0.12093508243560791,0.14373087882995605,-0.48887062072753906
1789038665078076700,54.65207666015625,-0.561429500579834,0.27802538871765137,-0.3001432418823242
1789038665088076500,54.66207666015625,-0.3995838165283203,0.5989475846290588,-0.19469833374023438
1789038665098076700,54.67207666015625,-0.15554630756378174,0.8815735578536987,-0.5574493408203125
1789038665108076500,54.68207666015625,0.1081857681274414,1.0810785293579102,-1.0494403839111328
1789038665118076700,54.69207666015625,0.13190972805023193,1.2431588172912598,-0.9896602630615234
1789038665128076500,54.70207666015625,-0.03664958477020264,1.5218040943145752,-0.7428188323974609
1789038665138076700,54.71207666015625,-0.10223937034606934,1.7020092010498047,-0.37735748291015625
1789038665148076500,54.72207666015625,0.16785895824432373,1.856767177581787,-0.20691680908203125
1789038665158076700,54.73207666015625,0.10070407390594482,1.9264501333236694,0.31600284576416016
1789038665168076500,54.74207666015625,-0.08362698554992676,1.8881572484970093,0.2592592239379883
1789038665178076700,54.75207666015625,-0.11078107357025146,1.6418697834014893,0.09405326843261719
1789038665188076500,54.76207666015625,-0.3434194326400757,1.095707654953003,0.05832195281982422
1789038665198076700,54.77207666015625,-0.4565485715866089,0.384602427482605,0.7543926239013672
1789038665208076500,54.78207666015625,-0.21416175365447998,-0.3019826412200928,1.0968751907348633
1789038665218076700,54.79207666015625,-0.405092716217041,-0.8332738876342773,1.094426155090332
1789038665228076500,54.80207666015625,-0.5412130355834961,-0.9160182476043701,0.39100074768066406
1789038665238076700,54.81207666015625,-0.4139050245285034,-0.6448369026184082,-0.14819622039794922
1789038665248076500,54.82207666015625,-0.42860209941864014,-0.4212346076965332,0.03510284423828125
1789038665258076700,54.83207666015625,-0.36152589321136475,-0.05631256103515625,-0.43006420135498047
1789038665268076500,54.84207666015625,-0.2674388885498047,0.28427672386169434,-0.6572036743164062
1789038665278076700,54.85207666015625,-0.23940002918243408,0.5111117362976074,-1.0110750198364258
1789038665288076500,54.86207666015625,-0.2511117458343506,0.5562379360198975,-0.936244010925293
1789038665298076700,54.87207666015625,-0.1425938606262207,0.5131571292877197,-0.8031396865844727
1789038665308076500,54.88207666015625,0.00016295909881591797,0.48613667488098145,-0.7228813171386719
1789038665318076700,54.89207666015625,-0.27764415740966797,0.15515875816345215,-0.521331787109375
1789038665328076500,54.90207666015625,-0.26021313667297363,-0.06137490272521973,-0.24923133850097656
1789038665338076700,54.91207666015625,-0.10531210899353027,-0.11760377883911133,0.30364131927490234
1789038665348076500,54.92207666015625,0.30205750465393066,-0.0471959114074707,0.36822032928466797
1789038665358076700,54.93207666015625,0.018497109413146973,-0.16289019584655762,0.31687355041503906
1789038665368076500,54.94207666015625,-0.1916881799697876,-0.1952197551727295,0.546595573425293
1789038665378076700,54.95207666015625,-0.214522123336792,-0.272336483001709,0.7387075424194336
1789038665388076500,54.96207666015625,-0.2935839891433716,-0.40175342559814453,0.6371965408325195
1789038665398076700,54.97207666015625,-0.36065196990966797,-0.22994375228881836,1.401871681213379
1789038665408076500,54.98207666015625,-0.02209174633026123,0.15814614295959473,1.0280275344848633
1789038665418076700,54.99207666015625,0.10412824153900146,0.33944272994995117,0.6444616317749023
1789038665428076500,55.00207666015625,0.23149240016937256,0.5634942054748535,1.5949230194091797
1789038665438076700,55.01207666015625,-0.013907909393310547,0.5679371356964111,1.5925378799438477
1789038665448076500,55.02207666015625,-0.48272979259490967,0.42784833908081055,2.0525426864624023
1789038665458076700,55.03207666015625,-0.47496986389160156,-0.03060436248779297,2.783644676208496
1789038665468076500,55.04207666015625,-0.38148975372314453,-0.3654303550720215,2.876506805419922
1789038665478076700,55.05207666015625,-0.08478546142578125,-0.21024560928344727,1.9115257263183594
1789038665488076500,55.06207666015625,0.2637556791305542,0.17579889297485352,1.008122444152832
1789038665498076700,55.07207666015625,0.22507023811340332,0.6511578559875488,-0.09131431579589844
1789038665508076500,55.08207666015625,0.08309483528137207,1.0388367176055908,-1.2888703346252441
1789038665518076700,55.09207666015625,0.04903972148895264,1.1223218441009521,-1.819838523864746
1789038665528076500,55.10207666015625,-0.051433563232421875,0.9582314491271973,-1.8014745712280273
1789038665538076700,55.11207666015625,-0.05050814151763916,0.709716796875,-1.5585732460021973
1789038665548076500,55.12207666015625,0.059360384941101074,0.4921078681945801,-1.045175552368164
1789038665558076700,55.13207666015625,0.2704237699508667,0.33796024322509766,-0.4250669479370117
1789038665568076500,55.14207666015625,0.3868710994720459,0.08584880828857422,0.277618408203125
1789038665578076700,55.15207666015625,-0.01961982250213623,-0.10190153121948242,0.21907901763916016
1789038665588076500,55.16207666015625,-0.04129183292388916,-0.33461856842041016,0.7828083038330078
1789038665598076700,55.17207666015625,0.29581403732299805,-0.5389680862426758,0.6283674240112305
1789038665608076500,55.18207666015625,0.7908971309661865,-0.8460478782653809,0.8292293548583984
1789038665618076700,55.19207666015625,0.9994999170303345,-0.6935911178588867,0.19366741180419922
1789038665628076500,55.20207666015625,0.9061931371688843,-0.5754103660583496,0.5022802352905273
1789038665638076700,55.21207666015625,0.5590380430221558,-0.5591320991516113,0.9875025749206543
1789038665648076500,55.22207666015625,0.4473193883895874,-0.3634963035583496,1.1231460571289062
1789038665658076700,55.23207666015625,0.44725167751312256,0.0037555694580078125,0.5591416358947754
1789038665668076500,55.24207666015625,0.5443525910377502,0.15671014785766602,0.021590232849121094
1789038665678076700,55.25207666015625,0.7798621654510498,0.3528618812561035,-0.4597630500793457
1789038665688076500,55.26207666015625,0.7988666892051697,0.38044071197509766,-1.0127973556518555
1789038665698076700,55.27207666015625,0.6783087253570557,0.3885941505432129,-0.758399486541748
1789038665708076500,55.28207666015625,0.5240262150764465,0.29514074325561523,-0.5456809997558594
1789038665718076700,55.29207666015625,0.4882296323776245,0.11316537857055664,-0.5098910331726074
1789038665728076500,55.30207666015625,0.5843653678894043,-0.13628053665161133,-0.07541418075561523
1789038665738076700,55.31207666015625,0.4752565622329712,-0.3987255096435547,0.21810483932495117
1789038665748076500,55.32207666015625,0.15455222129821777,-0.6406807899475098,0.8640518188476562
1789038665758076700,55.33207666015625,0.08882701396942139,-0.8835830688476562,1.4012198448181152
1789038665768076500,55.34207666015625,0.020493507385253906,-0.9999070167541504,1.7173924446105957
1789038665778076700,55.35207666015625,-0.29232609272003174,-1.0060062408447266,1.9747271537780762
1789038665788076500,55.36207666015625,-0.4028167724609375,-0.8968572616577148,2.1203842163085938
1789038665798076700,55.37207666015625,-0.4982222318649292,-0.6622819900512695,1.609544277191162
1789038665808076500,55.38207666015625,-0.6681301593780518,-0.5395159721374512,1.404965877532959
1789038665818076700,55.39207666015625,-0.6034996509552002,-0.6361079216003418,1.1980466842651367
1789038665828076500,55.40207666015625,-0.539607048034668,-0.542172908782959,0.7319817543029785
1789038665838076700,55.41207666015625,-0.29054367542266846,-0.3629946708679199,0.1262826919555664
1789038665848076500,55.42207666015625,-0.2176111936569214,-0.10370588302612305,-0.3583054542541504
1789038665858076700,55.43207666015625,-0.17920875549316406,0.09257030487060547,-0.6458950042724609
1789038665868076500,55.44207666015625,-0.019571542739868164,0.19527578353881836,-0.8676748275756836
1789038665878076700,55.45207666015625,0.10468029975891113,0.2406902313232422,-1.1831574440002441
1789038665888076500,55.46207666015625,0.14855575561523438,0.1287517547607422,-0.9896564483642578
1789038665898076700,55.47207666015625,0.20507633686065674,-0.27111005783081055,-0.38603734970092773
1789038665908076500,55.48207666015625,0.17394483089447021,-0.566464900970459,0.11819267272949219
1789038665918076700,55.49207666015625,0.17056143283843994,-0.7355265617370605,0.24688339233398438
1789038665928076500,55.50207666015625,0.2577650547027588,-0.7729740142822266,0.5977497100830078
1789038665938076700,55.51207666015625,0.33634936809539795,-0.6018524169921875,0.484128475189209
1789038665948076500,55.52207666015625,0.3067152500152588,-0.3309636116027832,0.41714954376220703
1789038665958076700,55.53207666015625,0.2208845615386963,-0.11583757400512695,0.04136800765991211
1789038665968076500,55.54207666015625,0.09678840637207031,0.019782543182373047,-0.23639392852783203
1789038665978076700,55.55207666015625,0.106292724609375,-0.04937314987182617,-0.27387237548828125
1789038665988076500,55.56207666015625,0.04056727886199951,-0.16706609725952148,-0.26252079010009766
1789038665998076700,55.57207666015625,-0.06413519382476807,-0.17621088027954102,-0.4777240753173828
1789038666008076500,55.58207666015625,-0.1514599323272705,-0.11821460723876953,-0.702751636505127
1789038666018076700,55.59207666015625,-0.2017226219177246,-0.061818599700927734,-1.0229287147521973
1789038666028076500,55.60207666015625,-0.26465046405792236,0.02356243133544922,-1.1241841316223145
1789038666038076700,55.61207666015625,-0.3105384111404419,0.010695457458496094,-1.3564300537109375
1789038666048076500,55.62207666015625,-0.19468891620635986,-0.04932975769042969,-1.185194969177246
1789038666058076700,55.63207666015625,-0.21510088443756104,-0.18654584884643555,-1.106396198272705
1789038666068076500,55.64207666015625,-0.2890814542770386,-0.35855674743652344,-0.9328808784484863
1789038666078076700,55.65207666015625,-0.3178812265396118,-0.47043800354003906,-0.6019911766052246
1789038666088076500,55.66207666015625,-0.3308413028717041,-0.6028099060058594,-0.3474259376525879
1789038666098076700,55.67207666015625,-0.3333035707473755,-0.7063760757446289,-0.01702880859375
1789038666108076500,55.68207666015625,-0.26798927783966064,-0.7618727684020996,0.2875394821166992
1789038666118076700,55.69207666015625,-0.20708632469177246,-0.8410515785217285,0.5109701156616211
1789038666128076500,55.70207666015625,-0.2016448974609375,-0.9321279525756836,0.6400332450866699
1789038666138076700,55.71207666015625,-0.24654412269592285,-1.0171661376953125,0.6922969818115234
1789038666148076500,55.72207666015625,-0.26113736629486084,-1.0138859748840332,0.5776815414428711
1789038666158076700,55.73207666015625,-0.3648645877838135,-1.0564494132995605,0.4302191734313965
1789038666168076500,55.74207666015625,-0.5561063289642334,-1.0507478713989258,0.25900793075561523
1789038666178076700,55.75207666015625,-0.6692726612091064,-1.0589227676391602,0.10207033157348633
1789038666188076500,55.76207666015625,-0.6264855861663818,-0.9715700149536133,0.1615619659423828
1789038666198076700,55.77207666015625,-0.5371240377426147,-0.7001080513000488,0.20681285858154297
1789038666208076500,55.78207666015625,-0.41587305068969727,-0.5089278221130371,0.14955520629882812
1789038666218076700,55.79207666015625,-0.3170328140258789,-0.38849830627441406,0.1560654640197754
1789038666228076500,55.80207666015625,-0.32613492012023926,-0.3025789260864258,0.2281017303466797
1789038666238076700,55.81207666015625,-0.26174890995025635,-0.19440603256225586,0.3812875747680664
1789038666248076500,55.82207666015625,0.008184552192687988,-0.1084752082824707,0.5231285095214844
1789038666258076700,55.83207666015625,0.23119330406188965,0.06098222732543945,0.761899471282959
1789038666268076500,55.84207666015625,0.2865900993347168,0.20715093612670898,0.9640722274780273
1789038666278076700,55.85207666015625,0.3561099171638489,0.3743400573730469,1.0821948051452637
1789038666288076500,55.86207666015625,0.5094960927963257,0.6427121162414551,0.9745330810546875
1789038666298076700,55.87207666015625,0.5481797456741333,0.8235344886779785,0.7880749702453613
1789038666308076500,55.88207666015625,0.38725483417510986,0.9321446418762207,0.5984659194946289
1789038666318076700,55.89207666015625,0.259796142578125,0.9863934516906738,0.46526384353637695
1789038666328076500,55.90207666015625,0.10988163948059082,1.0068325996398926,0.20876741409301758
1789038666338076700,55.91207666015625,-0.16521954536437988,0.9581241607666016,0.059660911560058594
1789038666348076500,55.92207666015625,-0.13099658489227295,0.8881545066833496,0.2366924285888672
1789038666358076700,55.93207666015625,-0.022576093673706055,0.9123387336730957,0.2910757064819336
1789038666368076500,55.94207666015625,-0.04034388065338135,0.8971695899963379,0.8232440948486328
1789038666378076700,55.95207666015625,0.05699634552001953,0.9452095031738281,0.8796825408935547
1789038666388076500,55.96207666015625,-0.09492218494415283,0.9411039352416992,0.8689641952514648
1789038666398076700,55.97207666015625,0.01988065242767334,0.8311514854431152,1.1504335403442383
1789038666408076500,55.98207666015625,0.35004645586013794,0.6689248085021973,1.1311588287353516
1789038666418076700,55.99207666015625,0.424771249294281,0.34325742721557617,1.1908283233642578
1789038666428076500,56.00207666015625,0.5517284274101257,-0.07863807678222656,1.3084516525268555
1789038666438076700,56.01207666015625,0.4468425512313843,-0.4656105041503906,1.5247344970703125
1789038666448076500,56.02207666015625,0.40192413330078125,-0.6242508888244629,1.740595817565918
1789038666458076700,56.03207666015625,0.45131516456604004,-0.47460222244262695,1.4917058944702148
1789038666468076500,56.04207666015625,0.46482205390930176,-0.037110328674316406,1.0230607986450195
1789038666478076700,56.05207666015625,0.4211483597755432,0.24897289276123047,0.6659297943115234
1789038666488076500,56.06207666015625,0.34944331645965576,0.6041173934936523,0.11717510223388672
1789038666498076700,56.07207666015625,0.056511759757995605,0.756340503692627,-0.3865232467651367
1789038666508076500,56.08207666015625,-0.1598294973373413,0.8484668731689453,-0.9500646591186523
1789038666518076700,56.09207666015625,-0.463962197303772,0.6023392677307129,-0.8165950775146484
1789038666528076500,56.10207666015625,-0.5682213306427002,0.3841361999511719,-0.4165201187133789
1789038666538076700,56.11207666015625,-0.6168006658554077,0.1877460479736328,-0.30858325958251953
1789038666548076500,56.12207666015625,-0.3921738862991333,-0.027606964111328125,-0.06650161743164062
1789038666558076700,56.13207666015625,-0.2629193067550659,-0.1281585693359375,0.117431640625
1789038666568076500,56.14207666015625,-0.2656402587890625,-0.11809468269348145,0.27518653869628906
1789038666578076700,56.15207666015625,-0.4366447925567627,-0.1446671485900879,-0.0870504379272461
1789038666588076500,56.16207666015625,-0.5133167505264282,-0.27596068382263184,-0.25973987579345703
1789038666598076700,56.17207666015625,-0.403039813041687,-0.3300309181213379,0.3231496810913086
1789038666608076500,56.18207666015625,-0.40480709075927734,-0.25220775604248047,0.3463630676269531
1789038666618076700,56.19207666015625,-0.47181642055511475,-0.2223072052001953,-0.10090923309326172
1789038666628076500,56.20207666015625,-0.36947548389434814,-0.027473926544189453,-0.19999217987060547
1789038666638076700,56.21207666015625,-0.1370929479598999,0.1447749137878418,-0.11548519134521484
1789038666648076500,56.22207666015625,0.021404027938842773,0.29068899154663086,-0.08153057098388672
1789038666658076700,56.23207666015625,0.10772871971130371,0.287705659866333,-0.19862079620361328
1789038666668076500,56.24207666015625,-0.020943641662597656,0.13171648979187012,-0.0756216049194336
1789038666678076700,56.25207666015625,-0.13626766204833984,-0.051213979721069336,0.2954092025756836
1789038666688076500,56.26207666015625,-0.08726906776428223,-0.2389059066772461,0.7281465530395508
1789038666698076700,56.27207666015625,0.05180048942565918,-0.4579885005950928,0.9652624130249023
1789038666708076500,56.28207666015625,0.15612077713012695,-0.6089396476745605,0.6608476638793945
1789038666718076700,56.29207666015625,0.22621417045593262,-0.5817396640777588,0.4154825210571289
1789038666728076500,56.30207666015625,0.48991668224334717,-0.35372495651245117,0.9032764434814453
1789038666738076700,56.31207666015625,0.7672687768936157,-0.1474144458770752,0.8152952194213867
1789038666748076500,56.32207666015625,0.46660470962524414,-0.10395002365112305,0.6881237030029297
1789038666758076700,56.33207666015625,0.4130256175994873,-0.22286081314086914,0.26654624938964844
1789038666768076500,56.34207666015625,0.34541940689086914,-0.33166205883026123,-0.1620626449584961
1789038666778076700,56.35207666015625,0.34859752655029297,-0.3540492057800293,-0.3413658142089844
1789038666788076500,56.36207666015625,0.2861645221710205,-0.3349534273147583,-0.18253040313720703
1789038666798076700,56.37207666015625,0.25597262382507324,-0.3219660520553589,-0.22054481506347656
1789038666808076500,56.38207666015625,-0.06929159164428711,-0.17959535121917725,-0.0028924942016601562
1789038666818076700,56.39207666015625,-0.12206578254699707,0.10526537895202637,-0.2923583984375
1789038666828076500,56.40207666015625,0.019518375396728516,0.18106496334075928,-0.6753807067871094
1789038666838076700,56.41207666015625,0.010064363479614258,0.15601539611816406,-1.3145837783813477
1789038666848076500,56.42207666015625,0.0651097297668457,0.18571686744689941,-1.8077278137207031
1789038666858076700,56.43207666015625,0.18581557273864746,0.17739057540893555,-2.03011417388916
1789038666868076500,56.44207666015625,0.34748029708862305,0.11161184310913086,-1.8053770065307617
1789038666878076700,56.45207666015625,0.5212433338165283,0.013827085494995117,-1.491964340209961
1789038666888076500,56.46207666015625,0.5972874164581299,-0.15067636966705322,-1.3400325775146484
1789038666898076700,56.47207666015625,0.8004117012023926,-0.0844232439994812,-1.2107715606689453
1789038666908076500,56.48207666015625,0.6706507205963135,-0.009997010231018066,-1.0418167114257812
1789038666918076700,56.49207666015625,0.03586912155151367,-0.08464765548706055,-1.2384653091430664
1789038666928076500,56.50207666015625,0.02492976188659668,-0.24804770946502686,-1.3229141235351562
1789038666938076700,56.51207666015625,0.7038629055023193,-0.26050060987472534,-0.8918399810791016
1789038666948076500,56.52207666015625,0.9148075580596924,-0.22044110298156738,-0.12264728546142578
1789038666958076700,56.53207666015625,1.1860384941101074,-0.15819668769836426,-0.03499603271484375
1789038666968076500,56.54207666015625,1.5887846946716309,0.14666002988815308,0.029679298400878906
1789038666978076700,56.55207666015625,1.4911631345748901,0.4150601923465729,0.1007394790649414
1789038666988076500,56.56207666015625,1.0618081092834473,0.42474624514579773,0.24238967895507812
1789038666998076700,56.57207666015625,0.5842225551605225,0.2791219651699066,0.3852863311767578
1789038667008076500,56.58207666015625,0.8059298992156982,0.14701080322265625,0.09124946594238281
1789038667018076700,56.59207666015625,1.166602373123169,0.11402887105941772,-0.2102184295654297
1789038667028076500,56.60207666015625,0.702082633972168,0.173539936542511,-0.017589569091796875
1789038667038076700,56.61207666015625,0.20958948135375977,0.2174319624900818,-0.11398696899414062
1789038667048076500,56.62207666015625,-0.07520580291748047,0.1585124433040619,-0.05497550964355469
1789038667058076700,56.63207666015625,0.5850646495819092,0.20152926445007324,0.14168167114257812
1789038667068076500,56.64207666015625,1.15547776222229,0.24176257848739624,0.33663272857666016
1789038667078076700,56.65207666015625,1.069572925567627,0.587309718132019,-0.18880653381347656
1789038667088076500,56.66207666015625,0.5912539958953857,0.4647938013076782,-0.8597536087036133
1789038667098076700,56.67207666015625,0.4161388874053955,0.19887499511241913,-1.26320219039917
1789038667108076500,56.68207666015625,0.5149900913238525,0.12332165241241455,-1.3656020164489746
1789038667118076700,56.69207666015625,0.9279284477233887,0.3273411989212036,-1.1850976943969727
1789038667128076500,56.70207666015625,0.4590587615966797,0.5565382242202759,-1.059164047241211
1789038667138076700,56.71207666015625,0.2751944065093994,0.7547076940536499,-1.2438154220581055
1789038667148076500,56.72207666015625,-0.10509157180786133,0.809589147567749,-1.4051942825317383
1789038667158076700,56.73207666015625,-0.02427053451538086,0.8142538070678711,-1.1081972122192383
1789038667168076500,56.74207666015625,-0.04345822334289551,0.6575883030891418,-0.8058500289916992
1789038667178076700,56.75207666015625,0.22282910346984863,0.3577868938446045,-1.0169172286987305
1789038667188076500,56.76207666015625,0.25394153594970703,-0.00431060791015625,-0.7484025955200195
1789038667198076700,56.77207666015625,0.42220497131347656,-0.5135496258735657,-0.34398460388183594
1789038667208076500,56.78207666015625,0.6378638744354248,-0.940980851650238,-0.17261791229248047
1789038667218076700,56.79207666015625,0.30092906951904297,-1.0451109409332275,-0.043120384216308594
1789038667228076500,56.80207666015625,0.47614336013793945,-0.8871755599975586,-0.09850597381591797
1789038667238076700,56.81207666015625,0.4375467300415039,-0.5623556971549988,-0.026590347290039062
1789038667248076500,56.82207666015625,0.450528621673584,-0.2981024384498596,-0.0710134506225586
1789038667258076700,56.83207666015625,0.33727216720581055,-0.16111242771148682,-0.10174369812011719
1789038667268076500,56.84207666015625,0.4212656021118164,-0.1586328148841858,-0.2206411361694336
1789038667278076700,56.85207666015625,0.3685131072998047,-0.295255184173584,-0.289306640625
1789038667288076500,56.86207666015625,0.42731213569641113,-0.3774077892303467,-0.3255453109741211
1789038667298076700,56.87207666015625,0.6672120094299316,-0.3660191297531128,-0.3282508850097656
1789038667308076500,56.88207666015625,0.5568042993545532,-0.2554692029953003,-0.29089832305908203
1789038667318076700,56.89207666015625,0.46301567554473877,-0.07066965103149414,-0.3457145690917969
1789038667328076500,56.90207666015625,0.35889768600463867,0.13077330589294434,-0.3077554702758789
1789038667338076700,56.91207666015625,0.1436166763305664,0.2500230073928833,-0.3098001480102539
1789038667348076500,56.92207666015625,-0.14640450477600098,0.26530885696411133,-0.3243846893310547
1789038667358076700,56.93207666015625,-0.2518444061279297,0.20912861824035645,-0.46352672576904297
1789038667368076500,56.94207666015625,-0.012428522109985352,0.013165593147277832,-0.4408130645751953
1789038667378076700,56.95207666015625,0.25859546661376953,-0.25317466259002686,-0.5198831558227539
1789038667388076500,56.96207666015625,0.0708460807800293,-0.3615986108779907,-0.3644876480102539
1789038667398076700,56.97207666015625,-0.08574891090393066,-0.3813793659210205,-0.2598104476928711
1789038667408076500,56.98207666015625,-0.5165153741836548,-0.5085322856903076,-0.23199462890625
1789038667418076700,56.99207666015625,-0.8231126070022583,-0.49696266651153564,-0.07007503509521484
1789038667428076500,57.00207666015625,-0.7027195692062378,-0.4729350805282593,0.035366058349609375
1789038667438076700,57.01207666015625,-0.3676795959472656,-0.4958770275115967,0.11577987670898438
1789038667448076500,57.02207666015625,-0.47571635246276855,-0.4995396137237549,0.03355693817138672
1789038667458076700,57.03207666015625,-0.3300182819366455,-0.3649163246154785,-0.25894927978515625
1789038667468076500,57.04207666015625,-0.35769927501678467,-0.17936015129089355,-0.6212701797485352
1789038667478076700,57.05207666015625,-0.627795934677124,0.044403791427612305,-0.8520898818969727
1789038667488076500,57.06207666015625,-0.761670708656311,0.12223505973815918,-0.8935890197753906
1789038667498076700,57.07207666015625,-0.7810958623886108,-0.0403749942779541,-0.961334228515625
1789038667508076500,57.08207666015625,-0.568341851234436,-0.2724778652191162,-1.0580968856811523
1789038667518076700,57.09207666015625,-0.011255145072937012,-0.44385552406311035,-0.7105865478515625
1789038667528076500,57.10207666015625,-0.3130446672439575,-0.5659267902374268,-0.3957796096801758
1789038667538076700,57.11207666015625,-0.5643633604049683,-0.5169637203216553,0.30701732635498047
1789038667548076500,57.12207666015625,-0.2575526237487793,-0.2915067672729492,0.6473703384399414
1789038667558076700,57.13207666015625,-0.1955854892730713,-0.1152036190032959,0.7749824523925781
1789038667568076500,57.14207666015625,0.038591623306274414,0.05140852928161621,0.7803659439086914
1789038667578076700,57.15207666015625,0.16177499294281006,0.15452003479003906,0.35427093505859375
1789038667588076500,57.16207666015625,0.2685089111328125,0.16856908798217773,0.24045753479003906
1789038667598076700,57.17207666015625,-0.30089128017425537,0.2770552635192871,0.2240161895751953
1789038667608076500,57.18207666015625,-0.24751722812652588,0.3617072105407715,0.2993459701538086
1789038667618076700,57.19207666015625,-0.2912689447402954,0.33675694465637207,0.5105228424072266
1789038667628076500,57.20207666015625,-0.33939480781555176,0.34758734703063965,0.8120603561401367
1789038667638076700,57.21207666015625,-0.35705137252807617,0.34352540969848633,1.0618772506713867
1789038667648076500,57.22207666015625,-0.6597274541854858,0.36388659477233887,1.1557769775390625
1789038667658076700,57.23207666015625,-0.5416314601898193,0.4285087585449219,1.2757606506347656
1789038667668076500,57.24207666015625,-0.04855215549468994,0.27263307571411133,1.4261760711669922
1789038667678076700,57.25207666015625,-0.1476302146911621,0.17777538299560547,1.013209342956543
1789038667688076500,57.26207666015625,-0.3694998025894165,0.06636714935302734,0.7248897552490234
1789038667698076700,57.27207666015625,-0.5568009614944458,0.01818990707397461,0.34006500244140625
1789038667708076500,57.28207666015625,-0.5765066146850586,0.04678201675415039,0.010385513305664062
1789038667718076700,57.29207666015625,-0.5198332071304321,0.12222433090209961,-0.17928695678710938
1789038667728076500,57.30207666015625,-0.29479658603668213,0.2347431182861328,-0.12543010711669922
1789038667738076700,57.31207666015625,-0.4656726121902466,0.2640843391418457,0.0897684097290039
1789038667748076500,57.32207666015625,-0.6431270837783813,0.27636241912841797,0.15723037719726562
1789038667758076700,57.33207666015625,-0.5490866899490356,0.40333986282348633,0.3771047592163086
1789038667768076500,57.34207666015625,-0.4819852113723755,0.5497236251831055,0.1602315902709961
1789038667778076700,57.35207666015625,-0.1221538782119751,0.36783504486083984,0.49861717224121094
1789038667788076500,57.36207666015625,-0.45471644401550293,0.09383153915405273,0.7899570465087891
1789038667798076700,57.37207666015625,-0.4654676914215088,-0.1420755386352539,1.2254972457885742
1789038667808076500,57.38207666015625,-0.3084636926651001,-0.19521665573120117,1.4949893951416016
1789038667818076700,57.39207666015625,-0.43922650814056396,-0.0951390266418457,1.1902923583984375
1789038667828076500,57.40207666015625,-0.5448601245880127,0.0878305435180664,1.2530460357666016
1789038667838076700,57.41207666015625,-0.4307516813278198,0.22936153411865234,1.6358833312988281
1789038667848076500,57.42207666015625,-0.5699671506881714,0.32607173919677734,1.1486577987670898
1789038667858076700,57.43207666015625,-0.27836012840270996,0.2925376892089844,1.1152677536010742
1789038667868076500,57.44207666015625,-0.27982211112976074,0.4750957489013672,0.834846019744873
1789038667878076700,57.45207666015625,-0.4306044578552246,0.6893267631530762,0.48508453369140625
1789038667888076500,57.46207666015625,-0.2249584197998047,1.1671123504638672,-0.007764339447021484
1789038667898076700,57.47207666015625,-0.15431618690490723,1.512026309967041,-0.3512396812438965
1789038667908076500,57.48207666015625,-0.36243581771850586,1.6676592826843262,-0.6850690841674805
1789038667918076700,57.49207666015625,-0.3715488910675049,1.6253330707550049,-0.11317825317382812
1789038667928076500,57.50207666015625,-0.4745248556137085,1.3469367027282715,0.3011612892150879
1789038667938076700,57.51207666015625,-0.47003650665283203,1.0065865516662598,0.5669574737548828
1789038667948076500,57.52207666015625,-0.32768869400024414,0.6502470970153809,0.7537698745727539
1789038667958076700,57.53207666015625,0.18044722080230713,0.45859241485595703,0.7358365058898926
1789038667968076500,57.54207666015625,0.14384567737579346,0.1391596794128418,0.7960467338562012
1789038667978076700,57.55207666015625,0.059605956077575684,-0.16054058074951172,0.8701791763305664
1789038667988076500,57.56207666015625,-0.1264723539352417,-0.2240591049194336,0.8145871162414551
1789038667998076700,57.57207666015625,-0.35580873489379883,-0.15588045120239258,0.731109619140625
1789038668008076500,57.58207666015625,-0.19176888465881348,0.06994295120239258,0.3503408432006836
1789038668018076700,57.59207666015625,-0.039494991302490234,0.2684497833251953,-0.22168540954589844
1789038668028076500,57.60207666015625,-0.04824388027191162,0.3466939926147461,-0.6070256233215332
1789038668038076700,57.61207666015625,-0.022899389266967773,0.1748056411743164,-0.5967235565185547
1789038668048076500,57.62207666015625,0.038181304931640625,-0.2573413848876953,-0.32465076446533203
1789038668058076700,57.63207666015625,0.5138117074966431,-0.6917285919189453,0.0723271369934082
1789038668068076500,57.64207666015625,1.0586724281311035,-1.377511978149414,0.9091320037841797
1789038668078076700,57.65207666015625,1.139882206916809,-1.8900666236877441,1.5400691032409668
1789038668088076500,57.66207666015625,0.9506675601005554,-2.0437378883361816,1.8967218399047852
1789038668098076700,57.67207666015625,0.5666695833206177,-1.7720050811767578,1.4970202445983887
1789038668108076500,57.68207666015625,0.27761340141296387,-1.5484051704406738,0.9526400566101074
1789038668118076700,57.69207666015625,0.2138742208480835,-1.2685799598693848,0.703038215637207
1789038668128076500,57.70207666015625,0.28444981575012207,-1.1958332061767578,0.5443496704101562
1789038668138076700,57.71207666015625,0.3257559537887573,-1.2896356582641602,0.7592625617980957
1789038668148076500,57.72207666015625,0.28411686420440674,-1.3498892784118652,0.6957736015319824
1789038668158076700,57.73207666015625,0.28412163257598877,-1.2902731895446777,0.7098250389099121
1789038668168076500,57.74207666015625,0.4537465572357178,-1.1481122970581055,0.5298991203308105
1789038668178076700,57.75207666015625,0.509676456451416,-0.8397870063781738,-0.1478099822998047
1789038668188076500,57.76207666015625,0.4281421899795532,-0.5725078582763672,-0.5873136520385742
1789038668198076700,57.77207666015625,0.5485116243362427,-0.41452932357788086,-0.8243041038513184
1789038668208076500,57.78207666015625,0.549447774887085,-0.3343191146850586,-1.2062301635742188
1789038668218076700,57.79207666015625,0.5216035842895508,-0.3193211555480957,-1.6384882926940918
1789038668228076500,57.80207666015625,0.2658877372741699,-0.1600170135498047,-1.9136075973510742
1789038668238076700,57.81207666015625,0.29914724826812744,-0.1052541732788086,-1.7245821952819824
1789038668248076500,57.82207666015625,0.06280303001403809,-0.17435979843139648,-1.6259098052978516
1789038668258076700,57.83207666015625,-0.1642822027206421,-0.2615180015563965,-1.3818330764770508
1789038668268076500,57.84207666015625,-0.3392972946166992,-0.31308412551879883,-1.0752382278442383
1789038668278076700,57.85207666015625,-0.2231764793395996,-0.37090110778808594,-0.6181821823120117
1789038668288076500,57.86207666015625,-0.1298677921295166,-0.3051581382751465,-0.4876523017883301
1789038668298076700,57.87207666015625,0.05990636348724365,-0.2797231674194336,-0.260988712310791
1789038668308076500,57.88207666015625,0.18085527420043945,-0.16729974746704102,-0.3244647979736328
1789038668318076700,57.89207666015625,0.2514082193374634,-0.1344451904296875,-0.3917837142944336
1789038668328076500,57.90207666015625,0.24507927894592285,-0.29352521896362305,-0.22832107543945312
1789038668338076700,57.91207666015625,0.23091650009155273,-0.45171213150024414,-0.08157682418823242
1789038668348076500,57.92207666015625,0.19039678573608398,-0.5220518112182617,-0.056015968322753906
1789038668358076700,57.93207666015625,-0.002935051918029785,-0.5122008323669434,-0.10601234436035156
1789038668368076500,57.94207666015625,-0.2416304349899292,-0.4505023956298828,-0.256467342376709
1789038668378076700,57.95207666015625,-0.2953404188156128,-0.43093347549438477,-0.3506183624267578
1789038668388076500,57.96207666015625,-0.007370591163635254,-0.4584503173828125,-0.3449850082397461
1789038668398076700,57.97207666015625,0.2916576862335205,-0.48395824432373047,-0.31981563568115234
1789038668408076500,57.98207666015625,0.5168371200561523,-0.598750114440918,-0.14394903182983398
1789038668418076700,57.99207666015625,0.6087584495544434,-0.8440141677856445,0.20099210739135742
1789038668428076500,58.00207666015625,0.6349433660507202,-1.1634869575500488,0.6096572875976562
1789038668438076700,58.01207666015625,0.47385406494140625,-1.3498692512512207,0.9651947021484375
1789038668448076500,58.02207666015625,0.36564791202545166,-1.255136489868164,1.0940232276916504
1789038668458076700,58.03207666015625,0.3877904415130615,-0.982696533203125,1.0356769561767578
1789038668468076500,58.04207666015625,0.4771847724914551,-0.6356878280639648,0.8053097724914551
1789038668478076700,58.05207666015625,0.5565159320831299,-0.28638792037963867,0.4718503952026367
1789038668488076500,58.06207666015625,0.6999809741973877,0.09476852416992188,0.005863189697265625
1789038668498076700,58.07207666015625,0.7983764410018921,0.33832788467407227,-0.23768377304077148
1789038668508076500,58.08207666015625,0.8197886943817139,0.43543148040771484,-0.4010281562805176
1789038668518076700,58.09207666015625,0.7770993709564209,0.42306041717529297,-0.38393259048461914
1789038668528076500,58.10207666015625,0.7035949230194092,0.23222064971923828,-0.19682788848876953
1789038668538076700,58.11207666015625,0.5762238502502441,-0.03185272216796875,-0.07421302795410156
1789038668548076500,58.12207666015625,0.5104387998580933,-0.12312984466552734,-0.04850292205810547
1789038668558076700,58.13207666015625,0.6993705034255981,-0.027391910552978516,-0.07445573806762695
1789038668568076500,58.14207666015625,0.7248634099960327,0.2191181182861328,-0.12459278106689453
1789038668578076700,58.15207666015625,0.4955357313156128,0.31765174865722656,-0.06524801254272461
1789038668588076500,58.16207666015625,0.4504435062408447,0.3009157180786133,0.21087217330932617
1789038668598076700,58.17207666015625,0.4118382930755615,0.20672035217285156,0.4004831314086914
1789038668608076500,58.18207666015625,0.4516793489456177,0.12371826171875,0.5782384872436523
1789038668618076700,58.19207666015625,0.2633317708969116,0.03406667709350586,0.8395328521728516
1789038668628076500,58.20207666015625,0.23709750175476074,0.0457000732421875,0.8189821243286133
1789038668638076700,58.21207666015625,0.3061532974243164,0.11797142028808594,0.8701043128967285
1789038668648076500,58.22207666015625,0.40809178352355957,0.011980533599853516,1.3374948501586914
1789038668658076700,58.23207666015625,0.5529525279998779,-0.10175037384033203,1.665217399597168
1789038668668076500,58.24207666015625,0.650185227394104,-0.006634712219238281,1.6531314849853516
1789038668678076700,58.25207666015625,0.6863688230514526,0.06305170059204102,1.6625728607177734
1789038668688076500,58.26207666015625,0.7673994302749634,0.05032920837402344,1.713496208190918
1789038668698076700,58.27207666015625,0.8359343409538269,-0.10884284973144531,1.6195869445800781
1789038668708076500,58.28207666015625,0.8629381656646729,-0.27532243728637695,1.3665313720703125
1789038668718076700,58.29207666015625,0.6473976373672485,-0.20470476150512695,1.0123920440673828
1789038668728076500,58.30207666015625,0.5346583127975464,0.022873878479003906,0.35465145111083984
1789038668738076700,58.31207666015625,0.4964585304260254,0.31407642364501953,0.27237510681152344
1789038668748076500,58.32207666015625,0.3889399766921997,0.5274157524108887,0.21854877471923828
1789038668758076700,58.33207666015625,0.22489213943481445,0.5507981777191162,-0.051464080810546875
1789038668768076500,58.34207666015625,0.2290860414505005,0.5677065849304199,-0.2389545440673828
1789038668778076700,58.35207666015625,0.2478879690170288,0.5267486572265625,-0.5687756538391113
1789038668788076500,58.36207666015625,0.22417807579040527,0.21245527267456055,-0.28125953674316406
1789038668798076700,58.37207666015625,0.40751492977142334,0.020722389221191406,-0.06405162811279297
1789038668808076500,58.38207666015625,0.2525155544281006,0.12347269058227539,-0.4639873504638672
1789038668818076700,58.39207666015625,0.2355823516845703,0.20821070671081543,-0.5972881317138672
1789038668828076500,58.40207666015625,0.32027554512023926,0.5143086910247803,-0.9369754791259766
1789038668838076700,58.41207666015625,0.31011414527893066,0.6143395900726318,-1.0537705421447754
1789038668848076500,58.42207666015625,0.5431246757507324,0.8687770366668701,-0.8983259201049805
1789038668858076700,58.43207666015625,0.43319666385650635,0.7821052074432373,-0.7429909706115723
1789038668868076500,58.44207666015625,0.3477792739868164,0.37439918518066406,-0.25461864471435547
1789038668878076700,58.45207666015625,0.26761293411254883,0.07273292541503906,0.5579767227172852
1789038668888076500,58.46207666015625,0.11274170875549316,-0.2818779945373535,0.5255718231201172
1789038668898076700,58.47207666015625,-0.14100408554077148,-0.5424008369445801,0.19045543670654297
1789038668908076500,58.48207666015625,-0.2238621711730957,-0.5455226898193359,-0.07877063751220703
1789038668918076700,58.49207666015625,-0.23238277435302734,-0.43767547607421875,-0.34599876403808594
1789038668928076500,58.50207666015625,-0.270815372467041,-0.2698695659637451,-0.17874431610107422
1789038668938076700,58.51207666015625,-0.24326086044311523,-0.15671133995056152,0.07221508026123047
1789038668948076500,58.52207666015625,-0.25054192543029785,-0.09780573844909668,0.35112667083740234
1789038668958076700,58.53207666015625,-0.09848856925964355,0.0227203369140625,0.8419685363769531
1789038668968076500,58.54207666015625,-0.08654665946960449,0.08298063278198242,0.7619495391845703
1789038668978076700,58.55207666015625,-0.4261629581451416,-0.02891230583190918,0.3877086639404297
1789038668988076500,58.56207666015625,-0.4306156635284424,-0.14058756828308105,0.45702552795410156
1789038668998076700,58.57207666015625,-0.31060194969177246,-0.17746305465698242,0.9592914581298828
1789038669008076500,58.58207666015625,-0.3499288558959961,-0.41621947288513184,0.6560306549072266
1789038669018076700,58.59207666015625,-0.5194249153137207,-0.6805825233459473,0.37898826599121094
1789038669028076500,58.60207666015625,-0.2503035068511963,-0.8462021350860596,-0.3793611526489258
1789038669038076700,58.61207666015625,-0.23665642738342285,-0.8660366535186768,-0.75567626953125
1789038669048076500,58.62207666015625,-0.20019006729125977,-0.754997730255127,-0.8312234878540039
1789038669058076700,58.63207666015625,-0.32105398178100586,-0.4976921081542969,-0.5039138793945312
1789038669068076500,58.64207666015625,-0.5413236618041992,-0.24033021926879883,-0.43841552734375
1789038669078076700,58.65207666015625,-0.6662795543670654,-0.04252350330352783,-0.5279464721679688
1789038669088076500,58.66207666015625,-0.662708044052124,0.09001529216766357,-0.5269069671630859
1789038669098076700,58.67207666015625,-0.451824426651001,0.16694247722625732,-0.40685558319091797
1789038669108076500,58.68207666015625,-0.4040064811706543,0.1751105785369873,-0.21323585510253906
1789038669118076700,58.69207666015625,-0.3986196517944336,-0.07799994945526123,-0.2034454345703125
1789038669128076500,58.70207666015625,-0.08625030517578125,-0.38635528087615967,0.019927024841308594
1789038669138076700,58.71207666015625,-0.03514218330383301,-0.7892725467681885,-0.06385326385498047
1789038669148076500,58.72207666015625,-0.07662606239318848,-1.0389153957366943,-0.12770557403564453
1789038669158076700,58.73207666015625,0.2686326503753662,-1.1150158643722534,-0.34531593322753906
1789038669168076500,58.74207666015625,0.6527531147003174,-0.9078050851821899,-0.4529848098754883
1789038669178076700,58.75207666015625,0.6244254112243652,-0.4950513243675232,-0.3981037139892578
1789038669188076500,58.76207666015625,0.4452495574951172,0.018060505390167236,-0.32691001892089844
1789038669198076700,58.77207666015625,0.36817049980163574,0.2717912197113037,-0.33399105072021484
1789038669208076500,58.78207666015625,0.3957560062408447,0.2790701389312744,-0.5444278717041016
1789038669218076700,58.79207666015625,0.539971113204956,0.17263484001159668,-0.8315544128417969
1789038669228076500,58.80207666015625,0.6685266494750977,-0.08257448673248291,-0.7716217041015625
1789038669238076700,58.81207666015625,0.4760758876800537,-0.3820664882659912,-0.8292045593261719
1789038669248076500,58.82207666015625,-0.12557220458984375,-0.6556432247161865,-0.6978645324707031
1789038669258076700,58.83207666015625,-0.7666385173797607,-0.6558431386947632,-0.6440944671630859
1789038669268076500,58.84207666015625,-0.659837007522583,-0.3587591350078583,-0.9311046600341797
1789038669278076700,58.85207666015625,-0.40792107582092285,0.14709077775478363,-1.0658073425292969
1789038669288076500,58.86207666015625,-0.2762339115142822,0.6923620700836182,-1.2777462005615234
1789038669298076700,58.87207666015625,-0.31385207176208496,0.8896323442459106,-1.3508076667785645
1789038669308076500,58.88207666015625,-0.5359616279602051,0.7137953042984009,-1.1034574508666992
1789038669318076700,58.89207666015625,-0.47504591941833496,0.20421451330184937,-1.0299348831176758
1789038669328076500,58.90207666015625,-0.045183420181274414,-0.31935691833496094,-0.6987361907958984
1789038669338076700,58.91207666015625,-0.23139286041259766,-0.7168969511985779,-0.48488521575927734
1789038669348076500,58.92207666015625,-0.8581593036651611,-0.9453089833259583,-0.6225929260253906
1789038669358076700,58.93207666015625,-0.9518916606903076,-0.8000259399414062,-0.35504817962646484
1789038669368076500,58.94207666015625,-0.7115793228149414,-0.53937828540802,-0.3449678421020508
1789038669378076700,58.95207666015625,-0.13675761222839355,-0.25572457909584045,-0.9585666656494141
1789038669388076500,58.96207666015625,-0.06960797309875488,-0.21187709271907806,-1.3001031875610352
1789038669398076700,58.97207666015625,0.2813076972961426,0.04339976608753204,-0.9460172653198242
1789038669408076500,58.98207666015625,0.46967649459838867,0.30458563566207886,-0.7465057373046875
1789038669418076700,58.99207666015625,-0.1712932586669922,0.14266258478164673,-0.9211025238037109
1789038669428076500,59.00207666015625,-0.10099434852600098,-0.00620297621935606,-0.8252029418945312
1789038669438076700,59.01207666015625,0.11869335174560547,0.23423290252685547,-0.08636951446533203
1789038669448076500,59.02207666015625,0.5708171129226685,0.45765236020088196,-0.010692596435546875
1789038669458076700,59.03207666015625,0.35677409172058105,0.30090227723121643,-0.6824893951416016
1789038669468076500,59.04207666015625,0.17366361618041992,0.20921888947486877,-0.8641319274902344
1789038669478076700,59.05207666015625,0.0953376293182373,0.32022327184677124,-0.6686525344848633
1789038669488076500,59.06207666015625,0.05380868911743164,0.2941506505012512,-0.8472709655761719
1789038669498076700,59.07207666015625,0.11603212356567383,0.24703891575336456,-0.7717838287353516
1789038669508076500,59.08207666015625,0.42011475563049316,0.24268540740013123,-0.5827693939208984
1789038669518076700,59.09207666015625,0.23742032051086426,0.1754797399044037,-0.5724248886108398
1789038669528076500,59.10207666015625,-0.09017682075500488,0.10302431136369705,-0.752711296081543
1789038669538076700,59.11207666015625,0.05351877212524414,0.06942689418792725,-0.6718721389770508
1789038669548076500,59.12207666015625,-0.0931406021118164,0.09386435151100159,-0.5414495468139648
1789038669558076700,59.13207666015625,0.026137828826904297,0.09223231673240662,-0.4394807815551758
1789038669568076500,59.14207666015625,0.24057042598724365,0.1629810482263565,-0.12180709838867188
1789038669578076700,59.15207666015625,0.1769094467163086,0.23409363627433777,0.0009336471557617188
1789038669588076500,59.16207666015625,0.04557061195373535,0.24078001081943512,-0.11209964752197266
1789038669598076700,59.17207666015625,-0.22524285316467285,0.21446174383163452,-0.07161331176757812
1789038669608076500,59.18207666015625,-0.38985395431518555,0.12463951110839844,-0.1310415267944336
1789038669618076700,59.19207666015625,-0.33949196338653564,-0.013935327529907227,-0.2176370620727539
1789038669628076500,59.20207666015625,-0.33414483070373535,-0.09593832492828369,-0.14551448822021484
1789038669638076700,59.21207666015625,-0.15806972980499268,0.01400989294052124,-0.08021259307861328
1789038669648076500,59.22207666015625,0.11054420471191406,0.1438133716583252,-0.11796283721923828
1789038669658076700,59.23207666015625,0.10055887699127197,0.21975177526474,-0.34330177307128906
1789038669668076500,59.24207666015625,0.1287829875946045,0.20848500728607178,-0.5690841674804688
1789038669678076700,59.25207666015625,-0.22365546226501465,0.1266918182373047,-0.8317508697509766
1789038669688076500,59.26207666015625,-0.4007929563522339,0.12972164154052734,-0.8792486190795898
1789038669698076700,59.27207666015625,-0.413432240486145,0.1868065595626831,-0.7232875823974609
1789038669708076500,59.28207666015625,-0.4830777645111084,0.2832682132720947,-0.5412740707397461
1789038669718076700,59.29207666015625,-0.6711133718490601,0.36430925130844116,-0.5027809143066406
1789038669728076500,59.30207666015625,-0.7894662618637085,0.33351731300354004,-0.5522747039794922
1789038669738076700,59.31207666015625,-0.4832899570465088,0.23850321769714355,-0.41698551177978516
1789038669748076500,59.32207666015625,-0.8389545679092407,0.08421826362609863,-0.15598773956298828
1789038669758076700,59.33207666015625,-1.054962158203125,-0.06566107273101807,-0.24510955810546875
1789038669768076500,59.34207666015625,-0.6762683391571045,-0.2554739713668823,-0.14364910125732422
1789038669778076700,59.35207666015625,-0.695202112197876,-0.3554741144180298,-0.006413459777832031
1789038669788076500,59.36207666015625,-0.47123920917510986,-0.3502371311187744,-0.2314128875732422
1789038669798076700,59.37207666015625,-0.5740916728973389,-0.4017678499221802,-0.3587818145751953
1789038669808076500,59.38207666015625,-0.4010845422744751,-0.44365155696868896,-0.48558616638183594
1789038669818076700,59.39207666015625,-0.5088543891906738,-0.4003167152404785,-0.46082019805908203
1789038669828076500,59.40207666015625,-0.590427041053772,-0.26526427268981934,-0.19563770294189453
1789038669838076700,59.41207666015625,-0.3374096155166626,-0.10595512390136719,-0.14707565307617188
1789038669848076500,59.42207666015625,-0.5514978170394897,0.02748894691467285,-0.10816383361816406
1789038669858076700,59.43207666015625,-0.35007405281066895,0.06926584243774414,0.09412002563476562
1789038669868076500,59.44207666015625,-0.24683678150177002,0.04484224319458008,0.06117534637451172
1789038669878076700,59.45207666015625,-0.21660935878753662,0.021248817443847656,0.17498397827148438
1789038669888076500,59.46207666015625,0.11755895614624023,-0.037345170974731445,0.17736434936523438
1789038669898076700,59.47207666015625,-0.4567546844482422,0.0974433422088623,0.2992677688598633
1789038669908076500,59.48207666015625,-0.700289249420166,0.28287482261657715,0.19515609741210938
1789038669918076700,59.49207666015625,-0.3193737268447876,0.37539243698120117,-0.0076084136962890625
1789038669928076500,59.50207666015625,-0.3177645206451416,0.312192440032959,-0.14685821533203125
1789038669938076700,59.51207666015625,-0.5129779577255249,0.14177656173706055,-0.10707950592041016
1789038669948076500,59.52207666015625,-0.5757923126220703,0.07451272010803223,0.012056350708007812
1789038669958076700,59.53207666015625,-0.4970923662185669,0.09781694412231445,0.401519775390625
1789038669968076500,59.54207666015625,-0.41585516929626465,0.3010292053222656,0.44333553314208984
1789038669978076700,59.55207666015625,-0.3634861707687378,0.5531859397888184,0.40645599365234375
1789038669988076500,59.56207666015625,-0.2033923864364624,0.5850083827972412,0.29676151275634766
1789038669998076700,59.57207666015625,-0.20771312713623047,0.506110668182373,0.28116416931152344
1789038670008076500,59.58207666015625,-0.23108339309692383,0.3624722957611084,0.726222038269043
1789038670018076700,59.59207666015625,0.11390358209609985,0.21271514892578125,0.7025089263916016
1789038670028076500,59.60207666015625,-0.022526025772094727,0.12374138832092285,0.24826812744140625
1789038670038076700,59.61207666015625,0.03352642059326172,0.11385726928710938,0.07281780242919922
1789038670048076500,59.62207666015625,-0.18147873878479004,0.21570420265197754,-0.18338298797607422
1789038670058076700,59.63207666015625,-0.07086241245269775,0.3322489261627197,-0.27709102630615234
1789038670068076500,59.64207666015625,-0.007281303405761719,0.44562458992004395,-0.14346694946289062
1789038670078076700,59.65207666015625,-0.07905638217926025,0.5709197521209717,0.008209228515625
1789038670088076500,59.66207666015625,-0.38602638244628906,0.6918478012084961,0.1518688201904297
1789038670098076700,59.67207666015625,-0.6785443425178528,0.6439476013183594,0.40599918365478516
1789038670108076500,59.68207666015625,-0.7987266182899475,0.5499472618103027,0.362457275390625
1789038670118076700,59.69207666015625,-0.8232599496841431,0.42351388931274414,0.5168190002441406
1789038670128076500,59.70207666015625,-0.6896809339523315,0.21837854385375977,0.7060508728027344
1789038670138076700,59.71207666015625,-0.4172062277793884,0.062064170837402344,1.0410451889038086
1789038670148076500,59.72207666015625,-0.32573962211608887,0.03925800323486328,1.1223106384277344
1789038670158076700,59.73207666015625,-0.4003896713256836,0.056601524353027344,0.9248085021972656
1789038670168076500,59.74207666015625,-0.3031620979309082,0.12126302719116211,0.6961936950683594
1789038670178076700,59.75207666015625,-0.48854655027389526,0.17528104782104492,0.7143821716308594
1789038670188076500,59.76207666015625,-0.4836868643760681,0.10609960556030273,1.2006587982177734
1789038670198076700,59.77207666015625,-0.47525495290756226,-0.02767324447631836,1.474247932434082
1789038670208076500,59.78207666015625,-0.4176994562149048,-0.1243743896484375,1.2991256713867188
1789038670218076700,59.79207666015625,-0.23058152198791504,-0.08634614944458008,1.4281549453735352
1789038670228076500,59.80207666015625,-0.2730705142021179,0.0800008773803711,1.2178592681884766
1789038670238076700,59.81207666015625,-0.04675239324569702,0.37746095657348633,1.0432910919189453
1789038670248076500,59.82207666015625,-0.0372694730758667,0.728787899017334,0.38204097747802734
1789038670258076700,59.83207666015625,-0.432889461517334,1.1043190956115723,-0.267669677734375
1789038670268076500,59.84207666015625,-0.4058516025543213,1.2872190475463867,-0.5914402008056641
1789038670278076700,59.85207666015625,-0.4213595390319824,1.258338451385498,-0.7989320755004883
1789038670288076500,59.86207666015625,-0.47032004594802856,1.1631665229797363,-0.8873710632324219
1789038670298076700,59.87207666015625,0.00789552927017212,0.9666256904602051,-0.46155595779418945
1789038670308076500,59.88207666015625,0.33570581674575806,0.685150146484375,0.06339645385742188
1789038670318076700,59.89207666015625,0.21190416812896729,0.39170217514038086,0.6764698028564453
1789038670328076500,59.90207666015625,0.1383633017539978,0.16730737686157227,0.7712230682373047
1789038670338076700,59.91207666015625,0.005624055862426758,0.14113664627075195,0.6409015655517578
1789038670348076500,59.92207666015625,0.20306366682052612,0.17178583145141602,0.49153804779052734
1789038670358076700,59.93207666015625,0.23663854598999023,0.04744243621826172,-0.0228424072265625
1789038670368076500,59.94207666015625,0.19340580701828003,-0.0828547477722168,-0.6278767585754395
1789038670378076700,59.95207666015625,0.409101665019989,-0.18691015243530273,-1.0393915176391602
1789038670388076500,59.96207666015625,0.5658897161483765,-0.19375276565551758,-0.8055429458618164
1789038670398076700,59.97207666015625,0.21302729845046997,-0.28429603576660156,-0.24422168731689453
1789038670408076500,59.98207666015625,0.46987462043762207,-0.2593693733215332,0.6360378265380859
1789038670418076700,59.99207666015625,0.8026864528656006,-0.25449609756469727,1.1785268783569336
1789038670428076500,60.00207666015625,0.4908756613731384,-0.5926733016967773,1.7296085357666016
1789038670438076700,60.01207666015625,0.24259847402572632,-1.1758265495300293,2.0905723571777344
1789038670448076500,60.02207666015625,0.2955303192138672,-1.8396821022033691,2.7161436080932617
1789038670458076700,60.03207666015625,0.3546222448348999,-2.1487321853637695,2.5813827514648438
1789038670468076500,60.04207666015625,0.15295541286468506,-2.236748218536377,2.2486705780029297
1789038670478076700,60.05207666015625,0.0016717910766601562,-1.953582763671875,1.6265478134155273
1789038670488076500,60.06207666015625,-0.08338499069213867,-1.6159296035766602,1.0650691986083984
1789038670498076700,60.07207666015625,-0.44689953327178955,-1.232314109802246,0.6108741760253906
1789038670508076500,60.08207666015625,-0.6071218252182007,-0.9462990760803223,0.37331581115722656
1789038670518076700,60.09207666015625,-0.5106443166732788,-0.5996432304382324,0.3589143753051758
1789038670528076500,60.10207666015625,-0.44472038745880127,-0.28908491134643555,-0.1646862030029297
1789038670538076700,60.11207666015625,-0.38885295391082764,-0.06516313552856445,-0.7158927917480469
1789038670548076500,60.12207666015625,-0.30564045906066895,0.04825115203857422,-1.3811211585998535
1789038670558076700,60.13207666015625,-0.180151104927063,0.06971549987792969,-1.6491003036499023
1789038670568076500,60.14207666015625,-0.010651111602783203,-0.08953189849853516,-1.6116957664489746
1789038670578076700,60.15207666015625,0.10647666454315186,-0.31269168853759766,-1.3599834442138672
1789038670588076500,60.16207666015625,0.2770124673843384,-0.4933185577392578,-1.1550674438476562
1789038670598076700,60.17207666015625,0.32014501094818115,-0.5906820297241211,-1.1463942527770996
1789038670608076500,60.18207666015625,0.3052583932876587,-0.5317745208740234,-0.9184660911560059
1789038670618076700,60.19207666015625,0.28312891721725464,-0.4398183822631836,-0.6938967704772949
1789038670628076500,60.20207666015625,0.24436485767364502,-0.3388371467590332,-0.5835127830505371
1789038670638076700,60.21207666015625,0.21954989433288574,-0.013224601745605469,-0.6531109809875488
1789038670648076500,60.22207666015625,0.04307281970977783,0.34630298614501953,-0.46740245819091797
1789038670658076700,60.23207666015625,-0.0019203424453735352,0.6867341995239258,-0.5053601264953613
1789038670668076500,60.24207666015625,0.10397374629974365,0.6476550102233887,-0.20031023025512695
1789038670678076700,60.25207666015625,0.22300326824188232,0.45303869247436523,-0.13106822967529297
1789038670688076500,60.26207666015625,0.19251549243927002,0.2321619987487793,-0.20930004119873047
1789038670698076700,60.27207666015625,0.1593482494354248,-0.12427997589111328,-0.1605081558227539
1789038670708076500,60.28207666015625,0.08635282516479492,-0.5461525917053223,0.05630064010620117
1789038670718076700,60.29207666015625,-0.08382701873779297,-0.8608694076538086,0.4193897247314453
1789038670728076500,60.30207666015625,-0.05416738986968994,-0.9942774772644043,0.7499322891235352
1789038670738076700,60.31207666015625,-0.0777815580368042,-0.9473013877868652,0.5720200538635254
1789038670748076500,60.32207666015625,-0.09638345241546631,-0.8670811653137207,0.3200869560241699
1789038670758076700,60.33207666015625,-0.20369303226470947,-0.7153840065002441,0.1409473419189453
1789038670768076500,60.34207666015625,-0.4002896547317505,-0.6456708908081055,0.04691028594970703
1789038670778076700,60.35207666015625,-0.5449016094207764,-0.8136615753173828,0.09168434143066406
1789038670788076500,60.36207666015625,-0.4696156978607178,-1.1271138191223145,0.240692138671875
1789038670798076700,60.37207666015625,-0.3480135202407837,-1.3593964576721191,0.5774774551391602
1789038670808076500,60.38207666015625,-0.22885513305664062,-1.3698821067810059,0.6687021255493164
1789038670818076700,60.39207666015625,-0.24153661727905273,-1.183396816253662,0.4632139205932617
1789038670828076500,60.40207666015625,-0.19935894012451172,-0.9290037155151367,0.10503101348876953
1789038670838076700,60.41207666015625,-0.06973004341125488,-0.6766185760498047,-0.26072216033935547
1789038670848076500,60.42207666015625,0.23793911933898926,-0.5032587051391602,-0.5740861892700195
1789038670858076700,60.43207666015625,0.4005056619644165,-0.47625160217285156,-0.754817008972168
1789038670868076500,60.44207666015625,0.4082026481628418,-0.5605206489562988,-0.8124222755432129
1789038670878076700,60.45207666015625,0.426594078540802,-0.6385664939880371,-0.7169866561889648
1789038670888076500,60.46207666015625,0.4703063368797302,-0.5369768142700195,-0.408721923828125
1789038670898076700,60.47207666015625,0.3745131492614746,-0.2961907386779785,-0.23279666900634766
1789038670908076500,60.48207666015625,0.3488999605178833,0.007853031158447266,-0.07235479354858398
1789038670918076700,60.49207666015625,0.3170119524002075,0.30002260208129883,0.0012836456298828125
1789038670928076500,60.50207666015625,0.25581181049346924,0.5481548309326172,-0.03609180450439453
1789038670938076700,60.51207666015625,0.23575639724731445,0.7402915954589844,-0.11223220825195312
1789038670948076500,60.52207666015625,0.09081602096557617,0.9122562408447266,-0.08804988861083984
1789038670958076700,60.53207666015625,-0.04459428787231445,0.9423532485961914,-0.08782672882080078
1789038670968076500,60.54207666015625,0.021828413009643555,0.9522056579589844,0.09630966186523438
1789038670978076700,60.55207666015625,0.17911386489868164,0.802668571472168,0.4701366424560547
1789038670988076500,60.56207666015625,0.24961507320404053,0.6848263740539551,0.7751293182373047
1789038670998076700,60.57207666015625,0.25192344188690186,0.541351318359375,0.8758554458618164
1789038671008076500,60.58207666015625,0.2584468126296997,0.4371652603149414,0.9909563064575195
1789038671018076700,60.59207666015625,0.2264467477798462,0.4794907569885254,0.8548793792724609
1789038671028076500,60.60207666015625,0.175217866897583,0.45301294326782227,0.7927131652832031
1789038671038076700,60.61207666015625,0.16563498973846436,0.44278812408447266,0.821197509765625
1789038671048076500,60.62207666015625,0.22837519645690918,0.3480653762817383,0.7521896362304688
1789038671058076700,60.63207666015625,0.387334406375885,0.24497747421264648,0.7472105026245117
1789038671068076500,60.64207666015625,0.44023311138153076,0.27377939224243164,0.781437873840332
1789038671078076700,60.65207666015625,0.413849413394928,0.29631900787353516,0.6035995483398438
1789038671088076500,60.66207666015625,0.4264596104621887,0.3942580223083496,0.27124881744384766
1789038671098076700,60.67207666015625,0.4388478994369507,0.44954729080200195,0.08766365051269531
1789038671108076500,60.68207666015625,0.5035994052886963,0.3776068687438965,0.17226028442382812
1789038671118076700,60.69207666015625,0.42939329147338867,0.1847991943359375,0.2511320114135742
1789038671128076500,60.70207666015625,0.37631797790527344,0.0275421142578125,0.4552116394042969
1789038671138076700,60.71207666015625,0.21137189865112305,-0.06462812423706055,0.5831699371337891
1789038671148076500,60.72207666015625,-0.004216909408569336,-0.03046560287475586,0.6005592346191406
1789038671158076700,60.73207666015625,-0.11736667156219482,0.14393234252929688,0.4890117645263672
1789038671168076500,60.74207666015625,-0.2524601221084595,0.27625346183776855,0.47281837463378906
1789038671178076700,60.75207666015625,-0.060224175453186035,0.5022697448730469,0.16210460662841797
1789038671188076500,60.76207666015625,0.2468104362487793,0.6663436889648438,0.1289052963256836
1789038671198076700,60.77207666015625,0.4828779697418213,0.7570693492889404,0.08733463287353516
1789038671208076500,60.78207666015625,0.5397598743438721,0.5840048789978027,0.1460113525390625
1789038671218076700,60.79207666015625,0.37757253646850586,0.33183932304382324,0.17938804626464844
1789038671228076500,60.80207666015625,0.24485015869140625,0.0753183364868164,0.6193370819091797
1789038671238076700,60.81207666015625,0.09525084495544434,-0.0840911865234375,0.8176383972167969
1789038671248076500,60.82207666015625,-0.12103879451751709,-0.14633965492248535,0.691950798034668
1789038671258076700,60.83207666015625,-0.23125481605529785,-0.1685791015625,0.570103645324707
1789038671268076500,60.84207666015625,-0.19622397422790527,-0.12825345993041992,0.25971031188964844
1789038671278076700,60.85207666015625,-0.048421502113342285,-0.023563861846923828,0.3778219223022461
1789038671288076500,60.86207666015625,-0.009091854095458984,0.1152336597442627,0.1980571746826172
1789038671298076700,60.87207666015625,-0.18937015533447266,0.20635080337524414,0.05115509033203125
1789038671308076500,60.88207666015625,-0.2490708827972412,0.23430538177490234,0.5081062316894531
1789038671318076700,60.89207666015625,-0.16853833198547363,0.11642861366271973,0.48274993896484375
1789038671328076500,60.90207666015625,-0.02191293239593506,-0.09250664710998535,0.40891361236572266
1789038671338076700,60.91207666015625,0.19682753086090088,-0.28450846672058105,0.2765483856201172
1789038671348076500,60.92207666015625,0.12650763988494873,-0.5469338893890381,-0.1200876235961914
1789038671358076700,60.93207666015625,-0.0636674165725708,-0.7772247791290283,-0.3544435501098633
1789038671368076500,60.94207666015625,-0.16187989711761475,-0.8892397880554199,-0.3108682632446289
1789038671378076700,60.95207666015625,-0.18407821655273438,-0.9395327568054199,-0.2820091247558594
1789038671388076500,60.96207666015625,-0.17582380771636963,-0.9218742847442627,-0.250030517578125
1789038671398076700,60.97207666015625,-0.19188106060028076,-0.834679365158081,-0.3236351013183594
1789038671408076500,60.98207666015625,-0.1150280237197876,-0.6718335151672363,-0.3618812561035156
1789038671418076700,60.99207666015625,-0.04631757736206055,-0.5484983921051025,0.0007476806640625
1789038671428076500,61.00207666015625,0.21929168701171875,-0.39562249183654785,0.06006050109863281
1789038671438076700,61.01207666015625,0.23218321800231934,-0.28853702545166016,0.044333457946777344
1789038671448076500,61.02207666015625,0.11853516101837158,-0.31903839111328125,-0.14801597595214844
1789038671458076700,61.03207666015625,0.008996725082397461,-0.2604738473892212,0.02434062957763672
1789038671468076500,61.04207666015625,-0.017551422119140625,-0.10612404346466064,0.1349201202392578
1789038671478076700,61.05207666015625,-0.09052824974060059,0.07598698139190674,0.1857147216796875
1789038671488076500,61.06207666015625,-0.11288619041442871,0.250249981880188,-0.22661304473876953
1789038671498076700,61.07207666015625,-0.30049824714660645,0.4565267562866211,-0.7776889801025391
1789038671508076500,61.08207666015625,-0.484539270401001,0.5637703537940979,-1.1612482070922852
1789038671518076700,61.09207666015625,-0.40207982063293457,0.4871394634246826,-1.3336181640625
1789038671528076500,61.10207666015625,-0.2643914222717285,0.3434861898422241,-0.944610595703125
1789038671538076700,61.11207666015625,-0.5280580520629883,0.06816482543945312,-0.25060176849365234
1789038671548076500,61.12207666015625,-0.840317964553833,-0.10046565532684326,0.3681974411010742
1789038671558076700,61.13207666015625,-0.5774507522583008,-0.37413299083709717,-0.08335590362548828
1789038671568076500,61.14207666015625,0.11767411231994629,-0.6286525130271912,-0.6032209396362305
1789038671578076700,61.15207666015625,0.7334640026092529,-0.7116711735725403,-0.7298517227172852
1789038671588076500,61.16207666015625,0.6806764602661133,-0.5478672385215759,-0.7156839370727539
1789038671598076700,61.17207666015625,0.46947216987609863,-0.36937057971954346,-0.5292873382568359
1789038671608076500,61.18207666015625,0.33574533462524414,-0.41318923234939575,-0.3530254364013672
1789038671618076700,61.19207666015625,-0.027609825134277344,-0.3529549241065979,0.42034053802490234
1789038671628076500,61.20207666015625,-0.4149644374847412,-0.18903744220733643,0.7233848571777344
1789038671638076700,61.21207666015625,0.01915574073791504,0.18804191052913666,0.5667610168457031
1789038671648076500,61.22207666015625,0.41953277587890625,0.6434601545333862,0.3702888488769531
1789038671658076700,61.23207666015625,0.4119906425476074,0.575107216835022,-0.009531974792480469
1789038671668076500,61.24207666015625,0.21080517768859863,0.2326025515794754,0.09396648406982422
1789038671678076700,61.25207666015625,-0.035400390625,-0.05880093574523926,-0.14291858673095703
1789038671688076500,61.26207666015625,0.0973367691040039,-0.15421202778816223,-0.28876399993896484
1789038671698076700,61.27207666015625,0.4193460941314697,-0.3311108648777008,-0.6228904724121094
1789038671708076500,61.28207666015625,0.47405385971069336,-0.2929648756980896,-1.5229520797729492
1789038671718076700,61.29207666015625,-0.052948951721191406,-0.2996620833873749,-2.2232589721679688
1789038671728076500,61.30207666015625,-0.28973984718322754,-0.04775870218873024,-2.3346920013427734
1789038671738076700,61.31207666015625,-0.13230109214782715,0.4189695119857788,-1.9586353302001953
1789038671748076500,61.32207666015625,0.1710052490234375,0.7609148025512695,-1.3588924407958984
1789038671758076700,61.33207666015625,0.3946950435638428,0.8237762451171875,-0.9962015151977539
1789038671768076500,61.34207666015625,0.16945147514343262,0.4506024718284607,-0.6554403305053711
1789038671778076700,61.35207666015625,-0.020125389099121094,0.08507126569747925,-0.037201881408691406
1789038671788076500,61.36207666015625,0.011713266372680664,-0.14339418709278107,0.24520301818847656
1789038671798076700,61.37207666015625,0.3366844654083252,-0.5513090491294861,-0.0864400863647461
1789038671808076500,61.38207666015625,0.3363614082336426,-0.7415811419487,0.02181243896484375
1789038671818076700,61.39207666015625,0.19698309898376465,-0.8879958987236023,-0.3443260192871094
1789038671828076500,61.40207666015625,-0.24710965156555176,-0.8936711549758911,-0.5784034729003906
1789038671838076700,61.41207666015625,0.0537722110748291,-0.6362956762313843,-0.7285337448120117
1789038671848076500,61.42207666015625,-0.2619638442993164,-0.38846635818481445,-0.8703994750976562
1789038671858076700,61.43207666015625,-0.10834932327270508,-0.19397398829460144,-1.151432991027832
1789038671868076500,61.44207666015625,-0.17060518264770508,0.054142534732818604,-1.2482433319091797
1789038671878076700,61.45207666015625,-0.5432982444763184,0.14789313077926636,-1.1476449966430664
1789038671888076500,61.46207666015625,-0.548952579498291,0.03440698981285095,-0.8455972671508789
1789038671898076700,61.47207666015625,-0.4779994487762451,-0.1880580484867096,-0.8190689086914062
1789038671908076500,61.48207666015625,-0.7712180614471436,-0.46014726161956787,-0.45011043548583984
1789038671918076700,61.49207666015625,-0.7196488380432129,-0.6174364686012268,-0.048880577087402344
1789038671928076500,61.50207666015625,-0.4544961452484131,-0.6094039678573608,0.16173839569091797
1789038671938076700,61.51207666015625,0.08310890197753906,-0.5745981931686401,0.29306507110595703
1789038671948076500,61.52207666015625,-0.11510944366455078,-0.48749858140945435,0.23022937774658203
1789038671958076700,61.53207666015625,-0.33794617652893066,-0.30988651514053345,0.12171268463134766
1789038671968076500,61.54207666015625,-0.3952784538269043,-0.007257670164108276,-0.09992313385009766
1789038671978076700,61.55207666015625,0.08876204490661621,0.34298574924468994,-0.31914329528808594
1789038671988076500,61.56207666015625,-0.22993206977844238,0.4445314407348633,-0.7819538116455078
1789038671998076700,61.57207666015625,-0.047191619873046875,0.3404616713523865,-1.1749753952026367
1789038672008076500,61.58207666015625,0.11286401748657227,0.2855481803417206,-1.0256452560424805
1789038672018076700,61.59207666015625,-0.043154239654541016,0.10846558958292007,-0.9294023513793945
1789038672028076500,61.60207666015625,-0.09515881538391113,0.001142142340540886,-0.6944541931152344
1789038672038076700,61.61207666015625,-0.19932270050048828,0.01276145875453949,-0.5776691436767578
1789038672048076500,61.62207666015625,0.1823333501815796,0.06034950166940689,-0.6022109985351562
1789038672058076700,61.63207666015625,-0.013552427291870117,0.09274701774120331,-0.5868206024169922
1789038672068076500,61.64207666015625,0.3256998062133789,0.1630752682685852,-0.4759244918823242
1789038672078076700,61.65207666015625,0.13755309581756592,0.2846701741218567,-0.36600589752197266
1789038672088076500,61.66207666015625,-0.21458148956298828,0.3559017777442932,-0.5527229309082031
1789038672098076700,61.67207666015625,-0.19927334785461426,0.34587571024894714,-0.6619234085083008
1789038672108076500,61.68207666015625,-0.5556573867797852,0.3763628602027893,-0.6229515075683594
1789038672118076700,61.69207666015625,-0.27554965019226074,0.45433878898620605,-0.6944408416748047
1789038672128076500,61.70207666015625,-0.02550637722015381,0.5731008648872375,-0.5029172897338867
1789038672138076700,61.71207666015625,-0.2476738691329956,0.5937801003456116,-0.16902637481689453
1789038672148076500,61.72207666015625,-0.3326098918914795,0.44436532258987427,-0.0008678436279296875
1789038672158076700,61.73207666015625,-0.3226778507232666,0.2075989842414856,0.20035362243652344
1789038672168076500,61.74207666015625,-0.29063713550567627,-0.042082369327545166,0.2552671432495117
1789038672178076700,61.75207666015625,-0.5619111061096191,-0.2615879774093628,0.1353015899658203
1789038672188076500,61.76207666015625,-0.5015513896942139,-0.391329288482666,-0.018042564392089844
1789038672198076700,61.77207666015625,-0.3419736623764038,-0.42869412899017334,-0.1342630386352539
1789038672208076500,61.78207666015625,-0.12371814250946045,-0.3383587598800659,-0.21184730529785156
1789038672218076700,61.79207666015625,-0.28155696392059326,-0.09696340560913086,-0.10352706909179688
1789038672228076500,61.80207666015625,-0.2552683353424072,0.17610418796539307,-0.16518115997314453
1789038672238076700,61.81207666015625,-0.04382658004760742,0.38862335681915283,-0.38890552520751953
1789038672248076500,61.82207666015625,0.057656168937683105,0.5175086855888367,-0.5323410034179688
1789038672258076700,61.83207666015625,-0.18765223026275635,0.5522767305374146,-0.4620475769042969
1789038672268076500,61.84207666015625,0.17764818668365479,0.6656997203826904,-0.13619422912597656
1789038672278076700,61.85207666015625,0.4809967279434204,0.7603503465652466,0.43401336669921875
1789038672288076500,61.86207666015625,0.33556389808654785,0.7657215595245361,0.7040929794311523
1789038672298076700,61.87207666015625,-0.1055147647857666,0.6464951038360596,0.5520343780517578
1789038672308076500,61.88207666015625,-0.3739054203033447,0.5275503396987915,0.29136085510253906
1789038672318076700,61.89207666015625,-0.32562315464019775,0.42774736881256104,-0.009759902954101562
1789038672328076500,61.90207666015625,-0.7209309339523315,0.32670021057128906,-0.35244178771972656
1789038672338076700,61.91207666015625,-0.7586411237716675,0.18233227729797363,-0.32286739349365234
1789038672348076500,61.92207666015625,-0.7458029985427856,-0.16695475578308105,-0.4048604965209961
1789038672358076700,61.93207666015625,-0.7472330331802368,-0.5887851715087891,-0.3782491683959961
1789038672368076500,61.94207666015625,-0.7626650333404541,-0.9499201774597168,-0.056754112243652344
1789038672378076700,61.95207666015625,-0.754395604133606,-1.12361478805542,0.23000049591064453
1789038672388076500,61.96207666015625,-0.722998857498169,-1.28556227684021,0.41602134704589844
1789038672398076700,61.97207666015625,-0.4693976640701294,-1.310701847076416,0.7006406784057617
1789038672408076500,61.98207666015625,-0.6291229724884033,-1.152214527130127,0.49196338653564453
1789038672418076700,61.99207666015625,-0.7919497489929199,-0.8704195022583008,-0.1705484390258789
1789038672428076500,62.00207666015625,-0.5738949775695801,-0.3964531421661377,-0.7143402099609375
1789038672438076700,62.01207666015625,-0.5045943856239319,0.16689562797546387,-1.019845962524414
1789038672448076500,62.02207666015625,-0.3387565612792969,0.7390530109405518,-0.8790111541748047
1789038672458076700,62.03207666015625,-0.006191432476043701,1.2537802457809448,-0.4191732406616211
1789038672468076500,62.04207666015625,-0.07612448930740356,1.5444817543029785,-0.06637096405029297
1789038672478076700,62.05207666015625,-0.2822667956352234,1.7654000520706177,0.21860599517822266
1789038672488076500,62.06207666015625,-0.36550629138946533,1.797013282775879,0.45079994201660156
1789038672498076700,62.07207666015625,-0.3587677478790283,1.3713347911834717,0.5324363708496094
1789038672508076500,62.08207666015625,-0.1494286060333252,0.8777861595153809,0.9500207901000977
1789038672518076700,62.09207666015625,0.1995510458946228,0.41732192039489746,1.2902345657348633
1789038672528076500,62.10207666015625,0.2999676465988159,0.26275157928466797,1.3180427551269531
1789038672538076700,62.11207666015625,0.03956043720245361,0.3765265941619873,1.3241653442382812
1789038672548076500,62.12207666015625,-0.15313267707824707,0.4802272319793701,1.4845495223999023
1789038672558076700,62.13207666015625,-0.07569408416748047,0.5222671031951904,1.2940912246704102
1789038672568076500,62.14207666015625,-0.158314049243927,0.494814395904541,1.2043142318725586
1789038672578076700,62.15207666015625,-0.08479815721511841,0.4588813781738281,1.0454292297363281
1789038672588076500,62.16207666015625,0.02387404441833496,0.5702276229858398,0.636378288269043
1789038672598076700,62.17207666015625,-0.15334731340408325,0.7724556922912598,0.18096542358398438
1789038672608076500,62.18207666015625,-0.46101582050323486,0.9102075099945068,-0.14933109283447266
1789038672618076700,62.19207666015625,-0.399483323097229,0.9412293434143066,-0.08002376556396484
1789038672628076500,62.20207666015625,-0.16708755493164062,0.8552694320678711,0.06324100494384766
1789038672638076700,62.21207666015625,-0.09495079517364502,0.5397353172302246,0.4588050842285156
1789038672648076500,62.22207666015625,-0.09077620506286621,0.10591459274291992,1.312215805053711
1789038672658076700,62.23207666015625,-0.31574875116348267,-0.10818243026733398,1.6554298400878906
1789038672668076500,62.24207666015625,-0.3367270231246948,-0.16035223007202148,1.6778087615966797
1789038672678076700,62.25207666015625,-0.5204213857650757,-0.025081634521484375,1.4175825119018555
1789038672688076500,62.26207666015625,-0.41719484329223633,0.1715707778930664,0.9566402435302734
1789038672698076700,62.27207666015625,-0.021177291870117188,0.29625415802001953,0.690363883972168
1789038672708076500,62.28207666015625,0.07227200269699097,0.45259809494018555,0.1889200210571289
1789038672718076700,62.29207666015625,0.3448951840400696,0.610445499420166,0.5354404449462891
1789038672728076500,62.30207666015625,0.35755378007888794,0.6034622192382812,0.12344741821289062
1789038672738076700,62.31207666015625,-0.04372835159301758,0.6173062324523926,-0.1635761260986328
1789038672748076500,62.32207666015625,-0.1100531816482544,0.5779256820678711,0.37066078186035156
1789038672758076700,62.33207666015625,-0.2843387722969055,0.3940730094909668,0.8250713348388672
1789038672768076500,62.34207666015625,-0.0537189245223999,0.3170313835144043,1.0612735748291016
1789038672778076700,62.35207666015625,0.06674474477767944,0.24724769592285156,1.1372175216674805
1789038672788076500,62.36207666015625,-0.2946694493293762,0.0786890983581543,0.6812753677368164
1789038672798076700,62.37207666015625,-0.2887609601020813,0.0338282585144043,0.21143150329589844
1789038672808076500,62.38207666015625,-0.28927183151245117,-0.0015935897827148438,-0.4835834503173828
1789038672818076700,62.39207666015625,-0.11165153980255127,0.027330398559570312,-0.9308538436889648
1789038672828076500,62.40207666015625,0.39445677399635315,0.18395328521728516,-1.066868782043457
1789038672838076700,62.41207666015625,0.4205864667892456,0.3225383758544922,-1.2062444686889648
1789038672848076500,62.42207666015625,-0.2092447280883789,0.5193161964416504,-0.875333309173584
1789038672858076700,62.43207666015625,-0.6347712874412537,0.5780749320983887,-0.6883673667907715
1789038672868076500,62.44207666015625,-0.6135534644126892,0.36925506591796875,-0.8010907173156738
1789038672878076700,62.45207666015625,-0.6602548360824585,0.08866453170776367,-0.8678507804870605
1789038672888076500,62.46207666015625,-0.5449809432029724,-0.3197031021118164,-0.7054915428161621
1789038672898076700,62.47207666015625,-0.43183743953704834,-0.6558871269226074,-0.18030309677124023
1789038672908076500,62.48207666015625,-0.3750985264778137,-0.8859524726867676,0.5104413032531738
1789038672918076700,62.49207666015625,-0.16681921482086182,-0.7657985687255859,0.8936829566955566
1789038672928076500,62.50207666015625,-0.12487691640853882,-0.3422584533691406,0.9933505058288574
1789038672938076700,62.51207666015625,-0.4114992022514343,-0.06940412521362305,0.7603902816772461
1789038672948076500,62.52207666015625,-0.3297595977783203,-0.10747623443603516,0.4894552230834961
1789038672958076700,62.53207666015625,-0.07154583930969238,-0.14897966384887695,0.0893697738647461
1789038672968076500,62.54207666015625,-0.09652143716812134,-0.3648500442504883,0.2510824203491211
1789038672978076700,62.55207666015625,-0.15453213453292847,-0.5911550521850586,0.30126380920410156
1789038672988076500,62.56207666015625,-0.17602360248565674,-0.868095874786377,0.7190475463867188
1789038672998076700,62.57207666015625,0.1159818172454834,-1.141021728515625,1.209151268005371
1789038673008076500,62.58207666015625,0.34901630878448486,-1.2371487617492676,1.2797489166259766
1789038673018076700,62.59207666015625,0.49978721141815186,-1.2094745635986328,1.0232048034667969
1789038673028076500,62.60207666015625,0.16559898853302002,-1.280848503112793,0.657933235168457
1789038673038076700,62.61207666015625,-0.03872954845428467,-1.3158798217773438,0.10059356689453125
1789038673048076500,62.62207666015625,0.12237882614135742,-1.3819975852966309,0.185943603515625
1789038673058076700,62.63207666015625,0.08523380756378174,-1.4010844230651855,0.3211345672607422
1789038673068076500,62.64207666015625,0.13458573818206787,-1.4502615928649902,0.44116687774658203
1789038673078076700,62.65207666015625,0.36600029468536377,-1.3958721160888672,0.4562969207763672
1789038673088076500,62.66207666015625,0.47806429862976074,-1.2663259506225586,-0.0943918228149414
1789038673098076700,62.67207666015625,0.6683676242828369,-1.0330100059509277,-0.3690910339355469
1789038673108076500,62.68207666015625,0.7037447094917297,-0.7796955108642578,-0.8431510925292969
1789038673118076700,62.69207666015625,0.7045387625694275,-0.6281113624572754,-1.0108423233032227
1789038673128076500,62.70207666015625,0.6639183759689331,-0.5975213050842285,-1.399979591369629
1789038673138076700,62.71207666015625,0.49271929264068604,-0.6626420021057129,-1.470306396484375
1789038673148076500,62.72207666015625,0.22713077068328857,-0.7416491508483887,-1.392369270324707
1789038673158076700,62.73207666015625,0.015628457069396973,-0.7720303535461426,-1.056955337524414
1789038673168076500,62.74207666015625,-0.049896836280822754,-0.7517080307006836,-0.6925592422485352
1789038673178076700,62.75207666015625,-0.10259854793548584,-0.6477828025817871,-0.33327245712280273
1789038673188076500,62.76207666015625,-0.09958922863006592,-0.4404597282409668,-0.2280254364013672
1789038673198076700,62.77207666015625,-0.05778062343597412,-0.22284984588623047,-0.25789928436279297
1789038673208076500,62.78207666015625,0.002602696418762207,-0.05896568298339844,-0.2830934524536133
1789038673218076700,62.79207666015625,-0.08786618709564209,0.09925222396850586,-0.2936081886291504
1789038673228076500,62.80207666015625,-0.1331620216369629,0.30564451217651367,-0.21877002716064453
1789038673238076700,62.81207666015625,-0.14664733409881592,0.49225807189941406,-0.15444660186767578
1789038673248076500,62.82207666015625,-0.02260279655456543,0.47952795028686523,0.0888071060180664
1789038673258076700,62.83207666015625,0.15125274658203125,0.43535757064819336,0.19329547882080078
1789038673268076500,62.84207666015625,0.29642319679260254,0.36513710021972656,0.47133731842041016
1789038673278076700,62.85207666015625,0.5058516263961792,0.2535977363586426,0.38353538513183594
1789038673288076500,62.86207666015625,0.526729166507721,0.19515323638916016,0.12858867645263672
1789038673298076700,62.87207666015625,0.658820390701294,0.09501886367797852,0.24651336669921875
1789038673308076500,62.88207666015625,0.7128291130065918,-0.07812833786010742,0.4241514205932617
1789038673318076700,62.89207666015625,0.598873496055603,-0.16761541366577148,0.6366357803344727
1789038673328076500,62.90207666015625,0.5942607522010803,-0.18189096450805664,0.7980165481567383
1789038673338076700,62.91207666015625,0.5371427536010742,-0.09172344207763672,1.0359392166137695
1789038673348076500,62.92207666015625,0.45535504817962646,0.03943490982055664,1.1133956909179688
1789038673358076700,62.93207666015625,0.3812979459762573,0.20720386505126953,0.9358892440795898
1789038673368076500,62.94207666015625,0.27377259731292725,0.35754966735839844,0.6734838485717773
1789038673378076700,62.95207666015625,0.13285934925079346,0.40259790420532227,0.6252346038818359
1789038673388076500,62.96207666015625,0.10271310806274414,0.2942161560058594,0.6389884948730469
1789038673398076700,62.97207666015625,0.2827407717704773,0.06639814376831055,0.5907554626464844
1789038673408076500,62.98207666015625,0.4887457489967346,-0.0022292137145996094,0.5256586074829102
1789038673418076700,62.99207666015625,0.7495340704917908,0.04754781723022461,0.3468208312988281
1789038673428076500,63.00207666015625,0.8906827569007874,0.17589759826660156,0.010446548461914062
1789038673438076700,63.01207666015625,0.9435807466506958,0.45378589630126953,-0.1731853485107422
1789038673448076500,63.02207666015625,0.8541828393936157,0.5289430618286133,-0.5713376998901367
1789038673458076700,63.03207666015625,0.777472734451294,0.5691165924072266,-0.6896247863769531
1789038673468076500,63.04207666015625,0.7105525135993958,0.3498649597167969,-0.5753726959228516
1789038673478076700,63.05207666015625,0.6260390877723694,0.03412818908691406,-0.4445610046386719
1789038673488076500,63.06207666015625,0.7525482177734375,-0.06069660186767578,-0.2710752487182617
1789038673498076700,63.07207666015625,0.6195762157440186,-0.11413812637329102,-0.2946014404296875
1789038673508076500,63.08207666015625,0.42582666873931885,-0.08311700820922852,-0.2536144256591797
1789038673518076700,63.09207666015625,0.30114877223968506,-0.0027074813842773438,-0.49272918701171875
1789038673528076500,63.10207666015625,0.17030256986618042,0.0423431396484375,-0.7282266616821289
1789038673538076700,63.11207666015625,-0.08861541748046875,-0.09552001953125,-0.423675537109375
1789038673548076500,63.12207666015625,0.007763266563415527,-0.23283958435058594,-0.13483428955078125
1789038673558076700,63.13207666015625,0.0017818212509155273,-0.31885480880737305,0.5105457305908203
1789038673568076500,63.14207666015625,-0.015832901000976562,-0.3877983093261719,1.322525978088379
1789038673578076700,63.15207666015625,0.0927196741104126,-0.47771501541137695,1.3500785827636719
1789038673588076500,63.16207666015625,-0.04594314098358154,-0.46897459030151367,1.4142389297485352
1789038673598076700,63.17207666015625,0.13818645477294922,-0.14968013763427734,0.7371339797973633
1789038673608076500,63.18207666015625,0.12297713756561279,0.346468448638916,0.5093479156494141
1789038673618076700,63.19207666015625,0.2055739164352417,0.555835485458374,0.5205106735229492
1789038673628076500,63.20207666015625,0.1679835319519043,0.45525360107421875,0.8731565475463867
1789038673638076700,63.21207666015625,0.16220563650131226,0.2690420150756836,0.9388904571533203
1789038673648076500,63.22207666015625,0.2827603816986084,0.0515446662902832,1.058466911315918
1789038673658076700,63.23207666015625,0.5044569969177246,0.0779571533203125,1.3510446548461914
1789038673668076500,63.24207666015625,0.6675434112548828,0.022742509841918945,1.4891538619995117
1789038673678076700,63.25207666015625,0.7127368450164795,-0.06179928779602051,0.9921474456787109
1789038673688076500,63.26207666015625,0.4326278567314148,-0.08190560340881348,0.3643989562988281
1789038673698076700,63.27207666015625,0.31901711225509644,0.09262275695800781,-0.17136573791503906
1789038673708076500,63.28207666015625,0.17073798179626465,0.2173466682434082,-0.28497886657714844
1789038673718076700,63.29207666015625,0.01616835594177246,0.24612665176391602,-0.3391389846801758
1789038673728076500,63.30207666015625,-0.09954392910003662,0.2230210304260254,-0.15351200103759766
1789038673738076700,63.31207666015625,-0.2353140115737915,0.20806479454040527,0.2264852523803711
1789038673748076500,63.32207666015625,-0.3380776643753052,0.19075655937194824,0.3848237991333008
1789038673758076700,63.33207666015625,-0.3890341520309448,0.07386493682861328,0.5391101837158203
1789038673768076500,63.34207666015625,-0.33944380283355713,-0.07444596290588379,0.4147377014160156
1789038673778076700,63.35207666015625,-0.16080284118652344,-0.13160419464111328,0.18319129943847656
1789038673788076500,63.36207666015625,0.09253358840942383,-0.21298670768737793,-0.2268838882446289
1789038673798076700,63.37207666015625,0.16687536239624023,-0.23232293128967285,-0.36783695220947266
1789038673808076500,63.38207666015625,0.32563257217407227,-0.05833268165588379,-0.26323413848876953
1789038673818076700,63.39207666015625,0.2760756015777588,0.1377427577972412,-0.05008697509765625
1789038673828076500,63.40207666015625,0.24578547477722168,0.19094061851501465,0.33577442169189453
1789038673838076700,63.41207666015625,0.39424335956573486,0.2981269359588623,0.3687410354614258
1789038673848076500,63.42207666015625,0.35909438133239746,0.0688621997833252,0.19266605377197266
1789038673858076700,63.43207666015625,0.13130426406860352,-0.009636878967285156,0.4928159713745117
1789038673868076500,63.44207666015625,0.13543975353240967,-0.10866808891296387,0.46755123138427734
1789038673878076700,63.45207666015625,0.007529616355895996,-0.18602371215820312,0.3283195495605469
1789038673888076500,63.46207666015625,-0.032648563385009766,-0.3032517433166504,-0.06320381164550781
1789038673898076700,63.47207666015625,0.2700793743133545,-0.270672082901001,-0.3848991394042969
1789038673908076500,63.48207666015625,0.3190373182296753,-0.255393385887146,-0.2752838134765625
1789038673918076700,63.49207666015625,0.45652711391448975,-0.3764817714691162,-0.2241506576538086
1789038673928076500,63.50207666015625,0.4603719711303711,-0.4406787157058716,-0.0767049789428711
1789038673938076700,63.51207666015625,0.2615177631378174,-0.49352598190307617,-0.13092803955078125
1789038673948076500,63.52207666015625,-0.03448629379272461,-0.39993393421173096,-0.22353839874267578
1789038673958076700,63.53207666015625,0.0382082462310791,-0.25756824016571045,-0.2740612030029297
1789038673968076500,63.54207666015625,0.114715576171875,-0.23645055294036865,-0.3632946014404297
1789038673978076700,63.55207666015625,0.1748429536819458,-0.2975989580154419,-0.4675254821777344
1789038673988076500,63.56207666015625,-0.02770817279815674,-0.40102100372314453,-0.4030179977416992
1789038673998076700,63.57207666015625,-0.12284576892852783,-0.40223944187164307,-0.3479194641113281
1789038674008076500,63.58207666015625,0.23347234725952148,-0.3496953248977661,-0.47535133361816406
1789038674018076700,63.59207666015625,0.2719144821166992,-0.3275057077407837,-0.6332368850708008
1789038674028076500,63.60207666015625,0.04534602165222168,-0.4379303455352783,-0.7024335861206055
1789038674038076700,63.61207666015625,-0.43648362159729004,-0.45565831661224365,-0.22842979431152344
1789038674048076500,63.62207666015625,-0.5949339866638184,-0.4074866771697998,-0.15222454071044922
1789038674058076700,63.63207666015625,-0.20709753036499023,-0.3314976096153259,-0.43990516662597656
1789038674068076500,63.64207666015625,0.3355381488800049,-0.36624687910079956,-0.8101768493652344
1789038674078076700,63.65207666015625,0.3775736093521118,-0.20700374245643616,-0.6721181869506836
1789038674088076500,63.66207666015625,0.26650238037109375,-0.03371924161911011,-0.5825157165527344
1789038674098076700,63.67207666015625,0.48437952995300293,0.023391366004943848,-0.27350902557373047
1789038674108076500,63.68207666015625,0.6800973415374756,-0.12622550129890442,-0.024619102478027344
1789038674118076700,63.69207666015625,0.4576544761657715,-0.23899658024311066,0.15340328216552734
1789038674128076500,63.70207666015625,0.6351401805877686,-0.39722853899002075,-0.16334915161132812
1789038674138076700,63.71207666015625,0.9785623550415039,-0.41133689880371094,-0.3201169967651367
1789038674148076500,63.72207666015625,0.9527561664581299,-0.2163911610841751,-0.2525453567504883
1789038674158076700,63.73207666015625,0.5646443367004395,0.09254126250743866,0.02045154571533203
1789038674168076500,63.74207666015625,0.31681036949157715,0.171131893992424,-0.44670677185058594
1789038674178076700,63.75207666015625,0.4038076400756836,0.21125279366970062,-1.120255470275879
1789038674188076500,63.76207666015625,0.42798399925231934,0.294345498085022,-1.5303735733032227
1789038674198076700,63.77207666015625,0.23900866508483887,0.17824971675872803,-1.6677188873291016
1789038674208076500,63.78207666015625,-0.12305879592895508,-0.07587504386901855,-1.5531949996948242
1789038674218076700,63.79207666015625,-0.2122044563293457,-0.30489787459373474,-1.288355827331543
1789038674228076500,63.80207666015625,-0.2568340301513672,-0.3710069954395294,-0.6186532974243164
1789038674238076700,63.81207666015625,0.33161306381225586,-0.41880956292152405,-0.34732627868652344
1789038674248076500,63.82207666015625,0.5431408882141113,-0.43022245168685913,0.18244457244873047
1789038674258076700,63.83207666015625,0.3630552291870117,-0.38904350996017456,0.22114181518554688
1789038674268076500,63.84207666015625,-0.08258795738220215,-0.30279701948165894,0.2923612594604492
1789038674278076700,63.85207666015625,-0.33848094940185547,-0.31409502029418945,0.3305501937866211
1789038674288076500,63.86207666015625,-0.08013916015625,-0.2527243196964264,0.4320974349975586
1789038674298076700,63.87207666015625,0.07119989395141602,-0.2448403239250183,0.4457540512084961
1789038674308076500,63.88207666015625,-0.09041905403137207,-0.42809832096099854,0.4575767517089844
1789038674318076700,63.89207666015625,-0.22938108444213867,-0.650629997253418,0.11934757232666016
1789038674328076500,63.90207666015625,-0.496997594833374,-0.783689022064209,-0.45528602600097656
1789038674338076700,63.91207666015625,-0.5050764083862305,-0.8174554705619812,-0.7788925170898438
1789038674348076500,63.92207666015625,-0.287630558013916,-0.6843041181564331,-1.0446529388427734
1789038674358076700,63.93207666015625,-0.28319859504699707,-0.44124168157577515,-1.1812191009521484
1789038674368076500,63.94207666015625,-0.20946621894836426,-0.19184237718582153,-1.1911725997924805
1789038674378076700,63.95207666015625,-0.35030364990234375,-0.09680485725402832,-1.039231300354004
1789038674388076500,63.96207666015625,0.02914595603942871,-0.06898409128189087,-0.5870237350463867
1789038674398076700,63.97207666015625,0.17690658569335938,-0.20196443796157837,-0.5811529159545898
1789038674408076500,63.98207666015625,-0.20173168182373047,-0.3608665466308594,-0.7303981781005859
1789038674418076700,63.99207666015625,-0.19026446342468262,-0.3617699146270752,-0.9548349380493164
1789038674428076500,64.00207666015625,0.19688940048217773,0.03034430742263794,-0.7513313293457031
1789038674438076700,64.01207666015625,0.11118054389953613,0.31446516513824463,-0.8858928680419922
1789038674448076500,64.02207666015624,-0.19685626029968262,0.5684767365455627,-0.5285177230834961
1789038674458076700,64.03207666015625,-0.33281970024108887,0.5336437225341797,-0.4796714782714844
1789038674468076500,64.04207666015625,-0.012472271919250488,0.204273521900177,-0.8256635665893555
1789038674478076700,64.05207666015625,0.564713716506958,-0.09217202663421631,-0.9128704071044922
1789038674488076500,64.06207666015625,0.6659265756607056,-0.20206975936889648,-0.8009824752807617
1789038674498076700,64.07207666015626,0.43296706676483154,-0.10058754682540894,-0.566227912902832
1789038674508076500,64.08207666015625,-0.3152695894241333,0.02818399667739868,-0.6426401138305664
1789038674518076700,64.09207666015625,-0.9412797689437866,0.18358373641967773,-0.7174758911132812
1789038674528076500,64.10207666015626,-0.5400625467300415,0.37323954701423645,-0.7550849914550781
1789038674538076700,64.11207666015625,-0.44333481788635254,0.38157492876052856,-1.0116081237792969
1789038674548076500,64.12207666015625,-0.4088035821914673,0.3647167980670929,-0.8510646820068359
1789038674558076700,64.13207666015624,-0.0755457878112793,0.278211772441864,-0.7984418869018555
1789038674568076500,64.14207666015625,-0.14652597904205322,0.10318003594875336,-0.7441616058349609
1789038674578076700,64.15207666015625,-0.19220232963562012,-0.008054077625274658,-0.5731391906738281
1789038674588076500,64.16207666015625,-0.4362109899520874,-0.04614132270216942,-0.4214010238647461
1789038674598076700,64.17207666015625,-0.38076889514923096,0.03633981570601463,-0.31186676025390625
1789038674608076500,64.18207666015626,-0.41841673851013184,0.13488152623176575,-0.31078433990478516
1789038674618076700,64.19207666015625,-0.5045727491378784,0.16611935198307037,-0.29076671600341797
1789038674628076500,64.20207666015625,-0.012104988098144531,0.18977418541908264,-0.3404197692871094
1789038674638076700,64.21207666015626,-0.01523137092590332,0.12628322839736938,-0.32781314849853516
1789038674648076500,64.22207666015625,-0.3036237955093384,0.004876464605331421,-0.28336143493652344
1789038674658076700,64.23207666015625,-0.45144176483154297,-0.10315462946891785,-0.2309112548828125
1789038674668076500,64.24207666015624,-0.2499021291732788,-0.12946352362632751,-0.25980281829833984
1789038674678076700,64.25207666015625,0.030704140663146973,0.015442967414855957,-0.022665023803710938
1789038674688076500,64.26207666015625,0.3013318181037903,0.1937742829322815,0.1649942398071289
1789038674698076700,64.27207666015624,0.14444923400878906,0.3049117922782898,0.3703908920288086
1789038674708076500,64.28207666015625,0.08328390121459961,0.44279634952545166,0.7049894332885742
1789038674718076700,64.29207666015625,0.005967855453491211,0.5563874244689941,0.7458505630493164
1789038674728076500,64.30207666015625,-0.2714657783508301,0.6077418923377991,0.7077484130859375
1789038674738076700,64.31207666015625,-0.21480977535247803,0.5903841257095337,0.4780569076538086
1789038674748076500,64.32207666015626,0.10549283027648926,0.4887329339981079,0.17545700073242188
1789038674758076700,64.33207666015625,-0.04924607276916504,0.3606598377227783,-0.16338634490966797
1789038674768076500,64.34207666015625,-0.1200857162475586,0.30132246017456055,-0.3567218780517578
1789038674778076700,64.35207666015626,-0.13007986545562744,0.32380616664886475,-0.4886770248413086
1789038674788076500,64.36207666015625,-0.3413839340209961,0.3869743347167969,-0.44764041900634766
1789038674798076700,64.37207666015625,-0.25850486755371094,0.5964049100875854,-0.23077774047851562
1789038674808076500,64.38207666015624,-0.03278541564941406,0.8613367676734924,-0.06370925903320312
1789038674818076700,64.39207666015625,-0.06916868686676025,0.9817968010902405,0.06660842895507812
1789038674828076500,64.40207666015625,-0.3996120095252991,0.8755377531051636,0.11614513397216797
1789038674838076700,64.41207666015625,-0.5843823552131653,0.6126291751861572,0.13501644134521484
1789038674848076500,64.42207666015625,-0.4266008734703064,0.3001399040222168,0.22926902770996094
1789038674858076700,64.43207666015626,-0.4360557794570923,-0.021556615829467773,0.43093013763427734
1789038674868076500,64.44207666015625,-0.12438327074050903,-0.31448936462402344,0.659083366394043
1789038674878076700,64.45207666015625,0.5572326183319092,-0.43340039253234863,0.8355712890625
1789038674888076500,64.46207666015626,1.3077282905578613,-0.37103748321533203,0.9770593643188477
1789038674898076700,64.47207666015625,1.5254132747650146,-0.16493988037109375,0.705143928527832
1789038674908076500,64.48207666015625,1.1415040493011475,0.08729839324951172,0.3642101287841797
1789038674918076700,64.49207666015624,0.6749088764190674,0.3673665523529053,-0.29779529571533203
1789038674928076500,64.50207666015625,0.3340420722961426,0.590050458908081,-0.8800792694091797
1789038674938076700,64.51207666015625,0.17361795902252197,0.7428296804428101,-1.186366081237793
1789038674948076500,64.52207666015624,0.07398122549057007,0.7936336994171143,-1.0943727493286133
1789038674958076700,64.53207666015625,-0.25005829334259033,0.7151460647583008,-0.728846549987793
1789038674968076500,64.54207666015625,-0.7382029891014099,0.5216095447540283,-0.12439346313476562
1789038674978076700,64.55207666015625,-1.0215656757354736,0.2824699878692627,0.13148784637451172
1789038674988076500,64.56207666015625,-1.0674548149108887,-0.009805917739868164,0.3111114501953125
1789038674998076700,64.57207666015626,-0.9820616245269775,-0.3450450897216797,0.22677326202392578
1789038675008076500,64.58207666015625,-0.8306419849395752,-0.6216518878936768,0.4183464050292969
1789038675018076700,64.59207666015625,-0.8569932579994202,-0.7807712554931641,0.6132297515869141
1789038675028076500,64.60207666015626,-0.5708882808685303,-0.6457521915435791,0.9911394119262695
1789038675038076700,64.61207666015625,-0.20291733741760254,-0.3775773048400879,1.015146255493164
1789038675048076500,64.62207666015625,0.09876805543899536,-0.07944321632385254,1.2063312530517578
1789038675058076700,64.63207666015624,0.21503561735153198,0.23317480087280273,1.4576997756958008
1789038675068076500,64.64207666015625,0.15374451875686646,0.5129930973052979,1.134450912475586
1789038675078076700,64.65207666015625,0.0731460452079773,0.8486719131469727,0.5693321228027344
1789038675088076500,64.66207666015625,0.13172286748886108,1.0932679176330566,0.27982616424560547
1789038675098076700,64.67207666015625,-0.023663640022277832,1.1736199855804443,-0.11624336242675781
1789038675108076500,64.68207666015626,-0.21650075912475586,0.9724307060241699,0.44836902618408203
1789038675118076700,64.69207666015625,-0.5105975866317749,0.6281564235687256,0.6084556579589844
1789038675128076500,64.70207666015625,-0.7410848140716553,0.3489232063293457,1.073410987854004
1789038675138076700,64.71207666015626,-0.39118319749832153,0.3450148105621338,1.3674898147583008
1789038675148076500,64.72207666015625,-0.12585723400115967,0.4440889358520508,1.531229019165039
1789038675158076700,64.73207666015625,-0.1843702793121338,0.43799495697021484,1.4602327346801758
1789038675168076500,64.74207666015624,-0.039334893226623535,0.34929943084716797,1.4339351654052734
1789038675178076700,64.75207666015625,0.13537108898162842,0.24398231506347656,1.5694541931152344
1789038675188076500,64.76207666015625,0.25467801094055176,0.15215587615966797,1.6114234924316406
1789038675198076700,64.77207666015624,0.03338444232940674,0.16540813446044922,1.2514162063598633
1789038675208076500,64.78207666015625,-0.21528345346450806,0.34559011459350586,1.0101966857910156
1789038675218076700,64.79207666015625,-0.3780600428581238,0.48882246017456055,0.5690097808837891
1789038675228076500,64.80207666015625,-0.0365946888923645,0.6786611080169678,0.6880350112915039
1789038675238076700,64.81207666015625,-0.10080462694168091,0.6013741493225098,0.5241565704345703
1789038675248076500,64.82207666015626,-0.23239392042160034,0.40854978561401367,0.3869447708129883
1789038675258076700,64.83207666015625,-0.01990443468093872,0.07451343536376953,0.3003358840942383
1789038675268076500,64.84207666015625,0.04893052577972412,-0.04216957092285156,0.11170387268066406
1789038675278076700,64.85207666015626,0.22192418575286865,-0.049051761627197266,0.3357200622558594
1789038675288076500,64.86207666015625,0.4815543591976166,-0.09577512741088867,0.43444347381591797
1789038675298076700,64.87207666015625,0.28198426961898804,-0.019486427307128906,0.1745920181274414
1789038675308076500,64.88207666015624,0.33427894115448,0.11583328247070312,-0.12408256530761719
1789038675318076700,64.89207666015625,0.45332834124565125,0.3087325096130371,-0.6769847869873047
1789038675328076500,64.90207666015625,0.3602607250213623,0.534395694732666,-1.125960350036621
1789038675338076700,64.91207666015625,0.2708960771560669,0.7454242706298828,-1.188004493713379
1789038675348076500,64.92207666015625,0.30365848541259766,0.9809904098510742,-0.9405007362365723
1789038675358076700,64.93207666015626,0.11752188205718994,0.9931051731109619,-0.715540885925293
1789038675368076500,64.94207666015625,0.06455034017562866,0.823695182800293,-0.36054277420043945
1789038675378076700,64.95207666015625,0.21975469589233398,0.5823736190795898,-0.009462356567382812
1789038675388076500,64.96207666015626,0.3599666953086853,0.34521055221557617,-0.06572151184082031
1789038675398076700,64.97207666015625,0.7699021697044373,0.16198301315307617,0.1019601821899414
1789038675408076500,64.98207666015625,0.8832101225852966,-0.13558387756347656,0.32900428771972656
1789038675418076700,64.99207666015624,0.983187198638916,-0.41547632217407227,0.789825439453125
1789038675428076500,65.00207666015625,0.7309408187866211,-0.555145263671875,1.004293441772461
1789038675438076700,65.01207666015625,0.5260012149810791,-0.6666841506958008,1.1846122741699219
1789038675448076500,65.02207666015624,0.5515541434288025,-0.767641544342041,1.3530464172363281
1789038675458076700,65.03207666015625,0.4502817392349243,-0.9296894073486328,1.4380302429199219
1789038675468076500,65.04207666015625,0.471523642539978,-1.041623592376709,1.198838233947754
1789038675478076700,65.05207666015625,0.31577473878860474,-1.0645403861999512,1.2225828170776367
1789038675488076500,65.06207666015625,0.3149958848953247,-1.1164655685424805,1.1356067657470703
1789038675498076700,65.07207666015626,0.5567248463630676,-1.00626802444458,0.9825239181518555
1789038675508076500,65.08207666015625,0.49194109439849854,-0.972754955291748,0.40587806701660156
1789038675518076700,65.09207666015625,0.37059348821640015,-0.8985624313354492,0.14194393157958984
1789038675528076500,65.10207666015626,0.17714977264404297,-0.9037342071533203,0.43744659423828125
1789038675538076700,65.11207666015625,-0.07136702537536621,-1.0164217948913574,0.3753633499145508
1789038675548076500,65.12207666015625,-0.12758982181549072,-1.0907306671142578,0.4337015151977539
1789038675558076700,65.13207666015624,0.16145288944244385,-1.2401986122131348,0.6333494186401367
1789038675568076500,65.14207666015625,0.5467783808708191,-1.3614745140075684,0.4660682678222656
1789038675578076700,65.15207666015625,0.7213318347930908,-1.424868106842041,-0.03048419952392578
1789038675588076500,65.16207666015625,0.5606014132499695,-1.2916011810302734,-0.5860280990600586
1789038675598076700,65.17207666015625,0.39488714933395386,-1.091853141784668,-1.075300693511963
1789038675608076500,65.18207666015626,0.150115966796875,-0.847602367401123,-1.3609237670898438
1789038675618076700,65.19207666015625,0.1262969970703125,-0.6168951988220215,-1.6323175430297852
1789038675628076500,65.20207666015625,0.02853107452392578,-0.3925609588623047,-1.7680845260620117
1789038675638076700,65.21207666015626,0.044048190116882324,-0.39620018005371094,-1.4376473426818848
1789038675648076500,65.22207666015625,0.2133502960205078,-0.4079732894897461,-1.3021240234375
1789038675658076700,65.23207666015625,0.39476537704467773,-0.4139900207519531,-0.9286026954650879
1789038675668076500,65.24207666015624,0.49868476390838623,-0.37646961212158203,-0.8480815887451172
1789038675678076700,65.25207666015625,0.5730983018875122,-0.2509913444519043,-0.6852865219116211
1789038675688076500,65.26207666015625,0.5728909969329834,-0.16890764236450195,-0.5073404312133789
1789038675698076700,65.27207666015624,0.46162110567092896,-0.030198097229003906,-0.5795307159423828
1789038675708076500,65.28207666015625,0.4057823419570923,0.10479068756103516,-0.3701443672180176
1789038675718076700,65.29207666015625,0.4374394416809082,0.12017440795898438,-0.10961532592773438
1789038675728076500,65.30207666015625,0.43097639083862305,0.12712955474853516,0.13000869750976562
1789038675738076700,65.31207666015625,0.37498939037323,0.16785001754760742,0.0267181396484375
1789038675748076500,65.32207666015626,0.3288480043411255,0.2861628532409668,-0.046179771423339844
1789038675758076700,65.33207666015625,0.3724379539489746,0.336672306060791,-0.02409839630126953
1789038675768076500,65.34207666015625,0.5167537927627563,0.35295581817626953,0.017327308654785156
1789038675778076700,65.35207666015626,0.650600254535675,0.33032655715942383,0.059185028076171875
1789038675788076500,65.36207666015625,0.7284975051879883,0.2577204704284668,0.01395416259765625
1789038675798076700,65.37207666015625,0.7283068895339966,0.1694774627685547,0.1026763916015625
1789038675808076500,65.38207666015624,0.5282188057899475,0.08495855331420898,0.16846847534179688
1789038675818076700,65.39207666015625,0.4345206022262573,-0.07373476028442383,0.20565509796142578
1789038675828076500,65.40207666015625,0.420526385307312,-0.2544856071472168,0.39251136779785156
1789038675838076700,65.41207666015625,0.48125410079956055,-0.37110137939453125,0.6199283599853516
1789038675848076500,65.42207666015625,0.5005261898040771,-0.38564205169677734,0.6583385467529297
1789038675858076700,65.43207666015626,0.4260370135307312,-0.4492778778076172,0.5409164428710938
1789038675868076500,65.44207666015625,0.23187017440795898,-0.5265321731567383,0.4376182556152344
1789038675878076700,65.45207666015625,0.09283196926116943,-0.5256853103637695,0.34848594665527344
1789038675888076500,65.46207666015626,0.013799309730529785,-0.4848747253417969,0.22535037994384766
1789038675898076700,65.47207666015625,-0.02324211597442627,-0.3307986259460449,0.10423660278320312
1789038675908076500,65.48207666015625,-0.03734731674194336,-0.21103286743164062,-0.06590557098388672
1789038675918076700,65.49207666015624,0.060085177421569824,-0.09389829635620117,0.012908935546875
1789038675928076500,65.50207666015625,0.13267123699188232,-0.06950855255126953,0.13581180572509766
1789038675938076700,65.51207666015625,0.3904438018798828,-0.09097003936767578,0.3400726318359375
1789038675948076500,65.52207666015624,0.6883144378662109,0.06708049774169922,0.3850851058959961
1789038675958076700,65.53207666015625,0.9060496687889099,0.21478843688964844,0.556910514831543
1789038675968076500,65.54207666015625,1.1468786001205444,0.28632020950317383,0.6148900985717773
1789038675978076700,65.55207666015625,1.2570221424102783,0.42462968826293945,0.4941883087158203
1789038675988076500,65.56207666015625,1.1296806335449219,0.6217455863952637,0.46749019622802734
1789038675998076700,65.57207666015626,1.006160020828247,0.8571362495422363,0.25572776794433594
1789038676008076500,65.58207666015625,0.6873083114624023,1.0361218452453613,0.20348453521728516
1789038676018076700,65.59207666015625,0.5054030418395996,1.1083383560180664,0.3361549377441406
1789038676028076500,65.60207666015626,0.2880445122718811,1.0591535568237305,0.4333343505859375
1789038676038076700,65.61207666015625,0.20263803005218506,0.9583239555358887,0.6057071685791016
1789038676048076500,65.62207666015625,0.24311625957489014,0.8165426254272461,0.8691034317016602
1789038676058076700,65.63207666015624,0.36561447381973267,0.6621732711791992,0.6200790405273438
1789038676068076500,65.64207666015625,0.2871673107147217,0.580439567565918,0.18443775177001953
1789038676078076700,65.65207666015625,0.14153307676315308,0.5191779136657715,-0.2917327880859375
1789038676088076500,65.66207666015625,0.11100703477859497,0.4694671630859375,-0.815861701965332
1789038676098076700,65.67207666015625,0.10151630640029907,0.429445743560791,-1.0006155967712402
1789038676108076500,65.68207666015626,-0.030224382877349854,0.2993288040161133,-0.4880537986755371
1789038676118076700,65.69207666015625,-0.09219515323638916,0.13463354110717773,0.1036977767944336
1789038676128076500,65.70207666015625,-0.06985408067703247,-0.020144939422607422,0.8204269409179688
1789038676138076700,65.71207666015626,-0.09136003255844116,-0.17435455322265625,1.2102956771850586
1789038676148076500,65.72207666015625,-0.1672338843345642,-0.23440122604370117,1.284876823425293
1789038676158076700,65.73207666015625,-0.24974972009658813,-0.23663330078125,1.3404512405395508
1789038676168076500,65.74207666015624,-0.3372786045074463,-0.27429866790771484,1.4315061569213867
1789038676178076700,65.75207666015625,-0.3984742760658264,-0.29407787322998047,1.3003911972045898
1789038676188076500,65.76207666015625,-0.2849627137184143,-0.2836875915527344,1.1675357818603516
1789038676198076700,65.77207666015624,0.03207200765609741,-0.14892864227294922,1.481527328491211
1789038676208076500,65.78207666015625,0.3297533392906189,-0.24994421005249023,1.2623577117919922
1789038676218076700,65.79207666015625,0.5944367051124573,-0.5802707672119141,0.6567544937133789
1789038676228076500,65.80207666015625,0.5871524214744568,-0.9539346694946289,0.03576183319091797
1789038676238076700,65.81207666015625,0.46940022706985474,-1.106513500213623,0.08217620849609375
1789038676248076500,65.82207666015626,0.23638826608657837,-1.086212158203125,0.2950305938720703
1789038676258076700,65.83207666015625,-0.03780156373977661,-1.1119141578674316,0.18524456024169922
1789038676268076500,65.84207666015625,-0.29319751262664795,-0.8734180927276611,-0.13748550415039062
1789038676278076700,65.85207666015626,-0.517503023147583,-0.6995160579681396,-0.4437417984008789
1789038676288076500,65.86207666015625,-0.6537251472473145,-0.7002584934234619,-0.3656454086303711
1789038676298076700,65.87207666015625,-0.6352732181549072,-0.784759521484375,-0.2169961929321289
1789038676308076500,65.88207666015624,-0.47756004333496094,-0.6576738357543945,-0.2665672302246094
1789038676318076700,65.89207666015625,-0.39925360679626465,-0.44425368309020996,-0.5929937362670898
1789038676328076500,65.90207666015625,-0.5299897193908691,-0.37818145751953125,-0.14069557189941406
1789038676338076700,65.91207666015625,-0.48428237438201904,-0.2647678852081299,0.40503692626953125
1789038676348076500,65.92207666015625,-0.31246113777160645,-0.13419222831726074,0.3791074752807617
1789038676358076700,65.93207666015626,-0.17752385139465332,-0.021303653717041016,0.8225011825561523
1789038676368076500,65.94207666015625,0.016076326370239258,-0.08119773864746094,0.7537746429443359
1789038676378076700,65.95207666015625,0.1741284728050232,-0.2654414176940918,0.7206363677978516
1789038676388076500,65.96207666015626,0.21682536602020264,-0.40644359588623047,0.559992790222168
1789038676398076700,65.97207666015625,0.0307767391204834,-0.46936559677124023,0.46311378479003906
1789038676408076500,65.98207666015625,-0.07573819160461426,-0.4244835376739502,0.17046737670898438
1789038676418076700,65.99207666015624,-0.17533278465270996,-0.3476219177246094,0.20108604431152344
1789038676428076500,66.00207666015625,-0.04152357578277588,-0.2918205261230469,-0.11684703826904297
1789038676438076700,66.01207666015625,-0.15533220767974854,-0.3420894145965576,-0.36191749572753906
1789038676448076500,66.02207666015624,-0.09048473834991455,-0.32157230377197266,-0.30696868896484375
1789038676458076700,66.03207666015625,0.017216801643371582,-0.21857237815856934,-0.42688846588134766
1789038676468076500,66.04207666015625,-0.15177392959594727,-0.08296823501586914,-0.7170658111572266
1789038676478076700,66.05207666015625,-0.36094558238983154,-0.0432511568069458,-0.9192180633544922
1789038676488076500,66.06207666015625,-0.9129557609558105,-0.1325596570968628,-1.0747976303100586
1789038676498076700,66.07207666015626,-1.0940037965774536,-0.32252204418182373,-1.4452219009399414
1789038676508076500,66.08207666015625,-0.8044203519821167,-0.5726349353790283,-1.4077577590942383
1789038676518076700,66.09207666015625,-0.27849411964416504,-0.7909420728683472,-1.1204776763916016
1789038676528076500,66.10207666015626,-0.011204957962036133,-0.8929919004440308,-0.8474550247192383
1789038676538076700,66.11207666015625,-0.05737030506134033,-0.8035728931427002,-0.4283132553100586
1789038676548076500,66.12207666015625,-0.21682322025299072,-0.6087068319320679,0.16525745391845703
1789038676558076700,66.13207666015624,-0.33131372928619385,-0.47303682565689087,-0.04628562927246094
1789038676568076500,66.14207666015625,-0.15180087089538574,-0.3974408507347107,-0.2100057601928711
1789038676578076700,66.15207666015625,-0.025345802307128906,-0.3272433280944824,0.09055042266845703
1789038676588076500,66.16207666015625,-0.006346702575683594,-0.028873980045318604,0.503260612487793
1789038676598076700,66.17207666015625,-0.04815936088562012,0.10322073101997375,0.3533744812011719
1789038676608076500,66.18207666015626,0.286876916885376,-0.11229303479194641,-0.15072154998779297
1789038676618076700,66.19207666015625,0.4649369716644287,-0.2645038366317749,-0.2185983657836914
1789038676628076500,66.20207666015625,0.08119630813598633,-0.38660764694213867,-0.0728445053100586
1789038676638076700,66.21207666015626,-0.5266740322113037,-0.2915666997432709,0.035462379455566406
1789038676648076500,66.22207666015625,-0.6537356376647949,-0.1742035299539566,-0.36020851135253906
1789038676658076700,66.23207666015625,-0.1191718578338623,-0.12335491925477982,-0.7340917587280273
1789038676668076500,66.24207666015624,0.30881619453430176,-0.15272673964500427,-0.7062444686889648
1789038676678076700,66.25207666015625,0.37044835090637207,-0.1974637806415558,-0.5394506454467773
1789038676688076500,66.26207666015625,0.5001791715621948,-0.2352234274148941,-0.6823749542236328
1789038676698076700,66.27207666015624,0.9174783229827881,-0.06526355445384979,-0.14088821411132812
1789038676708076500,66.28207666015625,1.5869414806365967,0.2020367980003357,0.8630704879760742
1789038676718076700,66.29207666015625,1.403165578842163,0.25421518087387085,-0.08137798309326172
1789038676728076500,66.30207666015625,-0.43759894371032715,-0.13624709844589233,-2.6537322998046875
1789038676738076700,66.31207666015625,-0.8216133117675781,-0.49580883979797363,-3.751797676086426
1789038676748076500,66.32207666015626,-0.5268299579620361,-0.3071242570877075,-2.5330991744995117
1789038676758076700,66.33207666015625,0.20313644409179688,0.010957598686218262,-1.5571885108947754
1789038676768076500,66.34207666015625,1.21390962600708,0.11659955978393555,-0.7741374969482422
1789038676778076700,66.35207666015626,0.8389797210693359,-0.19945716857910156,0.2511768341064453
1789038676788076500,66.36207666015625,0.3711813688278198,-0.7287859320640564,0.8062200546264648
1789038676798076700,66.37207666015625,-0.10773837566375732,-0.8469052314758301,1.073094367980957
1789038676808076500,66.38207666015624,0.24538087844848633,-0.46903473138809204,0.9630279541015625
1789038676818076700,66.39207666015625,0.32992804050445557,-0.11575359106063843,0.2919921875
1789038676828076500,66.40207666015625,0.15174221992492676,0.0855059027671814,-0.08803462982177734
1789038676838076700,66.41207666015625,-0.2186676263809204,0.43533653020858765,-0.2909269332885742
1789038676848076500,66.42207666015625,-0.08673715591430664,0.6914085745811462,-0.893519401550293
1789038676858076700,66.43207666015626,0.4645512104034424,0.5359964966773987,-1.4370231628417969
1789038676868076500,66.44207666015625,0.41630280017852783,-0.03930866718292236,-2.1280012130737305
1789038676878076700,66.45207666015625,-0.13403117656707764,-0.5735266208648682,-2.1471762657165527
1789038676888076500,66.46207666015626,-0.2931002378463745,-0.6052582263946533,-1.6130399703979492
1789038676898076700,66.47207666015625,-0.18754732608795166,-0.3133569359779358,-1.7776117324829102
1789038676908076500,66.48207666015625,-0.16129577159881592,0.011629819869995117,-1.6686697006225586
1789038676918076700,66.49207666015624,-0.028634071350097656,0.2787013053894043,-0.8901576995849609
1789038676928076500,66.50207666015625,0.020737171173095703,0.4289836287498474,-0.31940746307373047
1789038676938076700,66.51207666015625,0.020877838134765625,0.38100355863571167,-0.07570934295654297
1789038676948076500,66.52207666015624,-0.19031620025634766,0.15703189373016357,-0.2774934768676758
1789038676958076700,66.53207666015625,-0.2446509599685669,0.017836034297943115,-0.3869180679321289
1789038676968076500,66.54207666015625,-0.3062857389450073,-0.08221739530563354,-0.6145095825195312
1789038676978076700,66.55207666015625,-0.2538473606109619,-0.12915080785751343,-0.7813863754272461
1789038676988076500,66.56207666015625,-0.3412529230117798,-0.20572218298912048,-0.6048583984375
1789038676998076700,66.57207666015626,-0.5103287696838379,-0.09811949729919434,0.06953239440917969
1789038677008076500,66.58207666015625,-0.6979490518569946,-0.13208678364753723,0.27451038360595703
1789038677018076700,66.59207666015625,-0.4593021869659424,-0.20330503582954407,0.4107341766357422
1789038677028076500,66.60207666015626,0.016705751419067383,-0.4636463522911072,0.4167509078979492
1789038677038076700,66.61207666015625,-0.05154228210449219,-0.7232436537742615,0.4426383972167969
1789038677048076500,66.62207666015625,-0.3611029386520386,-0.9805850982666016,0.05985450744628906
1789038677058076700,66.63207666015624,-0.31860482692718506,-1.05666184425354,-0.09274673461914062
1789038677068076500,66.64207666015625,-0.38131964206695557,-0.840980052947998,-0.07591438293457031
1789038677078076700,66.65207666015625,-0.7623745203018188,-0.5788443088531494,-0.4545106887817383
1789038677088076500,66.66207666015625,-0.8399747610092163,-0.19091454148292542,-0.6475553512573242
1789038677098076700,66.67207666015625,-0.39107072353363037,0.13032583892345428,-0.7977046966552734
1789038677108076500,66.68207666015626,-0.39567065238952637,0.2634297311306,-1.0130290985107422
1789038677118076700,66.69207666015625,-0.5162050724029541,0.2505047619342804,-1.0347375869750977
1789038677128076500,66.70207666015625,-0.5546668767929077,0.23020334541797638,-1.069061279296875
1789038677138076700,66.71207666015626,-0.3827008008956909,0.1770228147506714,-1.0467395782470703
1789038677148076500,66.72207666015625,-0.1271378993988037,0.07795137166976929,-0.9995412826538086
1789038677158076700,66.73207666015625,-0.21564853191375732,0.04999738931655884,-0.6086101531982422
1789038677168076500,66.74207666015624,-0.07137429714202881,0.09762734174728394,-0.3163280487060547
1789038677178076700,66.75207666015625,0.07171899080276489,0.1540483832359314,-0.30057334899902344
1789038677188076500,66.76207666015625,-0.06028240919113159,0.24771523475646973,-0.1935291290283203
1789038677198076700,66.77207666015624,-0.03710496425628662,0.31222474575042725,-0.11493206024169922
1789038677208076500,66.78207666015625,0.039339661598205566,0.4480516314506531,0.08590888977050781
1789038677218076700,66.79207666015625,0.09038352966308594,0.5766913294792175,0.258544921875
1789038677228076500,66.80207666015625,0.23780739307403564,0.757521390914917,0.3311891555786133
1789038677238076700,66.81207666015625,0.2623491883277893,0.8727472424507141,0.36035919189453125
1789038677248076500,66.82207666015626,-0.14972209930419922,0.9093396663665771,0.3546886444091797
1789038677258076700,66.83207666015625,-0.5852282047271729,0.7916086912155151,0.3446474075317383
1789038677268076500,66.84207666015625,-0.28144514560699463,0.5651885271072388,0.3214263916015625
1789038677278076700,66.85207666015626,-0.04738205671310425,0.42170143127441406,0.38897037506103516
1789038677288076500,66.86207666015625,-0.33190441131591797,0.3093913793563843,0.6049289703369141
1789038677298076700,66.87207666015625,-0.3741273283958435,0.18084871768951416,0.6740245819091797
1789038677308076500,66.88207666015624,-0.6820380687713623,0.08443045616149902,0.5417442321777344
1789038677318076700,66.89207666015625,-0.9398396015167236,-0.048798203468322754,0.1950845718383789
1789038677328076500,66.90207666015625,-1.216040849685669,-0.2309654951095581,-0.17186832427978516
1789038677338076700,66.91207666015625,-1.0831871032714844,-0.46230852603912354,-0.5190191268920898
1789038677348076500,66.92207666015625,-0.7144608497619629,-0.711362361907959,-0.8220434188842773
1789038677358076700,66.93207666015626,-0.6858851313591003,-0.8817238807678223,-0.755345344543457
1789038677368076500,66.94207666015625,-0.5734436511993408,-0.9175570011138916,-0.39984798431396484
1789038677378076700,66.95207666015625,-0.46321195363998413,-0.9574463367462158,-0.14603614807128906
1789038677388076500,66.96207666015626,-0.3389509320259094,-0.8658812046051025,0.009881973266601562
1789038677398076700,66.97207666015625,-0.12654846906661987,-0.6086068153381348,0.2284555435180664
1789038677408076500,66.98207666015625,-0.11223351955413818,-0.28969788551330566,0.254547119140625
1789038677418076700,66.99207666015624,-0.15960067510604858,-0.012941360473632812,0.41324901580810547
1789038677428076500,67.00207666015625,-0.11940693855285645,0.23344111442565918,0.31888675689697266
1789038677438076700,67.01207666015625,-0.06736701726913452,0.45943784713745117,0.08673954010009766
1789038677448076500,67.02207666015624,-0.05437886714935303,0.6540706157684326,-0.33562278747558594
1789038677458076700,67.03207666015625,0.259797066450119,0.8110074996948242,-0.8277807235717773
1789038677468076500,67.04207666015625,0.624997079372406,1.0176841020584106,-1.0730609893798828
1789038677478076700,67.05207666015625,0.666236162185669,1.2508575916290283,-1.0155582427978516
1789038677488076500,67.06207666015625,0.44921639561653137,1.398044228553772,-0.7746706008911133
1789038677498076700,67.07207666015626,0.20687997341156006,1.4044058322906494,-0.46478939056396484
1789038677508076500,67.08207666015625,-0.0017275810241699219,1.3214006423950195,-0.29375553131103516
1789038677518076700,67.09207666015625,-0.26850515604019165,1.1450591087341309,0.10871315002441406
1789038677528076500,67.10207666015626,-0.33213257789611816,0.8511507511138916,0.7745494842529297
1789038677538076700,67.11207666015625,-0.4498089551925659,0.41904759407043457,1.2835664749145508
1789038677548076500,67.12207666015625,-0.8165981769561768,-0.00758814811706543,1.5097236633300781
1789038677558076700,67.13207666015624,-0.6511268019676208,-0.2787363529205322,1.4703779220581055
1789038677568076500,67.14207666015625,-0.3294714689254761,-0.3071458339691162,1.575460433959961
1789038677578076700,67.15207666015625,-0.3879067897796631,-0.21739673614501953,1.761641502380371
1789038677588076500,67.16207666015625,-0.7716176509857178,-0.021131277084350586,1.4259071350097656
1789038677598076700,67.17207666015625,-0.8754413723945618,0.24762940406799316,0.8486871719360352
1789038677608076500,67.18207666015626,-0.6009825468063354,0.5276193618774414,0.35176753997802734
1789038677618076700,67.19207666015625,-0.31190788745880127,0.6886482238769531,0.13198566436767578
1789038677628076500,67.20207666015625,-0.14249378442764282,0.761185884475708,-0.045105934143066406
1789038677638076700,67.21207666015626,0.024793505668640137,0.8038196563720703,-0.4796772003173828
1789038677648076500,67.22207666015625,0.05862164497375488,0.8410501480102539,-0.1352519989013672
1789038677658076700,67.23207666015625,-0.207574725151062,0.6636238098144531,0.31288814544677734
1789038677668076500,67.24207666015624,-0.05090329051017761,0.3408203125,0.9832296371459961
1789038677678076700,67.25207666015625,0.02406132221221924,-0.04207944869995117,1.5181055068969727
1789038677688076500,67.26207666015625,0.24735258519649506,-0.4020400047302246,1.9409379959106445
1789038677698076700,67.27207666015624,0.34361252188682556,-0.3076791763305664,2.108820915222168
1789038677708076500,67.28207666015625,0.1609477400779724,0.1696619987487793,1.6077518463134766
1789038677718076700,67.29207666015625,-0.6293424963951111,0.5681228637695312,0.8137626647949219
1789038677728076500,67.30207666015625,-1.004928708076477,0.6959323883056641,0.7549457550048828
1789038677738076700,67.31207666015625,-1.2635929584503174,0.48726606369018555,1.1534061431884766
1789038677748076500,67.32207666015626,-0.7844265103340149,0.046572208404541016,1.482142448425293
1789038677758076700,67.33207666015625,-0.019695639610290527,-0.2311873435974121,1.8120250701904297
1789038677768076500,67.34207666015625,0.48444119095802307,-0.1321244239807129,1.8741588592529297
1789038677778076700,67.35207666015626,0.10302919149398804,0.22716712951660156,0.8603677749633789
1789038677788076500,67.36207666015625,-0.16141051054000854,0.6082668304443359,-0.15149688720703125
1789038677798076700,67.37207666015625,-0.32239001989364624,0.823397159576416,-1.140925407409668
1789038677808076500,67.38207666015624,-0.6674013733863831,0.886894702911377,-1.8132567405700684
1789038677818076700,67.39207666015625,-0.7076094746589661,0.7609705924987793,-2.0637826919555664
1789038677828076500,67.40207666015625,-0.4827926754951477,0.611393928527832,-1.9810113906860352
1789038677838076700,67.41207666015625,-0.2920774221420288,0.42356061935424805,-1.774496078491211
1789038677848076500,67.42207666015625,0.017771244049072266,0.1846022605895996,-1.6094789505004883
1789038677858076700,67.43207666015626,0.22445601224899292,-0.18945837020874023,-1.4346065521240234
1789038677868076500,67.44207666015625,0.06785643100738525,-0.6043972969055176,-1.5302019119262695
1789038677878076700,67.45207666015625,0.06966549158096313,-1.0368528366088867,-1.3502206802368164
1789038677888076500,67.46207666015626,0.17293214797973633,-1.5141949653625488,-1.1348533630371094
1789038677898076700,67.47207666015625,0.36033403873443604,-1.9271702766418457,-0.13222885131835938
1789038677908076500,67.48207666015625,0.11755180358886719,-2.2671961784362793,0.9735183715820312
1789038677918076700,67.49207666015624,0.26742082834243774,-2.6942086219787598,2.5030078887939453
1789038677928076500,67.50207666015625,0.5225568413734436,-2.6036243438720703,3.5306215286254883
1789038677938076700,67.51207666015625,0.5684482455253601,-1.7787575721740723,3.861575126647949
1789038677948076500,67.52207666015624,0.5067052841186523,-0.9701786041259766,3.4883174896240234
1789038677958076700,67.53207666015625,0.4520300626754761,-0.28870439529418945,3.1791725158691406
1789038677968076500,67.54207666015625,0.5256617069244385,0.15726232528686523,2.2530717849731445
1789038677978076700,67.55207666015625,0.19591885805130005,0.3109297752380371,1.7581243515014648
1789038677988076500,67.56207666015625,-0.06637036800384521,0.20253849029541016,1.1513710021972656
1789038677998076700,67.57207666015626,-0.12112987041473389,-0.0409235954284668,0.7767505645751953
1789038678008076500,67.58207666015625,-0.004886150360107422,-0.32219743728637695,0.601959228515625
1789038678018076700,67.59207666015625,0.12464052438735962,-0.6521449089050293,0.051863670349121094
1789038678028076500,67.60207666015626,0.13867205381393433,-0.8340721130371094,-0.4809746742248535
1789038678038076700,67.61207666015625,0.04176145792007446,-0.7748222351074219,-1.1653871536254883
1789038678048076500,67.62207666015625,-0.06462383270263672,-0.49291419982910156,-1.4146175384521484
1789038678058076700,67.63207666015624,-0.1558436155319214,-0.1696939468383789,-1.6277403831481934
1789038678068076500,67.64207666015625,-0.1385589838027954,0.26585817337036133,-1.8343853950500488
1789038678078076700,67.65207666015625,-0.051871657371520996,0.590850830078125,-1.7855310440063477
1789038678088076500,67.66207666015625,0.032262206077575684,0.658203125,-1.616440773010254
1789038678098076700,67.67207666015625,0.1072530746459961,0.5079913139343262,-1.483201026916504
1789038678108076500,67.68207666015626,0.198949933052063,0.22634124755859375,-1.088423728942871
1789038678118076700,67.69207666015625,0.3157835006713867,-0.14100313186645508,-0.7419819831848145
1789038678128076500,67.70207666015625,0.4991704225540161,-0.2880864143371582,-0.7406501770019531
1789038678138076700,67.71207666015626,0.6183023452758789,-0.2813100814819336,-0.7473030090332031
1789038678148076500,67.72207666015625,0.6343317031860352,-0.28675174713134766,-0.9265732765197754
1789038678158076700,67.73207666015625,0.5765557289123535,-0.24319219589233398,-1.0198512077331543
1789038678168076500,67.74207666015624,0.542341947555542,-0.12756967544555664,-1.139993667602539
1789038678178076700,67.75207666015625,0.3631795644760132,-0.09671497344970703,-1.1415796279907227
1789038678188076500,67.76207666015625,0.33957743644714355,-0.1926708221435547,-0.8907890319824219
1789038678198076700,67.77207666015624,0.27121657133102417,-0.38379716873168945,-0.718226432800293
1789038678208076500,67.78207666015625,0.23360168933868408,-0.6244702339172363,-0.43096351623535156
1789038678218076700,67.79207666015625,0.1541534662246704,-0.8069653511047363,-0.1159820556640625
1789038678228076500,67.80207666015625,0.2900262475013733,-0.9085183143615723,0.2709980010986328
1789038678238076700,67.81207666015625,0.36149072647094727,-0.9619674682617188,0.30861377716064453
1789038678248076500,67.82207666015626,0.2555304169654846,-0.8800368309020996,0.13160037994384766
1789038678258076700,67.83207666015625,0.21361678838729858,-0.7594871520996094,0.2117767333984375
1789038678268076500,67.84207666015625,0.1316484808921814,-0.6421756744384766,0.3287239074707031
1789038678278076700,67.85207666015626,-0.00744938850402832,-0.48694658279418945,0.01123046875
1789038678288076500,67.86207666015625,-0.23328065872192383,-0.31126880645751953,-0.22478246688842773
1789038678298076700,67.87207666015625,-0.337568998336792,-0.33331823348999023,0.012729167938232422
1789038678308076500,67.88207666015624,-0.40926593542099,-0.3972129821777344,0.2610502243041992
1789038678318076700,67.89207666015625,-0.28778785467147827,-0.5494871139526367,0.46436357498168945
1789038678328076500,67.90207666015625,-0.23109716176986694,-0.6539211273193359,0.24624156951904297
1789038678338076700,67.91207666015625,-0.12793558835983276,-0.6599245071411133,0.25568723678588867
1789038678348076500,67.92207666015625,-0.5238131880760193,-0.771660327911377,0.1743602752685547
1789038678358076700,67.93207666015626,0.06102168560028076,-0.9161782264709473,-0.3538532257080078
1789038678368076500,67.94207666015625,0.4613037705421448,-0.8783731460571289,-0.43588781356811523
1789038678378076700,67.95207666015625,0.21001827716827393,-0.6486735343933105,-0.3991203308105469
1789038678388076500,67.96207666015626,-0.0709429383277893,-0.5194449424743652,-0.48835229873657227
1789038678398076700,67.97207666015625,0.1291072964668274,-0.3758811950683594,-0.6059646606445312
1789038678408076500,67.98207666015625,0.170038104057312,-0.16392040252685547,-0.6168599128723145
1789038678418076700,67.99207666015624,0.163346529006958,-0.061490535736083984,-0.5940051078796387
1789038678428076500,68.00207666015625,0.14333432912826538,0.03066873550415039,-0.6103277206420898
1789038678438076700,68.01207666015625,0.08539658784866333,0.11221647262573242,-0.4421663284301758
1789038678448076500,68.02207666015624,0.06018608808517456,0.30848073959350586,-0.1838240623474121
1789038678458076700,68.03207666015625,-0.030536949634552002,0.4424276351928711,0.09082984924316406
1789038678468076500,68.04207666015625,-0.11957740783691406,0.5034232139587402,0.5330343246459961
1789038678478076700,68.05207666015625,-0.23070353269577026,0.46872663497924805,1.0206856727600098
1789038678488076500,68.06207666015625,-0.30924487113952637,0.31110143661499023,1.2711658477783203
1789038678498076700,68.07207666015626,-0.24840319156646729,0.22391939163208008,1.277367115020752
1789038678508076500,68.08207666015625,-0.15938609838485718,0.2157893180847168,1.2542023658752441
1789038678518076700,68.09207666015625,-0.16150489449501038,0.2589583396911621,1.0507245063781738
1789038678528076500,68.10207666015626,-0.13999655842781067,0.27233219146728516,0.7735500335693359
1789038678538076700,68.11207666015625,-0.26321008801460266,0.3090329170227051,0.7748250961303711
1789038678548076500,68.12207666015625,-0.35894668102264404,0.3369779586791992,0.9487571716308594
1789038678558076700,68.13207666015624,-0.4117833077907562,0.19129705429077148,0.6846294403076172
1789038678568076500,68.14207666015625,-0.4145328402519226,0.14905977249145508,0.4837064743041992
1789038678578076700,68.15207666015625,-0.1994580328464508,0.24435138702392578,0.49261474609375
1789038678588076500,68.16207666015625,0.018107980489730835,0.13412714004516602,0.5142545700073242
1789038678598076700,68.17207666015625,0.24623996019363403,0.05011701583862305,0.7342424392700195
1789038678608076500,68.18207666015626,0.4286414682865143,0.07273244857788086,0.8609132766723633
1789038678618076700,68.19207666015625,0.526118278503418,0.010718822479248047,1.1886711120605469
1789038678628076500,68.20207666015625,0.39657583832740784,0.02984905242919922,0.9074687957763672
1789038678638076700,68.21207666015626,0.3326980471611023,0.1457505226135254,0.5972518920898438
1789038678648076500,68.22207666015625,0.25715720653533936,0.3022165298461914,0.3170204162597656
1789038678658076700,68.23207666015625,0.0737132728099823,0.3984041213989258,0.2527933120727539
1789038678668076500,68.24207666015624,-0.04236474633216858,0.42046356201171875,0.5348386764526367
1789038678678076700,68.25207666015625,-0.06632271409034729,0.47824525833129883,0.7724456787109375
1789038678688076500,68.26207666015625,-0.11492404341697693,0.49877357482910156,0.7937555313110352
1789038678698076700,68.27207666015624,-0.17633801698684692,0.4605984687805176,0.7468299865722656
1789038678708076500,68.28207666015625,-0.21372449398040771,0.48961734771728516,0.6204872131347656
1789038678718076700,68.29207666015625,-0.17302370071411133,0.5628890991210938,0.2826099395751953
1789038678728076500,68.30207666015625,-0.22782474756240845,0.6475484371185303,-0.03768730163574219
1789038678738076700,68.31207666015625,-0.2666358947753906,0.7498960494995117,-0.19898700714111328
1789038678748076500,68.32207666015626,-0.16518384218215942,0.8053767681121826,-0.2255077362060547
1789038678758076700,68.33207666015625,-0.1482158899307251,0.8016226291656494,-0.055253028869628906
1789038678768076500,68.34207666015625,-0.1402854323387146,0.8509893417358398,0.34566497802734375
1789038678778076700,68.35207666015626,-0.048939526081085205,0.9637346267700195,0.7783613204956055
1789038678788076500,68.36207666015625,0.08490920066833496,0.8678989410400391,1.1273679733276367
1789038678798076700,68.37207666015625,0.25282078981399536,0.6503524780273438,1.1895065307617188
1789038678808076500,68.38207666015624,0.2589709162712097,0.20356106758117676,0.5005121231079102
1789038678818076700,68.39207666015625,0.1379908323287964,-0.30272674560546875,-0.3938179016113281
1789038678828076500,68.40207666015625,0.015182912349700928,-0.5024774074554443,-0.5881376266479492
1789038678838076700,68.41207666015625,-0.03360188007354736,-0.2891526222229004,-0.8465452194213867
1789038678848076500,68.42207666015625,-0.3269506096839905,-0.05285978317260742,-0.6105537414550781
1789038678858076700,68.43207666015626,-0.4839298725128174,0.01944875717163086,-0.26568126678466797
1789038678868076500,68.44207666015625,-0.46415889263153076,-0.07529568672180176,0.45102882385253906
1789038678878076700,68.45207666015625,-0.2639223337173462,-0.18554234504699707,1.102095603942871
1789038678888076500,68.46207666015626,-0.13322770595550537,-0.35963892936706543,1.3290891647338867
1789038678898076700,68.47207666015625,-0.06262362003326416,-0.6421911716461182,1.4272384643554688
1789038678908076500,68.48207666015625,-0.08244729042053223,-0.9382579326629639,1.8650684356689453
1789038678918076700,68.49207666015624,0.20956385135650635,-0.6869664192199707,1.3483123779296875
1789038678928076500,68.50207666015625,0.2721233367919922,-0.5241332054138184,0.7271461486816406
1789038678938076700,68.51207666015625,0.2380022406578064,-0.6113743782043457,0.735417366027832
1789038678948076500,68.52207666015624,0.31188154220581055,-0.6447758674621582,0.3769416809082031
1789038678958076700,68.53207666015625,0.10696268081665039,-0.6098570823669434,0.4759788513183594
1789038678968076500,68.54207666015625,-0.18421471118927002,-0.5377857685089111,0.6242351531982422
1789038678978076700,68.55207666015625,-0.25225746631622314,-0.42733287811279297,0.4744119644165039
1789038678988076500,68.56207666015625,-0.2440863847732544,-0.3567812442779541,0.053134918212890625
1789038678998076700,68.57207666015626,-0.18272638320922852,-0.3950972557067871,-0.3250389099121094
1789038679008076500,68.58207666015625,-0.10087049007415771,-0.47086071968078613,-0.7662754058837891
1789038679018076700,68.59207666015625,-0.318126916885376,-0.5846588611602783,-0.9432144165039062
1789038679028076500,68.60207666015626,0.04353034496307373,-0.5953145027160645,-1.0282411575317383
1789038679038076700,68.61207666015625,0.05559825897216797,-0.5260772705078125,-1.1059064865112305
1789038679048076500,68.62207666015625,0.10921144485473633,-0.5623973608016968,-0.7648096084594727
1789038679058076700,68.63207666015624,0.2766939401626587,-0.6668765544891357,-0.47728538513183594
1789038679068076500,68.64207666015625,0.10590672492980957,-0.8034825325012207,-0.027135848999023438
1789038679078076700,68.65207666015625,-0.14810466766357422,-1.0043048858642578,-0.0028524398803710938
1789038679088076500,68.66207666015625,-0.43353211879730225,-1.0083215236663818,-0.12445735931396484
1789038679098076700,68.67207666015625,-0.278361439704895,-0.6853723526000977,-0.019838333129882812
1789038679108076500,68.68207666015626,0.1159050464630127,-0.23308897018432617,0.07191848754882812
1789038679118076700,68.69207666015625,0.45034146308898926,0.13677215576171875,0.31486034393310547
1789038679128076500,68.70207666015625,0.2974562644958496,0.2524328827857971,0.1605539321899414
1789038679138076700,68.71207666015626,-0.16283440589904785,0.2607167959213257,0.14318370819091797
1789038679148076500,68.72207666015625,-0.37326908111572266,0.138563871383667,-0.39389610290527344
1789038679158076700,68.73207666015625,-0.1670825481414795,-0.07652640342712402,-0.9154138565063477
1789038679168076500,68.74207666015624,0.05722165107727051,-0.2888714671134949,-0.8871049880981445
1789038679178076700,68.75207666015625,-0.04787445068359375,-0.3620253801345825,-0.7645902633666992
1789038679188076500,68.76207666015625,0.1718606948852539,-0.35306182503700256,-0.6757431030273438
1789038679198076700,68.77207666015624,0.23139381408691406,-0.3674934208393097,-0.3631124496459961
1789038679208076500,68.78207666015625,0.4294123649597168,-0.4386458694934845,-0.683074951171875
1789038679218076700,68.79207666015625,0.4166436195373535,-0.7302244305610657,-1.2009172439575195
1789038679228076500,68.80207666015625,0.5750558376312256,-0.854786217212677,-1.1749324798583984
1789038679238076700,68.81207666015625,0.8041950464248657,-0.7921662330627441,-0.7944221496582031
1789038679248076500,68.82207666015626,0.9848711490631104,-0.5630055665969849,-0.4478483200073242
1789038679258076700,68.83207666015625,0.7076132297515869,-0.3720186948776245,-0.22693443298339844
1789038679268076500,68.84207666015625,0.24689698219299316,-0.31958794593811035,-0.1223001480102539
1789038679278076700,68.85207666015626,0.41852617263793945,-0.28191518783569336,0.009038925170898438
1789038679288076500,68.86207666015625,1.245265245437622,-0.1723024696111679,-0.013353347778320312
1789038679298076700,68.87207666015625,1.5171725749969482,-0.0179593563079834,-0.48920536041259766
1789038679308076500,68.88207666015624,0.7781457901000977,0.2109532356262207,-0.9619588851928711
1789038679318076700,68.89207666015625,0.13172674179077148,0.7566651105880737,-0.5255193710327148
1789038679328076500,68.90207666015625,0.30786561965942383,1.0614652633666992,-0.9407424926757812
1789038679338076700,68.91207666015625,0.6814613342285156,0.6624786853790283,-1.6453232765197754
1789038679348076500,68.92207666015625,0.8420395851135254,-0.1451641321182251,-1.6428184509277344
1789038679358076700,68.93207666015626,0.7050025463104248,-0.49872419238090515,-1.120431900024414
1789038679368076500,68.94207666015625,0.49851012229919434,-0.5937369465827942,-1.3112096786499023
1789038679378076700,68.95207666015625,0.7547883987426758,-0.746659517288208,-2.372551918029785
1789038679388076500,68.96207666015626,0.5372107028961182,-0.6445835828781128,-2.5005435943603516
1789038679398076700,68.97207666015625,-0.03213930130004883,-0.05882883071899414,-1.3619461059570312
1789038679408076500,68.98207666015625,0.10425329208374023,0.31478428840637207,-0.09530353546142578
1789038679418076700,68.99207666015624,0.6920573711395264,0.21563595533370972,0.2923011779785156
1789038679428076500,69.00207666015625,0.7748703956604004,-0.04720669984817505,0.8617181777954102
1789038679438076700,69.01207666015625,0.9015288352966309,-0.06504815816879272,1.485860824584961
1789038679448076500,69.02207666015624,0.6900575160980225,0.22726202011108398,1.6432113647460938
1789038679458076700,69.03207666015625,0.792482852935791,0.4341985583305359,0.3528470993041992
1789038679468076500,69.04207666015625,1.005246639251709,0.21190637350082397,-0.7231683731079102
1789038679478076700,69.05207666015625,0.7883455753326416,0.06506085395812988,-0.9626522064208984
1789038679488076500,69.06207666015625,0.20987272262573242,0.3871809244155884,-0.450439453125
1789038679498076700,69.07207666015626,0.0191342830657959,0.5977180600166321,-0.24038982391357422
1789038679508076500,69.08207666015625,0.2117016315460205,0.5025371313095093,-0.2756538391113281
1789038679518076700,69.09207666015625,0.24100446701049805,0.18014532327651978,-0.4006080627441406
1789038679528076500,69.10207666015626,0.012160778045654297,-0.11834847927093506,-0.042591094970703125
1789038679538076700,69.11207666015625,0.21612048149108887,-0.3237106204032898,-0.1925067901611328
1789038679548076500,69.12207666015625,0.05769824981689453,-0.5125217437744141,-0.8111953735351562
1789038679558076700,69.13207666015624,-0.20403766632080078,-0.5735428333282471,-1.0509862899780273
1789038679568076500,69.14207666015625,0.20480728149414062,-0.41225337982177734,-0.8260612487792969
1789038679578076700,69.15207666015625,0.11724352836608887,-0.23640930652618408,-0.7377777099609375
1789038679588076500,69.16207666015625,-0.14280128479003906,-0.2661978006362915,-0.9850368499755859
1789038679598076700,69.17207666015625,-0.45032644271850586,-0.43576347827911377,-0.801966667175293
1789038679608076500,69.18207666015626,0.28012824058532715,-0.4932243525981903,-0.6820125579833984
1789038679618076700,69.19207666015625,0.045989274978637695,-0.573661208152771,-0.844691276550293
1789038679628076500,69.20207666015625,-0.8387597799301147,-0.5629156827926636,-0.7591724395751953
1789038679638076700,69.21207666015626,-0.14830565452575684,-0.14842435717582703,-0.33521270751953125
1789038679648076500,69.22207666015625,0.7104200124740601,0.3681095540523529,-0.2671232223510742
1789038679658076700,69.23207666015625,1.0150432586669922,0.49289670586586,-0.7505435943603516
1789038679668076500,69.24207666015624,0.3873462677001953,-0.18849699199199677,-1.6711058616638184
1789038679678076700,69.25207666015625,-0.2565422058105469,-1.0329622030258179,-1.2503461837768555
1789038679688076500,69.26207666015625,-0.2503335475921631,-0.8198568820953369,0.1524057388305664
1789038679698076700,69.27207666015624,0.13337373733520508,0.025591887533664703,0.4833498001098633
1789038679708076500,69.28207666015625,0.6245633363723755,0.5957995057106018,0.07422256469726562
1789038679718076700,69.29207666015625,0.18764185905456543,0.6280142068862915,-0.48717498779296875
1789038679728076500,69.30207666015625,-0.8555082082748413,0.4641038179397583,-0.6336488723754883
1789038679738076700,69.31207666015625,-0.681357741355896,0.396015465259552,-0.5721683502197266
1789038679748076500,69.32207666015626,0.4316420555114746,0.4824950098991394,-0.7001276016235352
1789038679758076700,69.33207666015625,0.2754378318786621,0.472481906414032,-0.5656909942626953
1789038679768076500,69.34207666015625,0.008377671241760254,0.2488146424293518,-0.10719871520996094
1789038679778076700,69.35207666015626,0.04560983180999756,-0.15836304426193237,0.2629718780517578
1789038679788076500,69.36207666015625,-0.16186153888702393,-0.6372078061103821,0.4490938186645508
1789038679798076700,69.37207666015625,-0.6126762628555298,-1.0485196113586426,0.5116443634033203
1789038679808076500,69.38207666015624,-0.5547239780426025,-1.206641674041748,0.5363454818725586
1789038679818076700,69.39207666015625,-0.7247227430343628,-1.0404287576675415,0.7809410095214844
1789038679828076500,69.40207666015625,0.3333970308303833,-0.5203458666801453,0.7443132400512695
1789038679838076700,69.41207666015625,0.46353471279144287,-0.028261840343475342,0.5054359436035156
1789038679848076500,69.42207666015625,-0.37258172035217285,0.3262479901313782,0.4600820541381836
1789038679858076700,69.43207666015626,-0.37717974185943604,0.4887934923171997,0.33179664611816406
1789038679868076500,69.44207666015625,-0.036839962005615234,0.5513925552368164,0.013378143310546875
1789038679878076700,69.45207666015625,0.0009486675262451172,0.5143954157829285,-0.3123645782470703
1789038679888076500,69.46207666015626,-0.42589402198791504,0.29577553272247314,-0.8151626586914062
1789038679898076700,69.47207666015625,-0.7473292350769043,-0.056075096130371094,-1.1885871887207031
1789038679908076500,69.48207666015625,-0.11807596683502197,-0.2524818181991577,-1.2121095657348633
1789038679918076700,69.49207666015624,0.29806745052337646,-0.17623162269592285,-0.9004888534545898
1789038679928076500,69.50207666015625,-0.12299346923828125,0.0411529541015625,-0.29402637481689453
1789038679938076700,69.51207666015625,-0.005465269088745117,0.17895758152008057,0.17469310760498047
1789038679948076500,69.52207666015624,0.2771569490432739,0.1668994426727295,0.4006080627441406
1789038679958076700,69.53207666015625,0.460781455039978,0.12539327144622803,0.6192378997802734
1789038679968076500,69.54207666015625,0.40696126222610474,0.10562777519226074,0.5791053771972656
1789038679978076700,69.55207666015625,0.10070228576660156,0.19747912883758545,0.4325885772705078
1789038679988076500,69.56207666015625,-0.24244987964630127,0.3078345060348511,0.16129016876220703
1789038679998076700,69.57207666015626,-0.00012958049774169922,0.3861093521118164,0.05342578887939453
1789038680008076500,69.58207666015625,0.6003185510635376,0.45622479915618896,-0.007681846618652344
1789038680018076700,69.59207666015625,1.3352041244506836,0.5496047735214233,-0.13744354248046875
1789038680028076500,69.60207666015626,1.024488091468811,0.6490237712860107,-0.14348697662353516
1789038680038076700,69.61207666015625,0.2089167833328247,0.8362826108932495,-0.049881935119628906
1789038680048076500,69.62207666015625,-0.17881488800048828,1.0634279251098633,-0.0673227310180664
1789038680058076700,69.63207666015624,-0.020233631134033203,1.2109031677246094,-0.27802085876464844
1789038680068076500,69.64207666015625,0.04599493741989136,1.2587836980819702,-0.31707763671875
1789038680078076700,69.65207666015625,-0.303102970123291,1.0857384204864502,-0.17670631408691406
1789038680088076500,69.66207666015625,-0.7012097239494324,0.6482572555541992,0.2257547378540039
1789038680098076700,69.67207666015625,-0.609167754650116,0.005168437957763672,0.8703527450561523
1789038680108076500,69.68207666015626,-0.36559003591537476,-0.4837789535522461,1.4034748077392578
1789038680118076700,69.69207666015625,-0.27369487285614014,-0.6915967464447021,1.8769941329956055
1789038680128076500,69.70207666015625,-0.34602826833724976,-0.5031309127807617,1.8337173461914062
1789038680138076700,69.71207666015626,-0.4826374650001526,-0.11444854736328125,1.7231082916259766
1789038680148076500,69.72207666015625,-0.25103920698165894,0.17740750312805176,1.3601102828979492
1789038680158076700,69.73207666015625,0.09372568130493164,0.3420860767364502,0.8883543014526367
1789038680168076500,69.74207666015624,0.046662211418151855,0.49558591842651367,0.5781116485595703
1789038680178076700,69.75207666015625,-0.0932433009147644,0.7100992202758789,0.26401519775390625
1789038680188076500,69.76207666015625,-0.2698456048965454,1.090407371520996,-0.4086894989013672
1789038680198076700,69.77207666015624,-0.18937134742736816,1.4201455116271973,-0.7308740615844727
1789038680208076500,69.78207666015625,-0.15460920333862305,1.6838879585266113,-0.7466316223144531
1789038680218076700,69.79207666015625,-0.4539746046066284,1.5683794021606445,-0.5664949417114258
1789038680228076500,69.80207666015625,-0.6820701956748962,0.9802956581115723,-0.4706287384033203
1789038680238076700,69.81207666015625,-0.6659600138664246,0.09867072105407715,0.19817447662353516
1789038680248076500,69.82207666015626,-0.6544324159622192,-0.6507000923156738,-0.06600761413574219
1789038680258076700,69.83207666015625,-0.35488492250442505,-0.8980729579925537,0.015303611755371094
1789038680268076500,69.84207666015625,-0.3298237919807434,-0.8417372703552246,-0.5790557861328125
1789038680278076700,69.85207666015626,-0.11113476753234863,-0.6904029846191406,-0.4400291442871094
1789038680288076500,69.86207666015625,-0.29949212074279785,-0.730262279510498,-0.8452081680297852
1789038680298076700,69.87207666015625,-0.17330944538116455,-0.9710049629211426,-0.18047618865966797
1789038680308076500,69.88207666015624,0.3761211335659027,-1.1864619255065918,0.32002925872802734
1789038680318076700,69.89207666015625,0.41586536169052124,-1.278212547302246,1.0642948150634766
1789038680328076500,69.90207666015625,0.09654802083969116,-1.187732219696045,0.9954347610473633
1789038680338076700,69.91207666015625,-0.18713486194610596,-0.7896442413330078,0.9974269866943359
1789038680348076500,69.92207666015625,-0.1747557520866394,-0.05892658233642578,0.5963964462280273
1789038680358076700,69.93207666015626,-0.1338213086128235,0.4996337890625,-0.12663841247558594
1789038680368076500,69.94207666015625,-0.2396143078804016,0.8138136863708496,-0.609952449798584
1789038680378076700,69.95207666015625,-0.380994975566864,0.892688512802124,-0.3605527877807617
1789038680388076500,69.96207666015626,-0.6029651165008545,0.6814990043640137,0.30782032012939453
1789038680398076700,69.97207666015625,-0.630821943283081,0.3641185760498047,0.970555305480957
1789038680408076500,69.98207666015625,0.19293564558029175,0.11054277420043945,2.366591453552246
1789038680418076700,69.99207666015624,0.22493255138397217,-0.15616559982299805,2.778301239013672
1789038680428076500,70.00207666015625,0.31688186526298523,-0.1884913444519043,2.8982200622558594
1789038680438076700,70.01207666015625,0.6753929257392883,0.10871458053588867,2.768801689147949
1789038680448076500,70.02207666015624,0.6392713785171509,0.47751379013061523,2.0796985626220703
1789038680458076700,70.03207666015625,0.44849294424057007,0.7563996315002441,1.6440753936767578
1789038680468076500,70.04207666015625,-0.1535307765007019,0.9194912910461426,1.456441879272461
1789038680478076700,70.05207666015625,-0.6073152422904968,0.8718676567077637,1.1144123077392578
1789038680488076500,70.06207666015625,-0.7021960616111755,0.6718244552612305,1.0232009887695312
1789038680498076700,70.07207666015626,-0.5287836194038391,0.5015473365783691,0.9383563995361328
1789038680518076700,70.09207666015625,-0.7296091318130493,0.07106256484985352,0.7554216384887695
1789038680528076500,70.10207666015626,-0.6819934248924255,-0.0808100700378418,0.38597869873046875
1789038680538076700,70.11207666015625,-0.672110378742218,-0.12833738327026367,0.15390396118164062
1789038680548076500,70.12207666015625,-0.6353086233139038,-0.15091419219970703,-0.05628776550292969
1789038680558076700,70.13207666015624,-0.3699420094490051,-0.27345991134643555,-0.0006551742553710938
1789038680568076500,70.14207666015625,-0.3897024393081665,-0.6350164413452148,-0.1558094024658203
1789038680578076700,70.15207666015625,0.023633599281311035,-1.1895570755004883,0.03975963592529297
1789038680588076500,70.16207666015625,0.7111235857009888,-1.6515617370605469,0.5018787384033203
1789038680598076700,70.17207666015625,0.3764490783214569,-1.7313871383666992,-0.04962444305419922
1789038680608076500,70.18207666015626,-0.2566947340965271,-1.3774909973144531,-0.9335875511169434
1789038680618076700,70.19207666015625,-0.27281898260116577,-0.8128256797790527,-1.393688678741455
1789038680628076500,70.20207666015625,0.005173385143280029,-0.25003623962402344,-1.6027097702026367
1789038680638076700,70.21207666015626,-0.07314258813858032,-0.06264209747314453,-1.5292530059814453
1789038680648076500,70.22207666015625,-0.04187852144241333,-0.011666297912597656,-1.7853364944458008
1789038680658076700,70.23207666015625,0.07361149787902832,-0.17962980270385742,-0.9651002883911133
1789038680668076500,70.24207666015624,0.3458485007286072,-0.4615159034729004,-0.058585166931152344
1789038680678076700,70.25207666015625,0.5044318437576294,-0.6807317733764648,0.056937217712402344
1789038680688076500,70.26207666015625,0.42005428671836853,-0.6835527420043945,-0.5406169891357422
1789038680698076700,70.27207666015624,0.30742692947387695,-0.6941056251525879,-0.7964544296264648
1789038680708076500,70.28207666015625,0.19990813732147217,-0.7897987365722656,-0.6362748146057129
1789038680718076700,70.29207666015625,0.3285674750804901,-0.820981502532959,-0.5442709922790527
1789038680728076500,70.30207666015625,0.431998074054718,-0.7035889625549316,-0.7887163162231445
1789038680738076700,70.31207666015625,0.44540610909461975,-0.4941859245300293,-1.2300643920898438
1789038680748076500,70.32207666015626,0.44395482540130615,-0.24561786651611328,-1.137364387512207
1789038680758076700,70.33207666015625,0.392239511013031,-0.09153032302856445,-0.8329944610595703
1789038680768076500,70.34207666015625,0.40906113386154175,-0.16886186599731445,-0.833979606628418
1789038680778076700,70.35207666015626,0.41982850432395935,-0.42503833770751953,-0.7926592826843262
1789038680788076500,70.36207666015625,0.324108362197876,-0.799339771270752,-0.3622417449951172
1789038680798076700,70.37207666015625,0.2692829370498657,-1.1332588195800781,0.3798046112060547
1789038680808076500,70.38207666015624,0.08761602640151978,-1.4346585273742676,0.41439247131347656
1789038680818076700,70.39207666015625,-0.07749038934707642,-1.460188388824463,0.2595949172973633
1789038680828076500,70.40207666015625,-0.22747796773910522,-1.284287452697754,0.07944869995117188
1789038680838076700,70.41207666015625,-0.3290153741836548,-1.0111827850341797,0.5433340072631836
1789038680848076500,70.42207666015625,-0.26223212480545044,-0.7753458023071289,0.4164609909057617
1789038680858076700,70.43207666015626,-0.2422899603843689,-0.3564720153808594,-0.07721710205078125
1789038680868076500,70.44207666015625,-0.25012779235839844,-0.11651754379272461,-0.33249759674072266
1789038680878076700,70.45207666015625,-0.32143110036849976,-0.12041425704956055,-0.3304004669189453
1789038680888076500,70.46207666015626,-0.434753954410553,-0.21567487716674805,-0.3279380798339844
1789038680898076700,70.47207666015625,-0.38554322719573975,-0.2889275550842285,-0.3905982971191406
1789038680908076500,70.48207666015625,-0.3471221923828125,-0.41455078125,-0.5018458366394043
1789038680918076700,70.49207666015624,-0.369565486907959,-0.5380640029907227,-0.6153411865234375
1789038680928076500,70.50207666015625,-0.32466644048690796,-0.6317882537841797,-0.39699459075927734
1789038680938076700,70.51207666015625,-0.2750532031059265,-0.7039036750793457,-0.15629959106445312
1789038680948076500,70.52207666015624,-0.4721798896789551,-0.6774430274963379,-0.028395652770996094
1789038680958076700,70.53207666015625,-0.46484363079071045,-0.5201992988586426,0.014138221740722656
1789038680968076500,70.54207666015625,-0.3827035427093506,-0.37577342987060547,-0.39752674102783203
1789038680978076700,70.55207666015625,-0.34210437536239624,-0.3016200065612793,-0.7433662414550781
1789038680988076500,70.56207666015625,-0.13548386096954346,-0.23686838150024414,-0.7175793647766113
1789038680998076700,70.57207666015626,-0.3759555220603943,-0.34935808181762695,-0.4860048294067383
1789038681008076500,70.58207666015625,-0.5785914063453674,-0.40841054916381836,-0.012256622314453125
1789038681018076700,70.59207666015625,-0.6331086754798889,-0.4037189483642578,0.21837997436523438
1789038681028076500,70.60207666015626,-0.4275013208389282,-0.1488809585571289,0.225677490234375
1789038681038076700,70.61207666015625,-0.04308086633682251,0.14360809326171875,0.2272186279296875
1789038681048076500,70.62207666015625,0.5926517248153687,0.4799327850341797,0.4001340866088867
1789038681058076700,70.63207666015624,0.9219331741333008,0.6811647415161133,0.7850914001464844
1789038681068076500,70.64207666015625,1.1673901081085205,0.7314143180847168,1.2814311981201172
1789038681078076700,70.65207666015625,1.2542595863342285,0.9118022918701172,1.5682744979858398
1789038681088076500,70.66207666015625,1.4278268814086914,1.0734615325927734,1.1256723403930664
1789038681098076700,70.67207666015625,1.2676817178726196,1.2528905868530273,0.9154548645019531
1789038681108076500,70.68207666015626,1.0880627632141113,1.323319435119629,0.2631349563598633
1789038681118076700,70.69207666015625,1.0082439184188843,1.2346296310424805,-0.1116037368774414
1789038681128076500,70.70207666015625,0.856113851070404,0.9269323348999023,-0.2749624252319336
1789038681138076700,70.71207666015626,0.6333565711975098,0.635167121887207,-0.36345672607421875
1789038681148076500,70.72207666015625,0.520363450050354,0.4145474433898926,-0.4524192810058594
1789038681158076700,70.73207666015625,0.6291325688362122,0.22422170639038086,-0.22487354278564453
1789038681168076500,70.74207666015624,0.6908876895904541,0.0233612060546875,-0.06083106994628906
1789038681178076700,70.75207666015625,0.6061779260635376,-0.22333049774169922,0.43251514434814453
1789038681188076500,70.76207666015625,0.20357143878936768,-0.5927953720092773,0.7614345550537109
1789038681198076700,70.77207666015624,0.009740173816680908,-0.6418476104736328,1.0025873184204102
1789038681208076500,70.78207666015625,-0.2550343871116638,-0.4779672622680664,1.1430950164794922
1789038681218076700,70.79207666015625,-0.17496639490127563,-0.2727236747741699,0.7566900253295898
1789038681228076500,70.80207666015625,-0.03724032640457153,-0.022058486938476562,0.4251546859741211
1789038681238076700,70.81207666015625,0.10683411359786987,0.31150197982788086,0.20297908782958984
1789038681248076500,70.82207666015626,0.06772053241729736,0.42362117767333984,0.25833702087402344
1789038681258076700,70.83207666015625,0.15048974752426147,0.41142988204956055,0.2661457061767578
1789038681268076500,70.84207666015625,0.302465558052063,0.3922300338745117,0.5157623291015625
1789038681278076700,70.85207666015626,0.4619383215904236,0.24663639068603516,0.8230371475219727
1789038681288076500,70.86207666015625,0.43836528062820435,0.10142183303833008,0.8923940658569336
1789038681298076700,70.87207666015625,0.35904479026794434,-0.13944292068481445,1.2750320434570312
1789038681308076500,70.88207666015624,0.3519366979598999,-0.3591623306274414,1.4641904830932617
1789038681318076700,70.89207666015625,0.3909284472465515,-0.503570556640625,1.6043930053710938
1789038681328076500,70.90207666015625,0.43772780895233154,-0.3781929016113281,1.3560190200805664
1789038681338076700,70.91207666015625,0.48970282077789307,-0.12426280975341797,0.5812253952026367
1789038681348076500,70.92207666015625,0.40588098764419556,0.18597936630249023,-0.048827171325683594
1789038681358076700,70.93207666015626,0.44858139753341675,0.4953038692474365,-0.7773981094360352
1789038681368076500,70.94207666015625,0.5185006856918335,0.6575095653533936,-0.8528671264648438
1789038681378076700,70.95207666015625,0.45928215980529785,0.6298165321350098,-0.5311098098754883
1789038681388076500,70.96207666015626,0.2425318956375122,0.4530172348022461,-0.16298294067382812
1789038681398076700,70.97207666015625,0.09444862604141235,0.35255002975463867,0.6489114761352539
1789038681408076500,70.98207666015625,0.1968638300895691,0.38733911514282227,1.063532829284668
1789038681418076700,70.99207666015624,0.3334057331085205,0.45037364959716797,1.1724472045898438
1789038681428076500,71.00207666015625,0.4498246908187866,0.29317569732666016,0.990818977355957
1789038681438076700,71.01207666015625,0.670819878578186,0.2831730842590332,0.9970483779907227
1789038681448076500,71.02207666015624,0.7866689562797546,0.3187379837036133,0.7686491012573242
1789038681458076700,71.03207666015625,0.7928156852722168,0.24539780616760254,-0.03587055206298828
1789038681468076500,71.04207666015625,0.842195451259613,0.20363092422485352,-0.7505407333374023
1789038681478076700,71.05207666015625,0.8020678758621216,0.22424030303955078,-1.0615711212158203
1789038681488076500,71.06207666015625,0.597262978553772,0.4358816146850586,-0.7922515869140625
1789038681498076700,71.07207666015626,0.4172637462615967,0.5875797271728516,-0.3364877700805664
1789038681508076500,71.08207666015625,0.06112229824066162,0.5079762935638428,0.1216440200805664
1789038681518076700,71.09207666015625,-0.19791686534881592,0.3163416385650635,0.33351802825927734
1789038681528076500,71.10207666015626,-0.2360752820968628,0.28658580780029297,0.1036539077758789
1789038681538076700,71.11207666015625,0.11033999919891357,0.24328207969665527,0.4092435836791992
1789038681548076500,71.12207666015625,0.49818217754364014,0.2246551513671875,0.4285316467285156
1789038681558076700,71.13207666015624,0.4989548921585083,0.006356000900268555,1.1810493469238281
1789038681568076500,71.14207666015625,0.37811100482940674,-0.14580392837524414,1.070723533630371
1789038681578076700,71.15207666015625,0.5144301652908325,-0.3077681064605713,0.7833652496337891
1789038681588076500,71.16207666015625,0.6534637212753296,-0.430206298828125,0.7023553848266602
1789038681598076700,71.17207666015625,0.6819616556167603,-0.4109933376312256,0.3181629180908203
1789038681608076500,71.18207666015626,0.20833086967468262,-0.2958824634552002,-0.2834663391113281
1789038681618076700,71.19207666015625,-0.29157042503356934,-0.3486156463623047,0.09302902221679688
1789038681628076500,71.20207666015625,-0.4616919755935669,-0.1951920986175537,-0.025651931762695312
1789038681638076700,71.21207666015626,-0.45560240745544434,-0.06528353691101074,-0.4115877151489258
1789038681648076500,71.22207666015625,-0.16728663444519043,-0.21515965461730957,-0.2486553192138672
1789038681658076700,71.23207666015625,0.2093820571899414,-0.0641179084777832,-0.16147613525390625
1789038681668076500,71.24207666015624,0.27217066287994385,0.13899588584899902,0.1553363800048828
1789038681678076700,71.25207666015625,0.2870051860809326,-0.06661438941955566,-0.047446250915527344
1789038681688076500,71.26207666015625,0.09425044059753418,-0.4394075870513916,-0.5823802947998047
1789038681698076700,71.27207666015624,-0.004120469093322754,-0.46988415718078613,-0.24207019805908203
1789038681708076500,71.28207666015625,0.014728665351867676,-0.21288001537322998,0.08075141906738281
1789038681718076700,71.29207666015625,0.2883557081222534,-0.3046156167984009,-0.31180286407470703
1789038681728076500,71.30207666015625,0.4030120372772217,-0.558058500289917,-0.7773122787475586
1789038681738076700,71.31207666015625,-0.003595709800720215,-0.697370171546936,-0.941716194152832
1789038681748076500,71.32207666015626,0.01457524299621582,-0.44904303550720215,-0.8343982696533203
1789038681758076700,71.33207666015625,-0.11429691314697266,-0.16215646266937256,-0.626495361328125
1789038681768076500,71.34207666015625,-0.3038783073425293,0.036597490310668945,-0.854008674621582
1789038681778076700,71.35207666015626,-0.48411989212036133,0.01165914535522461,-1.1341972351074219
1789038681788076500,71.36207666015625,-0.8235235214233398,-0.14024710655212402,-0.9428377151489258
1789038681798076700,71.37207666015625,-0.8645973205566406,-0.344845175743103,-0.8114280700683594
1789038681808076500,71.38207666015624,-0.4712250232696533,-0.57767254114151,-0.9676618576049805
1789038681818076700,71.39207666015625,-0.027628660202026367,-0.833568274974823,-1.0007295608520508
1789038681828076500,71.40207666015625,0.29921460151672363,-0.8552795052528381,-0.5341415405273438
1789038681838076700,71.41207666015625,0.19634509086608887,-0.5212769508361816,0.22522449493408203
1789038681848076500,71.42207666015625,0.04307055473327637,-0.036682069301605225,0.6452798843383789
1789038681858076700,71.43207666015626,0.21487998962402344,0.35152384638786316,0.41134071350097656
1789038681868076500,71.44207666015625,0.21902775764465332,0.35829949378967285,-0.19541263580322266
1789038681878076700,71.45207666015625,0.3322758674621582,0.3639437258243561,-0.4373931884765625
1789038681888076500,71.46207666015626,0.4367084503173828,0.4341678023338318,0.30047607421875
1789038681898076700,71.47207666015625,0.6482653617858887,0.5078360438346863,0.9326601028442383
1789038681908076500,71.48207666015625,0.6859691143035889,0.056062281131744385,0.829991340637207
1789038681918076700,71.49207666015624,0.5704526901245117,-0.39960846304893494,0.7403469085693359
1789038681928076500,71.50207666015625,0.5702130794525146,-0.3430972695350647,0.9448251724243164
1789038681938076700,71.51207666015625,0.8219890594482422,0.05164334177970886,0.946833610534668
1789038681948076500,71.52207666015624,0.980107307434082,0.14176228642463684,0.7184057235717773
1789038681958076700,71.53207666015625,0.8590600490570068,0.13196957111358643,0.3900604248046875
1789038681968076500,71.54207666015625,0.6012094020843506,0.048780083656311035,-0.1432180404663086
1789038681978076700,71.55207666015625,0.7492647171020508,0.04232603311538696,-0.46019935607910156
1789038681988076500,71.56207666015625,0.9818441867828369,-0.020715534687042236,-1.0975990295410156
1789038681998076700,71.57207666015626,0.8929290771484375,-0.3370571732521057,-1.827101230621338
1789038682008076500,71.58207666015625,0.6995859146118164,-0.7561148405075073,-2.377467632293701
1789038682018076700,71.59207666015625,0.1896824836730957,-0.8098182678222656,-2.2416086196899414
1789038682028076500,71.60207666015626,-0.43744492530822754,-0.45503610372543335,-1.3881945610046387
1789038682038076700,71.61207666015625,-0.33193278312683105,0.009993135929107666,-1.534322738647461
1789038682048076500,71.62207666015625,-0.3448176383972168,-0.2138405442237854,-2.348221778869629
1789038682058076700,71.63207666015624,-0.4175724983215332,-1.0861024856567383,-2.7136874198913574
1789038682068076500,71.64207666015625,-0.8659744262695312,-1.8575066328048706,-2.371880531311035
1789038682078076700,71.65207666015625,-1.5871925354003906,-1.865222454071045,-1.4174647331237793
1789038682088076500,71.66207666015625,-0.4136168956756592,-0.9280551671981812,-0.7276496887207031
1789038682098076700,71.67207666015625,0.3330245018005371,0.018695414066314697,-0.9636592864990234
1789038682108076500,71.68207666015626,0.4010028839111328,0.564295768737793,-0.2080535888671875
1789038682118076700,71.69207666015625,0.6288042068481445,0.7868661880493164,1.2702665328979492
1789038682128076500,71.70207666015625,0.7650763988494873,0.4806439280509949,1.4473276138305664
1789038682138076700,71.71207666015626,-0.09689497947692871,-0.5125567317008972,-0.016951560974121094
1789038682148076500,71.72207666015625,-0.8487622737884521,-1.0045981407165527,0.5034122467041016
1789038682158076700,71.73207666015625,-0.4349193572998047,-1.1139931678771973,0.807896614074707
1789038682168076500,71.74207666015624,-0.21317625045776367,-1.089848518371582,0.1263904571533203
1789038682178076700,71.75207666015625,-0.5647478103637695,-0.5729881525039673,0.4218473434448242
1789038682188076500,71.76207666015625,-0.010530710220336914,0.25352418422698975,1.0724411010742188
1789038682198076700,71.77207666015624,0.47343218326568604,0.3008129596710205,0.11337566375732422
1789038682208076500,71.78207666015625,-0.32087278366088867,-0.3393034040927887,-0.8959884643554688
1789038682218076700,71.79207666015625,-0.03021407127380371,-0.8376366496086121,-0.6112785339355469
1789038682228076500,71.80207666015625,0.09264326095581055,-1.0513381958007812,-0.5265560150146484
1789038682238076700,71.81207666015625,0.4610179662704468,-0.8432673215866089,-0.5427913665771484
1789038682248076500,71.82207666015626,0.38651716709136963,-0.7381556034088135,-1.6213788986206055
1789038682258076700,71.83207666015625,-0.11026644706726074,-0.4998261034488678,-1.774580955505371
1789038682268076500,71.84207666015625,-0.11160564422607422,0.20088011026382446,-0.8988924026489258
1789038682278076700,71.85207666015626,-0.11182856559753418,0.877343475818634,-0.47585391998291016
1789038682288076500,71.86207666015625,-0.026952266693115234,0.9100710153579712,-1.3385124206542969
1789038682298076700,71.87207666015625,-1.2806962728500366,0.38450032472610474,-2.1087989807128906
1789038682308076500,71.88207666015624,-1.5553430318832397,0.262844979763031,-1.0815649032592773
1789038682318076700,71.89207666015625,0.24803948402404785,0.6325974464416504,0.03530311584472656
1789038682328076500,71.90207666015625,1.0179715156555176,0.6713864803314209,-0.07866573333740234
1789038682338076700,71.91207666015625,0.009524941444396973,0.07483991980552673,-0.49350547790527344
1789038682348076500,71.92207666015625,-0.11736655235290527,-0.5898208618164062,0.38422203063964844
1789038682358076700,71.93207666015626,0.42598867416381836,-1.0361512899398804,0.4960603713989258
1789038682368076500,71.94207666015625,-0.15437602996826172,-1.3422452211380005,-0.8642148971557617
1789038682378076700,71.95207666015625,-0.5488879680633545,-1.2386928796768188,-1.4735822677612305
1789038682418076700,71.99207666015624,-1.1474000215530396,1.5993766784667969,-1.2936649322509766
1789038682678076700,72.25207666015625,-0.3290470242500305,-0.5417404174804688,0.23371410369873047
1789038761988076500,151.56207666015624,0.1541854739189148,-0.4250791072845459,0.38550376892089844
1789038762858076700,152.43207666015624,0.44729912281036377,-1.8537828922271729,-0.025473594665527344
1789038763838076700,153.41207666015626,0.04735851287841797,0.1702876091003418,-0.5493364334106445
1789038764968076500,154.54207666015625,0.15442901849746704,-0.15254370868206024,0.40729427337646484
1789038766358076700,155.93207666015624,0.32283854484558105,-1.3322882652282715,-0.327362060546875
1789038767808076500,157.38207666015626,0.37612318992614746,0.054491519927978516,0.2752876281738281
1789038769298076700,158.87207666015624,-0.1301060914993286,-0.6019220352172852,0.29315662384033203
1789038770878076700,160.45207666015625,0.4686751663684845,-0.1795196533203125,0.3353443145751953
1789038772438076700,162.01207666015625,-0.48005592823028564,0.008997440338134766,0.04290199279785156
1789038773918076700,163.49207666015624,-0.5994765758514404,0.7742347717285156,0.23283672332763672
1789038775568076500,165.14207666015625,0.01692613959312439,-2.0753402709960938,0.2631077766418457
1789038776688076500,166.26207666015625,0.5733137130737305,-2.4285435676574707,-3.081450939178467
1789038776698076700,166.27207666015624,0.20318317413330078,-2.92880916595459,-1.8820219039916992
1789038776708076500,166.28207666015626,-0.34174060821533203,-3.2103867530822754,-0.7087574005126953
1789038776718076700,166.29207666015625,-0.7298698425292969,-2.7960963249206543,-0.04107332229614258
1789038776728076500,166.30207666015625,-1.0073671340942383,-1.8083860874176025,0.10246765613555908
1789038776738076700,166.31207666015624,-0.6737604141235352,-0.9525423049926758,-0.3371291756629944
1789038776748076500,166.32207666015626,-0.28984546661376953,-1.0511720180511475,-0.21863991022109985
1789038776758076700,166.33207666015625,-0.017827987670898438,-1.7038899660110474,0.5528814792633057
1789038776768076500,166.34207666015624,0.41124534606933594,-2.0119450092315674,1.6322323083877563
1789038776778076700,166.35207666015626,1.0261001586914062,-1.296004056930542,1.725273609161377
1789038776788076500,166.36207666015625,1.5322399139404297,-0.32611680030822754,1.7190732955932617
1789038776798076700,166.37207666015624,1.492142677307129,0.689159631729126,1.0458369255065918
1789038776808076500,166.38207666015626,1.4912128448486328,1.3145287036895752,0.9433196783065796
1789038776818076700,166.39207666015625,1.8463516235351562,1.0392682552337646,1.446333885192871
1789038776828076500,166.40207666015624,1.7338838577270508,0.5964627265930176,1.488248348236084
1789038776838076700,166.41207666015626,1.1306838989257812,0.40050387382507324,1.0325062274932861
1789038776848076500,166.42207666015625,0.7309789657592773,0.008215188980102539,1.136256456375122
1789038776858076700,166.43207666015624,1.3368253707885742,-0.4007070064544678,1.7221429347991943
1789038776868076500,166.44207666015626,2.3021230697631836,-0.20499014854431152,1.3936601877212524
1789038776878076700,166.45207666015625,2.4569835662841797,0.08301377296447754,1.176988124847412
1789038776888076500,166.46207666015624,1.6737890243530273,-0.1632394790649414,1.3073217868804932
1789038776898076700,166.47207666015626,0.042293548583984375,-0.7894024848937988,1.1856108903884888
1789038776908076500,166.48207666015625,-2.0474367141723633,-0.6259245872497559,0.4177446961402893
1789038776918076700,166.49207666015624,-3.5002212524414062,0.24518370628356934,-1.1757011413574219
1789038776928076500,166.50207666015626,-3.811288833618164,0.6937181949615479,-1.668289303779602
1789038776938076700,166.51207666015625,-3.15677547454834,1.0714447498321533,-1.6926876306533813
1789038776948076500,166.52207666015624,-1.7686195373535156,1.4815700054168701,-1.3390350341796875
1789038776958076700,166.53207666015626,-0.6750316619873047,1.3735041618347168,-0.20335692167282104
1789038776968076500,166.54207666015625,0.1453084945678711,0.9980511665344238,1.1778919696807861
1789038776978076700,166.55207666015625,0.6936588287353516,0.2392939329147339,2.341031551361084
1789038776988076500,166.56207666015624,1.3029603958129883,-0.47977399826049805,2.826779842376709
1789038776998076700,166.57207666015626,1.9479541778564453,-0.6725187301635742,1.9098505973815918
1789038777008076500,166.58207666015625,2.3065690994262695,-0.6954370737075806,1.1185657978057861
1789038777018076700,166.59207666015624,2.4952688217163086,-0.7125581502914429,1.106041431427002
1789038777028076500,166.60207666015626,2.555666923522949,-0.6178939342498779,1.4461383819580078
1789038777038076700,166.61207666015625,1.6512126922607422,-0.3051811456680298,2.0683436393737793
1789038777048076500,166.62207666015624,0.8181915283203125,0.2125711441040039,2.6393024921417236
1789038777058076700,166.63207666015626,0.5511312484741211,0.8424636125564575,2.5962440967559814
1789038777068076500,166.64207666015625,0.6297073364257812,1.1688427925109863,2.361351728439331
1789038777078076700,166.65207666015624,0.7724695205688477,1.323299527168274,1.420940637588501
1789038777088076500,166.66207666015626,0.8734922409057617,1.3687868118286133,0.9307264089584351
1789038777098076700,166.67207666015625,0.8557109832763672,1.040924072265625,0.6478449106216431
1789038777108076500,166.68207666015624,0.7011127471923828,0.6142548322677612,0.4835715889930725
1789038777118076700,166.69207666015626,0.3351612091064453,0.2475956678390503,0.5968599319458008
1789038777128076500,166.70207666015625,-0.23771095275878906,0.061071157455444336,0.5510770678520203
1789038777138076700,166.71207666015624,-0.6815242767333984,-0.02044987678527832,0.18728390336036682
1789038777148076500,166.72207666015626,-0.7382059097290039,-0.246893048286438,-0.5995922088623047
1789038777158076700,166.73207666015625,-0.12572860717773438,-0.7274396419525146,-1.2538013458251953
1789038777168076500,166.74207666015624,0.23779296875,-1.1303170919418335,-0.30997997522354126
1789038777178076700,166.75207666015626,0.26773738861083984,-1.6655572652816772,0.6326650381088257
1789038777188076500,166.76207666015625,0.15988540649414062,-1.8362019062042236,1.2903481721878052
1789038777198076700,166.77207666015624,-0.09485816955566406,-1.4846878051757812,1.4055166244506836
1789038777208076500,166.78207666015626,0.24152088165283203,-0.7815461158752441,1.2085257768630981
1789038777218076700,166.79207666015625,1.4314947128295898,0.11397123336791992,1.1756155490875244
1789038777228076500,166.80207666015625,2.0058536529541016,0.6189913749694824,1.1569725275039673
1789038777238076700,166.81207666015624,1.7114324569702148,0.6219215393066406,1.5009186267852783
1789038777248076500,166.82207666015626,0.8239326477050781,0.4088172912597656,1.9939991235733032
1789038777258076700,166.83207666015625,-0.131134033203125,0.12322163581848145,2.1392269134521484
1789038777268076500,166.84207666015624,-1.033768653869629,-0.09224224090576172,1.7922980785369873
1789038777278076700,166.85207666015626,-1.3054852485656738,-0.12412476539611816,1.3925191164016724
1789038777288076500,166.86207666015625,-1.312380313873291,0.04412221908569336,1.1050986051559448
1789038777298076700,166.87207666015624,-1.1977910995483398,0.10404300689697266,0.9073597192764282
1789038777308076500,166.88207666015626,-0.8980894088745117,0.10554981231689453,1.005948543548584
1789038777318076700,166.89207666015625,-0.5763626098632812,0.29411792755126953,1.2343323230743408
1789038777328076500,166.90207666015624,0.046916961669921875,0.40004968643188477,1.4977819919586182
1789038777338076700,166.91207666015626,0.9350223541259766,0.7477713823318481,1.7492426633834839
1789038777348076500,166.92207666015625,1.793386459350586,1.0079374313354492,1.9891165494918823
1789038777358076700,166.93207666015624,2.2696914672851562,1.0585942268371582,1.8222745656967163
1789038777368076500,166.94207666015626,2.170614242553711,1.0353014469146729,1.2186793088912964
1789038777378076700,166.95207666015625,1.471242904663086,0.7806974649429321,0.4878215789794922
1789038777388076500,166.96207666015624,0.7439842224121094,0.346701979637146,-0.5218112468719482
1789038777398076700,166.97207666015626,0.5744533538818359,0.2625136375427246,-1.01670503616333
1789038777408076500,166.98207666015625,0.5736989974975586,0.40152812004089355,-0.49337267875671387
1789038777418076700,166.99207666015624,0.14282512664794922,0.443328857421875,0.4054906368255615
1789038777428076500,167.00207666015626,-0.21600723266601562,0.63134765625,1.0508134365081787
1789038777438076700,167.01207666015625,0.032894134521484375,0.8118960857391357,1.443495273590088
1789038777448076500,167.02207666015624,0.5679941177368164,0.7664432525634766,1.4712705612182617
1789038777458076700,167.03207666015626,1.2164678573608398,0.67240309715271,1.0772737264633179
1789038777468076500,167.04207666015625,1.5930137634277344,0.5462841987609863,0.42854952812194824
1789038777478076700,167.05207666015625,1.5501384735107422,0.27377939224243164,-0.44635701179504395
1789038777488076500,167.06207666015624,1.2320890426635742,0.15826034545898438,-0.9468197822570801
1789038777498076700,167.07207666015626,0.9322052001953125,0.13675451278686523,-0.7816643714904785
1789038777508076500,167.08207666015625,0.665736198425293,0.14750027656555176,-0.37331366539001465
1789038777518076700,167.09207666015624,0.5278091430664062,0.1790778636932373,0.011067867279052734
1789038777528076500,167.10207666015626,0.540797233581543,0.3085813522338867,0.330841064453125
1789038777538076700,167.11207666015625,0.6611232757568359,0.35646867752075195,0.4711265563964844
1789038777548076500,167.12207666015624,0.9184188842773438,0.38193774223327637,0.43017804622650146
1789038777558076700,167.13207666015626,1.0434465408325195,0.4647026062011719,0.4907461404800415
1789038777568076500,167.14207666015625,0.9893636703491211,0.6189167499542236,0.6734979152679443
1789038777578076700,167.15207666015624,0.881922721862793,0.8234825134277344,0.8086950778961182
1789038777588076500,167.16207666015626,0.6147937774658203,0.977208137512207,0.8804256916046143
1789038777598076700,167.17207666015625,0.26676368713378906,1.1100881099700928,0.9139605760574341
1789038777608076500,167.18207666015624,-0.0698099136352539,1.1785824298858643,0.8790714740753174
1789038777618076700,167.19207666015626,-0.10507583618164062,1.3240363597869873,0.8510823249816895
1789038777628076500,167.20207666015625,0.22019577026367188,1.5063836574554443,1.16384756565094
1789038777638076700,167.21207666015624,0.8598537445068359,1.589066505432129,1.5340895652770996
1789038777648076500,167.22207666015626,1.2119874954223633,1.5785741806030273,1.6023638248443604
1789038777658076700,167.23207666015625,1.0522079467773438,1.5405666828155518,1.5835680961608887
1789038777678076700,167.25207666015626,0.15706253051757812,1.3432207107543945,1.2459474802017212
1789038777688076500,167.26207666015625,0.031729698181152344,1.2647504806518555,1.1875512599945068
1789038777698076700,167.27207666015624,0.13239765167236328,1.1149985790252686,1.2839138507843018
1789038777708076500,167.28207666015626,0.2255411148071289,1.0177154541015625,1.1996910572052002
1789038777718076700,167.29207666015625,0.19261837005615234,0.885699987411499,1.09037446975708
1789038777728076500,167.30207666015625,-0.016645431518554688,0.6917281150817871,1.0619370937347412
1789038777738076700,167.31207666015624,-0.3395404815673828,0.509732723236084,1.0807030200958252
1789038777748076500,167.32207666015626,-0.5688333511352539,0.37184667587280273,1.0422377586364746
1789038777758076700,167.33207666015625,-0.5682649612426758,0.3350069522857666,0.9705190658569336
1789038777768076500,167.34207666015624,-0.4055595397949219,0.4123408794403076,0.8987505435943604
1789038777778076700,167.35207666015626,-0.11220455169677734,0.33992695808410645,0.9536899328231812
1789038777788076500,167.36207666015625,0.0066776275634765625,0.17375707626342773,0.7996412515640259
1789038777798076700,167.37207666015624,-0.13595294952392578,-0.07839703559875488,0.5172903537750244
1789038777808076500,167.38207666015626,-0.18783092498779297,-0.42548274993896484,0.1524195671081543
1789038777818076700,167.39207666015625,-0.0682668685913086,-0.7440659999847412,-0.34314560890197754
1789038777828076500,167.40207666015624,-0.21979522705078125,-0.8979222774505615,-0.6997697353363037
1789038777838076700,167.41207666015626,-0.4932708740234375,-0.9246673583984375,-0.7811789512634277
1789038777848076500,167.42207666015625,-0.7168779373168945,-0.8837318420410156,-0.6745996475219727
1789038777858076700,167.43207666015624,-0.7090969085693359,-0.7697088718414307,-0.3750772476196289
1789038777868076500,167.44207666015626,-0.6659278869628906,-0.7176086902618408,0.021284103393554688
1789038777878076700,167.45207666015625,-0.5615415573120117,-0.7219855785369873,0.1648705005645752
1789038777888076500,167.46207666015624,-0.5152482986450195,-0.7640290260314941,0.183363676071167
1789038777898076700,167.47207666015626,-0.4488239288330078,-0.7897090911865234,0.32079505920410156
1789038777908076500,167.48207666015625,-0.48044872283935547,-0.8752496242523193,0.420363187789917
1789038777918076700,167.49207666015624,-0.8186092376708984,-1.0639381408691406,0.5476324558258057
1789038777928076500,167.50207666015626,-1.1046533584594727,-1.2027802467346191,0.4745912551879883
1789038777938076700,167.51207666015625,-1.104536533355713,-0.9288270473480225,0.04920196533203125
1789038777948076500,167.52207666015624,-1.0014886856079102,-0.46531057357788086,-0.06045699119567871
1789038777958076700,167.53207666015626,-0.967132568359375,-0.4275703430175781,0.3721957206726074
1789038777968076500,167.54207666015625,-0.6571264266967773,-0.34872889518737793,0.610548734664917
1789038777978076700,167.55207666015625,-0.6853132247924805,-0.09856605529785156,0.5683386325836182
1789038777988076500,167.56207666015624,-0.47469329833984375,0.015180826187133789,-0.15913128852844238
1789038777998076700,167.57207666015626,-0.5528059005737305,-0.4382662773132324,-0.6636440753936768
1789038778008076500,167.58207666015625,-1.4044880867004395,-0.9136438369750977,-0.7573285102844238
1789038778018076700,167.59207666015624,-1.762228012084961,-0.9879707098007202,-0.6063551902770996
1789038778028076500,167.60207666015626,-0.8381071090698242,-0.6472280025482178,-0.5234518051147461
1789038778038076700,167.61207666015625,0.27404212951660156,-0.15140318870544434,-0.518776535987854
1789038778048076500,167.62207666015624,0.9689445495605469,0.11629652976989746,-0.1672903299331665
1789038778058076700,167.63207666015626,1.0190114974975586,0.26973867416381836,0.2930666208267212
1789038778068076500,167.64207666015625,0.5197582244873047,0.3453361988067627,0.6680563688278198
1789038778078076700,167.65207666015624,-0.10511016845703125,0.31311845779418945,0.8782302141189575
1789038778088076500,167.66207666015626,-1.1395883560180664,0.11795496940612793,0.9046995639801025
1789038778098076700,167.67207666015625,-1.8668060302734375,-0.03803563117980957,0.9256992936134338
1789038778108076500,167.68207666015624,-1.9397692680358887,-0.1418154239654541,0.6785523891448975
1789038778118076700,167.69207666015626,-1.4974689483642578,-0.4639108180999756,0.503511905670166
1789038778128076500,167.70207666015625,-0.4335956573486328,-0.44678378105163574,0.32916152477264404
1789038778138076700,167.71207666015624,0.7402200698852539,-0.08067703247070312,-0.2418421506881714
1789038778148076500,167.72207666015626,1.6296272277832031,0.30841898918151855,-0.6138454675674438
1789038778158076700,167.73207666015625,1.9984416961669922,0.6156363487243652,-0.42641401290893555
1789038778168076500,167.74207666015624,1.8157825469970703,0.7137560844421387,-0.07061564922332764
1789038778178076700,167.75207666015626,1.4623956680297852,0.6524693965911865,0.22537851333618164
1789038778188076500,167.76207666015625,1.1612024307250977,0.5405824184417725,0.4737224578857422
1789038778198076700,167.77207666015624,0.9354724884033203,0.4119281768798828,0.7211759686470032
1789038778208076500,167.78207666015626,0.7397041320800781,0.46789753437042236,0.7156237959861755
1789038778218076700,167.79207666015625,0.6543235778808594,0.6292984485626221,0.5550258159637451
1789038778228076500,167.80207666015625,0.4767122268676758,0.8668186664581299,0.2378157377243042
1789038778238076700,167.81207666015624,0.13695812225341797,1.0219695568084717,-0.10854005813598633
1789038778248076500,167.82207666015626,-0.12204170227050781,0.9586244821548462,-0.26155829429626465
1789038778258076700,167.83207666015625,-0.14629077911376953,0.8253120183944702,-0.10529637336730957
1789038778268076500,167.84207666015624,0.15285491943359375,0.6560667753219604,0.2966510057449341
1789038778278076700,167.85207666015626,0.6152000427246094,0.5117889642715454,0.38639581203460693
1789038778288076500,167.86207666015625,0.7905311584472656,0.4026440382003784,0.3560749292373657
1789038778298076700,167.87207666015624,0.8444671630859375,0.42336738109588623,0.2777136564254761
1789038778308076500,167.88207666015626,0.695037841796875,0.4791678190231323,0.32371270656585693
1789038778318076700,167.89207666015625,0.4916372299194336,0.3337399959564209,0.3556603193283081
1789038778328076500,167.90207666015624,0.41802024841308594,0.288393497467041,0.5380131006240845
1789038778338076700,167.91207666015626,0.06202888488769531,0.11307704448699951,0.6957435607910156
1789038778348076500,167.92207666015625,0.2695589065551758,0.34731411933898926,1.0018596649169922
1789038778358076700,167.93207666015624,0.8666038513183594,0.6926943063735962,1.1005942821502686
1789038778368076500,167.94207666015626,1.1333141326904297,0.7064595222473145,1.395946741104126
1789038778378076700,167.95207666015625,1.8280467987060547,0.7182831764221191,1.4867380857467651
1789038778388076500,167.96207666015624,1.6636924743652344,0.2528841495513916,1.4886975288391113
1789038778398076700,167.97207666015626,1.0563583374023438,-0.10698390007019043,1.6039210557937622
1789038778408076500,167.98207666015625,-0.09322166442871094,-0.055008649826049805,1.508175253868103
1789038778418076700,167.99207666015624,-1.4607501029968262,0.48915719985961914,1.128014326095581
1789038778428076500,168.00207666015626,-2.3807830810546875,1.0244598388671875,0.8436400294303894
1789038778438076700,168.01207666015625,-2.4751224517822266,1.3706274032592773,0.5339103937149048
1789038778448076500,168.02207666015624,-2.166426658630371,1.5258300304412842,0.22565603256225586
1789038778458076700,168.03207666015626,-1.5050878524780273,1.5205752849578857,-0.05384933948516846
1789038778468076500,168.04207666015625,-0.6426753997802734,1.4163012504577637,-0.16389739513397217
1789038778478076700,168.05207666015625,0.10305023193359375,1.2402546405792236,0.05669713020324707
1789038778488076500,168.06207666015624,0.5409641265869141,1.0349981784820557,0.41986894607543945
1789038778498076700,168.07207666015626,0.9341821670532227,0.9342668056488037,0.6152571439743042
1789038778508076500,168.08207666015625,1.2459125518798828,0.9283843040466309,0.6407595872879028
1789038778518076700,168.09207666015624,1.4269332885742188,0.90144944190979,0.5705255270004272
1789038778528076500,168.10207666015626,1.3752946853637695,0.6959409713745117,0.4535406827926636
1789038778538076700,168.11207666015625,1.0987987518310547,0.3027174472808838,0.35463476181030273
1789038778548076500,168.12207666015624,0.7790718078613281,0.02284717559814453,0.12276637554168701
1789038778558076700,168.13207666015626,0.49225807189941406,0.11939191818237305,-0.42961573600769043
1789038778568076500,168.14207666015625,0.17685890197753906,0.318928599357605,-0.7740830183029175
1789038778578076700,168.15207666015624,-0.01880931854248047,0.53271484375,-0.6975891590118408
1789038778588076500,168.16207666015626,-0.015260696411132812,0.6795495748519897,-0.43079686164855957
1789038778598076700,168.17207666015625,-0.04566669464111328,0.60719895362854,-0.24989795684814453
1789038778608076500,168.18207666015624,0.9885597229003906,0.23992955684661865,0.041779518127441406
1789038778618076700,168.19207666015626,1.6539382934570312,0.45954108238220215,0.5222039222717285
1789038778628076500,168.20207666015625,1.7216863632202148,0.5986745357513428,1.017471432685852
1789038778638076700,168.21207666015624,1.0234947204589844,0.8300745487213135,1.3969004154205322
1789038778648076500,168.22207666015626,0.7483024597167969,0.6682859659194946,1.534815788269043
1789038778658076700,168.23207666015625,0.5878801345825195,0.3169839382171631,1.5482888221740723
