time,seconds_elapsed,z,y,x
1790108039102015700,0.062015625,0.12819091975688934,-0.31283649802207947,0.16871730983257294
1790108039111960800,0.0719609375,0.1614324003458023,-0.42404699325561523,0.40387439727783203
1790108039121905000,0.08190478515625,0.17199556529521942,-0.650224506855011,0.6891207695007324
1790108039131849700,0.091849609375,0.1650027632713318,-0.8120034337043762,0.9852628707885742
1790108039141793800,0.101793701171875,0.1572018265724182,-1.1006280183792114,1.2401204109191895
1790108039151739000,0.11173876953125,0.1560663878917694,-1.3648210763931274,1.4413491487503052
1790108039161683000,0.121682861328125,0.1889694780111313,-1.5091263055801392,1.5790127515792847
1790108039171626800,0.131626708984375,0.3262091875076294,-1.4097245931625366,1.701964259147644
1790108039181571800,0.14157177734375,0.5608714818954468,-1.1915230751037598,1.722293734550476
1790108039191516000,0.151515869140625,1.0312581062316895,-1.7821542024612427,1.4434880018234253
1790108039201460700,0.161460693359375,1.3044558763504028,-2.0259101390838623,0.9620828032493591
1790108039211404800,0.17140478515625,1.2395755052566528,-2.179436445236206,0.49007850885391235
1790108039221349600,0.181349609375,0.9013092517852783,-2.3861255645751953,0.1635480523109436
1790108039231294000,0.1912939453125,0.31208696961402893,-2.11254620552063,0.1173638254404068
1790108039241238800,0.20123876953125,0.019571736454963684,-1.5411438941955566,0.28181031346321106
1790108039251182800,0.211182861328125,0.35129639506340027,-1.1593214273452759,0.3827361762523651
1790108039261126700,0.221126708984375,1.0638985633850098,-1.1683199405670166,0.21748995780944824
1790108039271072000,0.231072021484375,1.7710388898849487,-1.2935887575149536,-0.02833741530776024
1790108039281015800,0.241015869140625,2.1884775161743164,-1.549177646636963,-0.18991778790950775
1790108039290961000,0.2509609375,2.3195040225982666,-2.136823892593384,-0.28293055295944214
1790108039300904700,0.26090478515625,2.045969247817993,-3.2158756256103516,-0.303305059671402
1790108039310849800,0.270849853515625,1.6629661321640015,-4.167515277862549,-0.07648026943206787
1790108039320793900,0.2807939453125,1.4675723314285278,-4.934253692626953,0.14010237157344818
1790108039330738700,0.29073876953125,2.1449437141418457,-5.877554416656494,0.7109599113464355
1790108039340682800,0.300682861328125,3.1772470474243164,-6.851313591003418,1.8010084629058838
1790108039350626800,0.310626708984375,3.275815963745117,-7.299153804779053,2.0116419792175293
1790108039360572000,0.320572021484375,3.649829387664795,-7.221434116363525,1.8811359405517578
1790108039370515700,0.330515625,4.272251129150391,-6.940672874450684,1.7771660089492798
1790108039380460800,0.340460693359375,4.626392841339111,-6.439687252044678,1.4247487783432007
1790108039390404900,0.35040478515625,4.841751575469971,-6.0777788162231445,1.0177478790283203
1790108039400350000,0.360349853515625,5.07938289642334,-6.146785736083984,0.9124780297279358
1790108039410293800,0.370293701171875,5.425861358642578,-6.2905449867248535,1.0332027673721313
1790108039420238800,0.38023876953125,5.7091193199157715,-5.96973180770874,0.9880200624465942
1790108039430183000,0.390182861328125,5.814842224121094,-5.183856964111328,0.5905466675758362
1790108039440127000,0.400126953125,5.909214019775391,-4.328840732574463,0.14564533531665802
1790108039450071800,0.41007177734375,6.106016159057617,-3.4688336849212646,-0.019007690250873566
1790108039460015900,0.420015869140625,5.955212593078613,-2.562282085418701,-0.19819635152816772
1790108039469961000,0.4299609375,5.916668891906738,-2.085089683532715,0.2951771020889282
1790108039479904800,0.43990478515625,5.565229892730713,-1.842294692993164,0.24650970101356506
1790108039489849900,0.449849853515625,4.756600856781006,-1.5352364778518677,0.2995336949825287
1790108039499793700,0.459793701171875,4.109788417816162,-1.030362606048584,0.42681390047073364
1790108039509739000,0.469739013671875,3.847301959991455,-0.6691837310791016,0.6661569476127625
1790108039519682800,0.479682861328125,3.4745376110076904,-0.8240657448768616,0.8275431394577026
1790108039529627000,0.489626953125,3.333012580871582,-1.0062198638916016,0.9914147853851318
1790108039539571700,0.49957177734375,3.2217016220092773,-0.6106247901916504,0.6885259747505188
1790108039549515800,0.509515869140625,2.931283712387085,-0.012491417117416859,0.27863553166389465
1790108039559460900,0.5194609375,2.567621946334839,0.1920875608921051,0.47437652945518494
1790108039569405000,0.529405029296875,2.030256986618042,-0.0699077695608139,0.9226577877998352
1790108039579349800,0.539349853515625,1.476662039756775,-0.6585747599601746,1.521811842918396
1790108039589293800,0.5492939453125,0.9891921281814575,-0.9228132367134094,1.8368481397628784
1790108039599238000,0.55923779296875,0.5076990127563477,-0.9991399645805359,1.4571337699890137
1790108039609182700,0.5691826171875,0.02543233521282673,-0.8596933484077454,0.9728285074234009
1790108039619126800,0.579126708984375,-0.41877999901771545,-0.5472491979598999,0.611341655254364
1790108039629071600,0.589071533203125,-0.9015147686004639,-0.34631621837615967,0.2181214541196823
1790108039639016000,0.599015869140625,-1.3516966104507446,-0.3557579219341278,-0.06421356648206711
1790108039648960800,0.608960693359375,-1.588021159172058,-0.3144925534725189,-0.3647686541080475
1790108039658904800,0.61890478515625,-1.5249258279800415,-0.2307548075914383,-0.768626868724823
1790108039668849700,0.628849609375,-1.4102931022644043,-0.25645264983177185,-1.0004668235778809
1790108039678794000,0.6387939453125,-1.2585715055465698,-0.36304354667663574,-1.115153193473816
1790108039688738800,0.64873876953125,-1.2978330850601196,-0.3503949046134949,-1.2028167247772217
1790108039698683000,0.658682861328125,-1.236361026763916,-0.23588459193706512,-1.4730687141418457
1790108039708626700,0.668626708984375,-1.180476427078247,-0.20111489295959473,-1.9655017852783203
1790108039718571800,0.67857177734375,-1.2044174671173096,-0.27588552236557007,-2.020921230316162
1790108039728515800,0.688515869140625,-1.2840813398361206,-0.7678094506263733,-1.8132259845733643
1790108039738460700,0.698460693359375,-1.4946980476379395,-1.00212824344635,-0.9998372197151184
1790108039748404700,0.70840478515625,-1.5637484788894653,-1.5021474361419678,-0.268442839384079
1790108039758349800,0.718349853515625,-1.5028518438339233,-2.013561964035034,0.09471993893384933
1790108039768294000,0.7282939453125,-1.3299480676651,-2.166005849838257,0.2689848840236664
1790108039778238700,0.73823876953125,-0.6933106184005737,-3.1651339530944824,-0.06820567697286606
1790108039788182800,0.748182861328125,-0.9822155237197876,-2.9804160594940186,0.3495239317417145
1790108039798126300,0.758126220703125,-1.171727180480957,-1.0776413679122925,0.9168305397033691
1790108039808071400,0.768071533203125,-0.7172917127609253,-0.17183084785938263,0.7921101450920105
1790108039818015200,0.77801513671875,-0.262844055891037,0.3726755976676941,0.09772306680679321
1790108039827960600,0.787960693359375,0.3728581368923187,0.7241275310516357,-0.1601996272802353
1790108039837904400,0.797904296875,0.9755706191062927,-0.27797791361808777,0.12772643566131592
1790108039847849500,0.807849365234375,1.6428194046020508,-0.6349702477455139,0.20129992067813873
1790108039857793300,0.817793212890625,2.5104987621307373,-0.6296197175979614,0.3311644494533539
1790108039867738400,0.82773828125,2.911748170852661,-0.041579149663448334,0.40708571672439575
1790108039877682400,0.837682373046875,3.318579912185669,-0.5661100745201111,0.4065874218940735
1790108039887626500,0.84762646484375,3.304252862930298,-0.8218750953674316,0.6007044911384583
1790108039897571600,0.857571533203125,3.420269012451172,0.04603416472673416,0.475652277469635
1790108039907515600,0.867515625,3.3229942321777344,1.7646864652633667,0.45565372705459595
1790108039917460500,0.87746044921875,2.6253998279571533,1.271654725074768,-0.14485903084278107
1790108039927404300,0.887404296875,2.175853729248047,-0.09505995362997055,-0.7667209506034851
1790108039937349600,0.897349609375,1.7591872215270996,-1.0183990001678467,-0.5157446265220642
1790108039947293400,0.90729345703125,1.4489672183990479,-1.0620089769363403,0.13843674957752228
1790108039957237500,0.917237548828125,1.6612683534622192,-0.979291558265686,0.42465972900390625
1790108039967182300,0.927182373046875,1.7069350481033325,-1.5575244426727295,0.010682560503482819
1790108039977126400,0.93712646484375,1.1298974752426147,-1.2477309703826904,-0.40147864818573
1790108039987071500,0.947071533203125,0.5922704935073853,-0.5675904750823975,-0.24336130917072296
1790108039997015600,0.957015625,0.6380031108856201,-0.1606096774339676,0.0391169935464859
1790108040006960400,0.96696044921875,0.7670665979385376,-0.32218801975250244,0.09032139182090759
1790108040016904400,0.976904541015625,1.0261975526809692,-0.5694342851638794,-0.0432308092713356
1790108040026849500,0.986849609375,1.326198935508728,-0.6870563626289368,-0.08536272495985031
1790108040036793300,0.99679345703125,1.4730960130691528,-0.2537725567817688,-0.11269181966781616
1790108040046737400,1.0067373046875,1.436918020248413,0.08839665353298187,-0.010919956490397453
1790108040056682200,1.01668212890625,1.2463479042053223,0.22893086075782776,0.1458083987236023
1790108040066626600,1.02662646484375,1.006454348564148,-0.09897198528051376,0.4744722545146942
1790108040076571400,1.0365712890625,0.8981233835220337,-0.7808674573898315,0.7773197293281555
1790108040086515500,1.046515380859375,1.0217022895812988,-1.2506146430969238,0.8772780299186707
1790108040096460300,1.056460205078125,1.260339617729187,-1.5940114259719849,0.9009162187576294
1790108040106404600,1.066404541015625,1.3625274896621704,-1.4091702699661255,0.727682888507843
1790108040116349400,1.076349365234375,1.2954763174057007,-0.5251287817955017,0.31170454621315
1790108040126293500,1.08629345703125,1.2687268257141113,0.25801560282707214,0.019981667399406433
1790108040136237300,1.0962373046875,1.481074571609497,0.6466104984283447,-0.009031342342495918
1790108040146182700,1.1061826171875,1.6832212209701538,0.6158051490783691,0.10916069149971008
1790108040156126500,1.11612646484375,1.913415789604187,-0.02047782577574253,0.3870293200016022
1790108040166071300,1.1260712890625,2.1701738834381104,-0.9602187275886536,0.8465723991394043
1790108040176015400,1.136015380859375,2.261408805847168,-1.4310362339019775,1.1674611568450928
1790108040185960400,1.14596044921875,2.151036024093628,-1.329500436782837,1.1794462203979492
1790108040195904500,1.155904541015625,2.016700029373169,-0.9048951268196106,1.1119303703308105
1790108040205849300,1.165849365234375,1.8601351976394653,0.035918332636356354,1.0051426887512207
1790108040215793400,1.17579345703125,1.7121098041534424,1.4460562467575073,0.7411921620368958
1790108040225737200,1.1857373046875,1.6537072658538818,2.1723318099975586,0.3794163167476654
1790108040235682600,1.1956826171875,1.4363856315612793,2.085066318511963,0.10633577406406403
1790108040245626400,1.20562646484375,1.2286779880523682,1.7969285249710083,-0.3213542103767395
1790108040255571500,1.215571533203125,1.143946886062622,1.5751208066940308,-0.8635433912277222
1790108040265515300,1.225515380859375,0.7843932509422302,0.5034643411636353,-1.0478135347366333
1790108040275460600,1.235460693359375,0.2655537724494934,-0.5736612677574158,-0.1880529373884201
1790108040285404400,1.245404296875,0.7319687604904175,-0.8870193362236023,1.07439386844635
1790108040295349200,1.255349365234375,0.6074801087379456,-1.1611173152923584,1.6467574834823608
1790108040305293600,1.26529345703125,-0.6713986396789551,-0.9643202424049377,2.1183605194091797
1790108040315237600,1.275237548828125,-2.6251115798950195,-0.7574906349182129,2.8241946697235107
1790108040325182500,1.285182373046875,-4.305172443389893,-1.8844707012176514,3.2333195209503174
1790108040335126300,1.295126220703125,-3.941380739212036,-3.0350217819213867,2.5213253498077393
1790108040345071600,1.305071533203125,-2.960977554321289,-3.3782713413238525,2.1146531105041504
1790108040355015400,1.315015380859375,-2.406331777572632,-1.415216326713562,0.8970362544059753
1790108040364960500,1.32496044921875,-1.4259922504425049,0.6658344268798828,0.419740229845047
1790108040374904300,1.334904296875,-1.4475665092468262,-0.053492043167352676,0.1871432065963745
1790108040384848400,1.344848388671875,-1.7391667366027832,1.065161943435669,0.13843770325183868
1790108040394793500,1.35479345703125,-1.6096364259719849,1.0420706272125244,0.16895699501037598
1790108040404737500,1.364737548828125,-0.7491521835327148,0.15259996056556702,0.11234435439109802
1790108040414682400,1.374682373046875,-0.18899938464164734,0.03406504541635513,-0.19275963306427002
1790108040424626400,1.38462646484375,-0.02949514240026474,-0.0452335961163044,-0.5748599171638489
1790108040434571500,1.394571533203125,-0.02750922366976738,-0.25508081912994385,-0.8772900700569153
1790108040444515600,1.404515625,-0.26010143756866455,-0.643702507019043,-1.0557878017425537
1790108040454460400,1.41446044921875,-0.48779958486557007,-0.6943310499191284,-1.0049781799316406
1790108040464404200,1.424404296875,-0.5422752499580383,-0.6863247156143188,-1.1886776685714722
1790108040474348500,1.4343486328125,-0.539023756980896,-0.4521082043647766,-1.3254754543304443
1790108040484293400,1.44429345703125,-0.3923974931240082,-0.5866373181343079,-1.231895089149475
1790108040494237400,1.454237548828125,-0.2321327179670334,-1.168059229850769,-1.113689661026001
1790108040504182300,1.464182373046875,-0.23613981902599335,-1.7226943969726562,-1.182225227355957
1790108040514126600,1.474126708984375,-0.5197432637214661,-1.2720340490341187,-1.2249724864959717
1790108040524071400,1.484071533203125,-0.9133089780807495,-1.439494013786316,-1.0509086847305298
1790108040534015500,1.494015380859375,-1.405963659286499,-2.2286946773529053,-0.8711274862289429
1790108040543960300,1.503960205078125,-1.758492350578308,-2.7063729763031006,-0.7877331972122192
1790108040553904600,1.513904541015625,-1.7100439071655273,-2.735466718673706,-0.6075538396835327
1790108040563848400,1.523848388671875,-1.526764154434204,-2.7586514949798584,-0.430446594953537
1790108040573793500,1.53379345703125,-1.6170908212661743,-1.9231420755386353,-0.4002109169960022
1790108040583737300,1.5437373046875,-1.6649750471115112,-1.742296576499939,-0.41702014207839966
1790108040593682400,1.553682373046875,-1.985581874847412,-2.472463369369507,-0.2722957134246826
1790108040603626500,1.56362646484375,-2.247330665588379,-2.9393272399902344,-0.09654692560434341
1790108040613571300,1.5735712890625,-2.6890456676483154,-2.3755621910095215,-0.1401253044605255
1790108040623515400,1.583515380859375,-2.821439027786255,-1.9851839542388916,-0.14705345034599304
1790108040633459500,1.59345947265625,-2.6563332080841064,-2.582662343978882,-0.025327274575829506
1790108040643404500,1.603404541015625,-2.3793094158172607,-2.7128334045410156,-0.0910845696926117
1790108040653348400,1.613348388671875,-2.0345025062561035,-2.0214693546295166,-0.37936854362487793
1790108040663293400,1.62329345703125,-1.6504886150360107,-1.568464994430542,-0.43642666935920715
1790108040673237500,1.633237548828125,-1.3237128257751465,-1.3922258615493774,-0.2947920560836792
1790108040683182600,1.6431826171875,-1.075626015663147,-1.1144059896469116,-0.27025264501571655
1790108040693126400,1.65312646484375,-0.8317869901657104,-0.5893217921257019,-0.4267556965351105
1790108040703071200,1.6630712890625,-0.3454013466835022,0.34483590722084045,-0.636311411857605
1790108040713015600,1.673015625,0.10028985142707825,1.5713655948638916,-0.778046727180481
1790108040722959600,1.682959716796875,0.372271329164505,2.249584197998047,-0.7891173958778381
1790108040732904400,1.692904541015625,0.5107492804527283,1.55605947971344,-0.5724942684173584
1790108040742848500,1.7028486328125,0.504945695400238,0.6068181395530701,-0.30785101652145386
1790108040752793600,1.712793701171875,0.6328437328338623,0.7773720026016235,-0.1855003386735916
1790108040762737400,1.7227373046875,0.921278715133667,0.858698308467865,-0.10123273730278015
1790108040772682500,1.7326826171875,1.1284327507019043,0.5392406582832336,0.17222729325294495
1790108040782626300,1.742626220703125,1.3829184770584106,0.16222822666168213,0.455280065536499
1790108040792570400,1.7525703125,1.7679917812347412,-0.7814115285873413,0.8505451083183289
1790108040802516000,1.762515869140625,2.1272897720336914,-1.2508257627487183,1.1757351160049438
1790108040812460300,1.772460205078125,2.1165213584899902,-1.0071022510528564,1.4445914030075073
1790108040822405000,1.782405029296875,1.2544465065002441,-0.49453702569007874,1.9052635431289673
1790108040832349200,1.79234912109375,-0.194502592086792,0.2375723421573639,2.0091428756713867
1790108040842294000,1.8022939453125,-1.0598431825637817,1.4255681037902832,1.4492493867874146
1790108040852238000,1.812238037109375,-0.9148612022399902,1.25863778591156,0.9013928771018982
1790108040862183200,1.82218310546875,-0.9121127724647522,0.8399569392204285,0.5865543484687805
1790108040872127000,1.832126953125,-1.2100634574890137,0.966110110282898,0.42531701922416687
1790108040882071000,1.842071044921875,-1.6070071458816528,0.8091719746589661,0.2655963599681854
1790108040892016000,1.85201611328125,-1.596316933631897,0.6556146740913391,0.10066734254360199
1790108040901960200,1.861960205078125,-1.371787190437317,0.8382202982902527,0.28840750455856323
1790108040911905000,1.871905029296875,-1.1002308130264282,0.9160400032997131,0.5009315013885498
1790108040921849000,1.88184912109375,-1.1133545637130737,1.399216890335083,0.7706010341644287
1790108040931794200,1.891794189453125,-1.1047965288162231,1.5331072807312012,1.111859679222107
1790108040941738200,1.90173828125,-1.0475482940673828,1.174623966217041,1.2364860773086548
1790108040951683000,1.91168310546875,-0.3413868546485901,1.12821364402771,1.4042426347732544
1790108040961627000,1.921626953125,0.21552018821239471,1.1093182563781738,1.5039111375808716
1790108040971571000,1.931571044921875,0.5989142060279846,0.2326926738023758,1.437851905822754
1790108040981516000,1.94151611328125,0.5391278266906738,-1.1434381008148193,1.1266101598739624
1790108040991460000,1.951460205078125,0.38891300559043884,-0.9759213328361511,1.0380704402923584
1790108041001405000,1.961405029296875,-0.2821354568004608,-0.8913557529449463,1.0527037382125854
1790108041011349000,1.971348876953125,-1.3007069826126099,-1.3959262371063232,0.8958441019058228
1790108041021294000,1.981294189453125,-1.9344232082366943,-1.544714331626892,0.7915314435958862
1790108041031238100,1.991238037109375,-2.374244451522827,-1.7628597021102905,0.7914702296257019
1790108041041182000,2.001181884765625,-2.454498052597046,-1.7163251638412476,0.8733620047569275
1790108041051127000,2.011126953125,-2.147696018218994,-1.4636911153793335,0.8453612327575684
1790108041061071000,2.021071044921875,-1.54820716381073,-1.4949302673339844,0.5699357390403748
1790108041071016200,2.03101611328125,-0.9070991277694702,-1.136600136756897,0.27281808853149414
1790108041080960000,2.0409599609375,-0.31146684288978577,-0.8455117344856262,0.003497134894132614
1790108041090905000,2.050905029296875,0.10787689685821533,-0.9856009483337402,-0.3078916370868683
1790108041100849200,2.06084912109375,0.30019745230674744,-0.8047106266021729,-0.5333740711212158
1790108041110793200,2.070793212890625,0.2746888995170593,-0.6462423801422119,-0.5800110697746277
1790108041120738000,2.080738037109375,0.3164896070957184,-0.8887441158294678,-0.5263805985450745
1790108041130682000,2.09068212890625,0.7548997402191162,-1.260599136352539,-0.41751983761787415
1790108041140627200,2.100627197265625,1.6360294818878174,-0.8664416074752808,-0.024414293467998505
1790108041150571000,2.110571044921875,1.728495478630066,-0.7574264407157898,0.17107504606246948
1790108041160516000,2.12051611328125,0.8458731770515442,-1.1218540668487549,-0.010963691398501396
1790108041170460000,2.1304599609375,-0.004171057604253292,-1.0073453187942505,-0.15244466066360474
1790108041180405200,2.1404052734375,-0.46414005756378174,-0.8839576840400696,-0.2403744012117386
1790108041190349000,2.15034912109375,-0.26551565527915955,-0.2722676694393158,-0.31746599078178406
1790108041200293000,2.160293212890625,0.3135271370410919,0.20736974477767944,-0.30504101514816284
1790108041210238000,2.170238037109375,0.8472270369529724,0.33306804299354553,-0.0912320613861084
1790108041220182300,2.180182373046875,1.119696021080017,0.0025189127773046494,0.12444674223661423
1790108041230127000,2.190127197265625,0.7350396513938904,-0.3501427471637726,0.12316469103097916
1790108041240071200,2.2000712890625,0.1701795756816864,-0.5673166513442993,0.14273889362812042
1790108041250016000,2.21001611328125,0.1859619915485382,-0.4128887355327606,0.23029616475105286
1790108041259960000,2.2199599609375,1.0598589181900024,0.3826774060726166,0.5682710409164429
1790108041269904100,2.229904052734375,1.456052303314209,0.8221167922019958,0.7938042879104614
1790108041279849000,2.239848876953125,1.3097466230392456,0.8017614483833313,0.8236837387084961
1790108041289793000,2.24979296875,1.0089433193206787,0.7201089262962341,0.888025164604187
1790108041299738000,2.259738037109375,0.8811266422271729,0.4721753001213074,0.9236939549446106
1790108041309682200,2.26968212890625,2.0711231231689453,0.4375440776348114,0.8780249953269958
1790108041319627000,2.279626953125,3.7983546257019043,-0.21979260444641113,0.866628885269165
1790108041329571000,2.289571044921875,4.59197998046875,0.05085726082324982,1.4773684740066528
1790108041339516200,2.29951611328125,3.871553897857666,-0.6491876244544983,2.207549810409546
1790108041349460200,2.309460205078125,2.3571724891662598,-0.6148887872695923,2.9851341247558594
1790108041359404000,2.319404052734375,1.2775582075119019,0.340928316116333,3.1871612071990967
1790108041369349000,2.32934912109375,0.710235059261322,0.7644779682159424,2.8252956867218018
1790108041379293000,2.33929296875,0.04721250757575035,0.22920025885105133,2.2532856464385986
1790108041389238000,2.349238037109375,-0.31127187609672546,0.9775320291519165,1.1900662183761597
1790108041399182000,2.35918212890625,-0.21600735187530518,1.4877654314041138,0.32089489698410034
1790108041409127000,2.369126953125,-0.18925802409648895,0.4707515239715576,-0.24290962517261505
1790108041419071000,2.379071044921875,-0.7831704616546631,-0.32723572850227356,-0.30946084856987
1790108041429015000,2.38901513671875,-1.7468632459640503,-0.8435866832733154,-0.09883357584476471
1790108041438960000,2.398960205078125,-2.5307729244232178,-1.6798335313796997,-0.12661536037921906
1790108041448904000,2.408904052734375,-3.0897693634033203,-2.6001532077789307,-0.3575444519519806
1790108041458849000,2.41884912109375,-3.0414021015167236,-2.789295196533203,-0.7084440588951111
1790108041468793000,2.42879296875,-2.5393919944763184,-2.202387571334839,-1.1799269914627075
1790108041478738200,2.43873828125,-1.7191466093063354,-1.2342956066131592,-1.4850237369537354
1790108041488682000,2.448681884765625,-0.9055361747741699,-0.6675889492034912,-1.6576464176177979
1790108041498627000,2.458626953125,-0.1394236534833908,-0.48981204628944397,-1.4827940464019775
1790108041508571100,2.468571044921875,0.6519026756286621,0.09817501902580261,-0.8722884058952332
1790108041518515200,2.47851513671875,1.2599560022354126,1.4553399085998535,0.6081920266151428
1790108041528460000,2.4884599609375,1.4854559898376465,1.304743766784668,1.8164159059524536
1790108041538404000,2.498404052734375,1.4018629789352417,0.09252817928791046,2.982926368713379
1790108041548349200,2.50834912109375,1.4000667333602905,-0.6916478276252747,4.271405220031738
1790108041558293000,2.51829296875,1.7084987163543701,-0.9215836524963379,4.584559440612793
1790108041568238000,2.528238037109375,2.2907357215881348,-0.8764233589172363,4.0889058113098145
1790108041578182000,2.538181884765625,2.7885189056396484,-0.7200543284416199,3.450263261795044
1790108041588126200,2.548126220703125,2.830174207687378,-0.5328088402748108,2.9521493911743164
1790108041598071000,2.558071044921875,3.9434962272644043,0.40766000747680664,2.7958037853240967
1790108041608015000,2.56801513671875,4.203661918640137,1.1185472011566162,2.6359715461730957
1790108041617960000,2.5779599609375,4.234986782073975,2.193331241607666,1.6170661449432373
1790108041627904300,2.587904296875,3.7106428146362305,2.561404228210449,0.36246225237846375
1790108041637849000,2.59784912109375,3.1054205894470215,1.7634111642837524,-0.10304275155067444
1790108041647793200,2.607793212890625,2.384262800216675,0.5800269842147827,-0.1779889017343521
1790108041657738000,2.617738037109375,1.765884280204773,-0.4589041471481323,-0.2784642279148102
1790108041667682000,2.62768212890625,1.527841567993164,-0.8873242139816284,-0.12924067676067352
1790108041677626000,2.637626220703125,1.3924988508224487,-0.7957719564437866,-0.07881613820791245
1790108041687571000,2.647571044921875,0.8419342637062073,-0.9886953234672546,-0.6053198575973511
1790108041697515000,2.657514892578125,0.030470173805952072,-1.0618842840194702,-1.094247817993164
1790108041707460000,2.667460205078125,-0.5433339476585388,-0.6377401947975159,-1.3238353729248047
1790108041717404200,2.677404052734375,-0.7180655598640442,0.014673789031803608,-1.2422590255737305
1790108041727349000,2.687348876953125,-0.6500232815742493,0.4002048075199127,-0.8566338419914246
1790108041737293000,2.69729296875,-0.4538853168487549,0.7145131230354309,-0.19326388835906982
1790108041747238100,2.707238037109375,-0.42343392968177795,0.48421624302864075,0.4330679178237915
1790108041757182200,2.71718212890625,-0.5695691108703613,-0.2203105092048645,0.833014965057373
1790108041767126000,2.7271259765625,-0.7172850370407104,-0.822648823261261,0.9258649945259094
1790108041777071000,2.737071044921875,-0.5605348348617554,-0.7328989505767822,0.7559401392936707
1790108041787015000,2.747014892578125,-0.3139367997646332,-0.14306364953517914,0.6012698411941528
1790108041796960000,2.7569599609375,-0.16919079422950745,0.20529776811599731,0.38204532861709595
1790108041806903800,2.76690380859375,-0.1458609700202942,0.08087274432182312,0.14342665672302246
1790108041816848600,2.7768486328125,-0.08894132822751999,-0.1637299805879593,0.08960966020822525
1790108041826792700,2.786792724609375,0.037277333438396454,-0.27946165204048157,0.22820056974887848
1790108041836736800,2.79673681640625,-0.10687682777643204,0.6360768675804138,-0.232890784740448
1790108041846681900,2.806681884765625,-0.047774095088243484,-0.07433202117681503,0.11296513676643372
1790108041856626000,2.8166259765625,0.17717395722866058,-1.1937599182128906,0.5959786772727966
1790108041866570800,2.82657080078125,0.12886235117912292,-1.3088798522949219,0.6870955228805542
1790108041876514600,2.8365146484375,-0.028093544766306877,-1.047131061553955,0.5551066994667053
1790108041886460000,2.8464599609375,-0.18091104924678802,-0.8551304936408997,0.38800984621047974
1790108041896403700,2.85640380859375,-0.31481078267097473,-0.7048330903053284,0.2775895893573761
1790108041906347800,2.86634765625,-0.15938392281532288,-0.0728338211774826,-0.9067682027816772
1790108041916292600,2.876292724609375,0.1533878594636917,0.4834948182106018,-0.4638819098472595
1790108041926237000,2.88623681640625,-0.2338045984506607,-0.23303106427192688,0.837059497833252
1790108041936181800,2.896181640625,0.016024921089410782,-1.0889071226119995,0.9862613081932068
1790108041946125800,2.906125732421875,0.22996969521045685,-1.8610161542892456,1.0738193988800049
1790108041956070700,2.916070556640625,0.24692487716674805,-2.2905266284942627,0.9811505675315857
1790108041966015000,2.926014892578125,0.09700623154640198,-2.422619342803955,0.898867666721344
1790108041975959800,2.935959716796875,-0.22745005786418915,-2.3601930141448975,0.9640371799468994
1790108041985903600,2.945903564453125,-0.2748764157295227,-2.545177698135376,1.3163185119628906
1790108041995847700,2.95584765625,0.1408785879611969,-3.0589518547058105,1.7151614427566528
1790108042005792800,2.965792724609375,0.559402346611023,-3.2632784843444824,1.8161051273345947
1790108042015736800,2.97573681640625,0.6186425089836121,-3.0447776317596436,1.6113582849502563
1790108042025681700,2.985681640625,0.5978472232818604,-2.3898775577545166,1.130815029144287
1790108042035625700,2.995625732421875,0.3842948377132416,-1.1523536443710327,0.3227803707122803
1790108042045570800,3.00557080078125,-0.06406190246343613,-0.2698107659816742,-0.27416664361953735
1790108042055515000,3.015514892578125,-0.2527879476547241,0.39481520652770996,-0.8726498484611511
1790108042065458700,3.025458740234375,-0.27834179997444153,0.7765522003173828,-1.3920986652374268
1790108042075403800,3.03540380859375,-0.2879200577735901,0.885690450668335,-1.5839372873306274
1790108042085347800,3.045347900390625,-0.3217478096485138,0.6940549612045288,-1.440232276916504
1790108042095293000,3.05529296875,-0.3940849304199219,0.45993855595588684,-1.2144763469696045
1790108042105236700,3.06523681640625,-0.5152457356452942,0.34275519847869873,-0.8969428539276123
1790108042115181600,3.075181640625,-0.6135780811309814,0.2877140939235687,-0.5161336660385132
1790108042125126000,3.0851259765625,-0.6266978979110718,0.11113772541284561,-0.09174060076475143
1790108042135070700,3.09507080078125,-0.7524082660675049,0.12912796437740326,0.18703794479370117
1790108042145014800,3.105014892578125,-0.8857706189155579,0.6203357577323914,0.40103358030319214
1790108042154958800,3.114958740234375,-1.039872169494629,0.4096738398075104,0.4741879105567932
1790108042164904000,3.124904052734375,-1.1110821962356567,0.5329957604408264,0.5234407186508179
1790108042174847700,3.13484765625,-1.1449460983276367,1.0718016624450684,0.3483811020851135
1790108042184792800,3.144792724609375,-0.6887457966804504,1.53452730178833,0.09481596201658249
1790108042194736600,3.154736572265625,0.2306634783744812,1.5848596096038818,-0.1620987057685852
1790108042204682000,3.164681884765625,0.8694719076156616,1.5013996362686157,-0.37364980578422546
1790108042214625800,3.174625732421875,1.0768147706985474,1.5711567401885986,-0.37125739455223083
1790108042224569900,3.18456982421875,0.8859555721282959,1.1068167686462402,-0.16800226271152496
1790108042234514700,3.1945146484375,0.5082000494003296,-0.004733578767627478,0.09976447373628616
1790108042244458800,3.204458740234375,0.06791265308856964,-1.062462329864502,0.32959553599357605
1790108042254403800,3.21440380859375,-0.37123164534568787,-1.6104940176010132,0.5202134847640991
1790108042264348000,3.224347900390625,-0.7753767371177673,-1.5393126010894775,0.619368314743042
1790108042274292700,3.234292724609375,-0.925834059715271,-1.1595332622528076,0.5632548332214355
1790108042284236500,3.244236572265625,-0.913723886013031,-0.740702748298645,0.38336047530174255
1790108042294182000,3.254181884765625,-0.8516779541969299,-0.4542827904224396,0.17309388518333435
1790108042304125700,3.264125732421875,-0.7605240345001221,-0.19915832579135895,0.02038981392979622
1790108042314069800,3.27406982421875,-0.6355345249176025,0.032440248876810074,-0.0017780829221010208
1790108042324014600,3.2840146484375,-0.48957252502441406,0.22040963172912598,0.08267927914857864
1790108042333959000,3.293958984375,-0.3241799771785736,0.3270038962364197,0.1477636992931366
1790108042343903700,3.30390380859375,-0.17936767637729645,0.3756166994571686,0.17665180563926697
1790108042353847800,3.313847900390625,-0.0718202143907547,0.38113316893577576,0.1917061060667038
1790108042363793000,3.32379296875,-0.05227820575237274,0.32525044679641724,0.190962553024292
1790108042373737000,3.333737060546875,-0.10188165307044983,0.2511822581291199,0.13294008374214172
1790108042383680800,3.3436806640625,-0.1887558251619339,0.25534531474113464,0.0006147958338260651
1790108042393625900,3.3536259765625,-0.28878164291381836,0.2679752707481384,-0.1891063153743744
1790108042403569700,3.363569580078125,-0.40710750222206116,0.19013455510139465,-0.3855589032173157
1790108042413514800,3.3735146484375,-0.5066974759101868,0.0485457107424736,-0.5377243757247925
1790108042423458800,3.383458740234375,-0.5103330016136169,-0.025338366627693176,-0.656417965888977
1790108042433403600,3.393403564453125,-0.4335958957672119,0.03233941271901131,-0.7679421901702881
1790108042443347700,3.40334765625,-0.3367321789264679,0.08003529161214828,-0.8882156014442444
1790108042453292800,3.413292724609375,-0.2821265161037445,0.09562500566244125,-0.9634325504302979
1790108042463236900,3.42323681640625,-0.24967139959335327,0.06846954673528671,-1.006927728652954
1790108042473180700,3.4331806640625,-0.2212110161781311,-0.02284720167517662,-0.9967268109321594
1790108042483125800,3.443125732421875,-0.16181853413581848,-0.0677797868847847,-1.0141491889953613
1790108042493069800,3.45306982421875,-0.09729613363742828,-0.07599543035030365,-1.0740563869476318
1790108042503015000,3.463014892578125,-0.1406228393316269,-0.01374377217143774,-1.0695960521697998
1790108042512958700,3.472958740234375,-0.11854419857263565,-0.012256551533937454,-1.076749324798584
1790108042522903800,3.48290380859375,-0.1525501012802124,-0.1120007261633873,-1.090590238571167
1790108042532847900,3.492847900390625,-0.20216244459152222,-0.2801596522331238,-1.0856965780258179
1790108042542792000,3.5027919921875,-0.2499360889196396,-0.3861928880214691,-1.0871626138687134
1790108042552736800,3.51273681640625,-0.30658435821533203,-0.44329512119293213,-1.103395700454712
1790108042562680800,3.522680908203125,-0.37126001715660095,-0.4617026150226593,-1.1293220520019531
1790108042572626000,3.5326259765625,-0.4310213625431061,-0.36493292450904846,-1.0987712144851685
1790108042582569700,3.54256982421875,-0.3884219527244568,-0.45439597964286804,-1.042005181312561
1790108042592514800,3.552514892578125,-0.379126638174057,-0.496587336063385,-0.9519297480583191
1790108042602458600,3.562458740234375,-0.35961151123046875,-0.4912961721420288,-0.8548868298530579
1790108042612404000,3.572404052734375,-0.35037609934806824,-0.4480903148651123,-0.7618023157119751
1790108042622347800,3.58234765625,-0.35210341215133667,-0.423649400472641,-0.7169754505157471
1790108042632291800,3.592291748046875,-0.42623788118362427,-0.30292555689811707,-0.6844199299812317
1790108042642236700,3.602236572265625,-0.488427996635437,-0.46312135457992554,-0.6713219881057739
1790108042652180700,3.6121806640625,-0.597476065158844,-0.7136626839637756,-0.6320688128471375
1790108042662125800,3.622125732421875,-0.6415950655937195,-0.7690351605415344,-0.5965654253959656
1790108042672070000,3.63206982421875,-0.6743190884590149,-0.6348351836204529,-0.5174777507781982
1790108042682014700,3.6420146484375,-0.7922398447990417,-0.2912037968635559,-0.28971460461616516
1790108042691958800,3.651958740234375,-0.7796952128410339,-0.1993703544139862,-0.12794016301631927
1790108042701902800,3.66190283203125,-0.8079462647438049,-0.14893966913223267,-0.01006306055933237
1790108042711847700,3.67184765625,-0.8917351961135864,-0.13163286447525024,0.04534853249788284
1790108042721791700,3.681791748046875,-0.9291344881057739,-0.05474074184894562,-0.002686637220904231
1790108042731736600,3.691736572265625,-0.9639115333557129,0.13378101587295532,-0.005998650565743446
1790108042741681000,3.701680908203125,-0.9589745402336121,0.2689712941646576,0.08118898421525955
1790108042751625700,3.711625732421875,-0.9059557914733887,0.14390569925308228,0.07215920835733414
1790108042761569800,3.72156982421875,-0.9126275181770325,0.17017245292663574,0.06532900035381317
1790108042771513600,3.731513671875,-0.9091625809669495,0.19481161236763,0.026980997994542122
1790108042781459000,3.741458984375,-0.8782941699028015,0.15687967836856842,0.02588244341313839
1790108042791402800,3.75140283203125,-0.8198172450065613,0.12316179275512695,0.1042027473449707
1790108042801348000,3.76134814453125,-0.7794452905654907,0.1943049430847168,0.2126605063676834
1790108042811292200,3.771292236328125,-0.7768738865852356,0.3185986280441284,0.29600760340690613
1790108042821237200,3.7812373046875,-0.7523741126060486,0.3983405828475952,0.3481738567352295
1790108042831181300,3.791181396484375,-0.6735020875930786,0.41653069853782654,0.36531007289886475
1790108042841126100,3.801126220703125,-0.5658736228942871,0.3640746772289276,0.3763698935508728
1790108042851070200,3.8110703125,-0.4701681435108185,0.3830161392688751,0.4228597581386566
1790108042861014300,3.82101416015625,-0.3747292459011078,0.5712411999702454,0.5510686039924622
1790108042870959400,3.83095947265625,-0.26733583211898804,0.708625078201294,0.6861554980278015
1790108042880903200,3.840903076171875,-0.1658416986465454,0.742920994758606,0.7228118181228638
1790108042890848300,3.85084814453125,-0.08494017273187637,0.7614004015922546,0.7354316115379333
1790108042900792300,3.860792236328125,-0.013599680736660957,0.7791202664375305,0.7658507823944092
1790108042910737200,3.870737060546875,0.012364101596176624,0.7469139099121094,0.7857367396354675
1790108042920681200,3.88068115234375,0.02457389608025551,0.8210139870643616,0.8000696301460266
1790108042930625300,3.890625244140625,0.028388099744915962,0.8773545026779175,0.7983006238937378
1790108042940570400,3.9005703125,0.06237190216779709,0.8102836012840271,0.7883113622665405
1790108042950514400,3.910514404296875,0.08057408034801483,0.662765622138977,0.774643063545227
1790108042960459300,3.920459228515625,0.12033268064260483,0.5478150844573975,0.7848762273788452
1790108042970403000,3.930403076171875,0.1321520060300827,0.4695125222206116,0.7703272104263306
1790108042980348400,3.940348388671875,0.15483307838439941,0.39987194538116455,0.7495441436767578
1790108042990292200,3.950292236328125,0.22238269448280334,0.33201250433921814,0.6956675052642822
1790108043000237300,3.9602373046875,0.3552006781101227,0.2728932499885559,0.651975154876709
1790108043010181000,3.97018115234375,0.42260995507240295,0.3655776083469391,0.6837837100028992
1790108043020125400,3.98012548828125,0.4843739867210388,0.431000292301178,0.741554856300354
1790108043030070300,3.9900703125,0.5469992756843567,0.4446549713611603,0.8096938729286194
1790108043040014300,4.000014404296875,0.558476448059082,0.4572131037712097,0.8664306998252869
1790108043049959200,4.009959228515625,0.6005896925926208,0.449097603559494,0.9051154255867004
1790108043059903500,4.019903564453125,0.649063766002655,0.4912002980709076,0.9211196899414062
1790108043069848300,4.029848388671875,0.7656468152999878,0.46147388219833374,0.8989014625549316
1790108043079792400,4.03979248046875,0.8074477910995483,0.46134844422340393,0.9201692342758179
1790108043089736200,4.049736083984375,0.8436513543128967,0.450514554977417,0.9488784074783325
1790108043099681300,4.059681396484375,0.9179325103759766,0.4627928137779236,0.9692747592926025
1790108043109625300,4.069625244140625,1.0104984045028687,0.5146249532699585,0.9917370676994324
1790108043119570200,4.079570068359375,1.1296637058258057,0.5454300045967102,1.0209242105484009
1790108043129514200,4.08951416015625,1.290080189704895,0.521391749382019,1.0526931285858154
1790108043139459300,4.099459228515625,1.4212442636489868,0.56063312292099,1.0912953615188599
1790108043149403400,4.1094033203125,1.5215649604797363,0.6504496932029724,1.107762098312378
1790108043159348200,4.11934814453125,1.6214497089385986,0.6729879975318909,1.051261305809021
1790108043169292300,4.129292236328125,1.6856375932693481,0.659740149974823,0.964981734752655
1790108043179236000,4.139236083984375,1.723308801651001,0.6776448488235474,0.878754198551178
1790108043189181400,4.149181396484375,1.7597224712371826,0.639904797077179,0.7835788726806641
1790108043199125200,4.159125244140625,1.7648884057998657,0.5752741694450378,0.692795991897583
1790108043209070000,4.169070068359375,1.7832984924316406,0.5140150785446167,0.6269230842590332
1790108043219014100,4.17901416015625,1.8280768394470215,0.44439929723739624,0.5878111124038696
1790108043228959200,4.188959228515625,1.8824567794799805,0.4232826828956604,0.5812512636184692
1790108043238903300,4.1989033203125,1.8650492429733276,0.326588898897171,0.5275939106941223
1790108043248847400,4.208847412109375,1.8277268409729004,0.23455943167209625,0.4436870813369751
1790108043258792200,4.218792236328125,1.7910414934158325,0.17226916551589966,0.3450270891189575
1790108043268736300,4.228736328125,1.7594572305679321,0.11506257951259613,0.2501993477344513
1790108043278681300,4.238681396484375,1.7474931478500366,0.08160369098186493,0.20420336723327637
1790108043288625200,4.248625244140625,1.7390018701553345,0.055785901844501495,0.2116779237985611
1790108043298570500,4.258570556640625,1.7356644868850708,0.011291669681668282,0.2191781848669052
1790108043308514300,4.268514404296875,1.6764763593673706,-0.007348933722823858,0.2256118208169937
1790108043318459400,4.27845947265625,1.5980987548828125,0.018104759976267815,0.18672673404216766
1790108043328403200,4.2884033203125,1.5283327102661133,0.11035630106925964,0.18367122113704681
1790108043338347300,4.29834716796875,1.490769624710083,0.13475938141345978,0.20408861339092255
1790108043348292400,4.308292236328125,1.4238070249557495,0.07333056628704071,0.2113342583179474
1790108043358236400,4.318236328125,1.343619704246521,-0.06569549441337585,0.1616862714290619
1790108043368181200,4.32818115234375,1.2276033163070679,-0.12304498255252838,0.13879510760307312
1790108043378125300,4.338125244140625,1.1563429832458496,-0.17144633829593658,0.10741375386714935
1790108043388070400,4.3480703125,0.9953466057777405,-0.26022493839263916,0.029222017154097557
1790108043398014200,4.35801416015625,0.8743521571159363,-0.5135529041290283,-0.11131662130355835
1790108043407959300,4.367959228515625,0.7585405707359314,-0.8094481825828552,-0.21456684172153473
1790108043417903000,4.377903076171875,0.6510956287384033,-1.0159534215927124,-0.30596840381622314
1790108043427847400,4.387847412109375,0.5242310166358948,-1.0623928308486938,-0.38545793294906616
1790108043437792300,4.397792236328125,0.4110378921031952,-0.9917040467262268,-0.4397752285003662
1790108043447736300,4.407736328125,0.3501962721347809,-0.9312053918838501,-0.4534686803817749
1790108043457681200,4.41768115234375,0.26807236671447754,-0.8609195351600647,-0.3632921874523163
1790108043467625500,4.42762548828125,0.20859158039093018,-0.885874330997467,-0.16439823806285858
1790108043477570300,4.4375703125,0.17981372773647308,-1.1169264316558838,0.02687663957476616
1790108043487514400,4.447514404296875,0.15030719339847565,-1.2743252515792847,0.11064869165420532
1790108043497458200,4.457458251953125,0.11933223158121109,-1.1284841299057007,0.06602077186107635
1790108043507403300,4.4674033203125,0.0819481760263443,-0.7773528695106506,-0.04863182455301285
1790108043517347300,4.477347412109375,0.04611214995384216,-0.6250283122062683,-0.12623713910579681
1790108043527292200,4.487292236328125,-0.03936123102903366,-0.6048356890678406,-0.17427963018417358
1790108043537236200,4.497236328125,-0.056412652134895325,-0.4273543953895569,-0.10746066272258759
1790108043547181300,4.507181396484375,-0.03862665966153145,-0.0032479693181812763,0.12356292456388474
1790108043557125400,4.51712548828125,-0.041065581142902374,0.314668744802475,0.312478244304657
1790108043567070200,4.5270703125,0.027316294610500336,0.603774905204773,0.3470993936061859
1790108043577014300,4.53701416015625,0.09032882004976273,0.7244499325752258,0.2546062171459198
1790108043586958000,4.5469580078125,0.12757575511932373,0.707813024520874,0.14020031690597534
1790108043596903400,4.5569033203125,0.1610594093799591,0.6566010117530823,0.03393672779202461
1790108043606847200,4.56684716796875,0.1517772525548935,0.5613246560096741,-0.06911768019199371
1790108043616792300,4.576792236328125,0.04818321391940117,0.5609651207923889,-0.1318494975566864
1790108043626736000,4.586736083984375,-0.13149650394916534,0.5756124258041382,-0.19860568642616272
1790108043636681200,4.59668115234375,-0.34019407629966736,0.5712288618087769,-0.2974395751953125
1790108043646625300,4.606625244140625,-0.4987058639526367,0.5175864696502686,-0.45759183168411255
1790108043656569300,4.6165693359375,-0.5716319680213928,0.5077828168869019,-0.5956812500953674
1790108043666514400,4.626514404296875,-0.6377736926078796,0.4610033333301544,-0.7141777873039246
1790108043676458200,4.636458251953125,-0.6826676726341248,0.5085977911949158,-0.7376822829246521
1790108043686403300,4.6464033203125,-0.7527269721031189,0.5640559196472168,-0.7553455829620361
1790108043696347100,4.65634716796875,-0.8457440137863159,0.5850685238838196,-0.7887128591537476
1790108043706292500,4.66629248046875,-0.9460209608078003,0.47288769483566284,-0.8982545733451843
1790108043716236300,4.676236328125,-0.9545925855636597,0.49986496567726135,-0.9449645280838013
1790108043726181400,4.686181396484375,-0.8741980791091919,0.6603886485099792,-0.8882141709327698
1790108043736125200,4.696125244140625,-0.7918606400489807,0.7128545641899109,-0.8329066634178162
1790108043746069200,4.7060693359375,-0.7287956476211548,0.6609857678413391,-0.7878884673118591
1790108043756014300,4.716014404296875,-0.6464229822158813,0.6253460049629211,-0.7122352719306946
1790108043765958400,4.72595849609375,-0.5447713136672974,0.6483601927757263,-0.6018781661987305
1790108043775903200,4.7359033203125,-0.4046448767185211,0.7637871503829956,-0.43430835008621216
1790108043785847300,4.745847412109375,-0.32399097084999084,0.7036597728729248,-0.33868440985679626
1790108043795792400,4.75579248046875,-0.28127574920654297,0.6032002568244934,-0.2574758529663086
1790108043805736200,4.765736083984375,-0.24645058810710907,0.5538187026977539,-0.16094008088111877
1790108043815681300,4.775681396484375,-0.23879188299179077,0.4770203232765198,-0.11039009690284729
1790108043825625000,4.785625,-0.25231537222862244,0.3909381330013275,-0.13806591928005219
1790108043835569200,4.795569091796875,-0.2775956988334656,0.37958428263664246,-0.1875130981206894
1790108043845514000,4.805513916015625,-0.31377115845680237,0.41438719630241394,-0.22600339353084564
1790108043855458300,4.815458251953125,-0.3830932378768921,0.43269190192222595,-0.24561917781829834
1790108043865403100,4.825403076171875,-0.4485180079936981,0.42812687158584595,-0.25163012742996216
1790108043875347200,4.83534716796875,-0.4936772286891937,0.402678519487381,-0.2466801106929779
1790108043885292000,4.8452919921875,-0.5280548334121704,0.3388255536556244,-0.2611488997936249
1790108043895236400,4.855236328125,-0.5636870861053467,0.20857781171798706,-0.27470171451568604
1790108043905180200,4.86518017578125,-0.6082949638366699,0.16531705856323242,-0.31449538469314575
1790108043915125200,4.875125244140625,-0.6231370568275452,0.1518997848033905,-0.32986822724342346
1790108043925069000,4.885069091796875,-0.6265389323234558,0.1208362802863121,-0.3113996684551239
1790108043935014100,4.89501416015625,-0.640723466873169,0.09701137244701385,-0.27837222814559937
1790108043944958200,4.904958251953125,-0.6470699310302734,0.12197630107402802,-0.2407589554786682
1790108043954903000,4.914903076171875,-0.6481455564498901,0.13297036290168762,-0.21647198498249054
1790108043964847000,4.92484716796875,-0.6654311418533325,0.14459556341171265,-0.2450844943523407
1790108043974792200,4.934792236328125,-0.67031329870224,0.13049811124801636,-0.2903187870979309
1790108043984736300,4.944736328125,-0.6967920064926147,0.044105611741542816,-0.3206823468208313
1790108043994680000,4.95468017578125,-0.7189241647720337,-0.044043950736522675,-0.28366973996162415
1790108044004625200,4.964625244140625,-0.7220888733863831,-0.10641588270664215,-0.21029919385910034
1790108044014569000,4.97456884765625,-0.7253690361976624,-0.13766461610794067,-0.1635759025812149
1790108044024514300,4.984514404296875,-0.7321408987045288,-0.10352300852537155,-0.12295117974281311
1790108044034458000,4.9944580078125,-0.7429049015045166,-0.05767429620027542,-0.07194232195615768
1790108044044403200,5.0044033203125,-0.7578042149543762,-0.055515263229608536,-0.02708975411951542
1790108044054347000,5.014346923828125,-0.8010842800140381,-0.08664388954639435,-0.006067292764782906
1790108044064291300,5.024291259765625,-0.8716590404510498,-0.14020715653896332,-0.023977024480700493
1790108044074236200,5.034236083984375,-0.909526526927948,-0.23924532532691956,-0.13270483911037445
1790108044084180200,5.04418017578125,-0.930939793586731,-0.33761167526245117,-0.2925545871257782
1790108044094125300,5.054125244140625,-0.9298281669616699,-0.3935926556587219,-0.43532317876815796
1790108044104069000,5.064069091796875,-0.9181299209594727,-0.4982651174068451,-0.5707006454467773
1790108044114014200,5.07401416015625,-0.9358543157577515,-0.6796455383300781,-0.7004165649414062
1790108044123958000,5.0839580078125,-0.9411924481391907,-0.751557469367981,-0.8022143840789795
1790108044133903400,5.0939033203125,-0.9582838416099548,-0.7279956936836243,-0.8310254812240601
1790108044143847200,5.10384716796875,-0.9738194346427917,-0.6966717839241028,-0.7995923161506653
1790108044153792300,5.113792236328125,-1.0108753442764282,-0.6345391273498535,-0.7038136124610901
1790108044163736000,5.123736083984375,-1.0601561069488525,-0.5221731066703796,-0.5949426293373108
1790108044173680000,5.13368017578125,-1.1115339994430542,-0.4125251770019531,-0.5140693783760071
1790108044183625200,5.143625244140625,-1.1642719507217407,-0.4452362656593323,-0.5051640868186951
1790108044193569300,5.1535693359375,-1.1997413635253906,-0.5071142911911011,-0.5066434741020203
1790108044203514000,5.16351416015625,-1.2308645248413086,-0.6032429933547974,-0.5491352081298828
1790108044213458200,5.173458251953125,-1.2540968656539917,-0.6695926785469055,-0.6300209760665894
1790108044223403300,5.1834033203125,-1.2796169519424438,-0.6926079392433167,-0.7116944789886475
1790108044233347000,5.19334716796875,-1.2909334897994995,-0.696097731590271,-0.7652304172515869
1790108044243291100,5.203291015625,-1.243554711341858,-0.7358722686767578,-0.7609623670578003
1790108044253236000,5.213236083984375,-1.191041111946106,-0.6919016242027283,-0.6976145505905151
1790108044263180300,5.22318017578125,-1.2050267457962036,-0.5345019698143005,-0.6283812522888184
1790108044273125000,5.233125,-1.1973707675933838,-0.3873836398124695,-0.5693935751914978
1790108044283069200,5.243069091796875,-1.1598596572875977,-0.34463369846343994,-0.5163122415542603
1790108044293014000,5.253013916015625,-1.1351289749145508,-0.3564152419567108,-0.47839784622192383
1790108044302958300,5.262958251953125,-1.0903733968734741,-0.3291965126991272,-0.48088276386260986
1790108044312903200,5.272903076171875,-1.0236684083938599,-0.2608986794948578,-0.4783833920955658
1790108044322847200,5.28284716796875,-0.9619451761245728,-0.235086128115654,-0.4459509551525116
1790108044332791000,5.292791015625,-0.9018176198005676,-0.2604418098926544,-0.34977567195892334
1790108044342736100,5.302736083984375,-0.8480454087257385,-0.2111850380897522,-0.18372997641563416
1790108044352680200,5.31268017578125,-0.7951001524925232,-0.07753083109855652,-0.02585965022444725
1790108044362625000,5.322625,-0.7064238786697388,0.1003725454211235,0.1355072557926178
1790108044372569000,5.332569091796875,-0.6060022115707397,0.3240423798561096,0.24700209498405457
1790108044382514200,5.34251416015625,-0.5038122534751892,0.390328049659729,0.3243527412414551
1790108044392458200,5.352458251953125,-0.38873010873794556,0.39579153060913086,0.42743226885795593
1790108044402403000,5.362403076171875,-0.2917620539665222,0.44713208079338074,0.5209656953811646
1790108044412347100,5.37234716796875,-0.21020221710205078,0.5279321074485779,0.6141209602355957
1790108044422291000,5.382291015625,-0.09976370632648468,0.5880628824234009,0.7386273741722107
1790108044432236300,5.392236328125,0.025464512407779694,0.6228501796722412,0.8704847693443298
1790108044442180000,5.40218017578125,0.12122411280870438,0.6522122025489807,0.920673131942749
1790108044452125200,5.412125244140625,0.23833395540714264,0.6184942126274109,0.9586189389228821
1790108044462069200,5.4220693359375,0.3690739870071411,0.5934640169143677,0.9802489876747131
1790108044472014000,5.43201416015625,0.4892086386680603,0.5521655678749084,0.9946199655532837
1790108044481958100,5.441958251953125,0.5894085168838501,0.560580313205719,1.0319281816482544
1790108044491903000,5.451903076171875,0.6754323244094849,0.5995638966560364,1.0590500831604004
1790108044501847300,5.461847412109375,0.7590579986572266,0.570202112197876,1.0658737421035767
1790108044511791000,5.471791015625,0.8613492250442505,0.5714753866195679,1.0994188785552979
1790108044521736200,5.481736083984375,0.9630736708641052,0.5649127960205078,1.1111937761306763
1790108044531680000,5.491679931640625,1.014652967453003,0.4305776357650757,1.0710530281066895
1790108044541625300,5.501625244140625,1.0459659099578857,0.36448994278907776,1.0314233303070068
1790108044551569200,5.511569091796875,1.0916450023651123,0.3863121569156647,1.016400694847107
1790108044561514200,5.52151416015625,1.1338586807250977,0.3799538314342499,1.0119447708129883
1790108044571458000,5.5314580078125,1.1811542510986328,0.3473314344882965,1.0088032484054565
1790108044581403100,5.541403076171875,1.2339359521865845,0.2635519504547119,0.9811341762542725
1790108044591347200,5.55134716796875,1.3037954568862915,0.19489219784736633,0.9513323307037354
1790108044601291300,5.561291259765625,1.3703227043151855,0.18195411562919617,0.936627984046936
1790108044611236000,5.571236083984375,1.4163665771484375,0.21380765736103058,0.9400343894958496
1790108044621180200,5.58118017578125,1.451996088027954,0.21844162046909332,0.9722141623497009
1790108044631125200,5.591125244140625,1.478899359703064,0.18885283172130585,1.0043177604675293
1790108044641069000,5.601069091796875,1.5119361877441406,0.1927729845046997,1.0241345167160034
1790108044651014100,5.61101416015625,1.5536577701568604,0.25882285833358765,1.0331588983535767
1790108044660958000,5.6209580078125,1.6098541021347046,0.3084239065647125,1.0172473192214966
1790108044670903300,5.6309033203125,1.6370127201080322,0.36300697922706604,0.9742738008499146
1790108044680847000,5.64084716796875,1.6283550262451172,0.446809858083725,0.9165627360343933
1790108044690791200,5.650791259765625,1.6590617895126343,0.4415844678878784,0.85300213098526
1790108044700736000,5.660736083984375,1.726485013961792,0.3574613928794861,0.7506932020187378
1790108044710680300,5.670680419921875,1.7605055570602417,0.26960688829421997,0.605134129524231
1790108044720625200,5.680625244140625,1.7557750940322876,0.09706025570631027,0.425486296415329
1790108044730569200,5.6905693359375,1.688876748085022,-0.054737262427806854,0.24564355611801147
1790108044740514000,5.70051416015625,1.5494107007980347,-0.26513686776161194,-0.01430136151611805
1790108044750458400,5.710458251953125,1.4663219451904297,-0.3799377381801605,-0.23398737609386444
1790108044760403200,5.7204033203125,1.4252568483352661,-0.6289774775505066,-0.42297425866127014
1790108044770347000,5.730346923828125,1.3852723836898804,-0.8524864912033081,-0.566183865070343
1790108044780291000,5.740291015625,1.343564748764038,-0.914116382598877,-0.6404385566711426
1790108044790236200,5.750236083984375,1.289495587348938,-0.9345015287399292,-0.6402079463005066
1790108044800180200,5.76018017578125,1.2412748336791992,-0.8788335919380188,-0.5158491730690002
1790108044810124500,5.77012451171875,1.1753724813461304,-0.7000039219856262,-0.250251829624176
1790108044820068600,5.780068603515625,1.1236883401870728,-0.45755264163017273,0.09852081537246704
1790108044830013700,5.790013671875,1.0670109987258911,-0.321807324886322,0.41959473490715027
1790108044839957800,5.799957763671875,0.9972601532936096,-0.23108381032943726,0.6435743570327759
1790108044849902600,5.809902587890625,0.9082444906234741,-0.19769468903541565,0.7182976007461548
1790108044859846700,5.8198466796875,0.8605016469955444,-0.21611782908439636,0.6742534041404724
1790108044869790700,5.829790771484375,0.8501768708229065,-0.31501510739326477,0.6315733194351196
1790108044879735800,5.83973583984375,0.926261305809021,-0.3693324029445648,0.5734956860542297
1790108044889679600,5.8496796875,0.9656084179878235,-0.3158484101295471,0.5527283549308777
1790108044899624700,5.859624755859375,0.9248495101928711,-0.2615879476070404,0.5680322051048279
1790108044909568800,5.86956884765625,0.8465629816055298,-0.2784835696220398,0.5322800874710083
1790108044919513600,5.879513671875,0.7705698013305664,-0.2549910843372345,0.46341297030448914
1790108044929457700,5.889457763671875,0.6846200227737427,-0.24095916748046875,0.4088469445705414
1790108044939402500,5.899402587890625,0.5531205534934998,-0.22557903826236725,0.37235569953918457
1790108044949346800,5.909346923828125,0.4178801476955414,-0.2642766237258911,0.3066216707229614
1790108044959290600,5.91929052734375,0.27628570795059204,-0.33778125047683716,0.16949965059757233
1790108044969235700,5.929235595703125,0.13846684992313385,-0.38547468185424805,0.0413145050406456
1790108044979179500,5.939179443359375,0.021428147330880165,-0.36964792013168335,-0.02353338897228241
1790108044989124900,5.949124755859375,-0.11388973146677017,-0.33469581604003906,-0.08032210171222687
1790108044999068700,5.959068603515625,-0.27517637610435486,-0.18991556763648987,-0.14145836234092712
1790108045009013800,5.969013671875,-0.4463545083999634,-0.034577377140522,-0.18883387744426727
1790108045018957600,5.97895751953125,-0.6405619382858276,0.07139730453491211,-0.23395298421382904
1790108045028902700,5.988902587890625,-0.8073450326919556,0.1656436324119568,-0.28355592489242554
1790108045038846700,5.9988466796875,-0.9206593036651611,0.3484180271625519,-0.2747288942337036
1790108045048790800,6.008790771484375,-1.0013467073440552,0.33856725692749023,-0.31047916412353516
1790108045058735600,6.018735595703125,-1.0620520114898682,0.32366135716438293,-0.3476531505584717
1790108045068680000,6.028679931640625,-1.0947010517120361,0.4095616042613983,-0.37592124938964844
1790108045078624800,6.038624755859375,-1.113418698310852,0.4900021255016327,-0.4093514680862427
1790108045088568600,6.048568603515625,-1.0714430809020996,0.7533499002456665,-0.3197619318962097
1790108045098513700,6.058513671875,-1.0220447778701782,0.8036959767341614,-0.2686583697795868
1790108045108457700,6.068457763671875,-0.9977648258209229,0.6054697036743164,-0.29719361662864685
1790108045118401800,6.07840185546875,-0.9362694621086121,0.49536392092704773,-0.2840782403945923
1790108045128346600,6.0883466796875,-0.8136146068572998,0.5076892971992493,-0.237677201628685
1790108045138290700,6.098290771484375,-0.685917317867279,0.5422859191894531,-0.23304088413715363
1790108045148235800,6.10823583984375,-0.620690107345581,0.47167301177978516,-0.3134169578552246
1790108045158179800,6.118179931640625,-0.6005758047103882,0.42788276076316833,-0.3804762065410614
1790108045168124700,6.128124755859375,-0.5463120341300964,0.5749220252037048,-0.35338279604911804
1790108045178068700,6.13806884765625,-0.5168570876121521,0.7000929117202759,-0.3346167504787445
1790108045188013800,6.148013916015625,-0.5726553797721863,0.7017781734466553,-0.361252099275589
1790108045197957600,6.15795751953125,-0.6532435417175293,0.6581507325172424,-0.3801616430282593
1790108045207902700,6.16790283203125,-0.7263225317001343,0.6261091828346252,-0.3642854690551758
1790108045217846500,6.177846435546875,-0.755227267742157,0.6046252846717834,-0.3500872850418091
1790108045227790600,6.18779052734375,-0.7688088417053223,0.5636439919471741,-0.41367825865745544
1790108045237735700,6.197735595703125,-0.7298467755317688,0.5335028767585754,-0.48873865604400635
1790108045247679700,6.2076796875,-0.6197003126144409,0.6396567225456238,-0.5222446918487549
1790108045257624600,6.21762451171875,-0.582793116569519,0.7720630764961243,-0.4994778335094452
1790108045267568600,6.227568603515625,-0.6000202894210815,0.8071989417076111,-0.49044597148895264
1790108045277513700,6.237513671875,-0.6523955464363098,0.7596563100814819,-0.5052276849746704
1790108045287457800,6.247457763671875,-0.7377005815505981,0.6897332072257996,-0.5295791029930115
1790108045297402600,6.257402587890625,-0.8441533446311951,0.5890923142433167,-0.5581472516059875
1790108045307346700,6.2673466796875,-0.8990219235420227,0.45943546295166016,-0.5814597606658936
1790108045317290800,6.277290771484375,-0.9401613473892212,0.39566320180892944,-0.6263868808746338
1790108045327235600,6.287235595703125,-0.9943052530288696,0.43236100673675537,-0.6523817181587219
1790108045337179600,6.2971796875,-1.0390492677688599,0.45937249064445496,-0.6298478245735168
1790108045347124500,6.30712451171875,-1.091835856437683,0.35543861985206604,-0.6126970648765564
1790108045357068800,6.31706884765625,-1.0919663906097412,0.2831187844276428,-0.6425920724868774
1790108045367013600,6.327013671875,-1.1115467548370361,0.24600334465503693,-0.7253141403198242
1790108045376957700,6.336957763671875,-1.1172443628311157,0.2174990177154541,-0.85075443983078
1790108045386902800,6.34690283203125,-1.126574993133545,0.10055427998304367,-0.972610592842102
1790108045396846800,6.356846923828125,-1.1331298351287842,-0.020844481885433197,-1.0591620206832886
1790108045406790700,6.366790771484375,-1.1341111660003662,-0.09047628939151764,-1.15193510055542
1790108045416735700,6.37673583984375,-1.1329327821731567,-0.11704293638467789,-1.2129085063934326
1790108045426679600,6.386679443359375,-1.144417643547058,-0.10411302745342255,-1.2193272113800049
1790108045436624600,6.396624755859375,-1.1250144243240356,-0.11286753416061401,-1.1894993782043457
1790108045446568700,6.406568603515625,-1.0743515491485596,-0.14708009362220764,-1.1765516996383667
1790108045456513500,6.416513427734375,-1.0643000602722168,-0.1640508621931076,-1.1551984548568726
1790108045466457600,6.42645751953125,-1.0811411142349243,-0.19619548320770264,-1.1526111364364624
1790108045476402700,6.436402587890625,-1.1029376983642578,-0.16686151921749115,-1.113890528678894
1790108045486346800,6.4463466796875,-1.1096744537353516,-0.14095908403396606,-1.0794793367385864
1790108045496290600,6.45629052734375,-1.1146774291992188,-0.160569965839386,-1.074032187461853
1790108045506235600,6.466235595703125,-1.1353864669799805,-0.14625519514083862,-1.0946645736694336
1790108045516179700,6.4761796875,-1.1249468326568604,-0.20518624782562256,-1.1277239322662354
1790108045526124800,6.486124755859375,-1.0923182964324951,-0.25359290838241577,-1.1152422428131104
1790108045536068600,6.496068603515625,-1.0235569477081299,-0.22252166271209717,-1.036177396774292
1790108045546013700,6.506013671875,-1.0090526342391968,-0.13435691595077515,-0.9347900152206421
1790108045555957800,6.515957763671875,-1.0297021865844727,-0.007958298549056053,-0.8190522789955139
1790108045565902600,6.525902587890625,-1.012324571609497,0.05582467094063759,-0.6902170777320862
1790108045575846700,6.5358466796875,-0.9655921459197998,0.02905508130788803,-0.614344596862793
1790108045585790700,6.545790771484375,-0.8915131688117981,-0.10069066286087036,-0.5714077353477478
1790108045595735800,6.55573583984375,-0.777596652507782,-0.2645131051540375,-0.5595142245292664
1790108045605679900,6.565679931640625,-0.66141277551651,-0.3259109556674957,-0.5336567759513855
1790108045615624700,6.575624755859375,-0.5941654443740845,-0.2117210477590561,-0.44930943846702576
1790108045625568500,6.585568603515625,-0.5282551050186157,0.002576597034931183,-0.22981062531471252
1790108045635513900,6.595513916015625,-0.4622666835784912,0.1655520498752594,0.06720249354839325
1790108045645457700,6.605457763671875,-0.41313615441322327,0.25275835394859314,0.2719053030014038
1790108045655402800,6.61540283203125,-0.3689196705818176,0.30643773078918457,0.3325905501842499
1790108045665346600,6.6253466796875,-0.3132116496562958,0.13700473308563232,0.3071448504924774
1790108045675290600,6.63529052734375,-0.26246610283851624,-0.06514100730419159,0.32435721158981323
1790108045685235700,6.645235595703125,-0.21532310545444489,-0.1538434475660324,0.40980181097984314
1790108045695179800,6.6551796875,-0.1397225260734558,-0.16404812037944794,0.5415360331535339
1790108045705124600,6.66512451171875,-0.0027649402618408203,-0.05677998065948486,0.6387826800346375
1790108045715068700,6.675068603515625,0.16387523710727692,0.10032419115304947,0.6449562907218933
1790108045725013800,6.685013671875,0.2820591330528259,0.2305527627468109,0.6414821743965149
1790108045734957600,6.69495751953125,0.33999475836753845,0.34490883350372314,0.7184131741523743
1790108045744902700,6.704902587890625,0.41591668128967285,0.42317596077919006,0.8542224168777466
1790108045754846700,6.7148466796875,0.5153241753578186,0.5023702383041382,0.9650437831878662
1790108045764790800,6.724790771484375,0.6058964133262634,0.5228336453437805,0.9938421845436096
1790108045774735600,6.734735595703125,0.6772544384002686,0.5196731090545654,0.9883631467819214
1790108045784679700,6.7446796875,0.7393356561660767,0.592629611492157,0.9951909184455872
1790108045794624800,6.754624755859375,0.775554358959198,0.6191385984420776,0.9977359175682068
1790108045804568800,6.76456884765625,0.8072784543037415,0.5566374063491821,1.0092530250549316
1790108045814513700,6.774513671875,0.8667460083961487,0.5041017532348633,1.0427860021591187
1790108045824457700,6.784457763671875,0.9561214447021484,0.5318036675453186,1.0680735111236572
1790108045834402800,6.79440283203125,1.0649020671844482,0.5506910085678101,1.076440691947937
1790108045844347000,6.804346923828125,1.1751912832260132,0.5290666818618774,1.0384330749511719
1790108045854290700,6.814290771484375,1.2910796403884888,0.4294300675392151,0.9473298192024231
1790108045864235500,6.824235595703125,1.3863412141799927,0.3435383141040802,0.8542100191116333
1790108045874179600,6.8341796875,1.509881854057312,0.36999258399009705,0.8361955881118774
1790108045884124700,6.844124755859375,1.6129209995269775,0.4505079388618469,0.863431453704834
1790108045894068700,6.85406884765625,1.680700659751892,0.49156415462493896,0.8709255456924438
1790108045904013600,6.864013671875,1.7471261024475098,0.512785792350769,0.8779330849647522
1790108045913957600,6.87395751953125,1.8120285272598267,0.5065132975578308,0.8689879775047302
1790108045923902700,6.88390283203125,1.8986324071884155,0.4364631772041321,0.788009524345398
1790108045933846800,6.8938466796875,1.9735658168792725,0.3810150921344757,0.6625280380249023
1790108045943791600,6.90379150390625,2.027224063873291,0.3156913220882416,0.48830661177635193
1790108045953735700,6.913735595703125,2.095637798309326,0.2930133044719696,0.29508063197135925
1790108045963679700,6.9236796875,2.0885727405548096,0.044820792973041534,0.03597823157906532
1790108045973624800,6.933624755859375,2.0582175254821777,-0.3043637275695801,-0.19972237944602966
1790108045983568600,6.943568603515625,1.9981935024261475,-0.5502597689628601,-0.3764076828956604
1790108045993513500,6.953513427734375,1.8854559659957886,-0.7068712115287781,-0.5122727155685425
1790108046003457800,6.963457763671875,1.7805386781692505,-0.8902910947799683,-0.608991801738739
1790108046013402600,6.973402587890625,1.7050809860229492,-1.0464177131652832,-0.6157935857772827
1790108046023346700,6.9833466796875,1.6248342990875244,-1.1201359033584595,-0.5386865735054016
1790108046033291500,6.99329150390625,1.578052282333374,-1.1400327682495117,-0.4270901679992676
1790108046043235800,7.00323583984375,1.565351128578186,-1.132412314414978,-0.2879607677459717
1790108046053179600,7.0131796875,1.5634610652923584,-1.0971064567565918,-0.09464649856090546
1790108046063124700,7.023124755859375,1.5411882400512695,-0.9953129291534424,0.13727249205112457
1790108046073068500,7.033068603515625,1.4342889785766602,-0.8471537232398987,0.36437469720840454
1790108046083014000,7.043013916015625,1.3230005502700806,-0.5606460571289062,0.5923359394073486
1790108046092957700,7.052957763671875,1.1868072748184204,-0.12208554148674011,0.8786526322364807
1790108046102902500,7.062902587890625,1.004450798034668,0.05334087833762169,1.039210319519043
1790108046112846600,7.0728466796875,0.7842214703559875,-0.16752181947231293,0.9594725966453552
1790108046122791700,7.082791748046875,0.6723495125770569,-0.4485279321670532,0.7714822292327881
1790108046132735700,7.09273583984375,0.663574755191803,-0.5370587110519409,0.6836959719657898
1790108046142679800,7.1026796875,0.7142297029495239,-0.5624673962593079,0.6939571499824524
1790108046152624600,7.112624755859375,0.6736683249473572,-0.7411945462226868,0.5553547739982605
1790108046162568700,7.122568603515625,0.5594841837882996,-0.7546759843826294,0.4218997657299042
1790108046172513800,7.132513671875,0.4991520643234253,-0.4381435215473175,0.4399384558200836
1790108046182457600,7.14245751953125,0.39759561419487,-0.18688732385635376,0.47306764125823975
1790108046192402700,7.152402587890625,0.25368523597717285,-0.22613316774368286,0.3753899931907654
1790108046202346800,7.1623466796875,0.22800864279270172,-0.24716761708259583,0.25821784138679504
1790108046212291800,7.172291748046875,0.29187825322151184,0.03155900165438652,0.23075075447559357
1790108046222235600,7.182235595703125,0.2816509008407593,0.16286829113960266,0.09619293361902237
1790108046232180500,7.192180419921875,0.12517347931861877,-0.04851941391825676,-0.17087717354297638
1790108046242124800,7.202124755859375,-0.00003131094854325056,-0.06485364586114883,-0.29976803064346313
1790108046252068900,7.21206884765625,-0.1744638979434967,0.09659059345722198,-0.35116317868232727
1790108046262013700,7.222013671875,-0.4250609576702118,0.1320822834968567,-0.41987672448158264
1790108046271957800,7.231957763671875,-0.6209232807159424,0.11100102961063385,-0.46562740206718445
1790108046281902800,7.24190283203125,-0.7850764989852905,0.10018939524888992,-0.4753202497959137
1790108046291846700,7.2518466796875,-0.9050000905990601,0.26452305912971497,-0.4033653438091278
1790108046301791700,7.261791748046875,-1.0181673765182495,0.33681830763816833,-0.3803492486476898
1790108046311735600,7.271735595703125,-1.1139602661132812,0.27771681547164917,-0.41306072473526
1790108046321679600,7.2816796875,-1.1523300409317017,0.21234768629074097,-0.40141817927360535
1790108046331624700,7.291624755859375,-1.1700899600982666,0.1498970240354538,-0.3544546961784363
1790108046341568800,7.30156884765625,-1.1383432149887085,0.2530452311038971,-0.2350742518901825
1790108046351513600,7.311513671875,-1.0184520483016968,0.49366486072540283,-0.08090286701917648
1790108046361457700,7.321457763671875,-0.9757006168365479,0.3041069209575653,-0.12393955141305923
1790108046371402800,7.33140283203125,-0.9810414910316467,-0.02363574132323265,-0.19631625711917877
1790108046381346800,7.341346923828125,-0.8983564376831055,0.03980341553688049,-0.08893519639968872
1790108046391291600,7.351291748046875,-0.8153970837593079,-0.0002026911824941635,-0.08737611025571823
1790108046401235500,7.3612353515625,-0.8468056321144104,-0.21802130341529846,-0.24384482204914093
1790108046411180800,7.371180908203125,-0.7251801490783691,0.24584540724754333,-0.08700115233659744
1790108046421124600,7.38112451171875,-0.6600334048271179,0.42722639441490173,-0.10431089997291565
1790108046431068700,7.391068603515625,-0.8277001976966858,0.3376721143722534,-0.2072053849697113
1790108046441013800,7.401013671875,-0.874683678150177,0.590766191482544,-0.06620699912309647
1790108046450957800,7.410957763671875,-1.0428423881530762,0.41727399826049805,-0.08023972809314728
1790108046460902700,7.420902587890625,-1.1598252058029175,0.3159785270690918,-0.059155214577913284
1790108046470846700,7.4308466796875,-1.136373519897461,0.47739169001579285,0.010953187942504883
1790108046480791800,7.440791748046875,-1.0941730737686157,0.533823549747467,-0.026033060625195503
1790108046490735900,7.45073583984375,-1.0506839752197266,0.6281760931015015,-0.06528646498918533
1790108046500680700,7.4606806640625,-1.0187572240829468,0.7118353247642517,-0.1697569489479065
1790108046510624800,7.470624755859375,-0.9826146364212036,0.7235418558120728,-0.2841323912143707
1790108046520568600,7.480568603515625,-0.9171054363250732,0.6672013401985168,-0.3765302300453186
1790108046530513700,7.490513671875,-0.8725303411483765,0.5461488366127014,-0.3979440927505493
1790108046540457700,7.500457763671875,-0.8767357468605042,0.3869919180870056,-0.36786261200904846
1790108046550402600,7.510402587890625,-0.9495275020599365,0.22017933428287506,-0.35550177097320557
1790108046560346600,7.5203466796875,-1.0355744361877441,0.17906305193901062,-0.3684713542461395
1790108046570291700,7.530291748046875,-1.0494296550750732,0.2775660455226898,-0.38810667395591736
1790108046580235800,7.54023583984375,-1.0641348361968994,0.3255687355995178,-0.3746494650840759
1790108046590180600,7.5501806640625,-1.1248615980148315,0.22759363055229187,-0.36549273133277893
1790108046600124700,7.560124755859375,-1.1907905340194702,0.11641571670770645,-0.3905176520347595
1790108046610068700,7.57006884765625,-1.2308224439620972,0.07762715220451355,-0.4548146724700928
1790108046620013800,7.580013916015625,-1.2362613677978516,0.08352099359035492,-0.5375751256942749
1790108046629957600,7.58995751953125,-1.2333358526229858,0.05218243598937988,-0.6152192950248718
1790108046639902500,7.59990234375,-1.270612120628357,-0.1638427972793579,-0.7399617433547974
1790108046649846800,7.6098466796875,-1.3055225610733032,-0.4596690833568573,-0.9361765384674072
1790108046659791600,7.61979150390625,-1.3004716634750366,-0.5780934691429138,-1.0664646625518799
1790108046669735700,7.629735595703125,-1.2781882286071777,-0.6002054810523987,-1.1177223920822144
1790108046679680500,7.639680419921875,-1.2627272605895996,-0.5598151683807373,-1.0982842445373535
1790108046689624800,7.649624755859375,-1.2649364471435547,-0.5078834295272827,-1.039478063583374
1790108046699568600,7.659568603515625,-1.2570830583572388,-0.4594120383262634,-0.9788342118263245
1790108046709513700,7.669513671875,-1.225162148475647,-0.3911689519882202,-0.9528212547302246
1790108046719457500,7.67945751953125,-1.1670128107070923,-0.2900066673755646,-0.9439616799354553
1790108046729403000,7.68940283203125,-1.1579253673553467,-0.2535603642463684,-0.9146647453308105
1790108046739346700,7.6993466796875,-1.1792577505111694,-0.2652798295021057,-0.8709510564804077
1790108046749291800,7.709291748046875,-1.1900113821029663,-0.3458229601383209,-0.840100109577179
1790108046759235600,7.719235595703125,-1.1728944778442383,-0.4097801148891449,-0.8734157085418701
1790108046769180700,7.7291806640625,-1.1662973165512085,-0.4804948568344116,-0.9640303254127502
1790108046779124700,7.739124755859375,-1.1179707050323486,-0.5668512582778931,-1.0406923294067383
1790108046789068800,7.74906884765625,-1.0821813344955444,-0.6126648783683777,-1.0762807130813599
1790108046799013600,7.759013671875,-1.059861660003662,-0.6498274207115173,-1.0689133405685425
1790108046808958200,7.768958251953125,-1.023862600326538,-0.7085457444190979,-1.0371215343475342
1790108046818903600,7.778903564453125,-0.9352629780769348,-0.6909888386726379,-0.944853663444519
1790108046828847400,7.788847412109375,-0.8186287879943848,-0.5818346738815308,-0.7529487609863281
1790108046838792400,7.79879248046875,-0.7000877261161804,-0.4395155906677246,-0.4824983775615692
1790108046848736300,7.808736328125,-0.5989627838134766,-0.1861666887998581,-0.1596955806016922
1790108046858681300,7.818681396484375,-0.49163496494293213,0.1368582397699356,0.13478505611419678
1790108046868625400,7.82862548828125,-0.33897119760513306,0.31506577134132385,0.3390754759311676
1790108046878569500,7.838569580078125,-0.21542583405971527,0.3318980038166046,0.46372178196907043
1790108046888514600,7.8485146484375,-0.13481459021568298,0.33104822039604187,0.5415723919868469
1790108046898458400,7.858458251953125,-0.0492115318775177,0.3554161489009857,0.6254806518554688
1790108046908403500,7.868403564453125,0.05937842279672623,0.3341118097305298,0.7560715675354004
1790108046918347300,7.87834716796875,0.18109047412872314,0.3756837248802185,0.8174957633018494
1790108046928292600,7.888292724609375,0.30662083625793457,0.5049411654472351,0.8052440881729126
1790108046938236400,7.898236328125,0.4023910462856293,0.5791727900505066,0.8430980443954468
1790108046948181500,7.908181396484375,0.4767756164073944,0.6164079308509827,0.888274073600769
1790108046958125300,7.918125244140625,0.5641714930534363,0.5787801146507263,0.8582274913787842
1790108046968070400,7.9280703125,0.643432080745697,0.4589560627937317,0.7961205244064331
1790108046978014500,7.938014404296875,0.7321020364761353,0.4196177124977112,0.7679538726806641
1790108046987958500,7.94795849609375,0.8240348100662231,0.46200236678123474,0.7735247015953064
1790108046997903400,7.9579033203125,0.8976847529411316,0.4598976969718933,0.7904976010322571
1790108047007847400,7.967847412109375,0.9705676436424255,0.4838326573371887,0.7940093278884888
1790108047017792500,7.97779248046875,1.0380189418792725,0.5250157713890076,0.7674368023872375
1790108047027736300,7.987736328125,1.0990638732910156,0.5962210297584534,0.7475140690803528
1790108047037681400,7.997681396484375,1.1747443675994873,0.726347029209137,0.7493098378181458
1790108047047625200,8.007625244140625,1.248150110244751,0.800971269607544,0.7505881786346436
1790108047057570600,8.017570556640624,1.3466761112213135,0.8594212532043457,0.7634955048561096
1790108047067514400,8.027514404296875,1.4512174129486084,0.8644363284111023,0.7101317048072815
1790108047077458400,8.03745849609375,1.5495662689208984,0.8007159233093262,0.6303521990776062
1790108047087403300,8.0474033203125,1.6561715602874756,0.7694687247276306,0.5910980105400085
1790108047097347600,8.05734765625,1.7689825296401978,0.8088054656982422,0.5740212798118591
1790108047107292400,8.06729248046875,1.8685142993927002,0.7837619781494141,0.5271356105804443
1790108047117236500,8.077236572265624,1.9669761657714844,0.6840804219245911,0.44494298100471497
1790108047127181300,8.087181396484375,2.0222105979919434,0.577635645866394,0.3197936713695526
1790108047137125400,8.09712548828125,2.0385184288024902,0.44640761613845825,0.1383168250322342
1790108047147070500,8.107070556640625,2.020332098007202,0.2873660922050476,-0.06716866046190262
1790108047157014300,8.11701416015625,1.9913214445114136,0.09061574935913086,-0.2546522617340088
1790108047166958300,8.126958251953125,1.984248161315918,-0.11200322955846786,-0.4028778374195099
1790108047176903400,8.1369033203125,1.9905704259872437,-0.3939307928085327,-0.5357400178909302
1790108047186847500,8.146847412109375,1.9998645782470703,-0.4952262341976166,-0.5436248779296875
1790108047196792300,8.156792236328124,1.916642189025879,-0.7292839884757996,-0.5996039509773254
1790108047206736400,8.166736328125,1.8560298681259155,-0.989721417427063,-0.68006432056427
1790108047216681500,8.176681396484375,1.7932016849517822,-1.1204110383987427,-0.697932243347168
1790108047226625500,8.18662548828125,1.6762396097183228,-1.103809118270874,-0.669498085975647
1790108047236570400,8.1965703125,1.627887487411499,-1.0292928218841553,-0.5593338012695312
1790108047246514400,8.206514404296875,1.6387425661087036,-0.7855855822563171,-0.13022367656230927
1790108047256458500,8.21645849609375,1.6199983358383179,-0.3403652310371399,0.5097490549087524
1790108047266403300,8.2264033203125,1.6370905637741089,-0.10643969476222992,0.9686651229858398
1790108047276347400,8.236347412109374,1.5557482242584229,-0.10740615427494049,1.0844295024871826
1790108047286292200,8.246292236328125,1.4326953887939453,-0.12464742362499237,1.0200884342193604
1790108047296236500,8.256236572265625,1.293139934539795,-0.347878634929657,0.8911503553390503
1790108047306181400,8.266181396484376,1.2150412797927856,-0.5664829015731812,0.7748395800590515
1790108047316125400,8.27612548828125,1.1805107593536377,-0.6347634196281433,0.7370397448539734
1790108047326070300,8.2860703125,1.1593278646469116,-0.6571221947669983,0.7106317281723022
1790108047336014600,8.2960146484375,1.1137889623641968,-0.6949888467788696,0.6534435749053955
1790108047345958400,8.30595849609375,1.0155891180038452,-0.7404959201812744,0.5680826306343079
1790108047355903500,8.315903564453125,0.9019118547439575,-0.6429077982902527,0.5673696994781494
1790108047365847300,8.325847412109376,0.8397205471992493,-0.5021705627441406,0.6045066714286804
1790108047375792400,8.33579248046875,0.7164885997772217,-0.48676660656929016,0.6008533835411072
1790108047385736400,8.345736328125,0.5239489674568176,-0.45371147990226746,0.549055814743042
1790108047395681300,8.355681396484375,0.3540903925895691,-0.39198899269104004,0.5020099878311157
1790108047405625300,8.365625244140626,0.20094245672225952,-0.48551779985427856,0.3780679702758789
1790108047415570400,8.3755703125,0.058729127049446106,-0.5499836206436157,0.2668452858924866
1790108047425514500,8.385514404296876,-0.0420517660677433,-0.4432351887226105,0.21649618446826935
1790108047435458300,8.395458251953125,-0.15433409810066223,-0.2290874868631363,0.20166157186031342
1790108047445403400,8.4054033203125,-0.2987203001976013,-0.05909658223390579,0.16780774295330048
1790108047455347200,8.41534716796875,-0.44515207409858704,0.02282571606338024,0.11060330271720886
1790108047465292500,8.42529248046875,-0.6165919899940491,-0.18121235072612762,-0.07067592442035675
1790108047475236400,8.435236328125,-0.7178741097450256,-0.20613980293273926,-0.1695825308561325
1790108047485181400,8.445181396484376,-0.7811865210533142,-0.11440788209438324,-0.21145601570606232
1790108047495125200,8.455125244140625,-0.8687440156936646,-0.04052167385816574,-0.26421108841896057
1790108047505070300,8.4650703125,-0.9491817951202393,0.09392300993204117,-0.2699328660964966
1790108047515014400,8.475014404296875,-1.0296274423599243,0.20242711901664734,-0.26300305128097534
1790108047524958500,8.48495849609375,-1.1056644916534424,0.2481999695301056,-0.3029283285140991
1790108047534903300,8.4949033203125,-1.1370075941085815,0.3519090712070465,-0.3094557523727417
1790108047544847600,8.50484765625,-1.1122334003448486,0.5091699361801147,-0.25183728337287903
1790108047554792400,8.51479248046875,-1.0793591737747192,0.5086714029312134,-0.23501142859458923
1790108047564736300,8.524736328125,-1.0516400337219238,0.38691532611846924,-0.27949076890945435
1790108047574681600,8.534681640625,-1.031014323234558,0.28923162817955017,-0.3643462657928467
1790108047584625400,8.54462548828125,-0.9487398266792297,0.4910603165626526,-0.32976648211479187
1790108047594570500,8.554570556640625,-0.8331953883171082,0.7364016771316528,-0.24507449567317963
1790108047604514300,8.564514404296874,-0.850060760974884,0.5912474989891052,-0.3244704604148865
1790108047614459400,8.57445947265625,-0.9083536267280579,0.3675909638404846,-0.41917699575424194
1790108047624403500,8.584403564453124,-0.9108489155769348,0.30271998047828674,-0.45484650135040283
1790108047634347500,8.594347412109375,-0.8295508623123169,0.37897080183029175,-0.445492684841156
1790108047644292400,8.604292236328124,-0.7224633693695068,0.38091379404067993,-0.43806391954421997
1790108047654236400,8.614236328125,-0.6666712164878845,0.2541651725769043,-0.4399808645248413
1790108047664181500,8.624181396484374,-0.6631262898445129,0.10642244666814804,-0.41274985671043396
1790108047674125300,8.634125244140625,-0.7067118287086487,0.0012164050713181496,-0.37647491693496704
1790108047684070400,8.6440703125,-0.7979145050048828,0.009098398499190807,-0.3839148283004761
1790108047694014200,8.65401416015625,-0.9099861979484558,0.12560956180095673,-0.4886295199394226
1790108047703959600,8.66395947265625,-1.0333542823791504,0.3287772834300995,-0.5870137810707092
1790108047713903400,8.6739033203125,-1.1276499032974243,0.5101411938667297,-0.6317857503890991
1790108047723847400,8.683847412109374,-1.1567816734313965,0.6012929081916809,-0.6655086278915405
1790108047733792300,8.693792236328125,-1.1331722736358643,0.5600541234016418,-0.7472154498100281
1790108047743736600,8.703736572265624,-1.1465551853179932,0.4039003252983093,-0.793221116065979
1790108047753681400,8.713681396484375,-1.1684613227844238,0.28261303901672363,-0.8187453746795654
1790108047763625500,8.72362548828125,-1.1913565397262573,0.2733926475048065,-0.8246985077857971
1790108047773570300,8.7335703125,-1.2067725658416748,0.2749495506286621,-0.8162248730659485
1790108047783514600,8.7435146484375,-1.162683129310608,0.26985979080200195,-0.8276657462120056
1790108047793459500,8.75345947265625,-1.0806984901428223,0.32852551341056824,-0.8274595737457275
1790108047803403300,8.7634033203125,-1.0116915702819824,0.41051119565963745,-0.8252648711204529
1790108047813346800,8.773346923828125,-1.020495891571045,0.4239897131919861,-0.8239820003509521
1790108047823292000,8.7832919921875,-1.0773382186889648,0.340320885181427,-0.8379043936729431
1790108047833235700,8.793235595703125,-1.1663503646850586,0.32375016808509827,-0.8102834224700928
1790108047843180800,8.803180908203124,-1.197780728340149,0.37290170788764954,-0.7930100560188293
1790108047853124900,8.813124755859375,-1.1969854831695557,0.4197253882884979,-0.7779408097267151
1790108047863069700,8.823069580078124,-1.1804026365280151,0.4706903100013733,-0.736139178276062
1790108047873013800,8.833013671875,-1.1213021278381348,0.5118044018745422,-0.6955166459083557
1790108047882958800,8.842958740234375,-1.0822967290878296,0.4928140342235565,-0.6779962182044983
1790108047892903000,8.85290283203125,-1.0941643714904785,0.3616155683994293,-0.7108572125434875
1790108047902846700,8.8628466796875,-1.1386991739273071,0.20579232275485992,-0.782611072063446
1790108047912791800,8.872791748046875,-1.2103374004364014,0.06719636172056198,-0.807867169380188
1790108047922735600,8.882735595703124,-1.2297399044036865,-0.05890580639243126,-0.8215962052345276
1790108047932681000,8.892680908203126,-1.2376830577850342,-0.18688054382801056,-0.8377219438552856
1790108047942624800,8.902624755859375,-1.2188292741775513,-0.2330354005098343,-0.8228359818458557
1790108047952569600,8.912569580078125,-1.2039480209350586,-0.20926909148693085,-0.7879784107208252
1790108047962513700,8.922513671875,-1.1894150972366333,-0.1916925013065338,-0.819108247756958
1790108047972458800,8.932458740234376,-1.1282715797424316,-0.21399489045143127,-0.9000755548477173
1790108047982402800,8.94240283203125,-1.0344552993774414,-0.31279000639915466,-0.9692097902297974
1790108047992347000,8.952346923828125,-0.95930016040802,-0.3807291090488434,-0.9718245267868042
1790108048002291700,8.962291748046875,-0.8966763615608215,-0.3603355288505554,-0.9142295718193054
1790108048012235800,8.97223583984375,-0.8472768664360046,-0.2728695869445801,-0.8170987367630005
1790108048022180900,8.982180908203125,-0.7705889344215393,-0.17436863481998444,-0.6819738745689392
1790108048032124700,8.992124755859376,-0.6703603267669678,-0.08398894220590591,-0.4992138743400574
1790108048042069800,9.00206982421875,-0.5548163056373596,0.013996254652738571,-0.3508785665035248
1790108048052013800,9.012013916015626,-0.44495823979377747,0.0809933990240097,-0.2928573489189148
1790108048061959000,9.021958984375,-0.318530410528183,0.09694831073284149,-0.21556618809700012
1790108048071902700,9.03190283203125,-0.18963846564292908,0.09627187252044678,-0.09778469800949097
1790108048081846800,9.0418466796875,-0.08178859204053879,0.06928957998752594,-0.01752258464694023
1790108048091792000,9.0517919921875,0.016003750264644623,0.10516875237226486,0.04649768024682999
1790108048101736000,9.06173583984375,0.12601669132709503,0.23556119203567505,0.20376136898994446
1790108048111680800,9.0716806640625,0.22851669788360596,0.45740196108818054,0.4095499515533447
1790108048121624800,9.081624755859375,0.3220003843307495,0.5330352783203125,0.5362807512283325
1790108048131570000,9.09156982421875,0.40900933742523193,0.4981233477592468,0.5978456139564514
1790108048141513700,9.101513671875,0.5115365386009216,0.5061382055282593,0.6186761856079102
1790108048151458800,9.111458740234376,0.6081408262252808,0.4060554802417755,0.5948038697242737
1790108048161402600,9.121402587890625,0.6862980723381042,0.2910440266132355,0.601543128490448
1790108048171348000,9.131347900390624,0.7621209621429443,0.28295332193374634,0.6372819542884827
1790108048181291800,9.141291748046875,0.8416864275932312,0.34286436438560486,0.7011420726776123
1790108048191235800,9.15123583984375,0.9046510457992554,0.39169371128082275,0.767059326171875
1790108048201180700,9.1611806640625,0.9668059349060059,0.44333887100219727,0.8646234273910522
1790108048211125000,9.171125,1.0391874313354492,0.5023617744445801,0.977907121181488
1790108048221069800,9.18106982421875,1.126590371131897,0.529705286026001,1.045707106590271
1790108048231014000,9.191013916015624,1.2048604488372803,0.4990472197532654,1.0805777311325073
1790108048240958700,9.200958740234375,1.2789336442947388,0.4688069820404053,1.1088021993637085
1790108048250902800,9.21090283203125,1.3600130081176758,0.4589708745479584,1.162563443183899
1790108048260847900,9.220847900390625,1.4304081201553345,0.45095229148864746,1.2023730278015137
1790108048270791700,9.230791748046874,1.4662463665008545,0.42480191588401794,1.183071494102478
1790108048280735700,9.24073583984375,1.513060450553894,0.3776911497116089,1.1305326223373413
1790108048290680800,9.250680908203124,1.589863896369934,0.34847521781921387,1.087939977645874
1790108048300625000,9.260625,1.6767067909240723,0.3064233958721161,1.067636251449585
1790108048310569700,9.27056982421875,1.773197889328003,0.30581408739089966,1.058986783027649
1790108048320513800,9.280513671875,1.8888829946517944,0.307353138923645,1.0583847761154175
1790108048330459000,9.290458984375,2.0260775089263916,0.17435835301876068,1.0110862255096436
1790108048340403000,9.30040283203125,2.115668773651123,-0.0014897966757416725,0.9212617874145508
1790108048350347800,9.31034765625,2.1426491737365723,-0.18517839908599854,0.7885029315948486
1790108048360291800,9.320291748046875,2.1099047660827637,-0.23296190798282623,0.6322858929634094
1790108048370235600,9.330235595703124,2.1089224815368652,-0.22637590765953064,0.4935932755470276
1790108048380180700,9.3401806640625,2.164867401123047,-0.28135162591934204,0.41892552375793457
1790108048390124800,9.350124755859374,2.245328187942505,-0.4520607888698578,0.30264872312545776
1790108048400069600,9.360069580078125,2.297661066055298,-0.599433422088623,0.12586091458797455
1790108048410013700,9.370013671875,2.2873823642730713,-0.7187283635139465,-0.07123058289289474
1790108048419958800,9.379958740234375,2.243635654449463,-0.7197195291519165,-0.2103753536939621
1790108048429902800,9.38990283203125,2.1930277347564697,-0.7282764911651611,-0.26837554574012756
1790108048439847700,9.39984765625,2.068833827972412,-0.7299816608428955,-0.23489493131637573
1790108048449791700,9.409791748046874,1.928151249885559,-0.658890962600708,-0.0992279127240181
1790108048459735800,9.41973583984375,1.7780508995056152,-0.5436707139015198,0.07689835131168365
1790108048469681000,9.429680908203125,1.6154545545578003,-0.3819137513637543,0.2165880799293518
1790108048479624700,9.439624755859375,1.4693771600723267,-0.3131354749202728,0.34346532821655273
1790108048489569800,9.44956982421875,1.3503319025039673,-0.4008028507232666,0.4251123368740082
1790108048499513900,9.459513916015625,1.2433801889419556,-0.5160621404647827,0.45881474018096924
1790108048509458700,9.469458740234375,1.1423825025558472,-0.6100714802742004,0.4504454731941223
1790108048519402800,9.47940283203125,1.059855341911316,-0.6865559220314026,0.4066236615180969
1790108048529347800,9.489347900390625,0.9735623002052307,-0.6970812678337097,0.3300681710243225
1790108048539292000,9.4992919921875,0.8518580794334412,-0.5823108553886414,0.23859000205993652
1790108048549235700,9.509235595703124,0.6813046932220459,-0.37236273288726807,0.2302122265100479
1790108048559180800,9.519180908203126,0.491136372089386,-0.20313891768455505,0.25559622049331665
1790108048569124600,9.52912451171875,0.32096144556999207,-0.05988162383437157,0.2377314567565918
1790108048579070000,9.539070068359376,0.23592939972877502,0.11234010010957718,0.23805338144302368
1790108048589013800,9.549013671875,0.2863241136074066,0.3564792573451996,0.19489765167236328
1790108048598958800,9.558958740234376,0.3443848788738251,0.42480456829071045,0.08316822350025177
1790108048608902700,9.568902587890625,0.2517859637737274,0.18548840284347534,-0.11072401702404022
1790108048618847700,9.57884765625,0.15423157811164856,0.12715086340904236,-0.14988377690315247
1790108048628791800,9.588791748046875,0.03512248769402504,0.3540862798690796,-0.07109495997428894
1790108048638736600,9.598736572265626,-0.2317725270986557,0.5195077061653137,-0.08872479945421219
1790108048648680700,9.6086806640625,-0.6483127474784851,0.10926320403814316,-0.3118217885494232
1790108048658624800,9.618624755859376,-0.871113121509552,0.15354837477207184,-0.3196582794189453
1790108048668569900,9.62856982421875,-0.9464040994644165,0.5681522488594055,-0.17692136764526367
1790108048678513700,9.638513671875,-1.0206419229507446,0.8350781798362732,-0.11720757931470871
1790108048688458800,9.648458740234375,-1.1203538179397583,0.8600120544433594,-0.17996975779533386
1790108048698402800,9.65840283203125,-1.24399995803833,0.41411349177360535,-0.42171764373779297
1790108048708348000,9.668347900390625,-1.2258559465408325,0.375396192073822,-0.47028303146362305
1790108048718291700,9.678291748046876,-1.1417378187179565,0.7090855240821838,-0.36534515023231506
1790108048728236800,9.68823681640625,-1.2075756788253784,0.5652588605880737,-0.4900442063808441
1790108048738180900,9.698180908203126,-1.340962529182434,0.10613960772752762,-0.7167654037475586
1790108048748125000,9.708125,-1.3890451192855835,-0.1690264493227005,-0.8291993141174316
1790108048758069800,9.71806982421875,-1.3436260223388672,0.0005955798551440239,-0.7619673609733582
1790108048768013800,9.728013916015625,-1.2747201919555664,0.34897381067276,-0.6478527784347534
1790108048777959000,9.737958984375,-1.1877074241638184,0.5608745813369751,-0.4931389093399048
1790108048787902700,9.74790283203125,-1.17473566532135,0.42974743247032166,-0.38307473063468933
1790108048797847800,9.757847900390624,-1.1889293193817139,0.12290262430906296,-0.34433645009994507
1790108048807791600,9.76779150390625,-1.13385009765625,-0.10930664837360382,-0.35657793283462524
1790108048817737000,9.777737060546874,-1.0056082010269165,-0.2890247106552124,-0.4519478380680084
1790108048827680800,9.7876806640625,-0.7850896716117859,-0.4052613079547882,-0.5912599563598633
1790108048837624800,9.797624755859376,-0.5438860654830933,-0.4246823787689209,-0.6772838830947876
1790108048847569700,9.807569580078125,-0.40911808609962463,-0.37449324131011963,-0.6506429314613342
1790108048857514000,9.817513916015624,-0.42012420296669006,-0.24935702979564667,-0.603938639163971
1790108048867458800,9.827458740234375,-0.5524332523345947,-0.007989955134689808,-0.56784987449646
1790108048877403000,9.83740283203125,-0.7365683913230896,0.34424853324890137,-0.555069088935852
1790108048887348000,9.847347900390625,-0.9114033579826355,0.6561550498008728,-0.5177923440933228
1790108048897291800,9.857291748046874,-1.0935887098312378,0.768926739692688,-0.4046713411808014
1790108048907236900,9.86723681640625,-1.2247813940048218,0.6947510242462158,-0.2728685736656189
1790108048917180700,9.8771806640625,-1.2397880554199219,0.5423256754875183,-0.22984956204891205
1790108048927124700,9.887124755859375,-1.185239553451538,0.4209451973438263,-0.2518608570098877
1790108048937069800,9.89706982421875,-1.1108555793762207,0.2901756167411804,-0.3648788332939148
1790108048947014000,9.907013916015625,-1.1220704317092896,0.2580355405807495,-0.5192340612411499
1790108048956958700,9.916958740234374,-1.1625806093215942,0.37975144386291504,-0.6853124499320984
1790108048966902800,9.92690283203125,-1.2072218656539917,0.4570092260837555,-0.7822533845901489
1790108048976848000,9.936847900390624,-1.2416266202926636,0.3465345501899719,-0.7715411186218262
1790108048986792000,9.9467919921875,-1.277750015258789,0.15964986383914948,-0.7206848859786987
1790108048996736800,9.95673681640625,-1.312316656112671,0.12363732606172562,-0.6150364279747009
1790108049006680800,9.966680908203125,-1.32588791847229,0.14796635508537292,-0.5108644366264343
1790108049016625000,9.976625,-1.362699031829834,0.09762397408485413,-0.4465578496456146
1790108049026569700,9.98656982421875,-1.42037832736969,-0.0033186213113367558,-0.4775059223175049
1790108049036513800,9.996513671875,-1.423950433731079,-0.01434261817485094,-0.5478163361549377
1790108049046458600,10.006458740234375,-1.38825523853302,0.04029027000069618,-0.5957686901092529
1790108049056403000,10.01640283203125,-1.3608763217926025,-0.0657525286078453,-0.6540740728378296
1790108049066347800,10.02634765625,-1.3754690885543823,-0.3322087228298187,-0.7278995513916016
1790108049076291800,10.036291748046875,-1.3951630592346191,-0.6473245024681091,-0.773044764995575
1790108049086236700,10.046236572265625,-1.3517175912857056,-0.8502805233001709,-0.7857264280319214
1790108049096181000,10.056180908203125,-1.2849280834197998,-0.9479923248291016,-0.773628830909729
1790108049106124800,10.066124755859375,-1.2491283416748047,-0.9885535836219788,-0.7382556796073914
1790108049116070000,10.07606982421875,-1.257218360900879,-0.936409592628479,-0.7041674256324768
1790108049126013700,10.086013671875,-1.274855136871338,-0.8970430493354797,-0.685549795627594
1790108049135958800,10.095958740234375,-1.2741607427597046,-0.9361364245414734,-0.745281994342804
1790108049145902800,10.10590283203125,-1.2368820905685425,-1.0431889295578003,-0.8839922547340393
1790108049155847700,10.11584765625,-1.2019147872924805,-1.2296267747879028,-0.9964332580566406
1790108049165791700,10.125791748046876,-1.1648659706115723,-1.3570518493652344,-0.9756688475608826
1790108049175736800,10.13573681640625,-1.1116054058074951,-1.2900327444076538,-0.8129723072052002
1790108049185681000,10.145680908203126,-1.046887755393982,-0.988812267780304,-0.5194975733757019
1790108049195625700,10.155625732421875,-0.9705593585968018,-0.5914257168769836,-0.1290474832057953
1790108049205569800,10.16556982421875,-0.8956909775733948,-0.19374732673168182,0.22529327869415283
1790108049215513600,10.175513671875,-0.8134813904762268,0.060383714735507965,0.4450482726097107
1790108049225459000,10.185458984375,-0.7136735916137695,0.18827855587005615,0.5265920758247375
1790108049235402800,10.19540283203125,-0.5723474025726318,0.14867457747459412,0.5035237669944763
1790108049245347800,10.205347900390626,-0.43923109769821167,0.06706652045249939,0.5405954718589783
1790108049255292000,10.2152919921875,-0.3304983377456665,0.1650543063879013,0.6853541135787964
1790108049265236700,10.22523681640625,-0.24011917412281036,0.29142239689826965,0.8611786961555481
1790108049275180800,10.235180908203125,-0.1454603374004364,0.42357560992240906,0.954961895942688
1790108049285125600,10.245125732421876,-0.04426394775509834,0.44597092270851135,0.9427343010902405
1790108049295070000,10.255070068359375,0.08694204688072205,0.4216932952404022,0.9089520573616028
1790108049305014000,10.265013916015626,0.2196311205625534,0.5004967451095581,0.9364377856254578
1790108049314958800,10.274958740234375,0.3253632187843323,0.6048909425735474,0.9781661033630371
1790108049324902700,10.284902587890626,0.4138811230659485,0.6045567393302917,1.0022214651107788
1790108049334848000,10.294847900390625,0.5118939280509949,0.5365955233573914,0.9747154116630554
1790108049344791800,10.304791748046876,0.6230097413063049,0.4464283585548401,0.891732394695282
1790108049354737000,10.31473681640625,0.724786639213562,0.3497973382472992,0.7916592955589294
1790108049364680700,10.3246806640625,0.8143939971923828,0.2759670615196228,0.7312281727790833
1790108049374626000,10.3346259765625,0.9024211168289185,0.285012811422348,0.7544615268707275
1790108049384569900,10.34456982421875,0.9882239103317261,0.3935326337814331,0.8101980090141296
1790108049394514000,10.354513916015625,1.0689728260040283,0.498916894197464,0.8579673171043396
1790108049404458800,10.364458740234374,1.1645318269729614,0.5521964430809021,0.9208884835243225
1790108049414402800,10.37440283203125,1.2700860500335693,0.6355847716331482,0.9666333198547363
1790108049424348000,10.384347900390624,1.3927264213562012,0.6255369782447815,0.9689571857452393
1790108049434291700,10.394291748046875,1.4989981651306152,0.5122054815292358,0.9174638390541077
1790108049444236800,10.40423681640625,1.5793952941894531,0.35355669260025024,0.8452312350273132
1790108049454180600,10.4141806640625,1.6493827104568481,0.24657325446605682,0.7702856063842773
1790108049464126000,10.4241259765625,1.731237530708313,0.17554140090942383,0.7039997577667236
1790108049474069800,10.43406982421875,1.80973482131958,0.09071829169988632,0.6332079768180847
1790108049484013800,10.444013916015624,1.8804079294204712,-0.03794408217072487,0.5723166465759277
1790108049493958700,10.453958740234375,1.9367669820785522,-0.17851696908473969,0.5215489268302917
1790108049503903000,10.463903076171874,1.948235273361206,-0.30632901191711426,0.4880479574203491
1790108049513847800,10.473847900390625,1.949528694152832,-0.47868114709854126,0.43757113814353943
1790108049523792000,10.4837919921875,1.9765329360961914,-0.5019451379776001,0.4739041328430176
1790108049533736700,10.49373681640625,1.92487370967865,-0.5854176878929138,0.45757895708084106
1790108049543681000,10.503680908203124,1.8592268228530884,-0.7735111713409424,0.3638439178466797
1790108049553625900,10.5136259765625,1.8198925256729126,-0.8897427916526794,0.27728599309921265
1790108049563569700,10.523569580078124,1.8211122751235962,-1.0015912055969238,0.17785125970840454
1790108049573513700,10.533513671875,1.7817867994308472,-1.2594043016433716,0.07449867576360703
1790108049583458800,10.543458740234374,1.662598967552185,-1.4883674383163452,-0.025931257754564285
1790108049593403000,10.55340283203125,1.5154850482940674,-1.4564659595489502,-0.033461976796388626
1790108049603347700,10.56334765625,1.4666866064071655,-1.3727116584777832,0.09626273065805435
1790108049613291800,10.573291748046875,1.3998550176620483,-1.342406153678894,0.33179429173469543
1790108049623236900,10.58323681640625,1.271828055381775,-1.1242536306381226,0.6497727632522583
1790108049633181000,10.593180908203125,1.205801010131836,-0.7977933287620544,0.9677436351776123
1790108049643125800,10.603125732421875,1.1856461763381958,-0.4057222306728363,1.2716095447540283
1790108049653069800,10.61306982421875,1.161869764328003,-0.27397575974464417,1.274776816368103
1790108049663015000,10.623014892578125,1.1314117908477783,-0.4306950569152832,1.0188405513763428
1790108049672959000,10.632958984375,1.1036232709884644,-0.6996269226074219,0.6727744340896606
1790108049682902800,10.64290283203125,1.0865648984909058,-0.7410942316055298,0.5087482333183289
1790108049692847600,10.65284765625,1.0326645374298096,-0.5444517135620117,0.5625607371330261
1790108049702792000,10.6627919921875,0.9537793397903442,-0.3457529842853546,0.6882076263427734
1790108049712736800,10.67273681640625,0.8720301389694214,-0.2646530270576477,0.7410790920257568
1790108049722680800,10.682680908203125,0.7782415747642517,-0.33784496784210205,0.6719463467597961
1790108049732625700,10.692625732421876,0.6927496790885925,-0.22776250541210175,0.5913791656494141
1790108049742570000,10.702570068359375,0.6000551581382751,-0.06046353280544281,0.5022687315940857
1790108049752514800,10.712514892578126,0.5062350034713745,0.0034443875774741173,0.3591393828392029
1790108049762459000,10.722458984375,0.4066508710384369,-0.1300787776708603,0.1754784882068634
1790108049772402700,10.732402587890626,0.24432583153247833,-0.12932392954826355,0.08765628933906555
1790108049782348000,10.74234814453125,0.04574190080165863,0.016909174621105194,0.03597338870167732
1790108049792291800,10.752291748046876,-0.1559353917837143,0.18586541712284088,0.028993617743253708
1790108049802236700,10.762236572265625,-0.3405097424983978,0.22112832963466644,0.03246025741100311
1790108049812180700,10.7721806640625,-0.4603537321090698,0.17499829828739166,0.011407798156142235
1790108049822125600,10.78212548828125,-0.5509288907051086,0.15246956050395966,-0.050154898315668106
1790108049832070000,10.79206982421875,-0.6513156294822693,0.08587846904993057,-0.1947651207447052
1790108049842014700,10.8020146484375,-0.7277544736862183,0.17969924211502075,-0.27593639492988586
1790108049851958800,10.811958740234376,-0.7863470315933228,0.42684707045555115,-0.23199966549873352
1790108049861902600,10.821902587890625,-0.8618838787078857,0.5720332860946655,-0.19492633640766144
1790108049871848000,10.831847900390626,-1.0132502317428589,0.3435189723968506,-0.3211064636707306
1790108049881791700,10.841791748046875,-1.0914957523345947,0.28543755412101746,-0.37640538811683655
1790108049891736800,10.85173681640625,-1.1122695207595825,0.3750016689300537,-0.3761003911495209
1790108049901680600,10.8616806640625,-1.102798581123352,0.5237951874732971,-0.35812458395957947
1790108049911626000,10.8716259765625,-1.004917860031128,0.8395810723304749,-0.2251802235841751
1790108049921569800,10.88156982421875,-0.95102858543396,0.8531331419944763,-0.14979252219200134
1790108049931514600,10.8915146484375,-0.9897252321243286,0.45915892720222473,-0.2407739907503128
1790108049941458700,10.901458740234375,-0.996490478515625,0.14028239250183105,-0.3427150249481201
1790108049951402800,10.91140283203125,-0.8962154388427734,0.11805754154920578,-0.3652006983757019
1790108049961347800,10.921347900390625,-0.7650182843208313,0.21230894327163696,-0.3680766522884369
1790108049971292000,10.9312919921875,-0.7110109925270081,0.09944319725036621,-0.46328863501548767
1790108049981236700,10.94123681640625,-0.6792288422584534,0.08321815729141235,-0.4712357521057129
1790108049991180800,10.951180908203124,-0.6546324491500854,0.17784777283668518,-0.38364624977111816
1790108050001126000,10.9611259765625,-0.6740481853485107,0.3221825659275055,-0.2604407072067261
1790108050011069700,10.971069580078124,-0.7339553833007812,0.5512338876724243,-0.13627079129219055
1790108050021014800,10.981014892578125,-0.8159972429275513,0.655045211315155,-0.12723281979560852
1790108050030958800,10.990958740234374,-0.9135915040969849,0.5334339737892151,-0.1934003382921219
1790108050040903000,11.00090283203125,-0.9934325814247131,0.32969680428504944,-0.25577956438064575
1790108050050847700,11.01084765625,-1.0518689155578613,0.17133401334285736,-0.31553906202316284
1790108050060791800,11.020791748046875,-1.0650001764297485,0.10483913868665695,-0.41718313097953796
1790108050070737000,11.03073681640625,-1.0043221712112427,0.15374484658241272,-0.5195525288581848
1790108050080681000,11.040680908203125,-0.9716001749038696,0.3272079825401306,-0.5826247334480286
1790108050090625800,11.050625732421874,-0.9991579651832581,0.5800225734710693,-0.6135332584381104
1790108050100569600,11.060569580078125,-1.089723825454712,0.7323479056358337,-0.6328662037849426
1790108050110515000,11.070514892578124,-1.2212930917739868,0.7222967147827148,-0.6325145959854126
1790108050120458800,11.080458740234375,-1.2781070470809937,0.644055962562561,-0.608565092086792
1790108050130402800,11.09040283203125,-1.2606297731399536,0.4489878714084625,-0.5752317905426025
1790108050140347600,11.10034765625,-1.2354739904403687,0.12590089440345764,-0.5792521238327026
1790108050150291700,11.110291748046874,-1.1924123764038086,-0.13545265793800354,-0.6689585447311401
1790108050160236800,11.12023681640625,-1.1541306972503662,-0.20753537118434906,-0.7674156427383423
1790108050170180900,11.130180908203124,-1.1358691453933716,-0.1642875075340271,-0.8376390337944031
1790108050180125700,11.140125732421875,-1.1032943725585938,-0.010685701854526997,-0.8687008619308472
1790108050190069800,11.15006982421875,-1.0993590354919434,0.21167747676372528,-0.8467901349067688
1790108050200014800,11.160014892578126,-1.124920129776001,0.33366650342941284,-0.8371680974960327
1790108050209959000,11.169958984375,-1.1722655296325684,0.2944965660572052,-0.8761410117149353
1790108050219903700,11.17990380859375,-1.1988587379455566,0.06032722815871239,-0.9237362742424011
1790108050229847600,11.18984765625,-1.2056910991668701,-0.32523366808891296,-0.9707460403442383
1790108050239791900,11.1997919921875,-1.1478712558746338,-0.6199026107788086,-0.9835537075996399
1790108050249736700,11.20973681640625,-1.0367099046707153,-0.6766696572303772,-0.9194643497467041
1790108050259680800,11.2196806640625,-0.9781007766723633,-0.4904246926307678,-0.8081790804862976
1790108050269625600,11.22962548828125,-1.060158133506775,-0.2101055532693863,-0.7466958165168762
1790108050279570000,11.23956982421875,-1.2776131629943848,0.01806742511689663,-0.6948515176773071
1790108050289514800,11.2495146484375,-1.4187462329864502,0.09203264862298965,-0.717112123966217
1790108050299458800,11.259458740234376,-1.4223936796188354,-0.10380928963422775,-0.8130112290382385
1790108050309404000,11.26940380859375,-1.3481016159057617,-0.4921620786190033,-0.8800197243690491
1790108050319348000,11.279347900390626,-1.2199209928512573,-0.7469429969787598,-0.8349978923797607
1790108050329291800,11.289291748046875,-1.1104899644851685,-0.7197302579879761,-0.7507117390632629
1790108050339236900,11.29923681640625,-1.0447138547897339,-0.5256472826004028,-0.6808168292045593
1790108050349180700,11.3091806640625,-0.9933178424835205,-0.37561067938804626,-0.6250436902046204
1790108050359125800,11.319125732421876,-0.9310443997383118,-0.22201713919639587,-0.5463499426841736
1790108050369069800,11.32906982421875,-0.8121287226676941,-0.09244238585233688,-0.45578116178512573
1790108050379014700,11.3390146484375,-0.6764350533485413,0.09324704855680466,-0.32407107949256897
1790108050388958700,11.348958740234375,-0.5392707586288452,0.294286847114563,-0.151413232088089
1790108050398903800,11.35890380859375,-0.419387549161911,0.44573307037353516,0.058770887553691864
1790108050408848000,11.368847900390625,-0.33804601430892944,0.5708686709403992,0.24815067648887634
1790108050418791700,11.378791748046876,-0.2604028880596161,0.6313522458076477,0.3763675093650818
1790108050428736800,11.38873681640625,-0.16091202199459076,0.553673267364502,0.4541415870189667
1790108050438680800,11.398680908203126,-0.049935970455408096,0.4264388680458069,0.431507408618927
1790108050448626000,11.4086259765625,0.060939330607652664,0.3403874337673187,0.3327610194683075
1790108050458569700,11.41856982421875,0.1638856828212738,0.33137422800064087,0.2783891260623932
1790108050468514600,11.4285146484375,0.25147268176078796,0.3378966450691223,0.33615338802337646
1790108050478459000,11.438458984375,0.34067630767822266,0.36824336647987366,0.46146443486213684
1790108050488403700,11.44840380859375,0.4488905966281891,0.44081324338912964,0.5658734440803528
1790108050498347800,11.45834765625,0.5578951239585876,0.46093928813934326,0.6411341428756714
1790108050508291800,11.468291748046875,0.6542209982872009,0.5507427453994751,0.6883360147476196
1790108050518237000,11.47823681640625,0.7352223992347717,0.6457619667053223,0.6896489262580872
1790108050528180700,11.4881806640625,0.8344855904579163,0.6607088446617126,0.6771727800369263
1790108050538125800,11.498125732421874,0.9522015452384949,0.618990957736969,0.629521906375885
1790108050548069600,11.508069580078125,1.0796390771865845,0.5439543128013611,0.58393394947052
1790108050558015000,11.518014892578124,1.1949838399887085,0.5179810523986816,0.6237572431564331
1790108050567958800,11.527958740234375,1.305271863937378,0.626724362373352,0.7097949385643005
1790108050577903900,11.53790380859375,1.3907662630081177,0.7774366140365601,0.782006025314331
1790108050587847700,11.54784765625,1.4468995332717896,0.8565739393234253,0.8630157709121704
1790108050597791700,11.557791748046874,1.5073257684707642,0.8927993178367615,0.9219064712524414
1790108050607736800,11.56773681640625,1.5679795742034912,0.8608630895614624,0.9336298108100891
1790108050617681000,11.577680908203124,1.6163736581802368,0.7264631986618042,0.876867413520813
1790108050627625700,11.587625732421875,1.6703681945800781,0.5885882377624512,0.7789323925971985
1790108050637569800,11.59756982421875,1.729491114616394,0.48131880164146423,0.6762893795967102
1790108050647515000,11.607514892578125,1.8058274984359741,0.381806343793869,0.5863155722618103
1790108050657458700,11.617458740234374,1.868298888206482,0.26142561435699463,0.49112966656684875
1790108050667403800,11.62740380859375,1.9380273818969727,0.11012346297502518,0.3856057822704315
1790108050677347600,11.63734765625,2.0021095275878906,-0.08705485612154007,0.2745184004306793
1790108050687292000,11.6472919921875,2.0559496879577637,-0.26708850264549255,0.1727214902639389
1790108050697236700,11.65723681640625,2.1098837852478027,-0.3405696451663971,0.14266932010650635
1790108050707180800,11.667180908203125,2.2132086753845215,-0.4203152656555176,0.17289848625659943
1790108050717126000,11.6771259765625,2.194998264312744,-0.6013665199279785,0.11467432975769043
1790108050727070000,11.687070068359375,2.162466049194336,-0.8356621265411377,-0.0008483934216201305
1790108050737014800,11.697014892578125,2.106621503829956,-0.9643343687057495,-0.13023912906646729
1790108050746958800,11.706958740234375,2.0484678745269775,-1.135271430015564,-0.26011353731155396
1790108050756904000,11.716904052734375,1.9511038064956665,-1.3239332437515259,-0.29439374804496765
1790108050766847700,11.72684765625,1.8549946546554565,-1.3606127500534058,-0.15262967348098755
1790108050776792800,11.736792724609375,1.719651222229004,-1.2445842027664185,0.09510129690170288
1790108050786736600,11.746736572265625,1.5544365644454956,-0.933624804019928,0.447061687707901
1790108050796680700,11.7566806640625,1.4874898195266724,-0.4589085876941681,0.8478455543518066
1790108050806626000,11.7666259765625,1.4344276189804077,-0.18626545369625092,1.1260381937026978
1790108050816570000,11.776570068359375,1.3472574949264526,-0.2638036608695984,1.0946331024169922
1790108050826515000,11.786514892578126,1.2154569625854492,-0.5053135752677917,0.8391155004501343
1790108050836459300,11.796459228515625,1.0919145345687866,-0.720023512840271,0.6308997273445129
1790108050846404000,11.806404052734376,0.9984968900680542,-0.8049507141113281,0.5281246900558472
1790108050856348200,11.81634814453125,0.9594644904136658,-0.7874638438224792,0.49479204416275024
1790108050866293000,11.82629296875,0.9234223365783691,-0.6837177276611328,0.5244367718696594
1790108050876237000,11.836237060546875,0.8325273394584656,-0.393312007188797,0.6169967651367188
1790108050886181000,11.84618115234375,0.7146733403205872,-0.3304361402988434,0.5883374214172363
1790108050896126000,11.8561259765625,0.5791538953781128,-0.3629554808139801,0.4553500711917877
1790108050906070000,11.866070068359376,0.483178973197937,-0.35582733154296875,0.29632389545440674
1790108050916015000,11.87601513671875,0.38781410455703735,-0.18747560679912567,0.21555741131305695
1790108050925959200,11.885959228515626,0.3185490369796753,-0.019830942153930664,0.1274426132440567
1790108050935904000,11.895904052734375,0.1945813000202179,-0.01668388396501541,-0.006165248341858387
1790108050945848000,11.90584814453125,-0.009310712106525898,-0.019448023289442062,-0.12214980274438858
1790108050955793200,11.915793212890625,-0.16163581609725952,0.17073683440685272,-0.13706378638744354
1790108050965737200,11.9257373046875,-0.2885357439517975,0.33339160680770874,-0.1730038821697235
1790108050975681000,11.935680908203125,-0.42598870396614075,0.2937384843826294,-0.25930070877075195
1790108050985625900,11.9456259765625,-0.5536367297172546,0.259371280670166,-0.299625426530838
1790108050995570200,11.955570068359375,-0.6818748712539673,0.3019711971282959,-0.3441135287284851
1790108051005515000,11.965514892578126,-0.8109862208366394,0.40521225333213806,-0.40379902720451355
1790108051015459000,11.975458984375,-0.948939323425293,0.4203619360923767,-0.5099238753318787
1790108051025404000,11.98540380859375,-1.0781548023223877,0.45854365825653076,-0.585507869720459
1790108051035348200,11.99534814453125,-1.138823390007019,0.5814200639724731,-0.6019627451896667
1790108051045293000,12.00529296875,-1.1673595905303955,0.6307441592216492,-0.6343798041343689
1790108051055237000,12.015237060546875,-1.1721538305282593,0.6077336072921753,-0.6676405668258667
1790108051065181000,12.025180908203126,-1.1364874839782715,0.47966474294662476,-0.697227418422699
1790108051075126300,12.035126220703125,-1.086768627166748,0.267975389957428,-0.7223237156867981
1790108051085070000,12.045070068359376,-0.9718112945556641,0.2473042905330658,-0.6295236945152283
1790108051095015200,12.05501513671875,-0.8592056632041931,0.20509451627731323,-0.5207956433296204
1790108051104959000,12.064958984375,-0.8119509220123291,0.04666455462574959,-0.4842148721218109
1790108051114904000,12.074904052734375,-0.7879337072372437,-0.014819045551121235,-0.4152427017688751
1790108051124848000,12.08484814453125,-0.7189902067184448,0.1220165267586708,-0.26335641741752625
1790108051134793000,12.09479296875,-0.6531355381011963,0.24744901061058044,-0.1407945454120636
1790108051144737000,12.104737060546874,-0.6689914464950562,0.2883045971393585,-0.11368436366319656
1790108051154681000,12.11468115234375,-0.7443575263023376,0.27673423290252686,-0.14597278833389282
1790108051164626200,12.124626220703124,-0.8399794101715088,0.37755805253982544,-0.12085676938295364
1790108051174570000,12.134570068359375,-0.8977178335189819,0.6100850105285645,-0.04949204623699188
1790108051184515000,12.14451513671875,-0.9873343706130981,0.6279165148735046,-0.07116375118494034
1790108051194459000,12.154458984375,-1.0988267660140991,0.5499444603919983,-0.10714172571897507
1790108051204404200,12.164404296875,-1.1879992485046387,0.4273230731487274,-0.14149048924446106
1790108051214348000,12.17434814453125,-1.2508116960525513,0.31742000579833984,-0.18279771506786346
1790108051224293000,12.184293212890625,-1.2949934005737305,0.3202402591705322,-0.21836638450622559
1790108051234237000,12.19423681640625,-1.2975703477859497,0.3804450035095215,-0.2876666188240051
1790108051244182000,12.20418212890625,-1.29226815700531,0.3756856918334961,-0.40372222661972046
1790108051254126000,12.2141259765625,-1.257088303565979,0.34561753273010254,-0.48087427020072937
1790108051264070100,12.224070068359374,-1.2672500610351562,0.21444512903690338,-0.5312695503234863
1790108051274015200,12.23401513671875,-1.269378662109375,0.051480982452631,-0.5296791195869446
1790108051283959000,12.243958984375,-1.2659608125686646,-0.08246788382530212,-0.4592301845550537
1790108051293904100,12.253904052734375,-1.214002251625061,-0.06950973719358444,-0.4049144685268402
1790108051303848000,12.263847900390624,-1.179645299911499,-0.04894433915615082,-0.3650857210159302
1790108051313793300,12.273793212890626,-1.1793397665023804,-0.006571053061634302,-0.3900243639945984
1790108051323737000,12.283737060546875,-1.2010139226913452,0.02676210179924965,-0.4435102343559265
1790108051333682200,12.29368212890625,-1.2511202096939087,0.017746765166521072,-0.5160425305366516
1790108051343626000,12.3036259765625,-1.2921963930130005,0.045181550085544586,-0.5796366333961487
1790108051353570000,12.313570068359375,-1.297683835029602,0.012746112421154976,-0.6635536551475525
1790108051363515100,12.32351513671875,-1.3077080249786377,-0.1271556168794632,-0.7430535554885864
1790108051373459200,12.333459228515625,-1.3333936929702759,-0.3230724036693573,-0.821251392364502
1790108051383404000,12.343404052734375,-1.3518927097320557,-0.5083032846450806,-0.9078315496444702
1790108051393348000,12.35334814453125,-1.3105980157852173,-0.6187935471534729,-0.9738086462020874
1790108051403293200,12.363293212890625,-1.2341238260269165,-0.7145187258720398,-1.0326464176177979
1790108051413237000,12.373237060546876,-1.1546626091003418,-0.8381152153015137,-1.125960350036621
1790108051423182000,12.38318212890625,-1.1123619079589844,-0.9213939905166626,-1.1874533891677856
1790108051433126000,12.3931259765625,-1.0801992416381836,-0.954159140586853,-1.2010775804519653
1790108051443070200,12.4030703125,-1.060232400894165,-0.9310516119003296,-1.145780324935913
1790108051453015000,12.41301513671875,-1.0731695890426636,-0.858691930770874,-1.0359262228012085
1790108051462959000,12.422958984375,-1.0911718606948853,-0.7662659883499146,-0.9317470192909241
1790108051472904000,12.432904052734376,-1.1019911766052246,-0.6699570417404175,-0.8495072722434998
1790108051482848300,12.44284814453125,-1.0906641483306885,-0.6221147179603577,-0.7903150916099548
1790108051492793000,12.45279296875,-1.0916519165039062,-0.6184076070785522,-0.7448900938034058
1790108051502737200,12.462737060546875,-1.0592063665390015,-0.6301091313362122,-0.6740275621414185
1790108051512682000,12.472681884765626,-1.0159353017807007,-0.546978771686554,-0.5440477132797241
1790108051522626000,12.4826259765625,-0.9808247685432434,-0.40435847640037537,-0.3483171761035919
1790108051532571100,12.492571044921876,-0.906880259513855,-0.34184980392456055,-0.09629080444574356
1790108051542515000,12.502514892578125,-0.7895711064338684,-0.24237938225269318,0.194284588098526
1790108051552459000,12.512458984375,-0.653462827205658,-0.03204559534788132,0.4590965211391449
1790108051562404000,12.522404052734375,-0.538236677646637,0.21548905968666077,0.6757467985153198
1790108051572348200,12.53234814453125,-0.4203585684299469,0.39510223269462585,0.8467289209365845
1790108051582293000,12.54229296875,-0.2864943742752075,0.5029795169830322,0.9493901133537292
1790108051592237000,12.552237060546876,-0.18333470821380615,0.5320332646369934,0.9854349493980408
1790108051602182100,12.56218212890625,-0.1082155779004097,0.45317286252975464,1.0163837671279907
1790108051612126200,12.572126220703124,-0.024320945143699646,0.37810155749320984,1.1000746488571167
1790108051622071000,12.582071044921875,0.10716085135936737,0.3899802565574646,1.251550316810608
1790108051632015000,12.59201513671875,0.25240832567214966,0.4893537163734436,1.3528902530670166
1790108051641959000,12.601958984375,0.3604196310043335,0.5336025357246399,1.361552357673645
1790108051651904000,12.611904052734374,0.45087042450904846,0.5215147137641907,1.3513635396957397
1790108051661848000,12.62184814453125,0.5543570518493652,0.5300007462501526,1.3452907800674438
1790108051671793000,12.63179296875,0.6697773933410645,0.5336333513259888,1.2878996133804321
1790108051681737200,12.6417373046875,0.7596688270568848,0.4527621865272522,1.2274824380874634
1790108051691682000,12.65168212890625,0.8421237468719482,0.4230540692806244,1.1867560148239136
1790108051701626000,12.661626220703125,0.9386987090110779,0.449920117855072,1.1542456150054932
1790108051711571000,12.671571044921874,1.0200837850570679,0.5208552479743958,1.1188806295394897
1790108051721515300,12.681515380859375,1.0783555507659912,0.6056616306304932,1.08126699924469
1790108051731459000,12.691458984375,1.1327378749847412,0.6843777894973755,1.0393097400665283
1790108051741404200,12.701404052734375,1.2026944160461426,0.759672224521637,1.0110992193222046
1790108051751348000,12.711347900390624,1.303898811340332,0.8863880634307861,0.9811405539512634
1790108051761293000,12.72129296875,1.4264098405838013,0.9705982208251953,0.9033668637275696
1790108051771237000,12.731237060546874,1.5607575178146362,0.9089204668998718,0.7868173718452454
1790108051781182000,12.741181884765625,1.6743730306625366,0.8547443151473999,0.6653361916542053
1790108051791126000,12.7511259765625,1.7645939588546753,0.8323665857315063,0.5336918830871582
1790108051801071000,12.761071044921875,1.8439056873321533,0.7181257605552673,0.37058407068252563
1790108051811015000,12.771014892578124,1.8981657028198242,0.542120635509491,0.2069738209247589
1790108051820959700,12.780959716796875,1.9380970001220703,0.37487316131591797,0.0535288080573082
1790108051830904000,12.790904052734374,1.9647389650344849,0.25267961621284485,-0.08130969852209091
1790108051840848000,12.800847900390625,2.0239343643188477,0.18031395971775055,-0.19148845970630646
1790108051850793000,12.81079296875,2.110074281692505,0.06463290005922318,-0.2763269245624542
1790108051860736800,12.82073681640625,2.1724822521209717,-0.16897711157798767,-0.35082852840423584
1790108051870682000,12.83068212890625,2.2044365406036377,-0.3417230546474457,-0.382268488407135
1790108051880626000,12.8406259765625,2.136394739151001,-0.5190563201904297,-0.4591542184352875
1790108051890570800,12.85057080078125,2.068092107772827,-0.6710570454597473,-0.5926329493522644
1790108051900514800,12.860514892578125,2.023282766342163,-0.8158887028694153,-0.6719285249710083
1790108051910460000,12.8704599609375,1.97276771068573,-0.9763407111167908,-0.7127653956413269
1790108051920404000,12.880404052734375,1.8641386032104492,-0.9418076872825623,-0.6478345990180969
1790108051930348000,12.89034814453125,1.7925621271133423,-0.7334778904914856,-0.28636375069618225
1790108051940292900,12.90029296875,1.8247027397155762,-0.5885096788406372,0.20248591899871826
1790108051950236700,12.910236572265624,1.8699147701263428,-0.39450424909591675,0.6515260338783264
1790108051960182000,12.92018212890625,1.888465166091919,-0.19968637824058533,0.8201078176498413
1790108051970125800,12.930125732421875,1.799487829208374,-0.10646961629390717,0.7083365321159363
1790108051980071000,12.94007080078125,1.630880355834961,-0.2575012445449829,0.530372142791748
1790108051990014700,12.9500146484375,1.4848711490631104,-0.4641742706298828,0.4634591042995453
1790108051999960000,12.9599599609375,1.3266505002975464,-0.5649856328964233,0.5360236763954163
1790108052009903900,12.96990380859375,1.1593797206878662,-0.5321054458618164,0.657752275466919
1790108052019848000,12.979847900390626,0.9702084064483643,-0.4156988859176636,0.7509741187095642
1790108052029792800,12.989792724609375,0.8311495780944824,-0.26504063606262207,0.7372061014175415
1790108052039737000,12.999737060546876,0.6994527578353882,-0.19993512332439423,0.6070241928100586
1790108052049682000,13.009681884765625,0.6093345880508423,-0.16047319769859314,0.4839717149734497
1790108052059626000,13.0196259765625,0.4891185760498047,-0.16933320462703705,0.38698676228523254
1790108052069571000,13.029571044921875,0.3729344308376312,-0.3038521409034729,0.28318554162979126
1790108052079515000,13.039514892578126,0.2838160991668701,-0.3991807997226715,0.2303321808576584
1790108052089460000,13.0494599609375,0.16615843772888184,-0.34214600920677185,0.25574326515197754
1790108052099403800,13.05940380859375,0.027084721252322197,-0.24811920523643494,0.22784006595611572
1790108052109349000,13.06934912109375,-0.11192083358764648,-0.20693500339984894,0.13022881746292114
1790108052119293000,13.07929296875,-0.24782422184944153,-0.19349437952041626,0.04728715866804123
1790108052129237000,13.089237060546875,-0.3616815507411957,-0.1541871875524521,-0.006104161497205496
1790108052139181800,13.099181884765626,-0.4483778178691864,-0.07625658810138702,-0.03738691657781601
1790108052149126000,13.1091259765625,-0.5586020946502686,-0.11138634383678436,-0.10486715286970139
1790108052159071000,13.119071044921874,-0.6969326734542847,-0.24247121810913086,-0.2421209216117859
1790108052169015000,13.12901513671875,-0.7798150777816772,-0.1099264919757843,-0.2910160422325134
1790108052178960000,13.1389599609375,-0.8417401313781738,0.18870285153388977,-0.2906237244606018
1790108052188904000,13.148904052734375,-0.9334671497344971,0.3266063928604126,-0.3481943607330322
1790108052198849000,13.15884912109375,-1.0113730430603027,0.4436756670475006,-0.3399095833301544
1790108052208792800,13.168792724609375,-1.0897769927978516,0.46157076954841614,-0.31686392426490784
1790108052218737000,13.17873681640625,-1.1555671691894531,0.5116243362426758,-0.2875552773475647
1790108052228681700,13.188681640625,-1.1787621974945068,0.5761842131614685,-0.2989754378795624
1790108052238626000,13.1986259765625,-1.1858272552490234,0.6157301664352417,-0.3632005453109741
1790108052248571000,13.20857080078125,-1.1944146156311035,0.6332234144210815,-0.44897645711898804
1790108052258515000,13.218514892578124,-1.1436687707901,0.758540153503418,-0.4557828903198242
1790108052268459800,13.228459716796875,-1.0803643465042114,0.660369873046875,-0.5052700638771057
1790108052278404000,13.238404052734374,-0.9974665641784668,0.509681224822998,-0.5358623266220093
1790108052288349000,13.248348876953125,-0.8854875564575195,0.4189099967479706,-0.5384770035743713
1790108052298293000,13.25829296875,-0.8161051869392395,0.25688543915748596,-0.589069664478302
1790108052308236800,13.26823681640625,-0.7908019423484802,0.0807277113199234,-0.6683593988418579
1790108052318182000,13.278181884765624,-0.7276182174682617,0.1555645614862442,-0.6149302124977112
1790108052328126000,13.2881259765625,-0.683653712272644,0.2624891400337219,-0.5104535818099976
1790108052338070800,13.29807080078125,-0.7253830432891846,0.21438880264759064,-0.4758560359477997
1790108052348014800,13.308014892578125,-0.8524461984634399,0.1732725203037262,-0.5049153566360474
1790108052357960000,13.3179599609375,-0.9491276741027832,0.2601262629032135,-0.5322254300117493
1790108052367904000,13.327904052734375,-1.013084053993225,0.33915022015571594,-0.5657764673233032
1790108052377848800,13.337848876953124,-1.0862504243850708,0.3819906413555145,-0.6103834509849548
1790108052387793000,13.34779296875,-1.1094396114349365,0.3104251027107239,-0.7607918381690979
1790108052397738000,13.357738037109375,-1.1181753873825073,0.136280357837677,-0.9065408706665039
1790108052407682000,13.36768212890625,-1.0807081460952759,0.06417766213417053,-0.9661043286323547
1790108052417625900,13.3776259765625,-1.0107767581939697,-0.01615075208246708,-1.0024336576461792
1790108052427571000,13.387571044921875,-1.018541693687439,-0.17787759006023407,-1.0370302200317383
1790108052437515000,13.397514892578124,-1.0876308679580688,-0.3445398807525635,-1.0411553382873535
1790108052447459800,13.4074599609375,-1.1873422861099243,-0.48340800404548645,-1.0093002319335938
1790108052457404000,13.41740380859375,-1.2434861660003662,-0.5209091901779175,-0.9704201221466064
1790108052467348700,13.4273486328125,-1.246268391609192,-0.4571017026901245,-0.9584449529647827
1790108052477293000,13.43729296875,-1.2433584928512573,-0.3726734220981598,-1.0031253099441528
1790108052487238000,13.44723779296875,-1.2099426984786987,-0.24293938279151917,-1.0439046621322632
1790108052497182000,13.457181884765625,-1.1841174364089966,-0.17132438719272614,-1.011162281036377
1790108052507125800,13.467125732421875,-1.2319797277450562,-0.26853376626968384,-0.922477662563324
1790108052517071000,13.477071044921875,-1.2775115966796875,-0.28537508845329285,-0.8218416571617126
1790108052527015000,13.487014892578125,-1.3129122257232666,-0.18582212924957275,-0.6725269556045532
1790108052536960000,13.4969599609375,-1.3454939126968384,-0.04569645971059799,-0.534909725189209
1790108052546903800,13.50690380859375,-1.3507301807403564,0.0443362258374691,-0.4879720211029053
1790108052556849000,13.516848876953125,-1.2912448644638062,0.08289950340986252,-0.5399391055107117
1790108052566793000,13.52679296875,-1.2342063188552856,0.12121041119098663,-0.5677425265312195
1790108052576737800,13.53673779296875,-1.2205191850662231,0.13039453327655792,-0.5482980012893677
1790108052586681900,13.546681884765626,-1.2172613143920898,0.037378571927547455,-0.5637672543525696
1790108052596627000,13.556626953125,-1.1944067478179932,-0.13086387515068054,-0.6142374873161316
1790108052606571000,13.566571044921876,-1.1732453107833862,-0.25486624240875244,-0.6270512938499451
1790108052616514800,13.576514892578125,-1.1540262699127197,-0.17465530335903168,-0.5693721175193787
1790108052626460000,13.5864599609375,-1.1041573286056519,-0.1135844811797142,-0.5121442079544067
1790108052636403700,13.59640380859375,-1.0974969863891602,-0.03624475747346878,-0.4530976116657257
1790108052646349000,13.60634912109375,-1.0794093608856201,0.07938411086797714,-0.39264702796936035
1790108052656292900,13.61629296875,-1.0207008123397827,0.1500004678964615,-0.292585164308548
1790108052666238000,13.626238037109376,-0.9299008846282959,0.07171524316072464,-0.14501619338989258
1790108052676181800,13.636181640625,-0.8104245662689209,-0.02374027669429779,-0.004602157045155764
1790108052686126800,13.646126953125,-0.708365797996521,0.027366848662495613,0.09874793142080307
1790108052696071000,13.65607080078125,-0.6340916752815247,0.19741934537887573,0.1657182276248932
1790108052706015000,13.666014892578126,-0.5161301493644714,0.34029847383499146,0.2835356593132019
1790108052715959800,13.675959716796875,-0.4234621524810791,0.41444703936576843,0.40970054268836975
1790108052725904000,13.68590380859375,-0.31929394602775574,0.4606185257434845,0.498439222574234
1790108052735849000,13.695848876953125,-0.24096262454986572,0.4678860604763031,0.5499273538589478
1790108052745792800,13.705792724609376,-0.1461743265390396,0.5033442378044128,0.5899972319602966
1790108052755738000,13.715738037109375,-0.01791582815349102,0.5207204222679138,0.6294614672660828
1790108052765682000,13.725681884765624,0.1175362765789032,0.5992722511291504,0.6379694938659668
1790108052775627000,13.735626953125,0.23355606198310852,0.5834020972251892,0.6314741373062134
1790108052785570800,13.74557080078125,0.3611755669116974,0.5132842659950256,0.6189037561416626
1790108052795515000,13.755514892578125,0.5007092356681824,0.4804025888442993,0.6247918009757996
1790108052805460000,13.7654599609375,0.6370694637298584,0.507253110408783,0.6090748906135559
1790108052815404000,13.775404052734375,0.7514935731887817,0.5523679852485657,0.5738182663917542
1790108052825349000,13.78534912109375,0.8599550724029541,0.5927242040634155,0.5385457873344421
1790108052835293000,13.79529296875,0.9734654426574707,0.6467872262001038,0.5401310920715332
1790108052845238000,13.805238037109374,1.0876184701919556,0.7161391377449036,0.5067046880722046
1790108052855181800,13.815181884765625,1.1995890140533447,0.7635381817817688,0.4564051628112793
1790108052865127200,13.825127197265624,1.3015729188919067,0.7345150113105774,0.42029350996017456
1790108052875071000,13.835071044921875,1.423643708229065,0.717370331287384,0.4071958065032959
1790108052885015000,13.84501513671875,1.515851378440857,0.7495841979980469,0.4312787652015686
1790108052894959900,13.8549599609375,1.5829106569290161,0.7968968749046326,0.48060503602027893
1790108052904904200,13.864904296875,1.6129839420318604,0.8031681180000305,0.48394039273262024
1790108052914849000,13.87484912109375,1.6200904846191406,0.7242209315299988,0.4331754148006439
1790108052924793000,13.88479296875,1.6324043273925781,0.5717813372612,0.37286919355392456
1790108052934738000,13.894738037109375,1.6842247247695923,0.43788185715675354,0.3828308880329132
1790108052944682200,13.90468212890625,1.7447257041931152,0.38828447461128235,0.45986947417259216
1790108052954627000,13.914626953125,1.7932007312774658,0.30285072326660156,0.49853676557540894
1790108052964571000,13.92457080078125,1.8381623029708862,0.16286379098892212,0.5168601274490356
1790108052974516000,13.934515869140625,1.8953094482421875,0.03062550351023674,0.5853750109672546
1790108052984460000,13.9444599609375,1.9587703943252563,-0.09596998989582062,0.6530435085296631
1790108052994404000,13.954404052734375,2.031297206878662,-0.18538795411586761,0.7280170917510986
1790108053004349000,13.964348876953125,2.139137029647827,-0.19027219712734222,0.826019287109375
1790108053014293000,13.97429296875,2.1690337657928467,-0.2192128449678421,0.8916150331497192
1790108053024238000,13.984238037109375,2.2040257453918457,-0.4376674294471741,0.8527933359146118
1790108053034182100,13.99418212890625,2.2389118671417236,-0.6220982670783997,0.7880253791809082
1790108053044127000,14.004126953125,2.150503158569336,-0.904944896697998,0.6618978381156921
1790108053054071000,14.014071044921875,2.0396029949188232,-1.1467928886413574,0.5942392945289612
1790108053064016100,14.02401611328125,1.9375734329223633,-1.3070456981658936,0.582522451877594
1790108053073960200,14.033960205078126,1.8048585653305054,-1.3014509677886963,0.6112104058265686
1790108053083905000,14.043905029296875,1.593745470046997,-1.3495042324066162,0.6471015810966492
1790108053093848800,14.053848876953126,1.3935201168060303,-1.3359187841415405,0.7461611032485962
1790108053103793200,14.063793212890625,1.261285662651062,-1.052537441253662,0.9653229713439941
1790108053113738000,14.073738037109376,1.166558027267456,-0.8289104104042053,1.178997278213501
1790108053123682000,14.08368212890625,1.0539544820785522,-0.8593077063560486,1.2149081230163574
1790108053133627000,14.093626953125,0.9206198453903198,-0.9410223960876465,1.02903151512146
1790108053143571200,14.1035712890625,0.8258762955665588,-0.9644086360931396,0.7668782472610474
1790108053153516000,14.11351611328125,0.7872424721717834,-0.9224487543106079,0.6155015826225281
1790108053163460000,14.123460205078125,0.7638082504272461,-0.7397891879081726,0.5982669591903687
1790108053173405000,14.133405029296876,0.7608484029769897,-0.45189169049263,0.6398559212684631
1790108053183349200,14.143349365234375,0.7697439193725586,-0.1246619001030922,0.665277898311615
1790108053193294000,14.153294189453124,0.6933690905570984,0.009703591465950012,0.5306282043457031
1790108053203238000,14.16323779296875,0.5787191987037659,-0.060085080564022064,0.27598631381988525
1790108053213182000,14.173181884765626,0.5177612900733948,0.0870179608464241,0.11438216269016266
1790108053223127000,14.183126953125,0.4525732696056366,0.28956225514411926,0.04578472673892975
1790108053233071000,14.193071044921876,0.3454444110393524,0.37899214029312134,-0.023516517132520676
1790108053243016000,14.203015869140625,0.17664393782615662,0.4409774839878082,-0.11450528353452682
1790108053252960000,14.2129599609375,0.015372596681118011,0.6213697791099548,-0.19806240499019623
1790108053262905000,14.222905029296875,-0.1655348688364029,0.754134476184845,-0.3185398280620575
1790108053272849200,14.23284912109375,-0.353119820356369,0.776515543460846,-0.4515684247016907
1790108053282794000,14.2427939453125,-0.5085371136665344,0.6842447519302368,-0.5504060387611389
1790108053292738000,14.252738037109374,-0.5777878165245056,0.7250902056694031,-0.5098086595535278
1790108053302681900,14.262681884765625,-0.6315456032752991,0.6822811961174011,-0.4880248010158539
1790108053312627200,14.272627197265624,-0.709978461265564,0.5386053919792175,-0.5291551351547241
1790108053322571000,14.282571044921875,-0.756379246711731,0.4900900721549988,-0.5299817323684692
1790108053332515800,14.292515869140624,-0.8051015138626099,0.5427659153938293,-0.489810049533844
1790108053342460000,14.3024599609375,-0.8310468196868896,0.6308313608169556,-0.43960893154144287
1790108053352405000,14.312405029296874,-0.8444380164146423,0.6028679013252258,-0.4314051866531372
1790108053362349000,14.32234912109375,-0.8256781697273254,0.5933414697647095,-0.40963223576545715
1790108053372294000,14.3322939453125,-0.8135120272636414,0.4330134987831116,-0.4517572522163391
1790108053382238000,14.342238037109375,-0.8330652117729187,0.18516214191913605,-0.5391872525215149
1790108053392182000,14.35218212890625,-0.8591054677963257,0.012622137553989887,-0.6271806955337524
1790108053402127000,14.362127197265625,-0.8733504414558411,-0.04918557032942772,-0.6869350671768188
1790108053412071000,14.37207080078125,-0.8738712072372437,0.03564274311065674,-0.667522132396698
1790108053422016300,14.382016357421875,-0.8408240079879761,0.16708092391490936,-0.5824077725410461
1790108053431960000,14.3919599609375,-0.8053405284881592,0.22633492946624756,-0.47660690546035767
1790108053441905000,14.40190478515625,-0.7469528913497925,0.2635960280895233,-0.36010295152664185
1790108053451849000,14.411848876953124,-0.6668981313705444,0.23697221279144287,-0.238337442278862
1790108053461794000,14.4217939453125,-0.5593562126159668,0.19632118940353394,-0.1443483680486679
1790108053471738000,14.431738037109374,-0.4531819522380829,0.19893313944339752,-0.10804858803749084
1790108053481683000,14.441682861328125,-0.3949633836746216,0.22843323647975922,-0.08596538752317429
1790108053491627000,14.451626953125,-0.42292287945747375,0.2775971591472626,-0.05243027210235596
1790108053501570800,14.46157080078125,-0.5257102251052856,0.38829171657562256,-0.03805452957749367
1790108053511516200,14.47151611328125,-0.6578067541122437,0.5572834014892578,-0.014336553402245045
1790108053521460000,14.4814599609375,-0.8055920004844666,0.6510551571846008,-0.03094695508480072
1790108053531405000,14.491405029296875,-1.0105071067810059,0.6731346249580383,-0.041261397302150726
1790108053541348900,14.501348876953125,-1.119895100593567,0.7517545819282532,-0.05334069952368736
1790108053551294200,14.511294189453125,-1.1814199686050415,0.8034884333610535,-0.028193369507789612
1790108053561238000,14.521238037109375,-1.2648365497589111,0.7706074118614197,-0.009344048798084259
1790108053571182800,14.531182861328125,-1.3930435180664062,0.7963330149650574,-0.042841024696826935
1790108053581127000,14.541126953125,-1.4305720329284668,0.7855308651924133,-0.14716097712516785
1790108053591072000,14.551072021484375,-1.3563392162322998,0.790092945098877,-0.23046071827411652
1790108053601016000,14.56101611328125,-1.2942862510681152,0.6061257719993591,-0.306736558675766
1790108053610960100,14.570960205078125,-1.3083308935165405,0.3485789895057678,-0.3996426463127136
1790108053620905000,14.580905029296876,-1.3389679193496704,0.2058628648519516,-0.5139822959899902
1790108053630849000,14.59084912109375,-1.3643803596496582,0.10422008484601974,-0.6598649024963379
1790108053640794000,14.600794189453126,-1.367526650428772,0.06395228952169418,-0.8133748769760132
1790108053650738000,14.610738037109375,-1.3640648126602173,0.07784557342529297,-0.9240684509277344
1790108053660683000,14.62068310546875,-1.3809062242507935,0.042144834995269775,-0.9705702066421509
1790108053670627000,14.630626953125,-1.4012545347213745,-0.06647922098636627,-0.9807116389274597
1790108053680572200,14.640572265625,-1.422823190689087,-0.2439836859703064,-1.0216058492660522
1790108053690516000,14.650515869140625,-1.4510782957077026,-0.3711164593696594,-1.0703096389770508
1790108053700460000,14.6604599609375,-1.453890085220337,-0.4468328058719635,-1.1370881795883179
1790108053710405000,14.670405029296875,-1.4259231090545654,-0.5022329092025757,-1.245656132698059
1790108053720349200,14.68034912109375,-1.3685234785079956,-0.5484887957572937,-1.3500698804855347
1790108053730294000,14.6902939453125,-1.2978345155715942,-0.6159119009971619,-1.4216697216033936
1790108053740237800,14.70023779296875,-1.2453473806381226,-0.6266074180603027,-1.4531222581863403
1790108053750183200,14.71018310546875,-1.2205069065093994,-0.6416367292404175,-1.4719796180725098
1790108053760127000,14.720126953125,-1.1511765718460083,-0.6752370595932007,-1.49724280834198
1790108053770072000,14.730072021484375,-1.0269941091537476,-0.7420089840888977,-1.5590167045593262
1790108053780015900,14.740015869140626,-0.8984268307685852,-0.7782652974128723,-1.609748125076294
1790108053789961200,14.749961181640625,-0.7997844219207764,-0.7059066295623779,-1.6327145099639893
1790108053799905000,14.759905029296876,-0.7072864174842834,-0.5868201851844788,-1.6217318773269653
1790108053809849300,14.769849365234375,-0.5809437036514282,-0.4446280300617218,-1.565520167350769
1790108053819794200,14.779794189453124,-0.44672176241874695,-0.32158517837524414,-1.503280520439148
1790108053829738200,14.78973828125,-0.32854199409484863,-0.2699050307273865,-1.444259524345398
1790108053839683000,14.79968310546875,-0.22918374836444855,-0.2538565397262573,-1.3596508502960205
1790108053849627100,14.809627197265625,-0.16445524990558624,-0.24172021448612213,-1.2251325845718384
1790108053859572200,14.819572265625,-0.07958856225013733,-0.18879789113998413,-1.078689694404602
1790108053869516000,14.82951611328125,0.002631006296724081,-0.03281329572200775,-0.8231484889984131
1790108053879461000,14.839461181640624,0.07523223757743835,0.04763200879096985,-0.4726325571537018
1790108053889405200,14.8494052734375,0.12386152893304825,0.07576002180576324,-0.15376895666122437
1790108053899349200,14.859349365234374,0.20920386910438538,0.0923355370759964,0.004055285360664129
1790108053909294000,14.869294189453125,0.3130301535129547,0.09934713691473007,0.025591611862182617
1790108053919238100,14.879238037109374,0.4273870885372162,0.20343279838562012,0.07437672466039658
1790108053929183200,14.889183349609375,0.5009674429893494,0.22989505529403687,0.26958340406417847
1790108053939127300,14.899127197265624,0.5688258409500122,0.19547982513904572,0.48504167795181274
1790108053949072100,14.909072021484375,0.6398538947105408,0.03262699767947197,0.5849899053573608
1790108053959016200,14.91901611328125,0.7074486613273621,-0.1180591806769371,0.6096010208129883
1790108053968961300,14.928961181640625,0.8161203265190125,0.14309120178222656,0.6993422508239746
1790108053978905000,14.938905029296874,0.9077826142311096,0.5834837555885315,1.0075091123580933
1790108053988850200,14.94885009765625,0.8394669890403748,0.7477082014083862,1.4361258745193481
1790108053998794000,14.9587939453125,0.901380717754364,0.800631582736969,1.6713900566101074
1790108054008739300,14.9687392578125,1.0450972318649292,0.5849162936210632,1.5961494445800781
1790108054018683100,14.97868310546875,1.1575087308883667,0.2565825879573822,1.4002289772033691
1790108054028627200,14.988627197265625,1.2303789854049683,0.16246357560157776,1.354764699935913
1790108054038572000,14.998572021484375,1.2990553379058838,0.39971262216567993,1.5559632778167725
1790108054048516000,15.00851611328125,1.315673589706421,0.719699501991272,1.7639528512954712
1790108054058461200,15.018461181640625,1.347482442855835,0.6331286430358887,1.7242693901062012
1790108054068405200,15.0284052734375,1.4357415437698364,0.35004547238349915,1.5975099802017212
1790108054078350000,15.03835009765625,1.5784001350402832,0.1628604233264923,1.5555777549743652
1790108054088294100,15.048294189453125,1.7126564979553223,0.156609907746315,1.5694540739059448
1790108054098239200,15.0582392578125,1.788129448890686,0.20169882476329803,1.47111976146698
1790108054108183000,15.06818310546875,1.7571038007736206,0.0796871930360794,1.2952849864959717
1790108054118127000,15.078127197265625,1.7205675840377808,-0.03516029939055443,1.1338167190551758
1790108054128072200,15.088072265625,1.7509526014328003,-0.05024196207523346,1.0355830192565918
1790108054138016300,15.098016357421875,1.8204134702682495,-0.09659694135189056,0.9388202428817749
1790108054147961000,15.107961181640626,1.9152774810791016,-0.35988378524780273,0.7667645812034607
1790108054157905200,15.1179052734375,1.9034205675125122,-0.7841993570327759,0.49474766850471497
1790108054167850200,15.127850341796876,1.7942904233932495,-1.0410736799240112,0.2059866189956665
1790108054177794300,15.137794189453125,1.6998405456542969,-1.0650871992111206,0.03523325175046921
1790108054187739100,15.1477392578125,1.632029414176941,-1.0162171125411987,0.0019965562969446182
1790108054197683200,15.15768310546875,1.6152293682098389,-1.1061891317367554,0.024653133004903793
1790108054207628300,15.167628173828126,1.6145702600479126,-1.2351901531219482,0.08191806077957153
1790108054217572000,15.177572021484375,1.5928410291671753,-1.2420986890792847,0.16982102394104004
1790108054227516200,15.18751611328125,1.5588515996932983,-1.014096736907959,0.29153841733932495
1790108054237461000,15.1974609375,1.5670973062515259,-0.7002388834953308,0.45952796936035156
1790108054247405000,15.207405029296876,1.5912798643112183,-0.44665613770484924,0.6769253611564636
1790108054257350100,15.21735009765625,1.5982294082641602,-0.3178376853466034,0.751010537147522
1790108054267294200,15.227294189453126,1.4955600500106812,-0.5252515077590942,0.4632893204689026
1790108054277239000,15.237239013671875,1.2967609167099,-0.5681300163269043,0.17030031979084015
1790108054287183000,15.24718310546875,1.0770995616912842,-0.24552412331104279,0.17932796478271484
1790108054297128200,15.257128173828125,0.976479172706604,-0.011761966161429882,0.33991923928260803
1790108054307072300,15.267072265625,0.8814433813095093,-0.12547184526920319,0.43218523263931274
1790108054317017000,15.27701708984375,0.7646717429161072,-0.303928941488266,0.4984867572784424
1790108054326961200,15.286961181640624,0.7040138840675354,-0.1676555722951889,0.519786536693573
1790108054336905200,15.2969052734375,0.7377079129219055,0.2035028040409088,0.4802974462509155
1790108054346850000,15.30685009765625,0.6695980429649353,0.3639008700847626,0.41374126076698303
1790108054356794000,15.316794189453125,0.47102588415145874,0.31952008605003357,0.38651043176651
1790108054366739200,15.3267392578125,0.32950660586357117,0.45671364665031433,0.44908422231674194
1790108054376683300,15.336683349609375,0.15864139795303345,0.22345055639743805,0.2776466906070709
1790108054386628000,15.346628173828124,0.026421451941132545,0.2049613744020462,0.1142004132270813
1790108054396572200,15.356572265625,-0.05027279257774353,0.3257429003715515,0.020432639867067337
1790108054406517200,15.366517333984374,-0.1957203447818756,0.364227831363678,-0.04879152402281761
1790108054416461300,15.37646142578125,-0.3380564749240875,0.31258463859558105,-0.08439852297306061
1790108054426406100,15.38640625,-0.49252837896347046,-0.1416674554347992,-0.2562892436981201
1790108054436350200,15.39635009765625,-0.5765904784202576,-0.22686943411827087,-0.32178518176078796
1790108054446294000,15.4062939453125,-0.6455343961715698,-0.08793924748897552,-0.3595827519893646
1790108054456239000,15.416239013671875,-0.6998205184936523,0.212144136428833,-0.3145209848880768
1790108054466183200,15.42618310546875,-0.7706694006919861,0.33264967799186707,-0.3118346035480499
1790108054476128000,15.4361279296875,-0.8768653273582458,0.23787923157215118,-0.4027099013328552
1790108054486072000,15.446072021484374,-0.9016402363777161,0.42863929271698,-0.39326292276382446
1790108054496017200,15.45601708984375,-0.9027760624885559,0.6381562948226929,-0.4033688008785248
1790108054505961200,15.465961181640624,-0.9604060649871826,0.5989866852760315,-0.5227604508399963
1790108054515906000,15.475906005859375,-0.9675276279449463,0.6442849040031433,-0.5337539911270142
1790108054525850000,15.48585009765625,-0.9392759799957275,0.6904142498970032,-0.47268447279930115
1790108054535794200,15.495794189453125,-0.8701805472373962,0.787196159362793,-0.38486406207084656
1790108054545739300,15.5057392578125,-0.8751571774482727,0.5349639654159546,-0.5250406861305237
1790108054555683000,15.51568310546875,-0.8722538352012634,0.3186172842979431,-0.6860253214836121
1790108054565628200,15.525628173828125,-0.7771098017692566,0.3794156610965729,-0.7086277008056641
1790108054575572200,15.535572265625,-0.663279116153717,0.4272255301475525,-0.6682257056236267
1790108054585517000,15.54551708984375,-0.6103596091270447,0.32466667890548706,-0.6375905871391296
1790108054595461000,15.555461181640625,-0.643281877040863,-0.005334657616913319,-0.7088863253593445
1790108054605406000,15.565406005859375,-0.7443367838859558,-0.16868647933006287,-0.7562192678451538
1790108054615350300,15.575350341796875,-0.784002423286438,0.11917567253112793,-0.675356924533844
1790108054625295000,15.585295166015625,-0.8851053714752197,0.3603508174419403,-0.6468273401260376
1790108054635239200,15.5952392578125,-1.0668411254882812,0.40023618936538696,-0.6535893678665161
1790108054645183000,15.605182861328124,-1.2447270154953003,0.32416966557502747,-0.6497136950492859
1790108054655128300,15.61512841796875,-1.346386432647705,0.3146320879459381,-0.6392093896865845
1790108054665072000,15.625072021484375,-1.3343369960784912,0.3732435405254364,-0.667805016040802
1790108054675017200,15.635017333984376,-1.3016091585159302,0.3783067464828491,-0.7662333250045776
1790108054684961000,15.6449609375,-1.2959346771240234,0.3867247700691223,-0.8774329423904419
1790108054694906000,15.654906005859376,-1.2742286920547485,0.3949054777622223,-0.9239770174026489
1790108054704850200,15.66485009765625,-1.2319881916046143,0.4798687994480133,-0.8538311123847961
1790108054714795000,15.674794921875,-1.2137351036071777,0.41453826427459717,-0.8299548029899597
1790108054724739000,15.684739013671875,-1.2106115818023682,0.2372119426727295,-0.8749275803565979
1790108054734684200,15.69468408203125,-1.193060278892517,0.09246887266635895,-0.9308744668960571
1790108054744628200,15.704628173828125,-1.1642416715621948,0.0979335606098175,-0.9633278250694275
1790108054754572000,15.714572021484376,-1.1612640619277954,0.12281759828329086,-0.9708269834518433
1790108054764517000,15.72451708984375,-1.178723931312561,0.1611611545085907,-0.9241607785224915
1790108054774461200,15.734461181640626,-1.2215834856033325,0.11422640085220337,-0.8934792876243591
1790108054784406300,15.74440625,-1.264943242073059,0.05652393400669098,-0.9096862077713013
1790108054794350000,15.75435009765625,-1.3109227418899536,-0.02385426126420498,-0.9294425845146179
1790108054804295200,15.764295166015625,-1.327243447303772,-0.1454707235097885,-0.932309627532959
1790108054814238500,15.774238525390626,-1.3213807344436646,-0.2734542489051819,-0.9408618211746216
1790108054824183800,15.784183837890625,-1.2926818132400513,-0.3589632213115692,-0.9342336058616638
1790108054834127600,15.794127685546876,-1.2610423564910889,-0.42263808846473694,-0.9517897367477417
1790108054844071700,15.80407177734375,-1.2129325866699219,-0.40206456184387207,-0.9498435854911804
1790108054854016500,15.8140166015625,-1.1972836256027222,-0.3341059684753418,-0.9153098464012146
1790108054863960800,15.8239609375,-1.222966194152832,-0.28210121393203735,-0.8861538171768188
1790108054873905700,15.83390576171875,-1.2359224557876587,-0.28265541791915894,-0.8838837742805481
1790108054883849700,15.843849609375,-1.2494369745254517,-0.3699466586112976,-0.8904193043708801
1790108054893794600,15.853794677734374,-1.2563931941986084,-0.4947972595691681,-0.8740150332450867
1790108054903738600,15.863738525390625,-1.2433208227157593,-0.548336386680603,-0.8415864109992981
1790108054913683700,15.87368359375,-1.1862162351608276,-0.6179662942886353,-0.8272676467895508
1790108054923627500,15.88362744140625,-1.0743845701217651,-0.6033642888069153,-0.7622078657150269
1790108054933572900,15.89357275390625,-0.9768497347831726,-0.48214781284332275,-0.6213207840919495
1790108054943516700,15.9035166015625,-0.946362316608429,-0.3410243093967438,-0.4965413212776184
1790108054953461800,15.913461669921874,-0.9351120591163635,-0.22783225774765015,-0.3961460292339325
1790108054963405600,15.923405517578125,-0.8953180909156799,-0.10735765099525452,-0.273815780878067
1790108054973349600,15.933349609375,-0.8321452140808105,-0.033523112535476685,-0.11934178322553635
1790108054983294700,15.943294677734375,-0.699609100818634,-0.027386557310819626,0.050704434514045715
1790108054993238800,15.95323876953125,-0.5601300597190857,0.022524546831846237,0.21591389179229736
1790108055003183600,15.96318359375,-0.4608810245990753,0.09000954777002335,0.34421858191490173
1790108055013127700,15.973127685546874,-0.3687516152858734,0.20941662788391113,0.4761925935745239
1790108055023072800,15.98307275390625,-0.23141932487487793,0.39883387088775635,0.6318684220314026
1790108055033016600,15.9930166015625,-0.12274156510829926,0.5677595138549805,0.7697852849960327
1790108055042961700,16.002961669921874,-0.06841868162155151,0.6275765895843506,0.8753365278244019
1790108055052905500,16.012905517578126,-0.010063230991363525,0.5669981837272644,0.9310383796691895
1790108055062850800,16.022850830078124,0.09567687660455704,0.48008450865745544,0.9452741742134094
1790108055072794600,16.032794677734376,0.23411118984222412,0.3990405201911926,0.9582986235618591
1790108055082738700,16.04273876953125,0.3691929280757904,0.3555174767971039,0.985522985458374
1790108055092683500,16.05268359375,0.5059175491333008,0.3131255507469177,0.9916208386421204
1790108055102627800,16.0626279296875,0.6446850299835205,0.24990667402744293,0.9958977699279785
1790108055112572700,16.07257275390625,0.7715705633163452,0.22166839241981506,1.0042502880096436
1790108055122516700,16.082516845703125,0.8735647201538086,0.2835215926170349,1.00523042678833
1790108055132461600,16.092461669921875,0.9533522129058838,0.35192355513572693,1.025093913078308
1790108055142405600,16.102405517578124,1.0303620100021362,0.4121245741844177,1.0695643424987793
1790108055152350700,16.112350830078125,1.1058858633041382,0.4696906507015228,1.1125560998916626
1790108055162294500,16.12229443359375,1.1693305969238281,0.49918997287750244,1.1370775699615479
1790108055172238600,16.132238525390626,1.2363637685775757,0.5262706279754639,1.1622364521026611
1790108055182183700,16.14218359375,1.3434984683990479,0.619822084903717,1.2192376852035522
1790108055192127700,16.152127685546876,1.463857650756836,0.7389287948608398,1.2773635387420654
1790108055202072600,16.162072509765625,1.571514368057251,0.7400456666946411,1.2869383096694946
1790108055212016600,16.1720166015625,1.6773988008499146,0.6241182684898376,1.2512450218200684
1790108055221961700,16.181961669921876,1.735894799232483,0.5269875526428223,1.2020529508590698
1790108055231905800,16.19190576171875,1.7496798038482666,0.4121171534061432,1.1457499265670776
1790108055241850600,16.2018505859375,1.78318452835083,0.28056222200393677,1.0686352252960205
1790108055251794700,16.211794677734375,1.8691625595092773,0.09754366427659988,0.9637619853019714
1790108055261739800,16.22173974609375,2.0185294151306152,-0.10934299230575562,0.8605124354362488
1790108055271683600,16.23168359375,2.1538186073303223,-0.29603081941604614,0.8276849985122681
1790108055281627600,16.241627685546874,2.238504409790039,-0.3940218985080719,0.8237078189849854
1790108055291572500,16.251572509765627,2.2809410095214844,-0.3728492558002472,0.8334523439407349
1790108055301516800,16.261516845703124,2.241405487060547,-0.48088696599006653,0.732086718082428
1790108055311461600,16.271461669921877,2.10422420501709,-0.7129093408584595,0.5489107370376587
1790108055321405700,16.28140576171875,1.9377806186676025,-0.8833460807800293,0.3227154016494751
1790108055331350500,16.2913505859375,1.8811076879501343,-1.040864109992981,0.11100819706916809
1790108055341294800,16.301294921875,1.9278942346572876,-1.2099870443344116,-0.009540723636746407
1790108055351239700,16.31123974609375,1.942468285560608,-1.3629562854766846,0.010799169540405273
1790108055361183700,16.321183837890626,1.88236665725708,-1.41913640499115,0.15779389441013336
1790108055371128600,16.331128662109375,1.7544492483139038,-1.411816120147705,0.3749326169490814
1790108055381072600,16.34107275390625,1.7037285566329956,-1.4886070489883423,0.4613323509693146
1790108055391016700,16.3510166015625,1.698750615119934,-1.2502003908157349,0.5436487793922424
1790108055400961500,16.36096142578125,1.6339712142944336,-0.5597987174987793,0.6983546018600464
1790108055410905600,16.370905517578127,1.518802285194397,0.23507362604141235,0.8926417827606201
1790108055420850700,16.3808505859375,1.3267828226089478,0.2628868818283081,0.9274136424064636
1790108055430794800,16.390794677734377,1.0985853672027588,-0.25993528962135315,0.7469189763069153
1790108055440739600,16.400739501953126,1.0163443088531494,-0.1959303468465805,0.5642362833023071
1790108055450683600,16.41068359375,0.9145593643188477,0.12997399270534515,0.4673563539981842
1790108055460628700,16.420628662109376,0.7964245080947876,0.5027763247489929,0.4431755244731903
1790108055470572800,16.43057275390625,0.6563568711280823,0.484164297580719,0.3204171061515808
1790108055480517600,16.440517578125,0.6207402944564819,0.049290210008621216,0.10963159054517746
1790108055490461700,16.450461669921875,0.6742139458656311,-0.07399897277355194,0.12007997184991837
1790108055500405500,16.460405517578124,0.5565283298492432,-0.05882623791694641,0.0850091427564621
1790108055510350600,16.4703505859375,0.2894652187824249,-0.2002347707748413,-0.17384637892246246
1790108055520294700,16.480294677734374,-0.004553156904876232,0.15352950990200043,-0.11973157525062561
1790108055530239500,16.490239501953123,-0.17382819950580597,0.4060474932193756,0.003577848896384239
1790108055540183600,16.50018359375,-0.31745660305023193,0.3103981614112854,-0.004244951065629721
1790108055550128600,16.510128662109373,-0.46900856494903564,0.2654959559440613,-0.07962386310100555
1790108055560072700,16.52007275390625,-0.5398975014686584,0.32382044196128845,-0.17105181515216827
1790108055570017500,16.530017578125,-0.5600168704986572,0.4716455936431885,-0.19004414975643158
1790108055579961600,16.539961669921876,-0.5786106586456299,0.27089551091194153,-0.3120341897010803
1790108055589906700,16.54990673828125,-0.5363668203353882,0.043492451310157776,-0.40743154287338257
1790108055599850800,16.559850830078126,-0.48113831877708435,0.028959400951862335,-0.42813199758529663
1790108055609794600,16.569794677734375,-0.4781947433948517,0.08678940683603287,-0.48163729906082153
1790108055619739600,16.57973974609375,-0.5566504597663879,0.11686151474714279,-0.5886000990867615
1790108055629683700,16.58968359375,-0.6671287417411804,0.1409686952829361,-0.6693754196166992
1790108055639628500,16.599628662109374,-0.7568551898002625,0.22544163465499878,-0.6734156012535095
1790108055649572600,16.609572509765623,-0.776165783405304,0.4603087306022644,-0.5200090408325195
1790108055659517700,16.619517578125,-0.7721797823905945,0.5187631249427795,-0.38335350155830383
1790108055669461800,16.629461669921874,-0.8222203254699707,0.23950806260108948,-0.3834751844406128
1790108055679406600,16.639406494140626,-0.8783149123191833,-0.11447673290967941,-0.44720667600631714
1790108055689350700,16.6493505859375,-0.8557379841804504,-0.20010721683502197,-0.4287107586860657
1790108055699295700,16.659295654296876,-0.7195199131965637,0.13531291484832764,-0.27470239996910095
1790108055709239800,16.66923974609375,-0.6203935742378235,0.25273221731185913,-0.259076327085495
1790108055719183600,16.67918359375,-0.6721693277359009,0.04982150346040726,-0.3770569860935211
1790108055729128700,16.689128662109376,-0.7506337761878967,-0.04164343327283859,-0.4257563352584839
1790108055739072500,16.699072509765625,-0.7943659424781799,0.1215791180729866,-0.3809064030647278
1790108055749017600,16.709017578125,-0.8506622314453125,0.38422298431396484,-0.33526408672332764
1790108055758961700,16.718961669921875,-0.9499942660331726,0.4631522297859192,-0.4233029782772064
1790108055768906500,16.728906494140624,-1.0734925270080566,0.48351502418518066,-0.4616956412792206
1790108055778850600,16.7388505859375,-1.1993765830993652,0.5333700776100159,-0.37094926834106445
1790108055788795600,16.748795654296874,-1.261845350265503,0.5863520503044128,-0.306277334690094
1790108055798739700,16.75873974609375,-1.2429031133651733,0.5334184169769287,-0.3665054440498352
1790108055808684500,16.7686845703125,-1.2329567670822144,0.4757836163043976,-0.45196548104286194
1790108055818628900,16.77862890625,-1.2817671298980713,0.4622126817703247,-0.4779403805732727
1790108055828572700,16.78857275390625,-1.3305455446243286,0.4938395619392395,-0.5187522768974304
1790108055838517800,16.798517822265627,-1.3758832216262817,0.4178820848464966,-0.5967293977737427
1790108055848461800,16.8084619140625,-1.4218621253967285,0.2761577069759369,-0.6467622518539429
1790108055858406700,16.81840673828125,-1.4399349689483643,0.16688229143619537,-0.6831841468811035
1790108055868350700,16.828350830078126,-1.4486334323883057,0.04970639944076538,-0.712368905544281
1790108055878295600,16.838295654296875,-1.442700982093811,0.00044233538210392,-0.7371196150779724
1790108055888239900,16.848239990234376,-1.4194347858428955,0.015949122607707977,-0.7683920860290527
1790108055898184700,16.858184814453125,-1.414101004600525,0.09053842723369598,-0.788179874420166
1790108055908128800,16.868128662109374,-1.399662971496582,0.14424960315227509,-0.7574526071548462
1790108055918073900,16.878073974609375,-1.4076834917068481,0.12713681161403656,-0.7004053592681885
1790108055928018000,16.888017822265624,-1.4192845821380615,0.052488673478364944,-0.6830761432647705
1790108055937961700,16.897961669921877,-1.4352171421051025,-0.08399500697851181,-0.7374254465103149
1790108055947906800,16.90790673828125,-1.426499605178833,-0.2566134035587311,-0.8233597874641418
1790108055957850600,16.9178505859375,-1.3702081441879272,-0.35430508852005005,-0.8634684681892395
1790108055967796000,16.9277958984375,-1.3015286922454834,-0.4268946051597595,-0.8715195059776306
1790108055977739800,16.93773974609375,-1.249630331993103,-0.4989068806171417,-0.90201735496521
1790108055987684600,16.9476845703125,-1.2265548706054688,-0.5120740532875061,-0.9613075852394104
1790108055997628700,16.957628662109375,-1.1854392290115356,-0.46538305282592773,-0.9809472560882568
1790108056007573800,16.96757373046875,-1.1482762098312378,-0.4403061866760254,-0.9389510750770569
1790108056017517800,16.977517822265625,-1.1400997638702393,-0.506061851978302,-0.8477256298065186
1790108056027462700,16.987462646484374,-1.1395468711853027,-0.5326340794563293,-0.7307790517807007
1790108056037406700,16.99740673828125,-1.1585173606872559,-0.464375764131546,-0.6368100047111511
1790108056047350800,17.007350830078124,-1.199903964996338,-0.36272183060646057,-0.5932484269142151
1790108056057296000,17.0172958984375,-1.2298694849014282,-0.2815912365913391,-0.5923095941543579
1790108056067239700,17.02723974609375,-1.2200474739074707,-0.3291049599647522,-0.6025582551956177
1790108056077184800,17.037184814453123,-1.1647483110427856,-0.5075753331184387,-0.5884456038475037
1790108056087128800,17.04712890625,-1.1021097898483276,-0.6327396631240845,-0.5412338972091675
1790108056097074000,17.057073974609374,-1.0564075708389282,-0.5757917165756226,-0.4420262575149536
1790108056107017700,17.067017822265626,-0.997715413570404,-0.4798838496208191,-0.2626942992210388
1790108056116962600,17.076962646484375,-0.9019026160240173,-0.44064563512802124,0.008629074320197105
1790108056126907000,17.086906982421876,-0.8356429934501648,-0.31179478764533997,0.262144535779953
1790108056136851700,17.096851806640625,-0.7677286863327026,-0.14626958966255188,0.35223454236984253
1790108056146795800,17.106795654296874,-0.5948599576950073,-0.05973229557275772,0.37266817688941956
1790108056156739600,17.116739501953123,-0.4361390173435211,-0.05208875983953476,0.40808477997779846
1790108056166685000,17.126684814453125,-0.3334546983242035,-0.06122127175331116,0.4732203781604767
1790108056176628700,17.136628662109374,-0.24815864861011505,-0.04891491308808327,0.5682960748672485
1790108056186573800,17.14657373046875,-0.14518699049949646,0.045144740492105484,0.6570568680763245
1790108056196517600,17.156517578125,-0.015065504238009453,0.17005281150341034,0.748887300491333
1790108056206463000,17.166462890625,0.11731010675430298,0.2970674932003021,0.8935536742210388
1790108056216406800,17.17640673828125,0.2366511970758438,0.3787078857421875,1.0424004793167114
1790108056226351600,17.1863515625,0.35981282591819763,0.466231107711792,1.1241244077682495
1790108056236295700,17.196295654296875,0.46680647134780884,0.547938883304596,1.117497205734253
1790108056246240800,17.20624072265625,0.5518395900726318,0.5739606618881226,1.0713142156600952
1790108056256184800,17.216184814453126,0.6606870889663696,0.5649164319038391,1.0408375263214111
1790108056266129000,17.22612890625,0.7956438660621643,0.5758670568466187,1.0135647058486938
1790108056276073700,17.23607373046875,0.9321001172065735,0.5969046354293823,1.0097408294677734
1790108056286017800,17.246017822265625,1.0573581457138062,0.6570691466331482,1.0187822580337524
1790108056295963000,17.255962890625,1.157028079032898,0.6787420511245728,1.0503695011138916
1790108056305906700,17.26590673828125,1.254388689994812,0.6884450316429138,1.0752471685409546
1790108056315851800,17.275851806640624,1.3690980672836304,0.674370527267456,1.0598547458648682
1790108056325795800,17.2857958984375,1.5142273902893066,0.6319407820701599,0.9912678003311157
1790108056335741000,17.295740966796874,1.6259801387786865,0.5429983139038086,0.8936098217964172
1790108056345684700,17.305684814453127,1.6909807920455933,0.4365501403808594,0.8023512959480286
1790108056355629600,17.315629638671876,1.7221442461013794,0.3520423173904419,0.751797616481781
1790108056365574000,17.325573974609377,1.7438870668411255,0.2866920828819275,0.7220077514648438
1790108056375518000,17.33551806640625,1.775059461593628,0.17829017341136932,0.6525086760520935
1790108056385462800,17.345462890625,1.824586272239685,0.04937320202589035,0.5453377366065979
1790108056395406800,17.35540673828125,1.9143767356872559,-0.03543592244386673,0.4745900630950928
1790108056405352000,17.36535205078125,2.0242254734039307,-0.09460071474313736,0.4718424677848816
1790108056415295700,17.375295654296874,2.117413282394409,-0.21042336523532867,0.492974191904068
1790108056425240800,17.38524072265625,2.1931610107421875,-0.29051926732063293,0.517148494720459
1790108056435184600,17.3951845703125,2.2504119873046875,-0.4053565263748169,0.44137150049209595
1790108056445130000,17.4051298828125,2.221416473388672,-0.5861782431602478,0.29626837372779846
1790108056455073800,17.41507373046875,2.1925039291381836,-0.8742727637290955,0.12953457236289978
1790108056465018600,17.4250185546875,2.1681857109069824,-1.1591306924819946,0.007840900681912899
1790108056474962700,17.434962646484376,2.134626626968384,-1.276484727859497,-0.032492879778146744
1790108056484906800,17.44490673828125,2.0902633666992188,-1.3525789976119995,-0.019491061568260193
1790108056494851800,17.454851806640626,2.0280067920684814,-1.3442792892456055,0.13485442101955414
1790108056504796000,17.4647958984375,1.8628238439559937,-1.3076972961425781,0.38392335176467896
1790108056514740700,17.47474072265625,1.6968109607696533,-1.2366832494735718,0.6833045482635498
1790108056524684500,17.4846845703125,1.5987110137939453,-1.006258487701416,1.0559524297714233
1790108056534630000,17.4946298828125,1.5874476432800293,-0.6439635753631592,1.3782546520233154
1790108056544573700,17.50457373046875,1.5636578798294067,-0.4232701063156128,1.4817626476287842
1790108056554518800,17.514518798828124,1.4071176052093506,-0.4689103662967682,1.2794002294540405
1790108056564462600,17.524462646484373,1.2073559761047363,-0.8080644607543945,0.9010714888572693
1790108056574408000,17.534407958984374,1.0134856700897217,-0.9188734889030457,0.6561171412467957
1790108056584351700,17.544351806640623,0.8233780860900879,-0.805059015750885,0.6134152412414551
1790108056594295800,17.5542958984375,0.7117336988449097,-0.5190598368644714,0.7157739400863647
1790108056604241000,17.564240966796874,0.6612483859062195,-0.17788708209991455,0.8546769618988037
1790108056614185000,17.57418505859375,0.6359379887580872,0.005365035496652126,0.8750197887420654
1790108056624129800,17.5841298828125,0.5688172578811646,-0.09193702042102814,0.6569539904594421
1790108056634073900,17.594073974609376,0.5267548561096191,-0.1573975384235382,0.3550961911678314
1790108056644019000,17.60401904296875,0.4654475152492523,-0.05520990490913391,0.1874813437461853
1790108056653962800,17.613962646484374,0.3572008013725281,0.20609182119369507,0.15645155310630798
1790108056663907800,17.623907958984375,0.1480470448732376,0.1948450356721878,0.06276421993970871
1790108056673851600,17.6338515625,-0.06446673721075058,0.192799910902977,-0.024642378091812134
1790108056683797000,17.643796875,-0.217709019780159,0.2983103394508362,-0.09535250067710876
1790108056693740800,17.65374072265625,-0.32360443472862244,0.4751690924167633,-0.14626412093639374
1790108056703686000,17.663685791015624,-0.4384402334690094,0.4537316858768463,-0.24165667593479156
1790108056713629700,17.673629638671876,-0.543830931186676,0.31693169474601746,-0.330887109041214
1790108056723573800,17.68357373046875,-0.5745787024497986,0.4205630421638489,-0.30592024326324463
1790108056733518800,17.693518798828126,-0.5997554659843445,0.5673472285270691,-0.27893516421318054
1790108056743463000,17.703462890625,-0.6792494654655457,0.47848209738731384,-0.36532333493232727
1790108056753407700,17.71340771484375,-0.7731190919876099,0.21280908584594727,-0.4890090823173523
1790108056763351600,17.7233515625,-0.8498887419700623,0.028757764026522636,-0.5376972556114197
1790108056773297000,17.733296875,-0.8759143948554993,0.09393641352653503,-0.4730735719203949
1790108056783240700,17.74324072265625,-0.9157565832138062,0.18533051013946533,-0.42489859461784363
1790108056793185800,17.753185791015625,-0.9521490931510925,0.24538683891296387,-0.3999830186367035
1790108056803129600,17.763129638671874,-1.0155380964279175,0.19315160810947418,-0.4217820465564728
1790108056813074400,17.773074462890627,-1.0529733896255493,0.25134024024009705,-0.39693841338157654
1790108056823018200,17.783018310546876,-1.0392924547195435,0.360578328371048,-0.3498966097831726
1790108056832962600,17.792962646484376,-1.0067980289459229,0.2911709249019623,-0.3605393171310425
1790108056842907400,17.802907470703126,-0.9425802230834961,0.13280470669269562,-0.4102743864059448
1790108056852851500,17.8128515625,-0.8850785493850708,0.06008404493331909,-0.42566192150115967
1790108056862796300,17.82279638671875,-0.8052660226821899,0.20753075182437897,-0.38072508573532104
1790108056872740600,17.83274072265625,-0.7575249671936035,0.390544056892395,-0.38077789545059204
1790108056882685400,17.842685546875,-0.7755956053733826,0.4723201394081116,-0.4311678409576416
1790108056892629500,17.85262939453125,-0.8627443313598633,0.46331587433815,-0.5156072378158569
1790108056902574300,17.86257421875,-0.9625497460365295,0.473476380109787,-0.564909815788269
1790108056912518400,17.872518310546877,-1.0370670557022095,0.4963689148426056,-0.5893547534942627
1790108056922463500,17.88246337890625,-1.0558156967163086,0.5373780727386475,-0.5902903079986572
1790108056932407300,17.8924072265625,-1.0279769897460938,0.570684552192688,-0.5491398572921753
1790108056942351400,17.902351318359376,-1.0365183353424072,0.557988166809082,-0.5089490413665771
1790108056952296400,17.91229638671875,-1.0627398490905762,0.5541079044342041,-0.47924816608428955
1790108056962240500,17.922240478515626,-1.1243481636047363,0.5447931885719299,-0.48378270864486694
1790108056972185300,17.932185302734375,-1.188072919845581,0.5576873421669006,-0.5397268533706665
1790108056982129400,17.94212939453125,-1.2492936849594116,0.545032799243927,-0.583025336265564
1790108056992074500,17.952074462890625,-1.2325085401535034,0.49672454595565796,-0.6666581034660339
1790108057002018600,17.9620185546875,-1.21686851978302,0.4053291380405426,-0.7189777493476868
1790108057011963400,17.97196337890625,-1.225960612297058,0.2456507831811905,-0.7159568071365356
1790108057021907500,17.981907470703124,-1.225230097770691,0.10821063816547394,-0.6626328825950623
1790108057031852500,17.9918525390625,-1.2231743335723877,-0.007604203186929226,-0.6202392578125
1790108057041796400,18.00179638671875,-1.2403336763381958,-0.059380847960710526,-0.608660101890564
1790108057051740400,18.011740478515627,-1.2443135976791382,-0.06806420534849167,-0.6578773260116577
1790108057061685200,18.021685302734376,-1.3020256757736206,-0.09142544865608215,-0.7511809468269348
1790108057071629300,18.03162939453125,-1.3360322713851929,-0.1399315446615219,-0.8728193640708923
1790108057081574400,18.041574462890626,-1.3754817247390747,-0.26528680324554443,-0.9459055662155151
1790108057091518500,18.0515185546875,-1.3879785537719727,-0.42520979046821594,-0.9727365970611572
1790108057101463300,18.06146337890625,-1.381608009338379,-0.5972790122032166,-1.0215973854064941
1790108057111407600,18.07140771484375,-1.347875714302063,-0.7316185832023621,-1.0482335090637207
1790108057121352400,18.0813525390625,-1.313122272491455,-0.7536218762397766,-1.0404772758483887
1790108057131296500,18.091296630859375,-1.2859724760055542,-0.6697251796722412,-1.0150779485702515
1790108057141241300,18.101241455078124,-1.297847032546997,-0.5476565361022949,-0.9811966419219971
1790108057151185400,18.111185302734373,-1.3023045063018799,-0.4777293801307678,-0.9351000189781189
1790108057161129500,18.12112939453125,-1.3438422679901123,-0.4798378050327301,-0.8769142627716064
1790108057171074300,18.13107421875,-1.3592491149902344,-0.5477317571640015,-0.7986659407615662
1790108057181018400,18.141018310546876,-1.3269606828689575,-0.5793226957321167,-0.6964109539985657
1790108057190963500,18.15096337890625,-1.2747554779052734,-0.5489380955696106,-0.6170812249183655
1790108057200907500,18.160907470703126,-1.2323148250579834,-0.5346262454986572,-0.6336244940757751
1790108057210852400,18.170852294921875,-1.2111353874206543,-0.5398022532463074,-0.6863166093826294
1790108057220796400,18.18079638671875,-1.1478074789047241,-0.5151573419570923,-0.7082467079162598
1790108057230741500,18.190741455078125,-1.0345795154571533,-0.5263302326202393,-0.6894482970237732
1790108057240685600,18.200685546875,-0.9106705784797668,-0.49242496490478516,-0.601372480392456
1790108057250630400,18.21063037109375,-0.8264591097831726,-0.37292763590812683,-0.40998539328575134
1790108057260574500,18.220574462890625,-0.7376937866210938,-0.16549111902713776,-0.1005827933549881
1790108057270518300,18.230518310546874,-0.6253896951675415,0.016173865646123886,0.20179028809070587
1790108057280463400,18.24046337890625,-0.5358667373657227,0.11299467831850052,0.3760875463485718
1790108057290407400,18.250407470703124,-0.4338013827800751,0.22645187377929688,0.48714205622673035
1790108057300352300,18.260352294921876,-0.2975783050060272,0.2978570759296417,0.588064432144165
1790108057310296300,18.27029638671875,-0.16515234112739563,0.3254532814025879,0.6950193643569946
1790108057320241400,18.280241455078126,-0.04104370251297951,0.33780422806739807,0.7825340628623962
1790108057330185500,18.290185546875,0.058535970747470856,0.3184163272380829,0.8064035177230835
1790108057340130300,18.30013037109375,0.16990244388580322,0.2596137225627899,0.80231773853302
1790108057350074400,18.310074462890626,0.32303234934806824,0.23320834338665009,0.8078604340553284
1790108057360019500,18.32001953125,0.4711722731590271,0.1950545758008957,0.8316547274589539
1790108057369963500,18.329963623046876,0.5760381817817688,0.22282437980175018,0.9219198822975159
1790108057379907300,18.3399072265625,0.6729061007499695,0.3498094975948334,1.0343135595321655
1790108057389852200,18.34985205078125,0.777579128742218,0.4871073365211487,1.1061509847640991
1790108057399796500,18.35979638671875,0.889356791973114,0.5595866441726685,1.1185365915298462
1790108057409741300,18.3697412109375,0.9989674687385559,0.5444240570068359,1.1057565212249756
1790108057419685400,18.379685302734377,1.104839563369751,0.5181604623794556,1.0968437194824219
1790108057429630500,18.38963037109375,1.2055795192718506,0.5548869371414185,1.1104224920272827
1790108057439574500,18.399574462890627,1.2867391109466553,0.6603284478187561,1.1296677589416504
1790108057449519400,18.409519287109376,1.333937406539917,0.6821221113204956,1.1555043458938599
1790108057459463400,18.41946337890625,1.399906039237976,0.6189103722572327,1.161843180656433
1790108057469408500,18.429408447265626,1.4980789422988892,0.5491366386413574,1.146776795387268
1790108057479352600,18.4393525390625,1.6422462463378906,0.47582462430000305,1.126692295074463
1790108057489297400,18.44929736328125,1.7263977527618408,0.3843348026275635,1.090567708015442
1790108057499241500,18.459241455078125,1.7495450973510742,0.29592692852020264,1.0448265075683594
1790108057509185300,18.469185302734374,1.7791188955307007,0.2566889524459839,1.0068379640579224
1790108057519130400,18.47913037109375,1.8138728141784668,0.1987614631652832,0.9548492431640625
1790108057529074400,18.489074462890624,1.867367148399353,0.029223069548606873,0.8815280795097351
1790108057539019300,18.499019287109373,1.9556772708892822,-0.15702590346336365,0.8179448246955872
1790108057548963300,18.50896337890625,2.0694873332977295,-0.1833335906267166,0.7391642928123474
1790108057558908400,18.518908447265623,2.178679943084717,-0.20943869650363922,0.7052444219589233
1790108057568852500,18.5288525390625,2.1238250732421875,-0.4368109107017517,0.5573743581771851
1790108057578797300,18.53879736328125,2.052736520767212,-0.6445891261100769,0.3629170060157776
1790108057588741400,18.548741455078126,2.023685932159424,-0.8559218049049377,0.17166440188884735
1790108057598686500,18.5586865234375,2.032480001449585,-1.0311235189437866,0.05118778347969055
1790108057608630500,18.568630615234376,2.0433554649353027,-1.2408279180526733,0.030660580843687057
1790108057618574300,18.57857421875,2.067366600036621,-1.3552626371383667,0.1581660807132721
1790108057628519400,18.58851953125,1.9846001863479614,-1.4606609344482422,0.3138001561164856
1790108057638463500,18.59846337890625,1.8138805627822876,-1.480347990989685,0.4327361583709717
1790108057648408300,18.608408203125,1.583029866218567,-1.3239861726760864,0.5554829239845276
1790108057658352400,18.618352294921873,1.3689378499984741,-0.9643888473510742,0.8013994693756104
1790108057668297200,18.628297119140626,1.2064695358276367,-0.5271337628364563,1.1068575382232666
1790108057678241500,18.638241455078123,1.0694810152053833,-0.3085516095161438,1.277312159538269
1790108057688186400,18.648186279296876,0.9926104545593262,-0.43232986330986023,1.2296549081802368
1790108057698130400,18.65813037109375,0.9781087636947632,-0.7758587002754211,0.9654584527015686
1790108057708075300,18.6680751953125,0.9500010013580322,-0.9305668473243713,0.7327331304550171
1790108057718019600,18.67801953125,0.8884100914001465,-0.8843998908996582,0.6104806661605835
1790108057727964400,18.68796435546875,0.8269922137260437,-0.694090723991394,0.6867427229881287
1790108057737908500,18.697908447265625,0.7726911902427673,-0.40188097953796387,0.7984684109687805
1790108057747852300,18.707852294921874,0.6697346568107605,-0.20062166452407837,0.7817105054855347
1790108057757797400,18.71779736328125,0.5757988095283508,-0.02216670662164688,0.6593289375305176
1790108057767741400,18.727741455078124,0.5379979014396667,0.17545035481452942,0.48624175786972046
1790108057777686300,18.737686279296874,0.47731322050094604,0.22860093414783478,0.3604063093662262
1790108057787630300,18.74763037109375,0.36053308844566345,0.1713060736656189,0.23926477134227753
1790108057797575400,18.757575439453124,0.20274664461612701,-0.037394147366285324,0.09145054221153259
1790108057807519500,18.76751953125,0.07486223429441452,-0.02682546153664589,0.02036660723388195
1790108057817464800,18.77746484375,-0.0410236194729805,0.32564443349838257,0.06809817254543304
1790108057827409000,18.787408935546875,-0.18876788020133972,0.4969281554222107,0.06405235081911087
1790108057837353700,18.797353759765624,-0.3383070230484009,0.3959599733352661,-0.009865818545222282
1790108057847297800,18.8072978515625,-0.4968111515045166,0.21631324291229248,-0.09066411852836609
1790108057857241900,18.817241943359374,-0.6414969563484192,0.0349423885345459,-0.2399606555700302
1790108057867186700,18.827186767578127,-0.7370452284812927,-0.013103792443871498,-0.43422338366508484
1790108057877130800,18.837130859375,-0.7510454654693604,0.19241102039813995,-0.5666993856430054
1790108057887075800,18.847075927734377,-0.7145839929580688,0.5598217248916626,-0.5475567579269409
1790108057897020000,18.85702001953125,-0.7232259511947632,0.8868195414543152,-0.41357582807540894
1790108057906964700,18.86696484375,-0.8641829490661621,0.6170340776443481,-0.4461757242679596
1790108057916908800,18.87690869140625,-0.9704856872558594,0.3114595115184784,-0.5040366053581238
1790108057926854000,18.88685400390625,-1.0023564100265503,0.2022295743227005,-0.5052797198295593
1790108057936798000,18.8967978515625,-0.9272255301475525,0.5395210385322571,-0.33174842596054077
1790108057946742800,18.90674267578125,-0.8773268461227417,0.5506809949874878,-0.30326205492019653
1790108057956686800,18.916686767578124,-0.9030439257621765,0.3403698205947876,-0.35034647583961487
1790108057966631000,18.926630859375,-0.8636112213134766,0.20760886371135712,-0.36170846223831177
1790108057976575700,18.93657568359375,-0.7932270765304565,0.188696950674057,-0.3623816967010498
1790108057986519800,18.946519775390627,-0.7111637592315674,0.3604622483253479,-0.33550336956977844
1790108057996464600,18.956464599609376,-0.7095066905021667,0.32698389887809753,-0.43024107813835144
1790108058006409000,18.966408935546873,-0.8476184010505676,0.19642622768878937,-0.5398389101028442
1790108058016353800,18.976353759765626,-0.9722162485122681,0.3099226951599121,-0.47544872760772705
1790108058026297900,18.9862978515625,-1.0310055017471313,0.5380210280418396,-0.36440709233283997
1790108058036242700,18.99624267578125,-1.0962302684783936,0.583721935749054,-0.36027705669403076
1790108058046187000,19.00618701171875,-1.157570481300354,0.5399312376976013,-0.38722121715545654
1790108058056131800,19.0161318359375,-1.1748522520065308,0.5204275846481323,-0.4011056125164032
1790108058066076000,19.026075927734375,-1.1100786924362183,0.5492367148399353,-0.4138433039188385
1790108058076020700,19.036020751953124,-1.0098234415054321,0.5105247497558594,-0.4680415689945221
1790108058085964800,19.04596484375,-0.9620699286460876,0.42999663949012756,-0.5806191563606262
1790108058095908900,19.055908935546874,-0.9431948065757751,0.463432639837265,-0.7215980887413025
1790108058105853700,19.065853759765623,-0.9692529439926147,0.5522050261497498,-0.8059700131416321
1790108058115797800,19.0757978515625,-1.102614164352417,0.6690431833267212,-0.7986345887184143
1790108058125742800,19.085742919921874,-1.28633451461792,0.7432045340538025,-0.7605603933334351
1790108058135687000,19.09568701171875,-1.4269739389419556,0.7464184761047363,-0.6592236161231995
1790108058145631700,19.1056318359375,-1.4510655403137207,0.6296436786651611,-0.5264830589294434
1790108058155575800,19.115575927734376,-1.3788717985153198,0.4518451988697052,-0.4539681077003479
1790108058165521000,19.12552099609375,-1.250869870185852,0.38733160495758057,-0.4901953935623169
1790108058175465000,19.13546484375,-1.1265838146209717,0.5054406523704529,-0.5840705037117004
1790108058185409800,19.145409912109375,-1.0987756252288818,0.5697523951530457,-0.742489218711853
1790108058195353900,19.155353759765624,-1.1497727632522583,0.4010336697101593,-0.9212371110916138
1790108058205297700,19.165297607421873,-1.2857273817062378,0.0842803567647934,-0.9956094026565552
1790108058215242800,19.17524267578125,-1.3802956342697144,-0.22295868396759033,-1.0295354127883911
1790108058225186800,19.185186767578124,-1.3525389432907104,-0.38995569944381714,-1.0474531650543213
1790108058235131600,19.195131591796876,-1.2878800630569458,-0.3311306834220886,-0.9979434609413147
1790108058245075700,19.20507568359375,-1.296599268913269,-0.1677129566669464,-0.9286162853240967
1790108058255020800,19.215020751953126,-1.354111909866333,-0.024390943348407745,-0.9149302840232849
1790108058264964900,19.22496484375,-1.3811718225479126,0.028023088350892067,-0.9411789178848267
1790108058274909700,19.23490966796875,-1.3546198606491089,-0.14941853284835815,-0.9872830510139465
1790108058284854000,19.24485400390625,-1.316346287727356,-0.5037306547164917,-1.0328335762023926
1790108058294798800,19.254798828125,-1.2832748889923096,-0.804067850112915,-1.0880329608917236
1790108058304743000,19.264742919921876,-1.2517951726913452,-0.8663387298583984,-1.187043309211731
1790108058314686700,19.274686767578125,-1.1946583986282349,-0.7942629456520081,-1.2613025903701782
1790108058324631800,19.2846318359375,-1.101414442062378,-0.7294800877571106,-1.2817254066467285
1790108058334575900,19.294575927734375,-1.0031464099884033,-0.7390618920326233,-1.2530823945999146
1790108058344520700,19.304520751953124,-0.9368948936462402,-0.7057710886001587,-1.18442702293396
1790108058354464800,19.31446484375,-0.8801892399787903,-0.6617088317871094,-1.0813815593719482
1790108058364409900,19.324409912109374,-0.8178562521934509,-0.6120207905769348,-0.919868528842926
1790108058374354000,19.33435400390625,-0.7313416004180908,-0.5487853288650513,-0.6865782737731934
1790108058384298800,19.344298828125,-0.6016183495521545,-0.39416736364364624,-0.3789754807949066
1790108058394242800,19.354242919921877,-0.5072619915008545,-0.10308092832565308,-0.05712290108203888
1790108058404188000,19.36418798828125,-0.42087143659591675,0.2830312252044678,0.21927975118160248
1790108058414132000,19.374132080078127,-0.34201788902282715,0.5054672360420227,0.37943583726882935
1790108058424076800,19.384076904296876,-0.2676123082637787,0.5520322918891907,0.4449550211429596
1790108058434020900,19.394020751953125,-0.17022371292114258,0.5729814767837524,0.5341443419456482
1790108058443964700,19.403964599609374,-0.07736604660749435,0.5601052045822144,0.6466023921966553
1790108058453909800,19.41390966796875,0.018485641106963158,0.4737090468406677,0.7151415348052979
1790108058463853800,19.423853759765624,0.1388060748577118,0.4688222408294678,0.75309818983078
1790108058473798700,19.433798583984377,0.2524985373020172,0.511474072933197,0.7875307202339172
1790108058483742700,19.44374267578125,0.36749398708343506,0.48446956276893616,0.814317524433136
1790108058493687800,19.453687744140623,0.5042350888252258,0.4463315010070801,0.8295897245407104
1790108058503632000,19.4636318359375,0.6529418230056763,0.4597296416759491,0.845570981502533
1790108058513576700,19.47357666015625,0.7898863554000854,0.48946648836135864,0.8468934893608093
1790108058523520800,19.483520751953126,0.8947975039482117,0.5089637637138367,0.9011171460151672
1790108058533465900,19.4934658203125,0.9900302886962891,0.5949268937110901,1.000505805015564
1790108058543410000,19.503409912109376,1.0786617994308472,0.7106871008872986,1.1117080450057983
1790108058553353700,19.513353759765625,1.1639701128005981,0.7368345260620117,1.1807876825332642
1790108058563298800,19.523298828125,1.2516344785690308,0.7142450213432312,1.194568395614624
1790108058573243000,19.533242919921875,1.3399518728256226,0.7272337675094604,1.168508529663086
1790108058583187700,19.543187744140624,1.440126657485962,0.7661986351013184,1.1419039964675903
1790108058593131800,19.5531318359375,1.5270663499832153,0.7835313081741333,1.1475189924240112
1790108058603076900,19.563076904296874,1.619951844215393,0.715347409248352,1.1178357601165771
1790108058613021000,19.57302099609375,1.6951799392700195,0.6004096269607544,1.0488183498382568
1790108058622965800,19.5829658203125,1.7476993799209595,0.4768824875354767,0.9809082746505737
1790108058632909800,19.592909912109373,1.7952402830123901,0.4803006649017334,0.9335871338844299
1790108058642855000,19.60285498046875,1.8738924264907837,0.529313325881958,0.9160757660865784
1790108058652799000,19.612799072265624,1.9829976558685303,0.5020571947097778,0.9013195037841797
1790108058662742800,19.62274267578125,2.097182035446167,0.3432457745075226,0.8538182973861694
1790108058672687900,19.63268798828125,2.1829118728637695,0.10255402326583862,0.7327049970626831
1790108058682631700,19.642631591796874,2.2061197757720947,-0.04318629205226898,0.5848591327667236
1790108058692576800,19.65257666015625,2.2398343086242676,-0.13353084027767181,0.44359922409057617
1790108058702520800,19.662520751953124,2.258505344390869,-0.18401619791984558,0.3123980462551117
1790108058712465700,19.672465576171874,2.2482411861419678,-0.3720031678676605,0.14322979748249054
1790108058722409700,19.68240966796875,2.223716974258423,-0.6602723002433777,-0.0007468606345355511
1790108058732354800,19.692354736328124,2.223752737045288,-0.8634746670722961,-0.06889555603265762
1790108058742299000,19.702298828125,2.2045750617980957,-1.020699143409729,-0.10256404429674149
1790108058752243700,19.71224365234375,2.0971548557281494,-1.1517874002456665,-0.09811283648014069
1790108058762187800,19.722187744140626,1.875538945198059,-1.2270839214324951,-0.05866561084985733
1790108058772132900,19.7321328125,1.5950037240982056,-1.183089017868042,0.054975733160972595
1790108058782077000,19.742076904296876,1.3674067258834839,-0.8856914639472961,0.3466818630695343
1790108058792020700,19.752020751953125,1.2692437171936035,-0.40871289372444153,0.7951281070709229
1790108058801965800,19.7619658203125,1.2399046421051025,-0.14196045696735382,1.1568772792816162
1790108058811910000,19.771909912109376,1.2626994848251343,-0.24713321030139923,1.1667894124984741
1790108058821855000,19.78185498046875,1.2723054885864258,-0.47372692823410034,0.8978124856948853
1790108058831799000,19.791799072265626,1.1944141387939453,-0.722564160823822,0.6193350553512573
1790108058841744000,19.801743896484375,1.1000418663024902,-0.767056941986084,0.5128737688064575
1790108058851688200,19.811688232421876,0.9980978965759277,-0.7319711446762085,0.49112001061439514
1790108058861633000,19.821633056640625,0.8596764206886292,-0.670997142791748,0.49947452545166016
1790108058871577000,19.8315771484375,0.7045443654060364,-0.33287155628204346,0.6171415448188782
1790108058881522000,19.84152197265625,0.5962832570075989,0.12858736515045166,0.705929160118103
1790108058891466200,19.85146630859375,0.5373072624206543,0.2079831212759018,0.542819082736969
1790108058901411000,19.8614111328125,0.48876136541366577,-0.03600143641233444,0.29066452383995056
1790108058911355100,19.871355224609374,0.4512541890144348,-0.11518014967441559,0.13051213324069977
1790108058921299000,19.881298828125,0.3182623088359833,-0.05855964869260788,0.03211171552538872
1790108058931244000,19.891244140625,0.07171988487243652,0.023039869964122772,-0.02185804210603237
1790108058941188000,19.90118798828125,-0.1094975471496582,0.07772538810968399,-0.07930395007133484
1790108058951133000,19.9111328125,-0.2498011291027069,0.09564819931983948,-0.14667366445064545
1790108058961077000,19.921076904296875,-0.3556406497955322,0.23908917605876923,-0.16880111396312714
1790108058971022000,19.93102197265625,-0.4602453410625458,0.2803569734096527,-0.2250036746263504
1790108058980966100,19.940966064453125,-0.573689877986908,0.24599818885326385,-0.3073367476463318
1790108058990911000,19.950910888671874,-0.6700273156166077,0.23141419887542725,-0.3549964129924774
1790108059000855000,19.96085498046875,-0.7408949136734009,0.27805638313293457,-0.35586363077163696
1790108059010800000,19.970800048828124,-0.8198152780532837,0.23688605427742004,-0.37739765644073486
1790108059020744200,19.980744140625,-0.8892743587493896,0.15018676221370697,-0.41233786940574646
1790108059030688000,19.99068798828125,-0.926754891872406,0.08956257253885269,-0.41650038957595825
1790108059040633000,20.000633056640623,-0.9801576733589172,-0.03459823504090309,-0.4568032920360565
1790108059050577000,20.010576904296876,-1.0217777490615845,-0.04165215045213699,-0.45983850955963135
1790108059060522000,20.02052197265625,-1.0231698751449585,0.15105697512626648,-0.37710803747177124
1790108059070466000,20.030466064453126,-1.0097252130508423,0.35582050681114197,-0.29075130820274353
1790108059080411000,20.040410888671875,-1.0327322483062744,0.35895317792892456,-0.3067657947540283
1790108059090355000,20.05035498046875,-1.0863871574401855,0.22385527193546295,-0.3889501690864563
1790108059100300000,20.060300048828125,-1.0883848667144775,0.17414717376232147,-0.42941567301750183
1790108059110244000,20.070244140625,-0.9969684481620789,0.3537236154079437,-0.34906065464019775
1790108059120189000,20.08018896484375,-0.8738354444503784,0.5520385503768921,-0.27532410621643066
1790108059130133000,20.090133056640624,-0.8494246602058411,0.5229778289794922,-0.30794811248779297
1790108059140077000,20.1000771484375,-0.9035512804985046,0.41069746017456055,-0.38107848167419434
1790108059150022100,20.110022216796875,-0.9508783221244812,0.3809608519077301,-0.45417532324790955
1790108059159966000,20.119966064453124,-0.9664853811264038,0.47962895035743713,-0.5189903378486633
1790108059169911000,20.1299111328125,-0.9561073184013367,0.5952674150466919,-0.5805724859237671
1790108059179855000,20.139855224609374,-0.9570581912994385,0.6456037163734436,-0.5996676087379456
1790108059189800000,20.149800048828126,-0.9324772357940674,0.6614753603935242,-0.6008484959602356
1790108059199744000,20.159743896484375,-0.9406511187553406,0.6245371103286743,-0.5734071135520935
1790108059209689000,20.169689208984376,-0.9998931884765625,0.5715455412864685,-0.5706328749656677
1790108059219633200,20.179633056640625,-1.0325932502746582,0.610213577747345,-0.6174218654632568
1790108059229578000,20.189577880859375,-1.0723427534103394,0.6599704623222351,-0.6882646083831787
1790108059239522000,20.19952197265625,-1.1255569458007812,0.6494522094726562,-0.7160122990608215
1790108059249467100,20.209467041015625,-1.1618901491165161,0.6033387780189514,-0.7464826107025146
1790108059259411200,20.2194111328125,-1.2357850074768066,0.6179191470146179,-0.7627599835395813
1790108059269355000,20.22935498046875,-1.3455040454864502,0.6607345342636108,-0.8098635673522949
1790108059279300000,20.239300048828124,-1.4324978590011597,0.6667342782020569,-0.858709990978241
1790108059289244000,20.249243896484376,-1.4372481107711792,0.5011399984359741,-0.8979042768478394
1790108059299189000,20.25918896484375,-1.4096943140029907,0.24444013833999634,-0.8989583253860474
1790108059309133000,20.269133056640626,-1.3343191146850586,0.08641454577445984,-0.8917805552482605
1790108059319078000,20.279077880859376,-1.2528846263885498,0.018295571208000183,-0.9210230708122253
1790108059329022000,20.28902197265625,-1.2507407665252686,0.045490704476833344,-0.9711922407150269
1790108059338967000,20.298967041015626,-1.3219095468521118,0.165832981467247,-0.9894111156463623
1790108059348911000,20.3089111328125,-1.3548269271850586,0.18268521130084991,-1.0027532577514648
1790108059358856000,20.31885595703125,-1.3369489908218384,-0.004065751098096371,-1.031245470046997
1790108059368800000,20.328800048828125,-1.323007583618164,-0.25651291012763977,-1.0739372968673706
1790108059378744000,20.338744140625,-1.3078597784042358,-0.40710583329200745,-1.1226593255996704
1790108059388689200,20.348689208984375,-1.307100772857666,-0.43821021914482117,-1.1644861698150635
1790108059398633000,20.358633056640624,-1.3056339025497437,-0.4463050067424774,-1.1943765878677368
1790108059408577800,20.368577880859377,-1.2795988321304321,-0.4674571752548218,-1.198264718055725
1790108059418522000,20.378522216796874,-1.2484251260757446,-0.4664108455181122,-1.1595739126205444
1790108059428467000,20.388467041015623,-1.2221072912216187,-0.48543834686279297,-1.1154189109802246
1790108059438411000,20.398410888671876,-1.206957221031189,-0.5327629446983337,-1.1319366693496704
1790108059448355800,20.40835595703125,-1.1466057300567627,-0.6034054160118103,-1.2054451704025269
1790108059458300200,20.418300048828126,-1.0945459604263306,-0.6744959354400635,-1.2176451683044434
1790108059468245000,20.428244873046875,-1.0523945093154907,-0.6898695826530457,-1.1482455730438232
1790108059478189000,20.43818896484375,-0.9989044070243835,-0.6654764413833618,-0.9904205203056335
1790108059488134100,20.448134033203125,-0.9186034798622131,-0.6171663999557495,-0.7610906958580017
1790108059498078200,20.458078125,-0.8371422290802002,-0.45922163128852844,-0.495220810174942
1790108059508022000,20.46802197265625,-0.7394558787345886,-0.21658846735954285,-0.24065566062927246
1790108059517967000,20.477967041015624,-0.611203134059906,0.04482026398181915,-0.018810605630278587
1790108059527911000,20.487910888671873,-0.48710912466049194,0.32241111993789673,0.16306118667125702
1790108059537856000,20.49785595703125,-0.36954203248023987,0.5054847598075867,0.26145777106285095
1790108059547800000,20.507800048828123,-0.2705843150615692,0.4659038186073303,0.2711804509162903
1790108059557745000,20.517744873046876,-0.15199537575244904,0.39863625168800354,0.34002256393432617
1790108059567689000,20.52768896484375,-0.05526909977197647,0.3681933879852295,0.5012239813804626
1790108059577634000,20.537634033203126,0.013455508276820183,0.4610045552253723,0.6309285163879395
1790108059587578000,20.547578125,0.10866723954677582,0.5180081725120544,0.6631569862365723
1790108059597523000,20.55752294921875,0.24432337284088135,0.5672383308410645,0.6607898473739624
1790108059607467000,20.567467041015625,0.38709917664527893,0.5997968316078186,0.6884939074516296
1790108059617412000,20.577412109375,0.509071946144104,0.5503048300743103,0.7095887064933777
1790108059627356200,20.587356201171875,0.6302412152290344,0.4662210941314697,0.7192317843437195
1790108059637300000,20.597300048828124,0.7491627931594849,0.4159436523914337,0.6940135359764099
1790108059647245000,20.6072451171875,0.8404902815818787,0.3714808225631714,0.6636492609977722
1790108059657189000,20.617189208984374,0.9299739599227905,0.3016265630722046,0.7100570797920227
1790108059667134000,20.627134033203124,1.0388940572738647,0.32797878980636597,0.7734480500221252
1790108059677078000,20.637078125,1.138472080230713,0.3980051875114441,0.7938919067382812
1790108059687022800,20.64702294921875,1.221824288368225,0.44343018531799316,0.7870928645133972
1790108059696967200,20.65696728515625,1.3113219738006592,0.4586496949195862,0.8102612495422363
1790108059706912000,20.666912109375,1.3893944025039673,0.5071013569831848,0.8376393914222717
1790108059716856000,20.67685595703125,1.461341381072998,0.5543134808540344,0.8558207154273987
1790108059726801000,20.68680078125,1.5418004989624023,0.548589825630188,0.8534571528434753
1790108059736745200,20.6967451171875,1.6261029243469238,0.47197192907333374,0.8491647243499756
1790108059746689000,20.70668896484375,1.708585262298584,0.36296847462654114,0.8389749526977539
1790108059756634000,20.716634033203125,1.7713786363601685,0.24146686494350433,0.8124310374259949
1790108059766578000,20.726577880859374,1.789917230606079,0.11680615693330765,0.749289870262146
1790108059776523000,20.73652294921875,1.8109619617462158,-0.02151581272482872,0.6569779515266418
1790108059786467000,20.746467041015624,1.8614025115966797,-0.05178290605545044,0.6357848048210144
1790108059796412000,20.756411865234377,1.948147177696228,-0.04542398825287819,0.6905463933944702
1790108059806356000,20.76635595703125,1.9488012790679932,-0.1137085035443306,0.6622058153152466
1790108059816300300,20.77630029296875,1.9336947202682495,-0.21557363867759705,0.5544307827949524
1790108059826244400,20.786244384765624,1.9740900993347168,-0.3751409351825714,0.39568769931793213
1790108059836189400,20.796189453125,2.014188289642334,-0.5378881096839905,0.26602938771247864
1790108059846133500,20.806133544921874,2.009498119354248,-0.6569908261299133,0.14657089114189148
1790108059856078300,20.816078369140627,2.0545406341552734,-0.7790820598602295,0.07898322492837906
1790108059866022400,20.8260224609375,2.126530647277832,-0.9302154183387756,0.1195484921336174
1790108059875966200,20.83596630859375,2.106876850128174,-1.1061588525772095,0.1910993456840515
1790108059885911600,20.84591162109375,1.9866547584533691,-1.154853105545044,0.3022935092449188
1790108059895855400,20.85585546875,1.7881234884262085,-1.0275096893310547,0.4721197783946991
1790108059905800400,20.865800537109376,1.6000176668167114,-0.8740401864051819,0.6211870312690735
1790108059915744300,20.875744140625,1.5096588134765625,-0.6992954611778259,0.7439068555831909
1790108059925689300,20.885689453125,1.442175269126892,-0.6211711168289185,0.8739476799964905
1790108059935633400,20.89563330078125,1.3741397857666016,-0.5775570869445801,0.9330687522888184
1790108059945578200,20.905578125,1.333370566368103,-0.6289393305778503,0.8481077551841736
1790108059955522300,20.915522216796877,1.2647615671157837,-0.7743401527404785,0.7014321088790894
1790108059965467400,20.92546728515625,1.191511869430542,-0.8828810453414917,0.580342710018158
1790108059975411500,20.935411376953127,1.085193395614624,-0.8347625732421875,0.5222473740577698
1790108059985355300,20.945355224609376,0.9237968325614929,-0.7189267873764038,0.5134754776954651
1790108059995300400,20.95530029296875,0.8022438883781433,-0.6261802911758423,0.5493054986000061
1790108060005244400,20.965244384765626,0.7144016623497009,-0.4150581955909729,0.6003159880638123
1790108060015189500,20.975189453125,0.6214029788970947,-0.24465148150920868,0.5302201509475708
1790108060025133300,20.98513330078125,0.5448746681213379,-0.17472539842128754,0.3421482741832733
1790108060035078400,20.995078369140625,0.462729811668396,-0.15822331607341766,0.21260616183280945
1790108060045022500,21.0050224609375,0.35257986187934875,-0.08918458223342896,0.12540201842784882
1790108060054967300,21.01496728515625,0.16829200088977814,-0.06660556048154831,0.049544911831617355
1790108060064911400,21.024911376953124,0.0020990236662328243,0.005544532090425491,-0.012332306243479252
1790108060074856400,21.0348564453125,-0.1255703717470169,0.13623149693012238,-0.03242262452840805
1790108060084800500,21.044800537109374,-0.23353146016597748,0.24962997436523438,-0.05324294790625572
1790108060094745300,21.054745361328123,-0.3359817862510681,0.3345184922218323,-0.06425407528877258
1790108060104689400,21.064689453125,-0.46586042642593384,0.2415858805179596,-0.12494085729122162
1790108060114633200,21.07463330078125,-0.6009218692779541,0.15632818639278412,-0.23252113163471222
1790108060124578600,21.08457861328125,-0.6900607943534851,0.22690780460834503,-0.31493106484413147
1790108060134522400,21.0945224609375,-0.741524875164032,0.3810262382030487,-0.3442879021167755
1790108060144467500,21.104467529296876,-0.7738383412361145,0.5526179671287537,-0.30950063467025757
1790108060154411300,21.114411376953125,-0.8150431513786316,0.5160815119743347,-0.3061336278915405
1790108060164356400,21.1243564453125,-0.875982940196991,0.3033257722854614,-0.3435385227203369
1790108060174300400,21.134300537109375,-0.8814660906791687,0.17712996900081635,-0.3500511944293976
1790108060184245200,21.144245361328124,-0.8602641224861145,0.19086602330207825,-0.32524359226226807
1790108060194189300,21.154189208984373,-0.8314356207847595,0.23998692631721497,-0.3147403299808502
1790108060204134400,21.164134521484375,-0.8381124138832092,0.2486397922039032,-0.3324927091598511
1790108060214078500,21.174078369140624,-0.8542880415916443,0.3076193034648895,-0.32394975423812866
1790108060224023300,21.184023193359376,-0.8684099912643433,0.34330514073371887,-0.3031390309333801
1790108060233967400,21.19396728515625,-0.8739699721336365,0.3164772093296051,-0.2955264151096344
1790108060243911400,21.203911376953126,-0.8686942458152771,0.2296845018863678,-0.32625821232795715
1790108060253856500,21.2138564453125,-0.8395529389381409,0.15434591472148895,-0.36838674545288086
1790108060263800300,21.22380029296875,-0.8122808337211609,0.1784520447254181,-0.36150699853897095
1790108060273745400,21.233745361328126,-0.8081361651420593,0.31712836027145386,-0.3215879797935486
1790108060283689500,21.243689453125,-0.8141916394233704,0.32038140296936035,-0.3526090085506439
1790108060293634300,21.25363427734375,-0.7858265042304993,0.41630038619041443,-0.4152592718601227
1790108060303578400,21.263578369140625,-0.7731655836105347,0.5263142585754395,-0.4056452512741089
1790108060313523200,21.273523193359374,-0.7823104858398438,0.6300312280654907,-0.3599494695663452
1790108060323467500,21.283467529296875,-0.7602366209030151,0.6840409636497498,-0.35495948791503906
1790108060333412400,21.293412353515624,-0.7486858367919922,0.6067727208137512,-0.38641437888145447
1790108060343356400,21.3033564453125,-0.8023764491081238,0.45310190320014954,-0.42795330286026
1790108060353301200,21.31330126953125,-0.9275220632553101,0.35082951188087463,-0.4781395494937897
1790108060363245600,21.32324560546875,-1.0276309251785278,0.33457064628601074,-0.5425638556480408
1790108060373189400,21.333189453125,-1.1082817316055298,0.3666750192642212,-0.6098049283027649
1790108060383134500,21.343134521484377,-1.1793838739395142,0.4469704031944275,-0.6575655341148376
1790108060393078300,21.353078369140626,-1.2607473134994507,0.553225040435791,-0.6692550182342529
1790108060403023400,21.3630234375,-1.3451063632965088,0.5847992300987244,-0.6671103239059448
1790108060412967400,21.372967529296876,-1.3486626148223877,0.487519234418869,-0.6726391911506653
1790108060422912300,21.382912353515625,-1.3583415746688843,0.3050761818885803,-0.6769332885742188
1790108060432856300,21.392856201171874,-1.3237574100494385,0.1701878011226654,-0.6732133030891418
1790108060442801400,21.402801513671875,-1.2950564622879028,0.10330356657505035,-0.6846675872802734
1790108060452745500,21.412745361328124,-1.2912225723266602,0.12117888033390045,-0.7117931246757507
1790108060462690300,21.422690185546877,-1.3330082893371582,0.20759153366088867,-0.7164709568023682
1790108060472634400,21.43263427734375,-1.3680540323257446,0.19264772534370422,-0.7552326321601868
1790108060482578400,21.442578369140627,-1.3615047931671143,0.1049727275967598,-0.8358305096626282
1790108060492523500,21.4525234375,-1.3656002283096313,-0.0761265754699707,-0.9178862571716309
1790108060502467300,21.46246728515625,-1.384284496307373,-0.30117326974868774,-0.9641400575637817
1790108060512412400,21.472412353515626,-1.3683217763900757,-0.46438008546829224,-0.9816684722900391
1790108060522356500,21.4823564453125,-1.3323482275009155,-0.5703973770141602,-1.0124585628509521
1790108060532301300,21.49230126953125,-1.2947720289230347,-0.6721709966659546,-1.0823917388916016
1790108060542245400,21.502245361328125,-1.2663201093673706,-0.6798845529556274,-1.1159433126449585
1790108060552190200,21.512190185546874,-1.2506169080734253,-0.6213005185127258,-1.0723921060562134
1790108060562134500,21.522134521484375,-1.2315458059310913,-0.6341949701309204,-1.0519461631774902
1790108060572079400,21.532079345703124,-1.2195231914520264,-0.7124072909355164,-1.0359797477722168
1790108060582023400,21.5420234375,-1.208638310432434,-0.7850822806358337,-0.9981517195701599
1790108060591968300,21.55196826171875,-1.2137917280197144,-0.8430048823356628,-0.9706730842590332
1790108060601912600,21.56191259765625,-1.2132039070129395,-0.8507155776023865,-0.9526304602622986
1790108060611856400,21.5718564453125,-1.191780686378479,-0.8464259505271912,-0.9674413800239563
1790108060621801500,21.581801513671873,-1.1533653736114502,-0.8348351120948792,-0.9841622710227966
1790108060631745300,21.591745361328126,-1.1073352098464966,-0.8452882766723633,-0.945848286151886
1790108060641690400,21.6016904296875,-1.0152428150177002,-0.7780125737190247,-0.8287860751152039
1790108060651634400,21.611634521484376,-0.8781490325927734,-0.6450688242912292,-0.6556224226951599
1790108060661579300,21.621579345703125,-0.7421259880065918,-0.5281973481178284,-0.46405431628227234
1790108060671523300,21.6315234375,-0.6115192770957947,-0.446330189704895,-0.2614109218120575
1790108060681468400,21.641468505859375,-0.506801426410675,-0.3515874445438385,-0.036734689027071
1790108060691412500,21.65141259765625,-0.4081418216228485,-0.11602719128131866,0.18990974128246307
1790108060701357300,21.661357421875,-0.30288249254226685,0.1635594516992569,0.34134215116500854
1790108060711301400,21.67130126953125,-0.18785075843334198,0.2664366662502289,0.4467531740665436
1790108060721246500,21.68124658203125,-0.05882886052131653,0.2952965497970581,0.5567326545715332
1790108060731190500,21.6911904296875,0.08413952589035034,0.3886951208114624,0.6755675077438354
1790108060741134300,21.70113427734375,0.1963731199502945,0.39140594005584717,0.8169406056404114
1790108060751079400,21.711079345703126,0.30485138297080994,0.3603387176990509,0.9563578367233276
1790108060761023500,21.7210234375,0.4243391752243042,0.3853108882904053,1.0202672481536865
1790108060770968300,21.73096826171875,0.5469755530357361,0.4305056035518646,1.0388544797897339
1790108060780912400,21.740912353515625,0.656728982925415,0.44086211919784546,1.0652445554733276
1790108060790857200,21.750857177734375,0.7535355091094971,0.4008793830871582,1.136109471321106
1790108060800801500,21.760801513671876,0.866441011428833,0.32044896483421326,1.1645680665969849
1790108060810746400,21.770746337890625,0.9738982915878296,0.2511214017868042,1.151307463645935
1790108060820691200,21.780691162109374,1.0588213205337524,0.23419755697250366,1.154210090637207
1790108060830636000,21.790635986328127,1.1365824937820435,0.28623339533805847,1.1946481466293335
1790108060840580000,21.800580078125,1.207366704940796,0.3566438853740692,1.2663778066635132
1790108060850525200,21.810525146484373,1.2939461469650269,0.39203858375549316,1.340752124786377
1790108060860469000,21.820468994140626,1.363424301147461,0.4025236964225769,1.4038583040237427
1790108060870413000,21.8304130859375,1.408003568649292,0.37302884459495544,1.451490879058838
1790108060880358000,21.84035791015625,1.462914228439331,0.3570280373096466,1.4900609254837036
1790108060890302000,21.850302001953125,1.5156258344650269,0.38033607602119446,1.502292275428772
1790108060900247000,21.8602470703125,1.5606149435043335,0.34606146812438965,1.4619485139846802
1790108060910191000,21.870191162109375,1.624422311782837,0.24368326365947723,1.3743336200714111
1790108060920136000,21.880135986328124,1.686784267425537,0.11396495997905731,1.2917554378509521
1790108060930080000,21.890080078125,1.7356750965118408,-0.01331611443310976,1.2080190181732178
1790108060940025000,21.900025146484374,1.774978756904602,-0.09372972697019577,1.1406912803649902
1790108060949969200,21.90996923828125,1.825777530670166,-0.1328994184732437,1.0969958305358887
1790108060959914000,21.9199140625,1.9101486206054688,-0.14172007143497467,1.021986484527588
1790108060969858000,21.929858154296873,1.9150310754776,-0.22483155131340027,0.9055958390235901
1790108060979803100,21.93980322265625,1.9092423915863037,-0.24030478298664093,0.8054566979408264
1790108060989747000,21.949746826171875,1.8664262294769287,-0.29334378242492676,0.6841855645179749
1790108060999691000,21.95969091796875,1.828171968460083,-0.44439268112182617,0.5159571170806885
1790108061009635800,21.9696357421875,1.8144266605377197,-0.590535044670105,0.4067114293575287
1790108061019580200,21.979580078125,1.8530676364898682,-0.6290057301521301,0.37805208563804626
1790108061029525000,21.98952490234375,1.8827534914016724,-0.6747807264328003,0.3321399688720703
1790108061039469000,21.999468994140624,1.8345574140548706,-0.8047488331794739,0.2682605981826782
1790108061049414000,22.009413818359373,1.734174132347107,-0.8670580387115479,0.20918793976306915
1790108061059358200,22.019358154296874,1.583176612854004,-0.7859285473823547,0.21076372265815735
1790108061069303000,22.029302978515624,1.4310606718063354,-0.5430764555931091,0.349412202835083
1790108061079247000,22.0392470703125,1.362436294555664,-0.2203253209590912,0.5744548439979553
1790108061089192000,22.04919189453125,1.2977991104125977,0.09896635264158249,0.798496425151825
1790108061099136000,22.059135986328126,1.2142128944396973,0.11962983012199402,0.9389454126358032
1790108061109080000,22.069080078125,1.124921441078186,-0.05328618735074997,0.8641168475151062
1790108061119025000,22.07902490234375,1.0712143182754517,-0.27990707755088806,0.6076613664627075
1790108061128969000,22.088968994140625,1.0538972616195679,-0.38214531540870667,0.36021560430526733
1790108061138914000,22.0989140625,1.0157597064971924,-0.21625062823295593,0.3207129240036011
1790108061148858000,22.108858154296875,0.9780285358428955,-0.0719093382358551,0.4007831811904907
1790108061158803000,22.118802978515625,0.9453741908073425,0.0803249403834343,0.48381680250167847
1790108061168747000,22.1287470703125,0.8347823023796082,0.11175696551799774,0.43045082688331604
1790108061178692000,22.138692138671875,0.7111429572105408,0.09662994742393494,0.2501036822795868
1790108061188636200,22.14863623046875,0.5935248732566833,0.15684419870376587,0.07087638229131699
1790108061198581000,22.1585810546875,0.4682535231113434,0.13512079417705536,-0.06918937712907791
1790108061208525000,22.168525146484374,0.29995930194854736,0.23120471835136414,-0.06808736175298691
1790108061218470100,22.17847021484375,0.155175119638443,0.22381269931793213,-0.04223813861608505
1790108061228414000,22.1884140625,0.035191573202610016,0.14407171308994293,-0.048392608761787415
1790108061238358000,22.19835791015625,-0.08690371364355087,0.1888679414987564,-0.0596974641084671
1790108061248302800,22.208302734375,-0.23198702931404114,0.201836958527565,-0.11193659901618958
1790108061258247200,22.2182470703125,-0.3867547810077667,0.22636520862579346,-0.157165065407753
1790108061268192000,22.22819189453125,-0.5282805562019348,0.24020668864250183,-0.2110930234193802
1790108061278136000,22.238135986328125,-0.6497377157211304,0.3202000856399536,-0.2637524902820587
1790108061288081000,22.248080810546874,-0.748104453086853,0.3788447082042694,-0.34440499544143677
1790108061298025200,22.258025146484375,-0.8316488862037659,0.4093695878982544,-0.42792704701423645
1790108061307970000,22.267969970703124,-0.8825152516365051,0.5194699168205261,-0.436416894197464
1790108061317914000,22.2779140625,-0.9143876433372498,0.6192486882209778,-0.40641531348228455
1790108061327859000,22.28785888671875,-0.9414937496185303,0.6353298425674438,-0.3862510919570923
1790108061337803000,22.297802978515627,-0.9718782901763916,0.569344699382782,-0.3956752419471741
1790108061347747000,22.3077470703125,-0.9891376495361328,0.5314419865608215,-0.3962247967720032
1790108061357692000,22.31769189453125,-0.9364712238311768,0.7622683048248291,-0.29267868399620056
1790108061367636000,22.327635986328126,-0.9078992605209351,0.8632843494415283,-0.2934389114379883
1790108061377581000,22.3375810546875,-0.9306455850601196,0.9111458659172058,-0.3738778233528137
1790108061387525000,22.347525146484376,-0.9720216989517212,1.0701751708984375,-0.44205957651138306
1790108061397470000,22.357469970703125,-1.0062196254730225,1.1540971994400024,-0.5437710285186768
1790108061407414000,22.3674140625,-1.0476537942886353,1.0804015398025513,-0.7235772013664246
1790108061417359000,22.377359130859375,-1.017882227897644,1.0403939485549927,-0.8754713535308838
1790108061427303200,22.38730322265625,-0.9268347024917603,0.9988192915916443,-0.9951769709587097
1790108061437248000,22.397248046875,-0.7927607893943787,0.9113205671310425,-1.0584557056427002
1790108061447192000,22.407192138671874,-0.7101583480834961,0.7469378709793091,-1.1058560609817505
1790108061457137200,22.41713720703125,-0.7051894068717957,0.5111844539642334,-1.1651310920715332
1790108061467081000,22.4270810546875,-0.7374901175498962,0.29741889238357544,-1.2310882806777954
1790108061477025000,22.43702490234375,-0.7906739711761475,0.15279033780097961,-1.2625499963760376
1790108061486969900,22.446969970703126,-0.871468722820282,0.10028239339590073,-1.2646822929382324
1790108061496914000,22.456913818359375,-0.9698885083198547,0.134750634431839,-1.2724677324295044
1790108061506859000,22.46685888671875,-1.0374630689620972,0.1558108627796173,-1.3368295431137085
1790108061516803000,22.476802978515625,-1.1007182598114014,0.20136477053165436,-1.3838820457458496
1790108061526748000,22.486747802734374,-1.1281951665878296,0.19614234566688538,-1.3905755281448364
1790108061536692200,22.496692138671875,-1.1293129920959473,0.09893668442964554,-1.3462647199630737
1790108061546637000,22.506636962890624,-1.0935702323913574,0.028635380789637566,-1.2342331409454346
1790108061556581000,22.5165810546875,-1.1071903705596924,-0.08498971164226532,-1.1388416290283203
1790108061566526000,22.52652587890625,-1.1444026231765747,-0.20737846195697784,-1.1461236476898193
1790108061576470000,22.536469970703124,-1.1984333992004395,-0.22772207856178284,-1.177208423614502
1790108061586415000,22.5464150390625,-1.2654993534088135,-0.19890962541103363,-1.2035359144210815
1790108061596359000,22.55635888671875,-1.3221807479858398,-0.23799258470535278,-1.2142865657806396
1790108061606303000,22.566302978515626,-1.3502819538116455,-0.29096347093582153,-1.1663089990615845
1790108061616248000,22.576248046875,-1.375118613243103,-0.33304354548454285,-1.1222549676895142
1790108061626192100,22.586192138671876,-1.389356255531311,-0.3487001955509186,-1.1121268272399902
1790108061636137000,22.596136962890625,-1.3922017812728882,-0.2601412832736969,-1.0679569244384766
1790108061646081000,22.6060810546875,-1.4218069314956665,-0.1839408427476883,-0.9895812273025513
1790108061656026000,22.616026123046876,-1.4331363439559937,-0.155829057097435,-0.9124496579170227
1790108061665970200,22.62597021484375,-1.4044522047042847,-0.2299616038799286,-0.8241869211196899
1790108061675915000,22.6359150390625,-1.4078397750854492,-0.3608272075653076,-0.7122169733047485
1790108061685859000,22.645859130859375,-1.388392448425293,-0.40054741501808167,-0.6271402835845947
1790108061695804200,22.65580419921875,-1.368513584136963,-0.39368072152137756,-0.5954441428184509
1790108061705748000,22.665748046875,-1.3144928216934204,-0.3590644598007202,-0.6268675923347473
1790108061715693000,22.675693115234374,-1.23665452003479,-0.3813718855381012,-0.6758313775062561
1790108061725636900,22.685636962890626,-1.160951018333435,-0.36141350865364075,-0.6267961263656616
1790108061735581000,22.695580810546875,-1.0871875286102295,-0.2726423442363739,-0.4692334234714508
1790108061745526000,22.705526123046877,-1.0557430982589722,-0.19763551652431488,-0.30741363763809204
1790108061755470000,22.715469970703126,-0.9938551783561707,-0.1850518137216568,-0.1893293559551239
1790108061765415000,22.725414794921875,-0.9948156476020813,-0.12439171224832535,-0.07985588163137436
1790108061775359000,22.73535888671875,-1.0065737962722778,0.01957237906754017,0.05155061557888985
1790108061785304000,22.745303955078125,-0.9823976159095764,0.075729601085186,0.22600801289081573
1790108061795248000,22.755248046875,-0.9104627370834351,0.049354188144207,0.37429577112197876
1790108061805193000,22.76519287109375,-0.8441648483276367,0.16637884080410004,0.55308997631073
1790108061815137000,22.775136962890624,-0.7810484766960144,0.33789676427841187,0.6961060166358948
1790108061825081600,22.78508154296875,-0.7056127786636353,0.46394628286361694,0.8361338376998901
1790108061835025700,22.795025634765626,-0.631148099899292,0.5852436423301697,0.9580144286155701
1790108061844970500,22.804970458984375,-0.554465115070343,0.6434470415115356,1.0410754680633545
1790108061854914300,22.814914306640624,-0.43644633889198303,0.7157063484191895,1.0114516019821167
1790108061864858600,22.824858642578125,-0.31507179141044617,0.7072126269340515,0.9771332144737244
1790108061874803500,22.834803466796874,-0.19471527636051178,0.6626696586608887,0.969987154006958
1790108061884747500,22.84474755859375,-0.08562906086444855,0.6330248117446899,0.9368686676025391
1790108061894692400,22.8546923828125,0.0071634636260569096,0.5057478547096252,0.9100533127784729
1790108061904636700,22.86463671875,0.11437122523784637,0.35138624906539917,0.9222854971885681
1790108061914581500,22.87458154296875,0.2444823533296585,0.34246280789375305,0.9160046577453613
1790108061924525600,22.884525634765627,0.36916977167129517,0.40966928005218506,0.8874147534370422
1790108061934470400,22.894470458984376,0.5019720196723938,0.41941216588020325,0.8435892462730408
1790108061944414700,22.904414794921873,0.6277932524681091,0.360331267118454,0.7909256219863892
1790108061954359600,22.914359619140626,0.7301750183105469,0.35003548860549927,0.7325062155723572
1790108061964303600,22.9243037109375,0.8314100503921509,0.3648287355899811,0.6946005821228027
1790108061974247400,22.934247314453124,0.9263725280761719,0.39053595066070557,0.7077488899230957
1790108061984192500,22.944192626953125,1.021342158317566,0.45466041564941406,0.739504873752594
1790108061994136600,22.954136474609374,1.1396900415420532,0.5953216552734375,0.7802056670188904
1790108062004081400,22.964081298828123,1.2614836692810059,0.7720485329627991,0.8311989903450012
1790108062014025500,22.974025390625,1.3725883960723877,0.9189074635505676,0.9007663726806641
1790108062023970600,22.983970458984373,1.4924660921096802,0.9882660508155823,0.9432074427604675
1790108062033914600,22.99391455078125,1.6077615022659302,0.9786251783370972,0.9728044867515564
1790108062043859500,23.003859375,1.6734539270401,0.9573439359664917,0.9911273121833801
1790108062053803500,23.013803466796876,1.7042735815048218,0.9174798727035522,0.9841450452804565
1790108062063748600,23.02374853515625,1.7537482976913452,0.825028121471405,0.9730191230773926
1790108062073692700,23.033692626953126,1.8197113275527954,0.7145761847496033,0.9562838077545166
1790108062083637500,23.043637451171875,1.8756215572357178,0.6125311255455017,0.8933913111686707
1790108062093581300,23.053581298828124,1.937860369682312,0.42667627334594727,0.7733192443847656
1790108062103525600,23.063525634765625,2.006807327270508,0.25944948196411133,0.647098958492279
1790108062113470500,23.073470458984374,2.0486128330230713,0.12823231518268585,0.5485334992408752
1790108062123414500,23.08341455078125,2.0971133708953857,-0.04022366553544998,0.44486913084983826
1790108062133359400,23.093359375,2.1667118072509766,-0.2922479212284088,0.3378902077674866
1790108062143303700,23.1033037109375,2.2349071502685547,-0.4828210771083832,0.3004995286464691
1790108062153248500,23.11324853515625,2.303445816040039,-0.5211767554283142,0.29504135251045227
1790108062163192600,23.123192626953124,2.2673730850219727,-0.4133983552455902,0.3243747651576996
1790108062173137400,23.133137451171876,2.120802640914917,-0.40194597840309143,0.28678077459335327
1790108062183081700,23.143081787109374,2.019655704498291,-0.4907238781452179,0.19574229419231415
1790108062193026600,23.153026611328126,1.9247580766677856,-0.5056820511817932,0.1443030834197998
1790108062202970600,23.162970703125,1.8274059295654297,-0.4945647418498993,0.10780790448188782
1790108062212915500,23.17291552734375,1.7301995754241943,-0.4698644280433655,0.12400472164154053
1790108062222859500,23.182859619140626,1.6440074443817139,-0.4231643080711365,0.20658692717552185
1790108062232803600,23.192803466796875,1.555841326713562,-0.31709808111190796,0.27039840817451477
1790108062242748400,23.20274853515625,1.4995657205581665,-0.3292502462863922,0.20778819918632507
1790108062252692500,23.2126923828125,1.4539028406143188,-0.41625091433525085,0.21426448225975037
1790108062262637600,23.222637451171874,1.3730090856552124,-0.17441414296627045,0.49664661288261414
1790108062272581600,23.23258154296875,1.2746042013168335,0.19793732464313507,0.823444128036499
1790108062282526500,23.2425263671875,1.2217777967453003,0.35114559531211853,0.9154613614082336
1790108062292470500,23.252470458984376,1.2139045000076294,-0.1533103585243225,0.5325275659561157
1790108062302415600,23.26241552734375,1.1809736490249634,-0.5510066747665405,0.12159279733896255
1790108062312359700,23.272359619140627,1.1718655824661255,-0.23351317644119263,0.10437706112861633
1790108062322304500,23.282304443359376,1.108486294746399,-0.026703543961048126,0.1899498999118805
1790108062332248600,23.29224853515625,0.9545652866363525,-0.07316798716783524,0.16891491413116455
1790108062342193700,23.302193603515626,0.7704199552536011,0.06051553040742874,0.1523633748292923
1790108062352137500,23.312137451171875,0.5949317216873169,0.29273706674575806,0.10558495670557022
1790108062362081500,23.32208154296875,0.45533159375190735,0.3638193905353546,-0.028960388153791428
1790108062372026400,23.3320263671875,0.3225402534008026,0.275509238243103,-0.10945843160152435
1790108062381970700,23.341970703125,0.161696657538414,0.22059069573879242,-0.10499532520771027
1790108062391915500,23.35191552734375,-0.03819169104099274,0.1808542013168335,-0.0738627091050148
1790108062401859600,23.361859619140624,-0.22961638867855072,0.24170252680778503,-0.08558345586061478
1790108062411804400,23.371804443359373,-0.5299594402313232,-0.14239400625228882,-0.4626489579677582
1790108062421748700,23.381748779296874,-0.7382298111915588,-0.3310697674751282,-0.8064718842506409
1790108062431693600,23.391693603515623,-0.7531648278236389,0.4368453025817871,-0.5870609879493713
1790108062441637600,23.4016376953125,-0.7480985522270203,1.2404826879501343,-0.2221437245607376
1790108062451582500,23.41158251953125,-0.9561923742294312,0.846360445022583,-0.3323975205421448
1790108062461526500,23.421526611328126,-1.192478895187378,0.30325520038604736,-0.48884257674217224
1790108062471470600,23.431470703125,-1.279223084449768,0.15893585979938507,-0.5513038635253906
1790108062481415400,23.44141552734375,-1.2642695903778076,0.17476847767829895,-0.6544846296310425
1790108062491359500,23.451359375,-1.1898486614227295,0.1855044811964035,-0.7509272694587708
1790108062501304600,23.4613046875,-1.0301458835601807,0.39761245250701904,-0.6501074433326721
1790108062511248600,23.47124853515625,-0.7612169981002808,0.7470564842224121,-0.41728273034095764
1790108062521193500,23.481193359375,-0.69554603099823,0.37349745631217957,-0.48933207988739014
1790108062531137500,23.491137451171873,-0.5930755734443665,0.3056904375553131,-0.4779451787471771
1790108062541082600,23.50108251953125,-0.556686282157898,-0.06294947862625122,-0.6691154837608337
1790108062551026700,23.511026611328123,-0.629452645778656,-0.23436465859413147,-0.8013342022895813
1790108062560971500,23.520971435546876,-0.6369029879570007,0.18290936946868896,-0.6654568910598755
1790108062570915600,23.53091552734375,-0.5901234745979309,0.9600309729576111,-0.38503164052963257
1790108062580860700,23.540860595703126,-0.6828585863113403,0.9835265278816223,-0.367790549993515
1790108062590804500,23.550804443359375,-0.8280956745147705,0.7571674585342407,-0.3862244188785553
1790108062600749600,23.56074951171875,-0.8914458751678467,0.5572956204414368,-0.40101054310798645
1790108062610693400,23.570693359375,-0.7699655294418335,0.6746131777763367,-0.3194560408592224
1790108062620637400,23.580637451171874,-0.5459141731262207,0.7098864912986755,-0.3264719843864441
1790108062630582500,23.59058251953125,-0.4506542682647705,0.39155086874961853,-0.4765203297138214
1790108062640526600,23.600526611328124,-0.4975590705871582,0.05918481945991516,-0.5923799872398376
1790108062650471400,23.610471435546874,-0.5913625359535217,-0.11100315302610397,-0.7274371385574341
1790108062660415500,23.62041552734375,-0.7215706706047058,-0.056093480437994,-0.8574727177619934
1790108062670360600,23.630360595703124,-0.9791913032531738,0.21423786878585815,-0.8570774793624878
1790108062680304600,23.6403046875,-1.2364575862884521,0.5674731731414795,-0.7505014538764954
1790108062690249500,23.65024951171875,-1.276062250137329,0.881551206111908,-0.5075615048408508
1790108062700193500,23.660193603515626,-1.271571159362793,0.6277059316635132,-0.3733006715774536
1790108062710138600,23.670138671875,-1.2488607168197632,0.1065940409898758,-0.46343162655830383
1790108062720082400,23.68008251953125,-1.2999467849731445,-0.12284859269857407,-0.7127877473831177
1790108062730027500,23.690027587890626,-1.3706181049346924,0.004059820435941219,-0.9902995228767395
1790108062739971600,23.6999716796875,-1.409842610359192,0.1667034924030304,-1.1658263206481934
1790108062749915600,23.70991552734375,-1.4470250606536865,0.15202175080776215,-1.1492440700531006
1790108062759860500,23.719860595703125,-1.4321010112762451,-0.03618791326880455,-1.0194189548492432
1790108062769804500,23.729804443359374,-1.3670493364334106,-0.2072632610797882,-0.8807979822158813
1790108062779749600,23.73974951171875,-1.2910946607589722,-0.3214372396469116,-0.7877010703086853
1790108062789693700,23.749693603515624,-1.242095947265625,-0.3201884925365448,-0.6979360580444336
1790108062799638500,23.759638427734377,-1.2422555685043335,-0.13587051630020142,-0.5808078050613403
1790108062809582600,23.76958251953125,-1.26783287525177,0.06837022304534912,-0.47622039914131165
1790108062819528400,23.779528564453123,-1.3195147514343262,0.15999701619148254,-0.41804420948028564
1790108062829472300,23.78947216796875,-1.3916637897491455,0.11606579273939133,-0.4460761249065399
1790108062839417300,23.799417236328125,-1.4251600503921509,-0.11465077847242355,-0.5937609076499939
1790108062849361400,23.809361328125,-1.4510278701782227,-0.3817621171474457,-0.758277952671051
1790108062859306200,23.81930615234375,-1.456647515296936,-0.665099561214447,-0.9192280769348145
1790108062869250300,23.829250244140624,-1.3918336629867554,-0.893072247505188,-1.1000407934188843
1790108062879194400,23.8391943359375,-1.2835952043533325,-0.9921073913574219,-1.2239750623703003
1790108062889139500,23.849139404296874,-1.2118253707885742,-0.9256061315536499,-1.2406483888626099
1790108062899083300,23.859083251953123,-1.1697946786880493,-0.7521519660949707,-1.1394274234771729
1790108062909028400,23.8690283203125,-1.1620908975601196,-0.6031584739685059,-1.0024248361587524
1790108062918972200,23.87897216796875,-1.1607311964035034,-0.5759649872779846,-0.9193963408470154
1790108062928917500,23.88891748046875,-1.1559200286865234,-0.5787093639373779,-0.8803770542144775
1790108062938861300,23.898861328125,-1.1672446727752686,-0.5258029699325562,-0.8312956094741821
1790108062948806400,23.908806396484376,-1.1323295831680298,-0.4713229537010193,-0.7482044100761414
1790108062958750200,23.918750244140625,-1.0731594562530518,-0.5055469274520874,-0.6302170753479004
1790108062968695300,23.9286953125,-0.970694899559021,-0.5023754239082336,-0.4926578998565674
1790108062978639400,23.938639404296875,-0.8386441469192505,-0.440551221370697,-0.3121868073940277
1790108062988583400,23.94858349609375,-0.7232440710067749,-0.3596414625644684,-0.07216089218854904
1790108062998528300,23.9585283203125,-0.6275246143341064,-0.2915288507938385,0.11381394416093826
1790108063008472300,23.968472412109374,-0.49626487493515015,-0.19246752560138702,0.2013552486896515
1790108063018417400,23.97841748046875,-0.3737998306751251,-0.0393928661942482,0.23906584084033966
1790108063028361200,23.988361328125,-0.2644592225551605,0.07113310694694519,0.2676261067390442
1790108063038306300,23.998306396484374,-0.15899358689785004,0.09627665579319,0.33231765031814575
1790108063048250400,24.00825048828125,-0.04536954686045647,0.1379804164171219,0.4811244606971741
1790108063058195500,24.018195556640624,0.08046595007181168,0.18476435542106628,0.6490646600723267
1790108063068139300,24.02813916015625,0.20133990049362183,0.2179020643234253,0.760225772857666
1790108063078084400,24.03808447265625,0.3226592540740967,0.2440596967935562,0.8379342555999756
1790108063088028400,24.0480283203125,0.4657232165336609,0.2762730121612549,0.8584035634994507
1790108063097973200,24.05797314453125,0.5937939882278442,0.26713618636131287,0.8494198322296143
1790108063107917300,24.067917236328125,0.6906579732894897,0.20914772152900696,0.8515663743019104
1790108063117861400,24.077861328125,0.7692015171051025,0.14581482112407684,0.8674324154853821
1790108063127806500,24.087806396484375,0.8526409864425659,0.0986691489815712,0.8857523202896118
1790108063137750300,24.097750244140624,0.9312734603881836,0.04688595235347748,0.8990292549133301
1790108063147695400,24.1076953125,1.0184727907180786,0.04930250346660614,0.9059612154960632
1790108063157639200,24.11763916015625,1.0916540622711182,0.13488134741783142,0.9509239196777344
1790108063167584500,24.12758447265625,1.1562607288360596,0.23819974064826965,1.0484586954116821
1790108063177528300,24.1375283203125,1.2071542739868164,0.36705511808395386,1.1847639083862305
1790108063187473400,24.147473388671877,1.2527433633804321,0.4142189025878906,1.2961314916610718
1790108063197417200,24.157417236328126,1.2889682054519653,0.3864079713821411,1.3644136190414429
1790108063207362300,24.1673623046875,1.331874966621399,0.40646612644195557,1.3725473880767822
1790108063217306400,24.177306396484376,1.3955049514770508,0.3977905511856079,1.3280329704284668
1790108063227251200,24.187251220703125,1.4748157262802124,0.3203924298286438,1.2852178812026978
1790108063237195300,24.1971953125,1.6015613079071045,0.25840631127357483,1.2669692039489746
1790108063247139300,24.207139404296875,1.7521082162857056,0.1324281394481659,1.2316967248916626
1790108063257084400,24.21708447265625,1.8761563301086426,-0.03147544711828232,1.1936184167861938
1790108063267028200,24.2270283203125,1.964969515800476,-0.07758941501379013,1.1773757934570312
1790108063276973300,24.236973388671874,2.032149076461792,-0.029957976192235947,1.1245616674423218
1790108063286917000,24.246917236328127,2.0759212970733643,-0.09334414452314377,1.001348853111267
1790108063296862500,24.256862548828124,2.010535717010498,-0.3718831539154053,0.7728506922721863
1790108063306806300,24.26680615234375,2.0029311180114746,-0.5784273147583008,0.567620575428009
1790108063316751400,24.27675146484375,2.031174659729004,-0.7317078709602356,0.40611302852630615
1790108063326695200,24.286695068359375,2.0523176193237305,-0.8620080947875977,0.24696093797683716
1790108063336640300,24.29664013671875,2.0181472301483154,-1.001438021659851,0.11458568274974823
1790108063346584300,24.306584228515625,1.9607138633728027,-1.069687008857727,0.08387677371501923
1790108063356529200,24.316529052734374,1.832760214805603,-1.0487371683120728,0.12422975152730942
1790108063366473500,24.326473388671875,1.6584014892578125,-1.174330711364746,0.1769624501466751
1790108063376417300,24.336417236328124,1.5369703769683838,-1.183681607246399,0.25528642535209656
1790108063386362400,24.3463623046875,1.4812480211257935,-1.0458462238311768,0.3320342004299164
1790108063396306200,24.35630615234375,1.4235965013504028,-0.8493780493736267,0.3502776026725769
1790108063406251500,24.36625146484375,1.324662208557129,-0.6279093027114868,0.4244605004787445
1790108063416195300,24.3761953125,1.1978018283843994,-0.3685340881347656,0.7050327658653259
1790108063426140400,24.386140380859374,1.1012942790985107,-0.22847764194011688,1.0241029262542725
1790108063436084200,24.396084228515626,1.0405395030975342,-0.3072460889816284,1.1143847703933716
1790108063446029300,24.406029296875,1.0076724290847778,-0.4551522135734558,0.9426991939544678
1790108063455973400,24.415973388671876,0.9587700963020325,-0.6290299892425537,0.6918399930000305
1790108063465918200,24.425918212890625,0.8932172060012817,-0.7341651916503906,0.49451491236686707
1790108063475862300,24.4358623046875,0.8409051299095154,-0.4813375473022461,0.5651780366897583
1790108063485807400,24.445807373046875,0.7626367211341858,-0.17109952867031097,0.6633930206298828
1790108063495751400,24.45575146484375,0.6080473065376282,-0.3255147337913513,0.5106040835380554
1790108063505695200,24.4656953125,0.44767069816589355,-0.2878434956073761,0.40776824951171875
1790108063515640300,24.475640380859375,0.34579622745513916,-0.10267124325037003,0.3169410228729248
1790108063525584100,24.485584228515624,0.2920009195804596,0.009098699316382408,0.19295647740364075
1790108063535529500,24.495529541015625,0.19371439516544342,-0.025815146043896675,0.09245646744966507
1790108063545473300,24.505473388671874,0.012137677520513535,-0.09095287322998047,0.01585223525762558
1790108063555418400,24.51541845703125,-0.16722746193408966,-0.03686632588505745,-0.018016567453742027
1790108063565362200,24.525362060546875,-0.28700339794158936,0.08817441016435623,-0.0028080525808036327
1790108063575307300,24.535307373046876,-0.37369269132614136,0.16844281554222107,0.0023700199089944363
1790108063585251300,24.545251220703125,-0.5167619585990906,0.14104102551937103,-0.0817539170384407
1790108063595196200,24.555196044921875,-0.6667470932006836,0.04782099276781082,-0.23336797952651978
1790108063605140200,24.56514013671875,-0.7711925506591797,0.17931777238845825,-0.27663901448249817
1790108063615085300,24.575085205078125,-0.8760609030723572,0.23940503597259521,-0.338895320892334
1790108063625029400,24.585029296875,-0.9744284749031067,0.23825189471244812,-0.3998737335205078
1790108063634973200,24.59497314453125,-1.0328813791275024,0.21999889612197876,-0.4343801736831665
1790108063644918300,24.604918212890624,-1.016770839691162,0.30937060713768005,-0.3752758204936981
1790108063654862300,24.6148623046875,-0.9494487047195435,0.4070955812931061,-0.29037705063819885
1790108063664807400,24.624807373046874,-0.906451940536499,0.320914626121521,-0.27520155906677246
1790108063674751200,24.634751220703127,-0.8810117244720459,0.09157738089561462,-0.32912132143974304
1790108063684696300,24.6446962890625,-0.8241955637931824,-0.0013954341411590576,-0.3395955264568329
1790108063694640400,24.654640380859377,-0.733948290348053,0.13469138741493225,-0.27319836616516113
1790108063704585200,24.664585205078126,-0.648699164390564,0.27788132429122925,-0.22017455101013184
1790108063714529300,24.674529296875,-0.657119870185852,0.1452954262495041,-0.2688708007335663
1790108063724474400,24.684474365234376,-0.694554328918457,0.039169780910015106,-0.27579209208488464
1790108063734418400,24.69441845703125,-0.714414119720459,0.04568422958254814,-0.2500281035900116
1790108063744363300,24.70436328125,-0.7141725420951843,0.10257627069950104,-0.24008171260356903
1790108063754307300,24.714307373046875,-0.7216398119926453,0.19813981652259827,-0.1992378830909729
1790108063764251100,24.724251220703124,-0.7603154182434082,0.18697668612003326,-0.19578999280929565
1790108063774196500,24.734196533203125,-0.8226861357688904,0.1753343939781189,-0.1832561045885086
1790108063784140300,24.744140380859374,-0.867247462272644,0.2220262736082077,-0.18257007002830505
1790108063794085400,24.75408544921875,-0.8792322278022766,0.3119451403617859,-0.1963915228843689
1790108063804029200,24.764029296875,-0.9080297350883484,0.3332570791244507,-0.20353226363658905
1790108063813974300,24.773974365234373,-0.8855810761451721,0.3453887701034546,-0.24945971369743347
1790108063823918000,24.78391796875,-0.8717406392097473,0.3488442301750183,-0.301725834608078
1790108063833863000,24.79386279296875,-0.9694330096244812,0.29280948638916016,-0.35369420051574707
1790108063843807000,24.803806884765624,-1.101472020149231,0.21416370570659637,-0.4246695637702942
1790108063853752000,24.813751953125,-1.1769989728927612,0.2366477996110916,-0.44795647263526917
1790108063863696100,24.823696044921874,-1.2287156581878662,0.3095710277557373,-0.41523581743240356
1790108063873641000,24.833640869140623,-1.2592893838882446,0.38174140453338623,-0.35509681701660156
1790108063883585000,24.8435849609375,-1.2856796979904175,0.3859148323535919,-0.31531932950019836
1790108063893528800,24.85352880859375,-1.296642780303955,0.30279192328453064,-0.31208536028862
1790108063903474200,24.86347412109375,-1.269395112991333,0.1848871111869812,-0.3340095579624176
1790108063913418000,24.87341796875,-1.2479339838027954,0.05401010438799858,-0.36594295501708984
1790108063923363000,24.883363037109376,-1.2260390520095825,-0.0692196860909462,-0.38908448815345764
1790108063933307000,24.893306884765625,-1.215187668800354,-0.17073912918567657,-0.4317485988140106
1790108063943252000,24.903251953125,-1.1883281469345093,-0.17458473145961761,-0.4672123193740845
1790108063953196000,24.913196044921875,-1.173945426940918,-0.09208573400974274,-0.48199865221977234
1790108063963140900,24.923140869140624,-1.1722705364227295,-0.0013563595712184906,-0.4487493634223938
1790108063973085000,24.9330849609375,-1.1964985132217407,-0.1773286610841751,-0.5119043588638306
1790108063983030000,24.943030029296875,-1.1944563388824463,-0.43242567777633667,-0.678129255771637
1790108063992974000,24.95297412109375,-1.2113372087478638,-0.5964260697364807,-0.8252923488616943
1790108064002919000,24.9629189453125,-1.2474726438522339,-0.7310888171195984,-0.9016230702400208
1790108064012863000,24.972863037109374,-1.275693416595459,-0.829128623008728,-0.9599149227142334
1790108064022807000,24.98280712890625,-1.3118056058883667,-0.8357892036437988,-0.9712514877319336
1790108064032752000,24.992752197265624,-1.3558096885681152,-0.8053560853004456,-0.955219566822052
1790108064042696000,25.002696044921876,-1.395431399345398,-0.7582799196243286,-0.9326791167259216
1790108064052641000,25.01264111328125,-1.429149866104126,-0.7081781029701233,-0.871723473072052
1790108064062585000,25.022585205078126,-1.4444739818572998,-0.6563330292701721,-0.8092063069343567
1790108064072530000,25.032530029296876,-1.429432988166809,-0.5893460512161255,-0.7945045828819275
1790108064082474000,25.042473876953125,-1.3900951147079468,-0.5454230308532715,-0.8288596272468567
1790108064092419000,25.052419189453126,-1.3467578887939453,-0.5129731893539429,-0.8400288820266724
1790108064102363100,25.062363037109375,-1.259108543395996,-0.45272770524024963,-0.8067684173583984
1790108064112308000,25.072307861328124,-1.1487293243408203,-0.3161466717720032,-0.707754909992218
1790108064122252000,25.082251953125,-1.035489559173584,-0.13385996222496033,-0.5789332985877991
1790108064132197000,25.092197021484374,-0.9166035652160645,0.043166302144527435,-0.4466714859008789
1790108064142141200,25.10214111328125,-0.780947744846344,0.21405789256095886,-0.31883522868156433
1790108064152085000,25.1120849609375,-0.622317910194397,0.3256782591342926,-0.206259086728096
1790108064162030000,25.122030029296877,-0.4948616921901703,0.4472441077232361,-0.11909274756908417
1790108064171974000,25.131973876953126,-0.39164039492607117,0.5723273754119873,-0.033394403755664825
1790108064181919000,25.1419189453125,-0.28953346610069275,0.6372570991516113,0.04605381563305855
1790108064191863000,25.151863037109376,-0.1602271944284439,0.7340407371520996,0.13908155262470245
1790108064201808000,25.161807861328125,-0.019413892179727554,0.8023201823234558,0.2567855417728424
1790108064211752000,25.171751953125,0.10886785387992859,0.8112892508506775,0.39551082253456116
1790108064221697000,25.181697021484375,0.21299292147159576,0.8281012177467346,0.47286900877952576
1790108064231641000,25.19164111328125,0.32740312814712524,0.800229549407959,0.47369080781936646
1790108064241586000,25.2015859375,0.4291483759880066,0.7143338322639465,0.4501303434371948
1790108064251530000,25.211530029296874,0.545813798904419,0.6553007960319519,0.4677697718143463
1790108064261475000,25.22147509765625,0.6734950542449951,0.6653352975845337,0.5199261903762817
1790108064271419100,25.231419189453124,0.8025777339935303,0.7154642939567566,0.6024367809295654
1790108064281363000,25.241363037109377,0.9306758046150208,0.7451968789100647,0.6890251636505127
1790108064291308000,25.25130810546875,1.0380053520202637,0.7418494820594788,0.7321076989173889
1790108064301252000,25.261252197265627,1.1324764490127563,0.7604745626449585,0.7646336555480957
1790108064311197000,25.271197021484376,1.211329698562622,0.8120166063308716,0.8271417021751404
1790108064321141000,25.28114111328125,1.292354941368103,0.8160392642021179,0.8614512085914612
1790108064331085800,25.2910859375,1.3902188539505005,0.7490794658660889,0.8502259254455566
1790108064341030100,25.301030029296875,1.4989807605743408,0.6405671238899231,0.8118849396705627
1790108064350975000,25.31097509765625,1.5904088020324707,0.5728172063827515,0.7769855260848999
1790108064360919000,25.3209189453125,1.6863452196121216,0.5639374256134033,0.7904108166694641
1790108064370863900,25.33086376953125,1.7508188486099243,0.5793867111206055,0.8374857306480408
1790108064380808200,25.34080810546875,1.7594940662384033,0.5457749962806702,0.8162222504615784
1790108064390753000,25.3507529296875,1.7506171464920044,0.47683367133140564,0.7200257778167725
1790108064400697000,25.360697021484373,1.7401148080825806,0.3951593041419983,0.6220622062683105
1790108064410641000,25.370640869140626,1.7644327878952026,0.2813855707645416,0.5351935625076294
1790108064420586000,25.3805859375,1.8719518184661865,0.21005812287330627,0.5028084516525269
1790108064430530000,25.390530029296876,2.006671190261841,0.24099726974964142,0.5333638787269592
1790108064440475000,25.400474853515625,2.0820178985595703,0.15077871084213257,0.47930335998535156
1790108064450419000,25.4104189453125,2.0736851692199707,-0.10197267681360245,0.34109482169151306
1790108064460364000,25.420364013671875,2.149054765701294,-0.16491276025772095,0.25080326199531555
1790108064470308000,25.43030810546875,2.2152175903320312,-0.1888013631105423,0.19485516846179962
1790108064480253000,25.4402529296875,2.271296739578247,-0.3308677077293396,0.13162186741828918
1790108064490197000,25.450197021484374,2.330265522003174,-0.42634862661361694,0.10088728368282318
1790108064500142000,25.46014208984375,2.34512996673584,-0.5554171204566956,0.04574759677052498
1790108064510086100,25.470086181640625,2.2244911193847656,-0.7522594928741455,-0.08130402117967606
1790108064520031000,25.480031005859374,1.9924710988998413,-0.9014585614204407,-0.17987000942230225
1790108064529975000,25.48997509765625,1.7502096891403198,-0.9366049766540527,-0.20567558705806732
1790108064539919000,25.499919189453124,1.54713773727417,-0.8642264008522034,-0.11369133740663528
1790108064549864000,25.509864013671876,1.4015922546386719,-0.6303886771202087,0.13966114819049835
1790108064559808000,25.51980810546875,1.4542698860168457,-0.21470116078853607,0.4327380359172821
1790108064569752800,25.5297529296875,1.558069109916687,0.12601815164089203,0.714389443397522
1790108064579697200,25.539697265625,1.6013283729553223,-0.01665964536368847,0.7372284531593323
1790108064589642000,25.54964208984375,1.5577471256256104,-0.43466171622276306,0.48647236824035645
1790108064599586000,25.5595859375,1.464540958404541,-0.6937640905380249,0.19440670311450958
1790108064609531000,25.56953076171875,1.2955302000045776,-0.6114420294761658,0.11399325728416443
1790108064619475200,25.57947509765625,1.1267390251159668,-0.4677516520023346,0.19740159809589386
1790108064629420000,25.589419921875,0.9985537528991699,-0.29259923100471497,0.3651881217956543
1790108064639364000,25.599364013671874,0.8771695494651794,-0.21583466231822968,0.39734765887260437
1790108064649309000,25.609308837890627,0.7564305663108826,-0.16585899889469147,0.3345872461795807
1790108064659253200,25.619253173828124,0.6710985898971558,0.03532124310731888,0.27752289175987244
1790108064669198000,25.629197998046877,0.6070312857627869,0.14954262971878052,0.22035188972949982
1790108064679142000,25.639141845703126,0.4768165647983551,0.10257192701101303,0.13788311183452606
1790108064689086000,25.6490859375,0.2763833701610565,0.10365663468837738,0.10239236801862717
1790108064699031000,25.659031005859376,0.10343530029058456,0.05579403415322304,0.056873347610235214
1790108064708975000,25.66897509765625,-0.0347835011780262,-0.03040400892496109,-0.042801614850759506
1790108064718920000,25.678919921875,-0.16937246918678284,-0.035970814526081085,-0.13384389877319336
1790108064728864000,25.688864013671875,-0.3171822726726532,-0.055905044078826904,-0.20884114503860474
1790108064738809000,25.69880908203125,-0.43775317072868347,-0.009167630225419998,-0.24807298183441162
1790108064748753200,25.708753173828125,-0.5698268413543701,-0.12539207935333252,-0.35681453347206116
1790108064758698000,25.718697998046874,-0.6801363229751587,-0.12916205823421478,-0.4370366632938385
1790108064768642000,25.72864208984375,-0.7668319344520569,0.025231733918190002,-0.4475800395011902
1790108064778587100,25.738587158203124,-0.8589077591896057,0.11201563477516174,-0.45450878143310547
1790108064788531000,25.748531005859373,-0.9787570834159851,0.02117409184575081,-0.5068132877349854
1790108064798476000,25.75847607421875,-1.102266788482666,-0.13317127525806427,-0.5867552757263184
1790108064808419800,25.768419921875,-1.1652811765670776,-0.05018465220928192,-0.5640653371810913
1790108064818364200,25.7783642578125,-1.153685212135315,0.27625444531440735,-0.43920886516571045
1790108064828308700,25.788308837890625,-1.1300911903381348,0.3668774366378784,-0.39746150374412537
1790108064838252800,25.798252685546874,-1.1656931638717651,0.14756159484386444,-0.4642205536365509
1790108064848197600,25.80819775390625,-1.1536872386932373,0.047092437744140625,-0.4692337214946747
1790108064858141700,25.8181416015625,-1.083423376083374,0.11927102506160736,-0.41235899925231934
1790108064868086800,25.828086669921873,-1.0164177417755127,0.19038528203964233,-0.4026713967323303
1790108064878030800,25.83803076171875,-0.97320157289505,0.16226789355278015,-0.4452473521232605
1790108064887975700,25.8479755859375,-0.9714888334274292,0.040504734963178635,-0.498675137758255
1790108064897920000,25.857919921875,-0.9613017439842224,0.040693286806344986,-0.48394066095352173
1790108064907864800,25.86786474609375,-0.9195289015769958,0.19208566844463348,-0.4120880961418152
1790108064917809000,25.877808837890626,-0.912272572517395,0.17142139375209808,-0.4187212288379669
1790108064927753700,25.887753662109375,-0.942347526550293,0.07170086354017258,-0.4420429766178131
1790108064937697800,25.89769775390625,-0.9828336834907532,0.008692067116498947,-0.44299745559692383
1790108064947641900,25.907641845703125,-1.0067403316497803,0.051336076110601425,-0.396201491355896
1790108064957586700,25.917586669921874,-1.009069800376892,0.15930114686489105,-0.33934780955314636
1790108064967530800,25.92753076171875,-1.022576928138733,0.14181488752365112,-0.33460044860839844
1790108064977475800,25.937475830078125,-1.060625672340393,0.06526417285203934,-0.3571491837501526
1790108064987420000,25.947419921875,-1.1329729557037354,0.037169717252254486,-0.36665305495262146
1790108064997364700,25.95736474609375,-1.2071433067321777,0.013871582224965096,-0.4481881260871887
1790108065007308800,25.967308837890624,-1.3048820495605469,0.006704160012304783,-0.5647476315498352
1790108065017254000,25.97725390625,-1.3856490850448608,0.09591739624738693,-0.6019749045372009
1790108065027198000,25.987197998046874,-1.3939251899719238,0.23316030204296112,-0.5701101422309875
1790108065037142800,25.997142822265626,-1.4015828371047974,0.1965695321559906,-0.5440939664840698
1790108065047086600,26.007086669921875,-1.4452545642852783,0.06406891345977783,-0.540596067905426
1790108065057032000,26.017031982421877,-1.4843034744262695,-0.09456094354391098,-0.5306534171104431
1790108065066975700,26.026975830078126,-1.4623358249664307,-0.1668921262025833,-0.5520799160003662
1790108065076919800,26.036919921875,-1.385797381401062,-0.2816533148288727,-0.5844413042068481
1790108065086864600,26.04686474609375,-1.3212153911590576,-0.4375162422657013,-0.6287282705307007
1790108065096808700,26.05680859375,-1.2875585556030273,-0.5226892232894897,-0.6632606983184814
1790108065106753800,26.06675390625,-1.3037240505218506,-0.49874231219291687,-0.6884263753890991
1790108065116697900,26.07669775390625,-1.324978232383728,-0.4358546733856201,-0.7340587973594666
1790108065126642700,26.086642578125,-1.384263038635254,-0.3577118515968323,-0.752590000629425
1790108065136586800,26.096586669921876,-1.4121665954589844,-0.3362763226032257,-0.7103239893913269
1790108065146531800,26.10653173828125,-1.3949055671691895,-0.4303000271320343,-0.6284171342849731
1790108065156476000,26.116475830078127,-1.352209210395813,-0.5929030776023865,-0.5909560918807983
1790108065166420700,26.126420654296876,-1.3033498525619507,-0.6724459528923035,-0.6015071868896484
1790108065176364500,26.136364501953125,-1.2817878723144531,-0.6724832653999329,-0.6360244154930115
1790108065186310000,26.146309814453126,-1.2832008600234985,-0.6584359407424927,-0.6827356219291687
1790108065196253700,26.156253662109375,-1.2956364154815674,-0.6943638324737549,-0.7181072235107422
1790108065206198800,26.16619873046875,-1.30695641040802,-0.6664370894432068,-0.702339768409729
1790108065216142800,26.176142822265625,-1.2936033010482788,-0.6071415543556213,-0.6774234771728516
1790108065226087000,26.1860869140625,-1.2837737798690796,-0.5409560203552246,-0.7225003838539124
1790108065236031700,26.19603173828125,-1.2847447395324707,-0.5729909539222717,-0.7625529766082764
1790108065245975800,26.205975830078124,-1.2562901973724365,-0.6252999305725098,-0.7111864686012268
1790108065255921000,26.2159208984375,-1.175004482269287,-0.61109459400177,-0.6014101505279541
1790108065265865000,26.225864990234374,-1.0852150917053223,-0.49820438027381897,-0.4660773277282715
1790108065275809800,26.235809814453123,-0.9979430437088013,-0.35167166590690613,-0.3176710605621338
1790108065285753600,26.245753662109376,-0.9080464243888855,-0.22609134018421173,-0.16724319756031036
1790108065295699000,26.255698974609373,-0.8240500688552856,-0.04641372337937355,-0.02302689477801323
1790108065305642800,26.265642822265626,-0.6973908543586731,0.26352670788764954,0.1286877542734146
1790108065315587800,26.275587890625,-0.5547178983688354,0.5153744220733643,0.2942439615726471
1790108065325531600,26.28553173828125,-0.44552865624427795,0.5121790766716003,0.395470529794693
1790108065335477000,26.29547705078125,-0.3422427475452423,0.4781302809715271,0.39993852376937866
1790108065345420800,26.3054208984375,-0.21351706981658936,0.4355332851409912,0.3785603642463684
1790108065355364900,26.31536474609375,-0.07689343392848969,0.4679354429244995,0.41804227232933044
1790108065365309700,26.325309814453124,0.061870768666267395,0.543948769569397,0.5425804853439331
1790108065375253800,26.335253662109373,0.1827351301908493,0.5584890842437744,0.682452917098999
1790108065385198800,26.34519873046875,0.297160267829895,0.5315887928009033,0.7546951770782471
1790108065395143000,26.355142822265623,0.3972615599632263,0.5618505477905273,0.7602806091308594
1790108065405087700,26.365087646484376,0.5134835839271545,0.5642223954200745,0.7507529258728027
1790108065415031600,26.375031494140625,0.6441830396652222,0.5270289778709412,0.7600305676460266
1790108065424977000,26.384976806640626,0.7651687860488892,0.5618874430656433,0.7980681657791138
1790108065434920700,26.394920654296875,0.8765171766281128,0.6220149993896484,0.827478289604187
1790108065444865800,26.40486572265625,0.970247209072113,0.6393744349479675,0.8204832673072815
1790108065454809600,26.4148095703125,1.048732042312622,0.6184806227684021,0.8155779838562012
1790108065464755000,26.4247548828125,1.1378865242004395,0.640152096748352,0.8262877464294434
1790108065474698800,26.43469873046875,1.245954990386963,0.6836063265800476,0.8398911952972412
1790108065484642800,26.444642822265624,1.3278861045837402,0.7465453743934631,0.8578675985336304
1790108065494587600,26.454587646484374,1.397375464439392,0.7759078145027161,0.8851468563079834
1790108065504532000,26.464531982421875,1.4972901344299316,0.7344463467597961,0.9065051078796387
1790108065514476800,26.474476806640624,1.6108430624008179,0.6729201078414917,0.9279640316963196
1790108065524420900,26.4844208984375,1.6785619258880615,0.615564227104187,0.9293407797813416
1790108065534366000,26.494365966796874,1.7202937602996826,0.5138413310050964,0.9078258872032166
1790108065544309800,26.504309814453126,1.7463129758834839,0.3627283573150635,0.8801090121269226
1790108065554254800,26.5142548828125,1.7502418756484985,0.23075568675994873,0.8236364126205444
1790108065564198700,26.52419873046875,1.7471829652786255,0.1205567866563797,0.7606526613235474
1790108065574144000,26.53414404296875,1.7895088195800781,0.09505009651184082,0.7552216649055481
1790108065584087800,26.544087890625,1.879694938659668,0.11638403683900833,0.7921158671379089
1790108065594032600,26.55403271484375,1.984692931175232,0.09795761853456497,0.7991761565208435
1790108065603976700,26.563976806640625,2.0617589950561523,-0.001849229447543621,0.7157037258148193
1790108065613921800,26.573921875,2.085747718811035,-0.15689127147197723,0.5376522541046143
1790108065623865900,26.583865966796875,2.1553025245666504,-0.304052472114563,0.3705582022666931
1790108065633810000,26.593809814453124,2.2318577766418457,-0.46501365303993225,0.2469579577445984
1790108065643754800,26.603754638671877,2.2554306983947754,-0.7572584748268127,0.10896486788988113
1790108065653698600,26.613698486328126,2.194225311279297,-1.0404536724090576,0.007010541390627623
1790108065663644000,26.623643798828127,2.0456385612487793,-1.2201050519943237,-0.053545910865068436
1790108065673587700,26.633587646484376,1.8692524433135986,-1.2581897974014282,-0.03375969082117081
1790108065683532800,26.64353271484375,1.6640701293945312,-1.2845362424850464,0.027660628780722618
1790108065693476600,26.6534765625,1.5118070840835571,-1.1659795045852661,0.17697501182556152
1790108065703422000,26.663421875,1.3908631801605225,-0.8910266160964966,0.4289363622665405
1790108065713365800,26.67336572265625,1.3755019903182983,-0.5014727115631104,0.7386968731880188
1790108065723310600,26.683310546875,1.3908194303512573,-0.1309051662683487,1.057329535484314
1790108065733254700,26.693254638671874,1.3850263357162476,-0.0799594298005104,1.203226923942566
1790108065743199700,26.70319970703125,1.3429763317108154,-0.3836292028427124,1.0232641696929932
1790108065753143800,26.713143798828124,1.2674314975738525,-0.7602174878120422,0.6975869536399841
1790108065763088000,26.723087890625,1.1829087734222412,-0.8440842628479004,0.5240896344184875
1790108065773032700,26.73303271484375,1.0553665161132812,-0.7616599202156067,0.5532115697860718
1790108065782976800,26.742976806640623,0.9823609590530396,-0.46496716141700745,0.7212463617324829
1790108065792921900,26.752921875,0.8603562116622925,-0.28639501333236694,0.7611003518104553
1790108065802865700,26.76286572265625,0.6946678757667542,-0.2262127548456192,0.6216997504234314
1790108065812811000,26.77281103515625,0.5278149843215942,-0.14205260574817657,0.4711472690105438
1790108065822754600,26.782754638671875,0.3737049698829651,-0.059352703392505646,0.3584500253200531
1790108065832699600,26.79269970703125,0.24853505194187164,0.09917808324098587,0.2959378957748413
1790108065842643700,26.802643798828125,0.13974829018115997,0.22549065947532654,0.2499527782201767
1790108065852588500,26.812588623046874,0.020348673686385155,0.20350173115730286,0.19487808644771576
1790108065862532600,26.82253271484375,-0.09520657360553741,0.18466432392597198,0.15482836961746216
1790108065872477700,26.832477783203124,-0.2217131108045578,0.043202269822359085,0.047406572848558426
1790108065882421800,26.842421875,-0.3477236330509186,-0.08206936717033386,-0.09061522781848907
1790108065892366600,26.85236669921875,-0.44392287731170654,0.022492989897727966,-0.1617482602596283
1790108065902310700,26.862310546875,-0.561837911605835,0.17706874012947083,-0.22853578627109528
1790108065912254500,26.87225439453125,-0.7034051418304443,0.3176777958869934,-0.2976591885089874
1790108065922199800,26.88219970703125,-0.8735004663467407,0.24305012822151184,-0.47242608666419983
1790108065932143600,26.8921435546875,-0.9809722900390625,0.3685435950756073,-0.5544474720954895
1790108065942088700,26.902088623046875,-1.0234078168869019,0.7088038325309753,-0.5005531311035156
1790108065952032500,26.912032470703124,-1.0616353750228882,0.8269674777984619,-0.49186086654663086
1790108065961977600,26.9219775390625,-1.1216580867767334,0.6836493015289307,-0.5404501557350159
1790108065971921700,26.931921630859375,-1.1233586072921753,0.527152419090271,-0.5560264587402344
1790108065981866500,26.941866455078124,-1.066512107849121,0.4857471287250519,-0.5411340594291687
1790108065991810600,26.951810546875,-0.9710391759872437,0.5124421119689941,-0.5171946287155151
1790108066001755600,26.961755615234374,-0.8954972624778748,0.4258151054382324,-0.5354517102241516
1790108066011699700,26.97169970703125,-0.8412433862686157,0.23461000621318817,-0.5439416170120239
1790108066021644500,26.98164453125,-0.7822213768959045,0.07159224152565002,-0.49329572916030884
1790108066031588600,26.991588623046876,-0.686771035194397,-0.04167786240577698,-0.45716196298599243
1790108066041532700,27.00153271484375,-0.6409831643104553,-0.14438855648040771,-0.48367124795913696
1790108066051477800,27.011477783203127,-0.6346592307090759,-0.1124013289809227,-0.4688856601715088
1790108066061421600,27.021421630859376,-0.6334032416343689,0.13799788057804108,-0.3559665083885193
1790108066071366700,27.03136669921875,-0.680235743522644,0.19817014038562775,-0.2993093729019165
1790108066081310700,27.041310791015626,-0.8301312327384949,0.036517396569252014,-0.33960601687431335
1790108066091255600,27.051255615234375,-0.9713408350944519,0.035688355565071106,-0.329881489276886
1790108066101199600,27.06119970703125,-1.050434947013855,0.11028645932674408,-0.31362420320510864
1790108066111144400,27.07114453125,-1.0638588666915894,0.17519409954547882,-0.3269392251968384
1790108066121088800,27.0810888671875,-1.0464035272598267,0.15065164864063263,-0.3729720115661621
1790108066131033600,27.09103369140625,-1.0369110107421875,0.060175806283950806,-0.45401015877723694
1790108066140977700,27.100977783203124,-1.0555806159973145,0.045292966067790985,-0.5079115033149719
1790108066150922500,27.110922607421877,-1.0924659967422485,0.07820910215377808,-0.5842936038970947
1790108066160866800,27.12086669921875,-1.1720470190048218,0.10646238178014755,-0.6866244673728943
1790108066170810600,27.130810546875,-1.26199209690094,0.1037622019648552,-0.7605434060096741
1790108066180755700,27.140755615234376,-1.323588490486145,0.011338845826685429,-0.7668087482452393
1790108066190699500,27.150699462890625,-1.3440889120101929,-0.02640613541007042,-0.7274754643440247
1790108066200644600,27.16064453125,-1.3275049924850464,0.006283327005803585,-0.674797773361206
1790108066210588700,27.170588623046875,-1.2986348867416382,0.02355526015162468,-0.677934467792511
1790108066220533500,27.180533447265624,-1.284084677696228,0.06243675574660301,-0.7043217420578003
1790108066230477600,27.1904775390625,-1.2654109001159668,0.12261328101158142,-0.7389090061187744
1790108066240422700,27.200422607421874,-1.1975749731063843,0.1852094680070877,-0.7491484880447388
1790108066250366700,27.21036669921875,-1.135130524635315,0.16260801255702972,-0.7270416021347046
1790108066260311600,27.2203115234375,-1.1201730966567993,0.071070097386837,-0.6792840957641602
1790108066270255600,27.230255615234373,-1.1365044116973877,0.05484744906425476,-0.6179363131523132
1790108066280200700,27.24020068359375,-1.1781291961669922,0.1466112732887268,-0.5347369313240051
1790108066290144800,27.250144775390623,-1.2247337102890015,0.26450833678245544,-0.41714218258857727
1790108066300089600,27.260089599609376,-1.2430330514907837,0.3504940867424011,-0.3135649263858795
1790108066310033700,27.27003369140625,-1.238929271697998,0.3740267753601074,-0.2565823495388031
1790108066319977700,27.279977783203126,-1.2555454969406128,0.28398212790489197,-0.32957106828689575
1790108066329922600,27.289922607421875,-1.283907175064087,0.05765204876661301,-0.5148645043373108
1790108066339866600,27.29986669921875,-1.3183324337005615,-0.22610971331596375,-0.6899453997612
1790108066349811500,27.3098115234375,-1.3137019872665405,-0.4720054864883423,-0.8119008541107178
1790108066359755800,27.319755859375,-1.298752784729004,-0.630964994430542,-0.8640664219856262
1790108066369700600,27.32970068359375,-1.2980321645736694,-0.6188215613365173,-0.8686074018478394
1790108066379644700,27.339644775390624,-1.2904198169708252,-0.5821688771247864,-0.8731656074523926
1790108066389589500,27.349589599609374,-1.2441686391830444,-0.6158695816993713,-0.8705708980560303
1790108066399533800,27.359533935546875,-1.1458138227462769,-0.6313713788986206,-0.8229144811630249
1790108066409478700,27.369478759765624,-1.0500012636184692,-0.546545147895813,-0.7378342151641846
1790108066419422700,27.379422607421876,-0.9878779649734497,-0.43512091040611267,-0.6992079615592957
1790108066429367600,27.389367431640625,-0.907606303691864,-0.3844068646430969,-0.6973466873168945
1790108066439311600,27.3993115234375,-0.7780606150627136,-0.3607177138328552,-0.7037805914878845
1790108066449255700,27.409255615234375,-0.604149580001831,-0.3296274244785309,-0.6401507258415222
1790108066459200500,27.419200439453125,-0.4698227643966675,-0.26265376806259155,-0.5190319418907166
1790108066469144600,27.42914453125,-0.36150509119033813,-0.12672628462314606,-0.3735831379890442
1790108066479089700,27.439089599609375,-0.2664650082588196,0.10401586443185806,-0.21418027579784393
1790108066489033700,27.44903369140625,-0.15274405479431152,0.3903714716434479,-0.09323599934577942
1790108066498978600,27.458978515625,-0.03628676384687424,0.5392542481422424,-0.004939512349665165
1790108066508922600,27.468922607421874,0.0848255455493927,0.5940945744514465,0.12561370432376862
1790108066518867700,27.47886767578125,0.20918691158294678,0.6719369292259216,0.3046382963657379
1790108066528811800,27.488811767578124,0.29269030690193176,0.7421682476997375,0.42313724756240845
1790108066538756600,27.498756591796877,0.37350335717201233,0.8198166489601135,0.4583700895309448
1790108066548700700,27.50870068359375,0.4707196354866028,0.8588759303092957,0.44225582480430603
1790108066558645800,27.518645751953127,0.5967767238616943,0.8230974078178406,0.39549922943115234
1790108066568589600,27.528589599609376,0.7446391582489014,0.7588558793067932,0.3623567223548889
1790108066578533600,27.53853369140625,0.8705653548240662,0.6830203533172607,0.3755972385406494
1790108066588478500,27.548478515625,0.9841499924659729,0.5817096829414368,0.411761611700058
1790108066598422800,27.5584228515625,1.0901049375534058,0.5335636138916016,0.4274667501449585
1790108066608367600,27.56836767578125,1.1834067106246948,0.5377980470657349,0.419618159532547
1790108066618311700,27.578311767578125,1.251723051071167,0.5162200927734375,0.4192449450492859
1790108066628256500,27.588256591796874,1.3164687156677246,0.49708184599876404,0.46033620834350586
1790108066638200800,27.598200927734375,1.4042261838912964,0.4648386240005493,0.5310890078544617
1790108066648145700,27.608145751953124,1.485257863998413,0.5007617473602295,0.5927193760871887
1790108066658089700,27.61808984375,1.5381150245666504,0.5527241230010986,0.6510940194129944
1790108066668034600,27.62803466796875,1.5944758653640747,0.5686242580413818,0.7372100353240967
1790108066677979000,27.637978759765623,1.6775457859039307,0.5646361112594604,0.8371628522872925
1790108066687923700,27.647923828125,1.746862769126892,0.4938282370567322,0.9097790122032166
1790108066697867500,27.657867431640625,1.7843163013458252,0.3410283625125885,0.9584785103797913
1790108066707812600,27.6678125,1.8610904216766357,0.20886550843715668,0.9719071984291077
1790108066717756700,27.677756591796875,1.9323197603225708,0.11274725943803787,0.9833207130432129
1790108066727700700,27.68770068359375,2.019531011581421,0.012155135162174702,0.9862334132194519
1790108066737645600,27.6976455078125,2.0836634635925293,-0.11834414303302765,0.9654750823974609
1790108066747589600,27.707589599609374,2.08943510055542,-0.308981716632843,0.9048588871955872
1790108066757534700,27.71753466796875,2.09262752532959,-0.44799256324768066,0.8535983562469482
1790108066767478800,27.727478759765624,2.0819337368011475,-0.5000168681144714,0.8568782806396484
1790108066777423600,27.737423583984373,2.0024399757385254,-0.6467756628990173,0.8350290656089783
1790108066787367700,27.74736767578125,1.962323784828186,-0.8853394985198975,0.7652177810668945
1790108066797312800,27.757312744140624,1.9343547821044922,-0.9367361068725586,0.8049289584159851
1790108066807256600,27.767256591796876,1.8812968730926514,-0.8529977798461914,0.8841527104377747
1790108066817201700,27.77720166015625,1.7259553670883179,-0.7797343730926514,0.9678155779838562
1790108066827146200,27.787146240234375,1.5706771612167358,-0.9257325530052185,0.9961569905281067
1790108066837091300,27.79709130859375,1.4011086225509644,-1.1385185718536377,0.9427732229232788
1790108066847035400,27.807035400390625,1.2662594318389893,-1.163535237312317,0.919744610786438
1790108066856980200,27.816980224609374,1.167419195175171,-1.161552906036377,0.8903352618217468
1790108066866924300,27.82692431640625,1.0967631340026855,-1.0730539560317993,0.9018779397010803
1790108066876868600,27.83686865234375,1.0249152183532715,-0.8545265197753906,0.9411805272102356
1790108066886813400,27.8468134765625,0.9784748554229736,-0.6800900101661682,0.9864487051963806
1790108066896757200,27.85675732421875,0.9863544702529907,-0.5641905665397644,1.030043363571167
1790108066906702600,27.86670263671875,1.040789246559143,-0.6309405565261841,0.965541422367096
1790108066916646400,27.876646484375,1.059190273284912,-0.6551821827888489,0.8184143900871277
1790108066926591500,27.886591552734377,1.0323344469070435,-0.6567981839179993,0.6736484169960022
1790108066936535300,27.896535400390626,0.9792088270187378,-0.40794941782951355,0.5418785214424133
1790108066946480600,27.906480712890627,0.8635469675064087,-0.030863897874951363,0.47069835662841797
1790108066956424400,27.916424560546876,0.7586141228675842,0.14969240128993988,0.27384206652641296
1790108066966369300,27.926369384765625,0.6074197888374329,0.10914897173643112,-0.02940303459763527
1790108066976313300,27.936313232421874,0.3911536633968353,0.2016741931438446,-0.15571579337120056
1790108066986258400,27.946258544921875,0.10558183491230011,0.5236449837684631,-0.0536581426858902
1790108066996202500,27.956202392578124,-0.08246688544750214,0.7345977425575256,0.02337685227394104
1790108067006146300,27.966146240234377,-0.21494023501873016,0.8202793598175049,0.00911695510149002
1790108067016091400,27.97609130859375,-0.3610343635082245,0.7704305648803711,-0.060919515788555145
1790108067026035200,27.98603515625,-0.4819437265396118,0.7443347573280334,-0.12935078144073486
1790108067035980500,27.99598046875,-0.6182003617286682,0.5926010012626648,-0.27701592445373535
1790108067045924400,28.00592431640625,-0.7383370995521545,0.39505308866500854,-0.4247017800807953
1790108067055869400,28.015869384765626,-0.8366417288780212,0.12005211412906647,-0.5768523812294006
1790108067065813200,28.025813232421875,-0.8845967054367065,-0.04547905921936035,-0.6371748447418213
1790108067075758300,28.03575830078125,-0.8713695406913757,0.017967309802770615,-0.5740429162979126
1790108067085702400,28.045702392578125,-0.840648889541626,0.12071925401687622,-0.4816933274269104
1790108067095647200,28.055647216796874,-0.8279933929443359,0.09694024175405502,-0.41872626543045044
1790108067105591300,28.06559130859375,-0.8077096939086914,0.034076061099767685,-0.3804185688495636
1790108067115536400,28.075536376953124,-0.7815735340118408,-0.0631454586982727,-0.37707507610321045
1790108067125480400,28.08548046875,-0.7376566529273987,-0.0908641666173935,-0.37689051032066345
1790108067135425300,28.09542529296875,-0.6806125044822693,0.007485833950340748,-0.3598591685295105
1790108067145369300,28.105369384765623,-0.6364240050315857,0.13450796902179718,-0.35832253098487854
1790108067155313400,28.1153134765625,-0.6149147748947144,0.34242528676986694,-0.3255365788936615
1790108067165258500,28.125258544921873,-0.5987643003463745,0.5141049027442932,-0.3037050664424896
1790108067175202300,28.135202392578126,-0.613801896572113,0.5214465856552124,-0.367911696434021
1790108067185147400,28.1451474609375,-0.6393789052963257,0.40068528056144714,-0.5206093192100525
1790108067195091500,28.155091552734376,-0.6603007912635803,0.2895453870296478,-0.7085039019584656
1790108067205036300,28.165036376953125,-0.6290376782417297,0.4784117043018341,-0.7224474549293518
1790108067214980400,28.17498046875,-0.4915003478527069,1.1755822896957397,-0.40252816677093506
1790108067224925400,28.184925537109375,-0.5160227417945862,1.3239946365356445,-0.23751842975616455
1790108067234869500,28.194869384765624,-0.8273711800575256,0.7353193163871765,-0.3614959120750427
1790108067244814300,28.204814453125,-1.0432946681976318,0.33899030089378357,-0.5048450827598572
1790108067254758400,28.21475830078125,-1.1469365358352661,0.14004960656166077,-0.6166252493858337
1790108067264703500,28.224703369140624,-1.193874478340149,0.018874451518058777,-0.713288426399231
1790108067274647600,28.2346474609375,-1.184553861618042,-0.12847182154655457,-0.7972162365913391
1790108067284591400,28.24459130859375,-1.1550614833831787,-0.20200036466121674,-0.8024727702140808
1790108067294536400,28.254536376953126,-1.1466647386550903,-0.055085208266973495,-0.776431679725647
1790108067304480300,28.264480224609375,-1.1852613687515259,0.2685626447200775,-0.7854952216148376
1790108067314425300,28.27442529296875,-1.243494987487793,0.6059916615486145,-0.7939025163650513
1790108067324369400,28.284369384765625,-1.285704255104065,0.8130229115486145,-0.7709399461746216
1790108067334314200,28.294314208984375,-1.3256646394729614,0.7206100821495056,-0.7308800220489502
1790108067344258300,28.30425830078125,-1.3537639379501343,0.4226478934288025,-0.6640559434890747
1790108067354203400,28.314203369140625,-1.3156871795654297,0.11799200624227524,-0.6410138010978699
1790108067364147500,28.3241474609375,-1.2434196472167969,-0.02299414575099945,-0.7057853937149048
1790108067374092300,28.33409228515625,-1.1952773332595825,0.04299026355147362,-0.7808051109313965
1790108067384036400,28.344036376953124,-1.1820319890975952,0.18359769880771637,-0.8212065696716309
1790108067393981400,28.3539814453125,-1.185970425605774,0.18319246172904968,-0.8157948851585388
1790108067403925500,28.363925537109374,-1.2149831056594849,0.032005079090595245,-0.7718788385391235
1790108067413870300,28.373870361328127,-1.2661263942718506,-0.13438494503498077,-0.7332629561424255
1790108067423814400,28.383814453125,-1.2728463411331177,-0.2830902636051178,-0.7792994379997253
1790108067433758500,28.393758544921877,-1.2735925912857056,-0.34051597118377686,-0.8542828559875488
1790108067443703300,28.403703369140626,-1.306817650794983,-0.37575358152389526,-0.8527885675430298
1790108067453647400,28.4136474609375,-1.3413103818893433,-0.5139886140823364,-0.8302401900291443
1790108067463592200,28.42359228515625,-1.2918933629989624,-0.5855749249458313,-0.8008697628974915
1790108067473536500,28.43353662109375,-1.2074426412582397,-0.5799807906150818,-0.7886635065078735
1790108067483481300,28.4434814453125,-1.120229721069336,-0.47796738147735596,-0.8297877907752991
1790108067493425400,28.45342529296875,-1.0964499711990356,-0.4089624285697937,-0.9530767798423767
1790108067503370200,28.463370361328124,-1.1851143836975098,-0.4384081959724426,-1.0556602478027344
1790108067513314600,28.473314453125,-1.311769962310791,-0.5506772994995117,-1.0024522542953491
1790108067523259400,28.48325927734375,-1.2993849515914917,-0.6384322047233582,-0.7667713165283203
1790108067533203500,28.493203369140623,-1.1766650676727295,-0.6708014011383057,-0.5191458463668823
1790108067543148500,28.5031484375,-1.111472249031067,-0.6950441598892212,-0.44059696793556213
1790108067553092400,28.51309228515625,-1.07284414768219,-0.7140627503395081,-0.5116517543792725
1790108067563036400,28.523036376953126,-1.0325651168823242,-0.6765742301940918,-0.6180919408798218
1790108067572981200,28.532981201171875,-0.9638912081718445,-0.6558723449707031,-0.6582478284835815
1790108067582925300,28.54292529296875,-0.9045983552932739,-0.66454017162323,-0.6451072692871094
1790108067592870400,28.552870361328125,-0.8400819897651672,-0.5807594656944275,-0.5746087431907654
1790108067602814500,28.562814453125,-0.7242685556411743,-0.41544005274772644,-0.3920120298862457
1790108067612759300,28.57275927734375,-0.5664006471633911,-0.2527022957801819,-0.14423885941505432
1790108067622703400,28.582703369140624,-0.400130957365036,-0.04245930165052414,0.10364098101854324
1790108067632648400,28.5926484375,-0.2632058560848236,0.1938878446817398,0.35041993856430054
1790108067642592500,28.602592529296874,-0.16380761563777924,0.2875075340270996,0.5173708200454712
1790108067652537300,28.612537353515624,-0.03358309343457222,0.2962842583656311,0.6380947232246399
1790108067662481400,28.6224814453125,0.11237863451242447,0.35720619559288025,0.7095518708229065
1790108067672426500,28.632426513671874,0.20248864591121674,0.35415783524513245,0.7240417003631592
1790108067682370300,28.642370361328126,0.2923397123813629,0.3100489675998688,0.7285826802253723
1790108067692314400,28.652314453125,0.3946080505847931,0.32882386445999146,0.7890213131904602
1790108067702259200,28.66225927734375,0.4939868152141571,0.3855507969856262,0.9105945825576782
1790108067712203500,28.67220361328125,0.5904648303985596,0.4500584602355957,0.9779496788978577
1790108067722148400,28.6821484375,0.6816394925117493,0.5022681355476379,0.9707745909690857
1790108067732092400,28.692092529296875,0.7735425233840942,0.42539048194885254,0.96187424659729
1790108067742037200,28.702037353515625,0.8804319500923157,0.37789031863212585,0.9414967894554138
1790108067751981600,28.711981689453125,0.9868872165679932,0.43348827958106995,0.9218813180923462
1790108067761926400,28.721926513671875,1.0675785541534424,0.44775617122650146,0.9239977598190308
1790108067771870500,28.731870361328124,1.1431297063827515,0.4939047396183014,0.9742533564567566
1790108067781815300,28.741815185546876,1.2255463600158691,0.6076900959014893,1.0504319667816162
1790108067791759600,28.751759521484374,1.3200178146362305,0.7206836342811584,1.1027675867080688
1790108067801704400,28.761704345703127,1.4121648073196411,0.7423534989356995,1.149206280708313
1790108067811648300,28.771648193359376,1.5194404125213623,0.7727207541465759,1.189016342163086
1790108067821592300,28.78159228515625,1.621432900428772,0.8166275024414062,1.1890925168991089
1790108067831536400,28.791536376953125,1.6990625858306885,0.7271307110786438,1.1214841604232788
1790108067841480200,28.801480224609374,1.7591335773468018,0.5648885369300842,1.0296679735183716
1790108067851425300,28.81142529296875,1.7889796495437622,0.4368269741535187,0.9195849895477295
1790108067861369300,28.821369384765624,1.8047593832015991,0.3439207375049591,0.7717207074165344
1790108067871314200,28.831314208984374,1.8513520956039429,0.18860004842281342,0.6147711277008057
1790108067881258200,28.84125830078125,1.9101054668426514,0.0152109544724226,0.4873809218406677
1790108067891203000,28.851203125,1.9660636186599731,-0.11478306353092194,0.4022684097290039
1790108067901147400,28.8611474609375,2.0141358375549316,-0.14379820227622986,0.39423099160194397
1790108067911092200,28.87109228515625,2.0233359336853027,-0.08932816982269287,0.44653502106666565
1790108067921036300,28.881036376953126,1.9827585220336914,-0.35643044114112854,0.33095037937164307
1790108067930981400,28.8909814453125,1.9958887100219727,-0.4705353379249573,0.19638633728027344
1790108067940925400,28.900925537109377,2.010972738265991,-0.6296844482421875,0.06453883647918701
1790108067950870300,28.910870361328126,2.0583088397979736,-0.8132348656654358,0.0041755069978535175
1790108067960814300,28.920814453125,2.081070899963379,-0.9699674844741821,0.0133889801800251
1790108067970759400,28.930759521484376,2.0525407791137695,-1.0129514932632446,0.0949058011174202
1790108067980703200,28.940703125,1.9266630411148071,-0.8988733291625977,0.20668160915374756
1790108067990647300,28.950647216796874,1.7583893537521362,-0.6933382749557495,0.3470190167427063
1790108068000592100,28.960592041015627,1.6129785776138306,-0.44924065470695496,0.5810235142707825
1790108068010536200,28.9705361328125,1.5472246408462524,-0.31068313121795654,0.800848126411438
1790108068020481300,28.980481201171877,1.5083612203598022,-0.2920151948928833,0.8994671106338501
1790108068030425300,28.99042529296875,1.449911117553711,-0.4709130823612213,0.7672994136810303
1790108068040370200,29.0003701171875,1.3184268474578857,-0.7110780477523804,0.599491536617279
1790108068050314200,29.010314208984376,1.1760207414627075,-0.8045963644981384,0.5363051891326904
1790108068060259300,29.02025927734375,1.0504844188690186,-0.7761966586112976,0.5914536714553833
1790108068070203400,29.030203369140626,0.9601633548736572,-0.6251257061958313,0.7048965692520142
1790108068080148200,29.040148193359375,0.8973697423934937,-0.43229395151138306,0.7966755032539368
1790108068090092300,29.05009228515625,0.8521178364753723,-0.3894876539707184,0.7405287623405457
1790108068100037400,29.060037353515625,0.7607730031013489,-0.22247016429901123,0.6459508538246155
1790108068109981200,29.069981201171874,0.7093349099159241,-0.055797263979911804,0.5319869518280029
1790108068119925200,29.07992529296875,0.6399012207984924,-0.030629590153694153,0.4065568745136261
1790108068129870000,29.0898701171875,0.49903765320777893,-0.0619913674890995,0.2658592164516449
1790108068139814400,29.099814453125,0.3301610052585602,-0.09204993396997452,0.1413964033126831
1790108068149759200,29.10975927734375,0.14704547822475433,0.058179497718811035,0.09969554096460342
1790108068159703300,29.119703369140623,-0.03834889084100723,0.1792348176240921,0.07752446085214615
1790108068169648000,29.129648193359376,-0.1908692568540573,0.16098998486995697,0.023043222725391388
1790108068179592400,29.139592529296873,-0.3207915425300598,0.043421268463134766,-0.07247477769851685
1790108068189537300,29.149537353515626,-0.4062998294830322,-0.022439341992139816,-0.17154136300086975
1790108068199481300,29.1594814453125,-0.4628475308418274,0.0909990668296814,-0.19003409147262573
1790108068209426200,29.16942626953125,-0.5643079280853271,0.07266931235790253,-0.2518404722213745
1790108068219370200,29.179370361328125,-0.6751201748847961,0.10145142674446106,-0.2886429727077484
1790108068229315300,29.1893154296875,-0.7851064801216125,0.11517684906721115,-0.33931824564933777
1790108068239259100,29.199259033203123,-0.884371817111969,0.12741459906101227,-0.39813095331192017
1790108068249204500,29.20920458984375,-0.9339502453804016,0.21062344312667847,-0.40785643458366394
1790108068259148300,29.219148193359374,-0.9794671535491943,0.16355127096176147,-0.4439356029033661
1790108068269093400,29.22909326171875,-1.0028412342071533,0.16358578205108643,-0.43483421206474304
1790108068279037200,29.239037109375,-0.9840864539146423,0.25109779834747314,-0.3752022981643677
1790108068288981200,29.248981201171876,-0.9758363962173462,0.15617957711219788,-0.3966052830219269
1790108068298926300,29.25892626953125,-0.9769852757453918,0.0815439522266388,-0.43091320991516113
1790108068308870400,29.268870361328126,-0.9553183317184448,0.0704638883471489,-0.43081650137901306
1790108068318815200,29.278815185546875,-0.922067403793335,0.07966058701276779,-0.4100686013698578
1790108068328759300,29.28875927734375,-0.8953714370727539,0.18160156905651093,-0.3187669515609741
1790108068338704400,29.298704345703126,-0.8631261587142944,0.1815512329339981,-0.24857401847839355
1790108068348648200,29.308648193359375,-0.8642091751098633,0.052692461758852005,-0.2519775927066803
1790108068358593300,29.31859326171875,-0.8666150569915771,0.01301668956875801,-0.2636909782886505
1790108068368537000,29.328537109375,-0.8395828008651733,0.1834525316953659,-0.2312716841697693
1790108068378482400,29.338482421875,-0.8366453647613525,0.2902357280254364,-0.2662922739982605
1790108068388426200,29.34842626953125,-0.9038809537887573,0.30016326904296875,-0.32667380571365356
1790108068398371300,29.358371337890624,-0.9806697368621826,0.3356400430202484,-0.3454815745353699
1790108068408315100,29.368315185546876,-0.9946540594100952,0.42251095175743103,-0.34775087237358093
1790108068418259500,29.378259521484374,-0.9911218881607056,0.4879924952983856,-0.38031521439552307
1790108068428204300,29.388204345703127,-1.0191694498062134,0.5142885446548462,-0.4063624143600464
1790108068438148400,29.3981484375,-1.1085385084152222,0.5006861686706543,-0.4341641962528229
1790108068448093200,29.40809326171875,-1.1723335981369019,0.4301477372646332,-0.452180951833725
1790108068458037500,29.41803759765625,-1.1557029485702515,0.3899390697479248,-0.48942869901657104
1790108068467982300,29.427982421875,-1.132890224456787,0.36552563309669495,-0.5058143138885498
1790108068477926100,29.437926025390624,-1.1420035362243652,0.3292110562324524,-0.5192265510559082
1790108068487871200,29.447871337890625,-1.1997076272964478,0.33279404044151306,-0.5549176931381226
1790108068497815300,29.457815185546874,-1.2776951789855957,0.34414389729499817,-0.6286063194274902
1790108068507760400,29.467760498046875,-1.3510631322860718,0.3489481210708618,-0.7173837423324585
1790108068517704200,29.4777041015625,-1.391223430633545,0.308884859085083,-0.7605341076850891
1790108068527649300,29.487649169921873,-1.3885854482650757,0.2150629609823227,-0.7566237449645996
1790108068537593300,29.49759326171875,-1.3606318235397339,0.07502516359090805,-0.7468368411064148
1790108068547538200,29.5075380859375,-1.3088828325271606,-0.007564345374703407,-0.7584420442581177
1790108068557482200,29.517482177734376,-1.2360706329345703,-0.012141520157456398,-0.7991913557052612
1790108068567426300,29.52742626953125,-1.2123401165008545,0.024330027401447296,-0.8306142091751099
1790108068577371400,29.537371337890626,-1.23740816116333,0.06696829944849014,-0.8385323286056519
1790108068587315200,29.547315185546875,-1.249009132385254,0.012662756256759167,-0.8931893110275269
1790108068597260300,29.55726025390625,-1.2745670080184937,-0.10413762927055359,-0.9585432410240173
1790108068607204000,29.5672041015625,-1.2808456420898438,-0.3029835820198059,-1.0447381734848022
1790108068617149400,29.5771494140625,-1.3057695627212524,-0.4747188687324524,-1.1235922574996948
1790108068627093200,29.58709326171875,-1.3185651302337646,-0.5566705465316772,-1.1539455652236938
1790108068637038300,29.597038330078124,-1.308733582496643,-0.5680376887321472,-1.123260259628296
1790108068646982100,29.606982177734373,-1.3043254613876343,-0.5558382868766785,-1.0317429304122925
1790108068656927200,29.61692724609375,-1.3111162185668945,-0.47234392166137695,-0.9078720808029175
1790108068666871300,29.626871337890623,-1.3289481401443481,-0.3747044503688812,-0.806592583656311
1790108068676816100,29.636816162109376,-1.3146097660064697,-0.4072149693965912,-0.7693139314651489
1790108068686760200,29.64676025390625,-1.2561426162719727,-0.4777851104736328,-0.8445196747779846
1790108068696705300,29.656705322265626,-1.1675522327423096,-0.596950113773346,-0.9802154898643494
1790108068706649300,29.6666494140625,-1.0814164876937866,-0.7245661616325378,-1.057795524597168
1790108068716593200,29.67659326171875,-0.9730127453804016,-0.7625513672828674,-1.0759468078613281
1790108068726538200,29.686538330078125,-0.8938666582107544,-0.6913787722587585,-1.0298857688903809
1790108068736482300,29.696482421875,-0.7967768311500549,-0.5775880217552185,-0.9146270751953125
1790108068746427400,29.706427490234375,-0.6934002637863159,-0.4458388090133667,-0.7346077561378479
1790108068756371200,29.71637109375,-0.6193134784698486,-0.311735063791275,-0.5057919025421143
1790108068766316300,29.72631640625,-0.5303158760070801,-0.1269582062959671,-0.24652501940727234
1790108068776260400,29.73626025390625,-0.42627012729644775,0.028641773387789726,-0.01901037059724331
1790108068786205200,29.746205078125,-0.3043462336063385,0.11472276598215103,0.1498943269252777
1790108068796149200,29.756149169921876,-0.18775999546051025,0.14753930270671844,0.2656254470348358
1790108068806094000,29.766093994140626,-0.0762815922498703,0.19891494512557983,0.3326461911201477
1790108068816038400,29.776038330078126,0.034359171986579895,0.30844488739967346,0.383205771446228
1790108068825984300,29.785984375,0.14766891300678253,0.3919108808040619,0.4755200445652008
1790108068835928300,29.79592822265625,0.27872493863105774,0.45472872257232666,0.6152715682983398
1790108068845872000,29.8058720703125,0.4107663333415985,0.536382257938385,0.721295177936554
1790108068855817000,29.81581689453125,0.5297811627388,0.5830355882644653,0.8046799898147583
1790108068865761300,29.82576123046875,0.6248161196708679,0.6676056981086731,0.8938571810722351
1790108068875706000,29.8357060546875,0.6915903687477112,0.7368345856666565,0.9809779524803162
1790108068885650200,29.845650146484374,0.7469348311424255,0.7167576551437378,1.052659034729004
1790108068895595300,29.85559521484375,0.8191632032394409,0.6302450895309448,1.1000680923461914
1790108068905539300,29.865539306640624,0.9145812392234802,0.5714343190193176,1.1068930625915527
1790108068915484200,29.875484130859373,1.0097777843475342,0.5333332419395447,1.0901614427566528
1790108068925428200,29.88542822265625,1.0812523365020752,0.4748680889606476,1.0735691785812378
1790108068935373300,29.895373291015623,1.1426554918289185,0.4095916152000427,1.108367919921875
1790108068945317400,29.9053173828125,1.223742961883545,0.430262953042984,1.169960379600525
1790108068955262200,29.91526220703125,1.3062546253204346,0.48573341965675354,1.2075275182724
1790108068965206300,29.925206298828126,1.3875032663345337,0.49744167923927307,1.2050622701644897
1790108068975151400,29.9351513671875,1.4769234657287598,0.46198514103889465,1.19008469581604
1790108068985095200,29.94509521484375,1.5526894330978394,0.4158971607685089,1.1663447618484497
1790108068995039200,29.955039306640625,1.5981043577194214,0.354474812746048,1.124798059463501
1790108069004984000,29.964984130859374,1.6470178365707397,0.18570692837238312,1.0551939010620117
1790108069014928100,29.97492822265625,1.7410516738891602,0.08966375887393951,0.9550901651382446
1790108069024873200,29.984873291015624,1.8306516408920288,0.03841056674718857,0.8974598050117493
1790108069034817300,29.9948173828125,1.9023839235305786,0.019737280905246735,0.8686332106590271
1790108069044762000,30.00476220703125,1.9528493881225586,-0.011102666147053242,0.8480350971221924
1790108069054706200,30.0147060546875,1.9513598680496216,-0.10136598348617554,0.7962033152580261
1790108069064651300,30.0246513671875,1.9006067514419556,-0.20974479615688324,0.6599327921867371
1790108069074595300,30.03459521484375,1.8232916593551636,-0.19916298985481262,0.5168907046318054
1790108069084540200,30.0445400390625,1.8203071355819702,-0.2532210052013397,0.3415220081806183
1790108069094484000,30.05448388671875,1.8178093433380127,-0.4108838438987732,0.22948230803012848
1790108069104429300,30.06442919921875,1.870044469833374,-0.48558947443962097,0.21480031311511993
1790108069114373000,30.074373046875,1.9114062786102295,-0.6401998400688171,0.1533348113298416
1790108069124318200,30.084318115234375,1.9361517429351807,-0.8247098326683044,0.08276982605457306
1790108069134262000,30.094261962890624,1.9171282052993774,-0.8792856931686401,0.09038140624761581
1790108069144206300,30.104206298828124,1.8773707151412964,-0.8944780230522156,0.19043554365634918
1790108069154151200,30.114151123046874,1.8497984409332275,-0.8548533916473389,0.37304848432540894
1790108069164095200,30.12409521484375,1.8597062826156616,-0.6054445505142212,0.6084929704666138
1790108069174040000,30.1340400390625,1.8750245571136475,-0.46791037917137146,0.7034189701080322
1790108069183984400,30.143984375,1.7845566272735596,-0.4432237148284912,0.6210846900939941
1790108069193929200,30.15392919921875,1.5829353332519531,-0.5482579469680786,0.471285343170166
1790108069203873300,30.163873291015626,1.3693591356277466,-0.5204020738601685,0.4169374406337738
1790108069213818400,30.173818359375,1.2294533252716064,-0.33360496163368225,0.46437233686447144
1790108069223762200,30.18376220703125,1.1242905855178833,-0.18846794962882996,0.4940091073513031
1790108069233707300,30.193707275390626,1.031005620956421,-0.00524194585159421,0.5161788463592529
1790108069243651000,30.203651123046875,0.9745799899101257,0.11956951767206192,0.4958197772502899
1790108069253596400,30.213596435546876,0.8626510500907898,0.20468175411224365,0.44094404578208923
1790108069263540200,30.223540283203125,0.779136598110199,0.19397860765457153,0.30217766761779785
1790108069273485000,30.233485107421874,0.6804315447807312,-0.0060096196830272675,0.09993854910135269
1790108069283429000,30.24342919921875,0.5370432138442993,0.0348629355430603,0.06430158019065857
1790108069293373200,30.253373291015624,0.3842557668685913,0.1181144118309021,0.04720541089773178
1790108069303318300,30.263318359375,0.20880943536758423,0.10754088312387466,-0.01963246613740921
1790108069313262300,30.273262451171874,0.06009718030691147,0.16211864352226257,-0.04092630371451378
1790108069323207200,30.283207275390627,-0.06923612207174301,0.2039162665605545,-0.06807491183280945
1790108069333151000,30.29315087890625,-0.18500879406929016,0.22138553857803345,-0.10288375616073608
1790108069343096300,30.303096435546873,-0.2934097647666931,0.1823635846376419,-0.152971550822258
1790108069353040100,30.3130400390625,-0.4237733483314514,0.04145573079586029,-0.2616194486618042
1790108069362985200,30.322985107421875,-0.5246977210044861,0.0859319269657135,-0.31282711029052734
1790108069372929000,30.332928955078124,-0.607491672039032,0.18948867917060852,-0.3510328233242035
1790108069382874400,30.342874267578125,-0.7081193923950195,0.23318934440612793,-0.41452306509017944
1790108069392818200,30.352818115234374,-0.8133352398872375,0.21185076236724854,-0.4891405701637268
1790108069402763000,30.362762939453123,-0.8936636447906494,0.2216448038816452,-0.5086183547973633
1790108069412707000,30.37270703125,-0.9455630779266357,0.2846168577671051,-0.47704875469207764
1790108069422652200,30.382652099609373,-0.9712291955947876,0.362439900636673,-0.4187142550945282
1790108069432596200,30.39259619140625,-0.9947624802589417,0.37986230850219727,-0.3695477843284607
1790108069442540300,30.402540283203123,-1.0237109661102295,0.2900540232658386,-0.36371126770973206
1790108069452485000,30.412485107421876,-1.0248808860778809,0.2614617943763733,-0.367265522480011
1790108069462429200,30.42242919921875,-1.0024064779281616,0.2814083993434906,-0.3853125274181366
1790108069472374300,30.432374267578126,-0.9548740386962891,0.37860366702079773,-0.3704099953174591
1790108069482318000,30.442318115234375,-0.9013537168502808,0.3832245469093323,-0.3683508038520813
1790108069492263200,30.45226318359375,-0.8765855431556702,0.2847224771976471,-0.38121548295021057
1790108069502207200,30.462207275390625,-0.8748721480369568,0.18463392555713654,-0.4124000668525696
1790108069512152300,30.47215234375,-0.8590625524520874,0.22650067508220673,-0.40214022994041443
1790108069522096000,30.48209619140625,-0.8568136096000671,0.30561915040016174,-0.38241222500801086
1790108069532041200,30.492041259765625,-0.8923803567886353,0.2830755114555359,-0.4023750126361847
1790108069541985300,30.5019853515625,-0.9767618179321289,0.15946941077709198,-0.44960445165634155
1790108069551930000,30.51193017578125,-1.0479745864868164,0.11303213238716125,-0.45404180884361267
1790108069561874200,30.521874267578124,-1.05971360206604,0.15189588069915771,-0.42288094758987427
1790108069571819300,30.5318193359375,-1.0128164291381836,0.17813894152641296,-0.42141807079315186
1790108069581763300,30.541763427734374,-0.9934942126274109,0.14552827179431915,-0.42696133255958557
1790108069591707100,30.55170703125,-1.046528697013855,0.06731229275465012,-0.4842621684074402
1790108069601652200,30.56165234375,-1.1597472429275513,0.007562338374555111,-0.5494182705879211
1790108069611596000,30.571595947265624,-1.2625823020935059,0.0230448916554451,-0.6190575361251831
1790108069621541400,30.581541259765626,-1.3263587951660156,0.09463733434677124,-0.6708501577377319
1790108069631485200,30.591485107421875,-1.3801496028900146,0.11165040731430054,-0.6705540418624878
1790108069641430000,30.601429931640624,-1.3957146406173706,0.08046285808086395,-0.6855543255805969
1790108069651374000,30.6113740234375,-1.3860619068145752,-0.0021830182522535324,-0.7244247794151306
1790108069661319200,30.621319091796874,-1.3791323900222778,-0.06973836570978165,-0.7652294635772705
1790108069671263200,30.63126318359375,-1.3666112422943115,-0.15348120033740997,-0.8321983814239502
1790108069681208000,30.6412080078125,-1.3442118167877197,-0.2517622709274292,-0.9000985622406006
1790108069691152100,30.651152099609376,-1.3350449800491333,-0.3226678669452667,-0.933906078338623
1790108069701097200,30.66109716796875,-1.3248488903045654,-0.3462512493133545,-0.926939845085144
1790108069711041300,30.671041259765627,-1.315294861793518,-0.31358280777931213,-0.923954963684082
1790108069720986000,30.680986083984376,-1.309661865234375,-0.2783946394920349,-0.964023768901825
1790108069730930200,30.69093017578125,-1.3136703968048096,-0.3148437440395355,-1.0190383195877075
1790108069740874200,30.700874267578126,-1.306118369102478,-0.36769452691078186,-1.0561834573745728
1790108069750819300,30.7108193359375,-1.273447871208191,-0.4179909825325012,-1.0377020835876465
1790108069760763100,30.72076318359375,-1.216205358505249,-0.49125128984451294,-1.0277968645095825
1790108069770708000,30.7307080078125,-1.2086197137832642,-0.46837925910949707,-0.9819966554641724
1790108069780652300,30.74065234375,-1.2478206157684326,-0.44599372148513794,-0.9457364678382874
1790108069790597000,30.75059716796875,-1.2510957717895508,-0.6089695692062378,-1.0152850151062012
1790108069800541200,30.760541259765624,-1.2227587699890137,-0.7328611016273499,-1.0643627643585205
1790108069810486000,30.770486083984373,-1.215128779411316,-0.8056783080101013,-1.0689574480056763
1790108069820430300,30.780430419921874,-1.2210485935211182,-0.8387123942375183,-1.029061198234558
1790108069830375400,30.79037548828125,-1.2132381200790405,-0.8408586382865906,-0.9570953845977783
1790108069840319500,30.800319580078124,-1.1928528547286987,-0.8302523493766785,-0.9112233519554138
1790108069850264300,30.810264404296873,-1.141808271408081,-0.7655282020568848,-0.8557478189468384
1790108069860208400,30.82020849609375,-1.1141124963760376,-0.7325475215911865,-0.7797683477401733
1790108069870152200,30.830152099609375,-1.067230224609375,-0.5953621864318848,-0.6742112636566162
1790108069880097300,30.84009716796875,-0.978061854839325,-0.41675621271133423,-0.5356497764587402
1790108069890041300,30.850041259765625,-0.8598920702934265,-0.30719536542892456,-0.41583842039108276
1790108069899986200,30.859986083984374,-0.738074541091919,-0.24598576128482819,-0.3001525402069092
1790108069909930200,30.86993017578125,-0.6244038939476013,-0.1975596398115158,-0.19611401855945587
1790108069919875300,30.879875244140624,-0.5159457921981812,-0.14462600648403168,-0.08125957101583481
1790108069929819400,30.8898193359375,-0.4197305738925934,-0.012472763657569885,0.0515940859913826
1790108069939764200,30.89976416015625,-0.31881090998649597,0.1587388962507248,0.1970808207988739
1790108069949708300,30.909708251953123,-0.22040259838104248,0.26022207736968994,0.37279167771339417
1790108069959653400,30.9196533203125,-0.1060141772031784,0.2172493189573288,0.5418820381164551
1790108069969597400,30.929597412109374,-0.00027283758390694857,0.21675637364387512,0.6727931499481201
1790108069979542300,30.939542236328126,0.10743003338575363,0.26885518431663513,0.75178462266922
1790108069989486300,30.949486328125,0.22240136563777924,0.30893683433532715,0.8137585520744324
1790108069999431400,30.959431396484376,0.3218661844730377,0.3587285280227661,0.9110664129257202
1790108070009375200,30.969375244140625,0.42768317461013794,0.42513951659202576,1.0150073766708374
1790108070019319300,30.9793193359375,0.5310054421424866,0.5294783711433411,1.0940015316009521
1790108070029264100,30.98926416015625,0.6347712278366089,0.5856295228004456,1.135776400566101
1790108070039208400,30.99920849609375,0.7405667901039124,0.6034328937530518,1.173498272895813
1790108070049153300,31.0091533203125,0.8501359224319458,0.5912468433380127,1.2114930152893066
1790108070059097300,31.019097412109375,0.9656915068626404,0.5179598331451416,1.2571699619293213
1790108070069042200,31.029042236328124,1.0683475732803345,0.4506945013999939,1.299079418182373
1790108070078986500,31.038986572265625,1.138716459274292,0.43380945920944214,1.3505390882492065
1790108070088931300,31.048931396484374,1.199910044670105,0.5082541704177856,1.42318856716156
1790108070098875400,31.05887548828125,1.2385814189910889,0.6056157350540161,1.4833004474639893
1790108070108820500,31.068820556640624,1.270458459854126,0.583284318447113,1.4974253177642822
1790108070118764300,31.078764404296876,1.326291799545288,0.4626847505569458,1.475277066230774
1790108070128709400,31.08870947265625,1.4201655387878418,0.38335689902305603,1.4569206237792969
1790108070138653200,31.098653076171875,1.5258548259735107,0.3697534203529358,1.460158109664917
1790108070148598500,31.1085986328125,1.5669138431549072,0.38836437463760376,1.450508713722229
1790108070158542300,31.118542236328125,1.6002997159957886,0.35754504799842834,1.3955719470977783
1790108070168486400,31.128486328125,1.654877781867981,0.3151073157787323,1.3419270515441895
1790108070178431200,31.13843115234375,1.7171093225479126,0.22804343700408936,1.2787436246871948
1790108070188375300,31.148375244140624,1.7713334560394287,0.14857231080532074,1.232123851776123
1790108070198320400,31.1583203125,1.8022277355194092,0.059056878089904785,1.1655735969543457
1790108070208264400,31.168264404296874,1.8116049766540527,-0.04885707050561905,1.0993216037750244
1790108070218209300,31.178209228515627,1.7985085248947144,-0.05436615273356438,1.0698997974395752
1790108070228153300,31.1881533203125,1.8309160470962524,-0.08343854546546936,0.9945834875106812
1790108070238098400,31.198098388671873,1.8453454971313477,-0.21483418345451355,0.822975218296051
1790108070248042200,31.208042236328126,1.8293260335922241,-0.34365180134773254,0.6850247979164124
1790108070257987300,31.2179873046875,1.8006089925765991,-0.5264697670936584,0.5613384246826172
1790108070267931100,31.22793115234375,1.7808456420898438,-0.7718574404716492,0.4384673833847046
1790108070277876500,31.23787646484375,1.7837923765182495,-0.892005205154419,0.39547446370124817
1790108070287820300,31.2478203125,1.7423986196517944,-0.905819833278656,0.4062168598175049
1790108070297765400,31.257765380859375,1.6570543050765991,-0.7884799242019653,0.4711303114891052
1790108070307709200,31.267709228515624,1.5986045598983765,-0.6906202435493469,0.5570859909057617
1790108070317653500,31.277653564453125,1.5465763807296753,-0.5672501921653748,0.680825412273407
1790108070327598300,31.287598388671874,1.4826704263687134,-0.35459333658218384,0.8192799687385559
1790108070337542400,31.29754248046875,1.4741895198822021,0.0016936752945184708,0.9447190761566162
1790108070347487200,31.3074873046875,1.4434177875518799,0.1343792825937271,0.9505934715270996
1790108070357431300,31.317431396484373,1.3954600095748901,0.06769563257694244,0.8094361424446106
1790108070367376400,31.32737646484375,1.2959156036376953,-0.12201784551143646,0.6229317784309387
1790108070377320200,31.3373203125,1.2127481698989868,-0.15781621634960175,0.497149795293808
1790108070387265300,31.347265380859376,1.1665632724761963,0.14315080642700195,0.4184829592704773
1790108070397209300,31.357209228515625,1.063145399093628,0.3067319095134735,0.2980639338493347
1790108070407154400,31.367154541015626,0.8911749124526978,0.2640821635723114,0.20230332016944885
1790108070417098200,31.37709814453125,0.7210927605628967,0.3353483974933624,0.21261684596538544
1790108070427043300,31.387043212890624,0.5743741393089294,0.39267081022262573,0.23231758177280426
1790108070436987400,31.3969873046875,0.408905029296875,0.3766880929470062,0.20140612125396729
1790108070446931500,31.406931396484374,0.23791460692882538,0.34431788325309753,0.10339779406785965
1790108070456876300,31.416876220703124,0.06643341481685638,0.40926679968833923,0.009391004219651222
1790108070466820400,31.4268203125,-0.03322393447160721,0.5126025080680847,-0.07710899412631989
1790108070476765400,31.436765380859374,-0.15739820897579193,0.5123101472854614,-0.15738315880298615
1790108070486709200,31.446709228515626,-0.2861140966415405,0.3595871925354004,-0.2706258296966553
1790108070496654300,31.456654296875,-0.3906581699848175,0.2845185399055481,-0.33474504947662354
1790108070506598100,31.46659814453125,-0.49838757514953613,0.2002073973417282,-0.4232064485549927
1790108070516543500,31.47654345703125,-0.6122747659683228,0.182094544172287,-0.4950971007347107
1790108070526487300,31.4864873046875,-0.714931070804596,0.2846424877643585,-0.525847315788269
1790108070536432400,31.496432373046876,-0.8365254402160645,0.3563355803489685,-0.5484778881072998
1790108070546376200,31.506376220703125,-0.9285621643066406,0.4989872872829437,-0.5038822293281555
1790108070556321300,31.5163212890625,-0.9642195105552673,0.6189912557601929,-0.42719921469688416
1790108070566265300,31.526265380859375,-1.0208231210708618,0.4069139063358307,-0.46488454937934875
1790108070576210200,31.536210205078124,-1.036217451095581,0.3618961572647095,-0.4190087914466858
1790108070586154200,31.546154296875,-1.0084418058395386,0.31083136796951294,-0.38893982768058777
1790108070596098300,31.556098388671874,-0.9760852456092834,0.25909554958343506,-0.4034017026424408
1790108070606043400,31.56604345703125,-0.9101096987724304,0.39427435398101807,-0.36165693402290344
1790108070615987200,31.5759873046875,-0.8353740572929382,0.4653177559375763,-0.3449822962284088
1790108070625932300,31.585932373046877,-0.8092785477638245,0.34623104333877563,-0.3959711790084839
1790108070635876400,31.59587646484375,-0.8171387910842896,0.24474522471427917,-0.44449833035469055
1790108070645821400,31.605821533203127,-0.8336948156356812,0.24276462197303772,-0.47006654739379883
1790108070655765200,31.61576513671875,-0.8039060235023499,0.41590890288352966,-0.43016406893730164
1790108070665710300,31.62571044921875,-0.7800739407539368,0.48796260356903076,-0.4558342695236206
1790108070675654400,31.635654296875,-0.8235637545585632,0.4921702742576599,-0.4701414704322815
1790108070685599200,31.64559912109375,-0.8848164677619934,0.5468298196792603,-0.42598119378089905
1790108070695543300,31.655543212890624,-0.929021954536438,0.5139744281768799,-0.4561670422554016
1790108070705488100,31.665488037109377,-0.962863564491272,0.42774736881256104,-0.5120173096656799
1790108070715432400,31.675432373046874,-1.0478019714355469,0.3956872522830963,-0.541955828666687
1790108070725377300,31.685377197265623,-1.1184360980987549,0.4177264869213104,-0.5407307744026184
1790108070735321300,31.6953212890625,-1.1387666463851929,0.4039292633533478,-0.555276095867157
1790108070745265200,31.70526513671875,-1.1208579540252686,0.3315618634223938,-0.5819780230522156
1790108070755210500,31.71521044921875,-1.1117955446243286,0.2802935242652893,-0.6239590644836426
1790108070765154300,31.725154296875,-1.1606656312942505,0.24638989567756653,-0.6715436577796936
1790108070775099400,31.735099365234376,-1.20189368724823,0.25712159276008606,-0.7030016183853149
1790108070785043200,31.745043212890625,-1.226844072341919,0.3112040162086487,-0.7228805422782898
1790108070794988300,31.75498828125,-1.2983598709106445,0.2624402642250061,-0.7420995831489563
1790108070804932400,31.764932373046875,-1.3705861568450928,0.16604183614253998,-0.7595411539077759
1790108070814877200,31.774877197265624,-1.4080300331115723,0.1112212985754013,-0.7483219504356384
1790108070824820700,31.78482080078125,-1.4259426593780518,0.059824682772159576,-0.7306423187255859
1790108070834765600,31.794765625,-1.4335018396377563,-0.01431260071694851,-0.7340232729911804
1790108070844709600,31.804709716796875,-1.4180428981781006,-0.04976140335202217,-0.7726595997810364
1790108070854654500,31.814654541015624,-1.3905701637268066,-0.10877881199121475,-0.8488131165504456
1790108070864598800,31.824598876953125,-1.3635156154632568,-0.22055886685848236,-0.9694212675094604
1790108070874543600,31.834543701171874,-1.3351550102233887,-0.31898781657218933,-1.0942254066467285
1790108070884487700,31.84448779296875,-1.2826659679412842,-0.4622645378112793,-1.1964764595031738
1790108070894431500,31.854431396484376,-1.2500451803207397,-0.6553937792778015,-1.3019089698791504
1790108070904376800,31.864376953125,-1.262662410736084,-0.8238040804862976,-1.3671919107437134
1790108070914320600,31.874320556640626,-1.258859634399414,-0.9210296869277954,-1.3889058828353882
1790108070924265700,31.884265625,-1.2146559953689575,-0.949680745601654,-1.3810460567474365
1790108070934209500,31.89420947265625,-1.1984877586364746,-0.9072886109352112,-1.3296189308166504
1790108070944154600,31.904154541015625,-1.2015389204025269,-0.8224767446517944,-1.250359296798706
1790108070954098700,31.9140986328125,-1.213008165359497,-0.7614732384681702,-1.156929612159729
1790108070964043500,31.92404345703125,-1.2399492263793945,-0.6759700179100037,-1.0580376386642456
1790108070973987600,31.933987548828124,-1.2821745872497559,-0.6136941313743591,-0.9633821249008179
1790108070983932700,31.9439326171875,-1.3070507049560547,-0.6090021729469299,-0.9034815430641174
1790108070993876700,31.953876708984374,-1.2757984399795532,-0.6337075233459473,-0.8851097822189331
1790108071003821600,31.963821533203124,-1.2109134197235107,-0.6562868356704712,-0.8669699430465698
1790108071013765600,31.973765625,-1.124899983406067,-0.6690719723701477,-0.7750400900840759
1790108071023710700,31.983710693359374,-1.0245717763900757,-0.5739893913269043,-0.5723593831062317
1790108071033654800,31.99365478515625,-0.9557799100875854,-0.35591551661491394,-0.3103052079677582
1790108071043598600,32.0035986328125,-0.8790256977081299,-0.11445866525173187,-0.02057432197034359
1790108071053543700,32.013543701171876,-0.7880254983901978,0.13703840970993042,0.2687686085700989
1790108071063487700,32.02348779296875,-0.6938297152519226,0.2836909592151642,0.5061603784561157
1790108071073432600,32.0334326171875,-0.5997124314308167,0.3406698703765869,0.6406994462013245
1790108071083376600,32.043376708984376,-0.47957807779312134,0.3106709420681,0.6492101550102234
1790108071093321500,32.053321533203125,-0.30826228857040405,0.24459989368915558,0.6046180129051208
1790108071103265800,32.06326586914062,-0.14467576146125793,0.14137259125709534,0.6087201237678528
1790108071113210600,32.07321069335938,0.003097276436164975,0.15631482005119324,0.6687877774238586
1790108071123154700,32.08315478515625,0.13598689436912537,0.1993536353111267,0.7613981366157532
1790108071133099500,32.093099609375,0.2619895040988922,0.264838844537735,0.8469882607460022
1790108071143043800,32.1030439453125,0.4006589651107788,0.39397844672203064,0.9254212975502014
1790108071152988700,32.11298876953125,0.538264274597168,0.5706607103347778,0.996773362159729
1790108071162932700,32.1229326171875,0.6196648478507996,0.6806505918502808,1.0529751777648926
1790108071172877600,32.13287768554687,0.7032387256622314,0.6706793904304504,1.068331241607666
1790108071182821600,32.142821533203126,0.8167216181755066,0.4911961555480957,1.0136933326721191
1790108071192765700,32.152765625,0.9417638182640076,0.27983972430229187,0.9202121496200562
1790108071202710500,32.16271044921875,1.0675023794174194,0.17787794768810272,0.8917733430862427
1790108071212654600,32.172654541015625,1.1657788753509521,0.2599726617336273,0.9503819346427917
1790108071222599700,32.182599609375,1.2133842706680298,0.42357224225997925,1.0470610857009888
1790108071232543700,32.19254370117188,1.2305710315704346,0.49034082889556885,1.0964099168777466
1790108071242488600,32.20248852539063,1.2799426317214966,0.4381958544254303,1.0480297803878784
1790108071252432600,32.2124326171875,1.3682923316955566,0.30950894951820374,0.9417749643325806
1790108071262377700,32.222377685546874,1.4825794696807861,0.22295726835727692,0.886231005191803
1790108071272321800,32.23232177734375,1.608416199684143,0.27171051502227783,0.900935709476471
1790108071282266600,32.2422666015625,1.703452229499817,0.32545042037963867,0.9275662302970886
1790108071292210700,32.25221069335937,1.779084324836731,0.21568359434604645,0.9124097228050232
1790108071302155800,32.26215576171875,1.8491911888122559,0.05318044126033783,0.8885629773139954
1790108071312099600,32.272099609375,1.9250141382217407,-0.04532038792967796,0.8423754572868347
1790108071322044700,32.282044677734376,2.003588914871216,-0.04260822385549545,0.7709505558013916
1790108071331988500,32.29198852539062,2.059432029724121,-0.11998855322599411,0.7316741943359375
1790108071341932500,32.3019326171875,2.1019439697265625,-0.34645286202430725,0.6681770086288452
1790108071351877600,32.311877685546875,2.1562695503234863,-0.6360169053077698,0.530953586101532
1790108071361821700,32.32182177734375,2.148608684539795,-0.6863032579421997,0.4768010973930359
1790108071371766500,32.3317666015625,2.1002912521362305,-0.7768110632896423,0.4437687397003174
1790108071381710800,32.3417109375,2.083470106124878,-0.8864033222198486,0.3825133740901947
1790108071391655700,32.35165576171875,1.9903695583343506,-0.824203372001648,0.3656124174594879
1790108071401599700,32.36159985351563,1.8920226097106934,-0.8296923637390137,0.3032335937023163
1790108071411544600,32.37154467773438,1.8482929468154907,-0.9522836804389954,0.3100748062133789
1790108071421488600,32.38148852539062,1.9219820499420166,-1.021588683128357,0.4887092411518097
1790108071431433700,32.391433837890624,1.9082461595535278,-1.080528736114502,0.6473843455314636
1790108071441377500,32.40137744140625,1.8279095888137817,-1.052283763885498,0.704064130783081
1790108071451322600,32.411322509765625,1.7860543727874756,-0.7607057094573975,0.7888374328613281
1790108071461266700,32.4212666015625,1.7203067541122437,-0.5160797238349915,0.8313981890678406
1790108071471210800,32.431210693359375,1.5537821054458618,-0.5119684338569641,0.7784776091575623
1790108071481155600,32.441155517578125,1.3793586492538452,-0.6762650012969971,0.6813585162162781
1790108071491099600,32.451099609375,1.2065855264663696,-0.860074520111084,0.6021162867546082
1790108071501044700,32.46104467773438,1.0101944208145142,-0.8019638061523438,0.6167591214179993
1790108071510988800,32.47098876953125,0.8580957651138306,-0.4788772463798523,0.7036165595054626
1790108071520933600,32.48093359375,0.8073798418045044,-0.10875511169433594,0.7732548117637634
1790108071530877700,32.49087768554688,0.7413007020950317,0.003821789287030697,0.7511970400810242
1790108071540822800,32.50082275390625,0.6259375810623169,-0.1495099663734436,0.6041226387023926
1790108071550766600,32.5107666015625,0.5945332646369934,0.01619383692741394,0.5452581644058228
1790108071560711700,32.52071166992187,0.543154776096344,0.04947908967733383,0.44936123490333557
1790108071570655500,32.530655517578126,0.3953186571598053,-0.0015807738527655602,0.3691602945327759
1790108071580600800,32.54060083007813,0.18478858470916748,-0.14618802070617676,0.2324000597000122
1790108071590544600,32.55054467773437,-0.030372178182005882,-0.21874213218688965,0.05036621168255806
1790108071600489700,32.56048974609375,-0.16394701600074768,-0.02464430034160614,-0.03429488092660904
1790108071610433500,32.57043359375,-0.31242281198501587,0.12292569875717163,-0.08915840834379196
1790108071620377600,32.58037768554688,-0.4439805746078491,0.17838922142982483,-0.14970190823078156
1790108071630322700,32.59032275390625,-0.559500515460968,0.12361758947372437,-0.22344990074634552
1790108071640266800,32.600266845703125,-0.6469153165817261,0.16585399210453033,-0.2472255378961563
1790108071650211600,32.610211669921874,-0.7262028455734253,0.19336771965026855,-0.29886767268180847
1790108071660155600,32.62015576171875,-0.8067322969436646,0.14884047210216522,-0.3983990550041199
1790108071670100700,32.63010083007813,-0.8865451812744141,0.15091033279895782,-0.45308953523635864
1790108071680044500,32.64004443359375,-0.9636077880859375,0.22833162546157837,-0.46152564883232117
1790108071689989600,32.64998974609375,-1.028772234916687,0.2849743962287903,-0.4637344777584076
1790108071699933700,32.65993359375,-1.1076542139053345,0.28834331035614014,-0.4667912423610687
1790108071709878800,32.669878662109376,-1.1447592973709106,0.34162911772727966,-0.4228171408176422
1790108071719822600,32.67982250976563,-1.1575450897216797,0.32824593782424927,-0.39607927203178406
1790108071729767700,32.689767578125,-1.1598771810531616,0.352639377117157,-0.3520912528038025
1790108071739711700,32.699711669921875,-1.1199864149093628,0.46414273977279663,-0.2797880172729492
1790108071749656600,32.709656494140624,-1.0744911432266235,0.44770553708076477,-0.27639853954315186
1790108071759600600,32.7196005859375,-1.0596296787261963,0.30241864919662476,-0.3361140787601471
1790108071769544700,32.729544677734374,-1.0273616313934326,0.30119338631629944,-0.34680289030075073
1790108071779489800,32.73948974609375,-0.9617269039154053,0.395555317401886,-0.33632946014404297
1790108071789433600,32.74943359375,-0.9254814386367798,0.3577421009540558,-0.3999961018562317
1790108071799378700,32.75937866210938,-0.932708203792572,0.2662489116191864,-0.4632387161254883
1790108071809322500,32.76932250976562,-0.9405030012130737,0.22670455276966095,-0.4776759445667267
1790108071819267800,32.77926782226562,-0.9665351510047913,0.10830041766166687,-0.535296618938446
1790108071829211600,32.789211669921876,-1.0369718074798584,-0.030181551352143288,-0.6134347319602966
1790108071839156700,32.79915673828125,-1.117600679397583,0.03534126281738281,-0.6044502854347229
1790108071849100500,32.8091005859375,-1.1142972707748413,0.4166874885559082,-0.40856504440307617
1790108071859045600,32.81904565429687,-1.0584678649902344,0.6162205934524536,-0.2548796236515045
1790108071868989700,32.82898974609375,-1.0656490325927734,0.5020154714584351,-0.2582739591598511
1790108071878934500,32.8389345703125,-1.1742197275161743,0.37034130096435547,-0.34288710355758667
1790108071888878600,32.84887866210938,-1.2998557090759277,0.23983478546142578,-0.4998781681060791
1790108071898823700,32.85882373046875,-1.3567936420440674,0.13876250386238098,-0.648273229598999
1790108071908767700,32.868767822265625,-1.3616759777069092,0.020151160657405853,-0.7592443227767944
1790108071918711600,32.87871166992188,-1.3422205448150635,-0.11401303857564926,-0.8288497924804688
1790108071928656600,32.88865673828125,-1.3694692850112915,-0.1414211541414261,-0.8137925863265991
1790108071938600400,32.89860034179687,-1.416128158569336,-0.03365020453929901,-0.7871652841567993
1790108071948545800,32.9085458984375,-1.401190996170044,0.1465221345424652,-0.8022217750549316
1790108071958489600,32.918489501953125,-1.393709421157837,0.1889662742614746,-0.8037168979644775
1790108071968434700,32.9284345703125,-1.369748830795288,0.08146033436059952,-0.7658235430717468
1790108071978378800,32.93837866210937,-1.3342983722686768,-0.11069552600383759,-0.724193274974823
1790108071988323600,32.94832348632813,-1.316031813621521,-0.22510744631290436,-0.7130481600761414
1790108071998267600,32.958267578125,-1.3257241249084473,-0.20047134160995483,-0.7509100437164307
1790108072008212500,32.96821240234375,-1.3481202125549316,-0.13748811185359955,-0.7950970530509949
1790108072018156800,32.97815673828125,-1.3402321338653564,-0.18836088478565216,-0.8370857834815979
1790108072028101600,32.9881015625,-1.2964287996292114,-0.3619057536125183,-0.8802599310874939
1790108072038045700,32.998045654296874,-1.246777057647705,-0.5183611512184143,-0.8984751105308533
1790108072047990500,33.00799047851562,-1.2331511974334717,-0.6119632720947266,-0.9226430654525757
1790108072057934800,33.01793481445313,-1.2235031127929688,-0.7309458255767822,-0.9942194819450378
1790108072067879700,33.02787963867188,-1.2396055459976196,-0.7812544703483582,-1.013749122619629
1790108072077823700,33.03782373046875,-1.2391711473464966,-0.8423567414283752,-0.959324300289154
1790108072087767600,33.047767578125,-1.2097222805023193,-0.8890685439109802,-0.8655186891555786
1790108072097712600,33.057712646484376,-1.176131248474121,-0.8424978852272034,-0.7657758593559265
1790108072107656700,33.06765673828125,-1.1551190614700317,-0.7242407202720642,-0.6595771312713623
1790108072117601500,33.0776015625,-1.1628329753875732,-0.5001932382583618,-0.6372030973434448
1790108072127545600,33.087545654296875,-1.1666808128356934,-0.41119247674942017,-0.7005354166030884
1790108072137490700,33.09749072265625,-1.1311079263687134,-0.4727056324481964,-0.6926125288009644
1790108072147434800,33.10743481445313,-1.0118684768676758,-0.5528954863548279,-0.5287708044052124
1790108072157379600,33.11737963867188,-0.8749062418937683,-0.553479790687561,-0.2964882552623749
1790108072167323600,33.12732373046875,-0.7732285261154175,-0.47680407762527466,-0.12044775485992432
1790108072177268700,33.137268798828124,-0.6756417751312256,-0.2647213339805603,0.010521974414587021
1790108072187212800,33.147212890625,-0.573776125907898,-0.005773482378572226,0.1622423529624939
1790108072197157600,33.15715771484375,-0.48366403579711914,0.17777664959430695,0.32515138387680054
1790108072207101700,33.16710180664062,-0.36997178196907043,0.31046372652053833,0.46776533126831055
1790108072217046800,33.177046875,-0.23312389850616455,0.3860141336917877,0.5605048537254333
1790108072226990600,33.186990478515625,-0.07804480195045471,0.49899381399154663,0.6270344257354736
1790108072236934700,33.1969345703125,0.08267110586166382,0.5633706450462341,0.7090619206428528
1790108072246879500,33.20687939453125,0.23383066058158875,0.6434631943702698,0.7964807152748108
1790108072256823600,33.216823486328124,0.3452661335468292,0.7098166942596436,0.8691688179969788
1790108072266768600,33.2267685546875,0.4353785812854767,0.7570167183876038,0.9084456562995911
1790108072276712700,33.23671264648438,0.5391404032707214,0.7207940220832825,0.926763117313385
1790108072286657500,33.24665747070313,0.6698761582374573,0.7247997522354126,0.9362463355064392
1790108072296601900,33.256601806640624,0.7957558035850525,0.7325268983840942,0.9208202362060547
1790108072306546700,33.266546630859374,0.8847776055335999,0.6082884669303894,0.8397015929222107
1790108072316490800,33.27649072265625,0.9680357575416565,0.4103977680206299,0.7774621844291687
1790108072326435600,33.286435546875,1.0773797035217285,0.3316233456134796,0.7882763743400574
1790108072336379600,33.29637963867187,1.1956919431686401,0.4214317798614502,0.8502742052078247
1790108072346324700,33.30632470703125,1.2841087579727173,0.5602273344993591,0.9101972579956055
1790108072356268500,33.3162685546875,1.3311612606048584,0.6276609301567078,0.9538496732711792
1790108072366213600,33.326213623046876,1.3967304229736328,0.5763300657272339,0.9719641208648682
1790108072376157700,33.33615771484375,1.5086170434951782,0.49022921919822693,0.9524141550064087
1790108072386101800,33.346101806640625,1.608418583869934,0.465192973613739,0.9221709966659546
1790108072396046600,33.356046630859375,1.7162129878997803,0.435680627822876,0.8923603892326355
1790108072405990700,33.36599072265625,1.8294804096221924,0.36718982458114624,0.9043706655502319
1790108072415935700,33.37593579101563,1.9425126314163208,0.29468896985054016,0.9211113452911377
1790108072425879800,33.3858798828125,1.9914344549179077,0.1740952879190445,0.8914351463317871
1790108072435824600,33.39582470703125,2.0176351070404053,0.018003955483436584,0.8408350944519043
1790108072445768700,33.40576879882813,2.060490131378174,-0.025144260376691818,0.7762640714645386
1790108072455713800,33.4157138671875,2.082130193710327,-0.12353820353746414,0.6761226058006287
1790108072465657600,33.42565771484375,2.079578161239624,-0.3276957869529724,0.5335431098937988
1790108072475602700,33.43560278320312,2.047720432281494,-0.46604567766189575,0.44160011410713196
1790108072485546500,33.44554638671875,1.9804564714431763,-0.475204735994339,0.4823779761791229
1790108072495491800,33.45549194335938,1.9094033241271973,-0.728678286075592,0.39083340764045715
1790108072505435600,33.465435546875,1.8734116554260254,-0.6841821670532227,0.37954628467559814
1790108072515380700,33.47538061523438,1.9282256364822388,-0.6253393292427063,0.4016561210155487
1790108072525324500,33.485324462890624,2.0495543479919434,-0.6663704514503479,0.521803081035614
1790108072535268600,33.4952685546875,2.122131109237671,-0.5078614950180054,0.8109225630760193
1790108072545213700,33.50521362304688,2.122140884399414,-0.2876140773296356,1.1173644065856934
1790108072555157800,33.51515771484375,1.9412943124771118,-0.29516521096229553,1.1682835817337036
1790108072565102600,33.5251025390625,1.801835536956787,-0.30590373277664185,1.0078680515289307
1790108072575046700,33.53504663085938,1.6785846948623657,-0.2880496382713318,0.837113082408905
1790108072584991700,33.54499169921875,1.590856671333313,-0.24003928899765015,0.7447754144668579
1790108072594935600,33.554935546875,1.4662470817565918,-0.20664644241333008,0.7038564682006836
1790108072604880600,33.56488061523437,1.3493006229400635,-0.2383556216955185,0.6342266798019409
1790108072614824700,33.57482470703125,1.259653091430664,-0.3897975981235504,0.5685736536979675
1790108072624769800,33.584769775390626,1.1701955795288086,-0.6034165024757385,0.5185742974281311
1790108072634713600,33.59471362304687,1.0613939762115479,-0.5363839268684387,0.5798781514167786
1790108072644658700,33.60465869140625,0.957403302192688,-0.3216334879398346,0.6557686924934387
1790108072654602800,33.614602783203125,0.8309425711631775,-0.3162038326263428,0.6213758587837219
1790108072664547600,33.624547607421874,0.7156126499176025,-0.24412235617637634,0.5585355758666992
1790108072674491600,33.63449169921875,0.6290082931518555,-0.22195447981357574,0.415738970041275
1790108072684435700,33.644435791015624,0.5151671171188354,-0.19970272481441498,0.2541514039039612
1790108072694380800,33.654380859375,0.3120099902153015,-0.10599435120820999,0.13141055405139923
1790108072704324600,33.66432470703125,0.10626330226659775,0.029809854924678802,0.06741240620613098
1790108072714269700,33.67426977539063,-0.06387913227081299,0.1385062336921692,0.040377598255872726
1790108072724213500,33.68421362304687,-0.22483651340007782,0.08629420399665833,-0.03042464889585972
1790108072734158800,33.694158935546874,-0.385221928358078,0.004809997044503689,-0.11020256578922272
1790108072744102700,33.7041025390625,-0.5008747577667236,0.07155657559633255,-0.15289849042892456
1790108072754047700,33.7140478515625,-0.5895295143127441,0.14084884524345398,-0.23240849375724792
1790108072763991600,33.72399145507813,-0.6945157051086426,0.05324661359190941,-0.389697402715683
1790108072773936600,33.7339365234375,-0.7754155993461609,0.17004381120204926,-0.4362238943576813
1790108072783880700,33.743880615234374,-0.8599419593811035,0.2317846268415451,-0.49982112646102905
1790108072793825500,33.753825439453124,-0.960561215877533,0.20372635126113892,-0.5859022736549377
1790108072803769600,33.76376953125,-1.0437428951263428,0.16986362636089325,-0.6231846213340759
1790108072813714700,33.77371459960938,-1.08058500289917,0.251973956823349,-0.5688034296035767
1790108072823658800,33.78365869140625,-1.060522198677063,0.4443899691104889,-0.45495373010635376
1790108072833603000,33.79360302734375,-1.033793330192566,0.43526729941368103,-0.4255138039588928
1790108072843548200,33.80354809570313,-1.050530195236206,0.16993117332458496,-0.5031065344810486
1790108072853492000,33.813491943359374,-1.0457260608673096,0.032941628247499466,-0.5193392634391785
1790108072863437000,33.82343701171875,-0.9752840995788574,0.20302295684814453,-0.41214579343795776
1790108072873381000,33.83338110351563,-0.8883334994316101,0.30522841215133667,-0.36335667967796326
1790108072883326000,33.84332592773438,-0.8739544153213501,0.1424100548028946,-0.41376546025276184
1790108072893270000,33.85327001953125,-0.8952221870422363,0.0186457596719265,-0.4331623315811157
1790108072903214800,33.86321484375,-0.9175161123275757,0.08584684878587723,-0.39055123925209045
1790108072913159200,33.8731591796875,-0.9215347766876221,0.23358438909053802,-0.36398088932037354
1790108072923104000,33.88310400390625,-0.9109093546867371,0.3103695511817932,-0.3928060829639435
1790108072933048000,33.89304809570312,-0.9220901131629944,0.2855914831161499,-0.3944418132305145
1790108072942993000,33.90299291992188,-0.9432148337364197,0.25627076625823975,-0.3527507483959198
1790108072952937200,33.912937255859376,-0.9560640454292297,0.25977200269699097,-0.32926568388938904
1790108072962882000,33.922882080078125,-0.9782651662826538,0.26122573018074036,-0.368599534034729
1790108072972826000,33.932826171875,-1.0361223220825195,0.30622971057891846,-0.42327582836151123
1790108072982771000,33.94277099609375,-1.1330009698867798,0.34958064556121826,-0.45079851150512695
1790108072992715000,33.952715087890624,-1.216317892074585,0.3811151087284088,-0.4652419090270996
1790108073002659000,33.9626591796875,-1.2550023794174194,0.3553556203842163,-0.48077458143234253
1790108073012604000,33.97260400390625,-1.2540521621704102,0.23726095259189606,-0.5201501846313477
1790108073022548000,33.9825478515625,-1.2563691139221191,0.10602875053882599,-0.5932199954986572
1790108073032493000,33.9924931640625,-1.2889231443405151,0.04614996910095215,-0.6566247940063477
1790108073042437000,34.00243701171875,-1.3784458637237549,0.017300676554441452,-0.6950792670249939
1790108073052382000,34.0123818359375,-1.5003931522369385,0.05150604993104935,-0.6936118602752686
1790108073062326000,34.02232592773437,-1.5482333898544312,0.1972242295742035,-0.6597856283187866
1790108073072271000,34.03227099609375,-1.4630969762802124,0.2905176877975464,-0.611195981502533
1790108073082215200,34.042215087890625,-1.3735952377319336,0.22634480893611908,-0.5544490814208984
1790108073092160000,34.052159912109374,-1.3343451023101807,0.12844115495681763,-0.5203233361244202
1790108073102104000,34.06210400390625,-1.3374618291854858,0.03515920042991638,-0.5481271147727966
1790108073112049200,34.07204907226563,-1.342454195022583,-0.045756153762340546,-0.6097148656845093
1790108073121993000,34.08199291992187,-1.3369503021240234,-0.17499826848506927,-0.7184731960296631
1790108073131938000,34.09193798828125,-1.3553314208984375,-0.33401429653167725,-0.8184903264045715
1790108073141881900,34.1018818359375,-1.3682243824005127,-0.5115234851837158,-0.9033195376396179
1790108073151826200,34.111826171875,-1.3587584495544434,-0.6416556239128113,-0.9652891755104065
1790108073161771000,34.12177099609375,-1.3694324493408203,-0.68911212682724,-0.9800634384155273
1790108073171715000,34.131715087890626,-1.360256314277649,-0.705543577671051,-0.9775598049163818
1790108073181660000,34.141659912109375,-1.3393476009368896,-0.7457468509674072,-0.9594944715499878
1790108073191604200,34.15160424804687,-1.3340082168579102,-0.7607731819152832,-0.9404443502426147
1790108073201549000,34.16154907226562,-1.3399986028671265,-0.7910580635070801,-0.8888418674468994
1790108073211493000,34.1714931640625,-1.3267011642456055,-0.7867269515991211,-0.8249363899230957
1790108073221438000,34.18143798828125,-1.3001823425292969,-0.7143685221672058,-0.777259111404419
1790108073231382000,34.19138208007813,-1.2530052661895752,-0.6485841870307922,-0.7154833674430847
1790108073241327000,34.2013271484375,-1.210067629814148,-0.5586633682250977,-0.6525633335113525
1790108073251271000,34.21127099609375,-1.1885764598846436,-0.5037542581558228,-0.6239977478981018
1790108073261216000,34.221216064453124,-1.129842758178711,-0.43887820839881897,-0.5995983481407166
1790108073271160000,34.23116015625,-1.0510746240615845,-0.31688305735588074,-0.5212087631225586
1790108073281105200,34.24110522460938,-0.9665177464485168,-0.190555602312088,-0.37971144914627075
1790108073291049000,34.25104907226562,-0.8651778101921082,-0.13061051070690155,-0.2024993896484375
1790108073300993000,34.260992919921875,-0.7440992593765259,-0.07824472337961197,-0.041945915669202805
1790108073310938000,34.27093823242188,-0.5862470269203186,0.0756380558013916,0.1392853856086731
1790108073320882200,34.28088208007812,-0.46408286690711975,0.2858556807041168,0.31458860635757446
1790108073330827000,34.29082690429688,-0.38365697860717773,0.37597811222076416,0.4188241958618164
1790108073340771000,34.30077099609375,-0.2398812472820282,0.48336392641067505,0.523347795009613
1790108073350716200,34.310716064453125,-0.09972067177295685,0.5954808592796326,0.6202914118766785
1790108073360660000,34.32065991210938,0.034876320511102676,0.5556440949440002,0.6588360667228699
1790108073370605000,34.33060498046875,0.1867593228816986,0.4112717807292938,0.6543060541152954
1790108073380548900,34.340548828125,0.38017982244491577,0.327950656414032,0.6453887820243835
1790108073390494200,34.350494140625,0.5762656927108765,0.3721703290939331,0.6448476314544678
1790108073400438000,34.36043798828125,0.7274436354637146,0.4729083776473999,0.6531064510345459
1790108073410383000,34.37038305664063,0.8405941724777222,0.5343760251998901,0.6787385940551758
1790108073420327000,34.38032690429687,0.9531595706939697,0.538391649723053,0.730408787727356
1790108073430272000,34.39027197265625,1.0723652839660645,0.5288324952125549,0.7518200874328613
1790108073440216000,34.400216064453126,1.1647781133651733,0.5279453992843628,0.7462174296379089
1790108073450161000,34.410160888671875,1.2458915710449219,0.5006663799285889,0.745830237865448
1790108073460105000,34.42010498046875,1.314279317855835,0.4745864272117615,0.766743540763855
1790108073470049000,34.430049072265625,1.3734636306762695,0.49456360936164856,0.8072153329849243
1790108073479994000,34.439994140625,1.4194854497909546,0.49260929226875305,0.8498232364654541
1790108073489938000,34.44993798828125,1.4768544435501099,0.42596635222435,0.822724461555481
1790108073499883000,34.45988305664063,1.5762591361999512,0.2692906856536865,0.7496010065078735
1790108073509827000,34.4698271484375,1.6662312746047974,0.13449692726135254,0.7298738956451416
1790108073519772200,34.479772216796874,1.745599389076233,0.1033233106136322,0.7599164843559265
1790108073529716000,34.48971606445313,1.8248752355575562,0.09839699417352676,0.7841810584068298
1790108073539661000,34.4996611328125,1.8656127452850342,0.0017727715894579887,0.7660478949546814
1790108073549605000,34.50960522460937,1.8756600618362427,-0.23847338557243347,0.711090087890625
1790108073559550000,34.51955004882812,1.9033461809158325,-0.3486831486225128,0.63493412733078
1790108073569494000,34.529493896484375,1.9470553398132324,-0.43400096893310547,0.5923051834106445
1790108073579438800,34.53943896484375,1.9815819263458252,-0.5015460252761841,0.593413770198822
1790108073589383200,34.54938305664062,2.0378270149230957,-0.5524826645851135,0.6421802639961243
1790108073599328000,34.55932788085938,2.0713629722595215,-0.5329899191856384,0.7474155426025391
1790108073609272000,34.56927197265625,2.096446990966797,-0.5558957457542419,0.7731960415840149
1790108073619216000,34.5792158203125,2.064243793487549,-0.7116599082946777,0.5671066641807556
1790108073629161200,34.5891611328125,1.9960821866989136,-0.9873349070549011,0.3069981336593628
1790108073639105000,34.59910498046875,1.9035084247589111,-1.2120850086212158,0.1483611911535263
1790108073649050000,34.609050048828124,1.8350138664245605,-1.2813818454742432,0.2503669261932373
1790108073658994000,34.618993896484376,1.7630399465560913,-1.2022045850753784,0.5560429692268372
1790108073668939000,34.62893896484375,1.7319024801254272,-1.0315710306167603,0.8606806397438049
1790108073678883000,34.63888305664062,1.8061120510101318,-0.8717236518859863,1.0446141958236694
1790108073688828000,34.64882788085937,1.8722885847091675,-0.7353194355964661,1.0811716318130493
1790108073698772000,34.65877197265625,1.8060938119888306,-0.7535517811775208,0.9069390892982483
1790108073708717000,34.668717041015626,1.6117885112762451,-0.6322966814041138,0.7901703715324402
1790108073718661000,34.6786611328125,1.4100487232208252,-0.3758639693260193,0.7590997815132141
1790108073728606000,34.68860595703125,1.1857078075408936,-0.24932947754859924,0.7597229480743408
1790108073738550000,34.698550048828125,0.9761962890625,-0.3387623131275177,0.7212597727775574
1790108073748495000,34.7084951171875,0.7933679223060608,-0.3542264997959137,0.7624809741973877
1790108073758439200,34.71843920898438,0.6787746548652649,-0.2967308461666107,0.7653558850288391
1790108073768383000,34.728383056640624,0.671735405921936,-0.11173301935195923,0.7622700929641724
1790108073778328000,34.738328125,0.6654516458511353,-0.06739941239356995,0.7114245891571045
1790108073788272000,34.74827221679688,0.6859084963798523,-0.05389132350683212,0.6824696063995361
1790108073798217000,34.75821704101563,0.6493128538131714,-0.2319188117980957,0.5356148481369019
1790108073808161000,34.7681611328125,0.4781426787376404,-0.38904184103012085,0.29552796483039856
1790108073818105900,34.77810595703125,0.3485976457595825,-0.265903115272522,0.15552103519439697
1790108073828050000,34.7880498046875,0.22543708980083466,-0.030944399535655975,0.12154202908277512
1790108073837994800,34.797994873046875,0.0694148987531662,0.1382831335067749,0.09754398465156555
1790108073847939000,34.80793896484375,-0.07148096710443497,0.031983330845832825,-0.002756519243121147
1790108073857884000,34.8178837890625,-0.1744261234998703,0.041005413979291916,-0.053570255637168884
1790108073867828000,34.827827880859374,-0.2489464282989502,0.17156395316123962,-0.095655657351017
1790108073877772800,34.83777270507812,-0.3296000063419342,0.2895342707633972,-0.12284919619560242
1790108073887717000,34.84771704101563,-0.37706896662712097,0.572060763835907,-0.0092571210116148
1790108073897662000,34.85766186523438,-0.5237656235694885,0.392605721950531,-0.10079985857009888
1790108073907605800,34.86760571289062,-0.6514716148376465,0.30890098214149475,-0.21745483577251434
1790108073917549800,34.8775498046875,-0.7441599369049072,0.435994029045105,-0.30052411556243896
1790108073927495000,34.887494873046876,-0.8016837239265442,0.6103240251541138,-0.34545084834098816
1790108073937439000,34.89743896484375,-0.8260351419448853,0.63742995262146,-0.3571693003177643
1790108073947383800,34.9073837890625,-0.8215565085411072,0.5090146064758301,-0.27814415097236633
1790108073957328000,34.917327880859375,-0.7978677153587341,0.3034017086029053,-0.1626928299665451
1790108073967273000,34.92727294921875,-0.757463276386261,0.21491208672523499,-0.08679860085248947
1790108073977217000,34.93721704101562,-0.729366660118103,0.09241960942745209,-0.18432708084583282
1790108073987161900,34.94716186523438,-0.7162902355194092,0.06151948869228363,-0.3335200250148773
1790108073997106000,34.95710595703125,-0.6773331165313721,0.1861148178577423,-0.3477030098438263
1790108074007051000,34.967051025390624,-0.600673496723175,0.23283252120018005,-0.2728079855442047
1790108074016995000,34.9769951171875,-0.5515896081924438,0.06154146045446396,-0.19998878240585327
1790108074026940000,34.98693994140625,-0.5152547955513,-0.0919082835316658,-0.16284328699111938
1790108074036883700,34.9968837890625,-0.4911617040634155,-0.016416024416685104,-0.15766827762126923
1790108074046829000,35.0068291015625,-0.47750794887542725,0.23788896203041077,-0.14133749902248383
1790108074056772900,35.01677294921875,-0.5021601915359497,0.2483779937028885,-0.14751940965652466
1790108074066718000,35.026718017578126,-0.5672481060028076,0.11157486587762833,-0.183354914188385
1790108074076661800,35.03666186523437,-0.535872220993042,0.33965933322906494,-0.11685356497764587
1790108074086605800,35.046605712890624,-0.39443787932395935,0.6295098066329956,0.008491571992635727
1790108074096551000,35.056551025390625,-0.3648810386657715,0.3390691578388214,-0.11862802505493164
1790108074106495000,35.06649487304688,-0.34967198967933655,0.008045169524848461,-0.31606921553611755
1790108074116439800,35.07643969726563,-0.2558629512786865,0.016542691737413406,-0.2769422233104706
1790108074126384000,35.086384033203124,-0.1052902340888977,0.17166650295257568,-0.0902051031589508
1790108074136329000,35.096328857421874,-0.06615934520959854,0.05843847244977951,-0.07159146666526794
1790108074146273000,35.10627294921875,-0.13625933229923248,-0.22895148396492004,-0.22000890970230103
1790108074156217900,35.1162177734375,-0.14577627182006836,-0.3892492651939392,-0.2559097707271576
1790108074166162000,35.12616186523437,-0.10594338923692703,-0.3754386305809021,-0.18812404572963715
1790108074176107000,35.13610693359375,-0.04953717812895775,-0.2596780061721802,-0.08153504878282547
1790108074186050800,35.14605078125,-0.002610947471112013,-0.20729440450668335,0.0025049960240721703
1790108074195996000,35.155995849609376,0.008245651610195637,-0.3535841107368469,-0.03423817455768585
1790108074205940000,35.16593994140625,0.014016722328960896,-0.4707576036453247,-0.09244555979967117
1790108074215884800,35.175884765625,0.06769160181283951,-0.3633244037628174,0.010614625178277493
1790108074225828900,35.185828857421875,0.12294819951057434,-0.1896282583475113,0.1593628227710724
1790108074235773000,35.19577294921875,0.10008873045444489,-0.14284677803516388,0.20596902072429657
1790108074245718000,35.20571801757813,0.09747643768787384,-0.11725752055644989,0.24505995213985443
1790108074255662000,35.215662109375,0.15611736476421356,-0.17287373542785645,0.2657029926776886
1790108074265607000,35.22560693359375,0.25242555141448975,-0.11756680905818939,0.29497382044792175
1790108074275550700,35.23555078125,0.308799684047699,-0.0873570442199707,0.3097385764122009
1790108074285496000,35.24549609375,0.32362043857574463,-0.13287845253944397,0.2995772957801819
1790108074295440000,35.25543994140625,0.32718393206596375,-0.13919702172279358,0.32316163182258606
1790108074305385000,35.26538500976562,0.3589613139629364,-0.05926491320133209,0.3993711769580841
1790108074315328800,35.275328857421876,0.37065979838371277,-0.117179736495018,0.40303415060043335
1790108074325274000,35.28527416992188,0.3492535948753357,-0.27100417017936707,0.33000466227531433
1790108074335218000,35.29521801757812,0.35479944944381714,-0.28476589918136597,0.311989963054657
1790108074345162800,35.30516284179687,0.3910362720489502,-0.26249200105667114,0.3362899720668793
1790108074355106800,35.31510693359375,0.40932637453079224,-0.3016672134399414,0.31656068563461304
1790108074365052000,35.325052001953125,0.40775617957115173,-0.3099115490913391,0.29224735498428345
1790108074374996000,35.33499584960938,0.41812512278556824,-0.20736321806907654,0.3367106020450592
1790108074384940000,35.34493994140625,0.4272134304046631,-0.15458868443965912,0.3721029460430145
1790108074394884900,35.354884765625,0.401337593793869,-0.2572542726993561,0.3194314241409302
1790108074404828700,35.36482861328125,0.38226163387298584,-0.35790392756462097,0.2560191750526428
1790108074414774000,35.37477392578125,0.3659362494945526,-0.38649851083755493,0.24302613735198975
1790108074424717800,35.3847177734375,0.3594439923763275,-0.29283833503723145,0.2834390699863434
1790108074434663000,35.39466284179687,0.3444812297821045,-0.23751021921634674,0.3114473223686218
1790108074444607000,35.40460693359375,0.2786846458911896,-0.3872584402561188,0.21444088220596313
1790108074454551800,35.4145517578125,0.18994420766830444,-0.6263350248336792,0.014537975192070007
1790108074464495900,35.42449584960937,0.20780709385871887,-0.42556679248809814,-0.027909882366657257
1790108074474440700,35.43444067382813,0.23244433104991913,-0.021284667775034904,0.04374014958739281
1790108074484385000,35.444385009765625,0.18800896406173706,0.22076018154621124,0.11469901353120804
1790108074494329900,35.454329833984374,0.12329517304897308,0.21080100536346436,0.15733487904071808
1790108074504274000,35.46427392578125,-0.0256010964512825,-0.1311536580324173,0.011357168667018414
1790108074514218800,35.47421875,-0.1120358482003212,-0.2698240578174591,-0.11673548817634583
1790108074524163000,35.4841630859375,-0.0736895278096199,-0.029869526624679565,-0.1041744202375412
1790108074534108000,35.49410791015625,-0.05762375518679619,0.12466614693403244,-0.08056942373514175
1790108074544052000,35.50405200195313,-0.057785943150520325,0.21007773280143738,-0.005328994244337082
1790108074553995800,35.51399584960937,-0.11652469635009766,0.013123996555805206,-0.0758712962269783
1790108074563941000,35.523941162109374,-0.1631619781255722,-0.09481312334537506,-0.15789851546287537
1790108074573885000,35.533885009765626,-0.1743820160627365,0.018126675859093666,-0.1765715628862381
1790108074583829800,35.543829833984375,-0.2034621387720108,0.06590298563241959,-0.21134738624095917
1790108074593773800,35.55377392578125,-0.22932285070419312,0.12104875594377518,-0.19182884693145752
1790108074603719000,35.56371899414062,-0.2224407196044922,0.27269047498703003,-0.09790980070829391
1790108074613663000,35.5736630859375,-0.25383231043815613,0.29965877532958984,-0.044651348143815994
1790108074623607800,35.58360791015625,-0.2695883810520172,0.2958475351333618,0.004022980108857155
1790108074633552000,35.5935517578125,-0.26441770792007446,0.2028416097164154,0.006659344304352999
1790108074643497000,35.6034970703125,-0.21011878550052643,0.15772898495197296,-0.002672638511285186
1790108074653441000,35.61344091796875,-0.108004629611969,0.13711175322532654,0.008759191259741783
1790108074663385900,35.6233857421875,0.0025229440070688725,0.3081852197647095,0.1304302215576172
1790108074673330000,35.63332983398438,0.010096829384565353,0.20001766085624695,0.11414162814617157
1790108074683275000,35.64327490234375,-0.04655073583126068,-0.07801954448223114,-0.045278385281562805
1790108074693219000,35.65321899414062,-0.09169002622365952,-0.08382446318864822,-0.09052789956331253
1790108074703163000,35.663162841796876,-0.10923679918050766,0.06932833790779114,-0.004416980780661106
1790108074713107700,35.673107666015625,-0.0944354236125946,0.24030816555023193,0.12320226430892944
1790108074723051800,35.6830517578125,-0.05781801789999008,0.3358434736728668,0.23841780424118042
1790108074732996900,35.69299682617188,-0.06459496915340424,0.15053582191467285,0.19025713205337524
1790108074742941000,35.70294091796875,-0.07228990644216537,-0.05991889163851738,0.08233626186847687
1790108074752885800,35.7128857421875,-0.0269748754799366,-0.05718933045864105,0.057693418115377426
1790108074762830000,35.722830078125,-0.049933455884456635,-0.12602698802947998,0.011238032951951027
1790108074772775000,35.73277490234375,-0.08478452265262604,0.04810637608170509,0.08646150678396225
1790108074782719000,35.742718994140624,-0.1440979242324829,0.08723326772451401,0.12143360823392868
1790108074792663800,35.75266381835937,-0.2617166340351105,-0.1308005154132843,0.024188287556171417
1790108074802608000,35.76260815429688,-0.27680477499961853,-0.11913692951202393,0.011050914414227009
1790108074812553000,35.77255297851563,-0.24532273411750793,-0.15447664260864258,-0.011362303979694843
1790108074822496800,35.78249682617187,-0.21996837854385376,-0.2059430330991745,-0.04131940379738808
1790108074832441900,35.79244189453125,-0.14897069334983826,-0.05058945342898369,0.02373427525162697
1790108074842385700,35.8023857421875,-0.08285399526357651,-0.025292351841926575,0.04108130559325218
1790108074852330800,35.812330810546875,-0.06028304621577263,-0.03206074237823486,0.01881660707294941
1790108074862274600,35.82227465820313,-0.011382082477211952,0.09780031442642212,0.03651357814669609
1790108074872218600,35.83221850585937,-0.001870244974270463,0.008244304917752743,-0.007800087332725525
1790108074882163700,35.842163818359374,-0.000715764588676393,-0.2206546515226364,-0.12364386022090912
1790108074892107800,35.85210766601563,-0.022381186485290527,-0.3228749632835388,-0.19555555284023285
1790108074902052600,35.862052490234376,0.004863484762609005,-0.07733495533466339,-0.09250107407569885
1790108074911996700,35.87199658203125,0.06968584656715393,0.3116786777973175,0.12778595089912415
1790108074921941800,35.88194165039062,0.032824233174324036,0.24117179214954376,0.1819077730178833
1790108074931885800,35.8918857421875,-0.052662551403045654,-0.015790294855833054,0.07761382311582565
1790108074941830700,35.90183056640625,-0.01833893172442913,-0.0626952201128006,0.004204855766147375
1790108074951774700,35.91177465820312,0.04608692601323128,0.0892314612865448,0.0032810051925480366
1790108074961719800,35.9217197265625,0.09664490818977356,0.1742747277021408,0.023493599146604538
1790108074971663600,35.93166357421875,0.09203868359327316,0.1169610470533371,0.0367426760494709
1790108074981608700,35.941608642578124,0.045160382986068726,-0.04805213585495949,-0.0322028324007988
1790108074991552500,35.95155249023438,0.05218590423464775,0.11953509598970413,0.009499911218881607
1790108075001497900,35.96149780273438,-0.03266427293419838,0.049238838255405426,-0.09005517512559891
1790108075011441700,35.971441650390624,-0.08461189270019531,0.06477560102939606,-0.1115136593580246
1790108075021385700,35.9813857421875,-0.10940219461917877,0.08284434676170349,-0.0740288719534874
1790108075031330600,35.99133056640625,-0.09479375183582306,0.18194128572940826,0.029390966519713402
1790108075041275000,36.00127490234375,-0.09716050326824188,0.16507548093795776,0.048662133514881134
1790108075051219700,36.0112197265625,-0.18180245161056519,-0.09989068657159805,-0.09793025255203247
1790108075061163800,36.021163818359376,-0.20346833765506744,-0.07567642629146576,-0.11654147505760193
1790108075071108600,36.031108642578126,-0.16540640592575073,0.22647039592266083,-0.0036266380921006203
1790108075081052700,36.041052734375,-0.18887098133563995,0.16866809129714966,-0.014614574611186981
1790108075090997800,36.05099780273437,-0.2074676901102066,0.042249906808137894,-0.061639901250600815
1790108075100941600,36.060941650390625,-0.21573707461357117,-0.12387488782405853,-0.12851613759994507
1790108075110887000,36.070886962890626,-0.1890162080526352,-0.07169102132320404,-0.14001992344856262
1790108075120830700,36.08083081054688,-0.1805012822151184,-0.034840065985918045,-0.16156089305877686
1790108075130775800,36.09077587890625,-0.19590553641319275,0.022946679964661598,-0.14278700947761536
1790108075140719600,36.1007197265625,-0.2056838721036911,0.11526782065629959,-0.09612682461738586
1790108075150664700,36.110664794921874,-0.1897030621767044,0.22640733420848846,-0.03488985076546669
1790108075160608800,36.12060888671875,-0.16450555622577667,0.22097475826740265,-0.02483189105987549
1790108075170553600,36.1305537109375,-0.12447240203619003,0.11595607548952103,-0.05174785479903221
1790108075180497700,36.14049755859375,-0.11602645367383957,-0.013660496100783348,-0.09832414984703064
1790108075190441700,36.150441650390626,-0.1387244164943695,-0.03944902494549751,-0.11803063750267029
1790108075200386800,36.16038671875,-0.1899135708808899,-0.04749789461493492,-0.1678892821073532
1790108075210330600,36.17033056640625,-0.26155251264572144,-0.02575260028243065,-0.20930007100105286
1790108075220275700,36.18027563476563,-0.31728580594062805,0.1166658028960228,-0.167220801115036
1790108075230219500,36.190219482421874,-0.3536997437477112,0.21491646766662598,-0.10837159305810928
1790108075240164900,36.200164794921875,-0.41458839178085327,0.08416644483804703,-0.12214173376560211
1790108075250108700,36.21010864257813,-0.4491998851299286,-0.013039735145866871,-0.13880300521850586
1790108075260053800,36.2200537109375,-0.4463132917881012,-0.002071772702038288,-0.14835096895694733
1790108075269997600,36.22999755859375,-0.42329758405685425,0.0553617849946022,-0.17184120416641235
1790108075279942700,36.23994262695312,-0.42729923129081726,0.07522257417440414,-0.22129370272159576
1790108075289886700,36.24988671875,-0.44235989451408386,0.12253165990114212,-0.24096360802650452
1790108075299831600,36.25983154296875,-0.4766955077648163,0.11847566813230515,-0.26262733340263367
1790108075309775600,36.26977563476562,-0.516038179397583,0.14994579553604126,-0.2635093629360199
1790108075319720700,36.279720703125,-0.5574242472648621,0.20567616820335388,-0.25522398948669434
1790108075329664800,36.289664794921876,-0.6064804792404175,0.21772414445877075,-0.2516651451587677
1790108075339609600,36.299609619140625,-0.6677015423774719,0.19333678483963013,-0.24104154109954834
1790108075349553700,36.3095537109375,-0.7169062495231628,0.20612645149230957,-0.2094123214483261
1790108075359497700,36.319497802734375,-0.7254747152328491,0.273648202419281,-0.18408912420272827
1790108075369442800,36.32944287109375,-0.7073742151260376,0.33407583832740784,-0.1852341592311859
1790108075379386600,36.33938671875,-0.6884716749191284,0.3129574954509735,-0.19797952473163605
1790108075389331500,36.34933154296875,-0.6676419377326965,0.31086766719818115,-0.20949001610279083
1790108075399275800,36.35927587890625,-0.648780882358551,0.3408902585506439,-0.22824159264564514
1790108075409220600,36.369220703125,-0.6365400552749634,0.3412119448184967,-0.26162073016166687
1790108075419164700,36.37916455078125,-0.6823496222496033,0.3006078004837036,-0.29711586236953735
1790108075429109800,36.38910986328125,-0.7816737294197083,0.30410054326057434,-0.3162553608417511
1790108075439053800,36.3990537109375,-0.8630993366241455,0.3128868341445923,-0.3137834072113037
1790108075448998700,36.40899853515625,-0.902573823928833,0.25143975019454956,-0.2908875346183777
1790108075458942700,36.418942626953125,-0.9295313954353333,0.1595630943775177,-0.2535811960697174
1790108075468887800,36.4288876953125,-0.9500084519386292,0.15744145214557648,-0.22061865031719208
1790108075478831900,36.43883178710937,-0.947767436504364,0.25285905599594116,-0.2089388370513916
1790108075488776700,36.44877661132813,-0.9359377026557922,0.38135266304016113,-0.21808859705924988
1790108075498720800,36.458720703125,-0.9436129331588745,0.45347854495048523,-0.266007661819458
1790108075508664600,36.46866455078125,-0.9931116104125977,0.436145544052124,-0.3214942514896393
1790108075518609700,36.47860961914063,-1.0406924486160278,0.3720150291919708,-0.34181416034698486
1790108075528553700,36.4885537109375,-1.0605164766311646,0.2479933649301529,-0.32817935943603516
1790108075538498600,36.49849853515625,-1.0624611377716064,0.11468884348869324,-0.3424999713897705
1790108075548442600,36.508442626953126,-1.0413137674331665,0.047348685562610626,-0.38515129685401917
1790108075558387700,36.5183876953125,-1.0204575061798096,0.07481226325035095,-0.39833900332450867
1790108075568331800,36.52833178710937,-1.0056692361831665,0.08855366706848145,-0.3947638273239136
1790108075578276600,36.53827661132812,-0.9785875082015991,0.05137141793966293,-0.40812838077545166
1790108075588220700,36.548220703125,-0.9684237241744995,0.05097184330224991,-0.4481004774570465
1790108075598165800,36.558165771484376,-0.9639464020729065,-0.02531467005610466,-0.5430797338485718
1790108075608109800,36.56810986328125,-0.9672718644142151,-0.13315312564373016,-0.6516754031181335
1790108075618054700,36.5780546875,-0.9630528688430786,-0.22083984315395355,-0.696171224117279
1790108075627998500,36.58799853515625,-0.9652791619300842,-0.24580106139183044,-0.6920334100723267
1790108075637943800,36.59794384765625,-0.9685516357421875,-0.24926184117794037,-0.6663091778755188
1790108075647887600,36.6078876953125,-0.9654725790023804,-0.2975817024707794,-0.6567599773406982
1790108075657832700,36.61783276367188,-0.9335282444953918,-0.3421880304813385,-0.6585424542427063
1790108075667776500,36.62777661132812,-0.8806495666503906,-0.3243787884712219,-0.6599528789520264
1790108075677721900,36.637721923828124,-0.8429471850395203,-0.22731934487819672,-0.6417847871780396
1790108075687665700,36.64766577148438,-0.8039624691009521,-0.1526218205690384,-0.6169443726539612
1790108075697609700,36.65760961914062,-0.7695597410202026,-0.13734619319438934,-0.5632867217063904
1790108075707554600,36.66755444335938,-0.7406460642814636,-0.14783090353012085,-0.49701589345932007
1790108075717499000,36.677498779296876,-0.7360041737556458,-0.15547896921634674,-0.4370436370372772
1790108075727443700,36.687443603515625,-0.7326962947845459,-0.13280020654201508,-0.401985228061676
1790108075737387800,36.6973876953125,-0.7275756001472473,-0.10375870019197464,-0.39257362484931946
1790108075747332900,36.70733276367187,-0.6990458369255066,-0.08558563888072968,-0.394843190908432
1790108075757276700,36.717276611328124,-0.6958402395248413,-0.10727202892303467,-0.38152605295181274
1790108075767221800,36.7272216796875,-0.7127088904380798,-0.15595059096813202,-0.40384015440940857
1790108075777165600,36.73716552734375,-0.7016045451164246,-0.15845608711242676,-0.3944050967693329
1790108075787111000,36.74711083984375,-0.6518838405609131,-0.19409741461277008,-0.3813875615596771
1790108075797054700,36.7570546875,-0.6245675086975098,-0.19501566886901855,-0.3342256247997284
1790108075806999800,36.76699975585937,-0.6027787923812866,-0.170636385679245,-0.27683788537979126
1790108075816943600,36.776943603515626,-0.5704429149627686,-0.09750838577747345,-0.20626945793628693
1790108075826888700,36.786888671875,-0.541595458984375,-0.0331537164747715,-0.15785455703735352
1790108075836832500,36.79683251953125,-0.5180744528770447,-0.014645280316472054,-0.12961146235466003
1790108075846777300,36.80677734375,-0.49300095438957214,-0.022625818848609924,-0.09530188143253326
1790108075856721700,36.8167216796875,-0.4635900855064392,0.010604838840663433,-0.05429079756140709
1790108075866665700,36.82666577148437,-0.42695924639701843,0.06890668720006943,-0.0033581452444195747
1790108075876610600,36.83661059570313,-0.39484816789627075,0.11949557065963745,0.05764422193169594
1790108075886554400,36.84655444335937,-0.3625507056713104,0.11293472349643707,0.08270356804132462
1790108075896499700,36.856499755859375,-0.3306247293949127,0.09844367206096649,0.07047566771507263
1790108075906443500,36.86644360351563,-0.2848207950592041,0.09755030274391174,0.05787963792681694
1790108075916388600,36.876388671875,-0.23721519112586975,0.10998033732175827,0.06752561032772064
1790108075926332400,36.88633251953125,-0.20651397109031677,0.08124284446239471,0.0631575658917427
1790108075936277500,36.89627758789062,-0.1898135542869568,0.00843654666095972,0.027893582358956337
1790108075946221600,36.9062216796875,-0.1352507621049881,-0.012185637839138508,0.0033612018451094627
1790108075956166400,36.91616650390625,-0.08988673239946365,0.010050426237285137,0.021620899438858032
1790108075966110500,36.9261103515625,-0.05863461643457413,0.030203210189938545,0.03566819429397583
1790108075976055600,36.9360556640625,-0.028287896886467934,0.01560882292687893,0.03907943516969681
1790108075985999600,36.94599951171875,0.02997385524213314,0.019229527562856674,0.06715668737888336
1790108075995944400,36.9559443359375,0.10073564201593399,0.050276126712560654,0.12351663410663605
1790108076005888500,36.96588842773438,0.1625228077173233,0.09880062192678452,0.17694076895713806
1790108076015832300,36.97583227539062,0.21665208041667938,0.14337500929832458,0.2208261936903
1790108076025777700,36.985777587890624,0.3076414465904236,0.20092687010765076,0.2698769271373749
1790108076035721500,36.995721435546876,0.41546857357025146,0.26339346170425415,0.3276885449886322
1790108076045666600,37.00566650390625,0.5175914168357849,0.3089860677719116,0.38174983859062195
1790108076055610400,37.0156103515625,0.6119781136512756,0.33764752745628357,0.41879281401634216
1790108076065555500,37.02555541992187,0.7204591631889343,0.40167683362960815,0.4709119200706482
1790108076075499500,37.03549951171875,0.8163763880729675,0.4841482639312744,0.5618077516555786
1790108076085444400,37.0454443359375,0.8926516175270081,0.5489677786827087,0.6588608026504517
1790108076095388400,37.05538842773438,0.9537442922592163,0.5751911401748657,0.7170471549034119
1790108076105333500,37.06533349609375,1.0279024839401245,0.5802498459815979,0.7362173795700073
1790108076115277600,37.075277587890625,1.1131612062454224,0.5847335457801819,0.7539085149765015
1790108076125222400,37.085222412109374,1.2028332948684692,0.5965702533721924,0.7574254870414734
1790108076135166700,37.09516674804688,1.2928454875946045,0.6101430654525757,0.7515801191329956
1790108076145111600,37.10511157226563,1.3704434633255005,0.5996655225753784,0.7611430883407593
1790108076155055600,37.1150556640625,1.4358718395233154,0.5326923727989197,0.8084416389465332
1790108076165000400,37.12500048828125,1.5159152746200562,0.464036762714386,0.8270651698112488
1790108076174944500,37.13494458007813,1.596387505531311,0.44139590859413147,0.8172069191932678
1790108076184889600,37.1448896484375,1.664429783821106,0.4328085780143738,0.7658409476280212
1790108076194833400,37.15483349609375,1.7660109996795654,0.3918542265892029,0.6895794868469238
1790108076204777500,37.164777587890626,1.8855456113815308,0.3105981945991516,0.597826361656189
1790108076214722600,37.17472265625,1.9896583557128906,0.17866148054599762,0.5076783895492554
1790108076224666600,37.18466650390625,2.05965256690979,0.005629699677228928,0.4272235929965973
1790108076234611500,37.19461157226562,2.103726387023926,-0.16558146476745605,0.35120338201522827
1790108076244555500,37.204555419921874,2.1325550079345703,-0.2738899290561676,0.2850966155529022
1790108076254500600,37.21450048828125,2.172114610671997,-0.33430880308151245,0.2060827612876892
1790108076264444700,37.22444458007813,2.2183477878570557,-0.4008978009223938,0.11714392155408859
1790108076274389500,37.23438940429688,2.2548177242279053,-0.5764562487602234,-0.0031587816774845123
1790108076284333600,37.24433349609375,2.2230570316314697,-0.693544864654541,-0.050433091819286346
1790108076294278700,37.254278564453124,2.0826945304870605,-0.8566916584968567,-0.08149806410074234
1790108076304222500,37.264222412109376,1.8581897020339966,-0.904719352722168,-0.04082493111491203
1790108076314167600,37.27416748046875,1.6179667711257935,-0.7842786908149719,0.06473904103040695
1790108076324111400,37.284111328125,1.4888830184936523,-0.5881721377372742,0.15073993802070618
1790108076334056700,37.294056640625,1.4769949913024902,-0.34439221024513245,0.14279866218566895
1790108076344000500,37.30400048828125,1.5301332473754883,-0.10685490816831589,0.11430289596319199
1790108076353945600,37.313945556640626,1.6359970569610596,0.14539945125579834,0.12860912084579468
1790108076363889400,37.32388940429688,1.6257506608963013,0.2833847999572754,0.20410791039466858
1790108076373833500,37.33383349609375,1.5287210941314697,0.2860407829284668,0.3018999695777893
1790108076383778600,37.343778564453125,1.3766151666641235,0.1566307097673416,0.32955148816108704
1790108076393722600,37.35372265625,1.276080846786499,0.058307863771915436,0.2659967541694641
1790108076403667500,37.36366748046875,1.120841145515442,0.01720312237739563,0.14268513023853302
1790108076413611500,37.373611572265624,0.9690611958503723,-0.0005015730857849121,0.028155628591775894
1790108076423556600,37.383556640625,0.8379284143447876,0.12660591304302216,0.054348137229681015
1790108076433500400,37.39350048828125,0.7763534188270569,0.21757283806800842,0.15075775980949402
1790108076443445500,37.40344555664063,0.8078025579452515,0.2605093717575073,0.24108554422855377
1790108076453389600,37.4133896484375,0.8606181144714355,0.2747120261192322,0.3302593529224396
1790108076463334700,37.42333471679687,0.833656370639801,0.23554033041000366,0.35351231694221497
1790108076473278500,37.433278564453126,0.7304626107215881,0.1680302619934082,0.359078049659729
1790108076483223600,37.4432236328125,0.6839566230773926,0.25108465552330017,0.43500104546546936
1790108076493167600,37.45316772460937,0.6660206913948059,0.3179263472557068,0.4789847731590271
1790108076503112400,37.46311254882813,0.5747403502464294,0.25110188126564026,0.41712093353271484
1790108076513056500,37.473056396484374,0.43344876170158386,0.09442199021577835,0.32954341173171997
1790108076523001300,37.48300146484375,0.2972211539745331,0.04381086677312851,0.2448006272315979
1790108076532945700,37.49294555664063,0.10994979739189148,-0.025344237685203552,0.15926975011825562
1790108076542889500,37.50288940429687,-0.07883290201425552,-0.08087955415248871,0.12683835625648499
1790108076552834600,37.51283447265625,-0.2685234844684601,-0.10803820192813873,0.10920503735542297
1790108076562778400,37.5227783203125,-0.44278132915496826,-0.12743443250656128,0.06805260479450226
1790108076572723700,37.5327236328125,-0.6073362231254578,-0.23837772011756897,-0.04215060546994209
1790108076582667500,37.54266748046875,-0.6874247789382935,-0.1818198710680008,-0.07757701724767685
1790108076592612600,37.55261254882812,-0.7454412579536438,-0.18652860820293427,-0.13461527228355408
1790108076602556400,37.562556396484375,-0.794655442237854,-0.18508616089820862,-0.1786833554506302
1790108076612501500,37.57250146484375,-0.82700115442276,-0.07249249517917633,-0.15693198144435883
1790108076622445600,37.58244555664062,-0.8408647179603577,0.08704143762588501,-0.13550715148448944
1790108076632390400,37.59239038085938,-0.8952856063842773,0.07652541249990463,-0.22146174311637878
1790108076642334500,37.60233447265625,-0.9534041285514832,0.04144351929426193,-0.2825879752635956
1790108076652279600,37.612279541015624,-0.9221210479736328,0.13173773884773254,-0.23971322178840637
1790108076662223600,37.6222236328125,-0.8422268629074097,0.19160021841526031,-0.2042444795370102
1790108076672168400,37.63216845703125,-0.7805280685424805,0.0461556613445282,-0.2567518651485443
1790108076682112500,37.64211254882812,-0.7505967617034912,-0.12201014161109924,-0.3473648726940155
1790108076692056300,37.652056396484376,-0.7158030867576599,-0.10496964305639267,-0.4080532491207123
1790108076702001700,37.66200170898438,-0.6377421021461487,0.13339343667030334,-0.4738401174545288
1790108076711945500,37.67194555664062,-0.5134412050247192,0.4363759458065033,-0.5032176971435547
1790108076721890600,37.681890625,-0.4533916413784027,0.37367090582847595,-0.5557906627655029
1790108076731834400,37.69183447265625,-0.4449491500854492,0.13146549463272095,-0.5879243612289429
1790108076741779500,37.701779541015625,-0.46584272384643555,0.007110046222805977,-0.6196368336677551
1790108076751723500,37.7117236328125,-0.5314712524414062,0.06625379621982574,-0.6734710335731506
1790108076761668400,37.72166845703125,-0.6850523948669434,0.24460101127624512,-0.7122089862823486
1790108076771612700,37.73161279296875,-0.8084214925765991,0.42085912823677063,-0.7191281318664551
1790108076781557500,37.7415576171875,-0.8996633291244507,0.5317250490188599,-0.6655977964401245
1790108076791501600,37.75150146484375,-0.9902052283287048,0.5893124938011169,-0.5868822336196899
1790108076801446400,37.7614462890625,-1.0296244621276855,0.618658721446991,-0.5560615658760071
1790108076811390700,37.771390625,-1.013597846031189,0.6242066025733948,-0.5680548548698425
1790108076821335600,37.78133544921875,-0.9621747136116028,0.5629501342773438,-0.610645055770874
1790108076831279600,37.791279541015626,-0.9393008351325989,0.4344651699066162,-0.6665993928909302
1790108076841224400,37.801224365234376,-0.9525772333145142,0.3571920394897461,-0.7315927147865295
1790108076851168500,37.81116845703125,-0.991289496421814,0.37525492906570435,-0.7761154770851135
1790108076861112300,37.8211123046875,-1.0629078149795532,0.39601731300354004,-0.8055384159088135
1790108076871057400,37.831057373046875,-1.1803483963012695,0.333107054233551,-0.794597327709198
1790108076881001500,37.84100146484375,-1.2964763641357422,0.23052485287189484,-0.7584313154220581
1790108076890946300,37.8509462890625,-1.396007776260376,0.19717808067798615,-0.6789250373840332
1790108076900890400,37.860890380859374,-1.3765844106674194,0.22695642709732056,-0.6230967044830322
1790108076910835500,37.87083544921875,-1.3009675741195679,0.18541990220546722,-0.5835977792739868
1790108076920779500,37.88077954101563,-1.2461261749267578,0.08613406121730804,-0.5929937958717346
1790108076930724400,37.89072436523438,-1.256213665008545,0.058874212205410004,-0.6193348169326782
1790108076940668400,37.90066845703125,-1.2569633722305298,0.02155829779803753,-0.6708741784095764
1790108076950613500,37.91061352539062,-1.2252237796783447,0.012691302224993706,-0.736801266670227
1790108076960557600,37.9205576171875,-1.2330714464187622,-0.03677399083971977,-0.793182909488678
1790108076970502400,37.93050244140625,-1.2853561639785767,-0.1726577877998352,-0.8403410911560059
1790108076980446500,37.94044653320312,-1.319279670715332,-0.32584208250045776,-0.8628475069999695
1790108076990391600,37.9503916015625,-1.3438524007797241,-0.44751474261283875,-0.8702020645141602
1790108077000335400,37.96033544921875,-1.367249608039856,-0.46827277541160583,-0.8081815242767334
1790108077010280400,37.970280517578125,-1.3682032823562622,-0.4949885308742523,-0.7147775292396545
1790108077020224300,37.98022436523438,-1.3677650690078735,-0.5319575667381287,-0.6225056648254395
1790108077030169600,37.99016967773437,-1.3805903196334839,-0.530820369720459,-0.5478876233100891
1790108077040113400,38.000113525390624,-1.3780076503753662,-0.5470781922340393,-0.5359241366386414
1790108077050057500,38.01005737304688,-1.3582061529159546,-0.5972904562950134,-0.5669201612472534
1790108077060002300,38.020002197265626,-1.3034017086029053,-0.6990282535552979,-0.6202048063278198
1790108077069946600,38.02994653320312,-1.2418009042739868,-0.811610221862793,-0.688398003578186
1790108077079891500,38.03989135742187,-1.2243173122406006,-0.9583653211593628,-0.7132883071899414
1790108077089835500,38.04983544921875,-1.235560417175293,-1.0623420476913452,-0.714590311050415
1790108077099780600,38.059780517578126,-1.2301363945007324,-1.0545381307601929,-0.6659904718399048
1790108077109724400,38.06972436523437,-1.216723918914795,-1.012933373451233,-0.5861835479736328
1790108077119669500,38.07966943359375,-1.1752101182937622,-1.0221184492111206,-0.5174427032470703
1790108077129613300,38.08961328125,-1.1189433336257935,-1.0095103979110718,-0.4355851411819458
1790108077139558700,38.09955859375,-1.0451308488845825,-0.9645929336547852,-0.3327126204967499
1790108077149502500,38.10950244140625,-0.9751558303833008,-0.9412444233894348,-0.2422594279050827
1790108077159447600,38.11944750976563,-0.8877627849578857,-0.8328983783721924,-0.15313665568828583
1790108077169391400,38.12939135742187,-0.79404616355896,-0.6443036794662476,-0.010676713660359383
1790108077179336400,38.13933642578125,-0.7109397053718567,-0.5278728008270264,0.1991327553987503
1790108077189280500,38.14928051757813,-0.6092413067817688,-0.42536112666130066,0.4193381071090698
1790108077199225300,38.159225341796876,-0.5041077733039856,-0.3100661635398865,0.5696059465408325
1790108077209169400,38.16916943359375,-0.39608892798423767,-0.19162817299365997,0.6471585035324097
1790108077219113500,38.179113525390626,-0.29128655791282654,-0.05200953781604767,0.7028579711914062
1790108077229058600,38.18905859375,-0.20539399981498718,0.030640603974461555,0.7261960506439209
1790108077239002400,38.19900244140625,-0.12331792712211609,0.07154402881860733,0.7412917017936707
1790108077248947500,38.20894750976562,-0.050720956176519394,0.04709327965974808,0.7259001731872559
1790108077258891300,38.218891357421874,0.03331407532095909,-0.02669040486216545,0.678768515586853
1790108077268836600,38.228836669921876,0.12437047064304352,-0.054992884397506714,0.6614944338798523
1790108077278780400,38.23878051757813,0.22408999502658844,-0.035676635801792145,0.6793755888938904
1790108077288725500,38.2487255859375,0.31075963377952576,-0.025572601705789566,0.690983235836029
1790108077298669300,38.25866943359375,0.3829580545425415,-0.053472623229026794,0.6753561496734619
1790108077308614400,38.268614501953124,0.45866265892982483,-0.07985709607601166,0.6744725108146667
1790108077318558500,38.278558349609376,0.5416094064712524,-0.05792015790939331,0.6618334650993347
1790108077328503300,38.28850341796875,0.6205910444259644,-0.02025880292057991,0.6378905773162842
1790108077338447400,38.298447265625,0.7059735059738159,-0.06535651534795761,0.6136506199836731
1790108077348392400,38.30839233398437,0.8050718903541565,-0.11820295453071594,0.5905820727348328
1790108077358336500,38.31833642578125,0.8973919749259949,-0.0965554341673851,0.5683736801147461
1790108077368281300,38.32828125,0.9920207262039185,-0.023865249007940292,0.5560347437858582
1790108077378225400,38.33822534179688,1.0655875205993652,0.07062897086143494,0.5641913414001465
1790108077388169500,38.34816943359375,1.1385234594345093,0.12621526420116425,0.5807772278785706
1790108077398114600,38.358114501953125,1.2116199731826782,0.07413585484027863,0.5851903557777405
1790108077408058400,38.36805834960938,1.2936124801635742,-0.06699303537607193,0.5289148092269897
1790108077418003500,38.37800341796875,1.393011212348938,-0.20489318668842316,0.46560558676719666
1790108077427947500,38.387947509765624,1.4600850343704224,-0.34386467933654785,0.43430331349372864
1790108077437892400,38.39789233398437,1.4978338479995728,-0.3886878192424774,0.46368783712387085
1790108077447836400,38.40783642578125,1.5214660167694092,-0.3286151587963104,0.527489960193634
1790108077457781500,38.41778149414063,1.538856029510498,-0.3373619318008423,0.5966938734054565
1790108077467725600,38.4277255859375,1.544552206993103,-0.46201810240745544,0.5982174873352051
1790108077477670400,38.43767041015625,1.5504627227783203,-0.6172588467597961,0.5363431572914124
1790108077487614500,38.447614501953126,1.550716757774353,-0.7181252241134644,0.4544965326786041
1790108077497559600,38.4575595703125,1.5678730010986328,-0.7474879622459412,0.44666534662246704
1790108077507503600,38.46750366210937,1.629337191581726,-0.8222790956497192,0.4963149130344391
1790108077517448400,38.47744848632812,1.6923489570617676,-0.9573624730110168,0.5245411992073059
1790108077527392500,38.487392578125,1.7437142133712769,-1.1149526834487915,0.5008981823921204
1790108077537337600,38.497337646484375,1.818088173866272,-1.301575779914856,0.407279908657074
1790108077547281400,38.50728149414063,1.8487321138381958,-1.3679835796356201,0.38138172030448914
1790108077557226500,38.5172265625,1.8253504037857056,-1.4759186506271362,0.37054312229156494
1790108077567170300,38.52717041015625,1.7643009424209595,-1.5922271013259888,0.4000088572502136
1790108077577114400,38.5371142578125,1.6473687887191772,-1.6318970918655396,0.4120810627937317
1790108077587059500,38.5470595703125,1.4155161380767822,-1.534058928489685,0.46069520711898804
1790108077597003500,38.55700341796875,1.244348168373108,-1.4715290069580078,0.5815637111663818
1790108077606948400,38.5669482421875,1.1635528802871704,-1.4123543500900269,0.7445510625839233
1790108077616892400,38.576892333984375,1.1678436994552612,-1.2026662826538086,0.8992695808410645
1790108077626837500,38.58683740234375,1.1528003215789795,-1.0218662023544312,1.0542964935302734
1790108077636781600,38.59678149414062,1.0935287475585938,-1.0176827907562256,1.1387935876846313
1790108077646726400,38.60672631835938,0.9968221783638,-1.0323889255523682,1.0957717895507812
1790108077656670200,38.61667016601562,0.8674694895744324,-1.102445125579834,0.9484014511108398
1790108077666615600,38.626615478515625,0.7517748475074768,-1.1277291774749756,0.8362994194030762
1790108077676559400,38.63655932617188,0.6771416664123535,-1.1311249732971191,0.7817508578300476
1790108077686504400,38.64650439453125,0.6184325218200684,-0.9931735396385193,0.8071762919425964
1790108077696448500,38.656448486328124,0.5363842248916626,-0.8602355122566223,0.8472840189933777
1790108077706393600,38.6663935546875,0.4365452826023102,-0.7925449013710022,0.8386351466178894
1790108077716337400,38.67633740234375,0.34562504291534424,-0.7194650769233704,0.833732008934021
1790108077726281500,38.68628149414062,0.2985435724258423,-0.8968366384506226,0.6627030372619629
1790108077736226600,38.6962265625,0.2518850862979889,-1.0497535467147827,0.4558939039707184
1790108077746170600,38.706170654296876,0.15476147830486298,-0.9201992154121399,0.3521011769771576
1790108077756115500,38.716115478515626,0.00936814397573471,-0.7663568258285522,0.28874292969703674
1790108077766059500,38.7260595703125,-0.1619921624660492,-0.6351732611656189,0.2832368314266205
1790108077776004600,38.73600463867187,-0.34382712841033936,-0.620921790599823,0.26998642086982727
1790108077785948400,38.745948486328125,-0.5292076468467712,-0.6902230978012085,0.228068545460701
1790108077795893500,38.7558935546875,-0.6596102714538574,-0.7146914005279541,0.1932312399148941
1790108077805837300,38.76583740234375,-0.7482431530952454,-0.7453222870826721,0.14937269687652588
1790108077815782700,38.77578271484375,-0.824676513671875,-0.7288873791694641,0.11929894238710403
1790108077825726500,38.7857265625,-0.9120708107948303,-0.6718072891235352,0.08298248052597046
1790108077835672000,38.795672119140626,-0.9861345291137695,-0.572004497051239,0.053728628903627396
1790108077845616000,38.8056162109375,-1.0563229322433472,-0.4857414662837982,0.021811705082654953
1790108077855561200,38.81556127929687,-1.1193938255310059,-0.5265378355979919,-0.04615291208028793
1790108077865505300,38.82550537109375,-1.1520556211471558,-0.48510274291038513,-0.043934497982263565
1790108077875450000,38.8354501953125,-1.1192723512649536,-0.2473357766866684,0.0670069232583046
1790108077885394200,38.84539428710937,-1.0753744840621948,-0.03395533189177513,0.18437989056110382
1790108077895338200,38.855338134765624,-1.0945852994918823,-0.1384313404560089,0.17119114100933075
1790108077905283300,38.865283447265625,-1.116411805152893,-0.45865222811698914,0.0552954226732254
1790108077915227100,38.87522705078125,-1.0753153562545776,-0.5717232823371887,-0.003931762650609016
1790108077925172000,38.885171875,-0.9346247911453247,-0.30310675501823425,0.05423833057284355
1790108077935116300,38.8951162109375,-0.7963799238204956,-0.08419764041900635,0.08126166462898254
1790108077945061000,38.90506103515625,-0.7691571116447449,-0.16810105741024017,0.06346003711223602
1790108077955005200,38.915005126953126,-0.8118610382080078,-0.3675764203071594,0.06009442359209061
1790108077964950000,38.924949951171875,-0.8612595200538635,-0.3979351222515106,0.10069937258958817
1790108077974894300,38.93489428710937,-0.883510947227478,-0.12925733625888824,0.21883215010166168
1790108077984839200,38.94483911132812,-0.9341208934783936,-0.03195927292108536,0.19601045548915863
1790108077994783200,38.954783203125,-1.0272033214569092,-0.15000097453594208,0.1542547345161438
1790108078004728000,38.96472802734375,-1.089913010597229,-0.24798746407032013,0.21624939143657684
1790108078014672400,38.97467236328125,-1.07980215549469,-0.23708254098892212,0.29711100459098816
1790108078024617200,38.9846171875,-1.0374776124954224,-0.19530713558197021,0.29527872800827026
1790108078034561300,38.994561279296875,-1.0259147882461548,-0.20449566841125488,0.20870956778526306
1790108078044506400,39.00450634765625,-1.0369155406951904,-0.25565099716186523,0.06998417526483536
1790108078054450200,39.0144501953125,-1.0579112768173218,-0.27151137590408325,-0.01640726625919342
1790108078064395300,39.02439526367188,-1.1108099222183228,-0.24505020678043365,-0.06166901811957359
1790108078074339000,39.03433911132812,-1.208817720413208,-0.1775621771812439,-0.08708818256855011
1790108078084283100,39.044283203125,-1.2949731349945068,-0.1242653951048851,-0.0896376222372055
1790108078094228200,39.05422827148438,-1.3552067279815674,-0.007574628572911024,-0.06811364740133286
1790108078104172300,39.06417236328125,-1.369263768196106,0.12774032354354858,-0.06892138719558716
1790108078114117000,39.0741171875,-1.339155912399292,0.18877112865447998,-0.05626687780022621
1790108078124061200,39.084061279296876,-1.2753262519836426,0.17681698501110077,-0.03525480255484581
1790108078134006300,39.09400634765625,-1.2135347127914429,0.13727246224880219,-0.03857257217168808
1790108078143950300,39.10395043945312,-1.1690921783447266,0.08176473528146744,-0.10726188868284225
1790108078153895200,39.11389526367188,-1.1463550329208374,0.06949055939912796,-0.16908913850784302
1790108078163839000,39.1238388671875,-1.1425576210021973,0.08441092073917389,-0.2251497358083725
1790108078173784300,39.133784423828125,-1.1580531597137451,0.04272610694169998,-0.2830267548561096
1790108078183728000,39.14372802734375,-1.1513776779174805,0.0035600652918219566,-0.30219483375549316
1790108078193673200,39.15367309570313,-1.176195740699768,-0.011288921348750591,-0.2801190912723541
1790108078203617000,39.16361694335937,-1.1712350845336914,0.01197672076523304,-0.29623308777809143
1790108078213562400,39.17356225585937,-1.1813455820083618,0.04154438525438309,-0.32050850987434387
1790108078223506200,39.183506103515626,-1.168190360069275,-0.005576522555202246,-0.37312859296798706
1790108078233451000,39.193450927734375,-1.150054931640625,-0.10941255837678909,-0.44384172558784485
1790108078243395000,39.20339501953125,-1.1448942422866821,-0.24810118973255157,-0.5156887173652649
1790108078253339400,39.21333935546875,-1.131075143814087,-0.36332109570503235,-0.5805555582046509
1790108078263284200,39.2232841796875,-1.139776587486267,-0.3713047206401825,-0.6166690587997437
1790108078273228300,39.23322827148438,-1.1605254411697388,-0.3143239915370941,-0.6058276295661926
1790108078283173000,39.24317309570313,-1.1541831493377686,-0.27372995018959045,-0.5776247382164001
1790108078293117200,39.2531171875,-1.1435344219207764,-0.2814368009567261,-0.5579423308372498
1790108078303062300,39.263062255859374,-1.1427171230316162,-0.2902609407901764,-0.5283599495887756
1790108078313006000,39.27300610351563,-1.1553821563720703,-0.2864172160625458,-0.5091375708580017
1790108078322951200,39.282951171875,-1.1396851539611816,-0.2753365933895111,-0.5202658176422119
1790108078332895200,39.29289526367187,-1.1010022163391113,-0.27518877387046814,-0.524782657623291
1790108078342840300,39.30284033203125,-1.0888941287994385,-0.27083608508110046,-0.492809534072876
1790108078352784100,39.3127841796875,-1.0390315055847168,-0.3407095968723297,-0.48765572905540466
1790108078362729200,39.322729248046876,-1.019152045249939,-0.40810486674308777,-0.5076680183410645
1790108078372673300,39.33267333984375,-1.0056750774383545,-0.40534260869026184,-0.5288785099983215
1790108078382618000,39.3426181640625,-0.9656776189804077,-0.3752020299434662,-0.5255820155143738
1790108078392562200,39.352562255859375,-0.9044720530509949,-0.3267379701137543,-0.47849786281585693
1790108078402507300,39.36250732421875,-0.83041912317276,-0.254954069852829,-0.40472882986068726
1790108078412451300,39.37245141601562,-0.7707024216651917,-0.1556767225265503,-0.3458179235458374
1790108078422396200,39.38239624023438,-0.7127435207366943,-0.05480363965034485,-0.24860723316669464
1790108078432340200,39.39234033203125,-0.6196315884590149,0.01311775017529726,-0.1503201723098755
1790108078442284000,39.402283935546876,-0.5468295812606812,0.130691796541214,-0.06509342044591904
1790108078452229400,39.4122294921875,-0.4587346017360687,0.25888457894325256,-0.0023537559900432825
1790108078462173200,39.42217309570312,-0.3308354914188385,0.4233880341053009,0.1038067638874054
1790108078472118000,39.43211791992187,-0.21395206451416016,0.613990306854248,0.22496573626995087
1790108078482062000,39.44206201171875,-0.10996388643980026,0.7489451766014099,0.3369103670120239
1790108078492007200,39.452007080078126,-0.06839049607515335,0.6952130198478699,0.4038388431072235
1790108078501951200,39.461951171875,-0.012098459526896477,0.48668327927589417,0.3446948230266571
1790108078511896000,39.47189599609375,0.11744994670152664,0.2259097546339035,0.19549337029457092
1790108078521840000,39.481840087890625,0.27764493227005005,-0.06889045983552933,0.04862348735332489
1790108078531785200,39.49178515625,0.4792495667934418,-0.0029257568530738354,0.0611044317483902
1790108078541729300,39.50172924804688,0.6607719659805298,0.5352473855018616,0.38491737842559814
1790108078551674000,39.51167407226563,0.6731902956962585,0.8674144744873047,0.7567886710166931
1790108078561618200,39.5216181640625,0.7005561590194702,1.0688579082489014,0.8834313154220581
1790108078571563300,39.531563232421874,0.7443072199821472,0.8987165689468384,0.7369548678398132
1790108078581507300,39.54150732421875,0.8207607269287109,0.47032928466796875,0.508409857749939
1790108078591451100,39.551451171875,0.9195231795310974,0.23028919100761414,0.337504506111145
1790108078601396000,39.56139599609375,1.0563849210739136,0.2732638120651245,0.3838599920272827
1790108078611340300,39.57134033203125,1.2019535303115845,0.47015097737312317,0.559027910232544
1790108078621285000,39.58128515625,1.2399967908859253,0.5555436611175537,0.6706615090370178
1790108078631229200,39.59122924804687,1.288322925567627,0.38677525520324707,0.6866697072982788
1790108078641174000,39.60117407226563,1.3840481042861938,0.2609553039073944,0.7049691081047058
1790108078651118300,39.611118408203126,1.4783238172531128,0.3129187524318695,0.7723844051361084
1790108078661063200,39.621063232421875,1.538960576057434,0.38603317737579346,0.8188523054122925
1790108078671007200,39.63100732421875,1.5557409524917603,0.33662641048431396,0.8475334644317627
1790108078680952300,39.64095239257812,1.5690128803253174,0.3002939820289612,0.8790280222892761
1790108078690896400,39.650896484375,1.6244347095489502,0.29830998182296753,0.9462304711341858
1790108078700841200,39.66084130859375,1.6915743350982666,0.2938169538974762,1.0107066631317139
1790108078710785000,39.670784912109376,1.746546745300293,0.2596445381641388,1.0322445631027222
1790108078720730400,39.68073046875,1.79294753074646,0.16972345113754272,1.024328351020813
1790108078730674200,39.69067407226562,1.8990987539291382,0.21139542758464813,1.0216803550720215
1790108078740619300,39.70061938476562,2.027385950088501,0.4376767575740814,1.1227740049362183
1790108078750563000,39.71056298828125,2.073453426361084,0.4245151877403259,1.201494574546814
1790108078760507100,39.72050708007812,2.0939483642578125,0.3595857322216034,1.2157925367355347
1790108078770452200,39.7304521484375,2.0909180641174316,0.26422542333602905,1.0763890743255615
1790108078780396300,39.740396240234375,2.030334711074829,0.1608061045408249,0.8515396118164062
1790108078790341000,39.750341064453124,1.9390430450439453,-0.17244547605514526,0.5710261464118958
1790108078800285200,39.76028515625,1.8187358379364014,-0.548736035823822,0.24804812669754028
1790108078810230300,39.77023022460938,1.6929274797439575,-0.7254347801208496,0.01448068954050541
1790108078820174300,39.78017431640625,1.534487009048462,-0.8687993884086609,-0.04657280817627907
1790108078830119200,39.790119140625,1.3712724447250366,-0.786846399307251,0.08692403882741928
1790108078840062700,39.800062744140625,1.2833186388015747,-0.5879244804382324,0.3300000727176666
1790108078850007600,39.810007568359374,1.3053826093673706,-0.4952426254749298,0.5445704460144043
1790108078859951600,39.81995166015625,1.3684358596801758,-0.4385348856449127,0.6203296780586243
1790108078869896700,39.82989672851563,1.4285166263580322,-0.32730114459991455,0.5322790145874023
1790108078879840500,39.83984057617187,1.4731701612472534,-0.31988903880119324,0.4316994249820709
1790108078889785600,39.84978564453125,1.3941375017166138,-0.44723084568977356,0.4426743686199188
1790108078899729400,39.8597294921875,1.2546485662460327,-0.5887253880500793,0.5341827273368835
1790108078909674800,39.8696748046875,1.1071970462799072,-0.6006087064743042,0.599295437335968
1790108078919618600,39.87961865234375,0.9594458341598511,-0.5084071159362793,0.6326861381530762
1790108078929563600,39.88956372070312,0.8746984004974365,-0.4694807827472687,0.643316924571991
1790108078939507500,39.899507568359375,0.8828964233398438,-0.5118189454078674,0.6197303533554077
1790108078949452500,39.90945263671875,0.9263384938240051,-0.4707493484020233,0.5844114422798157
1790108078959396600,39.91939672851562,0.9453758001327515,-0.32371941208839417,0.5882397294044495
1790108078969340700,39.929340576171874,0.8960933089256287,-0.11886514723300934,0.6060101985931396
1790108078979285500,39.939285400390624,0.8483356237411499,-0.05845746770501137,0.5864455699920654
1790108078989229600,39.9492294921875,0.7776787281036377,-0.24789094924926758,0.41280242800712585
1790108078999174700,39.95917456054688,0.6515669226646423,-0.40366271138191223,0.17699924111366272
1790108079009118500,39.96911840820312,0.5384864807128906,-0.3020177483558655,0.022376276552677155
1790108079019063600,39.9790634765625,0.400301992893219,-0.14617249369621277,-0.10586398839950562
1790108079029007600,39.989007568359376,0.1829872578382492,-0.03511203080415726,-0.1641528457403183
1790108079038952700,39.99895263671875,-0.028765328228473663,0.12455599755048752,-0.07810448855161667
1790108079048896500,40.008896484375,-0.2301582396030426,0.06756957620382309,-0.07013462483882904
1790108079058841300,40.01884130859375,-0.33405667543411255,0.17455701529979706,-0.02655705064535141
1790108079068785700,40.02878564453125,-0.41522103548049927,0.2814990282058716,-0.01562897115945816
1790108079078730500,40.03873046875,-0.5017945170402527,0.36025187373161316,-0.048700906336307526
1790108079088674600,40.04867456054688,-0.6012358665466309,0.23842376470565796,-0.15397031605243683
1790108079098619400,40.05861938476563,-0.7043609023094177,0.06311292946338654,-0.26416659355163574
1790108079108563700,40.068563720703125,-0.8071189522743225,0.03708919882774353,-0.2959355115890503
1790108079118508500,40.078508544921874,-0.9135223627090454,0.0505453497171402,-0.3077242374420166
1790108079128452600,40.08845263671875,-1.0061715841293335,0.1275690495967865,-0.2889159321784973
1790108079138396400,40.098396484375,-1.0624703168869019,0.22947943210601807,-0.25148600339889526
1790108079148341800,40.108341796875,-1.1332638263702393,0.1284993588924408,-0.31721946597099304
1790108079158285600,40.11828564453125,-1.1610912084579468,0.10799941420555115,-0.3655105531215668
1790108079168230700,40.12823071289063,-1.1079697608947754,0.2684278190135956,-0.31328627467155457
1790108079178174500,40.13817456054687,-1.0031850337982178,0.4964945614337921,-0.22480490803718567
1790108079188119600,40.14811962890625,-0.9417804479598999,0.3903788924217224,-0.24914799630641937
1790108079198063600,40.158063720703126,-0.9295469522476196,0.1271885484457016,-0.31833717226982117
1790108079208008400,40.168008544921875,-0.8995080590248108,0.057339198887348175,-0.3170335292816162
1790108079217952500,40.17795239257813,-0.8403341770172119,0.20235711336135864,-0.2596812844276428
1790108079227897600,40.18789770507812,-0.8048995733261108,0.27048805356025696,-0.26402074098587036
1790108079237841700,40.197841552734374,-0.8111100792884827,0.18589328229427338,-0.33318328857421875
1790108079247786500,40.20778637695312,-0.8234339952468872,0.16361893713474274,-0.3471022844314575
1790108079257730600,40.21773046875,-0.8082801103591919,0.22675688564777374,-0.32871928811073303
1790108079267675600,40.22767553710938,-0.7846323251724243,0.35075706243515015,-0.32488638162612915
1790108079277619700,40.23761962890625,-0.744157612323761,0.5750916004180908,-0.28457197546958923
1790108079287564500,40.247564453125,-0.7318194508552551,0.5789907574653625,-0.2903701663017273
1790108079297508400,40.25750830078125,-0.7794018983840942,0.3094234764575958,-0.3960510492324829
1790108079307452700,40.26745263671875,-0.8321687579154968,0.09363088756799698,-0.5557519793510437
1790108079317397500,40.2773974609375,-0.8883201479911804,0.07770677655935287,-0.6673219203948975
1790108079327341600,40.287341552734375,-0.8874292373657227,0.24265338480472565,-0.666415810585022
1790108079337286400,40.297286376953124,-0.8853616118431091,0.3021310865879059,-0.6651657223701477
1790108079347230700,40.30723071289062,-0.9812003970146179,0.2977367341518402,-0.637516975402832
1790108079357175600,40.31717553710938,-1.1765477657318115,0.31890860199928284,-0.5605981945991516
1790108079367119600,40.32711962890625,-1.276664137840271,0.41544538736343384,-0.5221414566040039
1790108079377064400,40.337064453125,-1.2670035362243652,0.4687022268772125,-0.5331091284751892
1790108079387008800,40.3470087890625,-1.220037579536438,0.31192460656166077,-0.6149917244911194
1790108079396953600,40.35695361328125,-1.1850001811981201,0.1350153535604477,-0.6562427878379822
1790108079406897700,40.366897705078124,-1.1596242189407349,0.09839609265327454,-0.6784064769744873
1790108079416842500,40.37684252929687,-1.1429243087768555,0.13407285511493683,-0.7355986833572388
1790108079426786600,40.38678662109375,-1.152817726135254,0.20250533521175385,-0.7706519961357117
1790108079436731600,40.39673168945313,-1.194490671157837,0.2407861351966858,-0.7330223321914673
1790108079446675500,40.40667553710937,-1.2068841457366943,0.17456761002540588,-0.6800993084907532
1790108079456620500,40.41662060546875,-1.1966296434402466,0.027860719710588455,-0.6342141032218933
1790108079466564600,40.426564697265626,-1.1648812294006348,-0.14464415609836578,-0.639500081539154
1790108079476509700,40.436509765625,-1.1016277074813843,-0.1806437075138092,-0.6399160623550415
1790108079486453500,40.44645361328125,-1.0933045148849487,-0.16498467326164246,-0.6057997345924377
1790108079496398600,40.45639868164063,-1.115854263305664,-0.1185348853468895,-0.5617073178291321
1790108079506342700,40.4663427734375,-1.137571930885315,-0.06553968042135239,-0.5530933737754822
1790108079516286700,40.47628662109375,-1.1498069763183594,-0.10512756556272507,-0.6273433566093445
1790108079526231600,40.4862314453125,-1.1760313510894775,-0.2536296844482422,-0.7432826161384583
1790108079536175600,40.49617553710937,-1.2009907960891724,-0.4397183358669281,-0.8258459568023682
1790108079546120700,40.50612060546875,-1.2039144039154053,-0.5700128078460693,-0.8534597754478455
1790108079556064500,40.516064453125,-1.1587615013122559,-0.6670953631401062,-0.8754431009292603
1790108079566009600,40.526009521484376,-1.091964602470398,-0.6284514665603638,-0.8757450580596924
1790108079575953400,40.53595336914063,-1.0567439794540405,-0.5532717704772949,-0.8599919080734253
1790108079585898800,40.54589868164062,-1.059654712677002,-0.5277612805366516,-0.851237416267395
1790108079595842600,40.555842529296875,-1.0562983751296997,-0.5058450102806091,-0.8000727891921997
1790108079605787400,40.565787353515624,-1.063551902770996,-0.5196793079376221,-0.7527104020118713
1790108079615731500,40.5757314453125,-1.0558936595916748,-0.5723249316215515,-0.7066318392753601
1790108079625676500,40.58567651367188,-1.004736304283142,-0.5224435925483704,-0.6498175263404846
1790108079635620600,40.59562060546875,-0.9672291278839111,-0.3559128940105438,-0.5586513876914978
1790108079645565400,40.6055654296875,-0.9632904529571533,-0.22183062136173248,-0.47006821632385254
1790108079655509500,40.61550952148438,-0.9287735223770142,-0.1855146884918213,-0.41894403100013733
1790108079665454600,40.62545458984375,-0.8791193962097168,-0.15895900130271912,-0.3645087778568268
1790108079675398700,40.63539868164062,-0.7822514772415161,-0.10117533802986145,-0.24776512384414673
1790108079685343500,40.64534350585937,-0.6662114262580872,-0.064265176653862,-0.09525050222873688
1790108079695287600,40.65528759765625,-0.5777845978736877,-0.022158734500408173,0.028297536075115204
1790108079705231600,40.66523168945312,-0.47604405879974365,0.11139753460884094,0.1633005291223526
1790108079715176700,40.6751767578125,-0.40294694900512695,0.2278067022562027,0.2766377329826355
1790108079725120500,40.68512060546875,-0.26764577627182007,0.26005062460899353,0.4049673080444336
1790108079735065300,40.6950654296875,-0.10455566644668579,0.34059205651283264,0.538215696811676
1790108079745009700,40.705009765625,-0.01600734516978264,0.4319072365760803,0.5871988534927368
1790108079754954500,40.71495458984375,0.08587320894002914,0.4270320534706116,0.5504571199417114
1790108079764898600,40.724898681640624,0.24902068078517914,0.44883957505226135,0.539143443107605
1790108079774843400,40.734843505859374,0.3730659484863281,0.4603079557418823,0.6439662575721741
1790108079784787700,40.74478759765625,0.452665239572525,0.46235015988349915,0.8040075302124023
1790108079794732500,40.75473266601563,0.5298963785171509,0.4614129960536957,0.921495795249939
1790108079804676600,40.76467651367187,0.629779577255249,0.4187707304954529,0.9821117520332336
1790108079814621700,40.77462158203125,0.747904896736145,0.4128933846950531,0.9849600195884705
1790108079824565800,40.784565673828126,0.8522247672080994,0.5163518786430359,0.9656603336334229
1790108079834510600,40.794510498046876,0.9350091218948364,0.573419451713562,0.9843828678131104
1790108079844454400,40.80445434570313,1.011135220527649,0.6274772882461548,0.98624587059021
1790108079854399500,40.8143994140625,1.094891905784607,0.6433246731758118,0.9822623133659363
1790108079864343300,40.82434326171875,1.164759635925293,0.6105573773384094,0.973975658416748
1790108079874288600,40.83428857421875,1.2233281135559082,0.6206124424934387,0.9974135756492615
1790108079884232400,40.844232421875,1.3076599836349487,0.661210298538208,1.0446579456329346
1790108079894176500,40.854176513671874,1.3873369693756104,0.7028533816337585,1.0751874446868896
1790108079904121300,40.86412133789062,1.4428244829177856,0.6899189949035645,1.0850071907043457
1790108079914065400,40.8740654296875,1.5127439498901367,0.7172914743423462,1.1168135404586792
1790108079924010500,40.88401049804688,1.5771077871322632,0.7810208797454834,1.1385046243667603
1790108079933954600,40.89395458984375,1.6159210205078125,0.788224458694458,1.1110740900039673
1790108079943899400,40.9038994140625,1.645975947380066,0.7471919655799866,1.0493165254592896
1790108079953843500,40.913843505859376,1.676445722579956,0.6290102005004883,0.9653446674346924
1790108079963788500,40.92378857421875,1.7121731042861938,0.5057722926139832,0.8517569303512573
1790108079973732400,40.933732421875,1.7713791131973267,0.406790554523468,0.7223150730133057
1790108079983677400,40.94367749023438,1.8310351371765137,0.3406774401664734,0.611906886100769
1790108079993621200,40.953621337890624,1.8511768579483032,0.16212528944015503,0.532034695148468
1790108080003566600,40.963566650390625,1.8476297855377197,-0.011906057596206665,0.4230247437953949
1790108080013510400,40.97351049804688,1.9007052183151245,-0.09591787308454514,0.3142074644565582
1790108080023455500,40.98345556640625,1.9559862613677979,-0.25650689005851746,0.2223016917705536
1790108080033399300,40.9933994140625,1.967938780784607,-0.44739800691604614,0.12414635717868805
1790108080043344400,41.00334448242187,1.9607163667678833,-0.578191339969635,0.06538125872612
1790108080053288400,41.013288330078126,1.9638608694076538,-0.6996002793312073,0.05882988125085831
1790108080063233300,41.0232333984375,1.8768750429153442,-0.7556443810462952,0.08131086081266403
1790108080073177300,41.03317724609375,1.7412896156311035,-0.769629955291748,0.11521290242671967
1790108080083121700,41.04312158203125,1.6116403341293335,-0.7158533334732056,0.20841695368289948
1790108080093066500,41.05306640625,1.4774478673934937,-0.5083768963813782,0.394438773393631
1790108080103010300,41.06301025390625,1.3970892429351807,-0.1956797093153,0.6479475498199463
1790108080112955400,41.07295532226563,1.4031130075454712,0.03920815885066986,0.8453620672225952
1790108080122899500,41.0828994140625,1.354337453842163,0.06584414839744568,0.9178440570831299
1790108080132844500,41.092844482421874,1.236735224723816,-0.14571896195411682,0.7791658043861389
1790108080142788400,41.10278833007813,1.0937707424163818,-0.3197697699069977,0.610944926738739
1790108080152733400,41.1127333984375,1.0207692384719849,-0.3535573184490204,0.5377823114395142
1790108080162677500,41.12267749023437,0.9868610501289368,-0.3006426990032196,0.5466387867927551
1790108080172622300,41.13262231445312,0.9918944239616394,-0.29776036739349365,0.603434681892395
1790108080182566400,41.14256640625,1.0164223909378052,-0.3071223795413971,0.6216405630111694
1790108080192511500,41.152511474609376,1.0076532363891602,-0.27850857377052307,0.5320824384689331
1790108080202455600,41.16245556640625,0.9012507796287537,-0.1501556634902954,0.4383805990219116
1790108080212400400,41.172400390625,0.7473315000534058,0.09761073440313339,0.3922056555747986
1790108080222344400,41.182344482421875,0.655837893486023,0.32737183570861816,0.34259673953056335
1790108080232289500,41.19228955078125,0.6237236261367798,0.3202079236507416,0.2054591178894043
1790108080242233600,41.20223364257812,0.5284902453422546,0.3306281864643097,0.09241905063390732
1790108080252178400,41.21217846679688,0.4186343550682068,0.4412894546985626,-0.001707985531538725
1790108080262122500,41.22212255859375,0.1906833052635193,0.5346711277961731,-0.1029493510723114
1790108080272066300,41.23206640625,-0.026239166036248207,0.6702577471733093,-0.1606547236442566
1790108080282011400,41.24201147460938,-0.14046043157577515,0.6775601506233215,-0.22446750104427338
1790108080291955500,41.25195556640625,-0.19710800051689148,0.674162745475769,-0.26305270195007324
1790108080301900300,41.261900390625,-0.2510170042514801,0.681729793548584,-0.2951005697250366
1790108080311844400,41.27184423828125,-0.35713493824005127,0.55926913022995,-0.3449341654777527
1790108080321789400,41.28178955078125,-0.4784447252750397,0.4720618426799774,-0.3572852313518524
1790108080331733500,41.2917333984375,-0.6130059361457825,0.38306725025177,-0.38731637597084045
1790108080341678300,41.30167822265625,-0.7052199840545654,0.5313674211502075,-0.3717997670173645
1790108080351622400,41.311622314453125,-0.796408474445343,0.6767488718032837,-0.37748560309410095
1790108080361567500,41.3215673828125,-0.8958330750465393,0.6288276314735413,-0.44849467277526855
1790108080371511600,41.33151147460938,-0.962372362613678,0.4962477385997772,-0.5419667959213257
1790108080381456400,41.34145629882813,-0.9595420360565186,0.45155778527259827,-0.5966169238090515
1790108080391400400,41.351400390625,-0.9263542890548706,0.47954896092414856,-0.6301048398017883
1790108080401345500,41.361345458984374,-0.8862281441688538,0.5670556426048279,-0.6137837767601013
1790108080411289300,41.37128930664063,-0.8661617636680603,0.6642628908157349,-0.5494588613510132
1790108080421234400,41.381234375,-0.9028980135917664,0.5612438917160034,-0.5423427224159241
1790108080431178200,41.39117822265625,-0.9534829258918762,0.48592621088027954,-0.5375143885612488
1790108080441123600,41.40112353515625,-0.9779558777809143,0.43464571237564087,-0.5451732873916626
1790108080451067400,41.4110673828125,-0.942038893699646,0.45243483781814575,-0.5309416055679321
1790108080461011500,41.42101147460937,-0.8070387244224548,0.6798484325408936,-0.4244425296783447
1790108080470956500,41.43095654296875,-0.7118157744407654,0.5883315205574036,-0.4224699139595032
1790108080480900600,41.440900634765626,-0.7165272235870361,0.32561278343200684,-0.5010250806808472
1790108080490845400,41.450845458984375,-0.7613112330436707,0.19442999362945557,-0.6054667830467224
1790108080500789500,41.46078955078125,-0.8035938739776611,0.23929128050804138,-0.7145174741744995
1790108080510734600,41.47073461914062,-0.8732424378395081,0.3998979926109314,-0.7740910649299622
1790108080520678400,41.480678466796874,-1.0061089992523193,0.4906349182128906,-0.7901352643966675
1790108080530623500,41.49062353515625,-1.0779356956481934,0.5096203088760376,-0.7855567336082458
1790108080540567300,41.5005673828125,-1.0920202732086182,0.4750500023365021,-0.7506659030914307
1790108080550512600,41.5105126953125,-1.0648565292358398,0.4647235870361328,-0.6911258697509766
1790108080560456400,41.52045654296875,-1.0468990802764893,0.5454667806625366,-0.6005475521087646
1790108080570401500,41.530401611328124,-1.0136308670043945,0.586764395236969,-0.5408053994178772
1790108080580345300,41.540345458984376,-0.9781028628349304,0.4504174292087555,-0.5815483331680298
1790108080590290400,41.55029052734375,-0.9908192157745361,0.35514524579048157,-0.6763176918029785
1790108080600234500,41.560234375,-1.0456421375274658,0.42422905564308167,-0.8071288466453552
1790108080610179300,41.57017944335937,-1.1586475372314453,0.4639517068862915,-0.9555928707122803
1790108080620123400,41.580123291015624,-1.3073735237121582,0.3544143736362457,-1.0281038284301758
1790108080630068500,41.590068359375,-1.5067332983016968,0.2074749916791916,-0.9512429237365723
1790108080640012500,41.60001245117188,-1.5609701871871948,0.09139025211334229,-0.8336353302001953
1790108080649956400,41.60995629882812,-1.5067468881607056,0.02835961990058422,-0.7027252316474915
1790108080659901400,41.6199013671875,-1.4234349727630615,-0.09860843420028687,-0.6505414247512817
1790108080669845200,41.62984521484375,-1.3724080324172974,-0.13853614032268524,-0.6635701060295105
1790108080679790600,41.63979052734375,-1.3217910528182983,-0.0899464339017868,-0.7047382593154907
1790108080689734400,41.649734375,-1.2988401651382446,-0.07834996283054352,-0.7633475065231323
1790108080699679500,41.65967944335937,-1.3370349407196045,-0.09259282052516937,-0.8043692708015442
1790108080709623300,41.669623291015625,-1.3478457927703857,-0.1660720854997635,-0.8540177941322327
1790108080719568400,41.679568359375,-1.342370867729187,-0.3457510471343994,-0.926400899887085
1790108080729512400,41.68951245117187,-1.3251407146453857,-0.5692696571350098,-1.0148029327392578
1790108080739457300,41.69945727539063,-1.2542253732681274,-0.7560761570930481,-1.0884648561477661
1790108080749401300,41.7094013671875,-1.1909891366958618,-0.8912997841835022,-1.0945944786071777
1790108080759346400,41.719346435546875,-1.1171923875808716,-0.9800499677658081,-1.0452526807785034
1790108080769290500,41.72929052734375,-1.0844852924346924,-0.9793716669082642,-0.9649333953857422
1790108080779235300,41.7392353515625,-1.088881254196167,-0.9621997475624084,-0.9010792374610901
1790108080789179600,41.7491796875,-1.1230067014694214,-0.9337060451507568,-0.894740641117096
1790108080799124500,41.75912451171875,-1.1428968906402588,-0.9558800458908081,-0.9444798231124878
1790108080809068500,41.76906860351563,-1.1297863721847534,-1.079616904258728,-0.9976650476455688
1790108080819013400,41.77901342773438,-1.0794119834899902,-1.1257998943328857,-1.0450642108917236
1790108080828957400,41.78895751953125,-1.0144613981246948,-1.0382554531097412,-1.0522222518920898
1790108080838901800,41.79890185546875,-0.9526194334030151,-0.8850216269493103,-0.9726344347000122
1790108080848846600,41.8088466796875,-0.8830829858779907,-0.6508482694625854,-0.8119419813156128
1790108080858790700,41.81879077148437,-0.8053392171859741,-0.3778534233570099,-0.5734728574752808
1790108080868735500,41.82873559570312,-0.7145611047744751,-0.13352224230766296,-0.29404547810554504
1790108080878679800,41.8386796875,-0.6212058067321777,0.08741393685340881,0.0034630666486918926
1790108080888624600,41.848624755859376,-0.5245261192321777,0.25129419565200806,0.2591531574726105
1790108080898568700,41.85856860351562,-0.4588199257850647,0.30856409668922424,0.40336769819259644
1790108080908513500,41.86851342773438,-0.3795512020587921,0.2684326469898224,0.44953653216362
1790108080918457900,41.878457763671875,-0.26118114590644836,0.24808357656002045,0.4553546607494354
1790108080928402700,41.888402587890624,-0.16545994579792023,0.17911143600940704,0.4501385986804962
1790108080938346800,41.8983466796875,-0.06583645194768906,0.16997157037258148,0.4585614502429962
1790108080948291600,41.90829150390625,0.020177794620394707,0.2335801124572754,0.4849914610385895
1790108080958235600,41.91823559570312,0.12302146852016449,0.3125426173210144,0.5510665774345398
1790108080968180700,41.9281806640625,0.24469570815563202,0.3765476942062378,0.6430351138114929
1790108080978124500,41.93812451171875,0.40191441774368286,0.5036494135856628,0.7366567850112915
1790108080988070000,41.94806982421875,0.5324138402938843,0.5895616412162781,0.8119741678237915
1790108080998013700,41.958013671875,0.6360622644424438,0.5939334034919739,0.9141050577163696
1790108081007958500,41.96795849609375,0.7379087209701538,0.6268479228019714,1.0074976682662964
1790108081017902600,41.977902587890625,0.8514052033424377,0.6668363213539124,1.0322052240371704
1790108081027847700,41.98784765625,0.9483027458190918,0.7175232172012329,0.9975513219833374
1790108081037791700,41.99779174804687,1.0198793411254883,0.7058970928192139,0.9690374732017517
1790108081047735800,42.00773583984375,1.0711805820465088,0.6633996963500977,0.9456732869148254
1790108081057680600,42.0176806640625,1.115607738494873,0.5361600518226624,0.9341022968292236
1790108081067624400,42.02762451171875,1.183970332145691,0.4337806701660156,0.9108179807662964
1790108081077569800,42.03756982421875,1.2590192556381226,0.4210909605026245,0.8858391642570496
1790108081087513600,42.047513671875,1.328637957572937,0.3951949179172516,0.8961149454116821
1790108081097458700,42.057458740234374,1.42815101146698,0.3793487548828125,0.9521877765655518
1790108081107402500,42.067402587890626,1.5174803733825684,0.41267552971839905,0.9988559484481812
1790108081117347800,42.07734790039063,1.5859041213989258,0.4205408990383148,1.009027361869812
1790108081127291600,42.08729174804687,1.610111951828003,0.3835279941558838,1.0064477920532227
1790108081137236500,42.09723657226562,1.5917861461639404,0.3204806447029114,0.9554268717765808
1790108081147180500,42.1071806640625,1.5808255672454834,0.29659420251846313,0.8802732825279236
1790108081157125600,42.117125732421876,1.6061036586761475,0.2468627542257309,0.824068546295166
1790108081167069700,42.12706958007813,1.671347737312317,0.20392727851867676,0.7911718487739563
1790108081177014500,42.1370146484375,1.7813957929611206,0.13542969524860382,0.7895638942718506
1790108081186958600,42.14695849609375,1.9219622611999512,0.12391605973243713,0.8506839871406555
1790108081196903700,42.156903564453124,1.996163010597229,0.12394758313894272,0.8413602113723755
1790108081206847700,42.16684765625,1.9660991430282593,-0.0027903905138373375,0.6359729766845703
1790108081216792600,42.17679248046875,1.9601690769195557,-0.24216732382774353,0.38119977712631226
1790108081226736600,42.18673657226562,1.954394817352295,-0.4764384329319,0.1991599202156067
1790108081236680700,42.1966806640625,1.9717626571655273,-0.7661492824554443,0.10605702549219131
1790108081246625500,42.20662548828125,1.971492886543274,-1.0573641061782837,0.08589024096727371
1790108081256569600,42.21656958007812,1.9497612714767456,-1.187700629234314,0.10702182352542877
1790108081266514400,42.22651440429688,1.8300697803497314,-1.1643362045288086,0.1658843457698822
1790108081276458800,42.236458740234376,1.6882189512252808,-1.1082929372787476,0.2933385968208313
1790108081286403600,42.246403564453125,1.623940110206604,-0.821509838104248,0.5660939812660217
1790108081296347600,42.25634765625,1.6283012628555298,-0.43578675389289856,0.8808075189590454
1790108081306292700,42.26629272460937,1.7024478912353516,-0.1519382745027542,1.1321537494659424
1790108081316236800,42.27623681640625,1.7134863138198853,-0.24968773126602173,1.0545963048934937
1790108081326181600,42.286181640625,1.5932115316390991,-0.6150979399681091,0.722227156162262
1790108081336125700,42.29612573242188,1.4226902723312378,-0.9543263912200928,0.39514249563217163
1790108081346070800,42.30607080078125,1.2088574171066284,-0.8281596302986145,0.3801212012767792
1790108081356014800,42.316014892578124,1.0681674480438232,-0.4374021589756012,0.5885631442070007
1790108081365959700,42.32595971679687,0.933540940284729,-0.18690627813339233,0.7031096816062927
1790108081375903500,42.335903564453126,0.836004376411438,-0.017253367230296135,0.7408493757247925
1790108081385848800,42.34584887695313,0.8416401147842407,0.09539301693439484,0.6870300769805908
1790108081395792600,42.35579272460937,0.8124211430549622,0.1698070764541626,0.585769772529602
1790108081405737700,42.36573779296875,0.8008739352226257,0.22698354721069336,0.48282793164253235
1790108081415681500,42.375681640625,0.7012873888015747,0.13648799061775208,0.2933062016963959
1790108081425625600,42.38562548828125,0.456038236618042,-0.22741618752479553,-0.07332932949066162
1790108081435570700,42.39557080078125,0.3388471305370331,-0.09600841999053955,-0.1663648933172226
1790108081445514800,42.4055146484375,0.24375654757022858,0.2725381851196289,-0.062495481222867966
1790108081455459600,42.41545947265625,0.07388240844011307,0.40552034974098206,-0.014474867843091488
1790108081465403600,42.42540356445313,-0.11184457689523697,0.2906619608402252,-0.004206517245620489
1790108081475348700,42.4353486328125,-0.3095606565475464,0.05506668984889984,-0.05227380245923996
1790108081485292800,42.445292724609374,-0.47444814443588257,0.013410322368144989,-0.08334250748157501
1790108081495237600,42.45523754882812,-0.6347012519836426,-0.1704433560371399,-0.268659383058548
1790108081505181400,42.465181396484375,-0.7439369559288025,-0.1264665722846985,-0.3958396911621094
1790108081515126800,42.47512670898438,-0.7692654728889465,0.3651028275489807,-0.2727864682674408
1790108081525070600,42.48507055664062,-0.9045356512069702,0.49139153957366943,-0.2592299282550812
1790108081535015700,42.495015625,-1.100143551826477,0.35266754031181335,-0.35566678643226624
1790108081544959500,42.50495947265625,-1.2738893032073975,0.17648479342460632,-0.4659094214439392
1790108081554904600,42.514904541015625,-1.4062095880508423,0.1760243922472,-0.49177736043930054
1790108081564848600,42.5248486328125,-1.4112272262573242,0.4773749113082886,-0.3491847813129425
1790108081574793500,42.53479345703125,-1.3562170267105103,0.6797338724136353,-0.18887871503829956
1790108081584737500,42.544737548828124,-1.3635423183441162,0.4488491714000702,-0.17800071835517883
1790108081594682600,42.5546826171875,-1.3579168319702148,0.14797461032867432,-0.2153744101524353
1790108081604626700,42.56462670898438,-1.2788931131362915,0.040354400873184204,-0.2790013253688812
1790108081614571500,42.57457153320313,-1.1250050067901611,0.21880945563316345,-0.338733047246933
1790108081624515800,42.584515869140624,-0.9358966946601868,0.49226123094558716,-0.35336634516716003
1790108081634459600,42.59445971679688,-0.8235225677490234,0.4883189797401428,-0.41366147994995117
1790108081644404700,42.60440478515625,-0.7833189368247986,0.3323778510093689,-0.46075788140296936
1790108081654348500,42.6143486328125,-0.7263333797454834,0.27398136258125305,-0.4272316098213196
1790108081664294000,42.6242939453125,-0.6669629812240601,0.22564075887203217,-0.44481566548347473
1790108081674237700,42.63423779296875,-0.6530853509902954,0.14675666391849518,-0.5206280946731567
1790108081684182500,42.6441826171875,-0.6979811787605286,0.15408727526664734,-0.5455169081687927
1790108081694126600,42.65412670898438,-0.7432553172111511,0.3130999803543091,-0.4983677268028259
1790108081704071700,42.66407177734375,-0.7783299684524536,0.5922056436538696,-0.37214747071266174
1790108081714015700,42.674015625,-0.7549611330032349,0.8322681188583374,-0.25677159428596497
1790108081723960600,42.683960693359374,-0.710488498210907,0.5655785799026489,-0.37456372380256653
1790108081733904600,42.69390454101563,-0.7447822093963623,0.3080568015575409,-0.5483363270759583
1790108081743849700,42.703849609375,-0.9080584645271301,0.32693490386009216,-0.7099369168281555
1790108081753793800,42.71379370117187,-1.0989456176757812,0.507739782333374,-0.8120452165603638
1790108081763738600,42.72373852539062,-1.2139443159103394,0.6924350261688232,-0.8051891922950745
1790108081773682700,42.7336826171875,-1.20822274684906,0.6910613179206848,-0.728480339050293
1790108081783627800,42.743627685546876,-1.1987736225128174,0.47323790192604065,-0.6534481644630432
1790108081793571600,42.75357153320312,-1.214439034461975,0.35070452094078064,-0.5883607864379883
1790108081803516700,42.7635166015625,-1.205401062965393,0.3742300868034363,-0.5512909293174744
1790108081813460500,42.77346044921875,-1.17429518699646,0.47110193967819214,-0.5125553011894226
1790108081823404500,42.78340454101563,-1.1315364837646484,0.5477780103683472,-0.45646408200263977
1790108081833349600,42.793349609375,-1.1327847242355347,0.47786909341812134,-0.44441214203834534
1790108081843293700,42.803293701171874,-1.149271011352539,0.30506056547164917,-0.5418188571929932
1790108081853238500,42.813238525390624,-1.2039915323257446,0.11813736706972122,-0.7193723320960999
1790108081863182600,42.8231826171875,-1.245793342590332,-0.019578687846660614,-0.8520906567573547
1790108081873127700,42.83312768554688,-1.2600346803665161,-0.1733407825231552,-0.9465203881263733
1790108081883071700,42.84307177734375,-1.248009204864502,-0.2812936305999756,-1.0179897546768188
1790108081893016600,42.8530166015625,-1.2588677406311035,-0.23543857038021088,-1.0317355394363403
1790108081902960600,42.862960693359376,-1.318381667137146,-0.11906617134809494,-1.0136936902999878
1790108081912905700,42.87290576171875,-1.3618346452713013,-0.10572955012321472,-1.009168267250061
1790108081922849500,42.882849609375,-1.3560070991516113,-0.21707391738891602,-0.9838382005691528
1790108081932794600,42.89279467773437,-1.3143690824508667,-0.4142293334007263,-0.9386399984359741
1790108081942738700,42.90273876953125,-1.2864998579025269,-0.5602939128875732,-0.8746790885925293
1790108081952683800,42.912683837890626,-1.2920775413513184,-0.6156959533691406,-0.8376471996307373
1790108081962627600,42.92262768554688,-1.302424669265747,-0.5441469550132751,-0.8165168762207031
1790108081972572700,42.93257275390625,-1.3404620885849,-0.443775475025177,-0.8073796033859253
1790108081982516700,42.942516845703125,-1.35182523727417,-0.4533620774745941,-0.8224261999130249
1790108081992461600,42.952461669921874,-1.3245067596435547,-0.5210702419281006,-0.8854845762252808
1790108082002405600,42.96240551757813,-1.2876313924789429,-0.5511221885681152,-0.920056939125061
1790108082012349700,42.972349609375,-1.2347142696380615,-0.5492388010025024,-0.8787357211112976
1790108082022294800,42.98229467773437,-1.1589832305908203,-0.45542579889297485,-0.7433603405952454
1790108082032238800,42.99223876953125,-1.0418599843978882,-0.3222007155418396,-0.5943942070007324
1790108082042183700,43.00218359375,-0.8778470754623413,-0.19077317416667938,-0.457356721162796
1790108082052127500,43.01212744140625,-0.7446424961090088,-0.07249785214662552,-0.3319407105445862
1790108082062072800,43.02207275390625,-0.6623047590255737,0.03749576210975647,-0.2093908190727234
1790108082072016600,43.0320166015625,-0.5737662315368652,0.1414395570755005,-0.06774989515542984
1790108082081961700,43.041961669921875,-0.42889881134033203,0.3132352828979492,0.08269660174846649
1790108082091905500,43.05190551757813,-0.28861281275749207,0.49875348806381226,0.2150450497865677
1790108082101850600,43.0618505859375,-0.19140876829624176,0.5167481899261475,0.3232647478580475
1790108082111794700,43.071794677734374,-0.08440706133842468,0.3928545415401459,0.41910287737846375
1790108082121739500,43.08173950195312,0.07542548328638077,0.3228299021720886,0.4520110487937927
1790108082131683600,43.09168359375,0.2268071174621582,0.2927611470222473,0.4143640398979187
1790108082141628700,43.10162866210938,0.34744060039520264,0.3132440447807312,0.36681729555130005
1790108082151572700,43.11157275390625,0.4716665744781494,0.4534575939178467,0.4036650061607361
1790108082161517600,43.121517578125,0.5815666913986206,0.6569915413856506,0.5177297592163086
1790108082171461600,43.131461669921876,0.6618019342422485,0.7445561289787292,0.5952374935150146
1790108082181406700,43.14140673828125,0.7373480796813965,0.7092852592468262,0.5838452577590942
1790108082191350800,43.15135083007812,0.8182190656661987,0.5940257906913757,0.5528857707977295
1790108082201295600,43.16129565429687,0.9030839204788208,0.5057020783424377,0.5469546318054199
1790108082211239700,43.17123974609375,0.9903498888015747,0.4700632691383362,0.5766051411628723
1790108082221183500,43.18118359375,1.063333511352539,0.4383266568183899,0.6029371619224548
1790108082231128600,43.19112866210938,1.1107487678527832,0.3788592517375946,0.5992821455001831
1790108082241072600,43.20107275390625,1.1376972198486328,0.329662948846817,0.5936575531959534
1790108082251017500,43.211017578125,1.1836878061294556,0.285879522562027,0.6086308360099792
1790108082260961800,43.2209619140625,1.2474604845046997,0.3306051790714264,0.6130809783935547
1790108082270906600,43.23090673828125,1.3424861431121826,0.41770222783088684,0.6332868337631226
1790108082280850700,43.2408505859375,1.4559836387634277,0.49429795145988464,0.6704014539718628
1790108082290795500,43.25079541015625,1.5506285429000854,0.5270313024520874,0.7073026299476624
1790108082300739800,43.26073974609375,1.6266921758651733,0.5407487154006958,0.7310177683830261
1790108082310684700,43.2706845703125,1.6808514595031738,0.5696832537651062,0.73508220911026
1790108082320628700,43.28062866210937,1.7527307271957397,0.5151782035827637,0.7124759554862976
1790108082330573600,43.29057348632813,1.8223559856414795,0.357084184885025,0.6700414419174194
1790108082340517600,43.300517578125,1.8851258754730225,0.22481296956539154,0.6122050881385803
1790108082350462700,43.310462646484375,1.9199814796447754,0.14533424377441406,0.5566690564155579
1790108082360406500,43.32040649414063,1.929660677909851,0.01895446889102459,0.5039333701133728
1790108082370351600,43.3303515625,1.9814435243606567,-0.08583799004554749,0.4179779589176178
1790108082380295700,43.340295654296874,2.022160053253174,-0.09727387130260468,0.31397485733032227
1790108082390240800,43.35024072265625,2.0120742321014404,-0.17230656743049622,0.23543664813041687
1790108082400184600,43.3601845703125,2.007307291030884,-0.45113953948020935,0.08772975206375122
1790108082410129700,43.37012963867188,1.9894970655441284,-0.7197430729866028,0.004588758572936058
1790108082420073700,43.38007373046875,1.9417599439620972,-1.0911214351654053,-0.039890825748443604
1790108082430017800,43.39001782226563,1.8907579183578491,-1.266053557395935,-0.043764639645814896
1790108082439962600,43.399962646484376,1.871105670928955,-1.1585755348205566,0.06814698129892349
1790108082449906700,43.40990673828125,1.9289016723632812,-1.0154955387115479,0.22249189019203186
1790108082459851800,43.41985180664062,1.9631315469741821,-0.8769224286079407,0.42220234870910645
1790108082469795600,43.429795654296875,1.9508706331253052,-0.7693830132484436,0.573697030544281
1790108082479740700,43.43974072265625,1.8865760564804077,-0.5419003367424011,0.6501081585884094
1790108082489684500,43.4496845703125,1.7395259141921997,-0.3824509084224701,0.6676455140113831
1790108082499629800,43.4596298828125,1.5286245346069336,-0.4585224986076355,0.6457609534263611
1790108082509573600,43.46957373046875,1.3393579721450806,-0.5904784202575684,0.6357890367507935
1790108082519518700,43.479518798828124,1.1826519966125488,-0.5541142821311951,0.6815423965454102
1790108082529462500,43.48946264648438,1.089460015296936,-0.37027478218078613,0.7415043711662292
1790108082539407600,43.49940771484375,1.0064133405685425,-0.2363574355840683,0.7457167506217957
1790108082549351700,43.5093515625,0.917063295841217,-0.1184997633099556,0.7193713784217834
1790108082559296500,43.51929663085937,0.8921193480491638,0.07619195431470871,0.7148309946060181
1790108082569240600,43.529240478515625,0.8687981367111206,0.17783819139003754,0.653498113155365
1790108082579185700,43.539185546875,0.83268141746521,0.15114852786064148,0.5280719995498657
1790108082589129700,43.54912963867187,0.8087759613990784,-0.040965739637613297,0.315877765417099
1790108082599074600,43.55907446289063,0.7049877643585205,-0.12838320434093475,0.14776945114135742
1790108082609018600,43.5690185546875,0.5730282068252563,-0.1451871395111084,0.03218096122145653
1790108082618963700,43.578963623046874,0.3881145417690277,-0.12040776759386063,-0.025372877717018127
1790108082628907800,43.58890771484375,0.22253824770450592,-0.08677171170711517,-0.0386955700814724
1790108082638852600,43.5988525390625,0.10829528421163559,-0.08436821401119232,-0.03830781579017639
1790108082648796700,43.60879663085937,0.01645694673061371,0.006730349734425545,-0.029215602204203606
1790108082658740700,43.61874072265625,-0.05923328548669815,0.2102573812007904,0.004241689573973417
1790108082668685600,43.628685546875,-0.14223550260066986,0.3689706027507782,0.01804179698228836
1790108082678629600,43.63862963867187,-0.29617711901664734,0.252316951751709,-0.09236913174390793
1790108082688574500,43.64857446289062,-0.43341726064682007,0.1344921886920929,-0.21208429336547852
1790108082698518800,43.658518798828126,-0.4828532636165619,0.16954684257507324,-0.2499839961528778
1790108082708463600,43.668463623046875,-0.5141913890838623,0.2992042303085327,-0.2312793880701065
1790108082718407700,43.67840771484375,-0.5972412824630737,0.3128547966480255,-0.26291242241859436
1790108082728352500,43.6883525390625,-0.6849179267883301,0.36703434586524963,-0.27308905124664307
1790108082738296800,43.698296875,-0.7662228941917419,0.410075306892395,-0.2806103527545929
1790108082748241700,43.70824169921875,-0.841004490852356,0.3756171762943268,-0.31088995933532715
1790108082758185700,43.71818579101563,-0.8831071853637695,0.379520058631897,-0.3086177408695221
1790108082768130600,43.72813061523438,-0.8930356502532959,0.33603376150131226,-0.2851315140724182
1790108082778074600,43.73807470703125,-0.8961912393569946,0.18035629391670227,-0.3070213496685028
1790108082788019700,43.748019775390624,-0.8702830672264099,0.11245031654834747,-0.29343676567077637
1790108082797963500,43.75796362304688,-0.800193727016449,0.11793936043977737,-0.2695082724094391
1790108082807908600,43.76790869140625,-0.7491204738616943,0.03439070284366608,-0.3077505826950073
1790108082817852700,43.77785278320312,-0.7208163738250732,-0.0418955460190773,-0.35838714241981506
1790108082827797800,43.7877978515625,-0.6583071351051331,0.09447178244590759,-0.2911229431629181
1790108082837741600,43.797741455078125,-0.5674036145210266,0.39711713790893555,-0.12543675303459167
1790108082847686700,43.807686767578126,-0.5777979493141174,0.3275446891784668,-0.11208260804414749
1790108082857630700,43.81763061523438,-0.6964297890663147,0.02774653024971485,-0.24052126705646515
1790108082867574800,43.82757470703125,-0.8395383954048157,-0.11823269724845886,-0.3427068591117859
1790108082877519600,43.83751953125,-0.9303508996963501,-0.01111583411693573,-0.41186967492103577
1790108082887463700,43.84746362304688,-0.9778235554695129,0.2546320855617523,-0.3950996994972229
1790108082897408800,43.85740869140625,-1.017276644706726,0.4799083471298218,-0.3590516746044159
1790108082907352600,43.8673525390625,-1.0569205284118652,0.5930106043815613,-0.40466538071632385
1790108082917297700,43.87729760742187,-1.1160004138946533,0.6559557914733887,-0.4412987530231476
1790108082927241500,43.887241455078126,-1.1287205219268799,0.6930170059204102,-0.4594438970088959
1790108082937186800,43.89718676757813,-1.0782634019851685,0.6159965395927429,-0.5334182381629944
1790108082947130600,43.90713061523437,-0.9735426306724548,0.4990011751651764,-0.6162806153297424
1790108082957075700,43.91707568359375,-0.9119231700897217,0.32310259342193604,-0.6437516808509827
1790108082967019500,43.92701953125,-0.9252978563308716,0.16557417809963226,-0.6467683911323547
1790108082976964600,43.936964599609375,-0.9775597453117371,0.1361297369003296,-0.6559962630271912
1790108082986908700,43.94690869140625,-1.105445384979248,0.2817907929420471,-0.6596845388412476
1790108082996853500,43.956853515625,-1.240769624710083,0.45025038719177246,-0.6418517827987671
1790108083006797600,43.966797607421874,-1.3502904176712036,0.4541424512863159,-0.5934093594551086
1790108083016742700,43.97674267578125,-1.4117621183395386,0.3121171295642853,-0.5785837769508362
1790108083026686700,43.98668676757813,-1.435608148574829,0.20908325910568237,-0.6065112352371216
1790108083036631600,43.99663159179688,-1.4136993885040283,0.21545779705047607,-0.6562958359718323
1790108083046575600,44.00657568359375,-1.390781283378601,0.3110373020172119,-0.6765097975730896
1790108083056520700,44.016520751953124,-1.3553005456924438,0.34094592928886414,-0.6820307970046997
1790108083066464800,44.02646484375,-1.3271665573120117,0.21844403445720673,-0.7080548405647278
1790108083076409600,44.03640966796875,-1.3405377864837646,0.06899434328079224,-0.7793817520141602
1790108083086353700,44.04635375976562,-1.370996117591858,-0.1622105985879898,-0.8883374333381653
1790108083096297700,44.056297607421875,-1.3890241384506226,-0.37233883142471313,-1.0029367208480835
1790108083106242600,44.06624267578125,-1.3565680980682373,-0.5330392718315125,-1.147074818611145
1790108083116186600,44.0761865234375,-1.3508028984069824,-0.7146298289299011,-1.2650022506713867
1790108083126131700,44.08613159179688,-1.3352314233779907,-0.892227292060852,-1.3246936798095703
1790108083136075800,44.09607568359375,-1.2922165393829346,-0.99900221824646,-1.335853099822998
1790108083146020600,44.1060205078125,-1.2321182489395142,-1.0360736846923828,-1.2966749668121338
1790108083155964700,44.11596459960938,-1.2281475067138672,-1.0209676027297974,-1.231876254081726
1790108083165909800,44.12590966796875,-1.2447339296340942,-1.0255167484283447,-1.1977238655090332
1790108083175853800,44.135853759765624,-1.2215197086334229,-0.9831560850143433,-1.165212869644165
1790108083185798700,44.14579858398437,-1.1835391521453857,-0.984320342540741,-1.0948402881622314
1790108083195742700,44.15574267578125,-1.1670573949813843,-0.9532508254051208,-1.065762996673584
1790108083205687800,44.16568774414063,-1.153830647468567,-0.8991162180900574,-1.0250587463378906
1790108083215631600,44.17563159179687,-1.1079494953155518,-0.8802762627601624,-0.9280672073364258
1790108083225576700,44.18557666015625,-1.0376230478286743,-0.8487722873687744,-0.8240421414375305
1790108083235520500,44.1955205078125,-0.9594653844833374,-0.7237432599067688,-0.7585744261741638
1790108083245465900,44.2054658203125,-0.8642659783363342,-0.5339236259460449,-0.6553772687911987
1790108083255409700,44.21540966796875,-0.8154760599136353,-0.32047078013420105,-0.45891910791397095
1790108083265354800,44.22535473632813,-0.7423605918884277,-0.08838049322366714,-0.19594162702560425
1790108083275298600,44.235298583984374,-0.662686824798584,-0.041183952242136,-0.03914056718349457
1790108083285243600,44.24524365234375,-0.5848231315612793,-0.11393815279006958,0.011969966813921928
1790108083295187700,44.25518774414063,-0.4664243459701538,-0.12089619785547256,0.07917483150959015
1790108083305132500,44.26513256835938,-0.3692321479320526,-0.1006966307759285,0.17689834535121918
1790108083315076600,44.27507666015625,-0.2654397189617157,-0.028755594044923782,0.3002256155014038
1790108083325020700,44.28502075195313,-0.18723082542419434,0.00036680325865745544,0.3585016429424286
1790108083334965800,44.2949658203125,-0.10119634121656418,0.010420236736536026,0.356301873922348
1790108083344909600,44.30490966796875,-0.005538448691368103,0.046239785850048065,0.36318644881248474
1790108083354854700,44.31485473632812,0.07976366579532623,0.14110958576202393,0.4250119924545288
1790108083364798500,44.324798583984375,0.1523631513118744,0.2542800009250641,0.5157354474067688
1790108083374743800,44.334743896484376,0.20945732295513153,0.3091818690299988,0.6012234687805176
1790108083384687600,44.3446875,0.2624633312225342,0.2984830141067505,0.652117133140564
1790108083394632700,44.3546328125,0.3156740665435791,0.25447189807891846,0.661691427230835
1790108083404576500,44.36457641601562,0.3567931354045868,0.1975136399269104,0.6398277282714844
1790108083414521600,44.374521484375,0.37843796610832214,0.12572307884693146,0.5968919992446899
1790108083424465700,44.38446557617188,0.3864844739437103,0.05661938712000847,0.5771315693855286
1790108083434410500,44.394410400390626,0.37461531162261963,0.05929453298449516,0.6152275800704956
1790108083444354800,44.40435473632812,0.34521397948265076,0.10142690688371658,0.6790351271629333
1790108083454299600,44.41429956054687,0.3035687804222107,0.13225379586219788,0.714570164680481
1790108083464243700,44.42424365234375,0.24165548384189606,0.13798882067203522,0.688170313835144
1790108083474188500,44.4341884765625,0.17171847820281982,0.10003477334976196,0.6036186814308167
1790108083484132900,44.4441328125,0.1154026910662651,-0.005401120986789465,0.4971167743206024
1790108083494077700,44.45407763671875,0.10124506056308746,-0.17768552899360657,0.38125649094581604
1790108083504021800,44.464021728515625,0.10196509957313538,-0.34413644671440125,0.2777286767959595
1790108083513966600,44.473966552734375,0.09906678646802902,-0.38391926884651184,0.20284326374530792
1790108083523910700,44.48391064453125,0.07121358811855316,-0.25628384947776794,0.18767161667346954
1790108083533854700,44.493854736328124,0.006337917875498533,-0.1395636349916458,0.2054506093263626
1790108083543799600,44.503799560546874,-0.043070487678050995,-0.13444603979587555,0.20559871196746826
1790108083553743600,44.51374365234375,-0.05263097211718559,-0.1336795836687088,0.18625032901763916
1790108083563688700,44.52368872070313,-0.052292946726083755,-0.09487006813287735,0.15136121213436127
1790108083573632800,44.5336328125,-0.05673829838633537,-0.061048723757267,0.14093519747257233
1790108083583577600,44.54357763671875,-0.05775482580065727,-0.03480232134461403,0.1922025829553604
1790108083593521700,44.553521728515626,-0.05503281205892563,-0.015421966090798378,0.2597621977329254
1790108083603466800,44.563466796875,-0.030233075842261314,0.037722148001194,0.28902310132980347
1790108083613410800,44.57341088867187,-0.01728052645921707,0.17445656657218933,0.281288743019104
1790108083623355600,44.58335571289062,-0.01209353283047676,0.29993024468421936,0.2375112622976303
1790108083633299700,44.5932998046875,-0.013872790150344372,0.3141975998878479,0.18894292414188385
1790108083643244800,44.603244873046876,-0.03297757729887962,0.20959225296974182,0.14242517948150635
1790108083653188600,44.61318872070313,-0.06348168849945068,0.02319972589612007,0.0926312580704689
1790108083663133700,44.6231337890625,-0.08404000103473663,-0.08727098256349564,0.03209007903933525
1790108083673077500,44.63307739257812,-0.08739345520734787,-0.1263667196035385,-0.02555564045906067
1790108083683022800,44.64302294921875,-0.08296430110931396,-0.06470698863267899,-0.04927222803235054
1790108083692966700,44.65296655273438,-0.0698719397187233,0.0001873234286904335,-0.027254542335867882
1790108083702911500,44.662911376953126,-0.08087468147277832,-0.04260719567537308,0.001137319952249527
1790108083712855600,44.67285546875,-0.09349726140499115,-0.09570717066526413,0.009072475135326385
1790108083722800600,44.68280053710937,-0.08457686007022858,-0.10948465764522552,-0.01453147642314434
1790108083732744700,44.69274462890625,-0.05275101587176323,-0.05153534561395645,-0.030252648517489433
1790108083742689500,44.702689453125,0.013492041267454624,0.09958281368017197,0.008053611032664776
1790108083752633600,44.71263354492187,0.05157497525215149,0.32482630014419556,0.11772764474153519
1790108083762577700,44.72257763671875,0.06778620183467865,0.4733099639415741,0.22839444875717163
1790108083772522800,44.732522705078125,0.045868657529354095,0.42026883363723755,0.2546904981136322
1790108083782466600,44.74246655273438,-0.008880719542503357,0.2143716961145401,0.22175122797489166
1790108083792411600,44.75241162109375,-0.05034773424267769,0.01444978080689907,0.2197275012731552
1790108083802355700,44.762355712890624,0.00009820901323109865,-0.05706499516963959,0.2639147639274597
1790108083812300800,44.77230078125,0.12947030365467072,0.03906526416540146,0.3586154282093048
1790108083822244600,44.78224462890625,0.2881464660167694,0.16882050037384033,0.3947814702987671
1790108083832189400,44.792189453125,0.4415173828601837,0.09166792035102844,0.37421494722366333
1790108083842133800,44.8021337890625,0.5904262065887451,-0.021878331899642944,0.32196053862571716
1790108083852078800,44.812078857421874,0.7208875417709351,-0.11806905269622803,0.2995457649230957
1790108083862023000,44.82202294921875,0.8399129509925842,-0.23655353486537933,0.33907419443130493
1790108083871967700,44.8319677734375,0.9552637934684753,-0.19708628952503204,0.4461196959018707
1790108083881911800,44.84191186523437,1.100590467453003,0.021178824827075005,0.566387951374054
1790108083891857000,44.85185693359375,1.2890375852584839,0.29369449615478516,0.696233332157135
1790108083901801000,44.861801025390626,1.4916530847549438,0.4741012454032898,0.8604003190994263
1790108083911745800,44.871745849609376,1.699802041053772,0.5463967323303223,1.013306975364685
1790108083921689900,44.88168994140625,1.9047960042953491,0.5848483443260193,1.131076455116272
1790108083931635000,44.89163500976562,2.0760366916656494,0.6817506551742554,1.2410359382629395
1790108083941578800,44.901578857421875,2.1790685653686523,0.7085050940513611,1.2974131107330322
1790108083951523800,44.91152392578125,2.211723566055298,0.5719589591026306,1.2875183820724487
1790108083961467600,44.921467529296876,2.190948247909546,0.35326650738716125,1.2364903688430786
1790108083971413000,44.9314130859375,2.120849370956421,0.22536315023899078,1.177680253982544
1790108083981356800,44.94135668945312,2.062206268310547,0.11055722087621689,1.0734297037124634
1790108083991302000,44.951302001953124,1.9667763710021973,-0.14847886562347412,0.9164749979972839
1790108084001245700,44.96124560546875,1.8556180000305176,-0.5669474601745605,0.787555456161499
1790108084011190000,44.97118994140625,1.6985290050506592,-0.8848921060562134,0.7270359396934509
1790108084021134800,44.981134765625,1.5885558128356934,-0.8824111223220825,0.6998623609542847
1790108084031079000,44.991078857421876,1.6714272499084473,-0.5820890665054321,0.7713069915771484
1790108084041023700,45.001023681640625,1.8444615602493286,-0.6914018988609314,0.5905031561851501
1790108084050967800,45.0109677734375,2.05198335647583,-0.8610263466835022,0.41962969303131104
1790108084060913000,45.02091284179688,2.183159351348877,-0.958444356918335,0.3532264828681946
1790108084070856700,45.030856689453124,2.171121835708618,-1.0066628456115723,0.3067934811115265
1790108084080801800,45.0408017578125,1.9817066192626953,-0.8805174827575684,0.34813204407691956
1790108084090745900,45.05074584960938,1.6737864017486572,-0.5070416331291199,0.4223442077636719
1790108084100691000,45.06069091796875,1.3567568063735962,-0.20175962150096893,0.5020638108253479
1790108084110634800,45.070634765625,1.1264820098876953,-0.23534367978572845,0.5516542196273804
1790108084120579800,45.08057983398437,0.945243775844574,-0.4120849072933197,0.5345833897590637
1790108084130524000,45.09052392578125,0.7774774432182312,-0.4162518084049225,0.525063157081604
1790108084140468700,45.10046875,0.6820464730262756,-0.17821374535560608,0.6198497414588928
1790108084150412800,45.11041284179687,0.6979615092277527,0.12492506951093674,0.7031749486923218
1790108084160357600,45.12035766601562,0.7896703481674194,0.08237085491418839,0.6474126577377319
1790108084170302000,45.130302001953126,0.8691734671592712,-0.03042653203010559,0.5726417303085327
1790108084180246800,45.140246826171875,1.0261459350585938,0.11510054767131805,0.48418325185775757
1790108084190190800,45.15019091796875,1.064896821975708,0.2723197340965271,0.41621407866477966
1790108084200135700,45.1601357421875,0.9107065796852112,0.17615407705307007,0.2615809738636017
1790108084210080000,45.170080078125,0.6537171006202698,0.0023782895877957344,0.07615306228399277
1790108084220023800,45.18002392578125,0.44362109899520874,0.13221204280853271,0.01821085438132286
1790108084229969000,45.18996899414063,0.3088696599006653,0.20774142444133759,-0.020389534533023834
1790108084239912700,45.19991259765625,0.18088601529598236,0.06040212884545326,-0.08455795794725418
1790108084249857800,45.20985791015625,0.04778095334768295,-0.10963484644889832,-0.10803692042827606
1790108084259801900,45.2198017578125,-0.1001419723033905,-0.07293479144573212,-0.06073406711220741
1790108084269746700,45.22974658203125,-0.2327072024345398,-0.006451640743762255,-0.0371248759329319
1790108084279690800,45.23969067382812,-0.329855740070343,0.08263673633337021,-0.007574679329991341
1790108084289635800,45.2496357421875,-0.4414757490158081,0.10347011685371399,0.03378341346979141
1790108084299580000,45.259579833984375,-0.5969830751419067,0.017359301447868347,0.03017834573984146
1790108084309524700,45.269524658203125,-0.7229588031768799,-0.10396979004144669,-0.031218169257044792
1790108084319468800,45.27946875,-0.7988051176071167,-0.08128921687602997,-0.09102064371109009
1790108084329414000,45.28941381835938,-0.8644299507141113,0.13883623480796814,-0.1245085597038269
1790108084339358000,45.29935791015625,-0.9445398449897766,0.4621947705745697,-0.12351351231336594
1790108084349302800,45.309302734375,-1.034395694732666,0.7387986779212952,-0.10991621762514114
1790108084359246800,45.31924682617188,-1.1378320455551147,0.7838667035102844,-0.17338471114635468
1790108084369192000,45.32919189453125,-1.2248252630233765,0.6757996082305908,-0.28624865412712097
1790108084379135700,45.3391357421875,-1.2597956657409668,0.5439479351043701,-0.39098891615867615
1790108084389080800,45.34908081054687,-1.1873939037322998,0.5509557723999023,-0.3891976773738861
1790108084399024600,45.359024658203126,-1.0456264019012451,0.5781472325325012,-0.33242061734199524
1790108084408970000,45.36896997070313,-0.936313807964325,0.4153873324394226,-0.3375850319862366
1790108084418913800,45.37891381835937,-0.8946661353111267,0.1685628890991211,-0.4168754816055298
1790108084428859000,45.38885888671875,-0.8225162625312805,0.14501415193080902,-0.4442357122898102
1790108084438802700,45.398802734375,-0.709369421005249,0.24183309078216553,-0.4390315115451813
1790108084448747800,45.408747802734375,-0.6181817054748535,0.24255934357643127,-0.43945470452308655
1790108084458691800,45.41869189453125,-0.6119296550750732,0.020984645932912827,-0.4929947555065155
1790108084468636000,45.428635986328125,-0.6573205590248108,-0.09599017351865768,-0.5183546543121338
1790108084478580700,45.438580810546874,-0.7180882692337036,0.05169275775551796,-0.4698907434940338
1790108084488524800,45.44852490234375,-0.8234274983406067,0.2999217212200165,-0.45224490761756897
1790108084498470000,45.45846997070313,-0.9661567211151123,0.397885799407959,-0.5307976603507996
1790108084508413700,45.46841357421875,-1.06814706325531,0.4209280014038086,-0.582177460193634
1790108084518358800,45.47835888671875,-1.119809865951538,0.4444746673107147,-0.5838220715522766
1790108084528302800,45.488302734375,-1.0988537073135376,0.503286600112915,-0.5814082026481628
1790108084538248000,45.498248046875,-1.0085210800170898,0.4769717752933502,-0.6053045392036438
1790108084548191700,45.50819165039063,-0.9417222738265991,0.30519548058509827,-0.631583034992218
1790108084558136600,45.51813647460938,-0.9830821752548218,0.17944897711277008,-0.6628915667533875
1790108084568081000,45.528080810546875,-1.0600632429122925,0.2177489548921585,-0.6891862750053406
1790108084578025700,45.538025634765624,-1.1493942737579346,0.2600243091583252,-0.730023980140686
1790108084587969800,45.5479697265625,-1.2327113151550293,0.20939841866493225,-0.7204693555831909
1790108084597915000,45.55791479492188,-1.2465877532958984,0.22336603701114655,-0.6609706878662109
1790108084607859000,45.56785888671875,-1.234761118888855,0.22203631699085236,-0.5743833184242249
1790108084617803800,45.5778037109375,-1.234389066696167,0.17827631533145905,-0.5279713273048401
1790108084627747800,45.58774780273438,-1.2599655389785767,0.17396731674671173,-0.5090131163597107
1790108084637693000,45.59769287109375,-1.2871978282928467,0.26724451780319214,-0.5203490853309631
1790108084647637000,45.60763696289062,-1.3499717712402344,0.185666024684906,-0.5473008155822754
1790108084657581800,45.61758178710937,-1.413357138633728,-0.11287759989500046,-0.6129348278045654
1790108084667526000,45.62752587890625,-1.4020949602127075,-0.25900498032569885,-0.698811411857605
1790108084677471000,45.637470947265626,-1.3399258852005005,-0.26290541887283325,-0.7609919905662537
1790108084687414800,45.64741479492187,-1.29325270652771,-0.2889260947704315,-0.7762777209281921
1790108084697360000,45.65735986328125,-1.3098907470703125,-0.29851117730140686,-0.771492600440979
1790108084707303700,45.6673037109375,-1.3127782344818115,-0.22190295159816742,-0.7932447791099548
1790108084717247700,45.67724780273438,-1.2752686738967896,-0.16149498522281647,-0.8440754413604736
1790108084727192800,45.68719287109375,-1.2341912984848022,-0.2751741409301758,-0.9078054428100586
1790108084737137000,45.697136962890625,-1.1603984832763672,-0.4933735430240631,-0.9015005230903625
1790108084747081700,45.707081787109374,-1.1421185731887817,-0.590718686580658,-0.7506744861602783
1790108084757025800,45.71702587890625,-1.2004485130310059,-0.49707555770874023,-0.5542896389961243
1790108084766971000,45.72697094726563,-1.2678730487823486,-0.38444221019744873,-0.46477681398391724
1790108084776915000,45.7369150390625,-1.2844135761260986,-0.2576916515827179,-0.4297434091567993
1790108084786859800,45.74685986328125,-1.2715723514556885,-0.22954124212265015,-0.34424877166748047
1790108084796803800,45.75680395507813,-1.2606699466705322,-0.2624507248401642,-0.3308508098125458
1790108084806749000,45.7667490234375,-1.241261601448059,-0.3493022918701172,-0.3790375292301178
1790108084816692700,45.77669262695313,-1.1288930177688599,-0.4321630001068115,-0.4348878264427185
1790108084826637800,45.78663793945312,-0.9926915168762207,-0.41907358169555664,-0.3944266736507416
1790108084836581600,45.79658154296875,-0.8601905107498169,-0.37764889001846313,-0.2862642705440521
1790108084846526700,45.806526611328124,-0.7222781777381897,-0.293895423412323,-0.19137157499790192
1790108084856470500,45.81647045898438,-0.619150698184967,-0.16362535953521729,-0.11413128674030304
1790108084866415600,45.82641552734375,-0.5031449794769287,-0.08349564671516418,-0.03132055699825287
1790108084876359700,45.83635961914062,-0.37706196308135986,-0.03471481800079346,0.09159868955612183
1790108084886304500,45.84630444335937,-0.2442815750837326,0.06058293953537941,0.20064474642276764
1790108084896248600,45.85624853515625,-0.14649736881256104,0.15142445266246796,0.2619415521621704
1790108084906193700,45.866193603515626,-0.042608246207237244,0.224680557847023,0.30496731400489807
1790108084916137700,45.8761376953125,0.09494751691818237,0.2671889066696167,0.34367677569389343
1790108084926082600,45.88608251953125,0.21927691996097565,0.20119018852710724,0.37228044867515564
1790108084936027000,45.89602685546875,0.33982744812965393,0.15894250571727753,0.4084729254245758
1790108084945971700,45.9059716796875,0.43204551935195923,0.18348565697669983,0.4244931638240814
1790108084955915800,45.91591577148437,0.4884386658668518,0.3060336709022522,0.4148443639278412
1790108084965859600,45.925859619140624,0.5229822397232056,0.3699556589126587,0.41635945439338684
1790108084975805000,45.935804931640625,0.5940916538238525,0.39847955107688904,0.45830950140953064
1790108084985748700,45.94574877929688,0.714867115020752,0.43344181776046753,0.5161200761795044
1790108084995693600,45.95569360351563,0.8474201560020447,0.5333108305931091,0.5830627083778381
1790108085005637600,45.9656376953125,0.9433909058570862,0.6762056946754456,0.6421129703521729
1790108085015582700,45.97558276367187,1.0360362529754639,0.7402729988098145,0.7053824663162231
1790108085025526800,45.98552685546875,1.1152129173278809,0.7170001268386841,0.7549945116043091
1790108085035471600,45.9954716796875,1.189732551574707,0.6501522064208984,0.7536957263946533
1790108085045415700,46.00541577148437,1.2696622610092163,0.622687578201294,0.7254374027252197
1790108085055360800,46.01536083984375,1.3724336624145508,0.5879088044166565,0.7130915522575378
1790108085065304800,46.025304931640626,1.4838815927505493,0.5026261210441589,0.7288281917572021
1790108085075249700,46.035249755859375,1.5825632810592651,0.355553537607193,0.7368159294128418
1790108085085193700,46.04519384765625,1.645501971244812,0.18776774406433105,0.7219197750091553
1790108085095138800,46.05513891601562,1.6772119998931885,0.14901934564113617,0.7175262570381165
1790108085105082600,46.06508251953125,1.7100602388381958,0.13505905866622925,0.7345025539398193
1790108085115027700,46.07502783203125,1.8035995960235596,0.17075271904468536,0.7527828216552734
1790108085124971500,46.084971435546876,1.9079433679580688,0.20444117486476898,0.7850797772407532
1790108085134916900,46.09491674804688,1.9851560592651367,0.1710260957479477,0.793250322341919
1790108085144860700,46.10486059570312,2.0238420963287354,0.02626757323741913,0.7457070350646973
1790108085154805800,46.1148056640625,2.0541903972625732,-0.2439160943031311,0.633531928062439
1790108085164749600,46.12474951171875,2.060549736022949,-0.5146815776824951,0.48839259147644043
1790108085174694700,46.134694580078126,2.077282190322876,-0.6224702596664429,0.36422672867774963
1790108085184638700,46.144638671875,2.021592855453491,-0.8038405776023865,0.2365414798259735
1790108085194583600,46.15458349609375,2.0031230449676514,-1.0642156600952148,0.1458309143781662
1790108085204527600,46.164527587890625,2.041440725326538,-1.1747381687164307,0.14847277104854584
1790108085214471700,46.1744716796875,2.0273940563201904,-1.2425535917282104,0.13838301599025726
1790108085224416800,46.18441674804688,1.946001648902893,-1.2697287797927856,0.16181190311908722
1790108085234360600,46.194360595703124,1.8734759092330933,-1.120440125465393,0.2649013102054596
1790108085244305700,46.2043056640625,1.775975227355957,-0.9313504099845886,0.4082547426223755
1790108085254249700,46.21424975585938,1.6651002168655396,-0.679124116897583,0.5851948857307434
1790108085264194800,46.22419482421875,1.6141762733459473,-0.45289891958236694,0.7264702916145325
1790108085274138600,46.234138671875,1.5690641403198242,-0.33121365308761597,0.7958984971046448
1790108085284083700,46.24408374023437,1.4897112846374512,-0.35792276263237,0.777350127696991
1790108085294027800,46.25402783203125,1.3466362953186035,-0.4952089488506317,0.6998568177223206
1790108085303972600,46.26397265625,1.1700879335403442,-0.5362030267715454,0.5891894102096558
1790108085313916700,46.27391674804687,0.9794372320175171,-0.2633313536643982,0.5529658794403076
1790108085323861500,46.28386157226562,0.8477258086204529,0.11688654869794846,0.603296160697937
1790108085333805800,46.293805908203126,0.7647848129272461,0.14422667026519775,0.6042863726615906
1790108085343750700,46.303750732421875,0.6912504434585571,-0.08745183795690536,0.5111129879951477
1790108085353694700,46.31369482421875,0.5528183579444885,-0.049028243869543076,0.466255247592926
1790108085363639600,46.3236396484375,0.44643864035606384,0.06613456457853317,0.432181715965271
1790108085373584000,46.333583984375,0.452182799577713,-0.040585726499557495,0.41979068517684937
1790108085383528700,46.34352880859375,0.4141739010810852,-0.26245740056037903,0.34486931562423706
1790108085393472800,46.35347265625,0.36829909682273865,-0.08283089101314545,0.38853129744529724
1790108085403417600,46.36341748046875,0.1490005999803543,0.23964540660381317,0.34570127725601196
1790108085413361700,46.37336157226562,-0.09364647418260574,0.41884732246398926,0.2380942553281784
1790108085423306800,46.383306640625,-0.27253207564353943,0.2665480673313141,0.13608479499816895
1790108085433250600,46.39325048828125,-0.3665417730808258,0.2652257978916168,0.15564051270484924
1790108085443194600,46.40319458007812,-0.42294806241989136,0.3740191161632538,0.23348230123519897
1790108085453139700,46.4131396484375,-0.5277536511421204,0.26815444231033325,0.20318511128425598
1790108085463083800,46.423083740234375,-0.6210329532623291,0.09775076806545258,0.15083615481853485
1790108085473028600,46.433028564453124,-0.6231119632720947,0.09682893753051758,0.1452215015888214
1790108085482972700,46.44297265625,-0.651261568069458,0.21753139793872833,0.10262982547283173
1790108085492917800,46.45291772460938,-0.7023860216140747,0.2280789464712143,0.02425438165664673
1790108085502861800,46.46286181640625,-0.711701512336731,0.12737497687339783,-0.03672481328248978
1790108085512806700,46.472806640625,-0.7216652035713196,0.012077020481228828,-0.050167184323072433
1790108085522750700,46.48275073242188,-0.6991735100746155,-0.07662887871265411,0.010457814671099186
1790108085532695800,46.49269580078125,-0.6718085408210754,-0.25726792216300964,0.06475232541561127
1790108085542639600,46.5026396484375,-0.6535201072692871,-0.5803660750389099,0.10476312041282654
1790108085552584700,46.51258471679687,-0.5635195970535278,-0.8583827018737793,0.05996894836425781
1790108085562528500,46.522528564453125,-0.19498340785503387,-0.9042599201202393,-0.062222741544246674
1790108085572473900,46.53247387695313,0.2421760857105255,-0.7901682257652283,-0.19693608582019806
1790108085582417700,46.54241772460937,0.3630971908569336,-0.8469050526618958,-0.3508654832839966
1790108085592362800,46.55236279296875,0.23033969104290009,-1.1182706356048584,-0.40933793783187866
1790108085602306600,46.562306640625,0.08733993023633957,-1.1366150379180908,-0.2927250266075134
1790108085612251600,46.572251708984375,-0.07702533155679703,-0.7973400354385376,-0.14062175154685974
1790108085622195700,46.58219580078125,-0.29522398114204407,-0.41633251309394836,-0.13750159740447998
1790108085632140500,46.592140625,-0.545683741569519,-0.10547785460948944,-0.21447741985321045
1790108085642084600,46.602084716796874,-0.6551529765129089,0.1415013074874878,-0.1077222228050232
1790108085652029700,46.61202978515625,-0.6893193125724792,0.28553298115730286,0.1570834368467331
1790108085661973800,46.62197387695313,-0.6844294667243958,0.37555021047592163,0.4586632549762726
1790108085671918600,46.63191870117188,-0.7274749875068665,0.49600720405578613,0.6038271188735962
1790108085681862700,46.64186254882812,-0.82315593957901,0.8236926198005676,0.5261378884315491
1790108085691806700,46.651806640625,-0.9580206871032715,1.1026129722595215,0.3161664307117462
1790108085701751800,46.661751708984376,-1.023423671722412,0.9470142126083374,0.18431676924228668
1790108085711695600,46.67169555664063,-0.9301382899284363,0.4609900414943695,0.16588106751441956
1790108085721640700,46.681640625,-0.7220585346221924,-0.04253167659044266,0.08745525032281876
1790108085731584800,46.691584716796875,-0.5170994400978088,-0.21397028863430023,-0.019506243988871574
1790108085741529600,46.701529541015624,-0.4665941894054413,-0.04404250532388687,0.03195694833993912
1790108085751473700,46.7114736328125,-0.45501306653022766,-0.006429616827517748,-0.12311745434999466
1790108085761418500,46.72141845703125,-0.3485305607318878,0.491813987493515,-0.38390055298805237
1790108085771362800,46.73136279296875,-0.21164019405841827,0.510387122631073,-0.3012673556804657
1790108085781307600,46.7413076171875,-0.055724360048770905,-0.0247202068567276,-0.2864798903465271
1790108085791251700,46.75125170898438,0.15040753781795502,-0.7063954472541809,-0.2638393044471741
1790108085801196800,46.76119677734375,0.2904442548751831,-1.1029736995697021,-0.28341299295425415
1790108085811140900,46.77114086914062,0.32510650157928467,-1.2270855903625488,-0.5315984487533569
1790108085821085700,46.78108569335937,0.394163578748703,-1.4022566080093384,-0.9842879176139832
1790108085831029800,46.79102978515625,0.4392457604408264,-1.2397468090057373,-1.1498587131500244
1790108085840975000,46.80097509765625,0.382426381111145,-0.662335216999054,-0.7760481834411621
1790108085850919000,46.8109189453125,0.20537811517715454,-0.16806341707706451,-0.2938894033432007
1790108085860864300,46.8208642578125,-0.04238187521696091,-0.20673784613609314,-0.09542451053857803
1790108085870808000,46.83080810546875,-0.2401258498430252,-0.5383699536323547,-0.05996844172477722
1790108085880753200,46.840753173828126,-0.3078388571739197,-1.0327255725860596,-0.1888561099767685
1790108085890697000,46.85069702148437,-0.2674189507961273,-1.2781113386154175,-0.2493339627981186
1790108085900642000,46.86064208984375,-0.28919562697410583,-1.3304963111877441,-0.2104630023241043
1790108085910586000,46.870586181640626,2.459681510925293,-2.070780038833618,-0.44777587056159973
1790108085920531000,46.880531005859375,3.983874559402466,-1.929663896560669,0.0019342894665896893
1790108085930475000,46.89047509765625,3.200709342956543,-1.82723867893219,0.26686346530914307
1790108085940420000,46.90042016601563,2.2480576038360596,-1.8500337600708008,0.3232108950614929
1790108085950364200,46.9103642578125,2.292306900024414,-1.490108847618103,0.4199032485485077
1790108085960309000,46.92030908203125,1.6972824335098267,-0.7936480045318604,0.6029082536697388
1790108085970253000,46.93025317382813,1.046832799911499,0.2325858771800995,0.5361910462379456
1790108085980196900,46.94019677734375,0.8196486830711365,1.3231244087219238,0.09759453684091568
1790108085990142200,46.95014208984375,0.8877314925193787,1.6967986822128296,-0.07182048261165619
1790108086000086000,46.9600859375,1.2348586320877075,1.2644903659820557,0.040807802230119705
1790108086010031000,46.970031005859376,0.8909986615180969,0.21965928375720978,0.23297864198684692
1790108086019975200,46.97997509765625,0.40674889087677,-0.5143510699272156,0.2202652394771576
1790108086029920000,46.989919921875,0.09118295460939407,-0.781117856502533,-0.05416525900363922
1790108086039864000,46.999864013671875,-0.16497266292572021,-0.5431012511253357,-0.21534723043441772
1790108086049809000,47.009808837890624,-0.5321689248085022,-0.44570863246917725,-0.17891675233840942
1790108086059753200,47.01975317382813,-0.8225022554397583,-0.5579584836959839,-0.029204223304986954
1790108086069698000,47.02969799804688,-0.9099188446998596,-1.0087509155273438,-0.09424591809511185
1790108086079642000,47.03964208984375,-0.7850562334060669,-1.2639541625976562,-0.2871421277523041
1790108086089587000,47.0495869140625,-0.7540846467018127,-1.1318432092666626,-0.33294329047203064
1790108086099531300,47.05953125,-0.9271453619003296,-1.0730232000350952,-0.29734960198402405
1790108086109476000,47.06947607421875,-1.0320305824279785,-1.1822744607925415,-0.36837998032569885
1790108086119420200,47.07942016601562,-1.273693561553955,-1.180428147315979,-0.4417671263217926
1790108086129365000,47.08936499023437,-1.6778171062469482,-0.8494899272918701,-0.4030381441116333
1790108086139309000,47.09930908203125,-1.8255456686019897,-0.12058242410421371,-0.10146628320217133
1790108086149254100,47.109254150390626,-2.474532127380371,0.06074471026659012,-0.160564124584198
1790108086159198000,47.11919799804687,-2.806535243988037,-0.029959358274936676,-0.34652042388916016
1790108086169143000,47.12914306640625,-2.6833975315093994,-0.1552652269601822,-0.2764452397823334
1790108086179087000,47.139087158203125,-2.4620423316955566,-0.004002213943749666,0.07659296691417694
1790108086189032200,47.1490322265625,-2.350111961364746,0.833362877368927,0.8168760538101196
1790108086198976000,47.15897607421875,-2.3991661071777344,1.7089866399765015,0.8586738109588623
1790108086208920800,47.1689208984375,-2.3354969024658203,2.74853253364563,0.2874729633331299
1790108086218865200,47.178865234375,-1.7378039360046387,3.798637866973877,0.16761444509029388
1790108086228810000,47.18881005859375,-0.6984875202178955,4.80794620513916,0.39742031693458557
1790108086238754000,47.19875415039063,0.32278841733932495,4.406291961669922,0.46293196082115173
1790108086248699100,47.20869921875,0.7576268911361694,2.6089839935302734,0.734337329864502
1790108086258643200,47.218643310546874,0.7206627130508423,1.4567183256149292,1.1704593896865845
1790108086268587000,47.2285869140625,0.676142156124115,1.5900321006774902,1.467394232749939
1790108086278532000,47.238531982421875,0.4209151566028595,2.234607458114624,1.4143922328948975
1790108086288476000,47.24847583007813,-0.33400392532348633,3.180004835128784,1.7100313901901245
1790108086298421200,47.25842114257812,-0.7844265103340149,3.2022669315338135,2.037041425704956
1790108086308365000,47.268364990234375,-0.9688429832458496,2.241201639175415,1.6604809761047363
1790108086318310100,47.27831005859375,-0.6909687519073486,1.517236590385437,0.15134011209011078
1790108086328254000,47.28825390625,-0.18640415370464325,-0.023525431752204895,-0.8867254257202148
1790108086338199000,47.29819897460938,-0.0684218555688858,-0.4819217622280121,-0.41929513216018677
1790108086348143000,47.30814306640625,0.04959917441010475,-0.5294685959815979,-0.1882001757621765
1790108086358088000,47.318087890625,0.10153134912252426,-0.06083691492676735,-0.006993107032030821
1790108086368032000,47.32803198242188,0.06859470903873444,0.5488349199295044,0.09490195661783218
1790108086377977000,47.33797705078125,0.03280048817396164,0.9962233901023865,0.26745936274528503
1790108086387921200,47.34792114257812,-0.08228086680173874,1.1744093894958496,0.41921013593673706
1790108086397866000,47.35786596679687,-0.180352583527565,1.1210883855819702,0.43660908937454224
1790108086407810000,47.36781005859375,0.03525212034583092,0.8834559917449951,0.3831648826599121
1790108086417755100,47.377755126953126,0.23859725892543793,0.6216928362846375,0.28667643666267395
1790108086427699200,47.38769921875,0.2132665514945984,0.6352230310440063,0.2783834636211395
1790108086437644000,47.39764404296875,-0.6962966918945312,1.0473746061325073,0.48766717314720154
1790108086447587800,47.407587890625,-1.3659991025924683,1.224989891052246,0.42256149649620056
1790108086457533200,47.417533203125,-1.213916301727295,1.0983355045318604,0.18736737966537476
1790108086467477000,47.42747705078125,-1.0083179473876953,0.7794613838195801,-0.0546705462038517
1790108086477422000,47.43742211914063,-1.3247698545455933,0.7974814176559448,-0.11146511882543564
1790108086487366000,47.44736596679687,-1.9437007904052734,0.9820443391799927,-0.02512984350323677
1790108086497311200,47.457311279296874,-2.4446287155151367,0.8448745012283325,-0.05733092501759529
1790108086507255000,47.46725512695313,-2.7454416751861572,0.35206639766693115,-0.2113495022058487
1790108086517199000,47.47719921875,-2.830599546432495,-0.18421781063079834,-0.38491302728652954
1790108086527144000,47.48714404296875,-2.7019846439361572,-0.6552227735519409,-0.5800963044166565
1790108086537088300,47.497088134765626,-2.4055113792419434,-0.8461818099021912,-0.5656816959381104
1790108086547033000,47.507033203125,-2.1271467208862305,-0.6952632665634155,-0.27691760659217834
1790108086556977200,47.51697705078125,-1.982861042022705,-0.9040743112564087,-0.19246023893356323
1790108086566922200,47.52692211914062,-1.8500422239303589,-1.426112174987793,-0.16210207343101501
1790108086576866000,47.536865966796874,-1.8348134756088257,-1.6601380109786987,-0.06719553470611572
1790108086586811100,47.54681103515625,-1.8961260318756104,-1.7682819366455078,-0.23320001363754272
1790108086596755000,47.5567548828125,-2.026010036468506,-1.4850214719772339,-0.1669221818447113
1790108086606700300,47.5667001953125,-2.051246166229248,-1.3139591217041016,0.05363643541932106
1790108086616644000,47.57664404296875,-2.121155261993408,-1.2236920595169067,0.16396693885326385
1790108086626589200,47.586589111328124,-2.3497703075408936,-0.65123051404953,0.19746065139770508
1790108086636533000,47.596532958984376,-2.4074981212615967,-0.9622893333435059,0.2647046744823456
1790108086646478000,47.60647802734375,-2.473402976989746,-1.446706771850586,0.7061900496482849
1790108086656422100,47.61642211914062,-2.679314374923706,-1.053251028060913,0.9075761437416077
1790108086666367000,47.62636694335937,-2.4121475219726562,-1.029485821723938,1.246573567390442
1790108086676311000,47.63631103515625,-1.8169026374816895,-1.0367339849472046,1.9106780290603638
1790108086686256000,47.646256103515626,-1.4870953559875488,-0.6320939064025879,2.30635929107666
1790108086696200200,47.6562001953125,-1.162725806236267,-1.0631459951400757,2.7232398986816406
1790108086706145000,47.66614501953125,-0.8576995134353638,-1.4296019077301025,3.036452531814575
1790108086716089000,47.676089111328125,-0.5526328086853027,-1.4324134588241577,2.8803348541259766
1790108086726034200,47.6860341796875,-0.0754803717136383,-0.5016897916793823,3.0332446098327637
1790108086735978200,47.69597827148438,0.46211278438568115,0.5706371068954468,3.4683563709259033
1790108086745923000,47.70592309570313,0.6099458932876587,1.4974216222763062,3.7173705101013184
1790108086755867000,47.71586694335937,0.7885692119598389,2.3304333686828613,3.7181687355041504
1790108086765812200,47.725812255859374,1.2404764890670776,3.118858814239502,3.544044017791748
1790108086775756000,47.73575610351563,1.5373615026474,4.27910041809082,3.3889963626861572
1790108086785701000,47.745701171875,1.83760404586792,5.340214252471924,3.160240888595581
1790108086795645000,47.75564501953125,2.0046868324279785,5.594897747039795,3.1182565689086914
1790108086805589000,47.765589111328126,2.0399036407470703,5.3693437576293945,3.3450889587402344
1790108086815534000,47.7755341796875,2.0579593181610107,4.807612419128418,3.325282096862793
1790108086825478100,47.78547802734375,2.105808973312378,4.2830915451049805,3.1803605556488037
1790108086835423000,47.79542309570313,2.2011170387268066,3.694420099258423,3.201244592666626
1790108086845367300,47.8053671875,2.0717415809631348,3.6852405071258545,3.3891377449035645
1790108086855312100,47.81531201171875,1.8370119333267212,3.8502705097198486,3.451686382293701
1790108086865256200,47.82525610351563,1.4643784761428833,3.4189324378967285,3.0813584327697754
1790108086875201300,47.835201171875,0.9445523619651794,2.1202425956726074,1.8409823179244995
1790108086885145000,47.84514501953125,0.5032169222831726,1.4248446226119995,0.37369051575660706
1790108086895090200,47.85509008789062,0.05959556996822357,1.367041826248169,-0.44284504652023315
1790108086905034200,47.8650341796875,-0.24643069505691528,1.135058879852295,-0.6658273935317993
1790108086914979300,47.87497924804688,-0.5783700346946716,0.36828017234802246,-0.3842993378639221
1790108086924923100,47.88492309570312,-1.0119801759719849,-0.2731664180755615,0.11808694899082184
1790108086934868200,47.8948681640625,-1.4763076305389404,-0.5514840483665466,0.5402330756187439
1790108086944812300,47.904812255859376,-1.9076693058013916,-0.6165282726287842,0.624779462814331
1790108086954757000,47.914757080078125,-2.267770767211914,-0.5795683860778809,0.47476518154144287
1790108086964701200,47.924701171875,-2.6122279167175293,-0.6758955717086792,0.21782521903514862
1790108086974646000,47.93464599609375,-2.9675917625427246,-0.9443467259407043,0.03758540004491806
1790108086984590300,47.94459033203125,-3.2638888359069824,-1.2554574012756348,0.010223688557744026
1790108086994535200,47.95453515625,-3.4379146099090576,-1.5399107933044434,-0.021066324785351753
1790108087004479200,47.96447924804688,-3.5837011337280273,-1.8022793531417847,-0.13117484748363495
1790108087014424000,47.97442407226563,-3.7937541007995605,-1.9276574850082397,-0.3273310363292694
1790108087024368400,47.984368408203125,-4.049514293670654,-1.7981866598129272,-0.43719610571861267
1790108087034313200,47.994313232421874,-4.362545013427734,-1.5352354049682617,-0.5612267255783081
1790108087044257300,48.00425732421875,-4.677993297576904,-1.306854009628296,-0.6460543274879456
1790108087054202000,48.0142021484375,-4.754264831542969,-0.991570234298706,-0.31462496519088745
1790108087064146200,48.02414624023437,-4.88916015625,-0.921384334564209,0.2632178068161011
1790108087074091300,48.03409130859375,-5.101383686065674,-1.2931886911392212,0.9511243104934692
1790108087084035000,48.04403515625,-5.323835849761963,-1.7215561866760254,1.7719048261642456
1790108087093980400,48.05398046875,-5.579227924346924,-1.8025966882705688,2.4428799152374268
1790108087103924200,48.06392431640625,-5.673564910888672,-1.3667659759521484,2.745194911956787
1790108087113868300,48.073868408203126,-5.6784539222717285,-0.5894908308982849,2.720853805541992
1790108087123813000,48.083813232421875,-5.77223539352417,0.1224198043346405,2.4723732471466064
1790108087133757200,48.09375708007813,-5.706295490264893,0.4141019880771637,2.104045867919922
1790108087143702300,48.10370239257813,-5.520503044128418,0.45811378955841064,1.679639458656311
1790108087153646300,48.113646240234374,-5.383631229400635,0.47248342633247375,1.250580072402954
1790108087163591200,48.12359106445312,-5.142684459686279,0.8382496237754822,0.8432784080505371
1790108087173535200,48.13353515625,-4.769320011138916,1.2544448375701904,0.6057883501052856
1790108087183480300,48.14348022460938,-4.522807598114014,1.494435429573059,0.5406336784362793
1790108087193424100,48.15342407226562,-4.36002779006958,1.4454926252365112,0.540433406829834
1790108087203369200,48.163369140625,-4.195916175842285,1.486983299255371,0.6575369238853455
1790108087213313000,48.17331298828125,-4.190781116485596,1.7010889053344727,0.7968780398368835
1790108087223258400,48.18325830078125,-3.877413034439087,1.9957549571990967,0.9375629425048828
1790108087233202200,48.1932021484375,-3.3830857276916504,2.244201898574829,0.9632970690727234
1790108087243147000,48.20314697265625,-2.9399683475494385,2.372692823410034,0.8014156222343445
1790108087253091000,48.213091064453124,-2.596909761428833,2.2207014560699463,0.4988142251968384
1790108087263036200,48.2230361328125,-2.2599892616271973,1.9089435338974,0.22541072964668274
1790108087272980200,48.23298022460938,-2.0433332920074463,1.869347095489502,0.004202443175017834
1790108087282925000,48.24292504882813,-1.957554578781128,2.1071834564208984,-0.14587710797786713
1790108087292869000,48.252869140625,-1.8094966411590576,2.201486587524414,-0.25849154591560364
1790108087302814200,48.26281420898437,-1.67580246925354,2.0362935066223145,-0.3877736032009125
1790108087312758300,48.27275830078125,-1.6139618158340454,1.9061403274536133,-0.4806385636329651
1790108087322703000,48.282703125,-1.5267971754074097,1.83889901638031,-0.4583168625831604
1790108087332647200,48.29264721679687,-1.5109206438064575,1.7946058511734009,-0.3559580147266388
1790108087342592300,48.30259228515625,-1.5809884071350098,1.8959256410598755,-0.2475452870130539
1790108087352536300,48.312536376953126,-1.5670150518417358,2.0121419429779053,-0.17026089131832123
1790108087362481200,48.322481201171875,-1.489089012145996,2.0037317276000977,-0.2137012779712677
1790108087372425000,48.33242504882813,-1.3309462070465088,1.6452804803848267,-0.47672519087791443
1790108087382370300,48.34237036132812,-1.018888235092163,1.2108079195022583,-0.665064811706543
1790108087392314000,48.352314208984374,-0.7748958468437195,0.7424721717834473,-0.6814376711845398
1790108087402259200,48.36225927734375,-0.725654125213623,0.6396099925041199,-0.5219743251800537
1790108087412203300,48.37220336914063,-0.9170094132423401,0.7352086901664734,-0.3893111050128937
1790108087422147300,48.382147216796874,-1.1541591882705688,0.6363116502761841,-0.3765583038330078
1790108087432092200,48.39209204101562,-1.4206198453903198,0.40932539105415344,-0.4684765040874481
1790108087442036200,48.4020361328125,-1.6978411674499512,0.20031078159809113,-0.5994409918785095
1790108087451981300,48.411981201171876,-2.0657734870910645,0.14775410294532776,-0.7581478357315063
1790108087461925400,48.42192529296875,-2.2974565029144287,0.1517685055732727,-0.8097816109657288
1790108087471870200,48.4318701171875,-2.2446067333221436,0.12604105472564697,-0.6504295468330383
1790108087481814300,48.441814208984376,-1.9996302127838135,-0.08305468410253525,-0.3838341534137726
1790108087491759400,48.45175927734375,-1.6755540370941162,-0.14087031781673431,-0.06871909648180008
1790108087501703200,48.461703125,-1.3259791135787964,0.03223583102226257,0.2947428226470947
1790108087511648300,48.47164819335938,-0.9092398285865784,0.28079184889793396,0.6407785415649414
1790108087521592000,48.481592041015624,-0.4275190234184265,0.4313749670982361,0.8437724113464355
1790108087531537400,48.491537353515625,0.09654898941516876,0.5849860906600952,0.917646050453186
1790108087541481200,48.50148120117188,0.4999712109565735,0.9938548803329468,0.9795330166816711
1790108087551426000,48.51142602539063,0.6993439793586731,1.3586629629135132,0.9818880558013916
1790108087561370000,48.5213701171875,0.8013908863067627,0.7590475082397461,0.7615756392478943
1790108087571315200,48.53131518554687,0.8493813276290894,-0.616872251033783,0.29317066073417664
1790108087581259300,48.54125927734375,0.8082441091537476,-1.257569432258606,0.09887009859085083
1790108087591204000,48.5512041015625,0.6572229266166687,-1.0905088186264038,0.16128553450107574
1790108087601148200,48.56114819335937,0.4659162163734436,-0.3873721659183502,0.18906667828559875
1790108087611093200,48.57109326171875,0.3625783622264862,0.4227939248085022,0.13495497405529022
1790108087621037300,48.581037353515626,0.4068368673324585,0.7602417469024658,-0.11184310913085938
1790108087630982100,48.590982177734375,0.429740846157074,0.5552129149436951,-0.5684729814529419
1790108087640926200,48.60092626953125,0.4166316092014313,0.4450273811817169,-0.8779330253601074
1790108087650871300,48.61087133789062,0.34765201807022095,0.613998532295227,-0.9413213133811951
1790108087660815400,48.6208154296875,0.2542339861392975,0.7120257019996643,-0.9133214354515076
1790108087670760200,48.63076025390625,0.14174394309520721,0.714884340763092,-0.9595629572868347
1790108087680704000,48.6407041015625,0.018582820892333984,0.6762565970420837,-1.137892484664917
1790108087690649300,48.6506494140625,-0.11348439753055573,0.587838888168335,-1.4122906923294067
1790108087700593200,48.66059326171875,-0.19307315349578857,0.5148870348930359,-1.6446034908294678
1790108087710537200,48.670537109375,-0.17638711631298065,0.4416309595108032,-1.7456164360046387
1790108087720482000,48.68048193359375,-0.12740390002727509,0.3730317950248718,-1.686309576034546
1790108087730426400,48.69042626953125,-0.2322235256433487,0.37511199712753296,-1.5984143018722534
1790108087740371200,48.70037109375,-0.1926402896642685,0.41821637749671936,-1.350213646888733
1790108087750315300,48.710315185546875,-0.1334533989429474,0.5567771792411804,-0.9988822937011719
1790108087760260000,48.720260009765624,-0.13112734258174896,0.6630620956420898,-0.7604036331176758
1790108087770204400,48.73020434570312,-0.17256292700767517,0.5229891538619995,-0.6989741325378418
1790108087780149200,48.74014916992188,-0.23002266883850098,0.3554491102695465,-0.6243813037872314
1790108087790093000,48.75009301757812,-0.32555052638053894,0.2902706265449524,-0.5377596020698547
1790108087800038100,48.7600380859375,-0.22930482029914856,0.29091793298721313,-0.3268115818500519
1790108087809982200,48.76998217773438,-0.07105446606874466,0.3344329297542572,-0.03325185552239418
1790108087819927300,48.77992724609375,0.017517896369099617,0.3099539279937744,0.2171558290719986
1790108087829871000,48.78987109375,0.08186892420053482,0.30207309126853943,0.38863515853881836
1790108087839815700,48.79981567382813,0.19814811646938324,0.3801270127296448,0.48403459787368774
1790108087849759500,48.809759521484374,0.27857691049575806,0.4157140254974365,0.5135189890861511
1790108087859704800,48.819704833984375,0.336835652589798,0.34593454003334045,0.48750555515289307
1790108087869648600,48.82964868164063,0.35689646005630493,0.19278866052627563,0.4262256920337677
1790108087879593700,48.83959375,0.33429017663002014,0.0948914885520935,0.3711417317390442
1790108087889537500,48.84953759765625,0.2902308404445648,0.00267714262008667,0.31489524245262146
1790108087899482600,48.85948266601562,0.25376877188682556,-0.1221141368150711,0.29806026816368103
1790108087909426700,48.8694267578125,0.16554756462574005,-0.17428253591060638,0.3269965648651123
1790108087919371500,48.87937158203125,0.07057815045118332,-0.13635368645191193,0.37042614817619324
1790108087929315600,48.88931567382812,0.01974106766283512,0.002379419282078743,0.40240564942359924
1790108087939260700,48.8992607421875,0.02601204812526703,0.2094438225030899,0.3739995062351227
1790108087949204700,48.909204833984376,0.02073446288704872,0.338382363319397,0.30670487880706787
1790108087959149600,48.919149658203125,0.03304781764745712,0.4260540008544922,0.27406045794487
1790108087969093600,48.92909375,0.01494551356881857,0.22480183839797974,0.2174544334411621
1790108087979038700,48.93903881835938,-0.006229206454008818,-0.0793919563293457,0.12112491577863693
1790108087988982800,48.948982666015624,-0.0213096234947443,-0.17279113829135895,0.06782733649015427
1790108087998927600,48.958927734375,-0.07457999885082245,-0.29453182220458984,-0.018965132534503937
1790108088008871700,48.96887158203125,-0.058782659471035004,-0.4945698380470276,-0.17135201394557953
1790108088018816800,48.97881665039063,0.04468727484345436,-0.4542209506034851,-0.30152031779289246
1790108088028760600,48.98876049804687,0.0926089957356453,-0.2958954870700836,-0.3611176013946533
1790108088038704600,48.99870458984375,0.0610763356089592,-0.04953472688794136,-0.3172236979007721
1790108088048649500,49.0086494140625,-0.052386581897735596,0.16345398128032684,-0.23475728929042816
1790108088058593800,49.01859375,-0.2232060730457306,0.17790186405181885,-0.11492092162370682
1790108088068538600,49.02853857421875,-0.33672836422920227,0.2351025640964508,0.03984362259507179
